race_id,split,year,event,session,driver,driver_number,expected_in_identity_crosswalk,fastf1_participant,laptime_context_status,laptime_rows,laptime_max_lap,supplied_archive_status,supplied_archive_rows,car_rows,position_rows,car_date_start,car_date_end,position_date_start,position_date_end,car_session_time_start_sec,car_session_time_end_sec,position_session_time_start_sec,position_session_time_end_sec,car_driver_hours,position_driver_hours,car_lap_min_assigned,car_lap_max_assigned,position_lap_min_assigned,position_lap_max_assigned,car_median_interval_sec,car_p95_interval_sec,car_max_interval_sec,car_gap_count_over_5s,car_gap_seconds_over_5s,car_duplicate_timestamp_count,car_nonmonotonic_count,position_median_interval_sec,position_p95_interval_sec,position_max_interval_sec,position_gap_count_over_5s,position_gap_seconds_over_5s,position_duplicate_timestamp_count,position_nonmonotonic_count,coverage_status,timestamp_semantics
2018:Chinese Grand Prix:Race,train,2018,Chinese Grand Prix,Race,ALO,14,TRUE,TRUE,LAP_CONTEXT_PRESENT,56,56,CACHED_SELECTED_LAP_STREAM,756,23826,19415,2018-04-15T06:13:36.103000,2018-04-15T07:49:43.082000,2018-04-15T06:13:36.256000,2018-04-15T07:49:43.149000,455.985,6222.964,456.138,6223.031,1.6019386111111111,1.6019147222222223,1,56,1,56,0.2400000000000091,0.27999999999974534,0.3990000000000009,0,0.0,0,0,0.3000000000001819,0.3000000000001819,0.3010000000003856,0,0.0,0,0,TELEMETRY_COVERAGE_PASS,FastF1 raw Date plus session-relative SessionTime; timezone/latency is not inferred; lap assignment is interval lookup from FastF1 LapStartTime/Time
2018:Chinese Grand Prix:Race,train,2018,Chinese Grand Prix,Race,BOT,77,TRUE,TRUE,LAP_CONTEXT_PRESENT,56,56,CACHED_SELECTED_LAP_STREAM,745,23736,19342,2018-04-15T06:13:36.103000,2018-04-15T07:49:21.362000,2018-04-15T06:13:36.256000,2018-04-15T07:49:21.449000,455.985,6201.244,456.138,6201.331,1.5959052777777778,1.5958869444444446,1,56,1,56,0.2400000000000091,0.27999999999974534,0.3990000000000009,0,0.0,0,0,0.3000000000001819,0.3000000000001819,0.3010000000003856,0,0.0,0,0,TELEMETRY_COVERAGE_PASS,FastF1 raw Date plus session-relative SessionTime; timezone/latency is not inferred; lap assignment is interval lookup from FastF1 LapStartTime/Time
2018:Chinese Grand Prix:Race,train,2018,Chinese Grand Prix,Race,ERI,9,TRUE,TRUE,LAP_CONTEXT_PRESENT,56,56,CACHED_SELECTED_LAP_STREAM,765,23959,19522,2018-04-15T06:13:36.103000,2018-04-15T07:50:15.163000,2018-04-15T06:13:36.256000,2018-04-15T07:50:14.950000,455.985,6255.045,456.138,6254.832,1.6108500000000001,1.6107483333333334,1,56,1,56,0.2400000000000091,0.27999999999974534,0.3990000000000009,0,0.0,0,0,0.3000000000001819,0.3000000000001819,0.3010000000003856,0,0.0,0,0,TELEMETRY_COVERAGE_PASS,FastF1 raw Date plus session-relative SessionTime; timezone/latency is not inferred; lap assignment is interval lookup from FastF1 LapStartTime/Time
2018:Chinese Grand Prix:Race,train,2018,Chinese Grand Prix,Race,GAS,10,TRUE,TRUE,LAP_CONTEXT_PRESENT,56,56,CACHED_SELECTED_LAP_STREAM,765,23933,19501,2018-04-15T06:13:36.103000,2018-04-15T07:50:08.843000,2018-04-15T06:13:36.256000,2018-04-15T07:50:08.750000,455.985,6248.725,456.138,6248.632,1.6090944444444446,1.609026111111111,1,56,1,56,0.2400000000000091,0.27999999999974534,0.3990000000000009,0,0.0,0,0,0.3000000000001819,0.3000000000001819,0.3010000000003856,0,0.0,0,0,TELEMETRY_COVERAGE_PASS,FastF1 raw Date plus session-relative SessionTime; timezone/latency is not inferred; lap assignment is interval lookup from FastF1 LapStartTime/Time
2018:Chinese Grand Prix:Race,train,2018,Chinese Grand Prix,Race,GRO,8,TRUE,TRUE,LAP_CONTEXT_PRESENT,56,56,CACHED_SELECTED_LAP_STREAM,757,23969,19531,2018-04-15T06:13:36.103000,2018-04-15T07:50:17.722000,2018-04-15T06:13:36.256000,2018-04-15T07:50:17.650000,455.985,6257.604,456.138,6257.532,1.6115608333333336,1.6114983333333335,1,56,1,56,0.2400000000000091,0.27999999999974534,0.3990000000000009,0,0.0,0,0,0.3000000000001819,0.3000000000001819,0.3010000000003856,0,0.0,0,0,TELEMETRY_COVERAGE_PASS,FastF1 raw Date plus session-relative SessionTime; timezone/latency is not inferred; lap assignment is interval lookup from FastF1 LapStartTime/Time
2018:Chinese Grand Prix:Race,train,2018,Chinese Grand Prix,Race,HAM,44,TRUE,TRUE,LAP_CONTEXT_PRESENT,56,56,CACHED_SELECTED_LAP_STREAM,747,23770,19369,2018-04-15T06:13:36.103000,2018-04-15T07:49:29.562000,2018-04-15T06:13:36.256000,2018-04-15T07:49:29.549000,455.985,6209.444,456.138,6209.431,1.5981830555555558,1.5981369444444444,1,56,1,56,0.2400000000000091,0.27999999999974534,0.3990000000000009,0,0.0,0,0,0.3000000000001819,0.3000000000001819,0.3010000000003856,0,0.0,0,0,TELEMETRY_COVERAGE_PASS,FastF1 raw Date plus session-relative SessionTime; timezone/latency is not inferred; lap assignment is interval lookup from FastF1 LapStartTime/Time
2018:Chinese Grand Prix:Race,train,2018,Chinese Grand Prix,Race,HAR,28,TRUE,TRUE,LAP_CONTEXT_PRESENT,51,51,CACHED_SELECTED_LAP_STREAM,766,22005,17928,2018-04-15T06:13:36.103000,2018-04-15T07:42:21.278000,2018-04-15T06:13:36.256000,2018-04-15T07:42:21.442000,455.985,5781.16,456.138,5781.324,1.4792152777777778,1.4792183333333333,1,51,1,51,0.2400000000000091,0.27999999999974534,0.3990000000000009,0,0.0,0,0,0.3000000000000682,0.3000000000001819,0.3010000000003856,0,0.0,0,0,TELEMETRY_COVERAGE_PASS,FastF1 raw Date plus session-relative SessionTime; timezone/latency is not inferred; lap assignment is interval lookup from FastF1 LapStartTime/Time
2018:Chinese Grand Prix:Race,train,2018,Chinese Grand Prix,Race,HUL,27,TRUE,TRUE,LAP_CONTEXT_PRESENT,56,56,CACHED_SELECTED_LAP_STREAM,756,23787,19383,2018-04-15T06:13:36.103000,2018-04-15T07:49:33.682000,2018-04-15T06:13:36.256000,2018-04-15T07:49:33.649000,455.985,6213.564,456.138,6213.531,1.5993275000000002,1.5992758333333335,1,56,1,56,0.2400000000000091,0.27999999999974534,0.3990000000000009,0,0.0,0,0,0.3000000000001819,0.3000000000001819,0.3010000000003856,0,0.0,0,0,TELEMETRY_COVERAGE_PASS,FastF1 raw Date plus session-relative SessionTime; timezone/latency is not inferred; lap assignment is interval lookup from FastF1 LapStartTime/Time
2018:Chinese Grand Prix:Race,train,2018,Chinese Grand Prix,Race,LEC,16,TRUE,TRUE,LAP_CONTEXT_PRESENT,56,56,CACHED_SELECTED_LAP_STREAM,765,24040,19590,2018-04-15T06:13:36.103000,2018-04-15T07:50:35.083000,2018-04-15T06:13:36.256000,2018-04-15T07:50:35.150000,455.985,6274.965,456.138,6275.032,1.6163833333333335,1.6163594444444445,1,56,1,56,0.2400000000000091,0.27999999999974534,0.3990000000000009,0,0.0,0,0,0.3000000000001819,0.3000000000001819,0.3010000000003856,0,0.0,0,0,TELEMETRY_COVERAGE_PASS,FastF1 raw Date plus session-relative SessionTime; timezone/latency is not inferred; lap assignment is interval lookup from FastF1 LapStartTime/Time
2018:Chinese Grand Prix:Race,train,2018,Chinese Grand Prix,Race,MAG,20,TRUE,TRUE,LAP_CONTEXT_PRESENT,56,56,CACHED_SELECTED_LAP_STREAM,755,23864,19445,2018-04-15T06:13:36.103000,2018-04-15T07:49:52.162000,2018-04-15T06:13:36.256000,2018-04-15T07:49:52.050000,455.985,6232.044,456.138,6231.932,1.6044608333333334,1.6043872222222222,1,56,1,56,0.2400000000000091,0.27999999999974534,0.3990000000000009,0,0.0,0,0,0.3000000000001819,0.3000000000001819,0.3010000000003856,0,0.0,0,0,TELEMETRY_COVERAGE_PASS,FastF1 raw Date plus session-relative SessionTime; timezone/latency is not inferred; lap assignment is interval lookup from FastF1 LapStartTime/Time
2018:Chinese Grand Prix:Race,train,2018,Chinese Grand Prix,Race,OCO,31,TRUE,TRUE,LAP_CONTEXT_PRESENT,56,56,CACHED_SELECTED_LAP_STREAM,756,23882,19460,2018-04-15T06:13:36.103000,2018-04-15T07:49:56.482000,2018-04-15T06:13:36.256000,2018-04-15T07:49:56.550000,455.985,6236.364,456.138,6236.432,1.6056608333333333,1.6056372222222222,1,56,1,56,0.2400000000000091,0.27999999999974534,0.3990000000000009,0,0.0,0,0,0.3000000000001819,0.3000000000001819,0.3010000000003856,0,0.0,0,0,TELEMETRY_COVERAGE_PASS,FastF1 raw Date plus session-relative SessionTime; timezone/latency is not inferred; lap assignment is interval lookup from FastF1 LapStartTime/Time
2018:Chinese Grand Prix:Race,train,2018,Chinese Grand Prix,Race,PER,11,TRUE,TRUE,LAP_CONTEXT_PRESENT,56,56,CACHED_SELECTED_LAP_STREAM,760,23885,19462,2018-04-15T06:13:36.103000,2018-04-15T07:49:57.202000,2018-04-15T06:13:36.256000,2018-04-15T07:49:57.150000,455.985,6237.084,456.138,6237.032,1.6058608333333333,1.605803888888889,1,56,1,56,0.2400000000000091,0.27999999999974534,0.3990000000000009,0,0.0,0,0,0.3000000000001819,0.3000000000001819,0.3010000000003856,0,0.0,0,0,TELEMETRY_COVERAGE_PASS,FastF1 raw Date plus session-relative SessionTime; timezone/latency is not inferred; lap assignment is interval lookup from FastF1 LapStartTime/Time
2018:Chinese Grand Prix:Race,train,2018,Chinese Grand Prix,Race,RAI,7,TRUE,TRUE,LAP_CONTEXT_PRESENT,56,56,CACHED_SELECTED_LAP_STREAM,747,23739,19344,2018-04-15T06:13:36.103000,2018-04-15T07:49:22.082000,2018-04-15T06:13:36.256000,2018-04-15T07:49:22.049000,455.985,6201.964,456.138,6201.931,1.5961052777777778,1.596053611111111,1,56,1,56,0.2400000000000091,0.27999999999974534,0.3990000000000009,0,0.0,0,0,0.3000000000001819,0.3000000000001819,0.3010000000003856,0,0.0,0,0,TELEMETRY_COVERAGE_PASS,FastF1 raw Date plus session-relative SessionTime; timezone/latency is not inferred; lap assignment is interval lookup from FastF1 LapStartTime/Time
2018:Chinese Grand Prix:Race,train,2018,Chinese Grand Prix,Race,RIC,3,TRUE,TRUE,LAP_CONTEXT_PRESENT,56,56,CACHED_SELECTED_LAP_STREAM,747,23699,19312,2018-04-15T06:13:36.103000,2018-04-15T07:49:12.442000,2018-04-15T06:13:36.256000,2018-04-15T07:49:12.549000,455.985,6192.324,456.138,6192.431,1.5934275,1.5934147222222221,1,56,1,56,0.2400000000000091,0.27999999999974534,0.3990000000000009,0,0.0,0,0,0.3000000000001819,0.3000000000001819,0.3010000000003856,0,0.0,0,0,TELEMETRY_COVERAGE_PASS,FastF1 raw Date plus session-relative SessionTime; timezone/latency is not inferred; lap assignment is interval lookup from FastF1 LapStartTime/Time
2018:Chinese Grand Prix:Race,train,2018,Chinese Grand Prix,Race,SAI,55,TRUE,TRUE,LAP_CONTEXT_PRESENT,56,56,CACHED_SELECTED_LAP_STREAM,757,23848,19432,2018-04-15T06:13:36.103000,2018-04-15T07:49:48.323000,2018-04-15T06:13:36.256000,2018-04-15T07:49:48.249000,455.985,6228.205,456.138,6228.131,1.6033944444444446,1.603331388888889,1,56,1,56,0.2400000000000091,0.27999999999974534,0.3990000000000009,0,0.0,0,0,0.3000000000001819,0.3000000000001819,0.3010000000003856,0,0.0,0,0,TELEMETRY_COVERAGE_PASS,FastF1 raw Date plus session-relative SessionTime; timezone/latency is not inferred; lap assignment is interval lookup from FastF1 LapStartTime/Time
2018:Chinese Grand Prix:Race,train,2018,Chinese Grand Prix,Race,SIR,35,TRUE,TRUE,LAP_CONTEXT_PRESENT,56,56,CACHED_SELECTED_LAP_STREAM,761,23940,19508,2018-04-15T06:13:36.103000,2018-04-15T07:50:10.642000,2018-04-15T06:13:36.256000,2018-04-15T07:50:10.750000,455.985,6250.524,456.138,6250.632,1.6095941666666669,1.6095816666666667,1,56,1,56,0.2400000000000091,0.27999999999974534,0.3990000000000009,0,0.0,0,0,0.3000000000001819,0.3000000000001819,0.3010000000003856,0,0.0,0,0,TELEMETRY_COVERAGE_PASS,FastF1 raw Date plus session-relative SessionTime; timezone/latency is not inferred; lap assignment is interval lookup from FastF1 LapStartTime/Time
2018:Chinese Grand Prix:Race,train,2018,Chinese Grand Prix,Race,STR,18,TRUE,TRUE,LAP_CONTEXT_PRESENT,56,56,CACHED_SELECTED_LAP_STREAM,759,23929,19498,2018-04-15T06:13:36.103000,2018-04-15T07:50:07.883000,2018-04-15T06:13:36.256000,2018-04-15T07:50:07.850000,455.985,6247.765,456.138,6247.732,1.608827777777778,1.6087761111111112,1,56,1,56,0.2400000000000091,0.27999999999974534,0.3990000000000009,0,0.0,0,0,0.3000000000001819,0.3000000000001819,0.3010000000003856,0,0.0,0,0,TELEMETRY_COVERAGE_PASS,FastF1 raw Date plus session-relative SessionTime; timezone/latency is not inferred; lap assignment is interval lookup from FastF1 LapStartTime/Time
2018:Chinese Grand Prix:Race,train,2018,Chinese Grand Prix,Race,VAN,2,TRUE,TRUE,LAP_CONTEXT_PRESENT,56,56,CACHED_SELECTED_LAP_STREAM,764,23904,19478,2018-04-15T06:13:36.103000,2018-04-15T07:50:01.923000,2018-04-15T06:13:36.256000,2018-04-15T07:50:01.949000,455.985,6241.805,456.138,6241.831,1.6071722222222224,1.6071369444444445,1,56,1,56,0.2400000000000091,0.27999999999974534,0.3990000000000009,0,0.0,0,0,0.3000000000001819,0.3000000000001819,0.3010000000003856,0,0.0,0,0,TELEMETRY_COVERAGE_PASS,FastF1 raw Date plus session-relative SessionTime; timezone/latency is not inferred; lap assignment is interval lookup from FastF1 LapStartTime/Time
2018:Chinese Grand Prix:Race,train,2018,Chinese Grand Prix,Race,VER,33,TRUE,TRUE,LAP_CONTEXT_PRESENT,56,56,CACHED_SELECTED_LAP_STREAM,746,23743,19347,2018-04-15T06:13:36.103000,2018-04-15T07:49:23.042000,2018-04-15T06:13:36.256000,2018-04-15T07:49:22.949000,455.985,6202.924,456.138,6202.831,1.5963719444444446,1.596303611111111,1,56,1,56,0.2400000000000091,0.27999999999974534,0.3990000000000009,0,0.0,0,0,0.3000000000001819,0.3000000000001819,0.3010000000003856,0,0.0,0,0,TELEMETRY_COVERAGE_PASS,FastF1 raw Date plus session-relative SessionTime; timezone/latency is not inferred; lap assignment is interval lookup from FastF1 LapStartTime/Time
2018:Chinese Grand Prix:Race,train,2018,Chinese Grand Prix,Race,VET,5,TRUE,TRUE,LAP_CONTEXT_PRESENT,56,56,CACHED_SELECTED_LAP_STREAM,744,23846,19430,2018-04-15T06:13:36.103000,2018-04-15T07:49:47.843000,2018-04-15T06:13:36.256000,2018-04-15T07:49:47.649000,455.985,6227.725,456.138,6227.531,1.6032611111111112,1.6031647222222223,1,56,1,56,0.2400000000000091,0.27999999999974534,0.3990000000000009,0,0.0,0,0,0.3000000000001819,0.3000000000001819,0.3010000000003856,0,0.0,0,0,TELEMETRY_COVERAGE_PASS,FastF1 raw Date plus session-relative SessionTime; timezone/latency is not inferred; lap assignment is interval lookup from FastF1 LapStartTime/Time
2019:Australian Grand Prix:Race,train,2019,Australian Grand Prix,Race,ALB,23,TRUE,TRUE,LAP_CONTEXT_PRESENT,57,57,CACHED_SELECTED_LAP_STREAM,695,21874,17427,2019-03-17T05:13:33.202000,2019-03-17T06:39:49.617000,2019-03-17T05:13:33.231000,2019-03-17T06:39:49.616000,2012.899,7189.314,2012.928,7189.313,1.4378930555555558,1.4378847222222222,1,57,1,57,0.23999999999978172,0.27899999999999636,0.40000000000009095,0,0.0,0,0,0.3000000000001819,0.3000000000001819,0.3999999999996362,0,0.0,0,0,TELEMETRY_COVERAGE_PASS,FastF1 raw Date plus session-relative SessionTime; timezone/latency is not inferred; lap assignment is interval lookup from FastF1 LapStartTime/Time
2019:Australian Grand Prix:Race,train,2019,Australian Grand Prix,Race,BOT,77,TRUE,TRUE,LAP_CONTEXT_PRESENT,58,58,CACHED_SELECTED_LAP_STREAM,681,21667,17261,2019-03-17T05:13:33.202000,2019-03-17T06:39:00.376000,2019-03-17T05:13:33.231000,2019-03-17T06:39:00.315000,2012.899,7140.073,2012.928,7140.012,1.4242150000000002,1.4241899999999998,1,58,1,58,0.23999999999978172,0.27899999999999636,0.40000000000009095,0,0.0,0,0,0.3000000000001819,0.3000000000001819,0.3999999999996362,0,0.0,0,0,TELEMETRY_COVERAGE_PASS,FastF1 raw Date plus session-relative SessionTime; timezone/latency is not inferred; lap assignment is interval lookup from FastF1 LapStartTime/Time
2019:Australian Grand Prix:Race,train,2019,Australian Grand Prix,Race,GAS,10,TRUE,TRUE,LAP_CONTEXT_PRESENT,57,57,CACHED_SELECTED_LAP_STREAM,697,21702,17289,2019-03-17T05:13:33.202000,2019-03-17T06:39:08.615000,2019-03-17T05:13:33.231000,2019-03-17T06:39:08.616000,2012.899,7148.312,2012.928,7148.313,1.4265036111111113,1.4264958333333333,1,57,1,57,0.23999999999978172,0.27899999999999636,0.40000000000009095,0,0.0,0,0,0.3000000000001819,0.3000000000001819,0.3999999999996362,0,0.0,0,0,TELEMETRY_COVERAGE_PASS,FastF1 raw Date plus session-relative SessionTime; timezone/latency is not inferred; lap assignment is interval lookup from FastF1 LapStartTime/Time
2019:Australian Grand Prix:Race,train,2019,Australian Grand Prix,Race,GIO,99,TRUE,TRUE,LAP_CONTEXT_PRESENT,57,57,CACHED_SELECTED_LAP_STREAM,695,21965,17499,2019-03-17T05:13:33.202000,2019-03-17T06:40:11.097000,2019-03-17T05:13:33.231000,2019-03-17T06:40:11.016000,2012.899,7210.794,2012.928,7210.713,1.4438597222222223,1.4438291666666667,1,57,1,57,0.23999999999978172,0.27899999999999636,0.40000000000009095,0,0.0,0,0,0.3000000000001819,0.3000000000001819,0.3999999999996362,0,0.0,0,0,TELEMETRY_COVERAGE_PASS,FastF1 raw Date plus session-relative SessionTime; timezone/latency is not inferred; lap assignment is interval lookup from FastF1 LapStartTime/Time
2019:Australian Grand Prix:Race,train,2019,Australian Grand Prix,Race,GRO,8,TRUE,TRUE,LAP_CONTEXT_PRESENT,30,30,CACHED_SELECTED_LAP_STREAM,689,11867,9460,2019-03-17T05:13:33.202000,2019-03-17T06:00:23.031000,2019-03-17T05:13:33.231000,2019-03-17T06:00:23.077000,2012.899,4822.728,2012.928,4822.774,0.7805080555555556,0.7805127777777779,1,30,1,30,0.23999999999978172,0.27999999999974534,0.40000000000009095,0,0.0,0,0,0.3000000000001819,0.3000000000001819,0.3999999999996362,0,0.0,0,0,TELEMETRY_COVERAGE_PASS,FastF1 raw Date plus session-relative SessionTime; timezone/latency is not inferred; lap assignment is interval lookup from FastF1 LapStartTime/Time
2019:Australian Grand Prix:Race,train,2019,Australian Grand Prix,Race,HAM,44,TRUE,TRUE,LAP_CONTEXT_PRESENT,58,58,CACHED_SELECTED_LAP_STREAM,683,21755,17332,2019-03-17T05:13:33.202000,2019-03-17T06:39:21.376000,2019-03-17T05:13:33.231000,2019-03-17T06:39:21.416000,2012.899,7161.073,2012.928,7161.113,1.4300483333333336,1.430051388888889,1,58,1,58,0.23999999999978172,0.27899999999999636,0.40000000000009095,0,0.0,0,0,0.3000000000001819,0.3000000000001819,0.3999999999996362,0,0.0,0,0,TELEMETRY_COVERAGE_PASS,FastF1 raw Date plus session-relative SessionTime; timezone/latency is not inferred; lap assignment is interval lookup from FastF1 LapStartTime/Time
2019:Australian Grand Prix:Race,train,2019,Australian Grand Prix,Race,HUL,27,TRUE,TRUE,LAP_CONTEXT_PRESENT,57,57,CACHED_SELECTED_LAP_STREAM,690,21690,17279,2019-03-17T05:13:33.202000,2019-03-17T06:39:05.776000,2019-03-17T05:13:33.231000,2019-03-17T06:39:05.715000,2012.899,7145.473,2012.928,7145.412,1.425715,1.4256900000000001,1,57,1,57,0.23999999999978172,0.27899999999999636,0.40000000000009095,0,0.0,0,0,0.3000000000001819,0.3000000000001819,0.3999999999996362,0,0.0,0,0,TELEMETRY_COVERAGE_PASS,FastF1 raw Date plus session-relative SessionTime; timezone/latency is not inferred; lap assignment is interval lookup from FastF1 LapStartTime/Time
2019:Australian Grand Prix:Race,train,2019,Australian Grand Prix,Race,KUB,88,TRUE,TRUE,LAP_CONTEXT_PRESENT,55,55,CACHED_SELECTED_LAP_STREAM,735,21886,17436,2019-03-17T05:13:33.202000,2019-03-17T06:39:52.456000,2019-03-17T05:13:33.231000,2019-03-17T06:39:52.316000,2012.899,7192.153,2012.928,7192.013,1.4386816666666669,1.4386347222222222,1,55,1,55,0.23999999999978172,0.27899999999999636,0.40000000000009095,0,0.0,0,0,0.3000000000001819,0.3000000000001819,0.3999999999996362,0,0.0,0,0,TELEMETRY_COVERAGE_PASS,FastF1 raw Date plus session-relative SessionTime; timezone/latency is not inferred; lap assignment is interval lookup from FastF1 LapStartTime/Time
2019:Australian Grand Prix:Race,train,2019,Australian Grand Prix,Race,KVY,26,TRUE,TRUE,LAP_CONTEXT_PRESENT,57,57,CACHED_SELECTED_LAP_STREAM,695,21701,17288,2019-03-17T05:13:33.202000,2019-03-17T06:39:08.376000,2019-03-17T05:13:33.231000,2019-03-17T06:39:08.316000,2012.899,7148.073,2012.928,7148.013,1.4264372222222226,1.4264125,1,57,1,57,0.23999999999978172,0.27899999999999636,0.40000000000009095,0,0.0,0,0,0.3000000000001819,0.3000000000001819,0.3999999999996362,0,0.0,0,0,TELEMETRY_COVERAGE_PASS,FastF1 raw Date plus session-relative SessionTime; timezone/latency is not inferred; lap assignment is interval lookup from FastF1 LapStartTime/Time
2019:Australian Grand Prix:Race,train,2019,Australian Grand Prix,Race,LEC,16,TRUE,TRUE,LAP_CONTEXT_PRESENT,58,58,CACHED_SELECTED_LAP_STREAM,686,21912,17457,2019-03-17T05:13:33.202000,2019-03-17T06:39:58.616000,2019-03-17T05:13:33.231000,2019-03-17T06:39:58.616000,2012.899,7198.313,2012.928,7198.313,1.4403927777777779,1.4403847222222224,1,58,1,58,0.23999999999978172,0.27899999999999636,0.40000000000009095,0,0.0,0,0,0.3000000000001819,0.3000000000001819,0.3999999999996362,0,0.0,0,0,TELEMETRY_COVERAGE_PASS,FastF1 raw Date plus session-relative SessionTime; timezone/latency is not inferred; lap assignment is interval lookup from FastF1 LapStartTime/Time
2019:Australian Grand Prix:Race,train,2019,Australian Grand Prix,Race,MAG,20,TRUE,TRUE,LAP_CONTEXT_PRESENT,58,58,CACHED_SELECTED_LAP_STREAM,694,22035,17555,2019-03-17T05:13:33.202000,2019-03-17T06:40:27.656000,2019-03-17T05:13:33.231000,2019-03-17T06:40:27.617000,2012.899,7227.353,2012.928,7227.314,1.4484594444444443,1.4484405555555557,1,58,1,58,0.23999999999978172,0.27899999999999636,0.40000000000009095,0,0.0,0,0,0.3000000000001819,0.3000000000001819,0.3999999999996362,0,0.0,0,0,TELEMETRY_COVERAGE_PASS,FastF1 raw Date plus session-relative SessionTime; timezone/latency is not inferred; lap assignment is interval lookup from FastF1 LapStartTime/Time
2019:Australian Grand Prix:Race,train,2019,Australian Grand Prix,Race,NOR,4,TRUE,TRUE,LAP_CONTEXT_PRESENT,57,57,CACHED_SELECTED_LAP_STREAM,692,21869,17423,2019-03-17T05:13:33.202000,2019-03-17T06:39:48.456000,2019-03-17T05:13:33.231000,2019-03-17T06:39:48.417000,2012.899,7188.153,2012.928,7188.114,1.4375705555555558,1.4375516666666666,1,57,1,57,0.23999999999978172,0.27899999999999636,0.40000000000009095,0,0.0,0,0,0.3000000000001819,0.3000000000001819,0.3999999999996362,0,0.0,0,0,TELEMETRY_COVERAGE_PASS,FastF1 raw Date plus session-relative SessionTime; timezone/latency is not inferred; lap assignment is interval lookup from FastF1 LapStartTime/Time
2019:Australian Grand Prix:Race,train,2019,Australian Grand Prix,Race,PER,11,TRUE,TRUE,LAP_CONTEXT_PRESENT,57,57,CACHED_SELECTED_LAP_STREAM,693,21871,17425,2019-03-17T05:13:33.202000,2019-03-17T06:39:48.936000,2019-03-17T05:13:33.231000,2019-03-17T06:39:49.016000,2012.899,7188.633,2012.928,7188.713,1.437703888888889,1.4377180555555555,1,57,1,57,0.23999999999978172,0.27899999999999636,0.40000000000009095,0,0.0,0,0,0.3000000000001819,0.3000000000001819,0.3999999999996362,0,0.0,0,0,TELEMETRY_COVERAGE_PASS,FastF1 raw Date plus session-relative SessionTime; timezone/latency is not inferred; lap assignment is interval lookup from FastF1 LapStartTime/Time
2019:Australian Grand Prix:Race,train,2019,Australian Grand Prix,Race,RAI,7,TRUE,TRUE,LAP_CONTEXT_PRESENT,57,57,CACHED_SELECTED_LAP_STREAM,695,21694,17283,2019-03-17T05:13:33.202000,2019-03-17T06:39:06.736000,2019-03-17T05:13:33.231000,2019-03-17T06:39:06.915000,2012.899,7146.433,2012.928,7146.612,1.4259816666666665,1.4260233333333334,1,57,1,57,0.23999999999978172,0.27899999999999636,0.40000000000009095,0,0.0,0,0,0.3000000000001819,0.3000000000001819,0.3999999999996362,0,0.0,0,0,TELEMETRY_COVERAGE_PASS,FastF1 raw Date plus session-relative SessionTime; timezone/latency is not inferred; lap assignment is interval lookup from FastF1 LapStartTime/Time
2019:Australian Grand Prix:Race,train,2019,Australian Grand Prix,Race,RIC,3,TRUE,TRUE,LAP_CONTEXT_PRESENT,29,29,CACHED_SELECTED_LAP_STREAM,693,11372,9065,2019-03-17T05:13:33.202000,2019-03-17T05:58:25.750000,2019-03-17T05:13:33.231000,2019-03-17T05:58:25.675000,2012.899,4705.447,2012.928,4705.372,0.7479300000000001,0.7479011111111112,1,29,1,29,0.23999999999978172,0.27999999999974534,0.40000000000009095,0,0.0,0,0,0.3000000000001819,0.3000000000001819,0.3999999999996362,0,0.0,0,0,TELEMETRY_COVERAGE_PASS,FastF1 raw Date plus session-relative SessionTime; timezone/latency is not inferred; lap assignment is interval lookup from FastF1 LapStartTime/Time
2019:Australian Grand Prix:Race,train,2019,Australian Grand Prix,Race,RUS,63,TRUE,TRUE,LAP_CONTEXT_PRESENT,56,56,CACHED_SELECTED_LAP_STREAM,704,21876,17429,2019-03-17T05:13:33.202000,2019-03-17T06:39:50.137000,2019-03-17T05:13:33.231000,2019-03-17T06:39:50.216000,2012.899,7189.834,2012.928,7189.913,1.4380374999999999,1.4380513888888888,1,56,1,56,0.23999999999978172,0.27899999999999636,0.40000000000009095,0,0.0,0,0,0.3000000000001819,0.3000000000001819,0.3999999999996362,0,0.0,0,0,TELEMETRY_COVERAGE_PASS,FastF1 raw Date plus session-relative SessionTime; timezone/latency is not inferred; lap assignment is interval lookup from FastF1 LapStartTime/Time
2019:Australian Grand Prix:Race,train,2019,Australian Grand Prix,Race,SAI,55,TRUE,TRUE,LAP_CONTEXT_PRESENT,10,10,CACHED_SELECTED_LAP_STREAM,702,4167,3316,2019-03-17T05:13:33.202000,2019-03-17T05:29:58.013000,2019-03-17T05:13:33.231000,2019-03-17T05:29:57.947000,2012.899,2997.71,2012.928,2997.644,0.2735586111111111,0.2735322222222221,1,10,1,10,0.23999999999978172,0.24099999999998545,0.3609999999998763,0,0.0,0,0,0.3000000000001819,0.3000000000001819,0.3010000000003856,0,0.0,0,0,TELEMETRY_COVERAGE_PASS,FastF1 raw Date plus session-relative SessionTime; timezone/latency is not inferred; lap assignment is interval lookup from FastF1 LapStartTime/Time
2019:Australian Grand Prix:Race,train,2019,Australian Grand Prix,Race,STR,18,TRUE,TRUE,LAP_CONTEXT_PRESENT,57,57,CACHED_SELECTED_LAP_STREAM,694,21698,17286,2019-03-17T05:13:33.202000,2019-03-17T06:39:07.696000,2019-03-17T05:13:33.231000,2019-03-17T06:39:07.716000,2012.899,7147.393,2012.928,7147.413,1.4262483333333336,1.4262458333333332,1,57,1,57,0.23999999999978172,0.27899999999999636,0.40000000000009095,0,0.0,0,0,0.3000000000001819,0.3000000000001819,0.3999999999996362,0,0.0,0,0,TELEMETRY_COVERAGE_PASS,FastF1 raw Date plus session-relative SessionTime; timezone/latency is not inferred; lap assignment is interval lookup from FastF1 LapStartTime/Time
2019:Australian Grand Prix:Race,train,2019,Australian Grand Prix,Race,VER,33,TRUE,TRUE,LAP_CONTEXT_PRESENT,58,58,CACHED_SELECTED_LAP_STREAM,683,21762,17337,2019-03-17T05:13:33.202000,2019-03-17T06:39:23.055000,2019-03-17T05:13:33.231000,2019-03-17T06:39:22.916000,2012.899,7162.752,2012.928,7162.613,1.4305147222222225,1.4304680555555556,1,58,1,58,0.23999999999978172,0.27899999999999636,0.40000000000009095,0,0.0,0,0,0.3000000000001819,0.3000000000001819,0.3999999999996362,0,0.0,0,0,TELEMETRY_COVERAGE_PASS,FastF1 raw Date plus session-relative SessionTime; timezone/latency is not inferred; lap assignment is interval lookup from FastF1 LapStartTime/Time
2019:Australian Grand Prix:Race,train,2019,Australian Grand Prix,Race,VET,5,TRUE,TRUE,LAP_CONTEXT_PRESENT,58,58,CACHED_SELECTED_LAP_STREAM,683,21907,17453,2019-03-17T05:13:33.202000,2019-03-17T06:39:57.456000,2019-03-17T05:13:33.231000,2019-03-17T06:39:57.416000,2012.899,7197.153,2012.928,7197.113,1.4400705555555557,1.440051388888889,1,58,1,58,0.23999999999978172,0.27899999999999636,0.40000000000009095,0,0.0,0,0,0.3000000000001819,0.3000000000001819,0.3999999999996362,0,0.0,0,0,TELEMETRY_COVERAGE_PASS,FastF1 raw Date plus session-relative SessionTime; timezone/latency is not inferred; lap assignment is interval lookup from FastF1 LapStartTime/Time
2020:Hungarian Grand Prix:Race,train,2020,Hungarian Grand Prix,Race,ALB,23,TRUE,TRUE,LAP_CONTEXT_PRESENT,70,70,CACHED_SELECTED_LAP_STREAM,722,24085,26675,2020-07-19T13:12:57.919000,2020-07-19T14:50:28.451000,2020-07-19T13:12:57.701000,2020-07-19T14:50:28.431000,1977.719,7828.251,1977.501,7828.231,1.6251477777777779,1.6252027777777776,1,70,1,70,0.23999999999978172,0.27999999999974534,0.32100000000036744,0,0.0,0,0,0.22000000000025466,0.22000000000025466,0.24000000000023647,0,0.0,0,0,TELEMETRY_COVERAGE_PASS,FastF1 raw Date plus session-relative SessionTime; timezone/latency is not inferred; lap assignment is interval lookup from FastF1 LapStartTime/Time
2020:Hungarian Grand Prix:Race,train,2020,Hungarian Grand Prix,Race,BOT,77,TRUE,TRUE,LAP_CONTEXT_PRESENT,70,70,CACHED_SELECTED_LAP_STREAM,713,23802,26361,2020-07-19T13:12:57.919000,2020-07-19T14:49:19.611000,2020-07-19T13:12:57.701000,2020-07-19T14:49:19.552000,1977.719,7759.411,1977.501,7759.352,1.6060255555555556,1.6060697222222222,1,70,1,70,0.23999999999978172,0.27999999999974534,0.32100000000036744,0,0.0,0,0,0.22000000000025466,0.22000000000025466,0.24000000000023647,0,0.0,0,0,TELEMETRY_COVERAGE_PASS,FastF1 raw Date plus session-relative SessionTime; timezone/latency is not inferred; lap assignment is interval lookup from FastF1 LapStartTime/Time
2020:Hungarian Grand Prix:Race,train,2020,Hungarian Grand Prix,Race,GAS,10,TRUE,TRUE,LAP_CONTEXT_PRESENT,15,15,CACHED_SELECTED_LAP_STREAM,876,5646,6248,2020-07-19T13:12:57.919000,2020-07-19T13:35:48.081000,2020-07-19T13:12:57.701000,2020-07-19T13:35:47.938000,1977.719,3347.881,1977.501,3347.738,0.3806005555555555,0.38062138888888886,1,15,1,15,0.2400000000000091,0.2800000000002001,0.3209999999999127,0,0.0,0,0,0.2199999999997999,0.22000000000025466,0.23999999999978172,0,0.0,0,0,TELEMETRY_COVERAGE_PASS,FastF1 raw Date plus session-relative SessionTime; timezone/latency is not inferred; lap assignment is interval lookup from FastF1 LapStartTime/Time
2020:Hungarian Grand Prix:Race,train,2020,Hungarian Grand Prix,Race,GIO,99,TRUE,TRUE,LAP_CONTEXT_PRESENT,69,69,CACHED_SELECTED_LAP_STREAM,737,24068,26657,2020-07-19T13:12:57.919000,2020-07-19T14:50:24.292000,2020-07-19T13:12:57.701000,2020-07-19T14:50:24.491000,1977.719,7824.092,1977.501,7824.291,1.6239925,1.6241083333333333,1,69,1,69,0.23999999999978172,0.27999999999974534,0.32100000000036744,0,0.0,0,0,0.22000000000025466,0.22000000000025466,0.24000000000023647,0,0.0,0,0,TELEMETRY_COVERAGE_PASS,FastF1 raw Date plus session-relative SessionTime; timezone/latency is not inferred; lap assignment is interval lookup from FastF1 LapStartTime/Time
2020:Hungarian Grand Prix:Race,train,2020,Hungarian Grand Prix,Race,GRO,8,TRUE,TRUE,LAP_CONTEXT_PRESENT,69,69,CACHED_SELECTED_LAP_STREAM,744,23979,26557,2020-07-19T13:12:57.919000,2020-07-19T14:50:02.612000,2020-07-19T13:12:57.701000,2020-07-19T14:50:02.551000,1977.719,7802.412,1977.501,7802.351,1.6179702777777778,1.6180138888888886,1,69,1,69,0.23999999999978172,0.27999999999974534,0.32100000000036744,0,0.0,0,0,0.22000000000025466,0.22000000000025466,0.24000000000023647,0,0.0,0,0,TELEMETRY_COVERAGE_PASS,FastF1 raw Date plus session-relative SessionTime; timezone/latency is not inferred; lap assignment is interval lookup from FastF1 LapStartTime/Time
2020:Hungarian Grand Prix:Race,train,2020,Hungarian Grand Prix,Race,HAM,44,TRUE,TRUE,LAP_CONTEXT_PRESENT,70,70,CACHED_SELECTED_LAP_STREAM,713,23763,26318,2020-07-19T13:12:57.919000,2020-07-19T14:49:10.172000,2020-07-19T13:12:57.701000,2020-07-19T14:49:10.131000,1977.719,7749.972,1977.501,7749.931,1.603403611111111,1.6034527777777776,1,70,1,70,0.23999999999978172,0.27999999999974534,0.32100000000036744,0,0.0,0,0,0.22000000000025466,0.22000000000025466,0.24000000000023647,0,0.0,0,0,TELEMETRY_COVERAGE_PASS,FastF1 raw Date plus session-relative SessionTime; timezone/latency is not inferred; lap assignment is interval lookup from FastF1 LapStartTime/Time
2020:Hungarian Grand Prix:Race,train,2020,Hungarian Grand Prix,Race,KVY,26,TRUE,TRUE,LAP_CONTEXT_PRESENT,69,69,CACHED_SELECTED_LAP_STREAM,737,23950,26525,2020-07-19T13:12:57.919000,2020-07-19T14:49:55.612000,2020-07-19T13:12:57.701000,2020-07-19T14:49:55.531000,1977.719,7795.412,1977.501,7795.331,1.6160258333333335,1.616063888888889,1,69,1,69,0.23999999999978172,0.27999999999974534,0.32100000000036744,0,0.0,0,0,0.22000000000025466,0.22000000000025466,0.24000000000023647,0,0.0,0,0,TELEMETRY_COVERAGE_PASS,FastF1 raw Date plus session-relative SessionTime; timezone/latency is not inferred; lap assignment is interval lookup from FastF1 LapStartTime/Time
2020:Hungarian Grand Prix:Race,train,2020,Hungarian Grand Prix,Race,LAT,6,TRUE,TRUE,LAP_CONTEXT_PRESENT,65,65,CACHED_SELECTED_LAP_STREAM,735,23970,26547,2020-07-19T13:12:57.919000,2020-07-19T14:50:00.451000,2020-07-19T13:12:57.701000,2020-07-19T14:50:00.352000,1977.719,7800.251,1977.501,7800.152,1.61737,1.6174030555555554,1,65,1,65,0.23999999999978172,0.27999999999974534,0.32100000000036744,0,0.0,0,0,0.22000000000025466,0.22000000000025466,0.24000000000023647,0,0.0,0,0,TELEMETRY_COVERAGE_PASS,FastF1 raw Date plus session-relative SessionTime; timezone/latency is not inferred; lap assignment is interval lookup from FastF1 LapStartTime/Time
2020:Hungarian Grand Prix:Race,train,2020,Hungarian Grand Prix,Race,LEC,16,TRUE,TRUE,LAP_CONTEXT_PRESENT,69,69,CACHED_SELECTED_LAP_STREAM,732,23929,26503,2020-07-19T13:12:57.919000,2020-07-19T14:49:50.572000,2020-07-19T13:12:57.701000,2020-07-19T14:49:50.711000,1977.719,7790.372,1977.501,7790.511,1.6146258333333334,1.614725,1,69,1,69,0.23999999999978172,0.27999999999974534,0.32100000000036744,0,0.0,0,0,0.22000000000025466,0.22000000000025466,0.24000000000023647,0,0.0,0,0,TELEMETRY_COVERAGE_PASS,FastF1 raw Date plus session-relative SessionTime; timezone/latency is not inferred; lap assignment is interval lookup from FastF1 LapStartTime/Time
2020:Hungarian Grand Prix:Race,train,2020,Hungarian Grand Prix,Race,MAG,20,TRUE,TRUE,LAP_CONTEXT_PRESENT,69,69,CACHED_SELECTED_LAP_STREAM,722,23845,26409,2020-07-19T13:12:57.919000,2020-07-19T14:49:30.172000,2020-07-19T13:12:57.701000,2020-07-19T14:49:30.091000,1977.719,7769.972,1977.501,7769.891,1.6089591666666665,1.608997222222222,1,69,1,69,0.23999999999978172,0.27999999999974534,0.32100000000036744,0,0.0,0,0,0.22000000000025466,0.22000000000025466,0.24000000000023647,0,0.0,0,0,TELEMETRY_COVERAGE_PASS,FastF1 raw Date plus session-relative SessionTime; timezone/latency is not inferred; lap assignment is interval lookup from FastF1 LapStartTime/Time
2020:Hungarian Grand Prix:Race,train,2020,Hungarian Grand Prix,Race,NOR,4,TRUE,TRUE,LAP_CONTEXT_PRESENT,69,69,CACHED_SELECTED_LAP_STREAM,738,23953,26528,2020-07-19T13:12:57.919000,2020-07-19T14:49:56.332000,2020-07-19T13:12:57.701000,2020-07-19T14:49:56.191000,1977.719,7796.132,1977.501,7795.991,1.6162258333333333,1.6162472222222222,1,69,1,69,0.23999999999978172,0.27999999999974534,0.32100000000036744,0,0.0,0,0,0.22000000000025466,0.22000000000025466,0.24000000000023647,0,0.0,0,0,TELEMETRY_COVERAGE_PASS,FastF1 raw Date plus session-relative SessionTime; timezone/latency is not inferred; lap assignment is interval lookup from FastF1 LapStartTime/Time
2020:Hungarian Grand Prix:Race,train,2020,Hungarian Grand Prix,Race,OCO,31,TRUE,TRUE,LAP_CONTEXT_PRESENT,69,69,CACHED_SELECTED_LAP_STREAM,737,23956,26532,2020-07-19T13:12:57.919000,2020-07-19T14:49:57.052000,2020-07-19T13:12:57.701000,2020-07-19T14:49:57.071000,1977.719,7796.852,1977.501,7796.871,1.6164258333333332,1.6164916666666667,1,69,1,69,0.23999999999978172,0.27999999999974534,0.32100000000036744,0,0.0,0,0,0.22000000000025466,0.22000000000025466,0.24000000000023647,0,0.0,0,0,TELEMETRY_COVERAGE_PASS,FastF1 raw Date plus session-relative SessionTime; timezone/latency is not inferred; lap assignment is interval lookup from FastF1 LapStartTime/Time
2020:Hungarian Grand Prix:Race,train,2020,Hungarian Grand Prix,Race,PER,11,TRUE,TRUE,LAP_CONTEXT_PRESENT,69,69,CACHED_SELECTED_LAP_STREAM,732,23790,26349,2020-07-19T13:12:57.919000,2020-07-19T14:49:16.732000,2020-07-19T13:12:57.701000,2020-07-19T14:49:16.931000,1977.719,7756.532,1977.501,7756.731,1.6052258333333334,1.6053416666666664,1,69,1,69,0.23999999999978172,0.27999999999974534,0.32100000000036744,0,0.0,0,0,0.22000000000025466,0.22000000000025466,0.24000000000023647,0,0.0,0,0,TELEMETRY_COVERAGE_PASS,FastF1 raw Date plus session-relative SessionTime; timezone/latency is not inferred; lap assignment is interval lookup from FastF1 LapStartTime/Time
2020:Hungarian Grand Prix:Race,train,2020,Hungarian Grand Prix,Race,RAI,7,TRUE,TRUE,LAP_CONTEXT_PRESENT,69,69,CACHED_SELECTED_LAP_STREAM,735,23984,26563,2020-07-19T13:12:57.919000,2020-07-19T14:50:03.852000,2020-07-19T13:12:57.701000,2020-07-19T14:50:03.871000,1977.719,7803.652,1977.501,7803.671,1.6183147222222223,1.6183805555555555,1,69,1,69,0.23999999999978172,0.27999999999974534,0.32100000000036744,0,0.0,0,0,0.22000000000025466,0.22000000000025466,0.24000000000023647,0,0.0,0,0,TELEMETRY_COVERAGE_PASS,FastF1 raw Date plus session-relative SessionTime; timezone/latency is not inferred; lap assignment is interval lookup from FastF1 LapStartTime/Time
2020:Hungarian Grand Prix:Race,train,2020,Hungarian Grand Prix,Race,RIC,3,TRUE,TRUE,LAP_CONTEXT_PRESENT,69,69,CACHED_SELECTED_LAP_STREAM,730,23794,26353,2020-07-19T13:12:57.919000,2020-07-19T14:49:17.692000,2020-07-19T13:12:57.701000,2020-07-19T14:49:17.811000,1977.719,7757.492,1977.501,7757.611,1.6054925,1.605586111111111,1,69,1,69,0.23999999999978172,0.27999999999974534,0.32100000000036744,0,0.0,0,0,0.22000000000025466,0.22000000000025466,0.24000000000023647,0,0.0,0,0,TELEMETRY_COVERAGE_PASS,FastF1 raw Date plus session-relative SessionTime; timezone/latency is not inferred; lap assignment is interval lookup from FastF1 LapStartTime/Time
2020:Hungarian Grand Prix:Race,train,2020,Hungarian Grand Prix,Race,RUS,63,TRUE,TRUE,LAP_CONTEXT_PRESENT,69,69,CACHED_SELECTED_LAP_STREAM,737,24073,26662,2020-07-19T13:12:57.919000,2020-07-19T14:50:25.531000,2020-07-19T13:12:57.701000,2020-07-19T14:50:25.572000,1977.719,7825.331,1977.501,7825.372,1.6243366666666668,1.6244086111111111,1,69,1,69,0.23999999999978172,0.27999999999974534,0.32100000000036744,0,0.0,0,0,0.22000000000025466,0.22000000000025466,0.24000000000023647,0,0.0,0,0,TELEMETRY_COVERAGE_PASS,FastF1 raw Date plus session-relative SessionTime; timezone/latency is not inferred; lap assignment is interval lookup from FastF1 LapStartTime/Time
2020:Hungarian Grand Prix:Race,train,2020,Hungarian Grand Prix,Race,SAI,55,TRUE,TRUE,LAP_CONTEXT_PRESENT,69,69,CACHED_SELECTED_LAP_STREAM,728,23853,26419,2020-07-19T13:12:57.919000,2020-07-19T14:49:32.091000,2020-07-19T13:12:57.701000,2020-07-19T14:49:32.272000,1977.719,7771.891,1977.501,7772.072,1.609492222222222,1.6096030555555556,1,69,1,69,0.23999999999978172,0.27999999999974534,0.32100000000036744,0,0.0,0,0,0.22000000000025466,0.22000000000025466,0.24000000000023647,0,0.0,0,0,TELEMETRY_COVERAGE_PASS,FastF1 raw Date plus session-relative SessionTime; timezone/latency is not inferred; lap assignment is interval lookup from FastF1 LapStartTime/Time
2020:Hungarian Grand Prix:Race,train,2020,Hungarian Grand Prix,Race,STR,18,TRUE,TRUE,LAP_CONTEXT_PRESENT,70,70,CACHED_SELECTED_LAP_STREAM,723,24000,26581,2020-07-19T13:12:57.919000,2020-07-19T14:50:07.811000,2020-07-19T13:12:57.701000,2020-07-19T14:50:07.811000,1977.719,7807.611,1977.501,7807.611,1.6194144444444445,1.619475,1,70,1,70,0.23999999999978172,0.27999999999974534,0.32100000000036744,0,0.0,0,0,0.22000000000025466,0.22000000000025466,0.24000000000023647,0,0.0,0,0,TELEMETRY_COVERAGE_PASS,FastF1 raw Date plus session-relative SessionTime; timezone/latency is not inferred; lap assignment is interval lookup from FastF1 LapStartTime/Time
2020:Hungarian Grand Prix:Race,train,2020,Hungarian Grand Prix,Race,VER,33,TRUE,TRUE,LAP_CONTEXT_PRESENT,70,70,CACHED_SELECTED_LAP_STREAM,715,23799,26358,2020-07-19T13:12:57.919000,2020-07-19T14:49:18.891000,2020-07-19T13:12:57.701000,2020-07-19T14:49:18.892000,1977.719,7758.691,1977.501,7758.692,1.6058255555555554,1.6058863888888888,1,70,1,70,0.23999999999978172,0.27999999999974534,0.32100000000036744,0,0.0,0,0,0.22000000000025466,0.22000000000025466,0.24000000000023647,0,0.0,0,0,TELEMETRY_COVERAGE_PASS,FastF1 raw Date plus session-relative SessionTime; timezone/latency is not inferred; lap assignment is interval lookup from FastF1 LapStartTime/Time
2020:Hungarian Grand Prix:Race,train,2020,Hungarian Grand Prix,Race,VET,5,TRUE,TRUE,LAP_CONTEXT_PRESENT,69,69,CACHED_SELECTED_LAP_STREAM,726,23786,26343,2020-07-19T13:12:57.919000,2020-07-19T14:49:15.731000,2020-07-19T13:12:57.701000,2020-07-19T14:49:15.611000,1977.719,7755.531,1977.501,7755.411,1.6049477777777776,1.604975,1,69,1,69,0.23999999999978172,0.27999999999974534,0.32100000000036744,0,0.0,0,0,0.22000000000025466,0.22000000000025466,0.24000000000023647,0,0.0,0,0,TELEMETRY_COVERAGE_PASS,FastF1 raw Date plus session-relative SessionTime; timezone/latency is not inferred; lap assignment is interval lookup from FastF1 LapStartTime/Time
2018:Azerbaijan Grand Prix:Race,train,2018,Azerbaijan Grand Prix,Race,ALO,14,TRUE,TRUE,LAP_CONTEXT_PRESENT,51,51,CACHED_SELECTED_LAP_STREAM,834,25778,20991,2018-04-29T12:13:42.343000,2018-04-29T13:57:37.527000,2018-04-29T12:13:42.559000,2018-04-29T13:57:37.562000,462.266,6697.45,462.482,6697.485,1.7319955555555555,1.7319452777777777,1,51,1,51,0.2400000000000091,0.27999999999974534,0.40000000000009095,0,0.0,0,0,0.3000000000001819,0.3000000000001819,0.3010000000003856,0,0.0,0,0,TELEMETRY_COVERAGE_PASS,FastF1 raw Date plus session-relative SessionTime; timezone/latency is not inferred; lap assignment is interval lookup from FastF1 LapStartTime/Time
2018:Azerbaijan Grand Prix:Race,train,2018,Azerbaijan Grand Prix,Race,BOT,77,TRUE,TRUE,LAP_CONTEXT_PRESENT,49,49,CACHED_SELECTED_LAP_STREAM,814,25022,20375,2018-04-29T12:13:42.343000,2018-04-29T13:54:34.765000,2018-04-29T12:13:42.559000,2018-04-29T13:54:34.559000,462.266,6514.688,462.482,6514.482,1.6812283333333335,1.681111111111111,1,49,1,49,0.2400000000000091,0.27999999999974534,0.40000000000009095,0,0.0,0,0,0.3000000000001819,0.3000000000001819,0.3010000000003856,0,0.0,0,0,TELEMETRY_COVERAGE_PASS,FastF1 raw Date plus session-relative SessionTime; timezone/latency is not inferred; lap assignment is interval lookup from FastF1 LapStartTime/Time
2018:Azerbaijan Grand Prix:Race,train,2018,Azerbaijan Grand Prix,Race,ERI,9,TRUE,TRUE,LAP_CONTEXT_PRESENT,51,51,CACHED_SELECTED_LAP_STREAM,844,25809,21017,2018-04-29T12:13:42.343000,2018-04-29T13:57:45.087000,2018-04-29T12:13:42.559000,2018-04-29T13:57:45.262000,462.266,6705.01,462.482,6705.185,1.7340955555555557,1.7340841666666669,1,51,1,51,0.2400000000000091,0.27999999999974534,0.40000000000009095,0,0.0,0,0,0.3000000000001819,0.3000000000001819,0.3010000000003856,0,0.0,0,0,TELEMETRY_COVERAGE_PASS,FastF1 raw Date plus session-relative SessionTime; timezone/latency is not inferred; lap assignment is interval lookup from FastF1 LapStartTime/Time
2018:Azerbaijan Grand Prix:Race,train,2018,Azerbaijan Grand Prix,Race,GAS,10,TRUE,TRUE,LAP_CONTEXT_PRESENT,51,51,CACHED_SELECTED_LAP_STREAM,852,25835,21037,2018-04-29T12:13:42.343000,2018-04-29T13:57:51.367000,2018-04-29T12:13:42.559000,2018-04-29T13:57:51.262000,462.266,6711.29,462.482,6711.185,1.73584,1.7357508333333334,1,51,1,51,0.2400000000000091,0.27999999999974534,0.40000000000009095,0,0.0,0,0,0.3000000000001819,0.3000000000001819,0.3010000000003856,0,0.0,0,0,TELEMETRY_COVERAGE_PASS,FastF1 raw Date plus session-relative SessionTime; timezone/latency is not inferred; lap assignment is interval lookup from FastF1 LapStartTime/Time
2018:Azerbaijan Grand Prix:Race,train,2018,Azerbaijan Grand Prix,Race,GRO,8,TRUE,TRUE,LAP_CONTEXT_PRESENT,43,43,CACHED_SELECTED_LAP_STREAM,836,21141,17219,2018-04-29T12:13:42.343000,2018-04-29T13:38:56.996000,2018-04-29T12:13:42.559000,2018-04-29T13:38:57.044000,462.266,5576.919,462.482,5576.967,1.4207369444444444,1.4206902777777777,1,43,1,43,0.2400000000000091,0.27999999999974534,0.40000000000009095,0,0.0,0,0,0.3000000000000682,0.3000000000001819,0.3010000000003856,0,0.0,0,0,TELEMETRY_COVERAGE_PASS,FastF1 raw Date plus session-relative SessionTime; timezone/latency is not inferred; lap assignment is interval lookup from FastF1 LapStartTime/Time
2018:Azerbaijan Grand Prix:Race,train,2018,Azerbaijan Grand Prix,Race,HAM,44,TRUE,TRUE,LAP_CONTEXT_PRESENT,51,51,CACHED_SELECTED_LAP_STREAM,811,25733,20954,2018-04-29T12:13:42.343000,2018-04-29T13:57:26.606000,2018-04-29T12:13:42.559000,2018-04-29T13:57:26.561000,462.266,6686.529,462.482,6686.484,1.7289619444444446,1.7288894444444445,1,51,1,51,0.2400000000000091,0.27999999999974534,0.40000000000009095,0,0.0,0,0,0.3000000000001819,0.3000000000001819,0.3010000000003856,0,0.0,0,0,TELEMETRY_COVERAGE_PASS,FastF1 raw Date plus session-relative SessionTime; timezone/latency is not inferred; lap assignment is interval lookup from FastF1 LapStartTime/Time
2018:Azerbaijan Grand Prix:Race,train,2018,Azerbaijan Grand Prix,Race,HAR,28,TRUE,TRUE,LAP_CONTEXT_PRESENT,51,51,CACHED_SELECTED_LAP_STREAM,841,25808,21015,2018-04-29T12:13:42.343000,2018-04-29T13:57:44.847000,2018-04-29T12:13:42.559000,2018-04-29T13:57:44.662000,462.266,6704.77,462.482,6704.585,1.734028888888889,1.7339175,1,51,1,51,0.2400000000000091,0.27999999999974534,0.40000000000009095,0,0.0,0,0,0.3000000000001819,0.3000000000001819,0.3010000000003856,0,0.0,0,0,TELEMETRY_COVERAGE_PASS,FastF1 raw Date plus session-relative SessionTime; timezone/latency is not inferred; lap assignment is interval lookup from FastF1 LapStartTime/Time
2018:Azerbaijan Grand Prix:Race,train,2018,Azerbaijan Grand Prix,Race,HUL,27,TRUE,TRUE,LAP_CONTEXT_PRESENT,11,11,CACHED_SELECTED_LAP_STREAM,1408,6366,5181,2018-04-29T12:13:42.343000,2018-04-29T12:39:21.398000,2018-04-29T12:13:42.559000,2018-04-29T12:39:21.284000,462.266,2001.321,462.482,2001.207,0.42751527777777776,0.42742361111111116,1,11,1,11,0.2400000000000091,0.2799999999999727,0.36000000000012733,0,0.0,0,0,0.2999999999999545,0.3000000000001819,0.30100000000015825,0,0.0,0,0,TELEMETRY_COVERAGE_PASS,FastF1 raw Date plus session-relative SessionTime; timezone/latency is not inferred; lap assignment is interval lookup from FastF1 LapStartTime/Time
2018:Azerbaijan Grand Prix:Race,train,2018,Azerbaijan Grand Prix,Race,LEC,16,TRUE,TRUE,LAP_CONTEXT_PRESENT,51,51,CACHED_SELECTED_LAP_STREAM,826,25771,20985,2018-04-29T12:13:42.343000,2018-04-29T13:57:35.807000,2018-04-29T12:13:42.559000,2018-04-29T13:57:35.762000,462.266,6695.73,462.482,6695.685,1.7315177777777777,1.7314452777777778,1,51,1,51,0.2400000000000091,0.27999999999974534,0.40000000000009095,0,0.0,0,0,0.3000000000001819,0.3000000000001819,0.3010000000003856,0,0.0,0,0,TELEMETRY_COVERAGE_PASS,FastF1 raw Date plus session-relative SessionTime; timezone/latency is not inferred; lap assignment is interval lookup from FastF1 LapStartTime/Time
2018:Azerbaijan Grand Prix:Race,train,2018,Azerbaijan Grand Prix,Race,MAG,20,TRUE,TRUE,LAP_CONTEXT_PRESENT,51,51,CACHED_SELECTED_LAP_STREAM,841,25860,21058,2018-04-29T12:13:42.343000,2018-04-29T13:57:57.367000,2018-04-29T12:13:42.559000,2018-04-29T13:57:57.462000,462.266,6717.29,462.482,6717.385,1.7375066666666668,1.7374730555555555,1,51,1,51,0.2400000000000091,0.27999999999974534,0.40000000000009095,0,0.0,0,0,0.3000000000001819,0.3000000000001819,0.3010000000003856,0,0.0,0,0,TELEMETRY_COVERAGE_PASS,FastF1 raw Date plus session-relative SessionTime; timezone/latency is not inferred; lap assignment is interval lookup from FastF1 LapStartTime/Time
2018:Azerbaijan Grand Prix:Race,train,2018,Azerbaijan Grand Prix,Race,OCO,31,TRUE,TRUE,LAP_CONTEXT_PRESENT,1,1,CACHED_SELECTED_LAP_STREAM,1114,613,499,2018-04-29T12:13:42.343000,2018-04-29T12:16:10.505000,2018-04-29T12:13:42.559000,2018-04-29T12:16:10.461000,462.266,610.428,462.482,610.384,0.0411561111111111,0.041083888888888885,1,1,1,1,0.2400000000000091,0.2799999999999727,0.36000000000001364,0,0.0,0,0,0.29999999999998295,0.3000000000000682,0.30100000000004457,0,0.0,0,0,TELEMETRY_COVERAGE_PASS,FastF1 raw Date plus session-relative SessionTime; timezone/latency is not inferred; lap assignment is interval lookup from FastF1 LapStartTime/Time
2018:Azerbaijan Grand Prix:Race,train,2018,Azerbaijan Grand Prix,Race,PER,11,TRUE,TRUE,LAP_CONTEXT_PRESENT,51,51,CACHED_SELECTED_LAP_STREAM,831,25750,20968,2018-04-29T12:13:42.343000,2018-04-29T13:57:30.727000,2018-04-29T12:13:42.559000,2018-04-29T13:57:30.762000,462.266,6690.65,462.482,6690.685,1.7301066666666667,1.730056388888889,1,51,1,51,0.2400000000000091,0.27999999999974534,0.40000000000009095,0,0.0,0,0,0.3000000000001819,0.3000000000001819,0.3010000000003856,0,0.0,0,0,TELEMETRY_COVERAGE_PASS,FastF1 raw Date plus session-relative SessionTime; timezone/latency is not inferred; lap assignment is interval lookup from FastF1 LapStartTime/Time
2018:Azerbaijan Grand Prix:Race,train,2018,Azerbaijan Grand Prix,Race,RAI,7,TRUE,TRUE,LAP_CONTEXT_PRESENT,51,51,CACHED_SELECTED_LAP_STREAM,830,25744,20962,2018-04-29T12:13:42.343000,2018-04-29T13:57:29.207000,2018-04-29T12:13:42.559000,2018-04-29T13:57:28.962000,462.266,6689.13,462.482,6688.885,1.7296844444444446,1.729556388888889,1,51,1,51,0.2400000000000091,0.27999999999974534,0.40000000000009095,0,0.0,0,0,0.3000000000001819,0.3000000000001819,0.3010000000003856,0,0.0,0,0,TELEMETRY_COVERAGE_PASS,FastF1 raw Date plus session-relative SessionTime; timezone/latency is not inferred; lap assignment is interval lookup from FastF1 LapStartTime/Time
2018:Azerbaijan Grand Prix:Race,train,2018,Azerbaijan Grand Prix,Race,RIC,3,TRUE,TRUE,LAP_CONTEXT_PRESENT,40,40,CACHED_SELECTED_LAP_STREAM,848,19290,15712,2018-04-29T12:13:42.343000,2018-04-29T13:31:29.511000,2018-04-29T12:13:42.559000,2018-04-29T13:31:29.436000,462.266,5129.434,462.482,5129.359,1.2964355555555558,1.2963547222222223,1,40,1,40,0.2400000000000091,0.27999999999974534,0.40000000000009095,0,0.0,0,0,0.30000000000001137,0.3000000000001819,0.3010000000003856,0,0.0,0,0,TELEMETRY_COVERAGE_PASS,FastF1 raw Date plus session-relative SessionTime; timezone/latency is not inferred; lap assignment is interval lookup from FastF1 LapStartTime/Time
2018:Azerbaijan Grand Prix:Race,train,2018,Azerbaijan Grand Prix,Race,SAI,55,TRUE,TRUE,LAP_CONTEXT_PRESENT,51,51,CACHED_SELECTED_LAP_STREAM,822,25764,20979,2018-04-29T12:13:42.343000,2018-04-29T13:57:34.047000,2018-04-29T12:13:42.559000,2018-04-29T13:57:34.061000,462.266,6693.97,462.482,6693.984,1.7310288888888892,1.730972777777778,1,51,1,51,0.2400000000000091,0.27999999999974534,0.40000000000009095,0,0.0,0,0,0.3000000000001819,0.3000000000001819,0.3010000000003856,0,0.0,0,0,TELEMETRY_COVERAGE_PASS,FastF1 raw Date plus session-relative SessionTime; timezone/latency is not inferred; lap assignment is interval lookup from FastF1 LapStartTime/Time
2018:Azerbaijan Grand Prix:Race,train,2018,Azerbaijan Grand Prix,Race,SIR,35,TRUE,TRUE,LAP_CONTEXT_PRESENT,1,1,CACHED_SELECTED_LAP_STREAM,1114,613,499,2018-04-29T12:13:42.343000,2018-04-29T12:16:10.505000,2018-04-29T12:13:42.559000,2018-04-29T12:16:10.461000,462.266,610.428,462.482,610.384,0.0411561111111111,0.041083888888888885,1,1,1,1,0.2400000000000091,0.2799999999999727,0.36000000000001364,0,0.0,0,0,0.29999999999998295,0.3000000000000682,0.30100000000004457,0,0.0,0,0,TELEMETRY_COVERAGE_PASS,FastF1 raw Date plus session-relative SessionTime; timezone/latency is not inferred; lap assignment is interval lookup from FastF1 LapStartTime/Time
2018:Azerbaijan Grand Prix:Race,train,2018,Azerbaijan Grand Prix,Race,STR,18,TRUE,TRUE,LAP_CONTEXT_PRESENT,51,51,CACHED_SELECTED_LAP_STREAM,822,25782,20994,2018-04-29T12:13:42.343000,2018-04-29T13:57:38.527000,2018-04-29T12:13:42.559000,2018-04-29T13:57:38.462000,462.266,6698.45,462.482,6698.385,1.7322733333333333,1.7321952777777778,1,51,1,51,0.2400000000000091,0.27999999999974534,0.40000000000009095,0,0.0,0,0,0.3000000000001819,0.3000000000001819,0.3010000000003856,0,0.0,0,0,TELEMETRY_COVERAGE_PASS,FastF1 raw Date plus session-relative SessionTime; timezone/latency is not inferred; lap assignment is interval lookup from FastF1 LapStartTime/Time
2018:Azerbaijan Grand Prix:Race,train,2018,Azerbaijan Grand Prix,Race,VAN,2,TRUE,TRUE,LAP_CONTEXT_PRESENT,51,51,CACHED_SELECTED_LAP_STREAM,835,25791,21002,2018-04-29T12:13:42.343000,2018-04-29T13:57:40.647000,2018-04-29T12:13:42.559000,2018-04-29T13:57:40.762000,462.266,6700.57,462.482,6700.685,1.7328622222222223,1.7328341666666667,1,51,1,51,0.2400000000000091,0.27999999999974534,0.40000000000009095,0,0.0,0,0,0.3000000000001819,0.3000000000001819,0.3010000000003856,0,0.0,0,0,TELEMETRY_COVERAGE_PASS,FastF1 raw Date plus session-relative SessionTime; timezone/latency is not inferred; lap assignment is interval lookup from FastF1 LapStartTime/Time
2018:Azerbaijan Grand Prix:Race,train,2018,Azerbaijan Grand Prix,Race,VER,33,TRUE,TRUE,LAP_CONTEXT_PRESENT,40,40,CACHED_SELECTED_LAP_STREAM,841,19289,15711,2018-04-29T12:13:42.343000,2018-04-29T13:31:29.271000,2018-04-29T12:13:42.559000,2018-04-29T13:31:29.136000,462.266,5129.194,462.482,5129.059,1.2963688888888891,1.296271388888889,1,40,1,40,0.2400000000000091,0.27999999999974534,0.40000000000009095,0,0.0,0,0,0.30000000000001137,0.3000000000001819,0.3010000000003856,0,0.0,0,0,TELEMETRY_COVERAGE_PASS,FastF1 raw Date plus session-relative SessionTime; timezone/latency is not inferred; lap assignment is interval lookup from FastF1 LapStartTime/Time
2018:Azerbaijan Grand Prix:Race,train,2018,Azerbaijan Grand Prix,Race,VET,5,TRUE,TRUE,LAP_CONTEXT_PRESENT,51,51,CACHED_SELECTED_LAP_STREAM,811,25755,20972,2018-04-29T12:13:42.343000,2018-04-29T13:57:31.927000,2018-04-29T12:13:42.559000,2018-04-29T13:57:31.962000,462.266,6691.85,462.482,6691.885,1.7304400000000002,1.7303897222222222,1,51,1,51,0.2400000000000091,0.27999999999974534,0.40000000000009095,0,0.0,0,0,0.3000000000001819,0.3000000000001819,0.3010000000003856,0,0.0,0,0,TELEMETRY_COVERAGE_PASS,FastF1 raw Date plus session-relative SessionTime; timezone/latency is not inferred; lap assignment is interval lookup from FastF1 LapStartTime/Time
2018:Canadian Grand Prix:Race,train,2018,Canadian Grand Prix,Race,ALO,14,TRUE,TRUE,LAP_CONTEXT_PRESENT,41,41,CACHED_SELECTED_LAP_STREAM,581,13959,11398,2018-06-10T18:12:56.935000,2018-06-10T19:09:22.650000,2018-06-10T18:12:57.123000,2018-06-10T19:09:22.580000,416.87,3802.585,417.058,3802.515,0.940476388888889,0.9404047222222222,1,41,1,41,0.2400000000000091,0.2799999999999727,0.39999999999997726,0,0.0,0,0,0.2999999999999545,0.3000000000001819,0.3010000000003856,0,0.0,0,0,TELEMETRY_COVERAGE_PASS,FastF1 raw Date plus session-relative SessionTime; timezone/latency is not inferred; lap assignment is interval lookup from FastF1 LapStartTime/Time
2018:Canadian Grand Prix:Race,train,2018,Canadian Grand Prix,Race,BOT,77,TRUE,TRUE,LAP_CONTEXT_PRESENT,70,70,CACHED_SELECTED_LAP_STREAM,568,22545,18408,2018-06-10T18:12:56.935000,2018-06-10T19:44:05.111000,2018-06-10T18:12:57.123000,2018-06-10T19:44:04.914000,416.87,5885.046,417.058,5884.849,1.518937777777778,1.5188308333333334,1,70,1,70,0.2400000000000091,0.2799999999999727,0.39999999999997726,0,0.0,0,0,0.3000000000000682,0.3000000000001819,0.40099999999983993,0,0.0,0,0,TELEMETRY_COVERAGE_PASS,FastF1 raw Date plus session-relative SessionTime; timezone/latency is not inferred; lap assignment is interval lookup from FastF1 LapStartTime/Time
2018:Canadian Grand Prix:Race,train,2018,Canadian Grand Prix,Race,ERI,9,TRUE,TRUE,LAP_CONTEXT_PRESENT,68,68,CACHED_SELECTED_LAP_STREAM,593,22571,18430,2018-06-10T18:12:56.935000,2018-06-10T19:44:11.511000,2018-06-10T18:12:57.123000,2018-06-10T19:44:11.414000,416.87,5891.446,417.058,5891.349,1.5207155555555556,1.520636388888889,1,68,1,68,0.2400000000000091,0.2799999999999727,0.39999999999997726,0,0.0,0,0,0.3000000000000682,0.3000000000001819,0.40099999999983993,0,0.0,0,0,TELEMETRY_COVERAGE_PASS,FastF1 raw Date plus session-relative SessionTime; timezone/latency is not inferred; lap assignment is interval lookup from FastF1 LapStartTime/Time
2018:Canadian Grand Prix:Race,train,2018,Canadian Grand Prix,Race,GAS,10,TRUE,TRUE,LAP_CONTEXT_PRESENT,69,69,CACHED_SELECTED_LAP_STREAM,582,22707,18541,2018-06-10T18:12:56.935000,2018-06-10T19:44:44.432000,2018-06-10T18:12:57.123000,2018-06-10T19:44:44.415000,416.87,5924.367,417.058,5924.35,1.5298602777777779,1.5298033333333334,1,69,1,69,0.2400000000000091,0.2799999999999727,0.39999999999997726,0,0.0,0,0,0.3000000000000682,0.3000000000001819,0.40099999999983993,0,0.0,0,0,TELEMETRY_COVERAGE_PASS,FastF1 raw Date plus session-relative SessionTime; timezone/latency is not inferred; lap assignment is interval lookup from FastF1 LapStartTime/Time
2018:Canadian Grand Prix:Race,train,2018,Canadian Grand Prix,Race,GRO,8,TRUE,TRUE,LAP_CONTEXT_PRESENT,69,69,CACHED_SELECTED_LAP_STREAM,580,22709,18542,2018-06-10T18:12:56.935000,2018-06-10T19:44:44.872000,2018-06-10T18:12:57.123000,2018-06-10T19:44:44.715000,416.87,5924.807,417.058,5924.65,1.5299825,1.5298866666666666,1,69,1,69,0.2400000000000091,0.2799999999999727,0.39999999999997726,0,0.0,0,0,0.3000000000000682,0.3000000000001819,0.40099999999983993,0,0.0,0,0,TELEMETRY_COVERAGE_PASS,FastF1 raw Date plus session-relative SessionTime; timezone/latency is not inferred; lap assignment is interval lookup from FastF1 LapStartTime/Time
2018:Canadian Grand Prix:Race,train,2018,Canadian Grand Prix,Race,HAM,44,TRUE,TRUE,LAP_CONTEXT_PRESENT,70,70,CACHED_SELECTED_LAP_STREAM,574,22610,18461,2018-06-10T18:12:56.935000,2018-06-10T19:44:20.832000,2018-06-10T18:12:57.123000,2018-06-10T19:44:20.615000,416.87,5900.767,417.058,5900.55,1.5233047222222222,1.5231922222222223,1,70,1,70,0.2400000000000091,0.2799999999999727,0.39999999999997726,0,0.0,0,0,0.3000000000000682,0.3000000000001819,0.40099999999983993,0,0.0,0,0,TELEMETRY_COVERAGE_PASS,FastF1 raw Date plus session-relative SessionTime; timezone/latency is not inferred; lap assignment is interval lookup from FastF1 LapStartTime/Time
2018:Canadian Grand Prix:Race,train,2018,Canadian Grand Prix,Race,HAR,28,TRUE,TRUE,LAP_CONTEXT_PRESENT,1,1,CACHED_SELECTED_LAP_STREAM,758,416,340,2018-06-10T18:12:56.935000,2018-06-10T18:14:37.696000,2018-06-10T18:12:57.123000,2018-06-10T18:14:37.824000,416.87,517.631,417.058,517.759,0.02798916666666666,0.027972500000000008,1,1,1,1,0.2400000000000091,0.2799999999999727,0.3599999999999568,0,0.0,0,0,0.30000000000001137,0.30000000000001137,0.3009999999999877,0,0.0,0,0,TELEMETRY_COVERAGE_PASS,FastF1 raw Date plus session-relative SessionTime; timezone/latency is not inferred; lap assignment is interval lookup from FastF1 LapStartTime/Time
2018:Canadian Grand Prix:Race,train,2018,Canadian Grand Prix,Race,HUL,27,TRUE,TRUE,LAP_CONTEXT_PRESENT,69,69,CACHED_SELECTED_LAP_STREAM,570,22623,18473,2018-06-10T18:12:56.935000,2018-06-10T19:44:24.071000,2018-06-10T18:12:57.123000,2018-06-10T19:44:24.214000,416.87,5904.006,417.058,5904.149,1.5242044444444445,1.5241919444444445,1,69,1,69,0.2400000000000091,0.2799999999999727,0.39999999999997726,0,0.0,0,0,0.3000000000000682,0.3000000000001819,0.40099999999983993,0,0.0,0,0,TELEMETRY_COVERAGE_PASS,FastF1 raw Date plus session-relative SessionTime; timezone/latency is not inferred; lap assignment is interval lookup from FastF1 LapStartTime/Time
2018:Canadian Grand Prix:Race,train,2018,Canadian Grand Prix,Race,LEC,16,TRUE,TRUE,LAP_CONTEXT_PRESENT,69,69,CACHED_SELECTED_LAP_STREAM,582,22686,18524,2018-06-10T18:12:56.935000,2018-06-10T19:44:39.272000,2018-06-10T18:12:57.123000,2018-06-10T19:44:39.315000,416.87,5919.207,417.058,5919.25,1.5284269444444445,1.5283866666666666,1,69,1,69,0.2400000000000091,0.2799999999999727,0.39999999999997726,0,0.0,0,0,0.3000000000000682,0.3000000000001819,0.40099999999983993,0,0.0,0,0,TELEMETRY_COVERAGE_PASS,FastF1 raw Date plus session-relative SessionTime; timezone/latency is not inferred; lap assignment is interval lookup from FastF1 LapStartTime/Time
2018:Canadian Grand Prix:Race,train,2018,Canadian Grand Prix,Race,MAG,20,TRUE,TRUE,LAP_CONTEXT_PRESENT,69,69,CACHED_SELECTED_LAP_STREAM,586,22724,18554,2018-06-10T18:12:56.935000,2018-06-10T19:44:48.472000,2018-06-10T18:12:57.123000,2018-06-10T19:44:48.215000,416.87,5928.407,417.058,5928.15,1.5309825000000001,1.5308588888888888,1,69,1,69,0.2400000000000091,0.2799999999999727,0.39999999999997726,0,0.0,0,0,0.3000000000000682,0.3000000000001819,0.40099999999983993,0,0.0,0,0,TELEMETRY_COVERAGE_PASS,FastF1 raw Date plus session-relative SessionTime; timezone/latency is not inferred; lap assignment is interval lookup from FastF1 LapStartTime/Time
2018:Canadian Grand Prix:Race,train,2018,Canadian Grand Prix,Race,OCO,31,TRUE,TRUE,LAP_CONTEXT_PRESENT,69,69,CACHED_SELECTED_LAP_STREAM,593,22645,18491,2018-06-10T18:12:56.935000,2018-06-10T19:44:29.392000,2018-06-10T18:12:57.123000,2018-06-10T19:44:29.515000,416.87,5909.327,417.058,5909.45,1.5256825,1.5256644444444445,1,69,1,69,0.2400000000000091,0.2799999999999727,0.39999999999997726,0,0.0,0,0,0.3000000000000682,0.3000000000001819,0.40099999999983993,0,0.0,0,0,TELEMETRY_COVERAGE_PASS,FastF1 raw Date plus session-relative SessionTime; timezone/latency is not inferred; lap assignment is interval lookup from FastF1 LapStartTime/Time
2018:Canadian Grand Prix:Race,train,2018,Canadian Grand Prix,Race,PER,11,TRUE,TRUE,LAP_CONTEXT_PRESENT,69,69,CACHED_SELECTED_LAP_STREAM,578,22716,18548,2018-06-10T18:12:56.935000,2018-06-10T19:44:46.552000,2018-06-10T18:12:57.123000,2018-06-10T19:44:46.415000,416.87,5926.487,417.058,5926.35,1.5304491666666666,1.530358888888889,1,69,1,69,0.2400000000000091,0.2799999999999727,0.39999999999997726,0,0.0,0,0,0.3000000000000682,0.3000000000001819,0.40099999999983993,0,0.0,0,0,TELEMETRY_COVERAGE_PASS,FastF1 raw Date plus session-relative SessionTime; timezone/latency is not inferred; lap assignment is interval lookup from FastF1 LapStartTime/Time
2018:Canadian Grand Prix:Race,train,2018,Canadian Grand Prix,Race,RAI,7,TRUE,TRUE,LAP_CONTEXT_PRESENT,70,70,CACHED_SELECTED_LAP_STREAM,576,22634,18481,2018-06-10T18:12:56.935000,2018-06-10T19:44:26.752000,2018-06-10T18:12:57.123000,2018-06-10T19:44:26.515000,416.87,5906.687,417.058,5906.45,1.5249491666666666,1.524831111111111,1,70,1,70,0.2400000000000091,0.2799999999999727,0.39999999999997726,0,0.0,0,0,0.3000000000000682,0.3000000000001819,0.40099999999983993,0,0.0,0,0,TELEMETRY_COVERAGE_PASS,FastF1 raw Date plus session-relative SessionTime; timezone/latency is not inferred; lap assignment is interval lookup from FastF1 LapStartTime/Time
2018:Canadian Grand Prix:Race,train,2018,Canadian Grand Prix,Race,RIC,3,TRUE,TRUE,LAP_CONTEXT_PRESENT,70,70,CACHED_SELECTED_LAP_STREAM,573,22594,18448,2018-06-10T18:12:56.935000,2018-06-10T19:44:17.031000,2018-06-10T18:12:57.123000,2018-06-10T19:44:16.814000,416.87,5896.966,417.058,5896.749,1.522248888888889,1.5221363888888888,1,70,1,70,0.2400000000000091,0.2799999999999727,0.39999999999997726,0,0.0,0,0,0.3000000000000682,0.3000000000001819,0.40099999999983993,0,0.0,0,0,TELEMETRY_COVERAGE_PASS,FastF1 raw Date plus session-relative SessionTime; timezone/latency is not inferred; lap assignment is interval lookup from FastF1 LapStartTime/Time
2018:Canadian Grand Prix:Race,train,2018,Canadian Grand Prix,Race,SAI,55,TRUE,TRUE,LAP_CONTEXT_PRESENT,69,69,CACHED_SELECTED_LAP_STREAM,575,22639,18486,2018-06-10T18:12:56.935000,2018-06-10T19:44:27.952000,2018-06-10T18:12:57.123000,2018-06-10T19:44:28.015000,416.87,5907.887,417.058,5907.95,1.5252824999999999,1.5252477777777778,1,69,1,69,0.2400000000000091,0.2799999999999727,0.39999999999997726,0,0.0,0,0,0.3000000000000682,0.3000000000001819,0.40099999999983993,0,0.0,0,0,TELEMETRY_COVERAGE_PASS,FastF1 raw Date plus session-relative SessionTime; timezone/latency is not inferred; lap assignment is interval lookup from FastF1 LapStartTime/Time
2018:Canadian Grand Prix:Race,train,2018,Canadian Grand Prix,Race,SIR,35,TRUE,TRUE,LAP_CONTEXT_PRESENT,68,68,CACHED_SELECTED_LAP_STREAM,593,22671,18511,2018-06-10T18:12:56.935000,2018-06-10T19:44:35.712000,2018-06-10T18:12:57.123000,2018-06-10T19:44:35.515000,416.87,5915.647,417.058,5915.45,1.5274380555555556,1.527331111111111,1,68,1,68,0.2400000000000091,0.2799999999999727,0.39999999999997726,0,0.0,0,0,0.3000000000000682,0.3000000000001819,0.40099999999983993,0,0.0,0,0,TELEMETRY_COVERAGE_PASS,FastF1 raw Date plus session-relative SessionTime; timezone/latency is not inferred; lap assignment is interval lookup from FastF1 LapStartTime/Time
2018:Canadian Grand Prix:Race,train,2018,Canadian Grand Prix,Race,STR,18,TRUE,TRUE,LAP_CONTEXT_PRESENT,1,1,CACHED_SELECTED_LAP_STREAM,758,416,340,2018-06-10T18:12:56.935000,2018-06-10T18:14:37.696000,2018-06-10T18:12:57.123000,2018-06-10T18:14:37.824000,416.87,517.631,417.058,517.759,0.02798916666666666,0.027972500000000008,1,1,1,1,0.2400000000000091,0.2799999999999727,0.3599999999999568,0,0.0,0,0,0.30000000000001137,0.30000000000001137,0.3009999999999877,0,0.0,0,0,TELEMETRY_COVERAGE_PASS,FastF1 raw Date plus session-relative SessionTime; timezone/latency is not inferred; lap assignment is interval lookup from FastF1 LapStartTime/Time
2018:Canadian Grand Prix:Race,train,2018,Canadian Grand Prix,Race,VAN,2,TRUE,TRUE,LAP_CONTEXT_PRESENT,68,68,CACHED_SELECTED_LAP_STREAM,592,22578,18436,2018-06-10T18:12:56.935000,2018-06-10T19:44:13.152000,2018-06-10T18:12:57.123000,2018-06-10T19:44:13.215000,416.87,5893.087,417.058,5893.15,1.5211713888888891,1.5211366666666666,1,68,1,68,0.2400000000000091,0.2799999999999727,0.39999999999997726,0,0.0,0,0,0.3000000000000682,0.3000000000001819,0.40099999999983993,0,0.0,0,0,TELEMETRY_COVERAGE_PASS,FastF1 raw Date plus session-relative SessionTime; timezone/latency is not inferred; lap assignment is interval lookup from FastF1 LapStartTime/Time
2018:Canadian Grand Prix:Race,train,2018,Canadian Grand Prix,Race,VER,33,TRUE,TRUE,LAP_CONTEXT_PRESENT,70,70,CACHED_SELECTED_LAP_STREAM,571,22545,18409,2018-06-10T18:12:56.935000,2018-06-10T19:44:05.111000,2018-06-10T18:12:57.123000,2018-06-10T19:44:05.214000,416.87,5885.046,417.058,5885.149,1.518937777777778,1.5189141666666668,1,70,1,70,0.2400000000000091,0.2799999999999727,0.39999999999997726,0,0.0,0,0,0.3000000000000682,0.3000000000001819,0.40099999999983993,0,0.0,0,0,TELEMETRY_COVERAGE_PASS,FastF1 raw Date plus session-relative SessionTime; timezone/latency is not inferred; lap assignment is interval lookup from FastF1 LapStartTime/Time
2018:Canadian Grand Prix:Race,train,2018,Canadian Grand Prix,Race,VET,5,TRUE,TRUE,LAP_CONTEXT_PRESENT,70,70,CACHED_SELECTED_LAP_STREAM,566,22521,18389,2018-06-10T18:12:56.935000,2018-06-10T19:43:59.232000,2018-06-10T18:12:57.123000,2018-06-10T19:43:59.314000,416.87,5879.167,417.058,5879.249,1.5173047222222225,1.5172752777777778,1,70,1,70,0.2400000000000091,0.2799999999999727,0.39999999999997726,0,0.0,0,0,0.3000000000000682,0.3000000000001819,0.40099999999983993,0,0.0,0,0,TELEMETRY_COVERAGE_PASS,FastF1 raw Date plus session-relative SessionTime; timezone/latency is not inferred; lap assignment is interval lookup from FastF1 LapStartTime/Time
2018:French Grand Prix:Race,train,2018,French Grand Prix,Race,ALO,14,TRUE,TRUE,LAP_CONTEXT_PRESENT,51,51,CACHED_SELECTED_LAP_STREAM,757,22406,18241,2018-06-24T14:13:26.722000,2018-06-24T15:43:45.566000,2018-06-24T14:13:26.539000,2018-06-24T15:43:45.530000,446.696,5865.54,446.513,5865.504,1.5052344444444445,1.5052752777777778,1,51,1,51,0.2400000000000091,0.27999999999974534,0.4000000000005457,0,0.0,0,0,0.3000000000000682,0.3000000000001819,1.1989999999996144,0,0.0,0,0,TELEMETRY_COVERAGE_PASS,FastF1 raw Date plus session-relative SessionTime; timezone/latency is not inferred; lap assignment is interval lookup from FastF1 LapStartTime/Time
2018:French Grand Prix:Race,train,2018,French Grand Prix,Race,BOT,77,TRUE,TRUE,LAP_CONTEXT_PRESENT,53,53,CACHED_SELECTED_LAP_STREAM,751,22713,18486,2018-06-24T14:13:26.722000,2018-06-24T15:44:58.447000,2018-06-24T14:13:26.539000,2018-06-24T15:44:58.331000,446.696,5938.421,446.513,5938.305,1.5254791666666667,1.5254977777777778,1,53,1,53,0.2400000000000091,0.27999999999974534,0.4000000000005457,0,0.0,0,0,0.3000000000001819,0.3000000000001819,1.1989999999996144,0,0.0,0,0,TELEMETRY_COVERAGE_PASS,FastF1 raw Date plus session-relative SessionTime; timezone/latency is not inferred; lap assignment is interval lookup from FastF1 LapStartTime/Time
2018:French Grand Prix:Race,train,2018,French Grand Prix,Race,ERI,9,TRUE,TRUE,LAP_CONTEXT_PRESENT,52,52,CACHED_SELECTED_LAP_STREAM,774,22574,18375,2018-06-24T14:13:26.722000,2018-06-24T15:44:25.447000,2018-06-24T14:13:26.539000,2018-06-24T15:44:25.331000,446.696,5905.421,446.513,5905.305,1.5163125000000002,1.5163311111111113,1,52,1,52,0.2400000000000091,0.27999999999974534,0.4000000000005457,0,0.0,0,0,0.3000000000000682,0.3000000000001819,1.1989999999996144,0,0.0,0,0,TELEMETRY_COVERAGE_PASS,FastF1 raw Date plus session-relative SessionTime; timezone/latency is not inferred; lap assignment is interval lookup from FastF1 LapStartTime/Time
2018:French Grand Prix:Race,train,2018,French Grand Prix,Race,GAS,10,TRUE,TRUE,LAP_CONTEXT_PRESENT,1,1,CACHED_SELECTED_LAP_STREAM,974,535,437,2018-06-24T14:13:26.722000,2018-06-24T14:15:36.043000,2018-06-24T14:13:26.539000,2018-06-24T14:15:36.041000,446.696,576.017,446.513,576.015,0.03592250000000001,0.03597277777777778,1,1,1,1,0.2400000000000091,0.2799999999999727,0.36000000000001364,0,0.0,0,0,0.30000000000001137,0.3000000000000682,0.30100000000004457,0,0.0,0,0,TELEMETRY_COVERAGE_PASS,FastF1 raw Date plus session-relative SessionTime; timezone/latency is not inferred; lap assignment is interval lookup from FastF1 LapStartTime/Time
2018:French Grand Prix:Race,train,2018,French Grand Prix,Race,GRO,8,TRUE,TRUE,LAP_CONTEXT_PRESENT,52,52,CACHED_SELECTED_LAP_STREAM,749,22420,18252,2018-06-24T14:13:26.722000,2018-06-24T15:43:48.886000,2018-06-24T14:13:26.539000,2018-06-24T15:43:48.831000,446.696,5868.86,446.513,5868.805,1.5061566666666666,1.5061922222222224,1,52,1,52,0.2400000000000091,0.27999999999974534,0.4000000000005457,0,0.0,0,0,0.3000000000000682,0.3000000000001819,1.1989999999996144,0,0.0,0,0,TELEMETRY_COVERAGE_PASS,FastF1 raw Date plus session-relative SessionTime; timezone/latency is not inferred; lap assignment is interval lookup from FastF1 LapStartTime/Time
2018:French Grand Prix:Race,train,2018,French Grand Prix,Race,HAM,44,TRUE,TRUE,LAP_CONTEXT_PRESENT,53,53,CACHED_SELECTED_LAP_STREAM,732,22374,18215,2018-06-24T14:13:26.722000,2018-06-24T15:43:37.926000,2018-06-24T14:13:26.539000,2018-06-24T15:43:37.830000,446.696,5857.9,446.513,5857.804,1.5031122222222222,1.503136388888889,1,53,1,53,0.2400000000000091,0.27999999999974534,0.4000000000005457,0,0.0,0,0,0.3000000000000682,0.3000000000001819,1.1989999999996144,0,0.0,0,0,TELEMETRY_COVERAGE_PASS,FastF1 raw Date plus session-relative SessionTime; timezone/latency is not inferred; lap assignment is interval lookup from FastF1 LapStartTime/Time
2018:French Grand Prix:Race,train,2018,French Grand Prix,Race,HAR,28,TRUE,TRUE,LAP_CONTEXT_PRESENT,52,52,CACHED_SELECTED_LAP_STREAM,756,22580,18380,2018-06-24T14:13:26.722000,2018-06-24T15:44:26.847000,2018-06-24T14:13:26.539000,2018-06-24T15:44:26.830000,446.696,5906.821,446.513,5906.804,1.516701388888889,1.5167475000000001,1,52,1,52,0.2400000000000091,0.27999999999974534,0.4000000000005457,0,0.0,0,0,0.3000000000000682,0.3000000000001819,1.1989999999996144,0,0.0,0,0,TELEMETRY_COVERAGE_PASS,FastF1 raw Date plus session-relative SessionTime; timezone/latency is not inferred; lap assignment is interval lookup from FastF1 LapStartTime/Time
2018:French Grand Prix:Race,train,2018,French Grand Prix,Race,HUL,27,TRUE,TRUE,LAP_CONTEXT_PRESENT,53,53,CACHED_SELECTED_LAP_STREAM,751,22762,18525,2018-06-24T14:13:26.722000,2018-06-24T15:45:09.967000,2018-06-24T14:13:26.539000,2018-06-24T15:45:09.932000,446.696,5949.941,446.513,5949.906,1.5286791666666666,1.5287202777777777,1,53,1,53,0.2400000000000091,0.27999999999974534,0.4000000000005457,0,0.0,0,0,0.3000000000001819,0.3000000000001819,1.1989999999996144,0,0.0,0,0,TELEMETRY_COVERAGE_PASS,FastF1 raw Date plus session-relative SessionTime; timezone/latency is not inferred; lap assignment is interval lookup from FastF1 LapStartTime/Time
2018:French Grand Prix:Race,train,2018,French Grand Prix,Race,LEC,16,TRUE,TRUE,LAP_CONTEXT_PRESENT,53,53,CACHED_SELECTED_LAP_STREAM,749,22770,18531,2018-06-24T14:13:26.722000,2018-06-24T15:45:11.887000,2018-06-24T14:13:26.539000,2018-06-24T15:45:11.731000,446.696,5951.861,446.513,5951.705,1.5292125,1.52922,1,53,1,53,0.2400000000000091,0.27999999999974534,0.4000000000005457,0,0.0,0,0,0.3000000000001819,0.3000000000001819,1.1989999999996144,0,0.0,0,0,TELEMETRY_COVERAGE_PASS,FastF1 raw Date plus session-relative SessionTime; timezone/latency is not inferred; lap assignment is interval lookup from FastF1 LapStartTime/Time
2018:French Grand Prix:Race,train,2018,French Grand Prix,Race,MAG,20,TRUE,TRUE,LAP_CONTEXT_PRESENT,53,53,CACHED_SELECTED_LAP_STREAM,749,22708,18482,2018-06-24T14:13:26.722000,2018-06-24T15:44:57.287000,2018-06-24T14:13:26.539000,2018-06-24T15:44:57.131000,446.696,5937.261,446.513,5937.105,1.5251569444444446,1.5251644444444443,1,53,1,53,0.2400000000000091,0.27999999999974534,0.4000000000005457,0,0.0,0,0,0.3000000000001819,0.3000000000001819,1.1989999999996144,0,0.0,0,0,TELEMETRY_COVERAGE_PASS,FastF1 raw Date plus session-relative SessionTime; timezone/latency is not inferred; lap assignment is interval lookup from FastF1 LapStartTime/Time
2018:French Grand Prix:Race,train,2018,French Grand Prix,Race,OCO,31,TRUE,TRUE,LAP_CONTEXT_PRESENT,1,1,CACHED_SELECTED_LAP_STREAM,974,535,437,2018-06-24T14:13:26.722000,2018-06-24T14:15:36.043000,2018-06-24T14:13:26.539000,2018-06-24T14:15:36.041000,446.696,576.017,446.513,576.015,0.03592250000000001,0.03597277777777778,1,1,1,1,0.2400000000000091,0.2799999999999727,0.36000000000001364,0,0.0,0,0,0.30000000000001137,0.3000000000000682,0.30100000000004457,0,0.0,0,0,TELEMETRY_COVERAGE_PASS,FastF1 raw Date plus session-relative SessionTime; timezone/latency is not inferred; lap assignment is interval lookup from FastF1 LapStartTime/Time
2018:French Grand Prix:Race,train,2018,French Grand Prix,Race,PER,11,TRUE,TRUE,LAP_CONTEXT_PRESENT,28,28,CACHED_SELECTED_LAP_STREAM,1032,12467,10165,2018-06-24T14:13:26.722000,2018-06-24T15:03:45.714000,2018-06-24T14:13:26.539000,2018-06-24T15:03:45.690000,446.696,3465.688,446.513,3465.664,0.838608888888889,0.8386530555555556,1,28,1,28,0.2400000000000091,0.2799999999999727,0.40000000000009095,0,0.0,0,0,0.2999999999999545,0.3000000000001819,0.40000000000009095,0,0.0,0,0,TELEMETRY_COVERAGE_PASS,FastF1 raw Date plus session-relative SessionTime; timezone/latency is not inferred; lap assignment is interval lookup from FastF1 LapStartTime/Time
2018:French Grand Prix:Race,train,2018,French Grand Prix,Race,RAI,7,TRUE,TRUE,LAP_CONTEXT_PRESENT,53,53,CACHED_SELECTED_LAP_STREAM,739,22483,18302,2018-06-24T14:13:26.722000,2018-06-24T15:44:03.846000,2018-06-24T14:13:26.539000,2018-06-24T15:44:03.631000,446.696,5883.82,446.513,5883.605,1.510312222222222,1.5103033333333333,1,53,1,53,0.2400000000000091,0.27999999999974534,0.4000000000005457,0,0.0,0,0,0.3000000000000682,0.3000000000001819,1.1989999999996144,0,0.0,0,0,TELEMETRY_COVERAGE_PASS,FastF1 raw Date plus session-relative SessionTime; timezone/latency is not inferred; lap assignment is interval lookup from FastF1 LapStartTime/Time
2018:French Grand Prix:Race,train,2018,French Grand Prix,Race,RIC,3,TRUE,TRUE,LAP_CONTEXT_PRESENT,53,53,CACHED_SELECTED_LAP_STREAM,739,22520,18332,2018-06-24T14:13:26.722000,2018-06-24T15:44:12.606000,2018-06-24T14:13:26.539000,2018-06-24T15:44:12.630000,446.696,5892.58,446.513,5892.604,1.5127455555555556,1.5128030555555556,1,53,1,53,0.2400000000000091,0.27999999999974534,0.4000000000005457,0,0.0,0,0,0.3000000000000682,0.3000000000001819,1.1989999999996144,0,0.0,0,0,TELEMETRY_COVERAGE_PASS,FastF1 raw Date plus session-relative SessionTime; timezone/latency is not inferred; lap assignment is interval lookup from FastF1 LapStartTime/Time
2018:French Grand Prix:Race,train,2018,French Grand Prix,Race,SAI,55,TRUE,TRUE,LAP_CONTEXT_PRESENT,53,53,CACHED_SELECTED_LAP_STREAM,753,22741,18508,2018-06-24T14:13:26.722000,2018-06-24T15:45:05.047000,2018-06-24T14:13:26.539000,2018-06-24T15:45:04.931000,446.696,5945.021,446.513,5944.905,1.5273124999999999,1.527331111111111,1,53,1,53,0.2400000000000091,0.27999999999974534,0.4000000000005457,0,0.0,0,0,0.3000000000001819,0.3000000000001819,1.1989999999996144,0,0.0,0,0,TELEMETRY_COVERAGE_PASS,FastF1 raw Date plus session-relative SessionTime; timezone/latency is not inferred; lap assignment is interval lookup from FastF1 LapStartTime/Time
2018:French Grand Prix:Race,train,2018,French Grand Prix,Race,SIR,35,TRUE,TRUE,LAP_CONTEXT_PRESENT,52,52,CACHED_SELECTED_LAP_STREAM,765,22629,18419,2018-06-24T14:13:26.722000,2018-06-24T15:44:38.488000,2018-06-24T14:13:26.539000,2018-06-24T15:44:38.431000,446.696,5918.462,446.513,5918.405,1.5199350000000003,1.51997,1,52,1,52,0.2400000000000091,0.27999999999974534,0.4000000000005457,0,0.0,0,0,0.3000000000000682,0.3000000000001819,1.1989999999996144,0,0.0,0,0,TELEMETRY_COVERAGE_PASS,FastF1 raw Date plus session-relative SessionTime; timezone/latency is not inferred; lap assignment is interval lookup from FastF1 LapStartTime/Time
2018:French Grand Prix:Race,train,2018,French Grand Prix,Race,STR,18,TRUE,TRUE,LAP_CONTEXT_PRESENT,49,49,CACHED_SELECTED_LAP_STREAM,764,21396,17439,2018-06-24T14:13:26.722000,2018-06-24T15:39:46.443000,2018-06-24T14:13:26.539000,2018-06-24T15:39:46.427000,446.696,5626.417,446.513,5626.401,1.438811388888889,1.4388577777777778,1,49,1,49,0.2400000000000091,0.27999999999974534,0.4000000000005457,0,0.0,0,0,0.3000000000000682,0.3000000000001819,0.40000000000009095,0,0.0,0,0,TELEMETRY_COVERAGE_PASS,FastF1 raw Date plus session-relative SessionTime; timezone/latency is not inferred; lap assignment is interval lookup from FastF1 LapStartTime/Time
2018:French Grand Prix:Race,train,2018,French Grand Prix,Race,VAN,2,TRUE,TRUE,LAP_CONTEXT_PRESENT,52,52,CACHED_SELECTED_LAP_STREAM,759,22488,18307,2018-06-24T14:13:26.722000,2018-06-24T15:44:05.046000,2018-06-24T14:13:26.539000,2018-06-24T15:44:05.130000,446.696,5885.02,446.513,5885.104,1.5106455555555558,1.5107197222222224,1,52,1,52,0.2400000000000091,0.27999999999974534,0.4000000000005457,0,0.0,0,0,0.3000000000000682,0.3000000000001819,1.1989999999996144,0,0.0,0,0,TELEMETRY_COVERAGE_PASS,FastF1 raw Date plus session-relative SessionTime; timezone/latency is not inferred; lap assignment is interval lookup from FastF1 LapStartTime/Time
2018:French Grand Prix:Race,train,2018,French Grand Prix,Race,VER,33,TRUE,TRUE,LAP_CONTEXT_PRESENT,53,53,CACHED_SELECTED_LAP_STREAM,733,22403,18239,2018-06-24T14:13:26.722000,2018-06-24T15:43:44.886000,2018-06-24T14:13:26.539000,2018-06-24T15:43:44.930000,446.696,5864.86,446.513,5864.904,1.5050455555555555,1.5051086111111112,1,53,1,53,0.2400000000000091,0.27999999999974534,0.4000000000005457,0,0.0,0,0,0.3000000000000682,0.3000000000001819,1.1989999999996144,0,0.0,0,0,TELEMETRY_COVERAGE_PASS,FastF1 raw Date plus session-relative SessionTime; timezone/latency is not inferred; lap assignment is interval lookup from FastF1 LapStartTime/Time
2018:French Grand Prix:Race,train,2018,French Grand Prix,Race,VET,5,TRUE,TRUE,LAP_CONTEXT_PRESENT,53,53,CACHED_SELECTED_LAP_STREAM,739,22635,18424,2018-06-24T14:13:26.722000,2018-06-24T15:44:39.887000,2018-06-24T14:13:26.539000,2018-06-24T15:44:39.931000,446.696,5919.861,446.513,5919.905,1.5203236111111111,1.5203866666666666,1,53,1,53,0.2400000000000091,0.27999999999974534,0.4000000000005457,0,0.0,0,0,0.3000000000000682,0.3000000000001819,1.1989999999996144,0,0.0,0,0,TELEMETRY_COVERAGE_PASS,FastF1 raw Date plus session-relative SessionTime; timezone/latency is not inferred; lap assignment is interval lookup from FastF1 LapStartTime/Time
2018:Austrian Grand Prix:Race,train,2018,Austrian Grand Prix,Race,ALO,14,TRUE,TRUE,LAP_CONTEXT_PRESENT,70,70,CACHED_SELECTED_LAP_STREAM,548,20594,16719,2018-07-01T13:12:43.751000,2018-07-01T14:35:29.884000,2018-07-01T13:12:43.715000,2018-07-01T14:35:29.898000,403.535,5369.668,403.499,5369.682,1.3794813888888888,1.3794952777777778,1,70,1,70,0.2400000000000091,0.24099999999998545,0.3600000000005821,0,0.0,0,0,0.3000000000000682,0.3000000000001819,0.3989999999998872,0,0.0,0,0,TELEMETRY_COVERAGE_PASS,FastF1 raw Date plus session-relative SessionTime; timezone/latency is not inferred; lap assignment is interval lookup from FastF1 LapStartTime/Time
2018:Austrian Grand Prix:Race,train,2018,Austrian Grand Prix,Race,BOT,77,TRUE,TRUE,LAP_CONTEXT_PRESENT,14,14,CACHED_SELECTED_LAP_STREAM,524,4385,3559,2018-07-01T13:12:43.751000,2018-07-01T13:30:20.883000,2018-07-01T13:12:43.715000,2018-07-01T13:30:20.732000,403.535,1460.667,403.499,1460.516,0.29364777777777773,0.29361583333333335,1,14,1,14,0.2400000000000091,0.24099999999998545,0.36000000000012733,0,0.0,0,0,0.2999999999999545,0.3000000000001819,0.30100000000015825,0,0.0,0,0,TELEMETRY_COVERAGE_PASS,FastF1 raw Date plus session-relative SessionTime; timezone/latency is not inferred; lap assignment is interval lookup from FastF1 LapStartTime/Time
2018:Austrian Grand Prix:Race,train,2018,Austrian Grand Prix,Race,ERI,9,TRUE,TRUE,LAP_CONTEXT_PRESENT,70,70,CACHED_SELECTED_LAP_STREAM,545,20614,16735,2018-07-01T13:12:43.751000,2018-07-01T14:35:34.684000,2018-07-01T13:12:43.715000,2018-07-01T14:35:34.598000,403.535,5374.468,403.499,5374.382,1.3808147222222222,1.3808008333333333,1,70,1,70,0.2400000000000091,0.24099999999998545,0.3600000000005821,0,0.0,0,0,0.3000000000000682,0.3000000000001819,0.3989999999998872,0,0.0,0,0,TELEMETRY_COVERAGE_PASS,FastF1 raw Date plus session-relative SessionTime; timezone/latency is not inferred; lap assignment is interval lookup from FastF1 LapStartTime/Time
2018:Austrian Grand Prix:Race,train,2018,Austrian Grand Prix,Race,GAS,10,TRUE,TRUE,LAP_CONTEXT_PRESENT,70,70,CACHED_SELECTED_LAP_STREAM,538,20640,16757,2018-07-01T13:12:43.751000,2018-07-01T14:35:40.964000,2018-07-01T13:12:43.715000,2018-07-01T14:35:41.098000,403.535,5380.748,403.499,5380.882,1.3825591666666666,1.3826063888888889,1,70,1,70,0.2400000000000091,0.24099999999998545,0.3600000000005821,0,0.0,0,0,0.3000000000000682,0.3000000000001819,0.3989999999998872,0,0.0,0,0,TELEMETRY_COVERAGE_PASS,FastF1 raw Date plus session-relative SessionTime; timezone/latency is not inferred; lap assignment is interval lookup from FastF1 LapStartTime/Time
2018:Austrian Grand Prix:Race,train,2018,Austrian Grand Prix,Race,GRO,8,TRUE,TRUE,LAP_CONTEXT_PRESENT,70,70,CACHED_SELECTED_LAP_STREAM,530,20475,16622,2018-07-01T13:12:43.751000,2018-07-01T14:35:01.084000,2018-07-01T13:12:43.715000,2018-07-01T14:35:00.998000,403.535,5340.868,403.499,5340.782,1.371481388888889,1.3714675,1,70,1,70,0.2400000000000091,0.24099999999998545,0.3600000000005821,0,0.0,0,0,0.3000000000000682,0.3000000000001819,0.3989999999998872,0,0.0,0,0,TELEMETRY_COVERAGE_PASS,FastF1 raw Date plus session-relative SessionTime; timezone/latency is not inferred; lap assignment is interval lookup from FastF1 LapStartTime/Time
2018:Austrian Grand Prix:Race,train,2018,Austrian Grand Prix,Race,HAM,44,TRUE,TRUE,LAP_CONTEXT_PRESENT,63,63,CACHED_SELECTED_LAP_STREAM,523,18598,15101,2018-07-01T13:12:43.751000,2018-07-01T14:27:29.239000,2018-07-01T13:12:43.715000,2018-07-01T14:27:29.190000,403.535,4889.023,403.499,4888.974,1.245968888888889,1.2459652777777779,1,63,1,63,0.2400000000000091,0.24099999999998545,0.3600000000005821,0,0.0,0,0,0.2999999999999545,0.3000000000001819,0.3989999999998872,0,0.0,0,0,TELEMETRY_COVERAGE_PASS,FastF1 raw Date plus session-relative SessionTime; timezone/latency is not inferred; lap assignment is interval lookup from FastF1 LapStartTime/Time
2018:Austrian Grand Prix:Race,train,2018,Austrian Grand Prix,Race,HAR,28,TRUE,TRUE,LAP_CONTEXT_PRESENT,55,55,CACHED_SELECTED_LAP_STREAM,542,16683,13545,2018-07-01T13:12:43.751000,2018-07-01T14:19:47.114000,2018-07-01T13:12:43.715000,2018-07-01T14:19:46.982000,403.535,4426.898,403.499,4426.766,1.1176008333333334,1.1175741666666665,1,55,1,55,0.2400000000000091,0.24099999999998545,0.3600000000005821,0,0.0,0,0,0.2999999999999545,0.3000000000001819,0.3989999999998872,0,0.0,0,0,TELEMETRY_COVERAGE_PASS,FastF1 raw Date plus session-relative SessionTime; timezone/latency is not inferred; lap assignment is interval lookup from FastF1 LapStartTime/Time
2018:Austrian Grand Prix:Race,train,2018,Austrian Grand Prix,Race,HUL,27,TRUE,TRUE,LAP_CONTEXT_PRESENT,12,12,CACHED_SELECTED_LAP_STREAM,538,3897,3165,2018-07-01T13:12:43.751000,2018-07-01T13:28:23.561000,2018-07-01T13:12:43.715000,2018-07-01T13:28:23.630000,403.535,1343.345,403.499,1343.414,0.26105833333333334,0.2610875,1,12,1,12,0.2400000000000091,0.24100000000009913,0.36000000000012733,0,0.0,0,0,0.2999999999999545,0.3000000000001819,0.30100000000015825,0,0.0,0,0,TELEMETRY_COVERAGE_PASS,FastF1 raw Date plus session-relative SessionTime; timezone/latency is not inferred; lap assignment is interval lookup from FastF1 LapStartTime/Time
2018:Austrian Grand Prix:Race,train,2018,Austrian Grand Prix,Race,LEC,16,TRUE,TRUE,LAP_CONTEXT_PRESENT,70,70,CACHED_SELECTED_LAP_STREAM,542,20612,16733,2018-07-01T13:12:43.751000,2018-07-01T14:35:34.204000,2018-07-01T13:12:43.715000,2018-07-01T14:35:33.998000,403.535,5373.988,403.499,5373.782,1.380681388888889,1.3806341666666668,1,70,1,70,0.2400000000000091,0.24099999999998545,0.3600000000005821,0,0.0,0,0,0.3000000000000682,0.3000000000001819,0.3989999999998872,0,0.0,0,0,TELEMETRY_COVERAGE_PASS,FastF1 raw Date plus session-relative SessionTime; timezone/latency is not inferred; lap assignment is interval lookup from FastF1 LapStartTime/Time
2018:Austrian Grand Prix:Race,train,2018,Austrian Grand Prix,Race,MAG,20,TRUE,TRUE,LAP_CONTEXT_PRESENT,70,70,CACHED_SELECTED_LAP_STREAM,531,20482,16628,2018-07-01T13:12:43.751000,2018-07-01T14:35:02.763000,2018-07-01T13:12:43.715000,2018-07-01T14:35:02.797000,403.535,5342.547,403.499,5342.581,1.3719477777777778,1.3719672222222223,1,70,1,70,0.2400000000000091,0.24099999999998545,0.3600000000005821,0,0.0,0,0,0.3000000000000682,0.3000000000001819,0.3989999999998872,0,0.0,0,0,TELEMETRY_COVERAGE_PASS,FastF1 raw Date plus session-relative SessionTime; timezone/latency is not inferred; lap assignment is interval lookup from FastF1 LapStartTime/Time
2018:Austrian Grand Prix:Race,train,2018,Austrian Grand Prix,Race,OCO,31,TRUE,TRUE,LAP_CONTEXT_PRESENT,70,70,CACHED_SELECTED_LAP_STREAM,531,20527,16664,2018-07-01T13:12:43.751000,2018-07-01T14:35:13.644000,2018-07-01T13:12:43.715000,2018-07-01T14:35:13.498000,403.535,5353.428,403.499,5353.282,1.3749702777777777,1.3749397222222224,1,70,1,70,0.2400000000000091,0.24099999999998545,0.3600000000005821,0,0.0,0,0,0.3000000000000682,0.3000000000001819,0.3989999999998872,0,0.0,0,0,TELEMETRY_COVERAGE_PASS,FastF1 raw Date plus session-relative SessionTime; timezone/latency is not inferred; lap assignment is interval lookup from FastF1 LapStartTime/Time
2018:Austrian Grand Prix:Race,train,2018,Austrian Grand Prix,Race,PER,11,TRUE,TRUE,LAP_CONTEXT_PRESENT,70,70,CACHED_SELECTED_LAP_STREAM,533,20533,16669,2018-07-01T13:12:43.751000,2018-07-01T14:35:15.124000,2018-07-01T13:12:43.715000,2018-07-01T14:35:14.998000,403.535,5354.908,403.499,5354.782,1.375381388888889,1.375356388888889,1,70,1,70,0.2400000000000091,0.24099999999998545,0.3600000000005821,0,0.0,0,0,0.3000000000000682,0.3000000000001819,0.3989999999998872,0,0.0,0,0,TELEMETRY_COVERAGE_PASS,FastF1 raw Date plus session-relative SessionTime; timezone/latency is not inferred; lap assignment is interval lookup from FastF1 LapStartTime/Time
2018:Austrian Grand Prix:Race,train,2018,Austrian Grand Prix,Race,RAI,7,TRUE,TRUE,LAP_CONTEXT_PRESENT,71,71,CACHED_SELECTED_LAP_STREAM,520,20393,16555,2018-07-01T13:12:43.751000,2018-07-01T14:34:41.123000,2018-07-01T13:12:43.715000,2018-07-01T14:34:41.097000,403.535,5320.907,403.499,5320.881,1.3659366666666668,1.3659394444444446,1,71,1,71,0.2400000000000091,0.24099999999998545,0.3600000000005821,0,0.0,0,0,0.3000000000000682,0.3000000000001819,0.3989999999998872,0,0.0,0,0,TELEMETRY_COVERAGE_PASS,FastF1 raw Date plus session-relative SessionTime; timezone/latency is not inferred; lap assignment is interval lookup from FastF1 LapStartTime/Time
2018:Austrian Grand Prix:Race,train,2018,Austrian Grand Prix,Race,RIC,3,TRUE,TRUE,LAP_CONTEXT_PRESENT,54,54,CACHED_SELECTED_LAP_STREAM,525,16067,13043,2018-07-01T13:12:43.751000,2018-07-01T14:17:17.992000,2018-07-01T13:12:43.715000,2018-07-01T14:17:17.879000,403.535,4277.776,403.499,4277.663,1.0761780555555556,1.0761566666666667,1,54,1,54,0.2400000000000091,0.24099999999998545,0.3600000000005821,0,0.0,0,0,0.2999999999999545,0.3000000000001819,0.3989999999998872,0,0.0,0,0,TELEMETRY_COVERAGE_PASS,FastF1 raw Date plus session-relative SessionTime; timezone/latency is not inferred; lap assignment is interval lookup from FastF1 LapStartTime/Time
2018:Austrian Grand Prix:Race,train,2018,Austrian Grand Prix,Race,SAI,55,TRUE,TRUE,LAP_CONTEXT_PRESENT,70,70,CACHED_SELECTED_LAP_STREAM,544,20661,16773,2018-07-01T13:12:43.751000,2018-07-01T14:35:46.004000,2018-07-01T13:12:43.715000,2018-07-01T14:35:45.898000,403.535,5385.788,403.499,5385.682,1.3839591666666666,1.3839397222222223,1,70,1,70,0.2400000000000091,0.24099999999998545,0.3600000000005821,0,0.0,0,0,0.3000000000000682,0.3000000000001819,0.3989999999998872,0,0.0,0,0,TELEMETRY_COVERAGE_PASS,FastF1 raw Date plus session-relative SessionTime; timezone/latency is not inferred; lap assignment is interval lookup from FastF1 LapStartTime/Time
2018:Austrian Grand Prix:Race,train,2018,Austrian Grand Prix,Race,SIR,35,TRUE,TRUE,LAP_CONTEXT_PRESENT,69,69,CACHED_SELECTED_LAP_STREAM,552,20535,16671,2018-07-01T13:12:43.751000,2018-07-01T14:35:15.604000,2018-07-01T13:12:43.715000,2018-07-01T14:35:15.598000,403.535,5355.388,403.499,5355.382,1.3755147222222222,1.3755230555555555,1,69,1,69,0.2400000000000091,0.24099999999998545,0.3600000000005821,0,0.0,0,0,0.3000000000000682,0.3000000000001819,0.3989999999998872,0,0.0,0,0,TELEMETRY_COVERAGE_PASS,FastF1 raw Date plus session-relative SessionTime; timezone/latency is not inferred; lap assignment is interval lookup from FastF1 LapStartTime/Time
2018:Austrian Grand Prix:Race,train,2018,Austrian Grand Prix,Race,STR,18,TRUE,TRUE,LAP_CONTEXT_PRESENT,69,69,CACHED_SELECTED_LAP_STREAM,536,20502,16644,2018-07-01T13:12:43.751000,2018-07-01T14:35:07.604000,2018-07-01T13:12:43.715000,2018-07-01T14:35:07.598000,403.535,5347.388,403.499,5347.382,1.3732925,1.3733008333333332,1,69,1,69,0.2400000000000091,0.24099999999998545,0.3600000000005821,0,0.0,0,0,0.3000000000000682,0.3000000000001819,0.3989999999998872,0,0.0,0,0,TELEMETRY_COVERAGE_PASS,FastF1 raw Date plus session-relative SessionTime; timezone/latency is not inferred; lap assignment is interval lookup from FastF1 LapStartTime/Time
2018:Austrian Grand Prix:Race,train,2018,Austrian Grand Prix,Race,VAN,2,TRUE,TRUE,LAP_CONTEXT_PRESENT,65,65,CACHED_SELECTED_LAP_STREAM,536,19610,15920,2018-07-01T13:12:43.751000,2018-07-01T14:31:32.521000,2018-07-01T13:12:43.715000,2018-07-01T14:31:32.494000,403.535,5132.305,403.499,5132.278,1.3135472222222224,1.3135497222222223,1,65,1,65,0.2400000000000091,0.24099999999998545,0.3600000000005821,0,0.0,0,0,0.30000000000001137,0.3000000000001819,0.3989999999998872,0,0.0,0,0,TELEMETRY_COVERAGE_PASS,FastF1 raw Date plus session-relative SessionTime; timezone/latency is not inferred; lap assignment is interval lookup from FastF1 LapStartTime/Time
2018:Austrian Grand Prix:Race,train,2018,Austrian Grand Prix,Race,VER,33,TRUE,TRUE,LAP_CONTEXT_PRESENT,71,71,CACHED_SELECTED_LAP_STREAM,522,20387,16550,2018-07-01T13:12:43.751000,2018-07-01T14:34:39.643000,2018-07-01T13:12:43.715000,2018-07-01T14:34:39.598000,403.535,5319.427,403.499,5319.382,1.3655255555555554,1.3655230555555555,1,71,1,71,0.2400000000000091,0.24099999999998545,0.3600000000005821,0,0.0,0,0,0.3000000000000682,0.3000000000001819,0.3989999999998872,0,0.0,0,0,TELEMETRY_COVERAGE_PASS,FastF1 raw Date plus session-relative SessionTime; timezone/latency is not inferred; lap assignment is interval lookup from FastF1 LapStartTime/Time
2018:Austrian Grand Prix:Race,train,2018,Austrian Grand Prix,Race,VET,5,TRUE,TRUE,LAP_CONTEXT_PRESENT,71,71,CACHED_SELECTED_LAP_STREAM,523,20400,16561,2018-07-01T13:12:43.751000,2018-07-01T14:34:42.843000,2018-07-01T13:12:43.715000,2018-07-01T14:34:42.897000,403.535,5322.627,403.499,5322.681,1.3664144444444446,1.3664394444444443,1,71,1,71,0.2400000000000091,0.24099999999998545,0.3600000000005821,0,0.0,0,0,0.3000000000000682,0.3000000000001819,0.3989999999998872,0,0.0,0,0,TELEMETRY_COVERAGE_PASS,FastF1 raw Date plus session-relative SessionTime; timezone/latency is not inferred; lap assignment is interval lookup from FastF1 LapStartTime/Time
2018:British Grand Prix:Race,train,2018,British Grand Prix,Race,ALO,14,TRUE,TRUE,LAP_CONTEXT_PRESENT,52,52,CACHED_SELECTED_LAP_STREAM,726,22228,17779,2018-07-08T13:13:17.735000,2018-07-08T14:41:18.417000,2018-07-08T13:13:17.694000,2018-07-08T14:41:18.583000,437.724,5718.406,437.683,5718.572,1.4668561111111111,1.4669136111111112,1,52,1,52,0.23999999999978172,0.27999999999974534,0.40099999999983993,0,0.0,0,0,0.3000000000000682,0.3000000000001819,0.40000000000009095,0,0.0,0,0,TELEMETRY_COVERAGE_PASS,FastF1 raw Date plus session-relative SessionTime; timezone/latency is not inferred; lap assignment is interval lookup from FastF1 LapStartTime/Time
2018:British Grand Prix:Race,train,2018,British Grand Prix,Race,BOT,77,TRUE,TRUE,LAP_CONTEXT_PRESENT,52,52,CACHED_SELECTED_LAP_STREAM,708,22136,17704,2018-07-08T13:13:17.735000,2018-07-08T14:40:56.416000,2018-07-08T13:13:17.694000,2018-07-08T14:40:56.382000,437.724,5696.405,437.683,5696.371,1.460744722222222,1.4607466666666666,1,52,1,52,0.23999999999978172,0.27999999999974534,0.40099999999983993,0,0.0,0,0,0.3000000000000682,0.3000000000001819,0.40000000000009095,0,0.0,0,0,TELEMETRY_COVERAGE_PASS,FastF1 raw Date plus session-relative SessionTime; timezone/latency is not inferred; lap assignment is interval lookup from FastF1 LapStartTime/Time
2018:British Grand Prix:Race,train,2018,British Grand Prix,Race,ERI,9,TRUE,TRUE,LAP_CONTEXT_PRESENT,32,32,CACHED_SELECTED_LAP_STREAM,729,13234,10584,2018-07-08T13:13:17.735000,2018-07-08T14:05:41.435000,2018-07-08T13:13:17.694000,2018-07-08T14:05:41.347000,437.724,3581.424,437.683,3581.336,0.87325,0.8732369444444444,1,32,1,32,0.2400000000000091,0.2799999999999727,0.40099999999983993,0,0.0,0,0,0.2999999999999545,0.3000000000001819,0.40000000000009095,0,0.0,0,0,TELEMETRY_COVERAGE_PASS,FastF1 raw Date plus session-relative SessionTime; timezone/latency is not inferred; lap assignment is interval lookup from FastF1 LapStartTime/Time
2018:British Grand Prix:Race,train,2018,British Grand Prix,Race,GAS,10,TRUE,TRUE,LAP_CONTEXT_PRESENT,52,52,CACHED_SELECTED_LAP_STREAM,728,22241,17789,2018-07-08T13:13:17.735000,2018-07-08T14:41:21.537000,2018-07-08T13:13:17.694000,2018-07-08T14:41:21.583000,437.724,5721.526,437.683,5721.572,1.4677227777777777,1.4677469444444444,1,52,1,52,0.23999999999978172,0.27999999999974534,0.40099999999983993,0,0.0,0,0,0.3000000000000682,0.3000000000001819,0.40000000000009095,0,0.0,0,0,TELEMETRY_COVERAGE_PASS,FastF1 raw Date plus session-relative SessionTime; timezone/latency is not inferred; lap assignment is interval lookup from FastF1 LapStartTime/Time
2018:British Grand Prix:Race,train,2018,British Grand Prix,Race,GRO,8,TRUE,TRUE,LAP_CONTEXT_PRESENT,38,38,CACHED_SELECTED_LAP_STREAM,730,16278,13019,2018-07-08T13:13:17.735000,2018-07-08T14:17:44.762000,2018-07-08T13:13:17.694000,2018-07-08T14:17:44.659000,437.724,4304.751,437.683,4304.648,1.0741741666666667,1.0741569444444445,1,38,1,38,0.2400000000000091,0.2799999999999727,0.40099999999983993,0,0.0,0,0,0.2999999999999545,0.3000000000001819,0.40000000000009095,0,0.0,0,0,TELEMETRY_COVERAGE_PASS,FastF1 raw Date plus session-relative SessionTime; timezone/latency is not inferred; lap assignment is interval lookup from FastF1 LapStartTime/Time
2018:British Grand Prix:Race,train,2018,British Grand Prix,Race,HAM,44,TRUE,TRUE,LAP_CONTEXT_PRESENT,52,52,CACHED_SELECTED_LAP_STREAM,710,22107,17681,2018-07-08T13:13:17.735000,2018-07-08T14:40:49.616000,2018-07-08T13:13:17.694000,2018-07-08T14:40:49.482000,437.724,5689.605,437.683,5689.471,1.4588558333333332,1.4588299999999998,1,52,1,52,0.23999999999978172,0.27999999999974534,0.40099999999983993,0,0.0,0,0,0.3000000000000682,0.3000000000001819,0.40000000000009095,0,0.0,0,0,TELEMETRY_COVERAGE_PASS,FastF1 raw Date plus session-relative SessionTime; timezone/latency is not inferred; lap assignment is interval lookup from FastF1 LapStartTime/Time
2018:British Grand Prix:Race,train,2018,British Grand Prix,Race,HAR,28,TRUE,TRUE,LAP_CONTEXT_PRESENT,1,1,CACHED_SELECTED_LAP_STREAM,1323,735,588,2018-07-08T13:13:17.735000,2018-07-08T13:16:12.083000,2018-07-08T13:13:17.694000,2018-07-08T13:16:12.096000,437.724,612.072,437.683,612.085,0.04843,0.04844500000000001,1,1,1,1,0.2400000000000091,0.2799999999999727,0.3590000000000373,0,0.0,0,0,0.30000000000001137,0.3000000000000682,0.30100000000004457,0,0.0,0,0,TELEMETRY_COVERAGE_PASS,FastF1 raw Date plus session-relative SessionTime; timezone/latency is not inferred; lap assignment is interval lookup from FastF1 LapStartTime/Time
2018:British Grand Prix:Race,train,2018,British Grand Prix,Race,HUL,27,TRUE,TRUE,LAP_CONTEXT_PRESENT,52,52,CACHED_SELECTED_LAP_STREAM,724,22217,17769,2018-07-08T13:13:17.735000,2018-07-08T14:41:15.698000,2018-07-08T13:13:17.694000,2018-07-08T14:41:15.682000,437.724,5715.687,437.683,5715.671,1.4661008333333332,1.4661077777777778,1,52,1,52,0.23999999999978172,0.27999999999974534,0.40099999999983993,0,0.0,0,0,0.3000000000000682,0.3000000000001819,0.40000000000009095,0,0.0,0,0,TELEMETRY_COVERAGE_PASS,FastF1 raw Date plus session-relative SessionTime; timezone/latency is not inferred; lap assignment is interval lookup from FastF1 LapStartTime/Time
2018:British Grand Prix:Race,train,2018,British Grand Prix,Race,LEC,16,TRUE,TRUE,LAP_CONTEXT_PRESENT,18,18,CACHED_SELECTED_LAP_STREAM,724,7271,5814,2018-07-08T13:13:17.735000,2018-07-08T13:42:04.580000,2018-07-08T13:13:17.694000,2018-07-08T13:42:04.423000,437.724,2164.569,437.683,2164.412,0.47967916666666666,0.4796469444444444,1,18,1,18,0.2400000000000091,0.2799999999999727,0.40099999999983993,0,0.0,0,0,0.2999999999999545,0.3000000000001819,0.40000000000009095,0,0.0,0,0,TELEMETRY_COVERAGE_PASS,FastF1 raw Date plus session-relative SessionTime; timezone/latency is not inferred; lap assignment is interval lookup from FastF1 LapStartTime/Time
2018:British Grand Prix:Race,train,2018,British Grand Prix,Race,MAG,20,TRUE,TRUE,LAP_CONTEXT_PRESENT,52,52,CACHED_SELECTED_LAP_STREAM,725,22237,17786,2018-07-08T13:13:17.735000,2018-07-08T14:41:20.577000,2018-07-08T13:13:17.694000,2018-07-08T14:41:20.683000,437.724,5720.566,437.683,5720.672,1.467456111111111,1.4674969444444443,1,52,1,52,0.23999999999978172,0.27999999999974534,0.40099999999983993,0,0.0,0,0,0.3000000000000682,0.3000000000001819,0.40000000000009095,0,0.0,0,0,TELEMETRY_COVERAGE_PASS,FastF1 raw Date plus session-relative SessionTime; timezone/latency is not inferred; lap assignment is interval lookup from FastF1 LapStartTime/Time
2018:British Grand Prix:Race,train,2018,British Grand Prix,Race,OCO,31,TRUE,TRUE,LAP_CONTEXT_PRESENT,52,52,CACHED_SELECTED_LAP_STREAM,726,22224,17774,2018-07-08T13:13:17.735000,2018-07-08T14:41:17.337000,2018-07-08T13:13:17.694000,2018-07-08T14:41:17.182000,437.724,5717.326,437.683,5717.171,1.4665561111111112,1.4665244444444445,1,52,1,52,0.23999999999978172,0.27999999999974534,0.40099999999983993,0,0.0,0,0,0.3000000000000682,0.3000000000001819,0.40000000000009095,0,0.0,0,0,TELEMETRY_COVERAGE_PASS,FastF1 raw Date plus session-relative SessionTime; timezone/latency is not inferred; lap assignment is interval lookup from FastF1 LapStartTime/Time
2018:British Grand Prix:Race,train,2018,British Grand Prix,Race,PER,11,TRUE,TRUE,LAP_CONTEXT_PRESENT,52,52,CACHED_SELECTED_LAP_STREAM,727,22244,17791,2018-07-08T13:13:17.735000,2018-07-08T14:41:22.218000,2018-07-08T13:13:17.694000,2018-07-08T14:41:22.183000,437.724,5722.207,437.683,5722.172,1.4679119444444444,1.467913611111111,1,52,1,52,0.23999999999978172,0.27999999999974534,0.40099999999983993,0,0.0,0,0,0.3000000000000682,0.3000000000001819,0.40000000000009095,0,0.0,0,0,TELEMETRY_COVERAGE_PASS,FastF1 raw Date plus session-relative SessionTime; timezone/latency is not inferred; lap assignment is interval lookup from FastF1 LapStartTime/Time
2018:British Grand Prix:Race,train,2018,British Grand Prix,Race,RAI,7,TRUE,TRUE,LAP_CONTEXT_PRESENT,52,52,CACHED_SELECTED_LAP_STREAM,711,22113,17686,2018-07-08T13:13:17.735000,2018-07-08T14:40:51.056000,2018-07-08T13:13:17.694000,2018-07-08T14:40:50.982000,437.724,5691.045,437.683,5690.971,1.4592558333333334,1.4592466666666666,1,52,1,52,0.23999999999978172,0.27999999999974534,0.40099999999983993,0,0.0,0,0,0.3000000000000682,0.3000000000001819,0.40000000000009095,0,0.0,0,0,TELEMETRY_COVERAGE_PASS,FastF1 raw Date plus session-relative SessionTime; timezone/latency is not inferred; lap assignment is interval lookup from FastF1 LapStartTime/Time
2018:British Grand Prix:Race,train,2018,British Grand Prix,Race,RIC,3,TRUE,TRUE,LAP_CONTEXT_PRESENT,52,52,CACHED_SELECTED_LAP_STREAM,713,22138,17706,2018-07-08T13:13:17.735000,2018-07-08T14:40:56.897000,2018-07-08T13:13:17.694000,2018-07-08T14:40:56.982000,437.724,5696.886,437.683,5696.971,1.4608783333333335,1.4609133333333333,1,52,1,52,0.23999999999978172,0.27999999999974534,0.40099999999983993,0,0.0,0,0,0.3000000000000682,0.3000000000001819,0.40000000000009095,0,0.0,0,0,TELEMETRY_COVERAGE_PASS,FastF1 raw Date plus session-relative SessionTime; timezone/latency is not inferred; lap assignment is interval lookup from FastF1 LapStartTime/Time
2018:British Grand Prix:Race,train,2018,British Grand Prix,Race,SAI,55,TRUE,TRUE,LAP_CONTEXT_PRESENT,38,38,CACHED_SELECTED_LAP_STREAM,734,16279,13020,2018-07-08T13:13:17.735000,2018-07-08T14:17:45.002000,2018-07-08T13:13:17.694000,2018-07-08T14:17:44.958000,437.724,4304.991,437.683,4304.947,1.0742408333333333,1.07424,1,38,1,38,0.2400000000000091,0.2799999999999727,0.40099999999983993,0,0.0,0,0,0.2999999999999545,0.3000000000001819,0.40000000000009095,0,0.0,0,0,TELEMETRY_COVERAGE_PASS,FastF1 raw Date plus session-relative SessionTime; timezone/latency is not inferred; lap assignment is interval lookup from FastF1 LapStartTime/Time
2018:British Grand Prix:Race,train,2018,British Grand Prix,Race,SIR,35,TRUE,TRUE,LAP_CONTEXT_PRESENT,52,52,CACHED_SELECTED_LAP_STREAM,730,22299,17836,2018-07-08T13:13:17.735000,2018-07-08T14:41:35.537000,2018-07-08T13:13:17.694000,2018-07-08T14:41:35.583000,437.724,5735.526,437.683,5735.572,1.4716116666666665,1.4716358333333335,1,52,1,52,0.23999999999978172,0.27999999999974534,0.40099999999983993,0,0.0,0,0,0.3000000000000682,0.3000000000001819,0.40000000000009095,0,0.0,0,0,TELEMETRY_COVERAGE_PASS,FastF1 raw Date plus session-relative SessionTime; timezone/latency is not inferred; lap assignment is interval lookup from FastF1 LapStartTime/Time
2018:British Grand Prix:Race,train,2018,British Grand Prix,Race,STR,18,TRUE,TRUE,LAP_CONTEXT_PRESENT,52,52,CACHED_SELECTED_LAP_STREAM,731,22258,17802,2018-07-08T13:13:17.735000,2018-07-08T14:41:25.577000,2018-07-08T13:13:17.694000,2018-07-08T14:41:25.483000,437.724,5725.566,437.683,5725.472,1.468845,1.4688302777777777,1,52,1,52,0.23999999999978172,0.27999999999974534,0.40099999999983993,0,0.0,0,0,0.3000000000000682,0.3000000000001819,0.40000000000009095,0,0.0,0,0,TELEMETRY_COVERAGE_PASS,FastF1 raw Date plus session-relative SessionTime; timezone/latency is not inferred; lap assignment is interval lookup from FastF1 LapStartTime/Time
2018:British Grand Prix:Race,train,2018,British Grand Prix,Race,VAN,2,TRUE,TRUE,LAP_CONTEXT_PRESENT,52,52,CACHED_SELECTED_LAP_STREAM,730,22248,17794,2018-07-08T13:13:17.735000,2018-07-08T14:41:23.177000,2018-07-08T13:13:17.694000,2018-07-08T14:41:23.082000,437.724,5723.166,437.683,5723.071,1.4681783333333334,1.4681633333333333,1,52,1,52,0.23999999999978172,0.27999999999974534,0.40099999999983993,0,0.0,0,0,0.3000000000000682,0.3000000000001819,0.40000000000009095,0,0.0,0,0,TELEMETRY_COVERAGE_PASS,FastF1 raw Date plus session-relative SessionTime; timezone/latency is not inferred; lap assignment is interval lookup from FastF1 LapStartTime/Time
2018:British Grand Prix:Race,train,2018,British Grand Prix,Race,VER,33,TRUE,TRUE,LAP_CONTEXT_PRESENT,47,47,CACHED_SELECTED_LAP_STREAM,713,20501,16398,2018-07-08T13:13:17.735000,2018-07-08T14:34:28.293000,2018-07-08T13:13:17.694000,2018-07-08T14:34:28.376000,437.724,5308.282,437.683,5308.365,1.3529327777777778,1.3529672222222222,1,47,1,47,0.23999999999978172,0.27999999999974534,0.40099999999983993,0,0.0,0,0,0.3000000000000682,0.3000000000001819,0.40000000000009095,0,0.0,0,0,TELEMETRY_COVERAGE_PASS,FastF1 raw Date plus session-relative SessionTime; timezone/latency is not inferred; lap assignment is interval lookup from FastF1 LapStartTime/Time
2018:British Grand Prix:Race,train,2018,British Grand Prix,Race,VET,5,TRUE,TRUE,LAP_CONTEXT_PRESENT,52,52,CACHED_SELECTED_LAP_STREAM,706,22098,17674,2018-07-08T13:13:17.735000,2018-07-08T14:40:47.457000,2018-07-08T13:13:17.694000,2018-07-08T14:40:47.382000,437.724,5687.446,437.683,5687.371,1.458256111111111,1.4582466666666667,1,52,1,52,0.23999999999978172,0.27999999999974534,0.40099999999983993,0,0.0,0,0,0.3000000000000682,0.3000000000001819,0.40000000000009095,0,0.0,0,0,TELEMETRY_COVERAGE_PASS,FastF1 raw Date plus session-relative SessionTime; timezone/latency is not inferred; lap assignment is interval lookup from FastF1 LapStartTime/Time
2018:German Grand Prix:Race,train,2018,German Grand Prix,Race,ALO,14,TRUE,TRUE,LAP_CONTEXT_PRESENT,65,65,CACHED_SELECTED_LAP_STREAM,611,23212,18559,2018-07-22T13:13:03.743000,2018-07-22T14:44:56.680000,2018-07-22T13:13:03.753000,2018-07-22T14:44:56.646000,416.711,5929.648,416.721,5929.614,1.531371388888889,1.5313591666666666,1,65,1,65,0.23999999999978172,0.27999999999974534,0.3610000000007858,0,0.0,0,0,0.3000000000000682,0.3000000000001819,0.5,0,0.0,0,0,TELEMETRY_COVERAGE_PASS,FastF1 raw Date plus session-relative SessionTime; timezone/latency is not inferred; lap assignment is interval lookup from FastF1 LapStartTime/Time
2018:German Grand Prix:Race,train,2018,German Grand Prix,Race,BOT,77,TRUE,TRUE,LAP_CONTEXT_PRESENT,67,67,CACHED_SELECTED_LAP_STREAM,596,23385,18698,2018-07-22T13:13:03.743000,2018-07-22T14:45:38.160000,2018-07-22T13:13:03.753000,2018-07-22T14:45:37.946000,416.711,5971.128,416.721,5970.914,1.542893611111111,1.5428313888888887,1,67,1,67,0.23999999999978172,0.27999999999974534,0.3610000000007858,0,0.0,0,0,0.3000000000000682,0.3000000000001819,0.5,0,0.0,0,0,TELEMETRY_COVERAGE_PASS,FastF1 raw Date plus session-relative SessionTime; timezone/latency is not inferred; lap assignment is interval lookup from FastF1 LapStartTime/Time
2018:German Grand Prix:Race,train,2018,German Grand Prix,Race,ERI,9,TRUE,TRUE,LAP_CONTEXT_PRESENT,67,67,CACHED_SELECTED_LAP_STREAM,610,23502,18792,2018-07-22T13:13:03.743000,2018-07-22T14:46:05.881000,2018-07-22T13:13:03.753000,2018-07-22T14:46:05.947000,416.711,5998.849,416.721,5998.915,1.5505938888888888,1.5506094444444443,1,67,1,67,0.23999999999978172,0.27999999999974534,0.3610000000007858,0,0.0,0,0,0.3000000000000682,0.3000000000001819,0.5,0,0.0,0,0,TELEMETRY_COVERAGE_PASS,FastF1 raw Date plus session-relative SessionTime; timezone/latency is not inferred; lap assignment is interval lookup from FastF1 LapStartTime/Time
2018:German Grand Prix:Race,train,2018,German Grand Prix,Race,GAS,10,TRUE,TRUE,LAP_CONTEXT_PRESENT,66,66,CACHED_SELECTED_LAP_STREAM,611,23528,18813,2018-07-22T13:13:03.743000,2018-07-22T14:46:12.082000,2018-07-22T13:13:03.753000,2018-07-22T14:46:12.147000,416.711,6005.05,416.721,6005.115,1.552316388888889,1.5523316666666667,1,66,1,66,0.23999999999978172,0.27999999999974534,0.3610000000007858,0,0.0,0,0,0.3000000000001819,0.3000000000001819,0.5,0,0.0,0,0,TELEMETRY_COVERAGE_PASS,FastF1 raw Date plus session-relative SessionTime; timezone/latency is not inferred; lap assignment is interval lookup from FastF1 LapStartTime/Time
2018:German Grand Prix:Race,train,2018,German Grand Prix,Race,GRO,8,TRUE,TRUE,LAP_CONTEXT_PRESENT,67,67,CACHED_SELECTED_LAP_STREAM,612,23487,18780,2018-07-22T13:13:03.743000,2018-07-22T14:46:02.361000,2018-07-22T13:13:03.753000,2018-07-22T14:46:02.347000,416.711,5995.329,416.721,5995.315,1.5496161111111109,1.5496094444444442,1,67,1,67,0.23999999999978172,0.27999999999974534,0.3610000000007858,0,0.0,0,0,0.3000000000000682,0.3000000000001819,0.5,0,0.0,0,0,TELEMETRY_COVERAGE_PASS,FastF1 raw Date plus session-relative SessionTime; timezone/latency is not inferred; lap assignment is interval lookup from FastF1 LapStartTime/Time
2018:German Grand Prix:Race,train,2018,German Grand Prix,Race,HAM,44,TRUE,TRUE,LAP_CONTEXT_PRESENT,67,67,CACHED_SELECTED_LAP_STREAM,598,23365,18683,2018-07-22T13:13:03.743000,2018-07-22T14:45:33.401000,2018-07-22T13:13:03.753000,2018-07-22T14:45:33.447000,416.711,5966.369,416.721,5966.415,1.5415716666666666,1.5415816666666666,1,67,1,67,0.23999999999978172,0.27999999999974534,0.3610000000007858,0,0.0,0,0,0.3000000000000682,0.3000000000001819,0.5,0,0.0,0,0,TELEMETRY_COVERAGE_PASS,FastF1 raw Date plus session-relative SessionTime; timezone/latency is not inferred; lap assignment is interval lookup from FastF1 LapStartTime/Time
2018:German Grand Prix:Race,train,2018,German Grand Prix,Race,HAR,28,TRUE,TRUE,LAP_CONTEXT_PRESENT,67,67,CACHED_SELECTED_LAP_STREAM,613,23510,18798,2018-07-22T13:13:03.743000,2018-07-22T14:46:07.761000,2018-07-22T13:13:03.753000,2018-07-22T14:46:07.647000,416.711,6000.729,416.721,6000.615,1.5511161111111111,1.5510816666666667,1,67,1,67,0.23999999999978172,0.27999999999974534,0.3610000000007858,0,0.0,0,0,0.3000000000000682,0.3000000000001819,0.5,0,0.0,0,0,TELEMETRY_COVERAGE_PASS,FastF1 raw Date plus session-relative SessionTime; timezone/latency is not inferred; lap assignment is interval lookup from FastF1 LapStartTime/Time
2018:German Grand Prix:Race,train,2018,German Grand Prix,Race,HUL,27,TRUE,TRUE,LAP_CONTEXT_PRESENT,67,67,CACHED_SELECTED_LAP_STREAM,608,23478,18773,2018-07-22T13:13:03.743000,2018-07-22T14:46:00.241000,2018-07-22T13:13:03.753000,2018-07-22T14:46:00.247000,416.711,5993.209,416.721,5993.215,1.549027222222222,1.5490261111111112,1,67,1,67,0.23999999999978172,0.27999999999974534,0.3610000000007858,0,0.0,0,0,0.3000000000000682,0.3000000000001819,0.5,0,0.0,0,0,TELEMETRY_COVERAGE_PASS,FastF1 raw Date plus session-relative SessionTime; timezone/latency is not inferred; lap assignment is interval lookup from FastF1 LapStartTime/Time
2018:German Grand Prix:Race,train,2018,German Grand Prix,Race,LEC,16,TRUE,TRUE,LAP_CONTEXT_PRESENT,66,66,CACHED_SELECTED_LAP_STREAM,609,23536,18819,2018-07-22T13:13:03.743000,2018-07-22T14:46:14.001000,2018-07-22T13:13:03.753000,2018-07-22T14:46:13.848000,416.711,6006.969,416.721,6006.816,1.5528494444444443,1.5528041666666665,1,66,1,66,0.23999999999978172,0.27999999999974534,0.3610000000007858,0,0.0,0,0,0.3000000000001819,0.3000000000001819,0.5,0,0.0,0,0,TELEMETRY_COVERAGE_PASS,FastF1 raw Date plus session-relative SessionTime; timezone/latency is not inferred; lap assignment is interval lookup from FastF1 LapStartTime/Time
2018:German Grand Prix:Race,train,2018,German Grand Prix,Race,MAG,20,TRUE,TRUE,LAP_CONTEXT_PRESENT,67,67,CACHED_SELECTED_LAP_STREAM,605,23513,18801,2018-07-22T13:13:03.743000,2018-07-22T14:46:08.481000,2018-07-22T13:13:03.753000,2018-07-22T14:46:08.547000,416.711,6001.449,416.721,6001.515,1.551316111111111,1.5513316666666666,1,67,1,67,0.23999999999978172,0.27999999999974534,0.3610000000007858,0,0.0,0,0,0.3000000000000682,0.3000000000001819,0.5,0,0.0,0,0,TELEMETRY_COVERAGE_PASS,FastF1 raw Date plus session-relative SessionTime; timezone/latency is not inferred; lap assignment is interval lookup from FastF1 LapStartTime/Time
2018:German Grand Prix:Race,train,2018,German Grand Prix,Race,OCO,31,TRUE,TRUE,LAP_CONTEXT_PRESENT,67,67,CACHED_SELECTED_LAP_STREAM,609,23499,18790,2018-07-22T13:13:03.743000,2018-07-22T14:46:05.201000,2018-07-22T13:13:03.753000,2018-07-22T14:46:05.347000,416.711,5998.169,416.721,5998.315,1.5504049999999998,1.5504427777777776,1,67,1,67,0.23999999999978172,0.27999999999974534,0.3610000000007858,0,0.0,0,0,0.3000000000000682,0.3000000000001819,0.5,0,0.0,0,0,TELEMETRY_COVERAGE_PASS,FastF1 raw Date plus session-relative SessionTime; timezone/latency is not inferred; lap assignment is interval lookup from FastF1 LapStartTime/Time
2018:German Grand Prix:Race,train,2018,German Grand Prix,Race,PER,11,TRUE,TRUE,LAP_CONTEXT_PRESENT,67,67,CACHED_SELECTED_LAP_STREAM,607,23494,18786,2018-07-22T13:13:03.743000,2018-07-22T14:46:04.041000,2018-07-22T13:13:03.753000,2018-07-22T14:46:04.147000,416.711,5997.009,416.721,5997.115,1.5500827777777777,1.5501094444444445,1,67,1,67,0.23999999999978172,0.27999999999974534,0.3610000000007858,0,0.0,0,0,0.3000000000000682,0.3000000000001819,0.5,0,0.0,0,0,TELEMETRY_COVERAGE_PASS,FastF1 raw Date plus session-relative SessionTime; timezone/latency is not inferred; lap assignment is interval lookup from FastF1 LapStartTime/Time
2018:German Grand Prix:Race,train,2018,German Grand Prix,Race,RAI,7,TRUE,TRUE,LAP_CONTEXT_PRESENT,67,67,CACHED_SELECTED_LAP_STREAM,598,23394,18706,2018-07-22T13:13:03.743000,2018-07-22T14:45:40.321000,2018-07-22T13:13:03.753000,2018-07-22T14:45:40.347000,416.711,5973.289,416.721,5973.315,1.5434938888888887,1.5434983333333332,1,67,1,67,0.23999999999978172,0.27999999999974534,0.3610000000007858,0,0.0,0,0,0.3000000000000682,0.3000000000001819,0.5,0,0.0,0,0,TELEMETRY_COVERAGE_PASS,FastF1 raw Date plus session-relative SessionTime; timezone/latency is not inferred; lap assignment is interval lookup from FastF1 LapStartTime/Time
2018:German Grand Prix:Race,train,2018,German Grand Prix,Race,RIC,3,TRUE,TRUE,LAP_CONTEXT_PRESENT,28,28,CACHED_SELECTED_LAP_STREAM,606,9753,7799,2018-07-22T13:13:03.743000,2018-07-22T13:51:40.447000,2018-07-22T13:13:03.753000,2018-07-22T13:51:40.393000,416.711,2733.415,416.721,2733.361,0.6435288888888888,0.643511111111111,1,28,1,28,0.2400000000000091,0.2799999999999727,0.3610000000001037,0,0.0,0,0,0.2999999999999545,0.3000000000001819,0.5,0,0.0,0,0,TELEMETRY_COVERAGE_PASS,FastF1 raw Date plus session-relative SessionTime; timezone/latency is not inferred; lap assignment is interval lookup from FastF1 LapStartTime/Time
2018:German Grand Prix:Race,train,2018,German Grand Prix,Race,SAI,55,TRUE,TRUE,LAP_CONTEXT_PRESENT,67,67,CACHED_SELECTED_LAP_STREAM,608,23505,18794,2018-07-22T13:13:03.743000,2018-07-22T14:46:06.601000,2018-07-22T13:13:03.753000,2018-07-22T14:46:06.448000,416.711,5999.569,416.721,5999.416,1.550793888888889,1.550748611111111,1,67,1,67,0.23999999999978172,0.27999999999974534,0.3610000000007858,0,0.0,0,0,0.3000000000000682,0.3000000000001819,0.5,0,0.0,0,0,TELEMETRY_COVERAGE_PASS,FastF1 raw Date plus session-relative SessionTime; timezone/latency is not inferred; lap assignment is interval lookup from FastF1 LapStartTime/Time
2018:German Grand Prix:Race,train,2018,German Grand Prix,Race,SIR,35,TRUE,TRUE,LAP_CONTEXT_PRESENT,51,51,CACHED_SELECTED_LAP_STREAM,617,17680,14136,2018-07-22T13:13:03.743000,2018-07-22T14:23:02.946000,2018-07-22T13:13:03.753000,2018-07-22T14:23:02.824000,416.711,4615.914,416.721,4615.792,1.1664452777777776,1.1664086111111112,1,51,1,51,0.23999999999978172,0.27999999999974534,0.3610000000001037,0,0.0,0,0,0.2999999999999545,0.3000000000001819,0.5,0,0.0,0,0,TELEMETRY_COVERAGE_PASS,FastF1 raw Date plus session-relative SessionTime; timezone/latency is not inferred; lap assignment is interval lookup from FastF1 LapStartTime/Time
2018:German Grand Prix:Race,train,2018,German Grand Prix,Race,STR,18,TRUE,TRUE,LAP_CONTEXT_PRESENT,53,53,CACHED_SELECTED_LAP_STREAM,615,18761,15002,2018-07-22T13:13:03.743000,2018-07-22T14:27:20.069000,2018-07-22T13:13:03.753000,2018-07-22T14:27:20.128000,416.711,4873.037,416.721,4873.096,1.2378683333333333,1.2378819444444444,1,53,1,53,0.23999999999978172,0.27999999999974534,0.3610000000007858,0,0.0,0,0,0.2999999999999545,0.3000000000001819,0.5,0,0.0,0,0,TELEMETRY_COVERAGE_PASS,FastF1 raw Date plus session-relative SessionTime; timezone/latency is not inferred; lap assignment is interval lookup from FastF1 LapStartTime/Time
2018:German Grand Prix:Race,train,2018,German Grand Prix,Race,VAN,2,TRUE,TRUE,LAP_CONTEXT_PRESENT,67,67,CACHED_SELECTED_LAP_STREAM,612,23562,18840,2018-07-22T13:13:03.743000,2018-07-22T14:46:20.241000,2018-07-22T13:13:03.753000,2018-07-22T14:46:20.148000,416.711,6013.209,416.721,6013.116,1.5545827777777776,1.5545541666666667,1,67,1,67,0.23999999999978172,0.27999999999974534,0.3610000000007858,0,0.0,0,0,0.3000000000001819,0.3000000000001819,0.5,0,0.0,0,0,TELEMETRY_COVERAGE_PASS,FastF1 raw Date plus session-relative SessionTime; timezone/latency is not inferred; lap assignment is interval lookup from FastF1 LapStartTime/Time
2018:German Grand Prix:Race,train,2018,German Grand Prix,Race,VER,33,TRUE,TRUE,LAP_CONTEXT_PRESENT,67,67,CACHED_SELECTED_LAP_STREAM,597,23398,18709,2018-07-22T13:13:03.743000,2018-07-22T14:45:41.281000,2018-07-22T13:13:03.753000,2018-07-22T14:45:41.247000,416.711,5974.249,416.721,5974.215,1.5437605555555554,1.5437483333333335,1,67,1,67,0.23999999999978172,0.27999999999974534,0.3610000000007858,0,0.0,0,0,0.3000000000000682,0.3000000000001819,0.5,0,0.0,0,0,TELEMETRY_COVERAGE_PASS,FastF1 raw Date plus session-relative SessionTime; timezone/latency is not inferred; lap assignment is interval lookup from FastF1 LapStartTime/Time
2018:German Grand Prix:Race,train,2018,German Grand Prix,Race,VET,5,TRUE,TRUE,LAP_CONTEXT_PRESENT,52,52,CACHED_SELECTED_LAP_STREAM,595,17615,14084,2018-07-22T13:13:03.743000,2018-07-22T14:22:47.467000,2018-07-22T13:13:03.753000,2018-07-22T14:22:47.423000,416.711,4600.435,416.721,4600.391,1.1621455555555555,1.1621305555555557,1,52,1,52,0.23999999999978172,0.27999999999974534,0.3610000000001037,0,0.0,0,0,0.2999999999999545,0.3000000000001819,0.5,0,0.0,0,0,TELEMETRY_COVERAGE_PASS,FastF1 raw Date plus session-relative SessionTime; timezone/latency is not inferred; lap assignment is interval lookup from FastF1 LapStartTime/Time
2018:Hungarian Grand Prix:Race,train,2018,Hungarian Grand Prix,Race,ALO,14,TRUE,TRUE,LAP_CONTEXT_PRESENT,69,69,CACHED_SELECTED_LAP_STREAM,630,24729,19789,2018-07-29T13:12:57.544000,2018-07-29T14:50:55.568000,2018-07-29T13:12:57.578000,2018-07-29T14:50:55.576000,417.367,6295.391,417.401,6295.399,1.6327844444444444,1.6327772222222223,1,69,1,69,0.23999999999978172,0.27999999999974534,0.39900000000034197,0,0.0,0,0,0.3000000000001819,0.3000000000001819,0.3010000000003856,0,0.0,0,0,TELEMETRY_COVERAGE_PASS,FastF1 raw Date plus session-relative SessionTime; timezone/latency is not inferred; lap assignment is interval lookup from FastF1 LapStartTime/Time
2018:Hungarian Grand Prix:Race,train,2018,Hungarian Grand Prix,Race,BOT,77,TRUE,TRUE,LAP_CONTEXT_PRESENT,70,70,CACHED_SELECTED_LAP_STREAM,615,24763,19816,2018-07-29T13:12:57.544000,2018-07-29T14:51:03.688000,2018-07-29T13:12:57.578000,2018-07-29T14:51:03.676000,417.367,6303.511,417.401,6303.499,1.63504,1.6350272222222222,1,70,1,70,0.23999999999978172,0.27999999999974534,0.39900000000034197,0,0.0,0,0,0.3000000000001819,0.3000000000001819,0.3010000000003856,0,0.0,0,0,TELEMETRY_COVERAGE_PASS,FastF1 raw Date plus session-relative SessionTime; timezone/latency is not inferred; lap assignment is interval lookup from FastF1 LapStartTime/Time
2018:Hungarian Grand Prix:Race,train,2018,Hungarian Grand Prix,Race,ERI,9,TRUE,TRUE,LAP_CONTEXT_PRESENT,68,68,CACHED_SELECTED_LAP_STREAM,630,24727,19787,2018-07-29T13:12:57.544000,2018-07-29T14:50:55.048000,2018-07-29T13:12:57.578000,2018-07-29T14:50:54.977000,417.367,6294.871,417.401,6294.8,1.6326399999999999,1.6326108333333333,1,68,1,68,0.23999999999978172,0.27999999999974534,0.39900000000034197,0,0.0,0,0,0.3000000000001819,0.3000000000001819,0.3010000000003856,0,0.0,0,0,TELEMETRY_COVERAGE_PASS,FastF1 raw Date plus session-relative SessionTime; timezone/latency is not inferred; lap assignment is interval lookup from FastF1 LapStartTime/Time
2018:Hungarian Grand Prix:Race,train,2018,Hungarian Grand Prix,Race,GAS,10,TRUE,TRUE,LAP_CONTEXT_PRESENT,70,70,CACHED_SELECTED_LAP_STREAM,618,24861,19895,2018-07-29T13:12:57.544000,2018-07-29T14:51:26.967000,2018-07-29T13:12:57.578000,2018-07-29T14:51:27.077000,417.367,6326.79,417.401,6326.9,1.6415063888888888,1.6415275,1,70,1,70,0.23999999999978172,0.27999999999974534,0.39900000000034197,0,0.0,0,0,0.3000000000001819,0.3000000000001819,0.3010000000003856,0,0.0,0,0,TELEMETRY_COVERAGE_PASS,FastF1 raw Date plus session-relative SessionTime; timezone/latency is not inferred; lap assignment is interval lookup from FastF1 LapStartTime/Time
2018:Hungarian Grand Prix:Race,train,2018,Hungarian Grand Prix,Race,GRO,8,TRUE,TRUE,LAP_CONTEXT_PRESENT,69,69,CACHED_SELECTED_LAP_STREAM,626,24783,19832,2018-07-29T13:12:57.544000,2018-07-29T14:51:08.368000,2018-07-29T13:12:57.578000,2018-07-29T14:51:08.377000,417.367,6308.191,417.401,6308.2,1.63634,1.6363330555555555,1,69,1,69,0.23999999999978172,0.27999999999974534,0.39900000000034197,0,0.0,0,0,0.3000000000001819,0.3000000000001819,0.3010000000003856,0,0.0,0,0,TELEMETRY_COVERAGE_PASS,FastF1 raw Date plus session-relative SessionTime; timezone/latency is not inferred; lap assignment is interval lookup from FastF1 LapStartTime/Time
2018:Hungarian Grand Prix:Race,train,2018,Hungarian Grand Prix,Race,HAM,44,TRUE,TRUE,LAP_CONTEXT_PRESENT,70,70,CACHED_SELECTED_LAP_STREAM,613,24555,19648,2018-07-29T13:12:57.544000,2018-07-29T14:50:13.807000,2018-07-29T13:12:57.578000,2018-07-29T14:50:13.676000,417.367,6253.63,417.401,6253.499,1.6211841666666666,1.6211383333333333,1,70,1,70,0.23999999999978172,0.27999999999974534,0.39900000000034197,0,0.0,0,0,0.3000000000001819,0.3000000000001819,0.3010000000003856,0,0.0,0,0,TELEMETRY_COVERAGE_PASS,FastF1 raw Date plus session-relative SessionTime; timezone/latency is not inferred; lap assignment is interval lookup from FastF1 LapStartTime/Time
2018:Hungarian Grand Prix:Race,train,2018,Hungarian Grand Prix,Race,HAR,28,TRUE,TRUE,LAP_CONTEXT_PRESENT,69,69,CACHED_SELECTED_LAP_STREAM,629,24789,19836,2018-07-29T13:12:57.544000,2018-07-29T14:51:09.768000,2018-07-29T13:12:57.578000,2018-07-29T14:51:09.577000,417.367,6309.591,417.401,6309.4,1.636728888888889,1.6366663888888888,1,69,1,69,0.23999999999978172,0.27999999999974534,0.39900000000034197,0,0.0,0,0,0.3000000000001819,0.3000000000001819,0.3010000000003856,0,0.0,0,0,TELEMETRY_COVERAGE_PASS,FastF1 raw Date plus session-relative SessionTime; timezone/latency is not inferred; lap assignment is interval lookup from FastF1 LapStartTime/Time
2018:Hungarian Grand Prix:Race,train,2018,Hungarian Grand Prix,Race,HUL,27,TRUE,TRUE,LAP_CONTEXT_PRESENT,69,69,CACHED_SELECTED_LAP_STREAM,628,24815,19857,2018-07-29T13:12:57.544000,2018-07-29T14:51:15.928000,2018-07-29T13:12:57.578000,2018-07-29T14:51:15.777000,417.367,6315.751,417.401,6315.6,1.63844,1.6383886111111112,1,69,1,69,0.23999999999978172,0.27999999999974534,0.39900000000034197,0,0.0,0,0,0.3000000000001819,0.3000000000001819,0.3010000000003856,0,0.0,0,0,TELEMETRY_COVERAGE_PASS,FastF1 raw Date plus session-relative SessionTime; timezone/latency is not inferred; lap assignment is interval lookup from FastF1 LapStartTime/Time
2018:Hungarian Grand Prix:Race,train,2018,Hungarian Grand Prix,Race,LEC,16,TRUE,TRUE,LAP_CONTEXT_PRESENT,1,1,CACHED_SELECTED_LAP_STREAM,660,366,292,2018-07-29T13:12:57.544000,2018-07-29T13:14:24.145000,2018-07-29T13:12:57.578000,2018-07-29T13:14:24.080000,417.367,503.968,417.401,503.903,0.024055833333333332,0.024028333333333336,1,1,1,1,0.2400000000000091,0.2799999999999727,0.32000000000005,0,0.0,0,0,0.30000000000001137,0.30000000000001137,0.3009999999999877,0,0.0,0,0,TELEMETRY_COVERAGE_PASS,FastF1 raw Date plus session-relative SessionTime; timezone/latency is not inferred; lap assignment is interval lookup from FastF1 LapStartTime/Time
2018:Hungarian Grand Prix:Race,train,2018,Hungarian Grand Prix,Race,MAG,20,TRUE,TRUE,LAP_CONTEXT_PRESENT,69,69,CACHED_SELECTED_LAP_STREAM,622,24575,19665,2018-07-29T13:12:57.544000,2018-07-29T14:50:18.647000,2018-07-29T13:12:57.578000,2018-07-29T14:50:18.776000,417.367,6258.47,417.401,6258.599,1.622528611111111,1.6225550000000002,1,69,1,69,0.23999999999978172,0.27999999999974534,0.39900000000034197,0,0.0,0,0,0.3000000000001819,0.3000000000001819,0.3010000000003856,0,0.0,0,0,TELEMETRY_COVERAGE_PASS,FastF1 raw Date plus session-relative SessionTime; timezone/latency is not inferred; lap assignment is interval lookup from FastF1 LapStartTime/Time
2018:Hungarian Grand Prix:Race,train,2018,Hungarian Grand Prix,Race,OCO,31,TRUE,TRUE,LAP_CONTEXT_PRESENT,69,69,CACHED_SELECTED_LAP_STREAM,631,24851,19886,2018-07-29T13:12:57.544000,2018-07-29T14:51:24.528000,2018-07-29T13:12:57.578000,2018-07-29T14:51:24.477000,417.367,6324.351,417.401,6324.3,1.6408288888888887,1.640805277777778,1,69,1,69,0.23999999999978172,0.27999999999974534,0.39900000000034197,0,0.0,0,0,0.3000000000001819,0.3000000000001819,0.3010000000003856,0,0.0,0,0,TELEMETRY_COVERAGE_PASS,FastF1 raw Date plus session-relative SessionTime; timezone/latency is not inferred; lap assignment is interval lookup from FastF1 LapStartTime/Time
2018:Hungarian Grand Prix:Race,train,2018,Hungarian Grand Prix,Race,PER,11,TRUE,TRUE,LAP_CONTEXT_PRESENT,69,69,CACHED_SELECTED_LAP_STREAM,633,24891,19919,2018-07-29T13:12:57.544000,2018-07-29T14:51:34.127000,2018-07-29T13:12:57.578000,2018-07-29T14:51:34.277000,417.367,6333.95,417.401,6334.1,1.6434952777777776,1.6435275000000003,1,69,1,69,0.23999999999978172,0.27999999999974534,0.39900000000034197,0,0.0,0,0,0.3000000000001819,0.3000000000001819,0.3010000000003856,0,0.0,0,0,TELEMETRY_COVERAGE_PASS,FastF1 raw Date plus session-relative SessionTime; timezone/latency is not inferred; lap assignment is interval lookup from FastF1 LapStartTime/Time
2018:Hungarian Grand Prix:Race,train,2018,Hungarian Grand Prix,Race,RAI,7,TRUE,TRUE,LAP_CONTEXT_PRESENT,70,70,CACHED_SELECTED_LAP_STREAM,615,24639,19716,2018-07-29T13:12:57.544000,2018-07-29T14:50:33.927000,2018-07-29T13:12:57.578000,2018-07-29T14:50:33.876000,417.367,6273.75,417.401,6273.699,1.6267730555555555,1.6267494444444444,1,70,1,70,0.23999999999978172,0.27999999999974534,0.39900000000034197,0,0.0,0,0,0.3000000000001819,0.3000000000001819,0.3010000000003856,0,0.0,0,0,TELEMETRY_COVERAGE_PASS,FastF1 raw Date plus session-relative SessionTime; timezone/latency is not inferred; lap assignment is interval lookup from FastF1 LapStartTime/Time
2018:Hungarian Grand Prix:Race,train,2018,Hungarian Grand Prix,Race,RIC,3,TRUE,TRUE,LAP_CONTEXT_PRESENT,70,70,CACHED_SELECTED_LAP_STREAM,627,24748,19804,2018-07-29T13:12:57.544000,2018-07-29T14:51:00.168000,2018-07-29T13:12:57.578000,2018-07-29T14:51:00.077000,417.367,6299.991,417.401,6299.9,1.634062222222222,1.6340275,1,70,1,70,0.23999999999978172,0.27999999999974534,0.39900000000034197,0,0.0,0,0,0.3000000000001819,0.3000000000001819,0.3010000000003856,0,0.0,0,0,TELEMETRY_COVERAGE_PASS,FastF1 raw Date plus session-relative SessionTime; timezone/latency is not inferred; lap assignment is interval lookup from FastF1 LapStartTime/Time
2018:Hungarian Grand Prix:Race,train,2018,Hungarian Grand Prix,Race,SAI,55,TRUE,TRUE,LAP_CONTEXT_PRESENT,69,69,CACHED_SELECTED_LAP_STREAM,629,24781,19830,2018-07-29T13:12:57.544000,2018-07-29T14:51:07.927000,2018-07-29T13:12:57.578000,2018-07-29T14:51:07.777000,417.367,6307.75,417.401,6307.6,1.6362174999999999,1.636166388888889,1,69,1,69,0.23999999999978172,0.27999999999974534,0.39900000000034197,0,0.0,0,0,0.3000000000001819,0.3000000000001819,0.3010000000003856,0,0.0,0,0,TELEMETRY_COVERAGE_PASS,FastF1 raw Date plus session-relative SessionTime; timezone/latency is not inferred; lap assignment is interval lookup from FastF1 LapStartTime/Time
2018:Hungarian Grand Prix:Race,train,2018,Hungarian Grand Prix,Race,SIR,35,TRUE,TRUE,LAP_CONTEXT_PRESENT,68,68,CACHED_SELECTED_LAP_STREAM,635,24767,19819,2018-07-29T13:12:57.544000,2018-07-29T14:51:04.608000,2018-07-29T13:12:57.578000,2018-07-29T14:51:04.576000,417.367,6304.431,417.401,6304.399,1.6352955555555553,1.6352772222222223,1,68,1,68,0.23999999999978172,0.27999999999974534,0.39900000000034197,0,0.0,0,0,0.3000000000001819,0.3000000000001819,0.3010000000003856,0,0.0,0,0,TELEMETRY_COVERAGE_PASS,FastF1 raw Date plus session-relative SessionTime; timezone/latency is not inferred; lap assignment is interval lookup from FastF1 LapStartTime/Time
2018:Hungarian Grand Prix:Race,train,2018,Hungarian Grand Prix,Race,STR,18,TRUE,TRUE,LAP_CONTEXT_PRESENT,68,68,CACHED_SELECTED_LAP_STREAM,635,24770,19822,2018-07-29T13:12:57.544000,2018-07-29T14:51:05.328000,2018-07-29T13:12:57.578000,2018-07-29T14:51:05.377000,417.367,6305.151,417.401,6305.2,1.6354955555555555,1.6354997222222223,1,68,1,68,0.23999999999978172,0.27999999999974534,0.39900000000034197,0,0.0,0,0,0.3000000000001819,0.3000000000001819,0.3010000000003856,0,0.0,0,0,TELEMETRY_COVERAGE_PASS,FastF1 raw Date plus session-relative SessionTime; timezone/latency is not inferred; lap assignment is interval lookup from FastF1 LapStartTime/Time
2018:Hungarian Grand Prix:Race,train,2018,Hungarian Grand Prix,Race,VAN,2,TRUE,TRUE,LAP_CONTEXT_PRESENT,50,50,CACHED_SELECTED_LAP_STREAM,650,18282,14624,2018-07-29T13:12:57.544000,2018-07-29T14:25:21.151000,2018-07-29T13:12:57.578000,2018-07-29T14:25:21.351000,417.367,4760.974,417.401,4761.174,1.2065575,1.2066036111111111,1,50,1,50,0.23999999999978172,0.27999999999974534,0.39900000000034197,0,0.0,0,0,0.2999999999999545,0.3000000000001819,0.3010000000003856,0,0.0,0,0,TELEMETRY_COVERAGE_PASS,FastF1 raw Date plus session-relative SessionTime; timezone/latency is not inferred; lap assignment is interval lookup from FastF1 LapStartTime/Time
2018:Hungarian Grand Prix:Race,train,2018,Hungarian Grand Prix,Race,VER,33,TRUE,TRUE,LAP_CONTEXT_PRESENT,6,6,CACHED_SELECTED_LAP_STREAM,643,2434,1946,2018-07-29T13:12:57.544000,2018-07-29T13:22:35.310000,2018-07-29T13:12:57.578000,2018-07-29T13:22:35.388000,417.367,995.133,417.401,995.211,0.16049055555555558,0.16050277777777777,1,6,1,6,0.2400000000000091,0.2799999999999727,0.36000000000001364,0,0.0,0,0,0.2999999999999545,0.3000000000000682,0.30100000000004457,0,0.0,0,0,TELEMETRY_COVERAGE_PASS,FastF1 raw Date plus session-relative SessionTime; timezone/latency is not inferred; lap assignment is interval lookup from FastF1 LapStartTime/Time
2018:Hungarian Grand Prix:Race,train,2018,Hungarian Grand Prix,Race,VET,5,TRUE,TRUE,LAP_CONTEXT_PRESENT,70,70,CACHED_SELECTED_LAP_STREAM,614,24626,19706,2018-07-29T13:12:57.544000,2018-07-29T14:50:30.807000,2018-07-29T13:12:57.578000,2018-07-29T14:50:30.976000,417.367,6270.63,417.401,6270.799,1.625906388888889,1.6259438888888889,1,70,1,70,0.23999999999978172,0.27999999999974534,0.39900000000034197,0,0.0,0,0,0.3000000000001819,0.3000000000001819,0.3010000000003856,0,0.0,0,0,TELEMETRY_COVERAGE_PASS,FastF1 raw Date plus session-relative SessionTime; timezone/latency is not inferred; lap assignment is interval lookup from FastF1 LapStartTime/Time
2018:Belgian Grand Prix:Race,train,2018,Belgian Grand Prix,Race,ALO,14,TRUE,TRUE,LAP_CONTEXT_PRESENT,1,1,CACHED_SELECTED_LAP_STREAM,1124,617,505,2018-08-26T13:13:34.427000,2018-08-26T13:16:03.907000,2018-08-26T13:13:34.243000,2018-08-26T13:16:03.946000,1114.401,1263.881,1114.217,1263.92,0.041522222222222224,0.04158416666666666,1,1,1,1,0.2400000000000091,0.2799999999999727,0.3610000000001037,0,0.0,0,0,0.2999999999999545,0.3000000000001819,0.30100000000015825,0,0.0,0,0,TELEMETRY_COVERAGE_PASS,FastF1 raw Date plus session-relative SessionTime; timezone/latency is not inferred; lap assignment is interval lookup from FastF1 LapStartTime/Time
2018:Belgian Grand Prix:Race,train,2018,Belgian Grand Prix,Race,BOT,77,TRUE,TRUE,LAP_CONTEXT_PRESENT,44,44,CACHED_SELECTED_LAP_STREAM,850,20916,17097,2018-08-26T13:13:34.427000,2018-08-26T14:38:12.400000,2018-08-26T13:13:34.243000,2018-08-26T14:38:12.229000,1114.401,6192.374,1114.217,6192.203,1.4105480555555556,1.4105516666666669,1,44,1,44,0.23999999999978172,0.27999999999974534,0.4000000000005457,0,0.0,0,0,0.3000000000001819,0.3000000000001819,0.3010000000003856,0,0.0,0,0,TELEMETRY_COVERAGE_PASS,FastF1 raw Date plus session-relative SessionTime; timezone/latency is not inferred; lap assignment is interval lookup from FastF1 LapStartTime/Time
2018:Belgian Grand Prix:Race,train,2018,Belgian Grand Prix,Race,ERI,9,TRUE,TRUE,LAP_CONTEXT_PRESENT,43,43,CACHED_SELECTED_LAP_STREAM,843,20674,16900,2018-08-26T13:13:34.427000,2018-08-26T14:37:13.640000,2018-08-26T13:13:34.243000,2018-08-26T14:37:13.728000,1114.401,6133.614,1114.217,6133.702,1.3942258333333333,1.394301388888889,1,43,1,43,0.23999999999978172,0.27999999999974534,0.4000000000005457,0,0.0,0,0,0.3000000000001819,0.3000000000001819,0.3010000000003856,0,0.0,0,0,TELEMETRY_COVERAGE_PASS,FastF1 raw Date plus session-relative SessionTime; timezone/latency is not inferred; lap assignment is interval lookup from FastF1 LapStartTime/Time
2018:Belgian Grand Prix:Race,train,2018,Belgian Grand Prix,Race,GAS,10,TRUE,TRUE,LAP_CONTEXT_PRESENT,44,44,CACHED_SELECTED_LAP_STREAM,843,21090,17240,2018-08-26T13:13:34.427000,2018-08-26T14:38:54.680000,2018-08-26T13:13:34.243000,2018-08-26T14:38:54.730000,1114.401,6234.654,1114.217,6234.704,1.4222925000000002,1.4223574999999997,1,44,1,44,0.23999999999978172,0.27999999999974534,0.4000000000005457,0,0.0,0,0,0.3000000000001819,0.3000000000001819,0.3010000000003856,0,0.0,0,0,TELEMETRY_COVERAGE_PASS,FastF1 raw Date plus session-relative SessionTime; timezone/latency is not inferred; lap assignment is interval lookup from FastF1 LapStartTime/Time
2018:Belgian Grand Prix:Race,train,2018,Belgian Grand Prix,Race,GRO,8,TRUE,TRUE,LAP_CONTEXT_PRESENT,44,44,CACHED_SELECTED_LAP_STREAM,836,21007,17172,2018-08-26T13:13:34.427000,2018-08-26T14:38:34.600000,2018-08-26T13:13:34.243000,2018-08-26T14:38:34.530000,1114.401,6214.574,1114.217,6214.504,1.416714722222222,1.416746388888889,1,44,1,44,0.23999999999978172,0.27999999999974534,0.4000000000005457,0,0.0,0,0,0.3000000000001819,0.3000000000001819,0.3010000000003856,0,0.0,0,0,TELEMETRY_COVERAGE_PASS,FastF1 raw Date plus session-relative SessionTime; timezone/latency is not inferred; lap assignment is interval lookup from FastF1 LapStartTime/Time
2018:Belgian Grand Prix:Race,train,2018,Belgian Grand Prix,Race,HAM,44,TRUE,TRUE,LAP_CONTEXT_PRESENT,44,44,CACHED_SELECTED_LAP_STREAM,817,20699,16920,2018-08-26T13:13:34.427000,2018-08-26T14:37:19.760000,2018-08-26T13:13:34.243000,2018-08-26T14:37:19.628000,1114.401,6139.734,1114.217,6139.602,1.3959258333333335,1.3959402777777778,1,44,1,44,0.23999999999978172,0.27999999999974534,0.4000000000005457,0,0.0,0,0,0.3000000000001819,0.3000000000001819,0.3010000000003856,0,0.0,0,0,TELEMETRY_COVERAGE_PASS,FastF1 raw Date plus session-relative SessionTime; timezone/latency is not inferred; lap assignment is interval lookup from FastF1 LapStartTime/Time
2018:Belgian Grand Prix:Race,train,2018,Belgian Grand Prix,Race,HAR,28,TRUE,TRUE,LAP_CONTEXT_PRESENT,43,43,CACHED_SELECTED_LAP_STREAM,847,20810,17011,2018-08-26T13:13:34.427000,2018-08-26T14:37:46.640000,2018-08-26T13:13:34.243000,2018-08-26T14:37:46.728000,1114.401,6166.614,1114.217,6166.702,1.4033924999999998,1.4034680555555556,1,43,1,43,0.23999999999978172,0.27999999999974534,0.4000000000005457,0,0.0,0,0,0.3000000000001819,0.3000000000001819,0.3010000000003856,0,0.0,0,0,TELEMETRY_COVERAGE_PASS,FastF1 raw Date plus session-relative SessionTime; timezone/latency is not inferred; lap assignment is interval lookup from FastF1 LapStartTime/Time
2018:Belgian Grand Prix:Race,train,2018,Belgian Grand Prix,Race,HUL,27,TRUE,TRUE,LAP_CONTEXT_PRESENT,1,1,CACHED_SELECTED_LAP_STREAM,1124,617,505,2018-08-26T13:13:34.427000,2018-08-26T13:16:03.907000,2018-08-26T13:13:34.243000,2018-08-26T13:16:03.946000,1114.401,1263.881,1114.217,1263.92,0.041522222222222224,0.04158416666666666,1,1,1,1,0.2400000000000091,0.2799999999999727,0.3610000000001037,0,0.0,0,0,0.2999999999999545,0.3000000000001819,0.30100000000015825,0,0.0,0,0,TELEMETRY_COVERAGE_PASS,FastF1 raw Date plus session-relative SessionTime; timezone/latency is not inferred; lap assignment is interval lookup from FastF1 LapStartTime/Time
2018:Belgian Grand Prix:Race,train,2018,Belgian Grand Prix,Race,LEC,16,TRUE,TRUE,LAP_CONTEXT_PRESENT,1,1,CACHED_SELECTED_LAP_STREAM,1124,617,505,2018-08-26T13:13:34.427000,2018-08-26T13:16:03.907000,2018-08-26T13:13:34.243000,2018-08-26T13:16:03.946000,1114.401,1263.881,1114.217,1263.92,0.041522222222222224,0.04158416666666666,1,1,1,1,0.2400000000000091,0.2799999999999727,0.3610000000001037,0,0.0,0,0,0.2999999999999545,0.3000000000001819,0.30100000000015825,0,0.0,0,0,TELEMETRY_COVERAGE_PASS,FastF1 raw Date plus session-relative SessionTime; timezone/latency is not inferred; lap assignment is interval lookup from FastF1 LapStartTime/Time
2018:Belgian Grand Prix:Race,train,2018,Belgian Grand Prix,Race,MAG,20,TRUE,TRUE,LAP_CONTEXT_PRESENT,44,44,CACHED_SELECTED_LAP_STREAM,843,21014,17178,2018-08-26T13:13:34.427000,2018-08-26T14:38:36.320000,2018-08-26T13:13:34.243000,2018-08-26T14:38:36.330000,1114.401,6216.294,1114.217,6216.304,1.4171925,1.4172463888888887,1,44,1,44,0.23999999999978172,0.27999999999974534,0.4000000000005457,0,0.0,0,0,0.3000000000001819,0.3000000000001819,0.3010000000003856,0,0.0,0,0,TELEMETRY_COVERAGE_PASS,FastF1 raw Date plus session-relative SessionTime; timezone/latency is not inferred; lap assignment is interval lookup from FastF1 LapStartTime/Time
2018:Belgian Grand Prix:Race,train,2018,Belgian Grand Prix,Race,OCO,31,TRUE,TRUE,LAP_CONTEXT_PRESENT,44,44,CACHED_SELECTED_LAP_STREAM,836,20981,17151,2018-08-26T13:13:34.427000,2018-08-26T14:38:28.320000,2018-08-26T13:13:34.243000,2018-08-26T14:38:28.230000,1114.401,6208.294,1114.217,6208.204,1.4149702777777777,1.4149963888888886,1,44,1,44,0.23999999999978172,0.27999999999974534,0.4000000000005457,0,0.0,0,0,0.3000000000001819,0.3000000000001819,0.3010000000003856,0,0.0,0,0,TELEMETRY_COVERAGE_PASS,FastF1 raw Date plus session-relative SessionTime; timezone/latency is not inferred; lap assignment is interval lookup from FastF1 LapStartTime/Time
2018:Belgian Grand Prix:Race,train,2018,Belgian Grand Prix,Race,PER,11,TRUE,TRUE,LAP_CONTEXT_PRESENT,44,44,CACHED_SELECTED_LAP_STREAM,832,20946,17122,2018-08-26T13:13:34.427000,2018-08-26T14:38:19.680000,2018-08-26T13:13:34.243000,2018-08-26T14:38:19.729000,1114.401,6199.654,1114.217,6199.703,1.412570277777778,1.4126350000000003,1,44,1,44,0.23999999999978172,0.27999999999974534,0.4000000000005457,0,0.0,0,0,0.3000000000001819,0.3000000000001819,0.3010000000003856,0,0.0,0,0,TELEMETRY_COVERAGE_PASS,FastF1 raw Date plus session-relative SessionTime; timezone/latency is not inferred; lap assignment is interval lookup from FastF1 LapStartTime/Time
2018:Belgian Grand Prix:Race,train,2018,Belgian Grand Prix,Race,RAI,7,TRUE,TRUE,LAP_CONTEXT_PRESENT,8,8,CACHED_SELECTED_LAP_STREAM,1073,4917,4018,2018-08-26T13:13:34.427000,2018-08-26T13:33:27.439000,2018-08-26T13:13:34.243000,2018-08-26T13:33:27.464000,1114.401,2307.413,1114.217,2307.438,0.3313922222222222,0.3314502777777778,1,8,1,8,0.2400000000000091,0.2799999999999727,0.40000000000009095,0,0.0,0,0,0.2999999999999545,0.3000000000001819,0.3010000000003856,0,0.0,0,0,TELEMETRY_COVERAGE_PASS,FastF1 raw Date plus session-relative SessionTime; timezone/latency is not inferred; lap assignment is interval lookup from FastF1 LapStartTime/Time
2018:Belgian Grand Prix:Race,train,2018,Belgian Grand Prix,Race,RIC,3,TRUE,TRUE,LAP_CONTEXT_PRESENT,28,28,CACHED_SELECTED_LAP_STREAM,844,14730,12039,2018-08-26T13:13:34.427000,2018-08-26T14:13:10.184000,2018-08-26T13:13:34.243000,2018-08-26T14:13:10.103000,1114.401,4690.158,1114.217,4690.077,0.9932658333333335,0.9932944444444445,1,28,1,28,0.2400000000000091,0.2799999999999727,0.40000000000009095,0,0.0,0,0,0.2999999999999545,0.3000000000001819,0.3010000000003856,0,0.0,0,0,TELEMETRY_COVERAGE_PASS,FastF1 raw Date plus session-relative SessionTime; timezone/latency is not inferred; lap assignment is interval lookup from FastF1 LapStartTime/Time
2018:Belgian Grand Prix:Race,train,2018,Belgian Grand Prix,Race,SAI,55,TRUE,TRUE,LAP_CONTEXT_PRESENT,43,43,CACHED_SELECTED_LAP_STREAM,850,20726,16942,2018-08-26T13:13:34.427000,2018-08-26T14:37:26.240000,2018-08-26T13:13:34.243000,2018-08-26T14:37:26.228000,1114.401,6146.214,1114.217,6146.202,1.3977258333333333,1.3977736111111112,1,43,1,43,0.23999999999978172,0.27999999999974534,0.4000000000005457,0,0.0,0,0,0.3000000000001819,0.3000000000001819,0.3010000000003856,0,0.0,0,0,TELEMETRY_COVERAGE_PASS,FastF1 raw Date plus session-relative SessionTime; timezone/latency is not inferred; lap assignment is interval lookup from FastF1 LapStartTime/Time
2018:Belgian Grand Prix:Race,train,2018,Belgian Grand Prix,Race,SIR,35,TRUE,TRUE,LAP_CONTEXT_PRESENT,43,43,CACHED_SELECTED_LAP_STREAM,846,20735,16950,2018-08-26T13:13:34.427000,2018-08-26T14:37:28.519000,2018-08-26T13:13:34.243000,2018-08-26T14:37:28.529000,1114.401,6148.493,1114.217,6148.503,1.3983588888888892,1.3984127777777777,1,43,1,43,0.23999999999978172,0.27999999999974534,0.4000000000005457,0,0.0,0,0,0.3000000000001819,0.3000000000001819,0.3010000000003856,0,0.0,0,0,TELEMETRY_COVERAGE_PASS,FastF1 raw Date plus session-relative SessionTime; timezone/latency is not inferred; lap assignment is interval lookup from FastF1 LapStartTime/Time
2018:Belgian Grand Prix:Race,train,2018,Belgian Grand Prix,Race,STR,18,TRUE,TRUE,LAP_CONTEXT_PRESENT,43,43,CACHED_SELECTED_LAP_STREAM,849,20744,16957,2018-08-26T13:13:34.427000,2018-08-26T14:37:30.679000,2018-08-26T13:13:34.243000,2018-08-26T14:37:30.629000,1114.401,6150.653,1114.217,6150.603,1.398958888888889,1.3989961111111113,1,43,1,43,0.23999999999978172,0.27999999999974534,0.4000000000005457,0,0.0,0,0,0.3000000000001819,0.3000000000001819,0.3010000000003856,0,0.0,0,0,TELEMETRY_COVERAGE_PASS,FastF1 raw Date plus session-relative SessionTime; timezone/latency is not inferred; lap assignment is interval lookup from FastF1 LapStartTime/Time
2018:Belgian Grand Prix:Race,train,2018,Belgian Grand Prix,Race,VAN,2,TRUE,TRUE,LAP_CONTEXT_PRESENT,43,43,CACHED_SELECTED_LAP_STREAM,851,20836,17032,2018-08-26T13:13:34.427000,2018-08-26T14:37:53.040000,2018-08-26T13:13:34.243000,2018-08-26T14:37:52.928000,1114.401,6173.014,1114.217,6172.902,1.405170277777778,1.4051902777777776,1,43,1,43,0.23999999999978172,0.27999999999974534,0.4000000000005457,0,0.0,0,0,0.3000000000001819,0.3000000000001819,0.3010000000003856,0,0.0,0,0,TELEMETRY_COVERAGE_PASS,FastF1 raw Date plus session-relative SessionTime; timezone/latency is not inferred; lap assignment is interval lookup from FastF1 LapStartTime/Time
2018:Belgian Grand Prix:Race,train,2018,Belgian Grand Prix,Race,VER,33,TRUE,TRUE,LAP_CONTEXT_PRESENT,44,44,CACHED_SELECTED_LAP_STREAM,826,20783,16989,2018-08-26T13:13:34.427000,2018-08-26T14:37:40.120000,2018-08-26T13:13:34.243000,2018-08-26T14:37:40.128000,1114.401,6160.094,1114.217,6160.102,1.401581388888889,1.4016347222222223,1,44,1,44,0.23999999999978172,0.27999999999974534,0.4000000000005457,0,0.0,0,0,0.3000000000001819,0.3000000000001819,0.3010000000003856,0,0.0,0,0,TELEMETRY_COVERAGE_PASS,FastF1 raw Date plus session-relative SessionTime; timezone/latency is not inferred; lap assignment is interval lookup from FastF1 LapStartTime/Time
2018:Belgian Grand Prix:Race,train,2018,Belgian Grand Prix,Race,VET,5,TRUE,TRUE,LAP_CONTEXT_PRESENT,44,44,CACHED_SELECTED_LAP_STREAM,817,20654,16883,2018-08-26T13:13:34.427000,2018-08-26T14:37:08.839000,2018-08-26T13:13:34.243000,2018-08-26T14:37:08.628000,1114.401,6128.813,1114.217,6128.602,1.3928922222222222,1.3928847222222223,1,44,1,44,0.23999999999978172,0.27999999999974534,0.4000000000005457,0,0.0,0,0,0.3000000000001819,0.3000000000001819,0.3010000000003856,0,0.0,0,0,TELEMETRY_COVERAGE_PASS,FastF1 raw Date plus session-relative SessionTime; timezone/latency is not inferred; lap assignment is interval lookup from FastF1 LapStartTime/Time
2018:Japanese Grand Prix:Race,train,2018,Japanese Grand Prix,Race,ALO,14,TRUE,TRUE,LAP_CONTEXT_PRESENT,52,52,CACHED_SELECTED_LAP_STREAM,748,21686,17781,2018-10-07T05:13:32.135000,2018-10-07T06:41:33.113000,2018-10-07T05:13:32.011000,2018-10-07T06:41:33.201000,1112.003,6392.981,1111.879,6393.069,1.4669383333333335,1.4669972222222223,1,52,1,52,0.23999999999978172,0.2799999999999727,0.44000000000005457,0,0.0,0,0,0.3000000000001819,0.3000000000001819,0.40000000000009095,0,0.0,0,0,TELEMETRY_COVERAGE_PASS,FastF1 raw Date plus session-relative SessionTime; timezone/latency is not inferred; lap assignment is interval lookup from FastF1 LapStartTime/Time
2018:Japanese Grand Prix:Race,train,2018,Japanese Grand Prix,Race,BOT,77,TRUE,TRUE,LAP_CONTEXT_PRESENT,53,53,CACHED_SELECTED_LAP_STREAM,711,21558,17676,2018-10-07T05:13:32.135000,2018-10-07T06:41:01.952000,2018-10-07T05:13:32.011000,2018-10-07T06:41:02,1112.003,6361.82,1111.879,6361.868,1.4582825,1.458330277777778,1,53,1,53,0.23999999999978172,0.2799999999999727,0.44000000000005457,0,0.0,0,0,0.3000000000001819,0.3000000000001819,0.40000000000009095,0,0.0,0,0,TELEMETRY_COVERAGE_PASS,FastF1 raw Date plus session-relative SessionTime; timezone/latency is not inferred; lap assignment is interval lookup from FastF1 LapStartTime/Time
2018:Japanese Grand Prix:Race,train,2018,Japanese Grand Prix,Race,ERI,9,TRUE,TRUE,LAP_CONTEXT_PRESENT,52,52,CACHED_SELECTED_LAP_STREAM,739,21683,17778,2018-10-07T05:13:32.135000,2018-10-07T06:41:32.393000,2018-10-07T05:13:32.011000,2018-10-07T06:41:32.301000,1112.003,6392.261,1111.879,6392.169,1.4667383333333335,1.4667472222222222,1,52,1,52,0.23999999999978172,0.2799999999999727,0.44000000000005457,0,0.0,0,0,0.3000000000001819,0.3000000000001819,0.40000000000009095,0,0.0,0,0,TELEMETRY_COVERAGE_PASS,FastF1 raw Date plus session-relative SessionTime; timezone/latency is not inferred; lap assignment is interval lookup from FastF1 LapStartTime/Time
2018:Japanese Grand Prix:Race,train,2018,Japanese Grand Prix,Race,GAS,10,TRUE,TRUE,LAP_CONTEXT_PRESENT,52,52,CACHED_SELECTED_LAP_STREAM,724,21595,17706,2018-10-07T05:13:32.135000,2018-10-07T06:41:10.993000,2018-10-07T05:13:32.011000,2018-10-07T06:41:10.901000,1112.003,6370.861,1111.879,6370.769,1.460793888888889,1.460802777777778,1,52,1,52,0.23999999999978172,0.2799999999999727,0.44000000000005457,0,0.0,0,0,0.3000000000001819,0.3000000000001819,0.40000000000009095,0,0.0,0,0,TELEMETRY_COVERAGE_PASS,FastF1 raw Date plus session-relative SessionTime; timezone/latency is not inferred; lap assignment is interval lookup from FastF1 LapStartTime/Time
2018:Japanese Grand Prix:Race,train,2018,Japanese Grand Prix,Race,GRO,8,TRUE,TRUE,LAP_CONTEXT_PRESENT,53,53,CACHED_SELECTED_LAP_STREAM,724,21864,17926,2018-10-07T05:13:32.135000,2018-10-07T06:42:16.434000,2018-10-07T05:13:32.011000,2018-10-07T06:42:16.202000,1112.003,6436.302,1111.879,6436.07,1.4789719444444445,1.4789419444444445,1,53,1,53,0.23999999999978172,0.2799999999999727,0.44000000000005457,0,0.0,0,0,0.3000000000001819,0.3000000000001819,0.40000000000009095,0,0.0,0,0,TELEMETRY_COVERAGE_PASS,FastF1 raw Date plus session-relative SessionTime; timezone/latency is not inferred; lap assignment is interval lookup from FastF1 LapStartTime/Time
2018:Japanese Grand Prix:Race,train,2018,Japanese Grand Prix,Race,HAM,44,TRUE,TRUE,LAP_CONTEXT_PRESENT,53,53,CACHED_SELECTED_LAP_STREAM,706,21506,17632,2018-10-07T05:13:32.135000,2018-10-07T06:40:49.232000,2018-10-07T05:13:32.011000,2018-10-07T06:40:49,1112.003,6349.1,1111.879,6348.868,1.4547491666666668,1.4547191666666668,1,53,1,53,0.23999999999978172,0.2799999999999727,0.44000000000005457,0,0.0,0,0,0.3000000000001819,0.3000000000001819,0.40000000000009095,0,0.0,0,0,TELEMETRY_COVERAGE_PASS,FastF1 raw Date plus session-relative SessionTime; timezone/latency is not inferred; lap assignment is interval lookup from FastF1 LapStartTime/Time
2018:Japanese Grand Prix:Race,train,2018,Japanese Grand Prix,Race,HAR,28,TRUE,TRUE,LAP_CONTEXT_PRESENT,52,52,CACHED_SELECTED_LAP_STREAM,736,21685,17780,2018-10-07T05:13:32.135000,2018-10-07T06:41:32.873000,2018-10-07T05:13:32.011000,2018-10-07T06:41:32.901000,1112.003,6392.741,1111.879,6392.769,1.4668716666666668,1.466913888888889,1,52,1,52,0.23999999999978172,0.2799999999999727,0.44000000000005457,0,0.0,0,0,0.3000000000001819,0.3000000000001819,0.40000000000009095,0,0.0,0,0,TELEMETRY_COVERAGE_PASS,FastF1 raw Date plus session-relative SessionTime; timezone/latency is not inferred; lap assignment is interval lookup from FastF1 LapStartTime/Time
2018:Japanese Grand Prix:Race,train,2018,Japanese Grand Prix,Race,HUL,27,TRUE,TRUE,LAP_CONTEXT_PRESENT,37,37,CACHED_SELECTED_LAP_STREAM,1007,15711,12881,2018-10-07T05:13:32.135000,2018-10-07T06:17:17.537000,2018-10-07T05:13:32.011000,2018-10-07T06:17:17.676000,1112.003,4937.405,1111.879,4937.544,1.0626116666666667,1.0626847222222222,1,37,1,37,0.2400000000000091,0.2799999999999727,0.44000000000005457,0,0.0,0,0,0.3000000000001819,0.3000000000001819,0.40000000000009095,0,0.0,0,0,TELEMETRY_COVERAGE_PASS,FastF1 raw Date plus session-relative SessionTime; timezone/latency is not inferred; lap assignment is interval lookup from FastF1 LapStartTime/Time
2018:Japanese Grand Prix:Race,train,2018,Japanese Grand Prix,Race,LEC,16,TRUE,TRUE,LAP_CONTEXT_PRESENT,39,39,CACHED_SELECTED_LAP_STREAM,979,16704,13695,2018-10-07T05:13:32.135000,2018-10-07T06:21:19.259000,2018-10-07T05:13:32.011000,2018-10-07T06:21:19.480000,1112.003,5179.127,1111.879,5179.348,1.129756666666667,1.1298525,1,39,1,39,0.2400000000000091,0.2799999999999727,0.44000000000005457,0,0.0,0,0,0.3000000000001819,0.3000000000001819,0.40000000000009095,0,0.0,0,0,TELEMETRY_COVERAGE_PASS,FastF1 raw Date plus session-relative SessionTime; timezone/latency is not inferred; lap assignment is interval lookup from FastF1 LapStartTime/Time
2018:Japanese Grand Prix:Race,train,2018,Japanese Grand Prix,Race,MAG,20,TRUE,TRUE,LAP_CONTEXT_PRESENT,8,8,CACHED_SELECTED_LAP_STREAM,1154,4162,3417,2018-10-07T05:13:32.135000,2018-10-07T05:30:26.666000,2018-10-07T05:13:32.011000,2018-10-07T05:30:26.728000,1112.003,2126.534,1111.879,2126.596,0.2818141666666667,0.28186583333333337,1,8,1,8,0.2400000000000091,0.2799999999999727,0.44000000000005457,0,0.0,0,0,0.2999999999999545,0.3000000000001819,0.3010000000003856,0,0.0,0,0,TELEMETRY_COVERAGE_PASS,FastF1 raw Date plus session-relative SessionTime; timezone/latency is not inferred; lap assignment is interval lookup from FastF1 LapStartTime/Time
2018:Japanese Grand Prix:Race,train,2018,Japanese Grand Prix,Race,OCO,31,TRUE,TRUE,LAP_CONTEXT_PRESENT,53,53,CACHED_SELECTED_LAP_STREAM,733,21867,17929,2018-10-07T05:13:32.135000,2018-10-07T06:42:17.154000,2018-10-07T05:13:32.011000,2018-10-07T06:42:17.102000,1112.003,6437.022,1111.879,6436.97,1.4791719444444444,1.4791919444444446,1,53,1,53,0.23999999999978172,0.2799999999999727,0.44000000000005457,0,0.0,0,0,0.3000000000001819,0.3000000000001819,0.40000000000009095,0,0.0,0,0,TELEMETRY_COVERAGE_PASS,FastF1 raw Date plus session-relative SessionTime; timezone/latency is not inferred; lap assignment is interval lookup from FastF1 LapStartTime/Time
2018:Japanese Grand Prix:Race,train,2018,Japanese Grand Prix,Race,PER,11,TRUE,TRUE,LAP_CONTEXT_PRESENT,53,53,CACHED_SELECTED_LAP_STREAM,727,21832,17900,2018-10-07T05:13:32.135000,2018-10-07T06:42:08.553000,2018-10-07T05:13:32.011000,2018-10-07T06:42:08.601000,1112.003,6428.421,1111.879,6428.469,1.476782777777778,1.4768305555555556,1,53,1,53,0.23999999999978172,0.2799999999999727,0.44000000000005457,0,0.0,0,0,0.3000000000001819,0.3000000000001819,0.40000000000009095,0,0.0,0,0,TELEMETRY_COVERAGE_PASS,FastF1 raw Date plus session-relative SessionTime; timezone/latency is not inferred; lap assignment is interval lookup from FastF1 LapStartTime/Time
2018:Japanese Grand Prix:Race,train,2018,Japanese Grand Prix,Race,RAI,7,TRUE,TRUE,LAP_CONTEXT_PRESENT,53,53,CACHED_SELECTED_LAP_STREAM,721,21715,17804,2018-10-07T05:13:32.135000,2018-10-07T06:41:40.113000,2018-10-07T05:13:32.011000,2018-10-07T06:41:40.001000,1112.003,6399.981,1111.879,6399.869,1.4688827777777778,1.4688861111111111,1,53,1,53,0.23999999999978172,0.2799999999999727,0.44000000000005457,0,0.0,0,0,0.3000000000001819,0.3000000000001819,0.40000000000009095,0,0.0,0,0,TELEMETRY_COVERAGE_PASS,FastF1 raw Date plus session-relative SessionTime; timezone/latency is not inferred; lap assignment is interval lookup from FastF1 LapStartTime/Time
2018:Japanese Grand Prix:Race,train,2018,Japanese Grand Prix,Race,RIC,3,TRUE,TRUE,LAP_CONTEXT_PRESENT,53,53,CACHED_SELECTED_LAP_STREAM,722,21585,17698,2018-10-07T05:13:32.135000,2018-10-07T06:41:08.472000,2018-10-07T05:13:32.011000,2018-10-07T06:41:08.600000,1112.003,6368.34,1111.879,6368.468,1.4600936111111111,1.4601636111111111,1,53,1,53,0.23999999999978172,0.2799999999999727,0.44000000000005457,0,0.0,0,0,0.3000000000001819,0.3000000000001819,0.40000000000009095,0,0.0,0,0,TELEMETRY_COVERAGE_PASS,FastF1 raw Date plus session-relative SessionTime; timezone/latency is not inferred; lap assignment is interval lookup from FastF1 LapStartTime/Time
2018:Japanese Grand Prix:Race,train,2018,Japanese Grand Prix,Race,SAI,55,TRUE,TRUE,LAP_CONTEXT_PRESENT,52,52,CACHED_SELECTED_LAP_STREAM,732,21542,17663,2018-10-07T05:13:32.135000,2018-10-07T06:40:58.073000,2018-10-07T05:13:32.011000,2018-10-07T06:40:58.101000,1112.003,6357.941,1111.879,6357.969,1.457205,1.4572472222222224,1,52,1,52,0.23999999999978172,0.2799999999999727,0.44000000000005457,0,0.0,0,0,0.3000000000001819,0.3000000000001819,0.40000000000009095,0,0.0,0,0,TELEMETRY_COVERAGE_PASS,FastF1 raw Date plus session-relative SessionTime; timezone/latency is not inferred; lap assignment is interval lookup from FastF1 LapStartTime/Time
2018:Japanese Grand Prix:Race,train,2018,Japanese Grand Prix,Race,SIR,35,TRUE,TRUE,LAP_CONTEXT_PRESENT,52,52,CACHED_SELECTED_LAP_STREAM,740,21700,17792,2018-10-07T05:13:32.135000,2018-10-07T06:41:36.473000,2018-10-07T05:13:32.011000,2018-10-07T06:41:36.401000,1112.003,6396.341,1111.879,6396.269,1.467871666666667,1.4678861111111112,1,52,1,52,0.23999999999978172,0.2799999999999727,0.44000000000005457,0,0.0,0,0,0.3000000000001819,0.3000000000001819,0.40000000000009095,0,0.0,0,0,TELEMETRY_COVERAGE_PASS,FastF1 raw Date plus session-relative SessionTime; timezone/latency is not inferred; lap assignment is interval lookup from FastF1 LapStartTime/Time
2018:Japanese Grand Prix:Race,train,2018,Japanese Grand Prix,Race,STR,18,TRUE,TRUE,LAP_CONTEXT_PRESENT,52,52,CACHED_SELECTED_LAP_STREAM,745,21719,17808,2018-10-07T05:13:32.135000,2018-10-07T06:41:41.073000,2018-10-07T05:13:32.011000,2018-10-07T06:41:41.201000,1112.003,6400.941,1111.879,6401.069,1.4691494444444444,1.4692194444444446,1,52,1,52,0.23999999999978172,0.2799999999999727,0.44000000000005457,0,0.0,0,0,0.3000000000001819,0.3000000000001819,0.40000000000009095,0,0.0,0,0,TELEMETRY_COVERAGE_PASS,FastF1 raw Date plus session-relative SessionTime; timezone/latency is not inferred; lap assignment is interval lookup from FastF1 LapStartTime/Time
2018:Japanese Grand Prix:Race,train,2018,Japanese Grand Prix,Race,VAN,2,TRUE,TRUE,LAP_CONTEXT_PRESENT,52,52,CACHED_SELECTED_LAP_STREAM,749,21690,17784,2018-10-07T05:13:32.135000,2018-10-07T06:41:34.073000,2018-10-07T05:13:32.011000,2018-10-07T06:41:34.101000,1112.003,6393.941,1111.879,6393.969,1.467205,1.4672472222222224,1,52,1,52,0.23999999999978172,0.2799999999999727,0.44000000000005457,0,0.0,0,0,0.3000000000001819,0.3000000000001819,0.40000000000009095,0,0.0,0,0,TELEMETRY_COVERAGE_PASS,FastF1 raw Date plus session-relative SessionTime; timezone/latency is not inferred; lap assignment is interval lookup from FastF1 LapStartTime/Time
2018:Japanese Grand Prix:Race,train,2018,Japanese Grand Prix,Race,VER,33,TRUE,TRUE,LAP_CONTEXT_PRESENT,53,53,CACHED_SELECTED_LAP_STREAM,712,21564,17681,2018-10-07T05:13:32.135000,2018-10-07T06:41:03.392000,2018-10-07T05:13:32.011000,2018-10-07T06:41:03.500000,1112.003,6363.26,1111.879,6363.368,1.4586825,1.4587469444444445,1,53,1,53,0.23999999999978172,0.2799999999999727,0.44000000000005457,0,0.0,0,0,0.3000000000001819,0.3000000000001819,0.40000000000009095,0,0.0,0,0,TELEMETRY_COVERAGE_PASS,FastF1 raw Date plus session-relative SessionTime; timezone/latency is not inferred; lap assignment is interval lookup from FastF1 LapStartTime/Time
2018:Japanese Grand Prix:Race,train,2018,Japanese Grand Prix,Race,VET,5,TRUE,TRUE,LAP_CONTEXT_PRESENT,53,53,CACHED_SELECTED_LAP_STREAM,720,21793,17868,2018-10-07T05:13:32.135000,2018-10-07T06:41:59.073000,2018-10-07T05:13:32.011000,2018-10-07T06:41:59.001000,1112.003,6418.941,1111.879,6418.869,1.4741494444444445,1.4741638888888888,1,53,1,53,0.23999999999978172,0.2799999999999727,0.44000000000005457,0,0.0,0,0,0.3000000000001819,0.3000000000001819,0.40000000000009095,0,0.0,0,0,TELEMETRY_COVERAGE_PASS,FastF1 raw Date plus session-relative SessionTime; timezone/latency is not inferred; lap assignment is interval lookup from FastF1 LapStartTime/Time
2018:Mexican Grand Prix:Race,train,2018,Mexican Grand Prix,Race,ALO,14,TRUE,TRUE,LAP_CONTEXT_PRESENT,4,4,CACHED_SELECTED_LAP_STREAM,713,1703,1394,2018-10-28T19:12:58.809000,2018-10-28T19:19:52.854000,2018-10-28T19:12:58.857000,2018-10-28T19:19:52.663000,1978.707,2392.752,1978.755,2392.561,0.11501249999999996,0.11494611111111112,1,4,1,4,0.2400000000000091,0.2799999999999727,0.40000000000009095,0,0.0,0,0,0.3000000000001819,0.3000000000001819,0.3010000000003856,0,0.0,0,0,TELEMETRY_COVERAGE_PASS,FastF1 raw Date plus session-relative SessionTime; timezone/latency is not inferred; lap assignment is interval lookup from FastF1 LapStartTime/Time
2018:Mexican Grand Prix:Race,train,2018,Mexican Grand Prix,Race,BOT,77,TRUE,TRUE,LAP_CONTEXT_PRESENT,70,70,CACHED_SELECTED_LAP_STREAM,752,24335,19937,2018-10-28T19:12:58.809000,2018-10-28T20:51:40.433000,2018-10-28T19:12:58.857000,2018-10-28T20:51:40.154000,1978.707,7900.331,1978.755,7900.052,1.6448955555555556,1.6448047222222222,1,70,1,70,0.23999999999978172,0.27999999999974534,0.40099999999983993,0,0.0,0,0,0.3000000000001819,0.3000000000001819,0.5,0,0.0,0,0,TELEMETRY_COVERAGE_PASS,FastF1 raw Date plus session-relative SessionTime; timezone/latency is not inferred; lap assignment is interval lookup from FastF1 LapStartTime/Time
2018:Mexican Grand Prix:Race,train,2018,Mexican Grand Prix,Race,ERI,9,TRUE,TRUE,LAP_CONTEXT_PRESENT,69,69,CACHED_SELECTED_LAP_STREAM,649,24543,20107,2018-10-28T19:12:58.809000,2018-10-28T20:52:30.794000,2018-10-28T19:12:58.857000,2018-10-28T20:52:30.754000,1978.707,7950.692,1978.755,7950.652,1.658884722222222,1.6588602777777777,1,69,1,69,0.23999999999978172,0.27999999999974534,0.40099999999983993,0,0.0,0,0,0.3000000000001819,0.3000000000001819,0.5,0,0.0,0,0,TELEMETRY_COVERAGE_PASS,FastF1 raw Date plus session-relative SessionTime; timezone/latency is not inferred; lap assignment is interval lookup from FastF1 LapStartTime/Time
2018:Mexican Grand Prix:Race,train,2018,Mexican Grand Prix,Race,GAS,10,TRUE,TRUE,LAP_CONTEXT_PRESENT,69,69,CACHED_SELECTED_LAP_STREAM,626,24548,20111,2018-10-28T19:12:58.809000,2018-10-28T20:52:31.994000,2018-10-28T19:12:58.857000,2018-10-28T20:52:31.855000,1978.707,7951.892,1978.755,7951.753,1.6592180555555553,1.659166111111111,1,69,1,69,0.23999999999978172,0.27999999999974534,0.40099999999983993,0,0.0,0,0,0.3000000000001819,0.3000000000001819,0.5,0,0.0,0,0,TELEMETRY_COVERAGE_PASS,FastF1 raw Date plus session-relative SessionTime; timezone/latency is not inferred; lap assignment is interval lookup from FastF1 LapStartTime/Time
2018:Mexican Grand Prix:Race,train,2018,Mexican Grand Prix,Race,GRO,8,TRUE,TRUE,LAP_CONTEXT_PRESENT,68,68,CACHED_SELECTED_LAP_STREAM,639,24291,19902,2018-10-28T19:12:58.809000,2018-10-28T20:51:29.833000,2018-10-28T19:12:58.857000,2018-10-28T20:51:29.754000,1978.707,7889.731,1978.755,7889.652,1.641951111111111,1.6419158333333332,1,68,1,68,0.23999999999978172,0.27999999999974534,0.40099999999983993,0,0.0,0,0,0.3000000000001819,0.3000000000001819,0.5,0,0.0,0,0,TELEMETRY_COVERAGE_PASS,FastF1 raw Date plus session-relative SessionTime; timezone/latency is not inferred; lap assignment is interval lookup from FastF1 LapStartTime/Time
2018:Mexican Grand Prix:Race,train,2018,Mexican Grand Prix,Race,HAM,44,TRUE,TRUE,LAP_CONTEXT_PRESENT,71,71,CACHED_SELECTED_LAP_STREAM,738,24608,20160,2018-10-28T19:12:58.809000,2018-10-28T20:52:46.433000,2018-10-28T19:12:58.857000,2018-10-28T20:52:46.455000,1978.707,7966.331,1978.755,7966.353,1.6632288888888889,1.6632216666666666,1,71,1,71,0.23999999999978172,0.27999999999974534,0.40099999999983993,0,0.0,0,0,0.3000000000001819,0.3000000000001819,0.5,0,0.0,0,0,TELEMETRY_COVERAGE_PASS,FastF1 raw Date plus session-relative SessionTime; timezone/latency is not inferred; lap assignment is interval lookup from FastF1 LapStartTime/Time
2018:Mexican Grand Prix:Race,train,2018,Mexican Grand Prix,Race,HAR,28,TRUE,TRUE,LAP_CONTEXT_PRESENT,69,69,CACHED_SELECTED_LAP_STREAM,634,24574,20133,2018-10-28T19:12:58.809000,2018-10-28T20:52:38.274000,2018-10-28T19:12:58.857000,2018-10-28T20:52:38.355000,1978.707,7958.172,1978.755,7958.253,1.6609625,1.6609716666666665,1,69,1,69,0.23999999999978172,0.27999999999974534,0.40099999999983993,0,0.0,0,0,0.3000000000001819,0.3000000000001819,0.5,0,0.0,0,0,TELEMETRY_COVERAGE_PASS,FastF1 raw Date plus session-relative SessionTime; timezone/latency is not inferred; lap assignment is interval lookup from FastF1 LapStartTime/Time
2018:Mexican Grand Prix:Race,train,2018,Mexican Grand Prix,Race,HUL,27,TRUE,TRUE,LAP_CONTEXT_PRESENT,69,69,MISSING_FROM_SUPPLIED_ARCHIVE,0,24365,19962,2018-10-28T19:12:58.809000,2018-10-28T20:51:47.673000,2018-10-28T19:12:58.857000,2018-10-28T20:51:47.654000,1978.707,7907.571,1978.755,7907.552,1.6469066666666665,1.6468880555555554,1,69,1,69,0.23999999999978172,0.27999999999974534,0.40099999999983993,0,0.0,0,0,0.3000000000001819,0.3000000000001819,0.5,0,0.0,0,0,TELEMETRY_COVERAGE_PASS,FastF1 raw Date plus session-relative SessionTime; timezone/latency is not inferred; lap assignment is interval lookup from FastF1 LapStartTime/Time
2018:Mexican Grand Prix:Race,train,2018,Mexican Grand Prix,Race,LEC,16,TRUE,TRUE,LAP_CONTEXT_PRESENT,69,69,MISSING_FROM_SUPPLIED_ARCHIVE,0,24413,20001,2018-10-28T19:12:58.809000,2018-10-28T20:51:59.313000,2018-10-28T19:12:58.857000,2018-10-28T20:51:59.155000,1978.707,7919.211,1978.755,7919.053,1.65014,1.6500827777777778,1,69,1,69,0.23999999999978172,0.27999999999974534,0.40099999999983993,0,0.0,0,0,0.3000000000001819,0.3000000000001819,0.5,0,0.0,0,0,TELEMETRY_COVERAGE_PASS,FastF1 raw Date plus session-relative SessionTime; timezone/latency is not inferred; lap assignment is interval lookup from FastF1 LapStartTime/Time
2018:Mexican Grand Prix:Race,train,2018,Mexican Grand Prix,Race,MAG,20,TRUE,TRUE,LAP_CONTEXT_PRESENT,69,69,MISSING_FROM_SUPPLIED_ARCHIVE,0,24625,20174,2018-10-28T19:12:58.809000,2018-10-28T20:52:50.634000,2018-10-28T19:12:58.857000,2018-10-28T20:52:50.655000,1978.707,7970.532,1978.755,7970.553,1.6643958333333333,1.6643883333333334,1,69,1,69,0.23999999999978172,0.27999999999974534,0.40099999999983993,0,0.0,0,0,0.3000000000001819,0.3000000000001819,0.5,0,0.0,0,0,TELEMETRY_COVERAGE_PASS,FastF1 raw Date plus session-relative SessionTime; timezone/latency is not inferred; lap assignment is interval lookup from FastF1 LapStartTime/Time
2018:Mexican Grand Prix:Race,train,2018,Mexican Grand Prix,Race,OCO,31,TRUE,TRUE,LAP_CONTEXT_PRESENT,69,69,MISSING_FROM_SUPPLIED_ARCHIVE,0,24567,20126,2018-10-28T19:12:58.809000,2018-10-28T20:52:36.594000,2018-10-28T19:12:58.857000,2018-10-28T20:52:36.355000,1978.707,7956.492,1978.755,7956.253,1.6604958333333333,1.660416111111111,1,69,1,69,0.23999999999978172,0.27999999999974534,0.40099999999983993,0,0.0,0,0,0.3000000000001819,0.3000000000001819,0.5,0,0.0,0,0,TELEMETRY_COVERAGE_PASS,FastF1 raw Date plus session-relative SessionTime; timezone/latency is not inferred; lap assignment is interval lookup from FastF1 LapStartTime/Time
2018:Mexican Grand Prix:Race,train,2018,Mexican Grand Prix,Race,PER,11,TRUE,TRUE,LAP_CONTEXT_PRESENT,38,38,MISSING_FROM_SUPPLIED_ARCHIVE,0,13681,11208,2018-10-28T19:12:58.809000,2018-10-28T20:08:27.882000,2018-10-28T19:12:58.857000,2018-10-28T20:08:27.817000,1978.707,5307.78,1978.755,5307.715,0.9247424999999998,0.9247111111111112,1,38,1,38,0.23999999999978172,0.27999999999974534,0.40000000000009095,0,0.0,0,0,0.3000000000001819,0.3000000000001819,0.5,0,0.0,0,0,TELEMETRY_COVERAGE_PASS,FastF1 raw Date plus session-relative SessionTime; timezone/latency is not inferred; lap assignment is interval lookup from FastF1 LapStartTime/Time
2018:Mexican Grand Prix:Race,train,2018,Mexican Grand Prix,Race,RAI,7,TRUE,TRUE,LAP_CONTEXT_PRESENT,71,71,MISSING_FROM_SUPPLIED_ARCHIVE,0,24489,20063,2018-10-28T19:12:58.809000,2018-10-28T20:52:17.674000,2018-10-28T19:12:58.857000,2018-10-28T20:52:17.654000,1978.707,7937.572,1978.755,7937.552,1.6552402777777777,1.6552213888888887,1,71,1,71,0.23999999999978172,0.27999999999974534,0.40099999999983993,0,0.0,0,0,0.3000000000001819,0.3000000000001819,0.5,0,0.0,0,0,TELEMETRY_COVERAGE_PASS,FastF1 raw Date plus session-relative SessionTime; timezone/latency is not inferred; lap assignment is interval lookup from FastF1 LapStartTime/Time
2018:Mexican Grand Prix:Race,train,2018,Mexican Grand Prix,Race,RIC,3,TRUE,TRUE,LAP_CONTEXT_PRESENT,62,62,MISSING_FROM_SUPPLIED_ARCHIVE,0,21465,17584,2018-10-28T19:12:58.809000,2018-10-28T20:40:01.705000,2018-10-28T19:12:58.857000,2018-10-28T20:40:01.544000,1978.707,7201.603,1978.755,7201.442,1.4508044444444443,1.450746388888889,1,62,1,62,0.23999999999978172,0.27999999999974534,0.40099999999983993,0,0.0,0,0,0.3000000000001819,0.3000000000001819,0.5,0,0.0,0,0,TELEMETRY_COVERAGE_PASS,FastF1 raw Date plus session-relative SessionTime; timezone/latency is not inferred; lap assignment is interval lookup from FastF1 LapStartTime/Time
2018:Mexican Grand Prix:Race,train,2018,Mexican Grand Prix,Race,SAI,55,TRUE,TRUE,LAP_CONTEXT_PRESENT,29,29,MISSING_FROM_SUPPLIED_ARCHIVE,0,10479,8583,2018-10-28T19:12:58.809000,2018-10-28T19:55:28.156000,2018-10-28T19:12:58.857000,2018-10-28T19:55:28.205000,1978.707,4528.054,1978.755,4528.103,0.7081519444444444,0.7081522222222222,1,29,1,29,0.23999999999978172,0.2800000000002001,0.40000000000009095,0,0.0,0,0,0.3000000000001819,0.3000000000001819,0.5,0,0.0,0,0,TELEMETRY_COVERAGE_PASS,FastF1 raw Date plus session-relative SessionTime; timezone/latency is not inferred; lap assignment is interval lookup from FastF1 LapStartTime/Time
2018:Mexican Grand Prix:Race,train,2018,Mexican Grand Prix,Race,SIR,35,TRUE,TRUE,LAP_CONTEXT_PRESENT,69,69,MISSING_FROM_SUPPLIED_ARCHIVE,0,24583,20140,2018-10-28T19:12:58.809000,2018-10-28T20:52:40.473000,2018-10-28T19:12:58.857000,2018-10-28T20:52:40.455000,1978.707,7960.371,1978.755,7960.353,1.6615733333333333,1.661555,1,69,1,69,0.23999999999978172,0.27999999999974534,0.40099999999983993,0,0.0,0,0,0.3000000000001819,0.3000000000001819,0.5,0,0.0,0,0,TELEMETRY_COVERAGE_PASS,FastF1 raw Date plus session-relative SessionTime; timezone/latency is not inferred; lap assignment is interval lookup from FastF1 LapStartTime/Time
2018:Mexican Grand Prix:Race,train,2018,Mexican Grand Prix,Race,STR,18,TRUE,TRUE,LAP_CONTEXT_PRESENT,69,69,MISSING_FROM_SUPPLIED_ARCHIVE,0,24580,20137,2018-10-28T19:12:58.809000,2018-10-28T20:52:39.753000,2018-10-28T19:12:58.857000,2018-10-28T20:52:39.555000,1978.707,7959.651,1978.755,7959.453,1.6613733333333331,1.661305,1,69,1,69,0.23999999999978172,0.27999999999974534,0.40099999999983993,0,0.0,0,0,0.3000000000001819,0.3000000000001819,0.5,0,0.0,0,0,TELEMETRY_COVERAGE_PASS,FastF1 raw Date plus session-relative SessionTime; timezone/latency is not inferred; lap assignment is interval lookup from FastF1 LapStartTime/Time
2018:Mexican Grand Prix:Race,train,2018,Mexican Grand Prix,Race,VAN,2,TRUE,TRUE,LAP_CONTEXT_PRESENT,69,69,MISSING_FROM_SUPPLIED_ARCHIVE,0,24499,20071,2018-10-28T19:12:58.809000,2018-10-28T20:52:20.073000,2018-10-28T19:12:58.857000,2018-10-28T20:52:19.955000,1978.707,7939.971,1978.755,7939.853,1.6559066666666664,1.6558605555555554,1,69,1,69,0.23999999999978172,0.27999999999974534,0.40099999999983993,0,0.0,0,0,0.3000000000001819,0.3000000000001819,0.5,0,0.0,0,0,TELEMETRY_COVERAGE_PASS,FastF1 raw Date plus session-relative SessionTime; timezone/latency is not inferred; lap assignment is interval lookup from FastF1 LapStartTime/Time
2018:Mexican Grand Prix:Race,train,2018,Mexican Grand Prix,Race,VER,33,TRUE,TRUE,LAP_CONTEXT_PRESENT,71,71,MISSING_FROM_SUPPLIED_ARCHIVE,0,24282,19895,2018-10-28T19:12:58.809000,2018-10-28T20:51:27.633000,2018-10-28T19:12:58.857000,2018-10-28T20:51:27.654000,1978.707,7887.531,1978.755,7887.552,1.6413399999999998,1.6413324999999999,1,71,1,71,0.23999999999978172,0.27999999999974534,0.40099999999983993,0,0.0,0,0,0.3000000000001819,0.3000000000001819,0.5,0,0.0,0,0,TELEMETRY_COVERAGE_PASS,FastF1 raw Date plus session-relative SessionTime; timezone/latency is not inferred; lap assignment is interval lookup from FastF1 LapStartTime/Time
2018:Mexican Grand Prix:Race,train,2018,Mexican Grand Prix,Race,VET,5,TRUE,TRUE,LAP_CONTEXT_PRESENT,71,71,MISSING_FROM_SUPPLIED_ARCHIVE,0,24354,19953,2018-10-28T19:12:58.809000,2018-10-28T20:51:44.993000,2018-10-28T19:12:58.857000,2018-10-28T20:51:44.954000,1978.707,7904.891,1978.755,7904.852,1.646162222222222,1.6461380555555556,1,71,1,71,0.23999999999978172,0.27999999999974534,0.40099999999983993,0,0.0,0,0,0.3000000000001819,0.3000000000001819,0.5,0,0.0,0,0,TELEMETRY_COVERAGE_PASS,FastF1 raw Date plus session-relative SessionTime; timezone/latency is not inferred; lap assignment is interval lookup from FastF1 LapStartTime/Time
2018:Brazilian Grand Prix:Race,train,2018,Brazilian Grand Prix,Race,ALO,14,TRUE,TRUE,LAP_CONTEXT_PRESENT,69,69,CACHED_SELECTED_LAP_STREAM,578,21984,17651,2018-11-11T17:13:23.571000,2018-11-11T18:40:45.826000,2018-11-11T17:13:23.621000,2018-11-11T18:40:45.910000,2003.466,7245.721,2003.516,7245.805,1.4561819444444442,1.456191388888889,1,69,1,69,0.23999999999978172,0.27999999999974534,0.40000000000009095,0,0.0,0,0,0.3000000000001819,0.3000000000001819,0.3999999999996362,0,0.0,0,0,TELEMETRY_COVERAGE_PASS,FastF1 raw Date plus session-relative SessionTime; timezone/latency is not inferred; lap assignment is interval lookup from FastF1 LapStartTime/Time
2018:Brazilian Grand Prix:Race,train,2018,Brazilian Grand Prix,Race,BOT,77,TRUE,TRUE,LAP_CONTEXT_PRESENT,71,71,CACHED_SELECTED_LAP_STREAM,563,22024,17683,2018-11-11T17:13:23.571000,2018-11-11T18:40:55.346000,2018-11-11T17:13:23.621000,2018-11-11T18:40:55.410000,2003.466,7255.241,2003.516,7255.305,1.4588263888888888,1.458830277777778,1,71,1,71,0.23999999999978172,0.27999999999974534,0.40000000000009095,0,0.0,0,0,0.3000000000001819,0.3000000000001819,0.3999999999996362,0,0.0,0,0,TELEMETRY_COVERAGE_PASS,FastF1 raw Date plus session-relative SessionTime; timezone/latency is not inferred; lap assignment is interval lookup from FastF1 LapStartTime/Time
2018:Brazilian Grand Prix:Race,train,2018,Brazilian Grand Prix,Race,ERI,9,TRUE,TRUE,LAP_CONTEXT_PRESENT,20,20,CACHED_SELECTED_LAP_STREAM,573,6638,5328,2018-11-11T17:13:23.571000,2018-11-11T17:39:45.988000,2018-11-11T17:13:23.621000,2018-11-11T17:39:45.949000,2003.466,3585.883,2003.516,3585.844,0.43956027777777773,0.43953555555555557,1,20,1,20,0.23999999999978172,0.27999999999974534,0.40000000000009095,0,0.0,0,0,0.3000000000001819,0.3000000000001819,0.3010000000003856,0,0.0,0,0,TELEMETRY_COVERAGE_PASS,FastF1 raw Date plus session-relative SessionTime; timezone/latency is not inferred; lap assignment is interval lookup from FastF1 LapStartTime/Time
2018:Brazilian Grand Prix:Race,train,2018,Brazilian Grand Prix,Race,GAS,10,TRUE,TRUE,LAP_CONTEXT_PRESENT,70,70,CACHED_SELECTED_LAP_STREAM,573,22196,17820,2018-11-11T17:13:23.571000,2018-11-11T18:41:36.267000,2018-11-11T17:13:23.621000,2018-11-11T18:41:36.210000,2003.466,7296.162,2003.516,7296.105,1.4701933333333332,1.4701636111111112,1,70,1,70,0.23999999999978172,0.27999999999974534,0.40000000000009095,0,0.0,0,0,0.3000000000001819,0.3000000000001819,0.3999999999996362,0,0.0,0,0,TELEMETRY_COVERAGE_PASS,FastF1 raw Date plus session-relative SessionTime; timezone/latency is not inferred; lap assignment is interval lookup from FastF1 LapStartTime/Time
2018:Brazilian Grand Prix:Race,train,2018,Brazilian Grand Prix,Race,GRO,8,TRUE,TRUE,LAP_CONTEXT_PRESENT,71,71,CACHED_SELECTED_LAP_STREAM,566,22143,17778,2018-11-11T17:13:23.571000,2018-11-11T18:41:23.707000,2018-11-11T17:13:23.621000,2018-11-11T18:41:23.710000,2003.466,7283.602,2003.516,7283.605,1.4667044444444446,1.4666913888888888,1,71,1,71,0.23999999999978172,0.27999999999974534,0.40000000000009095,0,0.0,0,0,0.3000000000001819,0.3000000000001819,0.3999999999996362,0,0.0,0,0,TELEMETRY_COVERAGE_PASS,FastF1 raw Date plus session-relative SessionTime; timezone/latency is not inferred; lap assignment is interval lookup from FastF1 LapStartTime/Time
2018:Brazilian Grand Prix:Race,train,2018,Brazilian Grand Prix,Race,HAM,44,TRUE,TRUE,LAP_CONTEXT_PRESENT,71,71,CACHED_SELECTED_LAP_STREAM,561,21928,17606,2018-11-11T17:13:23.571000,2018-11-11T18:40:32.506000,2018-11-11T17:13:23.621000,2018-11-11T18:40:32.510000,2003.466,7232.401,2003.516,7232.405,1.4524819444444443,1.4524691666666665,1,71,1,71,0.23999999999978172,0.27999999999974534,0.40000000000009095,0,0.0,0,0,0.3000000000001819,0.3000000000001819,0.3999999999996362,0,0.0,0,0,TELEMETRY_COVERAGE_PASS,FastF1 raw Date plus session-relative SessionTime; timezone/latency is not inferred; lap assignment is interval lookup from FastF1 LapStartTime/Time
2018:Brazilian Grand Prix:Race,train,2018,Brazilian Grand Prix,Race,HAR,28,TRUE,TRUE,LAP_CONTEXT_PRESENT,70,70,CACHED_SELECTED_LAP_STREAM,578,22178,17806,2018-11-11T17:13:23.571000,2018-11-11T18:41:32.026000,2018-11-11T17:13:23.621000,2018-11-11T18:41:32.011000,2003.466,7291.921,2003.516,7291.906,1.4690152777777779,1.468997222222222,1,70,1,70,0.23999999999978172,0.27999999999974534,0.40000000000009095,0,0.0,0,0,0.3000000000001819,0.3000000000001819,0.3999999999996362,0,0.0,0,0,TELEMETRY_COVERAGE_PASS,FastF1 raw Date plus session-relative SessionTime; timezone/latency is not inferred; lap assignment is interval lookup from FastF1 LapStartTime/Time
2018:Brazilian Grand Prix:Race,train,2018,Brazilian Grand Prix,Race,HUL,27,TRUE,TRUE,LAP_CONTEXT_PRESENT,32,32,CACHED_SELECTED_LAP_STREAM,572,10203,8192,2018-11-11T17:13:23.571000,2018-11-11T17:53:56.957000,2018-11-11T17:13:23.621000,2018-11-11T17:53:56.763000,2003.466,4436.852,2003.516,4436.658,0.6759405555555555,0.6758727777777779,1,32,1,32,0.23999999999978172,0.27999999999974534,0.40000000000009095,0,0.0,0,0,0.3000000000001819,0.3000000000001819,0.3010000000003856,0,0.0,0,0,TELEMETRY_COVERAGE_PASS,FastF1 raw Date plus session-relative SessionTime; timezone/latency is not inferred; lap assignment is interval lookup from FastF1 LapStartTime/Time
2018:Brazilian Grand Prix:Race,train,2018,Brazilian Grand Prix,Race,LEC,16,TRUE,TRUE,LAP_CONTEXT_PRESENT,71,71,CACHED_SELECTED_LAP_STREAM,565,22113,17754,2018-11-11T17:13:23.571000,2018-11-11T18:41:16.587000,2018-11-11T17:13:23.621000,2018-11-11T18:41:16.510000,2003.466,7276.482,2003.516,7276.405,1.4647266666666665,1.4646913888888886,1,71,1,71,0.23999999999978172,0.27999999999974534,0.40000000000009095,0,0.0,0,0,0.3000000000001819,0.3000000000001819,0.3999999999996362,0,0.0,0,0,TELEMETRY_COVERAGE_PASS,FastF1 raw Date plus session-relative SessionTime; timezone/latency is not inferred; lap assignment is interval lookup from FastF1 LapStartTime/Time
2018:Brazilian Grand Prix:Race,train,2018,Brazilian Grand Prix,Race,MAG,20,TRUE,TRUE,LAP_CONTEXT_PRESENT,71,71,CACHED_SELECTED_LAP_STREAM,568,22150,17783,2018-11-11T17:13:23.571000,2018-11-11T18:41:25.347000,2018-11-11T17:13:23.621000,2018-11-11T18:41:25.111000,2003.466,7285.242,2003.516,7285.006,1.46716,1.4670805555555555,1,71,1,71,0.23999999999978172,0.27999999999974534,0.40000000000009095,0,0.0,0,0,0.3000000000001819,0.3000000000001819,0.3999999999996362,0,0.0,0,0,TELEMETRY_COVERAGE_PASS,FastF1 raw Date plus session-relative SessionTime; timezone/latency is not inferred; lap assignment is interval lookup from FastF1 LapStartTime/Time
2018:Brazilian Grand Prix:Race,train,2018,Brazilian Grand Prix,Race,OCO,31,TRUE,TRUE,LAP_CONTEXT_PRESENT,70,70,CACHED_SELECTED_LAP_STREAM,576,22208,17830,2018-11-11T17:13:23.571000,2018-11-11T18:41:39.106000,2018-11-11T17:13:23.621000,2018-11-11T18:41:39.111000,2003.466,7299.001,2003.516,7299.006,1.4709819444444443,1.4709694444444443,1,70,1,70,0.23999999999978172,0.27999999999974534,0.40000000000009095,0,0.0,0,0,0.3000000000001819,0.3000000000001819,0.3999999999996362,0,0.0,0,0,TELEMETRY_COVERAGE_PASS,FastF1 raw Date plus session-relative SessionTime; timezone/latency is not inferred; lap assignment is interval lookup from FastF1 LapStartTime/Time
2018:Brazilian Grand Prix:Race,train,2018,Brazilian Grand Prix,Race,PER,11,TRUE,TRUE,LAP_CONTEXT_PRESENT,70,70,CACHED_SELECTED_LAP_STREAM,570,21965,17635,2018-11-11T17:13:23.571000,2018-11-11T18:40:41.267000,2018-11-11T17:13:23.621000,2018-11-11T18:40:41.210000,2003.466,7241.162,2003.516,7241.105,1.4549155555555555,1.4548858333333332,1,70,1,70,0.23999999999978172,0.27999999999974534,0.40000000000009095,0,0.0,0,0,0.3000000000001819,0.3000000000001819,0.3999999999996362,0,0.0,0,0,TELEMETRY_COVERAGE_PASS,FastF1 raw Date plus session-relative SessionTime; timezone/latency is not inferred; lap assignment is interval lookup from FastF1 LapStartTime/Time
2018:Brazilian Grand Prix:Race,train,2018,Brazilian Grand Prix,Race,RAI,7,TRUE,TRUE,LAP_CONTEXT_PRESENT,71,71,CACHED_SELECTED_LAP_STREAM,567,21948,17622,2018-11-11T17:13:23.571000,2018-11-11T18:40:37.186000,2018-11-11T17:13:23.621000,2018-11-11T18:40:37.309000,2003.466,7237.081,2003.516,7237.204,1.4537819444444444,1.4538022222222222,1,71,1,71,0.23999999999978172,0.27999999999974534,0.40000000000009095,0,0.0,0,0,0.3000000000001819,0.3000000000001819,0.3999999999996362,0,0.0,0,0,TELEMETRY_COVERAGE_PASS,FastF1 raw Date plus session-relative SessionTime; timezone/latency is not inferred; lap assignment is interval lookup from FastF1 LapStartTime/Time
2018:Brazilian Grand Prix:Race,train,2018,Brazilian Grand Prix,Race,RIC,3,TRUE,TRUE,LAP_CONTEXT_PRESENT,71,71,CACHED_SELECTED_LAP_STREAM,568,21950,17623,2018-11-11T17:13:23.571000,2018-11-11T18:40:37.666000,2018-11-11T17:13:23.621000,2018-11-11T18:40:37.609000,2003.466,7237.561,2003.516,7237.504,1.4539152777777775,1.4538855555555554,1,71,1,71,0.23999999999978172,0.27999999999974534,0.40000000000009095,0,0.0,0,0,0.3000000000001819,0.3000000000001819,0.3999999999996362,0,0.0,0,0,TELEMETRY_COVERAGE_PASS,FastF1 raw Date plus session-relative SessionTime; timezone/latency is not inferred; lap assignment is interval lookup from FastF1 LapStartTime/Time
2018:Brazilian Grand Prix:Race,train,2018,Brazilian Grand Prix,Race,SAI,55,TRUE,TRUE,LAP_CONTEXT_PRESENT,70,70,CACHED_SELECTED_LAP_STREAM,572,22182,17809,2018-11-11T17:13:23.571000,2018-11-11T18:41:32.947000,2018-11-11T17:13:23.621000,2018-11-11T18:41:32.910000,2003.466,7292.842,2003.516,7292.805,1.4692711111111112,1.4692469444444447,1,70,1,70,0.23999999999978172,0.27999999999974534,0.40000000000009095,0,0.0,0,0,0.3000000000001819,0.3000000000001819,0.3999999999996362,0,0.0,0,0,TELEMETRY_COVERAGE_PASS,FastF1 raw Date plus session-relative SessionTime; timezone/latency is not inferred; lap assignment is interval lookup from FastF1 LapStartTime/Time
2018:Brazilian Grand Prix:Race,train,2018,Brazilian Grand Prix,Race,SIR,35,TRUE,TRUE,LAP_CONTEXT_PRESENT,69,69,CACHED_SELECTED_LAP_STREAM,577,21999,17663,2018-11-11T17:13:23.571000,2018-11-11T18:40:49.426000,2018-11-11T17:13:23.621000,2018-11-11T18:40:49.509000,2003.466,7249.321,2003.516,7249.404,1.4571819444444443,1.4571911111111113,1,69,1,69,0.23999999999978172,0.27999999999974534,0.40000000000009095,0,0.0,0,0,0.3000000000001819,0.3000000000001819,0.3999999999996362,0,0.0,0,0,TELEMETRY_COVERAGE_PASS,FastF1 raw Date plus session-relative SessionTime; timezone/latency is not inferred; lap assignment is interval lookup from FastF1 LapStartTime/Time
2018:Brazilian Grand Prix:Race,train,2018,Brazilian Grand Prix,Race,STR,18,TRUE,TRUE,LAP_CONTEXT_PRESENT,69,69,CACHED_SELECTED_LAP_STREAM,579,22076,17724,2018-11-11T17:13:23.571000,2018-11-11T18:41:07.707000,2018-11-11T17:13:23.621000,2018-11-11T18:41:07.610000,2003.466,7267.602,2003.516,7267.505,1.4622600000000001,1.4622191666666666,1,69,1,69,0.23999999999978172,0.27999999999974534,0.40000000000009095,0,0.0,0,0,0.3000000000001819,0.3000000000001819,0.3999999999996362,0,0.0,0,0,TELEMETRY_COVERAGE_PASS,FastF1 raw Date plus session-relative SessionTime; timezone/latency is not inferred; lap assignment is interval lookup from FastF1 LapStartTime/Time
2018:Brazilian Grand Prix:Race,train,2018,Brazilian Grand Prix,Race,VAN,2,TRUE,TRUE,LAP_CONTEXT_PRESENT,70,70,CACHED_SELECTED_LAP_STREAM,578,22202,17825,2018-11-11T17:13:23.571000,2018-11-11T18:41:37.707000,2018-11-11T17:13:23.621000,2018-11-11T18:41:37.710000,2003.466,7297.602,2003.516,7297.605,1.4705933333333334,1.4705802777777777,1,70,1,70,0.23999999999978172,0.27999999999974534,0.40000000000009095,0,0.0,0,0,0.3000000000001819,0.3000000000001819,0.3999999999996362,0,0.0,0,0,TELEMETRY_COVERAGE_PASS,FastF1 raw Date plus session-relative SessionTime; timezone/latency is not inferred; lap assignment is interval lookup from FastF1 LapStartTime/Time
2018:Brazilian Grand Prix:Race,train,2018,Brazilian Grand Prix,Race,VER,33,TRUE,TRUE,LAP_CONTEXT_PRESENT,71,71,CACHED_SELECTED_LAP_STREAM,559,21934,17611,2018-11-11T17:13:23.571000,2018-11-11T18:40:33.907000,2018-11-11T17:13:23.621000,2018-11-11T18:40:34.009000,2003.466,7233.802,2003.516,7233.904,1.452871111111111,1.4528855555555558,1,71,1,71,0.23999999999978172,0.27999999999974534,0.40000000000009095,0,0.0,0,0,0.3000000000001819,0.3000000000001819,0.3999999999996362,0,0.0,0,0,TELEMETRY_COVERAGE_PASS,FastF1 raw Date plus session-relative SessionTime; timezone/latency is not inferred; lap assignment is interval lookup from FastF1 LapStartTime/Time
2018:Brazilian Grand Prix:Race,train,2018,Brazilian Grand Prix,Race,VET,5,TRUE,TRUE,LAP_CONTEXT_PRESENT,71,71,CACHED_SELECTED_LAP_STREAM,566,22041,17696,2018-11-11T17:13:23.571000,2018-11-11T18:40:59.386000,2018-11-11T17:13:23.621000,2018-11-11T18:40:59.310000,2003.466,7259.281,2003.516,7259.205,1.4599486111111113,1.4599136111111113,1,71,1,71,0.23999999999978172,0.27999999999974534,0.40000000000009095,0,0.0,0,0,0.3000000000001819,0.3000000000001819,0.3999999999996362,0,0.0,0,0,TELEMETRY_COVERAGE_PASS,FastF1 raw Date plus session-relative SessionTime; timezone/latency is not inferred; lap assignment is interval lookup from FastF1 LapStartTime/Time
2018:Abu Dhabi Grand Prix:Race,train,2018,Abu Dhabi Grand Prix,Race,ALO,14,TRUE,TRUE,LAP_CONTEXT_PRESENT,54,54,CACHED_SELECTED_LAP_STREAM,797,25140,20229,2018-11-25T13:13:34.552000,2018-11-25T14:53:42.883000,2018-11-25T13:13:34.684000,2018-11-25T14:53:42.785000,2014.479,8022.81,2014.611,8022.712,1.6689808333333334,1.6689169444444445,1,54,1,54,0.23999999999978172,0.27999999999974534,0.40099999999983993,0,0.0,0,0,0.3000000000001819,0.3000000000001819,0.4000000000005457,0,0.0,0,0,TELEMETRY_COVERAGE_PASS,FastF1 raw Date plus session-relative SessionTime; timezone/latency is not inferred; lap assignment is interval lookup from FastF1 LapStartTime/Time
2018:Abu Dhabi Grand Prix:Race,train,2018,Abu Dhabi Grand Prix,Race,BOT,77,TRUE,TRUE,LAP_CONTEXT_PRESENT,55,55,CACHED_SELECTED_LAP_STREAM,778,25225,20297,2018-11-25T13:13:34.552000,2018-11-25T14:54:03.003000,2018-11-25T13:13:34.684000,2018-11-25T14:54:02.985000,2014.479,8042.93,2014.611,8042.912,1.6745697222222222,1.6745280555555557,1,55,1,55,0.23999999999978172,0.27999999999974534,0.40099999999983993,0,0.0,0,0,0.3000000000001819,0.3000000000001819,0.4000000000005457,0,0.0,0,0,TELEMETRY_COVERAGE_PASS,FastF1 raw Date plus session-relative SessionTime; timezone/latency is not inferred; lap assignment is interval lookup from FastF1 LapStartTime/Time
2018:Abu Dhabi Grand Prix:Race,train,2018,Abu Dhabi Grand Prix,Race,ERI,9,TRUE,TRUE,LAP_CONTEXT_PRESENT,25,25,CACHED_SELECTED_LAP_STREAM,819,12377,10021,2018-11-25T13:13:34.552000,2018-11-25T14:03:11.104000,2018-11-25T13:13:34.684000,2018-11-25T14:03:10.834000,2014.479,4991.031,2014.611,4990.761,0.8268199999999999,0.8267083333333335,1,25,1,25,0.23999999999978172,0.27999999999974534,0.40099999999983993,0,0.0,0,0,0.3000000000001819,0.3000000000001819,0.3010000000003856,0,0.0,0,0,TELEMETRY_COVERAGE_PASS,FastF1 raw Date plus session-relative SessionTime; timezone/latency is not inferred; lap assignment is interval lookup from FastF1 LapStartTime/Time
2018:Abu Dhabi Grand Prix:Race,train,2018,Abu Dhabi Grand Prix,Race,GAS,10,TRUE,TRUE,LAP_CONTEXT_PRESENT,47,47,CACHED_SELECTED_LAP_STREAM,981,22230,17911,2018-11-25T13:13:34.552000,2018-11-25T14:42:14.195000,2018-11-25T13:13:34.684000,2018-11-25T14:42:14.174000,2014.479,7334.122,2014.611,7334.101,1.477678611111111,1.4776361111111112,1,47,1,47,0.23999999999978172,0.27999999999974534,0.40099999999983993,0,0.0,0,0,0.3000000000001819,0.3000000000001819,0.4000000000005457,0,0.0,0,0,TELEMETRY_COVERAGE_PASS,FastF1 raw Date plus session-relative SessionTime; timezone/latency is not inferred; lap assignment is interval lookup from FastF1 LapStartTime/Time
2018:Abu Dhabi Grand Prix:Race,train,2018,Abu Dhabi Grand Prix,Race,GRO,8,TRUE,TRUE,LAP_CONTEXT_PRESENT,54,54,CACHED_SELECTED_LAP_STREAM,799,25122,20215,2018-11-25T13:13:34.552000,2018-11-25T14:53:38.683000,2018-11-25T13:13:34.684000,2018-11-25T14:53:38.586000,2014.479,8018.61,2014.611,8018.513,1.6678141666666666,1.6677505555555556,1,54,1,54,0.23999999999978172,0.27999999999974534,0.40099999999983993,0,0.0,0,0,0.3000000000001819,0.3000000000001819,0.4000000000005457,0,0.0,0,0,TELEMETRY_COVERAGE_PASS,FastF1 raw Date plus session-relative SessionTime; timezone/latency is not inferred; lap assignment is interval lookup from FastF1 LapStartTime/Time
2018:Abu Dhabi Grand Prix:Race,train,2018,Abu Dhabi Grand Prix,Race,HAM,44,TRUE,TRUE,LAP_CONTEXT_PRESENT,55,55,CACHED_SELECTED_LAP_STREAM,781,25023,20135,2018-11-25T13:13:34.552000,2018-11-25T14:53:15.042000,2018-11-25T13:13:34.684000,2018-11-25T14:53:14.785000,2014.479,7994.969,2014.611,7994.712,1.661247222222222,1.6611391666666668,1,55,1,55,0.23999999999978172,0.27999999999974534,0.40099999999983993,0,0.0,0,0,0.3000000000001819,0.3000000000001819,0.4000000000005457,0,0.0,0,0,TELEMETRY_COVERAGE_PASS,FastF1 raw Date plus session-relative SessionTime; timezone/latency is not inferred; lap assignment is interval lookup from FastF1 LapStartTime/Time
2018:Abu Dhabi Grand Prix:Race,train,2018,Abu Dhabi Grand Prix,Race,HAR,28,TRUE,TRUE,LAP_CONTEXT_PRESENT,54,54,CACHED_SELECTED_LAP_STREAM,801,25232,20302,2018-11-25T13:13:34.552000,2018-11-25T14:54:04.643000,2018-11-25T13:13:34.684000,2018-11-25T14:54:04.485000,2014.479,8044.57,2014.611,8044.412,1.6750252777777777,1.6749447222222222,1,54,1,54,0.23999999999978172,0.27999999999974534,0.40099999999983993,0,0.0,0,0,0.3000000000001819,0.3000000000001819,0.4000000000005457,0,0.0,0,0,TELEMETRY_COVERAGE_PASS,FastF1 raw Date plus session-relative SessionTime; timezone/latency is not inferred; lap assignment is interval lookup from FastF1 LapStartTime/Time
2018:Abu Dhabi Grand Prix:Race,train,2018,Abu Dhabi Grand Prix,Race,HUL,27,TRUE,TRUE,LAP_CONTEXT_PRESENT,1,1,CACHED_SELECTED_LAP_STREAM,1016,560,454,2018-11-25T13:13:34.552000,2018-11-25T13:15:49.193000,2018-11-25T13:13:34.684000,2018-11-25T13:15:49.286000,2014.479,2149.12,2014.611,2149.213,0.037400277777777734,0.03738944444444447,1,1,1,1,0.2400000000000091,0.2799999999999727,0.40099999999983993,0,0.0,0,0,0.2999999999999545,0.3000000000001819,0.3010000000003856,0,0.0,0,0,TELEMETRY_COVERAGE_PASS,FastF1 raw Date plus session-relative SessionTime; timezone/latency is not inferred; lap assignment is interval lookup from FastF1 LapStartTime/Time
2018:Abu Dhabi Grand Prix:Race,train,2018,Abu Dhabi Grand Prix,Race,LEC,16,TRUE,TRUE,LAP_CONTEXT_PRESENT,55,55,CACHED_SELECTED_LAP_STREAM,791,25404,20441,2018-11-25T13:13:34.552000,2018-11-25T14:54:45.803000,2018-11-25T13:13:34.684000,2018-11-25T14:54:45.686000,2014.479,8085.73,2014.611,8085.613,1.6864586111111108,1.6863894444444445,1,55,1,55,0.23999999999978172,0.27999999999974534,0.40099999999983993,0,0.0,0,0,0.3000000000001819,0.3000000000001819,0.4000000000005457,0,0.0,0,0,TELEMETRY_COVERAGE_PASS,FastF1 raw Date plus session-relative SessionTime; timezone/latency is not inferred; lap assignment is interval lookup from FastF1 LapStartTime/Time
2018:Abu Dhabi Grand Prix:Race,train,2018,Abu Dhabi Grand Prix,Race,MAG,20,TRUE,TRUE,LAP_CONTEXT_PRESENT,54,54,CACHED_SELECTED_LAP_STREAM,804,25129,20221,2018-11-25T13:13:34.552000,2018-11-25T14:53:40.323000,2018-11-25T13:13:34.684000,2018-11-25T14:53:40.385000,2014.479,8020.25,2014.611,8020.312,1.6682697222222223,1.6682502777777777,1,54,1,54,0.23999999999978172,0.27999999999974534,0.40099999999983993,0,0.0,0,0,0.3000000000001819,0.3000000000001819,0.4000000000005457,0,0.0,0,0,TELEMETRY_COVERAGE_PASS,FastF1 raw Date plus session-relative SessionTime; timezone/latency is not inferred; lap assignment is interval lookup from FastF1 LapStartTime/Time
2018:Abu Dhabi Grand Prix:Race,train,2018,Abu Dhabi Grand Prix,Race,OCO,31,TRUE,TRUE,LAP_CONTEXT_PRESENT,45,45,CACHED_SELECTED_LAP_STREAM,998,21096,17005,2018-11-25T13:13:34.552000,2018-11-25T14:37:45.193000,2018-11-25T13:13:34.684000,2018-11-25T14:37:45.069000,2014.479,7065.12,2014.611,7064.996,1.4029558333333332,1.4028847222222223,1,45,1,45,0.23999999999978172,0.27999999999974534,0.40099999999983993,0,0.0,0,0,0.3000000000001819,0.3000000000001819,0.3010000000003856,0,0.0,0,0,TELEMETRY_COVERAGE_PASS,FastF1 raw Date plus session-relative SessionTime; timezone/latency is not inferred; lap assignment is interval lookup from FastF1 LapStartTime/Time
2018:Abu Dhabi Grand Prix:Race,train,2018,Abu Dhabi Grand Prix,Race,PER,11,TRUE,TRUE,LAP_CONTEXT_PRESENT,55,55,CACHED_SELECTED_LAP_STREAM,795,25406,20443,2018-11-25T13:13:34.552000,2018-11-25T14:54:46.244000,2018-11-25T13:13:34.684000,2018-11-25T14:54:46.286000,2014.479,8086.171,2014.611,8086.213,1.686581111111111,1.6865561111111111,1,55,1,55,0.23999999999978172,0.27999999999974534,0.40099999999983993,0,0.0,0,0,0.3000000000001819,0.3000000000001819,0.4000000000005457,0,0.0,0,0,TELEMETRY_COVERAGE_PASS,FastF1 raw Date plus session-relative SessionTime; timezone/latency is not inferred; lap assignment is interval lookup from FastF1 LapStartTime/Time
2018:Abu Dhabi Grand Prix:Race,train,2018,Abu Dhabi Grand Prix,Race,RAI,7,TRUE,TRUE,LAP_CONTEXT_PRESENT,7,7,CACHED_SELECTED_LAP_STREAM,1224,4732,3832,2018-11-25T13:13:34.552000,2018-11-25T13:32:32.525000,2018-11-25T13:13:34.684000,2018-11-25T13:32:32.603000,2014.479,3152.452,2014.611,3152.53,0.3161036111111112,0.31608861111111114,1,7,1,7,0.23999999999978172,0.27999999999974534,0.40099999999983993,0,0.0,0,0,0.3000000000001819,0.3000000000001819,0.3010000000003856,0,0.0,0,0,TELEMETRY_COVERAGE_PASS,FastF1 raw Date plus session-relative SessionTime; timezone/latency is not inferred; lap assignment is interval lookup from FastF1 LapStartTime/Time
2018:Abu Dhabi Grand Prix:Race,train,2018,Abu Dhabi Grand Prix,Race,RIC,3,TRUE,TRUE,LAP_CONTEXT_PRESENT,55,55,CACHED_SELECTED_LAP_STREAM,777,25088,20187,2018-11-25T13:13:34.552000,2018-11-25T14:53:30.483000,2018-11-25T13:13:34.684000,2018-11-25T14:53:30.285000,2014.479,8010.41,2014.611,8010.212,1.6655363888888888,1.6654447222222224,1,55,1,55,0.23999999999978172,0.27999999999974534,0.40099999999983993,0,0.0,0,0,0.3000000000001819,0.3000000000001819,0.4000000000005457,0,0.0,0,0,TELEMETRY_COVERAGE_PASS,FastF1 raw Date plus session-relative SessionTime; timezone/latency is not inferred; lap assignment is interval lookup from FastF1 LapStartTime/Time
2018:Abu Dhabi Grand Prix:Race,train,2018,Abu Dhabi Grand Prix,Race,SAI,55,TRUE,TRUE,LAP_CONTEXT_PRESENT,55,55,CACHED_SELECTED_LAP_STREAM,796,25327,20380,2018-11-25T13:13:34.552000,2018-11-25T14:54:27.484000,2018-11-25T13:13:34.684000,2018-11-25T14:54:27.586000,2014.479,8067.411,2014.611,8067.513,1.68137,1.6813616666666666,1,55,1,55,0.23999999999978172,0.27999999999974534,0.40099999999983993,0,0.0,0,0,0.3000000000001819,0.3000000000001819,0.4000000000005457,0,0.0,0,0,TELEMETRY_COVERAGE_PASS,FastF1 raw Date plus session-relative SessionTime; timezone/latency is not inferred; lap assignment is interval lookup from FastF1 LapStartTime/Time
2018:Abu Dhabi Grand Prix:Race,train,2018,Abu Dhabi Grand Prix,Race,SIR,35,TRUE,TRUE,LAP_CONTEXT_PRESENT,54,54,CACHED_SELECTED_LAP_STREAM,802,25306,20363,2018-11-25T13:13:34.552000,2018-11-25T14:54:22.404000,2018-11-25T13:13:34.684000,2018-11-25T14:54:22.586000,2014.479,8062.331,2014.611,8062.513,1.6799588888888888,1.6799727777777778,1,54,1,54,0.23999999999978172,0.27999999999974534,0.40099999999983993,0,0.0,0,0,0.3000000000001819,0.3000000000001819,0.4000000000005457,0,0.0,0,0,TELEMETRY_COVERAGE_PASS,FastF1 raw Date plus session-relative SessionTime; timezone/latency is not inferred; lap assignment is interval lookup from FastF1 LapStartTime/Time
2018:Abu Dhabi Grand Prix:Race,train,2018,Abu Dhabi Grand Prix,Race,STR,18,TRUE,TRUE,LAP_CONTEXT_PRESENT,54,54,CACHED_SELECTED_LAP_STREAM,801,25237,20307,2018-11-25T13:13:34.552000,2018-11-25T14:54:05.923000,2018-11-25T13:13:34.684000,2018-11-25T14:54:05.886000,2014.479,8045.85,2014.611,8045.813,1.6753808333333333,1.675333888888889,1,54,1,54,0.23999999999978172,0.27999999999974534,0.40099999999983993,0,0.0,0,0,0.3000000000001819,0.3000000000001819,0.4000000000005457,0,0.0,0,0,TELEMETRY_COVERAGE_PASS,FastF1 raw Date plus session-relative SessionTime; timezone/latency is not inferred; lap assignment is interval lookup from FastF1 LapStartTime/Time
2018:Abu Dhabi Grand Prix:Race,train,2018,Abu Dhabi Grand Prix,Race,VAN,2,TRUE,TRUE,LAP_CONTEXT_PRESENT,54,54,CACHED_SELECTED_LAP_STREAM,800,25240,20309,2018-11-25T13:13:34.552000,2018-11-25T14:54:06.643000,2018-11-25T13:13:34.684000,2018-11-25T14:54:06.486000,2014.479,8046.57,2014.611,8046.413,1.675580833333333,1.6755005555555555,1,54,1,54,0.23999999999978172,0.27999999999974534,0.40099999999983993,0,0.0,0,0,0.3000000000001819,0.3000000000001819,0.4000000000005457,0,0.0,0,0,TELEMETRY_COVERAGE_PASS,FastF1 raw Date plus session-relative SessionTime; timezone/latency is not inferred; lap assignment is interval lookup from FastF1 LapStartTime/Time
2018:Abu Dhabi Grand Prix:Race,train,2018,Abu Dhabi Grand Prix,Race,VER,33,TRUE,TRUE,LAP_CONTEXT_PRESENT,55,55,CACHED_SELECTED_LAP_STREAM,773,25076,20178,2018-11-25T13:13:34.552000,2018-11-25T14:53:27.643000,2018-11-25T13:13:34.684000,2018-11-25T14:53:27.585000,2014.479,8007.57,2014.611,8007.512,1.6647474999999998,1.6646947222222221,1,55,1,55,0.23999999999978172,0.27999999999974534,0.40099999999983993,0,0.0,0,0,0.3000000000001819,0.3000000000001819,0.4000000000005457,0,0.0,0,0,TELEMETRY_COVERAGE_PASS,FastF1 raw Date plus session-relative SessionTime; timezone/latency is not inferred; lap assignment is interval lookup from FastF1 LapStartTime/Time
2018:Abu Dhabi Grand Prix:Race,train,2018,Abu Dhabi Grand Prix,Race,VET,5,TRUE,TRUE,LAP_CONTEXT_PRESENT,55,55,CACHED_SELECTED_LAP_STREAM,779,25034,20144,2018-11-25T13:13:34.552000,2018-11-25T14:53:17.643000,2018-11-25T13:13:34.684000,2018-11-25T14:53:17.484000,2014.479,7997.57,2014.611,7997.411,1.661969722222222,1.661888888888889,1,55,1,55,0.23999999999978172,0.27999999999974534,0.40099999999983993,0,0.0,0,0,0.3000000000001819,0.3000000000001819,0.4000000000005457,0,0.0,0,0,TELEMETRY_COVERAGE_PASS,FastF1 raw Date plus session-relative SessionTime; timezone/latency is not inferred; lap assignment is interval lookup from FastF1 LapStartTime/Time
2019:Bahrain Grand Prix:Race,train,2019,Bahrain Grand Prix,Race,ALB,23,TRUE,TRUE,LAP_CONTEXT_PRESENT,57,57,CACHED_SELECTED_LAP_STREAM,899,24109,19271,2019-03-31T15:13:31.642000,2019-03-31T16:48:55.622000,2019-03-31T15:13:31.497000,2019-03-31T16:48:55.394000,2011.557,7735.537,2011.412,7735.309,1.5899944444444445,1.589971388888889,1,57,1,57,0.23999999999978172,0.27999999999974534,0.4010000000007494,0,0.0,0,0,0.3000000000001819,0.3000000000001819,0.40000000000009095,0,0.0,0,0,TELEMETRY_COVERAGE_PASS,FastF1 raw Date plus session-relative SessionTime; timezone/latency is not inferred; lap assignment is interval lookup from FastF1 LapStartTime/Time
2019:Bahrain Grand Prix:Race,train,2019,Bahrain Grand Prix,Race,BOT,77,TRUE,TRUE,LAP_CONTEXT_PRESENT,57,57,CACHED_SELECTED_LAP_STREAM,745,23856,19071,2019-03-31T15:13:31.642000,2019-03-31T16:47:55.702000,2019-03-31T15:13:31.497000,2019-03-31T16:47:55.893000,2011.557,7675.617,2011.412,7675.808,1.57335,1.5734433333333333,1,57,1,57,0.23999999999978172,0.27999999999974534,0.4010000000007494,0,0.0,0,0,0.3000000000001819,0.3000000000001819,0.40000000000009095,0,0.0,0,0,TELEMETRY_COVERAGE_PASS,FastF1 raw Date plus session-relative SessionTime; timezone/latency is not inferred; lap assignment is interval lookup from FastF1 LapStartTime/Time
2019:Bahrain Grand Prix:Race,train,2019,Bahrain Grand Prix,Race,GAS,10,TRUE,TRUE,LAP_CONTEXT_PRESENT,57,57,CACHED_SELECTED_LAP_STREAM,909,24089,19256,2019-03-31T15:13:31.642000,2019-03-31T16:48:50.982000,2019-03-31T15:13:31.497000,2019-03-31T16:48:50.893000,2011.557,7730.897,2011.412,7730.808,1.5887055555555556,1.588721111111111,1,57,1,57,0.23999999999978172,0.27999999999974534,0.4010000000007494,0,0.0,0,0,0.3000000000001819,0.3000000000001819,0.40000000000009095,0,0.0,0,0,TELEMETRY_COVERAGE_PASS,FastF1 raw Date plus session-relative SessionTime; timezone/latency is not inferred; lap assignment is interval lookup from FastF1 LapStartTime/Time
2019:Bahrain Grand Prix:Race,train,2019,Bahrain Grand Prix,Race,GIO,99,TRUE,TRUE,LAP_CONTEXT_PRESENT,57,57,CACHED_SELECTED_LAP_STREAM,747,24117,19278,2019-03-31T15:13:31.642000,2019-03-31T16:48:57.542000,2019-03-31T15:13:31.497000,2019-03-31T16:48:57.494000,2011.557,7737.457,2011.412,7737.409,1.590527777777778,1.590554722222222,1,57,1,57,0.23999999999978172,0.27999999999974534,0.4010000000007494,0,0.0,0,0,0.3000000000001819,0.3000000000001819,0.40000000000009095,0,0.0,0,0,TELEMETRY_COVERAGE_PASS,FastF1 raw Date plus session-relative SessionTime; timezone/latency is not inferred; lap assignment is interval lookup from FastF1 LapStartTime/Time
2019:Bahrain Grand Prix:Race,train,2019,Bahrain Grand Prix,Race,GRO,8,TRUE,TRUE,LAP_CONTEXT_PRESENT,16,16,CACHED_SELECTED_LAP_STREAM,739,6944,5551,2019-03-31T15:13:31.642000,2019-03-31T15:41:00.339000,2019-03-31T15:13:31.497000,2019-03-31T15:41:00.225000,2011.557,3660.254,2011.412,3660.14,0.45797138888888883,0.45797999999999994,1,16,1,16,0.23999999999978172,0.27999999999974534,0.4010000000002947,0,0.0,0,0,0.3000000000001819,0.3000000000001819,0.40000000000009095,0,0.0,0,0,TELEMETRY_COVERAGE_PASS,FastF1 raw Date plus session-relative SessionTime; timezone/latency is not inferred; lap assignment is interval lookup from FastF1 LapStartTime/Time
2019:Bahrain Grand Prix:Race,train,2019,Bahrain Grand Prix,Race,HAM,44,TRUE,TRUE,LAP_CONTEXT_PRESENT,57,57,CACHED_SELECTED_LAP_STREAM,749,23844,19060,2019-03-31T15:13:31.642000,2019-03-31T16:47:52.862000,2019-03-31T15:13:31.497000,2019-03-31T16:47:52.692000,2011.557,7672.777,2011.412,7672.607,1.572561111111111,1.5725541666666665,1,57,1,57,0.23999999999978172,0.27999999999974534,0.4010000000007494,0,0.0,0,0,0.3000000000001819,0.3000000000001819,0.40000000000009095,0,0.0,0,0,TELEMETRY_COVERAGE_PASS,FastF1 raw Date plus session-relative SessionTime; timezone/latency is not inferred; lap assignment is interval lookup from FastF1 LapStartTime/Time
2019:Bahrain Grand Prix:Race,train,2019,Bahrain Grand Prix,Race,HUL,27,TRUE,TRUE,LAP_CONTEXT_PRESENT,54,54,CACHED_SELECTED_LAP_STREAM,741,22631,18093,2019-03-31T15:13:31.642000,2019-03-31T16:43:05.338000,2019-03-31T15:13:31.497000,2019-03-31T16:43:05.487000,2011.557,7385.253,2011.412,7385.402,1.4926933333333332,1.492775,1,54,1,54,0.23999999999978172,0.27999999999974534,0.4010000000007494,0,0.0,0,0,0.3000000000001819,0.3000000000001819,0.40000000000009095,0,0.0,0,0,TELEMETRY_COVERAGE_PASS,FastF1 raw Date plus session-relative SessionTime; timezone/latency is not inferred; lap assignment is interval lookup from FastF1 LapStartTime/Time
2019:Bahrain Grand Prix:Race,train,2019,Bahrain Grand Prix,Race,KUB,88,TRUE,TRUE,LAP_CONTEXT_PRESENT,55,55,CACHED_SELECTED_LAP_STREAM,762,23847,19063,2019-03-31T15:13:31.642000,2019-03-31T16:47:53.622000,2019-03-31T15:13:31.497000,2019-03-31T16:47:53.592000,2011.557,7673.537,2011.412,7673.507,1.5727722222222225,1.5728041666666666,1,55,1,55,0.23999999999978172,0.27999999999974534,0.4010000000007494,0,0.0,0,0,0.3000000000001819,0.3000000000001819,0.40000000000009095,0,0.0,0,0,TELEMETRY_COVERAGE_PASS,FastF1 raw Date plus session-relative SessionTime; timezone/latency is not inferred; lap assignment is interval lookup from FastF1 LapStartTime/Time
2019:Bahrain Grand Prix:Race,train,2019,Bahrain Grand Prix,Race,KVY,26,TRUE,TRUE,LAP_CONTEXT_PRESENT,56,56,CACHED_SELECTED_LAP_STREAM,748,23851,19066,2019-03-31T15:13:31.642000,2019-03-31T16:47:54.542000,2019-03-31T15:13:31.497000,2019-03-31T16:47:54.393000,2011.557,7674.457,2011.412,7674.308,1.573027777777778,1.5730266666666666,1,56,1,56,0.23999999999978172,0.27999999999974534,0.4010000000007494,0,0.0,0,0,0.3000000000001819,0.3000000000001819,0.40000000000009095,0,0.0,0,0,TELEMETRY_COVERAGE_PASS,FastF1 raw Date plus session-relative SessionTime; timezone/latency is not inferred; lap assignment is interval lookup from FastF1 LapStartTime/Time
2019:Bahrain Grand Prix:Race,train,2019,Bahrain Grand Prix,Race,LEC,16,TRUE,TRUE,LAP_CONTEXT_PRESENT,57,57,CACHED_SELECTED_LAP_STREAM,740,23870,19081,2019-03-31T15:13:31.642000,2019-03-31T16:47:58.942000,2019-03-31T15:13:31.497000,2019-03-31T16:47:58.893000,2011.557,7678.857,2011.412,7678.808,1.5742500000000001,1.5742766666666665,1,57,1,57,0.23999999999978172,0.27999999999974534,0.4010000000007494,0,0.0,0,0,0.3000000000001819,0.3000000000001819,0.40000000000009095,0,0.0,0,0,TELEMETRY_COVERAGE_PASS,FastF1 raw Date plus session-relative SessionTime; timezone/latency is not inferred; lap assignment is interval lookup from FastF1 LapStartTime/Time
2019:Bahrain Grand Prix:Race,train,2019,Bahrain Grand Prix,Race,MAG,20,TRUE,TRUE,LAP_CONTEXT_PRESENT,56,56,CACHED_SELECTED_LAP_STREAM,773,23855,19069,2019-03-31T15:13:31.642000,2019-03-31T16:47:55.462000,2019-03-31T15:13:31.497000,2019-03-31T16:47:55.293000,2011.557,7675.377,2011.412,7675.208,1.5732833333333336,1.5732766666666664,1,56,1,56,0.23999999999978172,0.27999999999974534,0.4010000000007494,0,0.0,0,0,0.3000000000001819,0.3000000000001819,0.40000000000009095,0,0.0,0,0,TELEMETRY_COVERAGE_PASS,FastF1 raw Date plus session-relative SessionTime; timezone/latency is not inferred; lap assignment is interval lookup from FastF1 LapStartTime/Time
2019:Bahrain Grand Prix:Race,train,2019,Bahrain Grand Prix,Race,NOR,4,TRUE,TRUE,LAP_CONTEXT_PRESENT,57,57,CACHED_SELECTED_LAP_STREAM,770,24037,19214,2019-03-31T15:13:31.642000,2019-03-31T16:48:38.662000,2019-03-31T15:13:31.497000,2019-03-31T16:48:38.493000,2011.557,7718.577,2011.412,7718.408,1.5852833333333334,1.5852766666666667,1,57,1,57,0.23999999999978172,0.27999999999974534,0.4010000000007494,0,0.0,0,0,0.3000000000001819,0.3000000000001819,0.40000000000009095,0,0.0,0,0,TELEMETRY_COVERAGE_PASS,FastF1 raw Date plus session-relative SessionTime; timezone/latency is not inferred; lap assignment is interval lookup from FastF1 LapStartTime/Time
2019:Bahrain Grand Prix:Race,train,2019,Bahrain Grand Prix,Race,PER,11,TRUE,TRUE,LAP_CONTEXT_PRESENT,57,57,CACHED_SELECTED_LAP_STREAM,735,24113,19275,2019-03-31T15:13:31.642000,2019-03-31T16:48:56.543000,2019-03-31T15:13:31.497000,2019-03-31T16:48:56.594000,2011.557,7736.458,2011.412,7736.509,1.5902502777777778,1.5903047222222222,1,57,1,57,0.23999999999978172,0.27999999999974534,0.4010000000007494,0,0.0,0,0,0.3000000000001819,0.3000000000001819,0.40000000000009095,0,0.0,0,0,TELEMETRY_COVERAGE_PASS,FastF1 raw Date plus session-relative SessionTime; timezone/latency is not inferred; lap assignment is interval lookup from FastF1 LapStartTime/Time
2019:Bahrain Grand Prix:Race,train,2019,Bahrain Grand Prix,Race,RAI,7,TRUE,TRUE,LAP_CONTEXT_PRESENT,57,57,CACHED_SELECTED_LAP_STREAM,893,24044,19220,2019-03-31T15:13:31.642000,2019-03-31T16:48:40.302000,2019-03-31T15:13:31.497000,2019-03-31T16:48:40.194000,2011.557,7720.217,2011.412,7720.109,1.5857388888888888,1.5857491666666668,1,57,1,57,0.23999999999978172,0.27999999999974534,0.4010000000007494,0,0.0,0,0,0.3000000000001819,0.3000000000001819,0.40000000000009095,0,0.0,0,0,TELEMETRY_COVERAGE_PASS,FastF1 raw Date plus session-relative SessionTime; timezone/latency is not inferred; lap assignment is interval lookup from FastF1 LapStartTime/Time
2019:Bahrain Grand Prix:Race,train,2019,Bahrain Grand Prix,Race,RIC,3,TRUE,TRUE,LAP_CONTEXT_PRESENT,54,54,CACHED_SELECTED_LAP_STREAM,747,22685,18135,2019-03-31T15:13:31.642000,2019-03-31T16:43:18.059000,2019-03-31T15:13:31.497000,2019-03-31T16:43:17.888000,2011.557,7397.974,2011.412,7397.803,1.4962269444444445,1.4962197222222222,1,54,1,54,0.23999999999978172,0.27999999999974534,0.4010000000007494,0,0.0,0,0,0.3000000000001819,0.3000000000001819,0.40000000000009095,0,0.0,0,0,TELEMETRY_COVERAGE_PASS,FastF1 raw Date plus session-relative SessionTime; timezone/latency is not inferred; lap assignment is interval lookup from FastF1 LapStartTime/Time
2019:Bahrain Grand Prix:Race,train,2019,Bahrain Grand Prix,Race,RUS,63,TRUE,TRUE,LAP_CONTEXT_PRESENT,56,56,CACHED_SELECTED_LAP_STREAM,765,24096,19261,2019-03-31T15:13:31.642000,2019-03-31T16:48:52.582000,2019-03-31T15:13:31.497000,2019-03-31T16:48:52.393000,2011.557,7732.497,2011.412,7732.308,1.58915,1.5891377777777778,1,56,1,56,0.23999999999978172,0.27999999999974534,0.4010000000007494,0,0.0,0,0,0.3000000000001819,0.3000000000001819,0.40000000000009095,0,0.0,0,0,TELEMETRY_COVERAGE_PASS,FastF1 raw Date plus session-relative SessionTime; timezone/latency is not inferred; lap assignment is interval lookup from FastF1 LapStartTime/Time
2019:Bahrain Grand Prix:Race,train,2019,Bahrain Grand Prix,Race,SAI,55,TRUE,TRUE,LAP_CONTEXT_PRESENT,53,53,CACHED_SELECTED_LAP_STREAM,740,22387,17898,2019-03-31T15:13:31.642000,2019-03-31T16:42:07.578000,2019-03-31T15:13:31.497000,2019-03-31T16:42:07.586000,2011.557,7327.493,2011.412,7327.501,1.4766488888888891,1.4766913888888888,1,53,1,53,0.23999999999978172,0.27999999999974534,0.4010000000007494,0,0.0,0,0,0.3000000000001819,0.3000000000001819,0.40000000000009095,0,0.0,0,0,TELEMETRY_COVERAGE_PASS,FastF1 raw Date plus session-relative SessionTime; timezone/latency is not inferred; lap assignment is interval lookup from FastF1 LapStartTime/Time
2019:Bahrain Grand Prix:Race,train,2019,Bahrain Grand Prix,Race,STR,18,TRUE,TRUE,LAP_CONTEXT_PRESENT,56,56,CACHED_SELECTED_LAP_STREAM,749,23928,19128,2019-03-31T15:13:31.642000,2019-03-31T16:48:12.942000,2019-03-31T15:13:31.497000,2019-03-31T16:48:12.893000,2011.557,7692.857,2011.412,7692.808,1.578138888888889,1.5781655555555554,1,56,1,56,0.23999999999978172,0.27999999999974534,0.4010000000007494,0,0.0,0,0,0.3000000000001819,0.3000000000001819,0.40000000000009095,0,0.0,0,0,TELEMETRY_COVERAGE_PASS,FastF1 raw Date plus session-relative SessionTime; timezone/latency is not inferred; lap assignment is interval lookup from FastF1 LapStartTime/Time
2019:Bahrain Grand Prix:Race,train,2019,Bahrain Grand Prix,Race,VER,33,TRUE,TRUE,LAP_CONTEXT_PRESENT,57,57,CACHED_SELECTED_LAP_STREAM,744,23871,19082,2019-03-31T15:13:31.642000,2019-03-31T16:47:59.182000,2019-03-31T15:13:31.497000,2019-03-31T16:47:59.193000,2011.557,7679.097,2011.412,7679.108,1.5743166666666666,1.57436,1,57,1,57,0.23999999999978172,0.27999999999974534,0.4010000000007494,0,0.0,0,0,0.3000000000001819,0.3000000000001819,0.40000000000009095,0,0.0,0,0,TELEMETRY_COVERAGE_PASS,FastF1 raw Date plus session-relative SessionTime; timezone/latency is not inferred; lap assignment is interval lookup from FastF1 LapStartTime/Time
2019:Bahrain Grand Prix:Race,train,2019,Bahrain Grand Prix,Race,VET,5,TRUE,TRUE,LAP_CONTEXT_PRESENT,57,57,CACHED_SELECTED_LAP_STREAM,744,23996,19182,2019-03-31T15:13:31.642000,2019-03-31T16:48:28.982000,2019-03-31T15:13:31.497000,2019-03-31T16:48:28.893000,2011.557,7708.897,2011.412,7708.808,1.5825944444444444,1.5826099999999999,1,57,1,57,0.23999999999978172,0.27999999999974534,0.4010000000007494,0,0.0,0,0,0.3000000000001819,0.3000000000001819,0.40000000000009095,0,0.0,0,0,TELEMETRY_COVERAGE_PASS,FastF1 raw Date plus session-relative SessionTime; timezone/latency is not inferred; lap assignment is interval lookup from FastF1 LapStartTime/Time
2019:Chinese Grand Prix:Race,train,2019,Chinese Grand Prix,Race,ALB,23,TRUE,TRUE,LAP_CONTEXT_PRESENT,55,55,CACHED_SELECTED_LAP_STREAM,764,23421,18719,2019-04-14T06:13:29.106000,2019-04-14T07:46:09.484000,2019-04-14T06:13:29.285000,2019-04-14T07:46:09.378000,2007.231,7567.609,2007.41,7567.503,1.5445494444444445,1.5444702777777777,1,55,1,55,0.23999999999978172,0.27999999999974534,0.4010000000007494,0,0.0,0,0,0.3000000000001819,0.3000000000001819,0.4000000000005457,0,0.0,0,0,TELEMETRY_COVERAGE_PASS,FastF1 raw Date plus session-relative SessionTime; timezone/latency is not inferred; lap assignment is interval lookup from FastF1 LapStartTime/Time
2019:Chinese Grand Prix:Race,train,2019,Chinese Grand Prix,Race,BOT,77,TRUE,TRUE,LAP_CONTEXT_PRESENT,56,56,CACHED_SELECTED_LAP_STREAM,746,23306,18627,2019-04-14T06:13:29.106000,2019-04-14T07:45:42.005000,2019-04-14T06:13:29.285000,2019-04-14T07:45:42.077000,2007.231,7540.13,2007.41,7540.202,1.536916388888889,1.5368866666666667,1,56,1,56,0.23999999999978172,0.27999999999974534,0.4010000000007494,0,0.0,0,0,0.3000000000001819,0.3000000000001819,0.4000000000005457,0,0.0,0,0,TELEMETRY_COVERAGE_PASS,FastF1 raw Date plus session-relative SessionTime; timezone/latency is not inferred; lap assignment is interval lookup from FastF1 LapStartTime/Time
2019:Chinese Grand Prix:Race,train,2019,Chinese Grand Prix,Race,GAS,10,TRUE,TRUE,LAP_CONTEXT_PRESENT,56,56,CACHED_SELECTED_LAP_STREAM,756,23654,18905,2019-04-14T06:13:29.106000,2019-04-14T07:47:04.846000,2019-04-14T06:13:29.285000,2019-04-14T07:47:04.678000,2007.231,7622.971,2007.41,7622.803,1.5599277777777778,1.5598313888888888,1,56,1,56,0.23999999999978172,0.27999999999974534,0.4010000000007494,0,0.0,0,0,0.3000000000001819,0.3000000000001819,0.4000000000005457,0,0.0,0,0,TELEMETRY_COVERAGE_PASS,FastF1 raw Date plus session-relative SessionTime; timezone/latency is not inferred; lap assignment is interval lookup from FastF1 LapStartTime/Time
2019:Chinese Grand Prix:Race,train,2019,Chinese Grand Prix,Race,GIO,99,TRUE,TRUE,LAP_CONTEXT_PRESENT,55,55,CACHED_SELECTED_LAP_STREAM,760,23512,18792,2019-04-14T06:13:29.106000,2019-04-14T07:46:31.165000,2019-04-14T06:13:29.285000,2019-04-14T07:46:31.078000,2007.231,7589.29,2007.41,7589.203,1.5505719444444446,1.5504980555555556,1,55,1,55,0.23999999999978172,0.27999999999974534,0.4010000000007494,0,0.0,0,0,0.3000000000001819,0.3000000000001819,0.4000000000005457,0,0.0,0,0,TELEMETRY_COVERAGE_PASS,FastF1 raw Date plus session-relative SessionTime; timezone/latency is not inferred; lap assignment is interval lookup from FastF1 LapStartTime/Time
2019:Chinese Grand Prix:Race,train,2019,Chinese Grand Prix,Race,GRO,8,TRUE,TRUE,LAP_CONTEXT_PRESENT,55,55,CACHED_SELECTED_LAP_STREAM,754,23427,18724,2019-04-14T06:13:29.106000,2019-04-14T07:46:10.844000,2019-04-14T06:13:29.285000,2019-04-14T07:46:10.877000,2007.231,7568.969,2007.41,7569.002,1.5449272222222223,1.5448866666666667,1,55,1,55,0.23999999999978172,0.27999999999974534,0.4010000000007494,0,0.0,0,0,0.3000000000001819,0.3000000000001819,0.4000000000005457,0,0.0,0,0,TELEMETRY_COVERAGE_PASS,FastF1 raw Date plus session-relative SessionTime; timezone/latency is not inferred; lap assignment is interval lookup from FastF1 LapStartTime/Time
2019:Chinese Grand Prix:Race,train,2019,Chinese Grand Prix,Race,HAM,44,TRUE,TRUE,LAP_CONTEXT_PRESENT,56,56,CACHED_SELECTED_LAP_STREAM,748,23279,18605,2019-04-14T06:13:29.106000,2019-04-14T07:45:35.564000,2019-04-14T06:13:29.285000,2019-04-14T07:45:35.477000,2007.231,7533.689,2007.41,7533.602,1.5351272222222223,1.5350533333333334,1,56,1,56,0.23999999999978172,0.27999999999974534,0.4010000000007494,0,0.0,0,0,0.3000000000001819,0.3000000000001819,0.4000000000005457,0,0.0,0,0,TELEMETRY_COVERAGE_PASS,FastF1 raw Date plus session-relative SessionTime; timezone/latency is not inferred; lap assignment is interval lookup from FastF1 LapStartTime/Time
2019:Chinese Grand Prix:Race,train,2019,Chinese Grand Prix,Race,HUL,27,TRUE,TRUE,LAP_CONTEXT_PRESENT,16,16,CACHED_SELECTED_LAP_STREAM,755,7033,5622,2019-04-14T06:13:29.106000,2019-04-14T06:41:19.124000,2019-04-14T06:13:29.285000,2019-04-14T06:41:19.012000,2007.231,3677.249,2007.41,3677.137,0.46389388888888883,0.4638130555555556,1,16,1,16,0.23999999999978172,0.27999999999974534,0.4010000000002947,0,0.0,0,0,0.3000000000001819,0.3000000000001819,0.3010000000003856,0,0.0,0,0,TELEMETRY_COVERAGE_PASS,FastF1 raw Date plus session-relative SessionTime; timezone/latency is not inferred; lap assignment is interval lookup from FastF1 LapStartTime/Time
2019:Chinese Grand Prix:Race,train,2019,Chinese Grand Prix,Race,KUB,88,TRUE,TRUE,LAP_CONTEXT_PRESENT,54,54,CACHED_SELECTED_LAP_STREAM,779,23447,18740,2019-04-14T06:13:29.106000,2019-04-14T07:46:15.605000,2019-04-14T06:13:29.285000,2019-04-14T07:46:15.578000,2007.231,7573.73,2007.41,7573.703,1.5462497222222222,1.5461925,1,54,1,54,0.23999999999978172,0.27999999999974534,0.4010000000007494,0,0.0,0,0,0.3000000000001819,0.3000000000001819,0.4000000000005457,0,0.0,0,0,TELEMETRY_COVERAGE_PASS,FastF1 raw Date plus session-relative SessionTime; timezone/latency is not inferred; lap assignment is interval lookup from FastF1 LapStartTime/Time
2019:Chinese Grand Prix:Race,train,2019,Chinese Grand Prix,Race,KVY,26,TRUE,TRUE,LAP_CONTEXT_PRESENT,41,41,CACHED_SELECTED_LAP_STREAM,809,17793,14218,2019-04-14T06:13:29.106000,2019-04-14T07:23:52.391000,2019-04-14T06:13:29.285000,2019-04-14T07:23:52.355000,2007.231,6230.516,2007.41,6230.48,1.1731347222222221,1.1730749999999999,1,41,1,41,0.23999999999978172,0.27999999999974534,0.4010000000002947,0,0.0,0,0,0.3000000000001819,0.3000000000001819,0.3010000000003856,0,0.0,0,0,TELEMETRY_COVERAGE_PASS,FastF1 raw Date plus session-relative SessionTime; timezone/latency is not inferred; lap assignment is interval lookup from FastF1 LapStartTime/Time
2019:Chinese Grand Prix:Race,train,2019,Chinese Grand Prix,Race,LEC,16,TRUE,TRUE,LAP_CONTEXT_PRESENT,56,56,CACHED_SELECTED_LAP_STREAM,750,23410,18710,2019-04-14T06:13:29.106000,2019-04-14T07:46:06.845000,2019-04-14T06:13:29.285000,2019-04-14T07:46:06.777000,2007.231,7564.97,2007.41,7564.902,1.543816388888889,1.543747777777778,1,56,1,56,0.23999999999978172,0.27999999999974534,0.4010000000007494,0,0.0,0,0,0.3000000000001819,0.3000000000001819,0.4000000000005457,0,0.0,0,0,TELEMETRY_COVERAGE_PASS,FastF1 raw Date plus session-relative SessionTime; timezone/latency is not inferred; lap assignment is interval lookup from FastF1 LapStartTime/Time
2019:Chinese Grand Prix:Race,train,2019,Chinese Grand Prix,Race,MAG,20,TRUE,TRUE,LAP_CONTEXT_PRESENT,55,55,CACHED_SELECTED_LAP_STREAM,904,23458,18749,2019-04-14T06:13:29.106000,2019-04-14T07:46:18.245000,2019-04-14T06:13:29.285000,2019-04-14T07:46:18.277000,2007.231,7576.37,2007.41,7576.402,1.5469830555555555,1.5469422222222222,1,55,1,55,0.23999999999978172,0.27999999999974534,0.4010000000007494,0,0.0,0,0,0.3000000000001819,0.3000000000001819,0.4000000000005457,0,0.0,0,0,TELEMETRY_COVERAGE_PASS,FastF1 raw Date plus session-relative SessionTime; timezone/latency is not inferred; lap assignment is interval lookup from FastF1 LapStartTime/Time
2019:Chinese Grand Prix:Race,train,2019,Chinese Grand Prix,Race,NOR,4,TRUE,TRUE,LAP_CONTEXT_PRESENT,50,50,CACHED_SELECTED_LAP_STREAM,760,21698,17341,2019-04-14T06:13:29.106000,2019-04-14T07:39:19.961000,2019-04-14T06:13:29.285000,2019-04-14T07:39:20.070000,2007.231,7158.086,2007.41,7158.195,1.4307930555555557,1.4307736111111111,1,50,1,50,0.23999999999978172,0.27999999999974534,0.4010000000007494,0,0.0,0,0,0.3000000000001819,0.3000000000001819,0.4000000000005457,0,0.0,0,0,TELEMETRY_COVERAGE_PASS,FastF1 raw Date plus session-relative SessionTime; timezone/latency is not inferred; lap assignment is interval lookup from FastF1 LapStartTime/Time
2019:Chinese Grand Prix:Race,train,2019,Chinese Grand Prix,Race,PER,11,TRUE,TRUE,LAP_CONTEXT_PRESENT,55,55,CACHED_SELECTED_LAP_STREAM,759,23341,18655,2019-04-14T06:13:29.106000,2019-04-14T07:45:50.404000,2019-04-14T06:13:29.285000,2019-04-14T07:45:50.377000,2007.231,7548.529,2007.41,7548.502,1.5392494444444447,1.5391922222222223,1,55,1,55,0.23999999999978172,0.27999999999974534,0.4010000000007494,0,0.0,0,0,0.3000000000001819,0.3000000000001819,0.4000000000005457,0,0.0,0,0,TELEMETRY_COVERAGE_PASS,FastF1 raw Date plus session-relative SessionTime; timezone/latency is not inferred; lap assignment is interval lookup from FastF1 LapStartTime/Time
2019:Chinese Grand Prix:Race,train,2019,Chinese Grand Prix,Race,RAI,7,TRUE,TRUE,LAP_CONTEXT_PRESENT,55,55,CACHED_SELECTED_LAP_STREAM,759,23369,18678,2019-04-14T06:13:29.106000,2019-04-14T07:45:57.084000,2019-04-14T06:13:29.285000,2019-04-14T07:45:57.177000,2007.231,7555.209,2007.41,7555.302,1.541105,1.5410811111111111,1,55,1,55,0.23999999999978172,0.27999999999974534,0.4010000000007494,0,0.0,0,0,0.3000000000001819,0.3000000000001819,0.4000000000005457,0,0.0,0,0,TELEMETRY_COVERAGE_PASS,FastF1 raw Date plus session-relative SessionTime; timezone/latency is not inferred; lap assignment is interval lookup from FastF1 LapStartTime/Time
2019:Chinese Grand Prix:Race,train,2019,Chinese Grand Prix,Race,RIC,3,TRUE,TRUE,LAP_CONTEXT_PRESENT,55,55,CACHED_SELECTED_LAP_STREAM,760,23333,18649,2019-04-14T06:13:29.106000,2019-04-14T07:45:48.484000,2019-04-14T06:13:29.285000,2019-04-14T07:45:48.577000,2007.231,7546.609,2007.41,7546.702,1.5387161111111112,1.5386922222222223,1,55,1,55,0.23999999999978172,0.27999999999974534,0.4010000000007494,0,0.0,0,0,0.3000000000001819,0.3000000000001819,0.4000000000005457,0,0.0,0,0,TELEMETRY_COVERAGE_PASS,FastF1 raw Date plus session-relative SessionTime; timezone/latency is not inferred; lap assignment is interval lookup from FastF1 LapStartTime/Time
2019:Chinese Grand Prix:Race,train,2019,Chinese Grand Prix,Race,RUS,63,TRUE,TRUE,LAP_CONTEXT_PRESENT,54,54,CACHED_SELECTED_LAP_STREAM,771,23381,18687,2019-04-14T06:13:29.106000,2019-04-14T07:45:59.884000,2019-04-14T06:13:29.285000,2019-04-14T07:45:59.877000,2007.231,7558.009,2007.41,7558.002,1.541882777777778,1.5418311111111114,1,54,1,54,0.23999999999978172,0.27999999999974534,0.4010000000007494,0,0.0,0,0,0.3000000000001819,0.3000000000001819,0.4000000000005457,0,0.0,0,0,TELEMETRY_COVERAGE_PASS,FastF1 raw Date plus session-relative SessionTime; timezone/latency is not inferred; lap assignment is interval lookup from FastF1 LapStartTime/Time
2019:Chinese Grand Prix:Race,train,2019,Chinese Grand Prix,Race,SAI,55,TRUE,TRUE,LAP_CONTEXT_PRESENT,55,55,CACHED_SELECTED_LAP_STREAM,762,23500,18782,2019-04-14T06:13:29.106000,2019-04-14T07:46:28.244000,2019-04-14T06:13:29.285000,2019-04-14T07:46:28.078000,2007.231,7586.369,2007.41,7586.203,1.5497605555555556,1.5496647222222224,1,55,1,55,0.23999999999978172,0.27999999999974534,0.4010000000007494,0,0.0,0,0,0.3000000000001819,0.3000000000001819,0.4000000000005457,0,0.0,0,0,TELEMETRY_COVERAGE_PASS,FastF1 raw Date plus session-relative SessionTime; timezone/latency is not inferred; lap assignment is interval lookup from FastF1 LapStartTime/Time
2019:Chinese Grand Prix:Race,train,2019,Chinese Grand Prix,Race,STR,18,TRUE,TRUE,LAP_CONTEXT_PRESENT,55,55,CACHED_SELECTED_LAP_STREAM,766,23454,18746,2019-04-14T06:13:29.106000,2019-04-14T07:46:17.285000,2019-04-14T06:13:29.285000,2019-04-14T07:46:17.377000,2007.231,7575.41,2007.41,7575.502,1.5467163888888888,1.5466922222222224,1,55,1,55,0.23999999999978172,0.27999999999974534,0.4010000000007494,0,0.0,0,0,0.3000000000001819,0.3000000000001819,0.4000000000005457,0,0.0,0,0,TELEMETRY_COVERAGE_PASS,FastF1 raw Date plus session-relative SessionTime; timezone/latency is not inferred; lap assignment is interval lookup from FastF1 LapStartTime/Time
2019:Chinese Grand Prix:Race,train,2019,Chinese Grand Prix,Race,VER,33,TRUE,TRUE,LAP_CONTEXT_PRESENT,56,56,CACHED_SELECTED_LAP_STREAM,751,23394,18698,2019-04-14T06:13:29.106000,2019-04-14T07:46:02.965000,2019-04-14T06:13:29.285000,2019-04-14T07:46:03.177000,2007.231,7561.09,2007.41,7561.302,1.5427386111111112,1.5427477777777778,1,56,1,56,0.23999999999978172,0.27999999999974534,0.4010000000007494,0,0.0,0,0,0.3000000000001819,0.3000000000001819,0.4000000000005457,0,0.0,0,0,TELEMETRY_COVERAGE_PASS,FastF1 raw Date plus session-relative SessionTime; timezone/latency is not inferred; lap assignment is interval lookup from FastF1 LapStartTime/Time
2019:Chinese Grand Prix:Race,train,2019,Chinese Grand Prix,Race,VET,5,TRUE,TRUE,LAP_CONTEXT_PRESENT,56,56,CACHED_SELECTED_LAP_STREAM,749,23336,18651,2019-04-14T06:13:29.106000,2019-04-14T07:45:49.165000,2019-04-14T06:13:29.285000,2019-04-14T07:45:49.177000,2007.231,7547.29,2007.41,7547.302,1.5389052777777779,1.5388588888888888,1,56,1,56,0.23999999999978172,0.27999999999974534,0.4010000000007494,0,0.0,0,0,0.3000000000001819,0.3000000000001819,0.4000000000005457,0,0.0,0,0,TELEMETRY_COVERAGE_PASS,FastF1 raw Date plus session-relative SessionTime; timezone/latency is not inferred; lap assignment is interval lookup from FastF1 LapStartTime/Time
2019:Azerbaijan Grand Prix:Race,train,2019,Azerbaijan Grand Prix,Race,ALB,23,TRUE,TRUE,LAP_CONTEXT_PRESENT,50,50,CACHED_SELECTED_LAP_STREAM,851,22741,18621,2019-04-28T12:13:37.731000,2019-04-28T13:45:48.668000,2019-04-28T12:13:37.698000,2019-04-28T13:45:48.691000,2017.484,7548.421,2017.451,7548.444,1.5363713888888888,1.5363869444444445,1,50,1,50,0.23999999999978172,0.27999999999974534,0.44000000000005457,0,0.0,0,0,0.3000000000001819,0.3000000000001819,0.4000000000005457,0,0.0,0,0,TELEMETRY_COVERAGE_PASS,FastF1 raw Date plus session-relative SessionTime; timezone/latency is not inferred; lap assignment is interval lookup from FastF1 LapStartTime/Time
2019:Azerbaijan Grand Prix:Race,train,2019,Azerbaijan Grand Prix,Race,BOT,77,TRUE,TRUE,LAP_CONTEXT_PRESENT,51,51,CACHED_SELECTED_LAP_STREAM,817,22667,18560,2019-04-28T12:13:37.731000,2019-04-28T13:45:30.787000,2019-04-28T12:13:37.698000,2019-04-28T13:45:30.591000,2017.484,7530.54,2017.451,7530.344,1.5314044444444446,1.5313591666666666,1,51,1,51,0.23999999999978172,0.27999999999974534,0.44000000000005457,0,0.0,0,0,0.3000000000001819,0.3000000000001819,0.4000000000005457,0,0.0,0,0,TELEMETRY_COVERAGE_PASS,FastF1 raw Date plus session-relative SessionTime; timezone/latency is not inferred; lap assignment is interval lookup from FastF1 LapStartTime/Time
2019:Azerbaijan Grand Prix:Race,train,2019,Azerbaijan Grand Prix,Race,GAS,10,TRUE,TRUE,LAP_CONTEXT_PRESENT,39,39,CACHED_SELECTED_LAP_STREAM,817,17559,14380,2019-04-28T12:13:37.731000,2019-04-28T13:24:48.895000,2019-04-28T12:13:37.698000,2019-04-28T13:24:48.970000,2017.484,6288.648,2017.451,6288.723,1.1864344444444446,1.1864644444444443,1,39,1,39,0.23999999999978172,0.27999999999974534,0.44000000000005457,0,0.0,0,0,0.3000000000001819,0.3000000000001819,0.4000000000005457,0,0.0,0,0,TELEMETRY_COVERAGE_PASS,FastF1 raw Date plus session-relative SessionTime; timezone/latency is not inferred; lap assignment is interval lookup from FastF1 LapStartTime/Time
2019:Azerbaijan Grand Prix:Race,train,2019,Azerbaijan Grand Prix,Race,GIO,99,TRUE,TRUE,LAP_CONTEXT_PRESENT,50,50,CACHED_SELECTED_LAP_STREAM,810,22751,18629,2019-04-28T12:13:37.731000,2019-04-28T13:45:51.028000,2019-04-28T12:13:37.698000,2019-04-28T13:45:51.091000,2017.484,7550.781,2017.451,7550.844,1.5370269444444447,1.537053611111111,1,50,1,50,0.23999999999978172,0.27999999999974534,0.44000000000005457,0,0.0,0,0,0.3000000000001819,0.3000000000001819,0.4000000000005457,0,0.0,0,0,TELEMETRY_COVERAGE_PASS,FastF1 raw Date plus session-relative SessionTime; timezone/latency is not inferred; lap assignment is interval lookup from FastF1 LapStartTime/Time
2019:Azerbaijan Grand Prix:Race,train,2019,Azerbaijan Grand Prix,Race,GRO,8,TRUE,TRUE,LAP_CONTEXT_PRESENT,38,38,CACHED_SELECTED_LAP_STREAM,834,17548,14371,2019-04-28T12:13:37.731000,2019-04-28T13:24:46.215000,2019-04-28T12:13:37.698000,2019-04-28T13:24:46.270000,2017.484,6285.968,2017.451,6286.023,1.1856900000000001,1.1857144444444445,1,38,1,38,0.23999999999978172,0.27999999999974534,0.44000000000005457,0,0.0,0,0,0.3000000000001819,0.3000000000001819,0.4000000000005457,0,0.0,0,0,TELEMETRY_COVERAGE_PASS,FastF1 raw Date plus session-relative SessionTime; timezone/latency is not inferred; lap assignment is interval lookup from FastF1 LapStartTime/Time
2019:Azerbaijan Grand Prix:Race,train,2019,Azerbaijan Grand Prix,Race,HAM,44,TRUE,TRUE,LAP_CONTEXT_PRESENT,51,51,CACHED_SELECTED_LAP_STREAM,815,22673,18565,2019-04-28T12:13:37.731000,2019-04-28T13:45:32.188000,2019-04-28T12:13:37.698000,2019-04-28T13:45:32.090000,2017.484,7531.941,2017.451,7531.843,1.5317936111111112,1.5317755555555554,1,51,1,51,0.23999999999978172,0.27999999999974534,0.44000000000005457,0,0.0,0,0,0.3000000000001819,0.3000000000001819,0.4000000000005457,0,0.0,0,0,TELEMETRY_COVERAGE_PASS,FastF1 raw Date plus session-relative SessionTime; timezone/latency is not inferred; lap assignment is interval lookup from FastF1 LapStartTime/Time
2019:Azerbaijan Grand Prix:Race,train,2019,Azerbaijan Grand Prix,Race,HUL,27,TRUE,TRUE,LAP_CONTEXT_PRESENT,50,50,CACHED_SELECTED_LAP_STREAM,952,22967,18807,2019-04-28T12:13:37.731000,2019-04-28T13:46:43.829000,2019-04-28T12:13:37.698000,2019-04-28T13:46:43.692000,2017.484,7603.582,2017.451,7603.445,1.551693888888889,1.5516649999999998,1,50,1,50,0.23999999999978172,0.27999999999974534,0.44000000000005457,0,0.0,0,0,0.3000000000001819,0.3000000000001819,0.4000000000005457,0,0.0,0,0,TELEMETRY_COVERAGE_PASS,FastF1 raw Date plus session-relative SessionTime; timezone/latency is not inferred; lap assignment is interval lookup from FastF1 LapStartTime/Time
2019:Azerbaijan Grand Prix:Race,train,2019,Azerbaijan Grand Prix,Race,KUB,88,TRUE,TRUE,LAP_CONTEXT_PRESENT,49,49,CACHED_SELECTED_LAP_STREAM,838,22857,18717,2019-04-28T12:13:37.731000,2019-04-28T13:46:16.989000,2019-04-28T12:13:37.698000,2019-04-28T13:46:16.991000,2017.484,7576.742,2017.451,7576.744,1.5442383333333334,1.5442480555555556,1,49,1,49,0.23999999999978172,0.27999999999974534,0.44000000000005457,0,0.0,0,0,0.3000000000001819,0.3000000000001819,0.4000000000005457,0,0.0,0,0,TELEMETRY_COVERAGE_PASS,FastF1 raw Date plus session-relative SessionTime; timezone/latency is not inferred; lap assignment is interval lookup from FastF1 LapStartTime/Time
2019:Azerbaijan Grand Prix:Race,train,2019,Azerbaijan Grand Prix,Race,KVY,26,TRUE,TRUE,LAP_CONTEXT_PRESENT,33,33,CACHED_SELECTED_LAP_STREAM,969,15177,12428,2019-04-28T12:13:37.731000,2019-04-28T13:15:09.289000,2019-04-28T12:13:37.698000,2019-04-28T13:15:09.160000,2017.484,5709.042,2017.451,5708.913,1.0254327777777779,1.025406111111111,1,33,1,33,0.23999999999978172,0.27999999999974534,0.44000000000005457,0,0.0,0,0,0.3000000000001819,0.3000000000001819,0.4000000000005457,0,0.0,0,0,TELEMETRY_COVERAGE_PASS,FastF1 raw Date plus session-relative SessionTime; timezone/latency is not inferred; lap assignment is interval lookup from FastF1 LapStartTime/Time
2019:Azerbaijan Grand Prix:Race,train,2019,Azerbaijan Grand Prix,Race,LEC,16,TRUE,TRUE,LAP_CONTEXT_PRESENT,51,51,CACHED_SELECTED_LAP_STREAM,806,22950,18794,2019-04-28T12:13:37.731000,2019-04-28T13:46:39.709000,2019-04-28T12:13:37.698000,2019-04-28T13:46:39.792000,2017.484,7599.462,2017.451,7599.545,1.5505494444444448,1.5505816666666667,1,51,1,51,0.23999999999978172,0.27999999999974534,0.44000000000005457,0,0.0,0,0,0.3000000000001819,0.3000000000001819,0.4000000000005457,0,0.0,0,0,TELEMETRY_COVERAGE_PASS,FastF1 raw Date plus session-relative SessionTime; timezone/latency is not inferred; lap assignment is interval lookup from FastF1 LapStartTime/Time
2019:Azerbaijan Grand Prix:Race,train,2019,Azerbaijan Grand Prix,Race,MAG,20,TRUE,TRUE,LAP_CONTEXT_PRESENT,50,50,CACHED_SELECTED_LAP_STREAM,821,22865,18723,2019-04-28T12:13:37.731000,2019-04-28T13:46:18.908000,2019-04-28T12:13:37.698000,2019-04-28T13:46:18.791000,2017.484,7578.661,2017.451,7578.544,1.5447713888888888,1.5447480555555555,1,50,1,50,0.23999999999978172,0.27999999999974534,0.44000000000005457,0,0.0,0,0,0.3000000000001819,0.3000000000001819,0.4000000000005457,0,0.0,0,0,TELEMETRY_COVERAGE_PASS,FastF1 raw Date plus session-relative SessionTime; timezone/latency is not inferred; lap assignment is interval lookup from FastF1 LapStartTime/Time
2019:Azerbaijan Grand Prix:Race,train,2019,Azerbaijan Grand Prix,Race,NOR,4,TRUE,TRUE,LAP_CONTEXT_PRESENT,51,51,CACHED_SELECTED_LAP_STREAM,887,23078,18899,2019-04-28T12:13:37.731000,2019-04-28T13:47:10.949000,2019-04-28T12:13:37.698000,2019-04-28T13:47:10.992000,2017.484,7630.702,2017.451,7630.745,1.5592272222222225,1.5592483333333333,1,51,1,51,0.23999999999978172,0.27999999999974534,0.44000000000005457,0,0.0,0,0,0.3000000000001819,0.3000000000001819,0.4000000000005457,0,0.0,0,0,TELEMETRY_COVERAGE_PASS,FastF1 raw Date plus session-relative SessionTime; timezone/latency is not inferred; lap assignment is interval lookup from FastF1 LapStartTime/Time
2019:Azerbaijan Grand Prix:Race,train,2019,Azerbaijan Grand Prix,Race,PER,11,TRUE,TRUE,LAP_CONTEXT_PRESENT,51,51,CACHED_SELECTED_LAP_STREAM,831,22981,18819,2019-04-28T12:13:37.731000,2019-04-28T13:46:47.188000,2019-04-28T12:13:37.698000,2019-04-28T13:46:47.192000,2017.484,7606.941,2017.451,7606.945,1.5526269444444445,1.5526372222222222,1,51,1,51,0.23999999999978172,0.27999999999974534,0.44000000000005457,0,0.0,0,0,0.3000000000001819,0.3000000000001819,0.4000000000005457,0,0.0,0,0,TELEMETRY_COVERAGE_PASS,FastF1 raw Date plus session-relative SessionTime; timezone/latency is not inferred; lap assignment is interval lookup from FastF1 LapStartTime/Time
2019:Azerbaijan Grand Prix:Race,train,2019,Azerbaijan Grand Prix,Race,RAI,7,TRUE,TRUE,LAP_CONTEXT_PRESENT,50,50,CACHED_SELECTED_LAP_STREAM,818,22730,18611,2019-04-28T12:13:37.731000,2019-04-28T13:45:46.028000,2019-04-28T12:13:37.698000,2019-04-28T13:45:45.791000,2017.484,7545.781,2017.451,7545.544,1.5356380555555558,1.535581388888889,1,50,1,50,0.23999999999978172,0.27999999999974534,0.44000000000005457,0,0.0,0,0,0.3000000000001819,0.3000000000001819,0.4000000000005457,0,0.0,0,0,TELEMETRY_COVERAGE_PASS,FastF1 raw Date plus session-relative SessionTime; timezone/latency is not inferred; lap assignment is interval lookup from FastF1 LapStartTime/Time
2019:Azerbaijan Grand Prix:Race,train,2019,Azerbaijan Grand Prix,Race,RIC,3,TRUE,TRUE,LAP_CONTEXT_PRESENT,31,31,CACHED_SELECTED_LAP_STREAM,835,14307,11714,2019-04-28T12:13:37.731000,2019-04-28T13:11:37.087000,2019-04-28T12:13:37.698000,2019-04-28T13:11:37.057000,2017.484,5496.84,2017.451,5496.81,0.9664877777777778,0.9664886111111112,1,31,1,31,0.23999999999978172,0.27999999999974534,0.44000000000005457,0,0.0,0,0,0.3000000000001819,0.3000000000001819,0.4000000000005457,0,0.0,0,0,TELEMETRY_COVERAGE_PASS,FastF1 raw Date plus session-relative SessionTime; timezone/latency is not inferred; lap assignment is interval lookup from FastF1 LapStartTime/Time
2019:Azerbaijan Grand Prix:Race,train,2019,Azerbaijan Grand Prix,Race,RUS,63,TRUE,TRUE,LAP_CONTEXT_PRESENT,49,49,CACHED_SELECTED_LAP_STREAM,832,22721,18604,2019-04-28T12:13:37.731000,2019-04-28T13:45:43.828000,2019-04-28T12:13:37.698000,2019-04-28T13:45:43.691000,2017.484,7543.581,2017.451,7543.444,1.5350269444444444,1.5349980555555556,1,49,1,49,0.23999999999978172,0.27999999999974534,0.44000000000005457,0,0.0,0,0,0.3000000000001819,0.3000000000001819,0.4000000000005457,0,0.0,0,0,TELEMETRY_COVERAGE_PASS,FastF1 raw Date plus session-relative SessionTime; timezone/latency is not inferred; lap assignment is interval lookup from FastF1 LapStartTime/Time
2019:Azerbaijan Grand Prix:Race,train,2019,Azerbaijan Grand Prix,Race,SAI,55,TRUE,TRUE,LAP_CONTEXT_PRESENT,51,51,CACHED_SELECTED_LAP_STREAM,832,23010,18843,2019-04-28T12:13:37.731000,2019-04-28T13:46:54.468000,2019-04-28T12:13:37.698000,2019-04-28T13:46:54.392000,2017.484,7614.221,2017.451,7614.145,1.5546491666666664,1.5546372222222224,1,51,1,51,0.23999999999978172,0.27999999999974534,0.44000000000005457,0,0.0,0,0,0.3000000000001819,0.3000000000001819,0.4000000000005457,0,0.0,0,0,TELEMETRY_COVERAGE_PASS,FastF1 raw Date plus session-relative SessionTime; timezone/latency is not inferred; lap assignment is interval lookup from FastF1 LapStartTime/Time
2019:Azerbaijan Grand Prix:Race,train,2019,Azerbaijan Grand Prix,Race,STR,18,TRUE,TRUE,LAP_CONTEXT_PRESENT,51,51,CACHED_SELECTED_LAP_STREAM,849,23093,18911,2019-04-28T12:13:37.731000,2019-04-28T13:47:14.589000,2019-04-28T12:13:37.698000,2019-04-28T13:47:14.592000,2017.484,7634.342,2017.451,7634.345,1.5602383333333334,1.5602483333333335,1,51,1,51,0.23999999999978172,0.27999999999974534,0.44000000000005457,0,0.0,0,0,0.3000000000001819,0.3000000000001819,0.4000000000005457,0,0.0,0,0,TELEMETRY_COVERAGE_PASS,FastF1 raw Date plus session-relative SessionTime; timezone/latency is not inferred; lap assignment is interval lookup from FastF1 LapStartTime/Time
2019:Azerbaijan Grand Prix:Race,train,2019,Azerbaijan Grand Prix,Race,VER,33,TRUE,TRUE,LAP_CONTEXT_PRESENT,51,51,CACHED_SELECTED_LAP_STREAM,817,22739,18619,2019-04-28T12:13:37.731000,2019-04-28T13:45:48.188000,2019-04-28T12:13:37.698000,2019-04-28T13:45:48.091000,2017.484,7547.941,2017.451,7547.844,1.5362380555555557,1.5362202777777778,1,51,1,51,0.23999999999978172,0.27999999999974534,0.44000000000005457,0,0.0,0,0,0.3000000000001819,0.3000000000001819,0.4000000000005457,0,0.0,0,0,TELEMETRY_COVERAGE_PASS,FastF1 raw Date plus session-relative SessionTime; timezone/latency is not inferred; lap assignment is interval lookup from FastF1 LapStartTime/Time
2019:Azerbaijan Grand Prix:Race,train,2019,Azerbaijan Grand Prix,Race,VET,5,TRUE,TRUE,LAP_CONTEXT_PRESENT,51,51,CACHED_SELECTED_LAP_STREAM,817,22715,18600,2019-04-28T12:13:37.731000,2019-04-28T13:45:42.388000,2019-04-28T12:13:37.698000,2019-04-28T13:45:42.491000,2017.484,7542.141,2017.451,7542.244,1.5346269444444443,1.534664722222222,1,51,1,51,0.23999999999978172,0.27999999999974534,0.44000000000005457,0,0.0,0,0,0.3000000000001819,0.3000000000001819,0.4000000000005457,0,0.0,0,0,TELEMETRY_COVERAGE_PASS,FastF1 raw Date plus session-relative SessionTime; timezone/latency is not inferred; lap assignment is interval lookup from FastF1 LapStartTime/Time
2019:Canadian Grand Prix:Race,train,2019,Canadian Grand Prix,Race,ALB,23,TRUE,TRUE,LAP_CONTEXT_PRESENT,60,60,CACHED_SELECTED_LAP_STREAM,591,19596,16034,2019-06-09T18:13:04.112000,2019-06-09T19:32:26.522000,2019-06-09T18:13:04.325000,2019-06-09T19:32:26.604000,1984.034,6746.444,1984.247,6746.526,1.3228916666666666,1.3228552777777776,1,60,1,60,0.23999999999978172,0.27999999999974534,5.8400000000001455,1,5.8400000000001455,0,0,0.3000000000001819,0.3000000000001819,0.4000000000005457,0,0.0,0,0,TELEMETRY_COVERAGE_PASS,FastF1 raw Date plus session-relative SessionTime; timezone/latency is not inferred; lap assignment is interval lookup from FastF1 LapStartTime/Time
2019:Canadian Grand Prix:Race,train,2019,Canadian Grand Prix,Race,BOT,77,TRUE,TRUE,LAP_CONTEXT_PRESENT,70,70,CACHED_SELECTED_LAP_STREAM,584,22216,18174,2019-06-09T18:13:04.112000,2019-06-09T19:43:02.208000,2019-06-09T18:13:04.325000,2019-06-09T19:43:02.314000,1984.034,7382.13,1984.247,7382.236,1.499471111111111,1.4994413888888887,1,70,1,70,0.23999999999978172,0.27999999999974534,5.8400000000001455,1,5.8400000000001455,0,0,0.3000000000001819,0.3000000000001819,0.4000000000005457,0,0.0,0,0,TELEMETRY_COVERAGE_PASS,FastF1 raw Date plus session-relative SessionTime; timezone/latency is not inferred; lap assignment is interval lookup from FastF1 LapStartTime/Time
2019:Canadian Grand Prix:Race,train,2019,Canadian Grand Prix,Race,GAS,10,TRUE,TRUE,LAP_CONTEXT_PRESENT,69,69,CACHED_SELECTED_LAP_STREAM,589,22062,18047,2019-06-09T18:13:04.112000,2019-06-09T19:42:24.808000,2019-06-09T18:13:04.325000,2019-06-09T19:42:24.613000,1984.034,7344.73,1984.247,7344.535,1.4890822222222222,1.4889688888888888,1,69,1,69,0.23999999999978172,0.27999999999974534,5.8400000000001455,1,5.8400000000001455,0,0,0.3000000000001819,0.3000000000001819,0.4000000000005457,0,0.0,0,0,TELEMETRY_COVERAGE_PASS,FastF1 raw Date plus session-relative SessionTime; timezone/latency is not inferred; lap assignment is interval lookup from FastF1 LapStartTime/Time
2019:Canadian Grand Prix:Race,train,2019,Canadian Grand Prix,Race,GIO,99,TRUE,TRUE,LAP_CONTEXT_PRESENT,69,69,CACHED_SELECTED_LAP_STREAM,597,22286,18231,2019-06-09T18:13:04.112000,2019-06-09T19:43:19.008000,2019-06-09T18:13:04.325000,2019-06-09T19:43:19.214000,1984.034,7398.93,1984.247,7399.136,1.504137777777778,1.5041358333333334,1,69,1,69,0.23999999999978172,0.27999999999974534,5.8400000000001455,1,5.8400000000001455,0,0,0.3000000000001819,0.3000000000001819,0.4000000000005457,0,0.0,0,0,TELEMETRY_COVERAGE_PASS,FastF1 raw Date plus session-relative SessionTime; timezone/latency is not inferred; lap assignment is interval lookup from FastF1 LapStartTime/Time
2019:Canadian Grand Prix:Race,train,2019,Canadian Grand Prix,Race,GRO,8,TRUE,TRUE,LAP_CONTEXT_PRESENT,69,69,CACHED_SELECTED_LAP_STREAM,592,22293,18236,2019-06-09T18:13:04.112000,2019-06-09T19:43:20.728000,2019-06-09T18:13:04.325000,2019-06-09T19:43:20.714000,1984.034,7400.65,1984.247,7400.636,1.5046155555555556,1.5045525,1,69,1,69,0.23999999999978172,0.27999999999974534,5.8400000000001455,1,5.8400000000001455,0,0,0.3000000000001819,0.3000000000001819,0.4000000000005457,0,0.0,0,0,TELEMETRY_COVERAGE_PASS,FastF1 raw Date plus session-relative SessionTime; timezone/latency is not inferred; lap assignment is interval lookup from FastF1 LapStartTime/Time
2019:Canadian Grand Prix:Race,train,2019,Canadian Grand Prix,Race,HAM,44,TRUE,TRUE,LAP_CONTEXT_PRESENT,70,70,CACHED_SELECTED_LAP_STREAM,577,22006,18002,2019-06-09T18:13:04.112000,2019-06-09T19:42:11.288000,2019-06-09T18:13:04.325000,2019-06-09T19:42:11.213000,1984.034,7331.21,1984.247,7331.135,1.4853266666666665,1.4852466666666666,1,70,1,70,0.23999999999978172,0.27999999999974534,5.8400000000001455,1,5.8400000000001455,0,0,0.3000000000001819,0.3000000000001819,0.4000000000005457,0,0.0,0,0,TELEMETRY_COVERAGE_PASS,FastF1 raw Date plus session-relative SessionTime; timezone/latency is not inferred; lap assignment is interval lookup from FastF1 LapStartTime/Time
2019:Canadian Grand Prix:Race,train,2019,Canadian Grand Prix,Race,HUL,27,TRUE,TRUE,LAP_CONTEXT_PRESENT,69,69,CACHED_SELECTED_LAP_STREAM,586,22020,18014,2019-06-09T18:13:04.112000,2019-06-09T19:42:14.727000,2019-06-09T18:13:04.325000,2019-06-09T19:42:14.813000,1984.034,7334.649,1984.247,7334.735,1.4862819444444444,1.4862466666666665,1,69,1,69,0.23999999999978172,0.27999999999974534,5.8400000000001455,1,5.8400000000001455,0,0,0.3000000000001819,0.3000000000001819,0.4000000000005457,0,0.0,0,0,TELEMETRY_COVERAGE_PASS,FastF1 raw Date plus session-relative SessionTime; timezone/latency is not inferred; lap assignment is interval lookup from FastF1 LapStartTime/Time
2019:Canadian Grand Prix:Race,train,2019,Canadian Grand Prix,Race,KUB,88,TRUE,TRUE,LAP_CONTEXT_PRESENT,67,67,CACHED_SELECTED_LAP_STREAM,611,22126,18100,2019-06-09T18:13:04.112000,2019-06-09T19:42:40.248000,2019-06-09T18:13:04.325000,2019-06-09T19:42:40.314000,1984.034,7360.17,1984.247,7360.236,1.4933711111111112,1.4933302777777777,1,67,1,67,0.23999999999978172,0.27999999999974534,5.8400000000001455,1,5.8400000000001455,0,0,0.3000000000001819,0.3000000000001819,0.4000000000005457,0,0.0,0,0,TELEMETRY_COVERAGE_PASS,FastF1 raw Date plus session-relative SessionTime; timezone/latency is not inferred; lap assignment is interval lookup from FastF1 LapStartTime/Time
2019:Canadian Grand Prix:Race,train,2019,Canadian Grand Prix,Race,KVY,26,TRUE,TRUE,LAP_CONTEXT_PRESENT,69,69,CACHED_SELECTED_LAP_STREAM,711,22149,18118,2019-06-09T18:13:04.112000,2019-06-09T19:42:45.808000,2019-06-09T18:13:04.325000,2019-06-09T19:42:45.613000,1984.034,7365.73,1984.247,7365.535,1.4949155555555556,1.4948022222222221,1,69,1,69,0.23999999999978172,0.27999999999974534,5.8400000000001455,1,5.8400000000001455,0,0,0.3000000000001819,0.3000000000001819,0.4000000000005457,0,0.0,0,0,TELEMETRY_COVERAGE_PASS,FastF1 raw Date plus session-relative SessionTime; timezone/latency is not inferred; lap assignment is interval lookup from FastF1 LapStartTime/Time
2019:Canadian Grand Prix:Race,train,2019,Canadian Grand Prix,Race,LEC,16,TRUE,TRUE,LAP_CONTEXT_PRESENT,70,70,CACHED_SELECTED_LAP_STREAM,581,22025,18018,2019-06-09T18:13:04.112000,2019-06-09T19:42:15.927000,2019-06-09T18:13:04.325000,2019-06-09T19:42:16.013000,1984.034,7335.849,1984.247,7335.935,1.486615277777778,1.48658,1,70,1,70,0.23999999999978172,0.27999999999974534,5.8400000000001455,1,5.8400000000001455,0,0,0.3000000000001819,0.3000000000001819,0.4000000000005457,0,0.0,0,0,TELEMETRY_COVERAGE_PASS,FastF1 raw Date plus session-relative SessionTime; timezone/latency is not inferred; lap assignment is interval lookup from FastF1 LapStartTime/Time
2019:Canadian Grand Prix:Race,train,2019,Canadian Grand Prix,Race,MAG,20,TRUE,TRUE,LAP_CONTEXT_PRESENT,68,68,CACHED_SELECTED_LAP_STREAM,604,22259,18208,2019-06-09T18:13:04.112000,2019-06-09T19:43:12.528000,2019-06-09T18:13:04.325000,2019-06-09T19:43:12.414000,1984.034,7392.45,1984.247,7392.336,1.5023377777777775,1.5022469444444444,1,68,1,68,0.23999999999978172,0.27999999999974534,5.8400000000001455,1,5.8400000000001455,0,0,0.3000000000001819,0.3000000000001819,0.4000000000005457,0,0.0,0,0,TELEMETRY_COVERAGE_PASS,FastF1 raw Date plus session-relative SessionTime; timezone/latency is not inferred; lap assignment is interval lookup from FastF1 LapStartTime/Time
2019:Canadian Grand Prix:Race,train,2019,Canadian Grand Prix,Race,NOR,4,TRUE,TRUE,LAP_CONTEXT_PRESENT,9,9,CACHED_SELECTED_LAP_STREAM,593,3269,2681,2019-06-09T18:13:04.112000,2019-06-09T18:26:20.480000,2019-06-09T18:13:04.325000,2019-06-09T18:26:20.438000,1984.034,2780.402,1984.247,2780.36,0.22121333333333332,0.22114250000000002,1,9,1,9,0.2400000000000091,0.2799999999999727,3.599999999999909,0,0.0,0,0,0.3000000000001819,0.3000000000001819,0.40000000000009095,0,0.0,0,0,TELEMETRY_COVERAGE_PASS,FastF1 raw Date plus session-relative SessionTime; timezone/latency is not inferred; lap assignment is interval lookup from FastF1 LapStartTime/Time
2019:Canadian Grand Prix:Race,train,2019,Canadian Grand Prix,Race,PER,11,TRUE,TRUE,LAP_CONTEXT_PRESENT,69,69,CACHED_SELECTED_LAP_STREAM,600,22191,18153,2019-06-09T18:13:04.112000,2019-06-09T19:42:56.208000,2019-06-09T18:13:04.325000,2019-06-09T19:42:56.114000,1984.034,7376.13,1984.247,7376.036,1.4978044444444443,1.4977191666666665,1,69,1,69,0.23999999999978172,0.27999999999974534,5.8400000000001455,1,5.8400000000001455,0,0,0.3000000000001819,0.3000000000001819,0.4000000000005457,0,0.0,0,0,TELEMETRY_COVERAGE_PASS,FastF1 raw Date plus session-relative SessionTime; timezone/latency is not inferred; lap assignment is interval lookup from FastF1 LapStartTime/Time
2019:Canadian Grand Prix:Race,train,2019,Canadian Grand Prix,Race,RAI,7,TRUE,TRUE,LAP_CONTEXT_PRESENT,69,69,CACHED_SELECTED_LAP_STREAM,591,22295,18238,2019-06-09T18:13:04.112000,2019-06-09T19:43:21.248000,2019-06-09T18:13:04.325000,2019-06-09T19:43:21.314000,1984.034,7401.17,1984.247,7401.236,1.50476,1.5047191666666666,1,69,1,69,0.23999999999978172,0.27999999999974534,5.8400000000001455,1,5.8400000000001455,0,0,0.3000000000001819,0.3000000000001819,0.4000000000005457,0,0.0,0,0,TELEMETRY_COVERAGE_PASS,FastF1 raw Date plus session-relative SessionTime; timezone/latency is not inferred; lap assignment is interval lookup from FastF1 LapStartTime/Time
2019:Canadian Grand Prix:Race,train,2019,Canadian Grand Prix,Race,RIC,3,TRUE,TRUE,LAP_CONTEXT_PRESENT,69,69,CACHED_SELECTED_LAP_STREAM,586,22018,18012,2019-06-09T18:13:04.112000,2019-06-09T19:42:14.248000,2019-06-09T18:13:04.325000,2019-06-09T19:42:14.213000,1984.034,7334.17,1984.247,7334.135,1.486148888888889,1.48608,1,69,1,69,0.23999999999978172,0.27999999999974534,5.8400000000001455,1,5.8400000000001455,0,0,0.3000000000001819,0.3000000000001819,0.4000000000005457,0,0.0,0,0,TELEMETRY_COVERAGE_PASS,FastF1 raw Date plus session-relative SessionTime; timezone/latency is not inferred; lap assignment is interval lookup from FastF1 LapStartTime/Time
2019:Canadian Grand Prix:Race,train,2019,Canadian Grand Prix,Race,RUS,63,TRUE,TRUE,LAP_CONTEXT_PRESENT,68,68,CACHED_SELECTED_LAP_STREAM,593,22223,18179,2019-06-09T18:13:04.112000,2019-06-09T19:43:03.848000,2019-06-09T18:13:04.325000,2019-06-09T19:43:03.814000,1984.034,7383.77,1984.247,7383.736,1.4999266666666669,1.4998580555555554,1,68,1,68,0.23999999999978172,0.27999999999974534,5.8400000000001455,1,5.8400000000001455,0,0,0.3000000000001819,0.3000000000001819,0.4000000000005457,0,0.0,0,0,TELEMETRY_COVERAGE_PASS,FastF1 raw Date plus session-relative SessionTime; timezone/latency is not inferred; lap assignment is interval lookup from FastF1 LapStartTime/Time
2019:Canadian Grand Prix:Race,train,2019,Canadian Grand Prix,Race,SAI,55,TRUE,TRUE,LAP_CONTEXT_PRESENT,69,69,CACHED_SELECTED_LAP_STREAM,588,22157,18126,2019-06-09T18:13:04.112000,2019-06-09T19:42:47.928000,2019-06-09T18:13:04.325000,2019-06-09T19:42:48.014000,1984.034,7367.85,1984.247,7367.936,1.4955044444444447,1.4954691666666664,1,69,1,69,0.23999999999978172,0.27999999999974534,5.8400000000001455,1,5.8400000000001455,0,0,0.3000000000001819,0.3000000000001819,0.4000000000005457,0,0.0,0,0,TELEMETRY_COVERAGE_PASS,FastF1 raw Date plus session-relative SessionTime; timezone/latency is not inferred; lap assignment is interval lookup from FastF1 LapStartTime/Time
2019:Canadian Grand Prix:Race,train,2019,Canadian Grand Prix,Race,STR,18,TRUE,TRUE,LAP_CONTEXT_PRESENT,69,69,CACHED_SELECTED_LAP_STREAM,599,22138,18110,2019-06-09T18:13:04.112000,2019-06-09T19:42:43.167000,2019-06-09T18:13:04.325000,2019-06-09T19:42:43.213000,1984.034,7363.089,1984.247,7363.135,1.4941819444444446,1.4941355555555556,1,69,1,69,0.23999999999978172,0.27999999999974534,5.8400000000001455,1,5.8400000000001455,0,0,0.3000000000001819,0.3000000000001819,0.4000000000005457,0,0.0,0,0,TELEMETRY_COVERAGE_PASS,FastF1 raw Date plus session-relative SessionTime; timezone/latency is not inferred; lap assignment is interval lookup from FastF1 LapStartTime/Time
2019:Canadian Grand Prix:Race,train,2019,Canadian Grand Prix,Race,VER,33,TRUE,TRUE,LAP_CONTEXT_PRESENT,70,70,CACHED_SELECTED_LAP_STREAM,584,22244,18196,2019-06-09T18:13:04.112000,2019-06-09T19:43:08.968000,2019-06-09T18:13:04.325000,2019-06-09T19:43:08.814000,1984.034,7388.89,1984.247,7388.736,1.5013488888888888,1.5012469444444443,1,70,1,70,0.23999999999978172,0.27999999999974534,5.8400000000001455,1,5.8400000000001455,0,0,0.3000000000001819,0.3000000000001819,0.4000000000005457,0,0.0,0,0,TELEMETRY_COVERAGE_PASS,FastF1 raw Date plus session-relative SessionTime; timezone/latency is not inferred; lap assignment is interval lookup from FastF1 LapStartTime/Time
2019:Canadian Grand Prix:Race,train,2019,Canadian Grand Prix,Race,VET,5,TRUE,TRUE,LAP_CONTEXT_PRESENT,70,70,CACHED_SELECTED_LAP_STREAM,581,22000,17998,2019-06-09T18:13:04.112000,2019-06-09T19:42:09.887000,2019-06-09T18:13:04.325000,2019-06-09T19:42:10.013000,1984.034,7329.809,1984.247,7329.935,1.4849374999999998,1.4849133333333333,1,70,1,70,0.23999999999978172,0.27999999999974534,5.8400000000001455,1,5.8400000000001455,0,0,0.3000000000001819,0.3000000000001819,0.4000000000005457,0,0.0,0,0,TELEMETRY_COVERAGE_PASS,FastF1 raw Date plus session-relative SessionTime; timezone/latency is not inferred; lap assignment is interval lookup from FastF1 LapStartTime/Time
2019:French Grand Prix:Race,train,2019,French Grand Prix,Race,ALB,23,TRUE,TRUE,LAP_CONTEXT_PRESENT,52,52,CACHED_SELECTED_LAP_STREAM,748,21431,17197,2019-06-23T13:13:25.459000,2019-06-23T14:38:34.834000,2019-06-23T13:13:25.501000,2019-06-23T14:38:34.687000,2005.253,7114.628,2005.295,7114.481,1.4192708333333333,1.4192183333333332,1,52,1,52,0.23999999999978172,0.27999999999974534,0.40099999999983993,0,0.0,0,0,0.3000000000001819,0.3000000000001819,1.6010000000001128,0,0.0,0,0,TELEMETRY_COVERAGE_PASS,FastF1 raw Date plus session-relative SessionTime; timezone/latency is not inferred; lap assignment is interval lookup from FastF1 LapStartTime/Time
2019:French Grand Prix:Race,train,2019,French Grand Prix,Race,BOT,77,TRUE,TRUE,LAP_CONTEXT_PRESENT,53,53,CACHED_SELECTED_LAP_STREAM,728,21346,17129,2019-06-23T13:13:25.459000,2019-06-23T14:38:14.593000,2019-06-23T13:13:25.501000,2019-06-23T14:38:14.486000,2005.253,7094.387,2005.295,7094.28,1.4136483333333334,1.4136069444444443,1,53,1,53,0.23999999999978172,0.27999999999974534,0.40099999999983993,0,0.0,0,0,0.3000000000001819,0.3000000000001819,1.6010000000001128,0,0.0,0,0,TELEMETRY_COVERAGE_PASS,FastF1 raw Date plus session-relative SessionTime; timezone/latency is not inferred; lap assignment is interval lookup from FastF1 LapStartTime/Time
2019:French Grand Prix:Race,train,2019,French Grand Prix,Race,GAS,10,TRUE,TRUE,LAP_CONTEXT_PRESENT,52,52,CACHED_SELECTED_LAP_STREAM,739,21338,17122,2019-06-23T13:13:25.459000,2019-06-23T14:38:12.713000,2019-06-23T13:13:25.501000,2019-06-23T14:38:12.486000,2005.253,7092.507,2005.295,7092.28,1.413126111111111,1.4130513888888887,1,52,1,52,0.23999999999978172,0.27999999999974534,0.40099999999983993,0,0.0,0,0,0.3000000000001819,0.3000000000001819,1.6010000000001128,0,0.0,0,0,TELEMETRY_COVERAGE_PASS,FastF1 raw Date plus session-relative SessionTime; timezone/latency is not inferred; lap assignment is interval lookup from FastF1 LapStartTime/Time
2019:French Grand Prix:Race,train,2019,French Grand Prix,Race,GIO,99,TRUE,TRUE,LAP_CONTEXT_PRESENT,52,52,CACHED_SELECTED_LAP_STREAM,748,21503,17255,2019-06-23T13:13:25.459000,2019-06-23T14:38:52.033000,2019-06-23T13:13:25.501000,2019-06-23T14:38:51.986000,2005.253,7131.827,2005.295,7131.78,1.4240483333333336,1.424023611111111,1,52,1,52,0.23999999999978172,0.27999999999974534,0.40099999999983993,0,0.0,0,0,0.3000000000001819,0.3000000000001819,1.6010000000001128,0,0.0,0,0,TELEMETRY_COVERAGE_PASS,FastF1 raw Date plus session-relative SessionTime; timezone/latency is not inferred; lap assignment is interval lookup from FastF1 LapStartTime/Time
2019:French Grand Prix:Race,train,2019,French Grand Prix,Race,GRO,8,TRUE,TRUE,LAP_CONTEXT_PRESENT,45,45,CACHED_SELECTED_LAP_STREAM,753,18598,14922,2019-06-23T13:13:25.459000,2019-06-23T14:27:19.026000,2019-06-23T13:13:25.501000,2019-06-23T14:27:18.975000,2005.253,6438.82,2005.295,6438.769,1.231546388888889,1.2315205555555555,1,45,1,45,0.23999999999978172,0.27999999999974534,0.40099999999983993,0,0.0,0,0,0.3000000000001819,0.3000000000001819,1.6010000000001128,0,0.0,0,0,TELEMETRY_COVERAGE_PASS,FastF1 raw Date plus session-relative SessionTime; timezone/latency is not inferred; lap assignment is interval lookup from FastF1 LapStartTime/Time
2019:French Grand Prix:Race,train,2019,French Grand Prix,Race,HAM,44,TRUE,TRUE,LAP_CONTEXT_PRESENT,53,53,CACHED_SELECTED_LAP_STREAM,726,21270,17068,2019-06-23T13:13:25.459000,2019-06-23T14:37:56.473000,2019-06-23T13:13:25.501000,2019-06-23T14:37:56.386000,2005.253,7076.267,2005.295,7076.18,1.408615,1.4085791666666667,1,53,1,53,0.23999999999978172,0.27999999999974534,0.40099999999983993,0,0.0,0,0,0.3000000000001819,0.3000000000001819,1.6010000000001128,0,0.0,0,0,TELEMETRY_COVERAGE_PASS,FastF1 raw Date plus session-relative SessionTime; timezone/latency is not inferred; lap assignment is interval lookup from FastF1 LapStartTime/Time
2019:French Grand Prix:Race,train,2019,French Grand Prix,Race,HUL,27,TRUE,TRUE,LAP_CONTEXT_PRESENT,52,52,CACHED_SELECTED_LAP_STREAM,743,21308,17099,2019-06-23T13:13:25.459000,2019-06-23T14:38:05.473000,2019-06-23T13:13:25.501000,2019-06-23T14:38:05.686000,2005.253,7085.267,2005.295,7085.48,1.4111150000000001,1.4111624999999999,1,52,1,52,0.23999999999978172,0.27999999999974534,0.40099999999983993,0,0.0,0,0,0.3000000000001819,0.3000000000001819,1.6010000000001128,0,0.0,0,0,TELEMETRY_COVERAGE_PASS,FastF1 raw Date plus session-relative SessionTime; timezone/latency is not inferred; lap assignment is interval lookup from FastF1 LapStartTime/Time
2019:French Grand Prix:Race,train,2019,French Grand Prix,Race,KUB,88,TRUE,TRUE,LAP_CONTEXT_PRESENT,51,51,CACHED_SELECTED_LAP_STREAM,754,21410,17180,2019-06-23T13:13:25.459000,2019-06-23T14:38:29.873000,2019-06-23T13:13:25.501000,2019-06-23T14:38:29.686000,2005.253,7109.667,2005.295,7109.48,1.417892777777778,1.4178291666666665,1,51,1,51,0.23999999999978172,0.27999999999974534,0.40099999999983993,0,0.0,0,0,0.3000000000001819,0.3000000000001819,1.6010000000001128,0,0.0,0,0,TELEMETRY_COVERAGE_PASS,FastF1 raw Date plus session-relative SessionTime; timezone/latency is not inferred; lap assignment is interval lookup from FastF1 LapStartTime/Time
2019:French Grand Prix:Race,train,2019,French Grand Prix,Race,KVY,26,TRUE,TRUE,LAP_CONTEXT_PRESENT,52,52,CACHED_SELECTED_LAP_STREAM,744,21420,17189,2019-06-23T13:13:25.459000,2019-06-23T14:38:32.233000,2019-06-23T13:13:25.501000,2019-06-23T14:38:32.386000,2005.253,7112.027,2005.295,7112.18,1.4185483333333335,1.4185791666666667,1,52,1,52,0.23999999999978172,0.27999999999974534,0.40099999999983993,0,0.0,0,0,0.3000000000001819,0.3000000000001819,1.6010000000001128,0,0.0,0,0,TELEMETRY_COVERAGE_PASS,FastF1 raw Date plus session-relative SessionTime; timezone/latency is not inferred; lap assignment is interval lookup from FastF1 LapStartTime/Time
2019:French Grand Prix:Race,train,2019,French Grand Prix,Race,LEC,16,TRUE,TRUE,LAP_CONTEXT_PRESENT,53,53,CACHED_SELECTED_LAP_STREAM,732,21350,17132,2019-06-23T13:13:25.459000,2019-06-23T14:38:15.514000,2019-06-23T13:13:25.501000,2019-06-23T14:38:15.386000,2005.253,7095.308,2005.295,7095.18,1.4139041666666667,1.4138569444444444,1,53,1,53,0.23999999999978172,0.27999999999974534,0.40099999999983993,0,0.0,0,0,0.3000000000001819,0.3000000000001819,1.6010000000001128,0,0.0,0,0,TELEMETRY_COVERAGE_PASS,FastF1 raw Date plus session-relative SessionTime; timezone/latency is not inferred; lap assignment is interval lookup from FastF1 LapStartTime/Time
2019:French Grand Prix:Race,train,2019,French Grand Prix,Race,MAG,20,TRUE,TRUE,LAP_CONTEXT_PRESENT,52,52,CACHED_SELECTED_LAP_STREAM,748,21524,17272,2019-06-23T13:13:25.459000,2019-06-23T14:38:56.954000,2019-06-23T13:13:25.501000,2019-06-23T14:38:56.987000,2005.253,7136.748,2005.295,7136.781,1.4254152777777778,1.4254127777777776,1,52,1,52,0.23999999999978172,0.27999999999974534,0.40099999999983993,0,0.0,0,0,0.3000000000001819,0.3000000000001819,1.6010000000001128,0,0.0,0,0,TELEMETRY_COVERAGE_PASS,FastF1 raw Date plus session-relative SessionTime; timezone/latency is not inferred; lap assignment is interval lookup from FastF1 LapStartTime/Time
2019:French Grand Prix:Race,train,2019,French Grand Prix,Race,NOR,4,TRUE,TRUE,LAP_CONTEXT_PRESENT,52,52,CACHED_SELECTED_LAP_STREAM,736,21316,17105,2019-06-23T13:13:25.459000,2019-06-23T14:38:07.513000,2019-06-23T13:13:25.501000,2019-06-23T14:38:07.485000,2005.253,7087.307,2005.295,7087.279,1.4116816666666667,1.4116622222222224,1,52,1,52,0.23999999999978172,0.27999999999974534,0.40099999999983993,0,0.0,0,0,0.3000000000001819,0.3000000000001819,1.6010000000001128,0,0.0,0,0,TELEMETRY_COVERAGE_PASS,FastF1 raw Date plus session-relative SessionTime; timezone/latency is not inferred; lap assignment is interval lookup from FastF1 LapStartTime/Time
2019:French Grand Prix:Race,train,2019,French Grand Prix,Race,PER,11,TRUE,TRUE,LAP_CONTEXT_PRESENT,52,52,CACHED_SELECTED_LAP_STREAM,746,21359,17140,2019-06-23T13:13:25.459000,2019-06-23T14:38:17.673000,2019-06-23T13:13:25.501000,2019-06-23T14:38:17.786000,2005.253,7097.467,2005.295,7097.58,1.4145038888888888,1.414523611111111,1,52,1,52,0.23999999999978172,0.27999999999974534,0.40099999999983993,0,0.0,0,0,0.3000000000001819,0.3000000000001819,1.6010000000001128,0,0.0,0,0,TELEMETRY_COVERAGE_PASS,FastF1 raw Date plus session-relative SessionTime; timezone/latency is not inferred; lap assignment is interval lookup from FastF1 LapStartTime/Time
2019:French Grand Prix:Race,train,2019,French Grand Prix,Race,RAI,7,TRUE,TRUE,LAP_CONTEXT_PRESENT,52,52,CACHED_SELECTED_LAP_STREAM,745,21306,17097,2019-06-23T13:13:25.459000,2019-06-23T14:38:04.993000,2019-06-23T13:13:25.501000,2019-06-23T14:38:05.086000,2005.253,7084.787,2005.295,7084.88,1.4109816666666668,1.4109958333333334,1,52,1,52,0.23999999999978172,0.27999999999974534,0.40099999999983993,0,0.0,0,0,0.3000000000001819,0.3000000000001819,1.6010000000001128,0,0.0,0,0,TELEMETRY_COVERAGE_PASS,FastF1 raw Date plus session-relative SessionTime; timezone/latency is not inferred; lap assignment is interval lookup from FastF1 LapStartTime/Time
2019:French Grand Prix:Race,train,2019,French Grand Prix,Race,RIC,3,TRUE,TRUE,LAP_CONTEXT_PRESENT,52,52,CACHED_SELECTED_LAP_STREAM,739,21302,17094,2019-06-23T13:13:25.459000,2019-06-23T14:38:04.032000,2019-06-23T13:13:25.501000,2019-06-23T14:38:04.186000,2005.253,7083.826,2005.295,7083.98,1.4107147222222223,1.4107458333333331,1,52,1,52,0.23999999999978172,0.27999999999974534,0.40099999999983993,0,0.0,0,0,0.3000000000001819,0.3000000000001819,1.6010000000001128,0,0.0,0,0,TELEMETRY_COVERAGE_PASS,FastF1 raw Date plus session-relative SessionTime; timezone/latency is not inferred; lap assignment is interval lookup from FastF1 LapStartTime/Time
2019:French Grand Prix:Race,train,2019,French Grand Prix,Race,RUS,63,TRUE,TRUE,LAP_CONTEXT_PRESENT,51,51,CACHED_SELECTED_LAP_STREAM,758,21448,17211,2019-06-23T13:13:25.459000,2019-06-23T14:38:38.833000,2019-06-23T13:13:25.501000,2019-06-23T14:38:38.886000,2005.253,7118.627,2005.295,7118.68,1.4203816666666669,1.4203847222222223,1,51,1,51,0.23999999999978172,0.27999999999974534,0.40099999999983993,0,0.0,0,0,0.3000000000001819,0.3000000000001819,1.6010000000001128,0,0.0,0,0,TELEMETRY_COVERAGE_PASS,FastF1 raw Date plus session-relative SessionTime; timezone/latency is not inferred; lap assignment is interval lookup from FastF1 LapStartTime/Time
2019:French Grand Prix:Race,train,2019,French Grand Prix,Race,SAI,55,TRUE,TRUE,LAP_CONTEXT_PRESENT,53,53,CACHED_SELECTED_LAP_STREAM,738,21670,17389,2019-06-23T13:13:25.459000,2019-06-23T14:39:31.995000,2019-06-23T13:13:25.501000,2019-06-23T14:39:31.787000,2005.253,7171.789,2005.295,7171.581,1.4351488888888888,1.4350794444444444,1,53,1,53,0.23999999999978172,0.27999999999974534,0.40099999999983993,0,0.0,0,0,0.3000000000001819,0.3000000000001819,1.6010000000001128,0,0.0,0,0,TELEMETRY_COVERAGE_PASS,FastF1 raw Date plus session-relative SessionTime; timezone/latency is not inferred; lap assignment is interval lookup from FastF1 LapStartTime/Time
2019:French Grand Prix:Race,train,2019,French Grand Prix,Race,STR,18,TRUE,TRUE,LAP_CONTEXT_PRESENT,52,52,CACHED_SELECTED_LAP_STREAM,748,21370,17148,2019-06-23T13:13:25.459000,2019-06-23T14:38:20.233000,2019-06-23T13:13:25.501000,2019-06-23T14:38:20.186000,2005.253,7100.027,2005.295,7099.98,1.4152150000000001,1.4151902777777776,1,52,1,52,0.23999999999978172,0.27999999999974534,0.40099999999983993,0,0.0,0,0,0.3000000000001819,0.3000000000001819,1.6010000000001128,0,0.0,0,0,TELEMETRY_COVERAGE_PASS,FastF1 raw Date plus session-relative SessionTime; timezone/latency is not inferred; lap assignment is interval lookup from FastF1 LapStartTime/Time
2019:French Grand Prix:Race,train,2019,French Grand Prix,Race,VER,33,TRUE,TRUE,LAP_CONTEXT_PRESENT,53,53,CACHED_SELECTED_LAP_STREAM,731,21416,17185,2019-06-23T13:13:25.459000,2019-06-23T14:38:31.273000,2019-06-23T13:13:25.501000,2019-06-23T14:38:31.186000,2005.253,7111.067,2005.295,7110.98,1.4182816666666667,1.4182458333333332,1,53,1,53,0.23999999999978172,0.27999999999974534,0.40099999999983993,0,0.0,0,0,0.3000000000001819,0.3000000000001819,1.6010000000001128,0,0.0,0,0,TELEMETRY_COVERAGE_PASS,FastF1 raw Date plus session-relative SessionTime; timezone/latency is not inferred; lap assignment is interval lookup from FastF1 LapStartTime/Time
2019:French Grand Prix:Race,train,2019,French Grand Prix,Race,VET,5,TRUE,TRUE,LAP_CONTEXT_PRESENT,53,53,CACHED_SELECTED_LAP_STREAM,730,21534,17279,2019-06-23T13:13:25.459000,2019-06-23T14:38:59.314000,2019-06-23T13:13:25.501000,2019-06-23T14:38:59.086000,2005.253,7139.108,2005.295,7138.88,1.4260708333333334,1.4259958333333334,1,53,1,53,0.23999999999978172,0.27999999999974534,0.40099999999983993,0,0.0,0,0,0.3000000000001819,0.3000000000001819,1.6010000000001128,0,0.0,0,0,TELEMETRY_COVERAGE_PASS,FastF1 raw Date plus session-relative SessionTime; timezone/latency is not inferred; lap assignment is interval lookup from FastF1 LapStartTime/Time
2019:Austrian Grand Prix:Race,train,2019,Austrian Grand Prix,Race,ALB,23,TRUE,TRUE,LAP_CONTEXT_PRESENT,70,70,CACHED_SELECTED_LAP_STREAM,526,20812,16692,2019-06-30T13:12:52.607000,2019-06-30T14:35:30.737000,2019-06-30T13:12:52.560000,2019-06-30T14:35:30.543000,1972.58,6930.71,1972.533,6930.516,1.3772583333333335,1.3772175,1,70,1,70,0.23999999999978172,0.27999999999974534,0.4010000000007494,0,0.0,0,0,0.3000000000001819,0.3000000000001819,0.3010000000003856,0,0.0,0,0,TELEMETRY_COVERAGE_PASS,FastF1 raw Date plus session-relative SessionTime; timezone/latency is not inferred; lap assignment is interval lookup from FastF1 LapStartTime/Time
2019:Austrian Grand Prix:Race,train,2019,Austrian Grand Prix,Race,BOT,77,TRUE,TRUE,LAP_CONTEXT_PRESENT,71,71,CACHED_SELECTED_LAP_STREAM,523,20739,16634,2019-06-30T13:12:52.607000,2019-06-30T14:35:13.297000,2019-06-30T13:12:52.560000,2019-06-30T14:35:13.342000,1972.58,6913.27,1972.533,6913.315,1.372413888888889,1.3724394444444443,1,71,1,71,0.23999999999978172,0.27999999999974534,0.4010000000007494,0,0.0,0,0,0.3000000000001819,0.3000000000001819,0.3010000000003856,0,0.0,0,0,TELEMETRY_COVERAGE_PASS,FastF1 raw Date plus session-relative SessionTime; timezone/latency is not inferred; lap assignment is interval lookup from FastF1 LapStartTime/Time
2019:Austrian Grand Prix:Race,train,2019,Austrian Grand Prix,Race,GAS,10,TRUE,TRUE,LAP_CONTEXT_PRESENT,70,70,CACHED_SELECTED_LAP_STREAM,524,20689,16594,2019-06-30T13:12:52.607000,2019-06-30T14:35:01.457000,2019-06-30T13:12:52.560000,2019-06-30T14:35:01.443000,1972.58,6901.43,1972.533,6901.416,1.3691250000000001,1.3691341666666665,1,70,1,70,0.23999999999978172,0.27999999999974534,0.4010000000007494,0,0.0,0,0,0.3000000000001819,0.3000000000001819,0.3010000000003856,0,0.0,0,0,TELEMETRY_COVERAGE_PASS,FastF1 raw Date plus session-relative SessionTime; timezone/latency is not inferred; lap assignment is interval lookup from FastF1 LapStartTime/Time
2019:Austrian Grand Prix:Race,train,2019,Austrian Grand Prix,Race,GIO,99,TRUE,TRUE,LAP_CONTEXT_PRESENT,70,70,CACHED_SELECTED_LAP_STREAM,530,20748,16641,2019-06-30T13:12:52.607000,2019-06-30T14:35:15.377000,2019-06-30T13:12:52.560000,2019-06-30T14:35:15.443000,1972.58,6915.35,1972.533,6915.416,1.3729916666666668,1.3730230555555556,1,70,1,70,0.23999999999978172,0.27999999999974534,0.4010000000007494,0,0.0,0,0,0.3000000000001819,0.3000000000001819,0.3010000000003856,0,0.0,0,0,TELEMETRY_COVERAGE_PASS,FastF1 raw Date plus session-relative SessionTime; timezone/latency is not inferred; lap assignment is interval lookup from FastF1 LapStartTime/Time
2019:Austrian Grand Prix:Race,train,2019,Austrian Grand Prix,Race,GRO,8,TRUE,TRUE,LAP_CONTEXT_PRESENT,70,70,CACHED_SELECTED_LAP_STREAM,530,20845,16719,2019-06-30T13:12:52.607000,2019-06-30T14:35:38.617000,2019-06-30T13:12:52.560000,2019-06-30T14:35:38.642000,1972.58,6938.59,1972.533,6938.615,1.3794472222222223,1.3794672222222224,1,70,1,70,0.23999999999978172,0.27999999999974534,0.4010000000007494,0,0.0,0,0,0.3000000000001819,0.3000000000001819,0.3010000000003856,0,0.0,0,0,TELEMETRY_COVERAGE_PASS,FastF1 raw Date plus session-relative SessionTime; timezone/latency is not inferred; lap assignment is interval lookup from FastF1 LapStartTime/Time
2019:Austrian Grand Prix:Race,train,2019,Austrian Grand Prix,Race,HAM,44,TRUE,TRUE,LAP_CONTEXT_PRESENT,71,71,CACHED_SELECTED_LAP_STREAM,522,20755,16646,2019-06-30T13:12:52.607000,2019-06-30T14:35:17.217000,2019-06-30T13:12:52.560000,2019-06-30T14:35:16.942000,1972.58,6917.19,1972.533,6916.915,1.3735027777777777,1.3734394444444444,1,71,1,71,0.23999999999978172,0.27999999999974534,0.4010000000007494,0,0.0,0,0,0.3000000000001819,0.3000000000001819,0.3010000000003856,0,0.0,0,0,TELEMETRY_COVERAGE_PASS,FastF1 raw Date plus session-relative SessionTime; timezone/latency is not inferred; lap assignment is interval lookup from FastF1 LapStartTime/Time
2019:Austrian Grand Prix:Race,train,2019,Austrian Grand Prix,Race,HUL,27,TRUE,TRUE,LAP_CONTEXT_PRESENT,70,70,CACHED_SELECTED_LAP_STREAM,529,20772,16660,2019-06-30T13:12:52.607000,2019-06-30T14:35:21.217000,2019-06-30T13:12:52.560000,2019-06-30T14:35:21.043000,1972.58,6921.19,1972.533,6921.016,1.3746138888888888,1.3745786111111111,1,70,1,70,0.23999999999978172,0.27999999999974534,0.4010000000007494,0,0.0,0,0,0.3000000000001819,0.3000000000001819,0.3010000000003856,0,0.0,0,0,TELEMETRY_COVERAGE_PASS,FastF1 raw Date plus session-relative SessionTime; timezone/latency is not inferred; lap assignment is interval lookup from FastF1 LapStartTime/Time
2019:Austrian Grand Prix:Race,train,2019,Austrian Grand Prix,Race,KUB,88,TRUE,TRUE,LAP_CONTEXT_PRESENT,68,68,CACHED_SELECTED_LAP_STREAM,540,20712,16612,2019-06-30T13:12:52.607000,2019-06-30T14:35:06.898000,2019-06-30T13:12:52.560000,2019-06-30T14:35:06.842000,1972.58,6906.871,1972.533,6906.815,1.3706363888888888,1.3706338888888887,1,68,1,68,0.23999999999978172,0.27999999999974534,0.4010000000007494,0,0.0,0,0,0.3000000000001819,0.3000000000001819,0.3010000000003856,0,0.0,0,0,TELEMETRY_COVERAGE_PASS,FastF1 raw Date plus session-relative SessionTime; timezone/latency is not inferred; lap assignment is interval lookup from FastF1 LapStartTime/Time
2019:Austrian Grand Prix:Race,train,2019,Austrian Grand Prix,Race,KVY,26,TRUE,TRUE,LAP_CONTEXT_PRESENT,70,70,CACHED_SELECTED_LAP_STREAM,538,20936,16792,2019-06-30T13:12:52.607000,2019-06-30T14:36:00.178000,2019-06-30T13:12:52.560000,2019-06-30T14:36:00.244000,1972.58,6960.151,1972.533,6960.217,1.3854363888888888,1.3854677777777775,1,70,1,70,0.23999999999978172,0.27999999999974534,0.4010000000007494,0,0.0,0,0,0.3000000000001819,0.3000000000001819,0.3010000000003856,0,0.0,0,0,TELEMETRY_COVERAGE_PASS,FastF1 raw Date plus session-relative SessionTime; timezone/latency is not inferred; lap assignment is interval lookup from FastF1 LapStartTime/Time
2019:Austrian Grand Prix:Race,train,2019,Austrian Grand Prix,Race,LEC,16,TRUE,TRUE,LAP_CONTEXT_PRESENT,71,71,CACHED_SELECTED_LAP_STREAM,518,20670,16579,2019-06-30T13:12:52.607000,2019-06-30T14:34:56.937000,2019-06-30T13:12:52.560000,2019-06-30T14:34:57.042000,1972.58,6896.91,1972.533,6897.015,1.3678694444444444,1.3679116666666666,1,71,1,71,0.23999999999978172,0.27999999999974534,0.4010000000007494,0,0.0,0,0,0.3000000000001819,0.3000000000001819,0.3010000000003856,0,0.0,0,0,TELEMETRY_COVERAGE_PASS,FastF1 raw Date plus session-relative SessionTime; timezone/latency is not inferred; lap assignment is interval lookup from FastF1 LapStartTime/Time
2019:Austrian Grand Prix:Race,train,2019,Austrian Grand Prix,Race,MAG,20,TRUE,TRUE,LAP_CONTEXT_PRESENT,69,69,CACHED_SELECTED_LAP_STREAM,673,20818,16697,2019-06-30T13:12:52.607000,2019-06-30T14:35:32.178000,2019-06-30T13:12:52.560000,2019-06-30T14:35:32.042000,1972.58,6932.151,1972.533,6932.015,1.377658611111111,1.3776338888888888,1,69,1,69,0.23999999999978172,0.27999999999974534,0.4010000000007494,0,0.0,0,0,0.3000000000001819,0.3000000000001819,0.3010000000003856,0,0.0,0,0,TELEMETRY_COVERAGE_PASS,FastF1 raw Date plus session-relative SessionTime; timezone/latency is not inferred; lap assignment is interval lookup from FastF1 LapStartTime/Time
2019:Austrian Grand Prix:Race,train,2019,Austrian Grand Prix,Race,NOR,4,TRUE,TRUE,LAP_CONTEXT_PRESENT,70,70,CACHED_SELECTED_LAP_STREAM,527,20665,16575,2019-06-30T13:12:52.607000,2019-06-30T14:34:55.737000,2019-06-30T13:12:52.560000,2019-06-30T14:34:55.842000,1972.58,6895.71,1972.533,6895.815,1.367536111111111,1.3675783333333331,1,70,1,70,0.23999999999978172,0.27999999999974534,0.4010000000007494,0,0.0,0,0,0.3000000000001819,0.3000000000001819,0.3010000000003856,0,0.0,0,0,TELEMETRY_COVERAGE_PASS,FastF1 raw Date plus session-relative SessionTime; timezone/latency is not inferred; lap assignment is interval lookup from FastF1 LapStartTime/Time
2019:Austrian Grand Prix:Race,train,2019,Austrian Grand Prix,Race,PER,11,TRUE,TRUE,LAP_CONTEXT_PRESENT,70,70,CACHED_SELECTED_LAP_STREAM,529,20759,16650,2019-06-30T13:12:52.607000,2019-06-30T14:35:18.177000,2019-06-30T13:12:52.560000,2019-06-30T14:35:18.142000,1972.58,6918.15,1972.533,6918.115,1.3737694444444444,1.373772777777778,1,70,1,70,0.23999999999978172,0.27999999999974534,0.4010000000007494,0,0.0,0,0,0.3000000000001819,0.3000000000001819,0.3010000000003856,0,0.0,0,0,TELEMETRY_COVERAGE_PASS,FastF1 raw Date plus session-relative SessionTime; timezone/latency is not inferred; lap assignment is interval lookup from FastF1 LapStartTime/Time
2019:Austrian Grand Prix:Race,train,2019,Austrian Grand Prix,Race,RAI,7,TRUE,TRUE,LAP_CONTEXT_PRESENT,70,70,CACHED_SELECTED_LAP_STREAM,527,20746,16639,2019-06-30T13:12:52.607000,2019-06-30T14:35:14.897000,2019-06-30T13:12:52.560000,2019-06-30T14:35:14.843000,1972.58,6914.87,1972.533,6914.816,1.3728583333333333,1.3728563888888887,1,70,1,70,0.23999999999978172,0.27999999999974534,0.4010000000007494,0,0.0,0,0,0.3000000000001819,0.3000000000001819,0.3010000000003856,0,0.0,0,0,TELEMETRY_COVERAGE_PASS,FastF1 raw Date plus session-relative SessionTime; timezone/latency is not inferred; lap assignment is interval lookup from FastF1 LapStartTime/Time
2019:Austrian Grand Prix:Race,train,2019,Austrian Grand Prix,Race,RIC,3,TRUE,TRUE,LAP_CONTEXT_PRESENT,70,70,CACHED_SELECTED_LAP_STREAM,530,20764,16654,2019-06-30T13:12:52.607000,2019-06-30T14:35:19.337000,2019-06-30T13:12:52.560000,2019-06-30T14:35:19.342000,1972.58,6919.31,1972.533,6919.315,1.3740916666666667,1.3741061111111108,1,70,1,70,0.23999999999978172,0.27999999999974534,0.4010000000007494,0,0.0,0,0,0.3000000000001819,0.3000000000001819,0.3010000000003856,0,0.0,0,0,TELEMETRY_COVERAGE_PASS,FastF1 raw Date plus session-relative SessionTime; timezone/latency is not inferred; lap assignment is interval lookup from FastF1 LapStartTime/Time
2019:Austrian Grand Prix:Race,train,2019,Austrian Grand Prix,Race,RUS,63,TRUE,TRUE,LAP_CONTEXT_PRESENT,69,69,CACHED_SELECTED_LAP_STREAM,536,20726,16624,2019-06-30T13:12:52.607000,2019-06-30T14:35:10.217000,2019-06-30T13:12:52.560000,2019-06-30T14:35:10.342000,1972.58,6910.19,1972.533,6910.315,1.3715583333333332,1.3716061111111109,1,69,1,69,0.23999999999978172,0.27999999999974534,0.4010000000007494,0,0.0,0,0,0.3000000000001819,0.3000000000001819,0.3010000000003856,0,0.0,0,0,TELEMETRY_COVERAGE_PASS,FastF1 raw Date plus session-relative SessionTime; timezone/latency is not inferred; lap assignment is interval lookup from FastF1 LapStartTime/Time
2019:Austrian Grand Prix:Race,train,2019,Austrian Grand Prix,Race,SAI,55,TRUE,TRUE,LAP_CONTEXT_PRESENT,70,70,CACHED_SELECTED_LAP_STREAM,527,20737,16632,2019-06-30T13:12:52.607000,2019-06-30T14:35:12.777000,2019-06-30T13:12:52.560000,2019-06-30T14:35:12.742000,1972.58,6912.75,1972.533,6912.715,1.3722694444444445,1.372272777777778,1,70,1,70,0.23999999999978172,0.27999999999974534,0.4010000000007494,0,0.0,0,0,0.3000000000001819,0.3000000000001819,0.3010000000003856,0,0.0,0,0,TELEMETRY_COVERAGE_PASS,FastF1 raw Date plus session-relative SessionTime; timezone/latency is not inferred; lap assignment is interval lookup from FastF1 LapStartTime/Time
2019:Austrian Grand Prix:Race,train,2019,Austrian Grand Prix,Race,STR,18,TRUE,TRUE,LAP_CONTEXT_PRESENT,70,70,CACHED_SELECTED_LAP_STREAM,528,20805,16687,2019-06-30T13:12:52.607000,2019-06-30T14:35:29.136000,2019-06-30T13:12:52.560000,2019-06-30T14:35:29.043000,1972.58,6929.109,1972.533,6929.016,1.3768136111111113,1.3768008333333335,1,70,1,70,0.23999999999978172,0.27999999999974534,0.4010000000007494,0,0.0,0,0,0.3000000000001819,0.3000000000001819,0.3010000000003856,0,0.0,0,0,TELEMETRY_COVERAGE_PASS,FastF1 raw Date plus session-relative SessionTime; timezone/latency is not inferred; lap assignment is interval lookup from FastF1 LapStartTime/Time
2019:Austrian Grand Prix:Race,train,2019,Austrian Grand Prix,Race,VER,33,TRUE,TRUE,LAP_CONTEXT_PRESENT,71,71,CACHED_SELECTED_LAP_STREAM,519,20659,16570,2019-06-30T13:12:52.607000,2019-06-30T14:34:54.296000,2019-06-30T13:12:52.560000,2019-06-30T14:34:54.342000,1972.58,6894.269,1972.533,6894.315,1.3671358333333334,1.3671616666666664,1,71,1,71,0.23999999999978172,0.27999999999974534,0.4010000000007494,0,0.0,0,0,0.3000000000001819,0.3000000000001819,0.3010000000003856,0,0.0,0,0,TELEMETRY_COVERAGE_PASS,FastF1 raw Date plus session-relative SessionTime; timezone/latency is not inferred; lap assignment is interval lookup from FastF1 LapStartTime/Time
2019:Austrian Grand Prix:Race,train,2019,Austrian Grand Prix,Race,VET,5,TRUE,TRUE,LAP_CONTEXT_PRESENT,71,71,CACHED_SELECTED_LAP_STREAM,519,20742,16636,2019-06-30T13:12:52.607000,2019-06-30T14:35:13.978000,2019-06-30T13:12:52.560000,2019-06-30T14:35:13.942000,1972.58,6913.951,1972.533,6913.915,1.3726030555555555,1.372606111111111,1,71,1,71,0.23999999999978172,0.27999999999974534,0.4010000000007494,0,0.0,0,0,0.3000000000001819,0.3000000000001819,0.3010000000003856,0,0.0,0,0,TELEMETRY_COVERAGE_PASS,FastF1 raw Date plus session-relative SessionTime; timezone/latency is not inferred; lap assignment is interval lookup from FastF1 LapStartTime/Time
2019:British Grand Prix:Race,train,2019,British Grand Prix,Race,ALB,23,TRUE,TRUE,LAP_CONTEXT_PRESENT,52,52,CACHED_SELECTED_LAP_STREAM,705,20854,16645,2019-07-14T13:13:08.967000,2019-07-14T14:35:33.099000,2019-07-14T13:13:09.165000,2019-07-14T14:35:33.148000,1988.7,6932.832,1988.898,6932.881,1.3733700000000002,1.3733286111111112,1,52,1,52,0.23999999999978172,0.24099999999998545,0.44000000000005457,0,0.0,0,0,0.3000000000001819,0.3000000000001819,0.40000000000009095,0,0.0,0,0,TELEMETRY_COVERAGE_PASS,FastF1 raw Date plus session-relative SessionTime; timezone/latency is not inferred; lap assignment is interval lookup from FastF1 LapStartTime/Time
2019:British Grand Prix:Race,train,2019,British Grand Prix,Race,BOT,77,TRUE,TRUE,LAP_CONTEXT_PRESENT,52,52,CACHED_SELECTED_LAP_STREAM,695,20640,16474,2019-07-14T13:13:08.967000,2019-07-14T14:34:42.379000,2019-07-14T13:13:09.165000,2019-07-14T14:34:42.447000,1988.7,6882.112,1988.898,6882.18,1.3592811111111112,1.359245,1,52,1,52,0.23999999999978172,0.24099999999998545,0.44000000000005457,0,0.0,0,0,0.3000000000001819,0.3000000000001819,0.40000000000009095,0,0.0,0,0,TELEMETRY_COVERAGE_PASS,FastF1 raw Date plus session-relative SessionTime; timezone/latency is not inferred; lap assignment is interval lookup from FastF1 LapStartTime/Time
2019:British Grand Prix:Race,train,2019,British Grand Prix,Race,GAS,10,TRUE,TRUE,LAP_CONTEXT_PRESENT,52,52,CACHED_SELECTED_LAP_STREAM,695,20681,16507,2019-07-14T13:13:08.967000,2019-07-14T14:34:52.138000,2019-07-14T13:13:09.165000,2019-07-14T14:34:52.147000,1988.7,6891.871,1988.898,6891.88,1.3619919444444446,1.3619394444444444,1,52,1,52,0.23999999999978172,0.24099999999998545,0.44000000000005457,0,0.0,0,0,0.3000000000001819,0.3000000000001819,0.40000000000009095,0,0.0,0,0,TELEMETRY_COVERAGE_PASS,FastF1 raw Date plus session-relative SessionTime; timezone/latency is not inferred; lap assignment is interval lookup from FastF1 LapStartTime/Time
2019:British Grand Prix:Race,train,2019,British Grand Prix,Race,GIO,99,TRUE,TRUE,LAP_CONTEXT_PRESENT,19,19,CACHED_SELECTED_LAP_STREAM,708,7760,6197,2019-07-14T13:13:08.967000,2019-07-14T13:43:49.747000,2019-07-14T13:13:09.165000,2019-07-14T13:43:49.596000,1988.7,3829.48,1988.898,3829.329,0.5113277777777778,0.5112308333333334,1,19,1,19,0.23999999999978172,0.24099999999998545,0.4010000000000673,0,0.0,0,0,0.3000000000001819,0.3000000000001819,0.40000000000009095,0,0.0,0,0,TELEMETRY_COVERAGE_PASS,FastF1 raw Date plus session-relative SessionTime; timezone/latency is not inferred; lap assignment is interval lookup from FastF1 LapStartTime/Time
2019:British Grand Prix:Race,train,2019,British Grand Prix,Race,GRO,8,TRUE,TRUE,LAP_CONTEXT_PRESENT,9,9,CACHED_SELECTED_LAP_STREAM,938,3915,3123,2019-07-14T13:13:08.967000,2019-07-14T13:28:36.578000,2019-07-14T13:13:09.165000,2019-07-14T13:28:36.581000,1988.7,2916.311,1988.898,2916.314,0.25766972222222223,0.25761555555555554,1,9,1,9,0.23999999999978172,0.24099999999998545,0.4010000000000673,0,0.0,0,0,0.3000000000001819,0.3000000000001819,0.3999999999996362,0,0.0,0,0,TELEMETRY_COVERAGE_PASS,FastF1 raw Date plus session-relative SessionTime; timezone/latency is not inferred; lap assignment is interval lookup from FastF1 LapStartTime/Time
2019:British Grand Prix:Race,train,2019,British Grand Prix,Race,HAM,44,TRUE,TRUE,LAP_CONTEXT_PRESENT,52,52,CACHED_SELECTED_LAP_STREAM,693,20535,16390,2019-07-14T13:13:08.967000,2019-07-14T14:34:17.458000,2019-07-14T13:13:09.165000,2019-07-14T14:34:17.446000,1988.7,6857.191,1988.898,6857.179,1.352358611111111,1.3523002777777777,1,52,1,52,0.23999999999978172,0.24099999999998545,0.44000000000005457,0,0.0,0,0,0.3000000000001819,0.3000000000001819,0.40000000000009095,0,0.0,0,0,TELEMETRY_COVERAGE_PASS,FastF1 raw Date plus session-relative SessionTime; timezone/latency is not inferred; lap assignment is interval lookup from FastF1 LapStartTime/Time
2019:British Grand Prix:Race,train,2019,British Grand Prix,Race,HUL,27,TRUE,TRUE,LAP_CONTEXT_PRESENT,52,52,CACHED_SELECTED_LAP_STREAM,706,20841,16635,2019-07-14T13:13:08.967000,2019-07-14T14:35:30.059000,2019-07-14T13:13:09.165000,2019-07-14T14:35:30.247000,1988.7,6929.792,1988.898,6929.98,1.3725255555555558,1.3725227777777775,1,52,1,52,0.23999999999978172,0.24099999999998545,0.44000000000005457,0,0.0,0,0,0.3000000000001819,0.3000000000001819,0.40000000000009095,0,0.0,0,0,TELEMETRY_COVERAGE_PASS,FastF1 raw Date plus session-relative SessionTime; timezone/latency is not inferred; lap assignment is interval lookup from FastF1 LapStartTime/Time
2019:British Grand Prix:Race,train,2019,British Grand Prix,Race,KUB,88,TRUE,TRUE,LAP_CONTEXT_PRESENT,51,51,CACHED_SELECTED_LAP_STREAM,715,20645,16478,2019-07-14T13:13:08.967000,2019-07-14T14:34:43.578000,2019-07-14T13:13:09.165000,2019-07-14T14:34:43.646000,1988.7,6883.311,1988.898,6883.379,1.3596141666666666,1.3595780555555554,1,51,1,51,0.23999999999978172,0.24099999999998545,0.44000000000005457,0,0.0,0,0,0.3000000000001819,0.3000000000001819,0.40000000000009095,0,0.0,0,0,TELEMETRY_COVERAGE_PASS,FastF1 raw Date plus session-relative SessionTime; timezone/latency is not inferred; lap assignment is interval lookup from FastF1 LapStartTime/Time
2019:British Grand Prix:Race,train,2019,British Grand Prix,Race,KVY,26,TRUE,TRUE,LAP_CONTEXT_PRESENT,52,52,CACHED_SELECTED_LAP_STREAM,707,20816,16615,2019-07-14T13:13:08.967000,2019-07-14T14:35:24.140000,2019-07-14T13:13:09.165000,2019-07-14T14:35:24.248000,1988.7,6923.873,1988.898,6923.981,1.3708813888888889,1.3708563888888887,1,52,1,52,0.23999999999978172,0.24099999999998545,0.44000000000005457,0,0.0,0,0,0.3000000000001819,0.3000000000001819,0.40000000000009095,0,0.0,0,0,TELEMETRY_COVERAGE_PASS,FastF1 raw Date plus session-relative SessionTime; timezone/latency is not inferred; lap assignment is interval lookup from FastF1 LapStartTime/Time
2019:British Grand Prix:Race,train,2019,British Grand Prix,Race,LEC,16,TRUE,TRUE,LAP_CONTEXT_PRESENT,52,52,CACHED_SELECTED_LAP_STREAM,696,20661,16491,2019-07-14T13:13:08.967000,2019-07-14T14:34:47.338000,2019-07-14T13:13:09.165000,2019-07-14T14:34:47.447000,1988.7,6887.071,1988.898,6887.18,1.3606586111111112,1.360633888888889,1,52,1,52,0.23999999999978172,0.24099999999998545,0.44000000000005457,0,0.0,0,0,0.3000000000001819,0.3000000000001819,0.40000000000009095,0,0.0,0,0,TELEMETRY_COVERAGE_PASS,FastF1 raw Date plus session-relative SessionTime; timezone/latency is not inferred; lap assignment is interval lookup from FastF1 LapStartTime/Time
2019:British Grand Prix:Race,train,2019,British Grand Prix,Race,MAG,20,TRUE,TRUE,LAP_CONTEXT_PRESENT,6,6,CACHED_SELECTED_LAP_STREAM,942,2861,2281,2019-07-14T13:13:08.967000,2019-07-14T13:24:26.535000,2019-07-14T13:13:09.165000,2019-07-14T13:24:26.377000,1988.7,2666.268,1988.898,2666.11,0.18821333333333332,0.1881144444444445,1,6,1,6,0.23999999999978172,0.24099999999998545,0.4010000000000673,0,0.0,0,0,0.3000000000001819,0.3000000000001819,0.3999999999996362,0,0.0,0,0,TELEMETRY_COVERAGE_PASS,FastF1 raw Date plus session-relative SessionTime; timezone/latency is not inferred; lap assignment is interval lookup from FastF1 LapStartTime/Time
2019:British Grand Prix:Race,train,2019,British Grand Prix,Race,NOR,4,TRUE,TRUE,LAP_CONTEXT_PRESENT,52,52,CACHED_SELECTED_LAP_STREAM,704,20848,16640,2019-07-14T13:13:08.967000,2019-07-14T14:35:31.699000,2019-07-14T13:13:09.165000,2019-07-14T14:35:31.648000,1988.7,6931.432,1988.898,6931.381,1.3729811111111112,1.3729119444444444,1,52,1,52,0.23999999999978172,0.24099999999998545,0.44000000000005457,0,0.0,0,0,0.3000000000001819,0.3000000000001819,0.40000000000009095,0,0.0,0,0,TELEMETRY_COVERAGE_PASS,FastF1 raw Date plus session-relative SessionTime; timezone/latency is not inferred; lap assignment is interval lookup from FastF1 LapStartTime/Time
2019:British Grand Prix:Race,train,2019,British Grand Prix,Race,PER,11,TRUE,TRUE,LAP_CONTEXT_PRESENT,51,51,CACHED_SELECTED_LAP_STREAM,707,20688,16512,2019-07-14T13:13:08.967000,2019-07-14T14:34:53.739000,2019-07-14T13:13:09.165000,2019-07-14T14:34:53.647000,1988.7,6893.472,1988.898,6893.38,1.3624366666666667,1.362356111111111,1,51,1,51,0.23999999999978172,0.24099999999998545,0.44000000000005457,0,0.0,0,0,0.3000000000001819,0.3000000000001819,0.40000000000009095,0,0.0,0,0,TELEMETRY_COVERAGE_PASS,FastF1 raw Date plus session-relative SessionTime; timezone/latency is not inferred; lap assignment is interval lookup from FastF1 LapStartTime/Time
2019:British Grand Prix:Race,train,2019,British Grand Prix,Race,RAI,7,TRUE,TRUE,LAP_CONTEXT_PRESENT,52,52,CACHED_SELECTED_LAP_STREAM,707,20811,16610,2019-07-14T13:13:08.967000,2019-07-14T14:35:22.979000,2019-07-14T13:13:09.165000,2019-07-14T14:35:22.847000,1988.7,6922.712,1988.898,6922.58,1.370558888888889,1.370467222222222,1,52,1,52,0.23999999999978172,0.24099999999998545,0.44000000000005457,0,0.0,0,0,0.3000000000001819,0.3000000000001819,0.40000000000009095,0,0.0,0,0,TELEMETRY_COVERAGE_PASS,FastF1 raw Date plus session-relative SessionTime; timezone/latency is not inferred; lap assignment is interval lookup from FastF1 LapStartTime/Time
2019:British Grand Prix:Race,train,2019,British Grand Prix,Race,RIC,3,TRUE,TRUE,LAP_CONTEXT_PRESENT,52,52,CACHED_SELECTED_LAP_STREAM,705,20764,16573,2019-07-14T13:13:08.967000,2019-07-14T14:35:11.859000,2019-07-14T13:13:09.165000,2019-07-14T14:35:11.748000,1988.7,6911.592,1988.898,6911.481,1.36747,1.3673841666666666,1,52,1,52,0.23999999999978172,0.24099999999998545,0.44000000000005457,0,0.0,0,0,0.3000000000001819,0.3000000000001819,0.40000000000009095,0,0.0,0,0,TELEMETRY_COVERAGE_PASS,FastF1 raw Date plus session-relative SessionTime; timezone/latency is not inferred; lap assignment is interval lookup from FastF1 LapStartTime/Time
2019:British Grand Prix:Race,train,2019,British Grand Prix,Race,RUS,63,TRUE,TRUE,LAP_CONTEXT_PRESENT,51,51,CACHED_SELECTED_LAP_STREAM,717,20600,16442,2019-07-14T13:13:08.967000,2019-07-14T14:34:32.939000,2019-07-14T13:13:09.165000,2019-07-14T14:34:32.847000,1988.7,6872.672,1988.898,6872.58,1.3566588888888889,1.3565783333333332,1,51,1,51,0.23999999999978172,0.24099999999998545,0.44000000000005457,0,0.0,0,0,0.3000000000001819,0.3000000000001819,0.40000000000009095,0,0.0,0,0,TELEMETRY_COVERAGE_PASS,FastF1 raw Date plus session-relative SessionTime; timezone/latency is not inferred; lap assignment is interval lookup from FastF1 LapStartTime/Time
2019:British Grand Prix:Race,train,2019,British Grand Prix,Race,SAI,55,TRUE,TRUE,LAP_CONTEXT_PRESENT,52,52,CACHED_SELECTED_LAP_STREAM,707,20760,16571,2019-07-14T13:13:08.967000,2019-07-14T14:35:10.939000,2019-07-14T13:13:09.165000,2019-07-14T14:35:11.148000,1988.7,6910.672,1988.898,6910.881,1.3672144444444443,1.3672175,1,52,1,52,0.23999999999978172,0.24099999999998545,0.44000000000005457,0,0.0,0,0,0.3000000000001819,0.3000000000001819,0.40000000000009095,0,0.0,0,0,TELEMETRY_COVERAGE_PASS,FastF1 raw Date plus session-relative SessionTime; timezone/latency is not inferred; lap assignment is interval lookup from FastF1 LapStartTime/Time
2019:British Grand Prix:Race,train,2019,British Grand Prix,Race,STR,18,TRUE,TRUE,LAP_CONTEXT_PRESENT,52,52,CACHED_SELECTED_LAP_STREAM,707,20876,16663,2019-07-14T13:13:08.967000,2019-07-14T14:35:38.459000,2019-07-14T13:13:09.165000,2019-07-14T14:35:38.548000,1988.7,6938.192,1988.898,6938.281,1.3748588888888889,1.374828611111111,1,52,1,52,0.23999999999978172,0.24099999999998545,0.44000000000005457,0,0.0,0,0,0.3000000000001819,0.3000000000001819,0.40000000000009095,0,0.0,0,0,TELEMETRY_COVERAGE_PASS,FastF1 raw Date plus session-relative SessionTime; timezone/latency is not inferred; lap assignment is interval lookup from FastF1 LapStartTime/Time
2019:British Grand Prix:Race,train,2019,British Grand Prix,Race,VER,33,TRUE,TRUE,LAP_CONTEXT_PRESENT,52,52,CACHED_SELECTED_LAP_STREAM,696,20701,16523,2019-07-14T13:13:08.967000,2019-07-14T14:34:56.939000,2019-07-14T13:13:09.165000,2019-07-14T14:34:56.947000,1988.7,6896.672,1988.898,6896.68,1.3633255555555555,1.3632727777777778,1,52,1,52,0.23999999999978172,0.24099999999998545,0.44000000000005457,0,0.0,0,0,0.3000000000001819,0.3000000000001819,0.40000000000009095,0,0.0,0,0,TELEMETRY_COVERAGE_PASS,FastF1 raw Date plus session-relative SessionTime; timezone/latency is not inferred; lap assignment is interval lookup from FastF1 LapStartTime/Time
2019:British Grand Prix:Race,train,2019,British Grand Prix,Race,VET,5,TRUE,TRUE,LAP_CONTEXT_PRESENT,51,51,CACHED_SELECTED_LAP_STREAM,696,20604,16445,2019-07-14T13:13:08.967000,2019-07-14T14:34:33.859000,2019-07-14T13:13:09.165000,2019-07-14T14:34:33.747000,1988.7,6873.592,1988.898,6873.48,1.3569144444444443,1.356828333333333,1,51,1,51,0.23999999999978172,0.24099999999998545,0.44000000000005457,0,0.0,0,0,0.3000000000001819,0.3000000000001819,0.40000000000009095,0,0.0,0,0,TELEMETRY_COVERAGE_PASS,FastF1 raw Date plus session-relative SessionTime; timezone/latency is not inferred; lap assignment is interval lookup from FastF1 LapStartTime/Time
2019:German Grand Prix:Race,train,2019,German Grand Prix,Race,ALB,23,TRUE,TRUE,LAP_CONTEXT_PRESENT,64,64,CACHED_SELECTED_LAP_STREAM,696,26477,21148,2019-07-28T13:19:58.999000,2019-07-28T15:04:40.224000,2019-07-28T13:19:59.124000,2019-07-28T15:04:40.229000,2398.837,8680.062,2398.962,8680.067,1.7447847222222224,1.7447513888888888,1,64,1,64,0.23999999999978172,0.27999999999883585,0.4010000000002947,0,0.0,0,0,0.3000000000001819,0.3000000000001819,0.4000000000014552,0,0.0,0,0,TELEMETRY_COVERAGE_PASS,FastF1 raw Date plus session-relative SessionTime; timezone/latency is not inferred; lap assignment is interval lookup from FastF1 LapStartTime/Time
2019:German Grand Prix:Race,train,2019,German Grand Prix,Race,BOT,77,TRUE,TRUE,LAP_CONTEXT_PRESENT,57,57,CACHED_SELECTED_LAP_STREAM,680,23978,19153,2019-07-28T13:19:58.999000,2019-07-28T14:54:47.538000,2019-07-28T13:19:59.124000,2019-07-28T14:54:47.520000,2398.837,8087.376,2398.962,8087.358,1.5801497222222225,1.5801100000000001,1,57,1,57,0.23999999999978172,0.27999999999974534,0.4010000000002947,0,0.0,0,0,0.3000000000001819,0.3000000000001819,0.40000000000009095,0,0.0,0,0,TELEMETRY_COVERAGE_PASS,FastF1 raw Date plus session-relative SessionTime; timezone/latency is not inferred; lap assignment is interval lookup from FastF1 LapStartTime/Time
2019:German Grand Prix:Race,train,2019,German Grand Prix,Race,GAS,10,TRUE,TRUE,LAP_CONTEXT_PRESENT,62,62,CACHED_SELECTED_LAP_STREAM,703,26124,20866,2019-07-28T13:19:58.999000,2019-07-28T15:03:16.704000,2019-07-28T13:19:59.124000,2019-07-28T15:03:16.428000,2398.837,8596.542,2398.962,8596.266,1.7215847222222223,1.7214733333333334,1,62,1,62,0.23999999999978172,0.27999999999883585,0.4010000000002947,0,0.0,0,0,0.3000000000001819,0.3000000000001819,0.4000000000014552,0,0.0,0,0,TELEMETRY_COVERAGE_PASS,FastF1 raw Date plus session-relative SessionTime; timezone/latency is not inferred; lap assignment is interval lookup from FastF1 LapStartTime/Time
2019:German Grand Prix:Race,train,2019,German Grand Prix,Race,GIO,99,TRUE,TRUE,LAP_CONTEXT_PRESENT,64,64,CACHED_SELECTED_LAP_STREAM,699,26493,21161,2019-07-28T13:19:58.999000,2019-07-28T15:04:44.023000,2019-07-28T13:19:59.124000,2019-07-28T15:04:44.030000,2398.837,8683.861,2398.962,8683.868,1.7458400000000003,1.7458072222222225,1,64,1,64,0.23999999999978172,0.27999999999883585,0.4010000000002947,0,0.0,0,0,0.3000000000001819,0.3000000000001819,0.4000000000014552,0,0.0,0,0,TELEMETRY_COVERAGE_PASS,FastF1 raw Date plus session-relative SessionTime; timezone/latency is not inferred; lap assignment is interval lookup from FastF1 LapStartTime/Time
2019:German Grand Prix:Race,train,2019,German Grand Prix,Race,GRO,8,TRUE,TRUE,LAP_CONTEXT_PRESENT,64,64,CACHED_SELECTED_LAP_STREAM,705,26506,21171,2019-07-28T13:19:58.999000,2019-07-28T15:04:47.024000,2019-07-28T13:19:59.124000,2019-07-28T15:04:47.029000,2398.837,8686.862,2398.962,8686.867,1.746673611111111,1.7466402777777779,1,64,1,64,0.23999999999978172,0.27999999999883585,0.4010000000002947,0,0.0,0,0,0.3000000000001819,0.3000000000001819,0.4000000000014552,0,0.0,0,0,TELEMETRY_COVERAGE_PASS,FastF1 raw Date plus session-relative SessionTime; timezone/latency is not inferred; lap assignment is interval lookup from FastF1 LapStartTime/Time
2019:German Grand Prix:Race,train,2019,German Grand Prix,Race,HAM,44,TRUE,TRUE,LAP_CONTEXT_PRESENT,64,64,CACHED_SELECTED_LAP_STREAM,683,26518,21180,2019-07-28T13:19:58.999000,2019-07-28T15:04:49.865000,2019-07-28T13:19:59.124000,2019-07-28T15:04:49.730000,2398.837,8689.703,2398.962,8689.568,1.7474627777777778,1.7473905555555556,1,64,1,64,0.23999999999978172,0.27999999999883585,0.4010000000002947,0,0.0,0,0,0.3000000000001819,0.3000000000001819,0.4000000000014552,0,0.0,0,0,TELEMETRY_COVERAGE_PASS,FastF1 raw Date plus session-relative SessionTime; timezone/latency is not inferred; lap assignment is interval lookup from FastF1 LapStartTime/Time
2019:German Grand Prix:Race,train,2019,German Grand Prix,Race,HUL,27,TRUE,TRUE,LAP_CONTEXT_PRESENT,40,40,CACHED_SELECTED_LAP_STREAM,700,17272,13803,2019-07-28T13:19:58.999000,2019-07-28T14:28:18.521000,2019-07-28T13:19:59.124000,2019-07-28T14:28:18.493000,2398.837,6498.359,2398.962,6498.331,1.1387561111111113,1.1387136111111114,1,40,1,40,0.23999999999978172,0.27999999999974534,0.4010000000002947,0,0.0,0,0,0.3000000000001819,0.3000000000001819,0.40000000000009095,0,0.0,0,0,TELEMETRY_COVERAGE_PASS,FastF1 raw Date plus session-relative SessionTime; timezone/latency is not inferred; lap assignment is interval lookup from FastF1 LapStartTime/Time
2019:German Grand Prix:Race,train,2019,German Grand Prix,Race,KUB,88,TRUE,TRUE,LAP_CONTEXT_PRESENT,64,64,CACHED_SELECTED_LAP_STREAM,716,26541,21198,2019-07-28T13:19:58.999000,2019-07-28T15:04:55.265000,2019-07-28T13:19:59.124000,2019-07-28T15:04:55.030000,2398.837,8695.103,2398.962,8694.868,1.7489627777777776,1.748862777777778,1,64,1,64,0.23999999999978172,0.27999999999883585,0.4010000000002947,0,0.0,0,0,0.3000000000001819,0.3000000000001819,0.4000000000014552,0,0.0,0,0,TELEMETRY_COVERAGE_PASS,FastF1 raw Date plus session-relative SessionTime; timezone/latency is not inferred; lap assignment is interval lookup from FastF1 LapStartTime/Time
2019:German Grand Prix:Race,train,2019,German Grand Prix,Race,KVY,26,TRUE,TRUE,LAP_CONTEXT_PRESENT,64,64,CACHED_SELECTED_LAP_STREAM,703,26470,21142,2019-07-28T13:19:58.999000,2019-07-28T15:04:38.584000,2019-07-28T13:19:59.124000,2019-07-28T15:04:38.430000,2398.837,8678.422,2398.962,8678.268,1.744329166666667,1.7442516666666668,1,64,1,64,0.23999999999978172,0.27999999999883585,0.4010000000002947,0,0.0,0,0,0.3000000000001819,0.3000000000001819,0.4000000000014552,0,0.0,0,0,TELEMETRY_COVERAGE_PASS,FastF1 raw Date plus session-relative SessionTime; timezone/latency is not inferred; lap assignment is interval lookup from FastF1 LapStartTime/Time
2019:German Grand Prix:Race,train,2019,German Grand Prix,Race,LEC,16,TRUE,TRUE,LAP_CONTEXT_PRESENT,27,27,CACHED_SELECTED_LAP_STREAM,731,10966,8762,2019-07-28T13:19:58.999000,2019-07-28T14:03:21.226000,2019-07-28T13:19:59.124000,2019-07-28T14:03:21.268000,2398.837,5001.064,2398.962,5001.106,0.7228408333333334,0.7228177777777777,1,27,1,27,0.23999999999978172,0.27999999999974534,0.4010000000002947,0,0.0,0,0,0.3000000000001819,0.3000000000001819,0.40000000000009095,0,0.0,0,0,TELEMETRY_COVERAGE_PASS,FastF1 raw Date plus session-relative SessionTime; timezone/latency is not inferred; lap assignment is interval lookup from FastF1 LapStartTime/Time
2019:German Grand Prix:Race,train,2019,German Grand Prix,Race,MAG,20,TRUE,TRUE,LAP_CONTEXT_PRESENT,64,64,CACHED_SELECTED_LAP_STREAM,696,26514,21177,2019-07-28T13:19:58.999000,2019-07-28T15:04:48.945000,2019-07-28T13:19:59.124000,2019-07-28T15:04:48.830000,2398.837,8688.783,2398.962,8688.668,1.7472072222222221,1.7471405555555557,1,64,1,64,0.23999999999978172,0.27999999999883585,0.4010000000002947,0,0.0,0,0,0.3000000000001819,0.3000000000001819,0.4000000000014552,0,0.0,0,0,TELEMETRY_COVERAGE_PASS,FastF1 raw Date plus session-relative SessionTime; timezone/latency is not inferred; lap assignment is interval lookup from FastF1 LapStartTime/Time
2019:German Grand Prix:Race,train,2019,German Grand Prix,Race,NOR,4,TRUE,TRUE,LAP_CONTEXT_PRESENT,25,25,CACHED_SELECTED_LAP_STREAM,759,10450,8348,2019-07-28T13:19:58.999000,2019-07-28T14:01:18.384000,2019-07-28T13:19:59.124000,2019-07-28T14:01:18.266000,2398.837,4878.222,2398.962,4878.104,0.6887180555555555,0.6886505555555557,1,25,1,25,0.23999999999978172,0.27999999999974534,0.4010000000002947,0,0.0,0,0,0.3000000000001819,0.3000000000001819,0.40000000000009095,0,0.0,0,0,TELEMETRY_COVERAGE_PASS,FastF1 raw Date plus session-relative SessionTime; timezone/latency is not inferred; lap assignment is interval lookup from FastF1 LapStartTime/Time
2019:German Grand Prix:Race,train,2019,German Grand Prix,Race,PER,11,TRUE,TRUE,LAP_CONTEXT_PRESENT,2,2,CACHED_SELECTED_LAP_STREAM,857,1107,885,2019-07-28T13:19:58.999000,2019-07-28T13:24:21.760000,2019-07-28T13:19:59.124000,2019-07-28T13:24:21.729000,2398.837,2661.598,2398.962,2661.567,0.07298916666666666,0.07294583333333333,1,2,1,2,0.23999999999978172,0.27999999999974534,0.40000000000009095,0,0.0,0,0,0.3000000000001819,0.3000000000001819,0.40000000000009095,0,0.0,0,0,TELEMETRY_COVERAGE_PASS,FastF1 raw Date plus session-relative SessionTime; timezone/latency is not inferred; lap assignment is interval lookup from FastF1 LapStartTime/Time
2019:German Grand Prix:Race,train,2019,German Grand Prix,Race,RAI,7,TRUE,TRUE,LAP_CONTEXT_PRESENT,64,64,CACHED_SELECTED_LAP_STREAM,701,26486,21155,2019-07-28T13:19:58.999000,2019-07-28T15:04:42.384000,2019-07-28T13:19:59.124000,2019-07-28T15:04:42.230000,2398.837,8682.222,2398.962,8682.068,1.7453847222222223,1.7453072222222221,1,64,1,64,0.23999999999978172,0.27999999999883585,0.4010000000002947,0,0.0,0,0,0.3000000000001819,0.3000000000001819,0.4000000000014552,0,0.0,0,0,TELEMETRY_COVERAGE_PASS,FastF1 raw Date plus session-relative SessionTime; timezone/latency is not inferred; lap assignment is interval lookup from FastF1 LapStartTime/Time
2019:German Grand Prix:Race,train,2019,German Grand Prix,Race,RIC,3,TRUE,TRUE,LAP_CONTEXT_PRESENT,14,14,CACHED_SELECTED_LAP_STREAM,912,6250,4991,2019-07-28T13:19:58.999000,2019-07-28T13:44:41.174000,2019-07-28T13:19:59.124000,2019-07-28T13:44:41.049000,2398.837,3881.012,2398.962,3880.887,0.41171527777777783,0.4116458333333334,1,14,1,14,0.23999999999978172,0.27999999999974534,0.4010000000002947,0,0.0,0,0,0.3000000000001819,0.3000000000001819,0.40000000000009095,0,0.0,0,0,TELEMETRY_COVERAGE_PASS,FastF1 raw Date plus session-relative SessionTime; timezone/latency is not inferred; lap assignment is interval lookup from FastF1 LapStartTime/Time
2019:German Grand Prix:Race,train,2019,German Grand Prix,Race,RUS,63,TRUE,TRUE,LAP_CONTEXT_PRESENT,64,64,CACHED_SELECTED_LAP_STREAM,716,26547,21203,2019-07-28T13:19:58.999000,2019-07-28T15:04:56.665000,2019-07-28T13:19:59.124000,2019-07-28T15:04:56.530000,2398.837,8696.503,2398.962,8696.368,1.7493516666666669,1.7492794444444446,1,64,1,64,0.23999999999978172,0.27999999999883585,0.4010000000002947,0,0.0,0,0,0.3000000000001819,0.3000000000001819,0.4000000000014552,0,0.0,0,0,TELEMETRY_COVERAGE_PASS,FastF1 raw Date plus session-relative SessionTime; timezone/latency is not inferred; lap assignment is interval lookup from FastF1 LapStartTime/Time
2019:German Grand Prix:Race,train,2019,German Grand Prix,Race,SAI,55,TRUE,TRUE,LAP_CONTEXT_PRESENT,64,64,CACHED_SELECTED_LAP_STREAM,698,26475,21146,2019-07-28T13:19:58.999000,2019-07-28T15:04:39.745000,2019-07-28T13:19:59.124000,2019-07-28T15:04:39.629000,2398.837,8679.583,2398.962,8679.467,1.744651666666667,1.7445847222222226,1,64,1,64,0.23999999999978172,0.27999999999883585,0.4010000000002947,0,0.0,0,0,0.3000000000001819,0.3000000000001819,0.4000000000014552,0,0.0,0,0,TELEMETRY_COVERAGE_PASS,FastF1 raw Date plus session-relative SessionTime; timezone/latency is not inferred; lap assignment is interval lookup from FastF1 LapStartTime/Time
2019:German Grand Prix:Race,train,2019,German Grand Prix,Race,STR,18,TRUE,TRUE,LAP_CONTEXT_PRESENT,64,64,CACHED_SELECTED_LAP_STREAM,707,26472,21144,2019-07-28T13:19:58.999000,2019-07-28T15:04:39.064000,2019-07-28T13:19:59.124000,2019-07-28T15:04:39.029000,2398.837,8678.902,2398.962,8678.867,1.7444625000000002,1.7444180555555557,1,64,1,64,0.23999999999978172,0.27999999999883585,0.4010000000002947,0,0.0,0,0,0.3000000000001819,0.3000000000001819,0.4000000000014552,0,0.0,0,0,TELEMETRY_COVERAGE_PASS,FastF1 raw Date plus session-relative SessionTime; timezone/latency is not inferred; lap assignment is interval lookup from FastF1 LapStartTime/Time
2019:German Grand Prix:Race,train,2019,German Grand Prix,Race,VER,33,TRUE,TRUE,LAP_CONTEXT_PRESENT,64,64,CACHED_SELECTED_LAP_STREAM,685,26435,21114,2019-07-28T13:19:58.999000,2019-07-28T15:04:30.304000,2019-07-28T13:19:59.124000,2019-07-28T15:04:30.130000,2398.837,8670.142,2398.962,8669.968,1.7420291666666667,1.7419461111111114,1,64,1,64,0.23999999999978172,0.27999999999883585,0.4010000000002947,0,0.0,0,0,0.3000000000001819,0.3000000000001819,0.4000000000014552,0,0.0,0,0,TELEMETRY_COVERAGE_PASS,FastF1 raw Date plus session-relative SessionTime; timezone/latency is not inferred; lap assignment is interval lookup from FastF1 LapStartTime/Time
2019:German Grand Prix:Race,train,2019,German Grand Prix,Race,VET,5,TRUE,TRUE,LAP_CONTEXT_PRESENT,64,64,CACHED_SELECTED_LAP_STREAM,692,26466,21139,2019-07-28T13:19:58.999000,2019-07-28T15:04:37.624000,2019-07-28T13:19:59.124000,2019-07-28T15:04:37.530000,2398.837,8677.462,2398.962,8677.368,1.7440625,1.744001666666667,1,64,1,64,0.23999999999978172,0.27999999999883585,0.4010000000002947,0,0.0,0,0,0.3000000000001819,0.3000000000001819,0.4000000000014552,0,0.0,0,0,TELEMETRY_COVERAGE_PASS,FastF1 raw Date plus session-relative SessionTime; timezone/latency is not inferred; lap assignment is interval lookup from FastF1 LapStartTime/Time
2019:Hungarian Grand Prix:Race,train,2019,Hungarian Grand Prix,Race,ALB,23,TRUE,TRUE,LAP_CONTEXT_PRESENT,69,69,CACHED_SELECTED_LAP_STREAM,633,24242,19427,2019-08-04T13:12:49.136000,2019-08-04T14:48:59.545000,2019-08-04T13:12:49.134000,2019-08-04T14:48:59.431000,1969.107,7739.516,1969.105,7739.402,1.6028913888888887,1.6028602777777778,1,69,1,69,0.23999999999978172,0.24099999999998545,0.3999999999996362,0,0.0,0,0,0.3000000000001819,0.3000000000001819,0.30200000000058935,0,0.0,0,0,TELEMETRY_COVERAGE_PASS,FastF1 raw Date plus session-relative SessionTime; timezone/latency is not inferred; lap assignment is interval lookup from FastF1 LapStartTime/Time
2019:Hungarian Grand Prix:Race,train,2019,Hungarian Grand Prix,Race,BOT,77,TRUE,TRUE,LAP_CONTEXT_PRESENT,69,69,CACHED_SELECTED_LAP_STREAM,633,24097,19311,2019-08-04T13:12:49.136000,2019-08-04T14:48:25.144000,2019-08-04T13:12:49.134000,2019-08-04T14:48:25.031000,1969.107,7705.115,1969.105,7705.002,1.5933355555555555,1.5933047222222225,1,69,1,69,0.23999999999978172,0.24099999999998545,0.3999999999996362,0,0.0,0,0,0.3000000000001819,0.3000000000001819,0.30200000000058935,0,0.0,0,0,TELEMETRY_COVERAGE_PASS,FastF1 raw Date plus session-relative SessionTime; timezone/latency is not inferred; lap assignment is interval lookup from FastF1 LapStartTime/Time
2019:Hungarian Grand Prix:Race,train,2019,Hungarian Grand Prix,Race,GAS,10,TRUE,TRUE,LAP_CONTEXT_PRESENT,69,69,CACHED_SELECTED_LAP_STREAM,630,24083,19300,2019-08-04T13:12:49.136000,2019-08-04T14:48:21.824000,2019-08-04T13:12:49.134000,2019-08-04T14:48:21.731000,1969.107,7701.795,1969.105,7701.702,1.5924133333333335,1.5923880555555554,1,69,1,69,0.23999999999978172,0.24099999999998545,0.3999999999996362,0,0.0,0,0,0.3000000000001819,0.3000000000001819,0.30200000000058935,0,0.0,0,0,TELEMETRY_COVERAGE_PASS,FastF1 raw Date plus session-relative SessionTime; timezone/latency is not inferred; lap assignment is interval lookup from FastF1 LapStartTime/Time
2019:Hungarian Grand Prix:Race,train,2019,Hungarian Grand Prix,Race,GIO,99,TRUE,TRUE,LAP_CONTEXT_PRESENT,68,68,CACHED_SELECTED_LAP_STREAM,644,24269,19448,2019-08-04T13:12:49.136000,2019-08-04T14:49:05.825000,2019-08-04T13:12:49.134000,2019-08-04T14:49:05.731000,1969.107,7745.796,1969.105,7745.702,1.6046358333333335,1.6046102777777778,1,68,1,68,0.23999999999978172,0.24099999999998545,0.3999999999996362,0,0.0,0,0,0.3000000000001819,0.3000000000001819,0.30200000000058935,0,0.0,0,0,TELEMETRY_COVERAGE_PASS,FastF1 raw Date plus session-relative SessionTime; timezone/latency is not inferred; lap assignment is interval lookup from FastF1 LapStartTime/Time
2019:Hungarian Grand Prix:Race,train,2019,Hungarian Grand Prix,Race,GRO,8,TRUE,TRUE,LAP_CONTEXT_PRESENT,49,49,CACHED_SELECTED_LAP_STREAM,638,17456,14029,2019-08-04T13:12:49.136000,2019-08-04T14:22:16.127000,2019-08-04T13:12:49.134000,2019-08-04T14:22:16.004000,1969.107,6136.098,1969.105,6135.975,1.1574975,1.157463888888889,1,49,1,49,0.23999999999978172,0.24099999999998545,0.3999999999996362,0,0.0,0,0,0.3000000000001819,0.3000000000001819,0.3010000000003856,0,0.0,0,0,TELEMETRY_COVERAGE_PASS,FastF1 raw Date plus session-relative SessionTime; timezone/latency is not inferred; lap assignment is interval lookup from FastF1 LapStartTime/Time
2019:Hungarian Grand Prix:Race,train,2019,Hungarian Grand Prix,Race,HAM,44,TRUE,TRUE,LAP_CONTEXT_PRESENT,70,70,CACHED_SELECTED_LAP_STREAM,615,23961,19203,2019-08-04T13:12:49.136000,2019-08-04T14:47:52.904000,2019-08-04T13:12:49.134000,2019-08-04T14:47:52.930000,1969.107,7672.875,1969.105,7672.901,1.58438,1.584387777777778,1,70,1,70,0.23999999999978172,0.24099999999998545,0.3999999999996362,0,0.0,0,0,0.3000000000001819,0.3000000000001819,0.30200000000058935,0,0.0,0,0,TELEMETRY_COVERAGE_PASS,FastF1 raw Date plus session-relative SessionTime; timezone/latency is not inferred; lap assignment is interval lookup from FastF1 LapStartTime/Time
2019:Hungarian Grand Prix:Race,train,2019,Hungarian Grand Prix,Race,HUL,27,TRUE,TRUE,LAP_CONTEXT_PRESENT,69,69,CACHED_SELECTED_LAP_STREAM,636,24292,19466,2019-08-04T13:12:49.136000,2019-08-04T14:49:11.224000,2019-08-04T13:12:49.134000,2019-08-04T14:49:11.031000,1969.107,7751.195,1969.105,7751.002,1.6061355555555554,1.6060825000000003,1,69,1,69,0.23999999999978172,0.24099999999998545,0.3999999999996362,0,0.0,0,0,0.3000000000001819,0.3000000000001819,0.30200000000058935,0,0.0,0,0,TELEMETRY_COVERAGE_PASS,FastF1 raw Date plus session-relative SessionTime; timezone/latency is not inferred; lap assignment is interval lookup from FastF1 LapStartTime/Time
2019:Hungarian Grand Prix:Race,train,2019,Hungarian Grand Prix,Race,KUB,88,TRUE,TRUE,LAP_CONTEXT_PRESENT,67,67,CACHED_SELECTED_LAP_STREAM,642,24005,19238,2019-08-04T13:12:49.136000,2019-08-04T14:48:03.384000,2019-08-04T13:12:49.134000,2019-08-04T14:48:03.331000,1969.107,7683.355,1969.105,7683.302,1.587291111111111,1.5872769444444446,1,67,1,67,0.23999999999978172,0.24099999999998545,0.3999999999996362,0,0.0,0,0,0.3000000000001819,0.3000000000001819,0.30200000000058935,0,0.0,0,0,TELEMETRY_COVERAGE_PASS,FastF1 raw Date plus session-relative SessionTime; timezone/latency is not inferred; lap assignment is interval lookup from FastF1 LapStartTime/Time
2019:Hungarian Grand Prix:Race,train,2019,Hungarian Grand Prix,Race,KVY,26,TRUE,TRUE,LAP_CONTEXT_PRESENT,68,68,CACHED_SELECTED_LAP_STREAM,633,23983,19221,2019-08-04T13:12:49.136000,2019-08-04T14:47:58.065000,2019-08-04T13:12:49.134000,2019-08-04T14:47:58.230000,1969.107,7678.036,1969.105,7678.201,1.5858136111111112,1.5858599999999998,1,68,1,68,0.23999999999978172,0.24099999999998545,0.3999999999996362,0,0.0,0,0,0.3000000000001819,0.3000000000001819,0.30200000000058935,0,0.0,0,0,TELEMETRY_COVERAGE_PASS,FastF1 raw Date plus session-relative SessionTime; timezone/latency is not inferred; lap assignment is interval lookup from FastF1 LapStartTime/Time
2019:Hungarian Grand Prix:Race,train,2019,Hungarian Grand Prix,Race,LEC,16,TRUE,TRUE,LAP_CONTEXT_PRESENT,70,70,CACHED_SELECTED_LAP_STREAM,623,24236,19423,2019-08-04T13:12:49.136000,2019-08-04T14:48:58.144000,2019-08-04T13:12:49.134000,2019-08-04T14:48:58.231000,1969.107,7738.115,1969.105,7738.202,1.6025022222222223,1.6025269444444443,1,70,1,70,0.23999999999978172,0.24099999999998545,0.3999999999996362,0,0.0,0,0,0.3000000000001819,0.3000000000001819,0.30200000000058935,0,0.0,0,0,TELEMETRY_COVERAGE_PASS,FastF1 raw Date plus session-relative SessionTime; timezone/latency is not inferred; lap assignment is interval lookup from FastF1 LapStartTime/Time
2019:Hungarian Grand Prix:Race,train,2019,Hungarian Grand Prix,Race,MAG,20,TRUE,TRUE,LAP_CONTEXT_PRESENT,69,69,CACHED_SELECTED_LAP_STREAM,633,24295,19469,2019-08-04T13:12:49.136000,2019-08-04T14:49:11.905000,2019-08-04T13:12:49.134000,2019-08-04T14:49:11.931000,1969.107,7751.876,1969.105,7751.902,1.6063247222222223,1.6063325000000002,1,69,1,69,0.23999999999978172,0.24099999999998545,0.3999999999996362,0,0.0,0,0,0.3000000000001819,0.3000000000001819,0.30200000000058935,0,0.0,0,0,TELEMETRY_COVERAGE_PASS,FastF1 raw Date plus session-relative SessionTime; timezone/latency is not inferred; lap assignment is interval lookup from FastF1 LapStartTime/Time
2019:Hungarian Grand Prix:Race,train,2019,Hungarian Grand Prix,Race,NOR,4,TRUE,TRUE,LAP_CONTEXT_PRESENT,69,69,CACHED_SELECTED_LAP_STREAM,630,24119,19329,2019-08-04T13:12:49.136000,2019-08-04T14:48:30.384000,2019-08-04T13:12:49.134000,2019-08-04T14:48:30.331000,1969.107,7710.355,1969.105,7710.302,1.594791111111111,1.5947769444444444,1,69,1,69,0.23999999999978172,0.24099999999998545,0.3999999999996362,0,0.0,0,0,0.3000000000001819,0.3000000000001819,0.30200000000058935,0,0.0,0,0,TELEMETRY_COVERAGE_PASS,FastF1 raw Date plus session-relative SessionTime; timezone/latency is not inferred; lap assignment is interval lookup from FastF1 LapStartTime/Time
2019:Hungarian Grand Prix:Race,train,2019,Hungarian Grand Prix,Race,PER,11,TRUE,TRUE,LAP_CONTEXT_PRESENT,69,69,CACHED_SELECTED_LAP_STREAM,635,24289,19464,2019-08-04T13:12:49.136000,2019-08-04T14:49:10.505000,2019-08-04T13:12:49.134000,2019-08-04T14:49:10.432000,1969.107,7750.476,1969.105,7750.403,1.6059358333333333,1.6059161111111113,1,69,1,69,0.23999999999978172,0.24099999999998545,0.3999999999996362,0,0.0,0,0,0.3000000000001819,0.3000000000001819,0.30200000000058935,0,0.0,0,0,TELEMETRY_COVERAGE_PASS,FastF1 raw Date plus session-relative SessionTime; timezone/latency is not inferred; lap assignment is interval lookup from FastF1 LapStartTime/Time
2019:Hungarian Grand Prix:Race,train,2019,Hungarian Grand Prix,Race,RAI,7,TRUE,TRUE,LAP_CONTEXT_PRESENT,69,69,CACHED_SELECTED_LAP_STREAM,633,24094,19309,2019-08-04T13:12:49.136000,2019-08-04T14:48:24.424000,2019-08-04T13:12:49.134000,2019-08-04T14:48:24.431000,1969.107,7704.395,1969.105,7704.402,1.5931355555555557,1.5931380555555557,1,69,1,69,0.23999999999978172,0.24099999999998545,0.3999999999996362,0,0.0,0,0,0.3000000000001819,0.3000000000001819,0.30200000000058935,0,0.0,0,0,TELEMETRY_COVERAGE_PASS,FastF1 raw Date plus session-relative SessionTime; timezone/latency is not inferred; lap assignment is interval lookup from FastF1 LapStartTime/Time
2019:Hungarian Grand Prix:Race,train,2019,Hungarian Grand Prix,Race,RIC,3,TRUE,TRUE,LAP_CONTEXT_PRESENT,69,69,CACHED_SELECTED_LAP_STREAM,650,24296,19470,2019-08-04T13:12:49.136000,2019-08-04T14:49:12.145000,2019-08-04T13:12:49.134000,2019-08-04T14:49:12.231000,1969.107,7752.116,1969.105,7752.202,1.606391388888889,1.6064158333333332,1,69,1,69,0.23999999999978172,0.24099999999998545,0.3999999999996362,0,0.0,0,0,0.3000000000001819,0.3000000000001819,0.30200000000058935,0,0.0,0,0,TELEMETRY_COVERAGE_PASS,FastF1 raw Date plus session-relative SessionTime; timezone/latency is not inferred; lap assignment is interval lookup from FastF1 LapStartTime/Time
2019:Hungarian Grand Prix:Race,train,2019,Hungarian Grand Prix,Race,RUS,63,TRUE,TRUE,LAP_CONTEXT_PRESENT,68,68,CACHED_SELECTED_LAP_STREAM,655,24214,19405,2019-08-04T13:12:49.136000,2019-08-04T14:48:52.905000,2019-08-04T13:12:49.134000,2019-08-04T14:48:52.931000,1969.107,7732.876,1969.105,7732.902,1.6010469444444446,1.6010547222222224,1,68,1,68,0.23999999999978172,0.24099999999998545,0.3999999999996362,0,0.0,0,0,0.3000000000001819,0.3000000000001819,0.30200000000058935,0,0.0,0,0,TELEMETRY_COVERAGE_PASS,FastF1 raw Date plus session-relative SessionTime; timezone/latency is not inferred; lap assignment is interval lookup from FastF1 LapStartTime/Time
2019:Hungarian Grand Prix:Race,train,2019,Hungarian Grand Prix,Race,SAI,55,TRUE,TRUE,LAP_CONTEXT_PRESENT,69,69,CACHED_SELECTED_LAP_STREAM,629,24077,19295,2019-08-04T13:12:49.136000,2019-08-04T14:48:20.424000,2019-08-04T13:12:49.134000,2019-08-04T14:48:20.230000,1969.107,7700.395,1969.105,7700.201,1.5920244444444445,1.591971111111111,1,69,1,69,0.23999999999978172,0.24099999999998545,0.3999999999996362,0,0.0,0,0,0.3000000000001819,0.3000000000001819,0.30200000000058935,0,0.0,0,0,TELEMETRY_COVERAGE_PASS,FastF1 raw Date plus session-relative SessionTime; timezone/latency is not inferred; lap assignment is interval lookup from FastF1 LapStartTime/Time
2019:Hungarian Grand Prix:Race,train,2019,Hungarian Grand Prix,Race,STR,18,TRUE,TRUE,LAP_CONTEXT_PRESENT,68,68,CACHED_SELECTED_LAP_STREAM,646,24230,19418,2019-08-04T13:12:49.136000,2019-08-04T14:48:56.744000,2019-08-04T13:12:49.134000,2019-08-04T14:48:56.731000,1969.107,7736.715,1969.105,7736.702,1.6021133333333333,1.6021102777777778,1,68,1,68,0.23999999999978172,0.24099999999998545,0.3999999999996362,0,0.0,0,0,0.3000000000001819,0.3000000000001819,0.30200000000058935,0,0.0,0,0,TELEMETRY_COVERAGE_PASS,FastF1 raw Date plus session-relative SessionTime; timezone/latency is not inferred; lap assignment is interval lookup from FastF1 LapStartTime/Time
2019:Hungarian Grand Prix:Race,train,2019,Hungarian Grand Prix,Race,VER,33,TRUE,TRUE,LAP_CONTEXT_PRESENT,70,70,CACHED_SELECTED_LAP_STREAM,614,24036,19263,2019-08-04T13:12:49.136000,2019-08-04T14:48:10.704000,2019-08-04T13:12:49.134000,2019-08-04T14:48:10.731000,1969.107,7690.675,1969.105,7690.702,1.5893244444444445,1.5893325,1,70,1,70,0.23999999999978172,0.24099999999998545,0.3999999999996362,0,0.0,0,0,0.3000000000001819,0.3000000000001819,0.30200000000058935,0,0.0,0,0,TELEMETRY_COVERAGE_PASS,FastF1 raw Date plus session-relative SessionTime; timezone/latency is not inferred; lap assignment is interval lookup from FastF1 LapStartTime/Time
2019:Hungarian Grand Prix:Race,train,2019,Hungarian Grand Prix,Race,VET,5,TRUE,TRUE,LAP_CONTEXT_PRESENT,70,70,CACHED_SELECTED_LAP_STREAM,619,24220,19410,2019-08-04T13:12:49.136000,2019-08-04T14:48:54.385000,2019-08-04T13:12:49.134000,2019-08-04T14:48:54.332000,1969.107,7734.356,1969.105,7734.303,1.6014580555555555,1.601443888888889,1,70,1,70,0.23999999999978172,0.24099999999998545,0.3999999999996362,0,0.0,0,0,0.3000000000001819,0.3000000000001819,0.30200000000058935,0,0.0,0,0,TELEMETRY_COVERAGE_PASS,FastF1 raw Date plus session-relative SessionTime; timezone/latency is not inferred; lap assignment is interval lookup from FastF1 LapStartTime/Time
2019:Belgian Grand Prix:Race,train,2019,Belgian Grand Prix,Race,ALB,23,TRUE,TRUE,LAP_CONTEXT_PRESENT,44,44,CACHED_SELECTED_LAP_STREAM,840,20918,17195,2019-09-01T13:13:26.997000,2019-09-01T14:38:33.969000,2019-09-01T13:13:27.047000,2019-09-01T14:38:33.831000,2006.783,7113.755,2006.833,7113.617,1.4186033333333332,1.418551111111111,1,44,1,44,0.23999999999978172,0.27999999999974534,0.40099999999983993,0,0.0,0,0,0.3000000000001819,0.3000000000001819,0.3999999999996362,0,0.0,0,0,TELEMETRY_COVERAGE_PASS,FastF1 raw Date plus session-relative SessionTime; timezone/latency is not inferred; lap assignment is interval lookup from FastF1 LapStartTime/Time
2019:Belgian Grand Prix:Race,train,2019,Belgian Grand Prix,Race,BOT,77,TRUE,TRUE,LAP_CONTEXT_PRESENT,44,44,CACHED_SELECTED_LAP_STREAM,826,20635,16963,2019-09-01T13:13:26.997000,2019-09-01T14:37:25.009000,2019-09-01T13:13:27.047000,2019-09-01T14:37:25.029000,2006.783,7044.795,2006.833,7044.815,1.3994477777777778,1.3994394444444445,1,44,1,44,0.23999999999978172,0.27999999999974534,0.40099999999983993,0,0.0,0,0,0.3000000000001819,0.3000000000001819,0.3999999999996362,0,0.0,0,0,TELEMETRY_COVERAGE_PASS,FastF1 raw Date plus session-relative SessionTime; timezone/latency is not inferred; lap assignment is interval lookup from FastF1 LapStartTime/Time
2019:Belgian Grand Prix:Race,train,2019,Belgian Grand Prix,Race,GAS,10,TRUE,TRUE,LAP_CONTEXT_PRESENT,44,44,CACHED_SELECTED_LAP_STREAM,840,21032,17288,2019-09-01T13:13:26.997000,2019-09-01T14:39:01.650000,2019-09-01T13:13:27.047000,2019-09-01T14:39:01.531000,2006.783,7141.436,2006.833,7141.317,1.4262925,1.4262455555555558,1,44,1,44,0.23999999999978172,0.27999999999974534,0.40099999999983993,0,0.0,0,0,0.3000000000001819,0.3000000000001819,0.3999999999996362,0,0.0,0,0,TELEMETRY_COVERAGE_PASS,FastF1 raw Date plus session-relative SessionTime; timezone/latency is not inferred; lap assignment is interval lookup from FastF1 LapStartTime/Time
2019:Belgian Grand Prix:Race,train,2019,Belgian Grand Prix,Race,GIO,99,TRUE,TRUE,LAP_CONTEXT_PRESENT,43,43,CACHED_SELECTED_LAP_STREAM,840,20695,17012,2019-09-01T13:13:26.997000,2019-09-01T14:37:39.569000,2019-09-01T13:13:27.047000,2019-09-01T14:37:39.530000,2006.783,7059.355,2006.833,7059.316,1.4034922222222224,1.4034675,1,43,1,43,0.23999999999978172,0.27999999999974534,0.40099999999983993,0,0.0,0,0,0.3000000000001819,0.3000000000001819,0.3999999999996362,0,0.0,0,0,TELEMETRY_COVERAGE_PASS,FastF1 raw Date plus session-relative SessionTime; timezone/latency is not inferred; lap assignment is interval lookup from FastF1 LapStartTime/Time
2019:Belgian Grand Prix:Race,train,2019,Belgian Grand Prix,Race,GRO,8,TRUE,TRUE,LAP_CONTEXT_PRESENT,43,43,CACHED_SELECTED_LAP_STREAM,835,20640,16967,2019-09-01T13:13:26.997000,2019-09-01T14:37:26.209000,2019-09-01T13:13:27.047000,2019-09-01T14:37:26.130000,2006.783,7045.995,2006.833,7045.916,1.399781111111111,1.399745277777778,1,43,1,43,0.23999999999978172,0.27999999999974534,0.40099999999983993,0,0.0,0,0,0.3000000000001819,0.3000000000001819,0.3999999999996362,0,0.0,0,0,TELEMETRY_COVERAGE_PASS,FastF1 raw Date plus session-relative SessionTime; timezone/latency is not inferred; lap assignment is interval lookup from FastF1 LapStartTime/Time
2019:Belgian Grand Prix:Race,train,2019,Belgian Grand Prix,Race,HAM,44,TRUE,TRUE,LAP_CONTEXT_PRESENT,44,44,CACHED_SELECTED_LAP_STREAM,821,20587,16925,2019-09-01T13:13:26.997000,2019-09-01T14:37:13.489000,2019-09-01T13:13:27.047000,2019-09-01T14:37:13.630000,2006.783,7033.275,2006.833,7033.416,1.3962477777777778,1.3962730555555558,1,44,1,44,0.23999999999978172,0.27999999999974534,0.40099999999983993,0,0.0,0,0,0.3000000000001819,0.3000000000001819,0.3999999999996362,0,0.0,0,0,TELEMETRY_COVERAGE_PASS,FastF1 raw Date plus session-relative SessionTime; timezone/latency is not inferred; lap assignment is interval lookup from FastF1 LapStartTime/Time
2019:Belgian Grand Prix:Race,train,2019,Belgian Grand Prix,Race,HUL,27,TRUE,TRUE,LAP_CONTEXT_PRESENT,44,44,CACHED_SELECTED_LAP_STREAM,840,21022,17280,2019-09-01T13:13:26.997000,2019-09-01T14:38:59.249000,2019-09-01T13:13:27.047000,2019-09-01T14:38:59.131000,2006.783,7139.035,2006.833,7138.917,1.4256255555555557,1.4255788888888892,1,44,1,44,0.23999999999978172,0.27999999999974534,0.40099999999983993,0,0.0,0,0,0.3000000000001819,0.3000000000001819,0.3999999999996362,0,0.0,0,0,TELEMETRY_COVERAGE_PASS,FastF1 raw Date plus session-relative SessionTime; timezone/latency is not inferred; lap assignment is interval lookup from FastF1 LapStartTime/Time
2019:Belgian Grand Prix:Race,train,2019,Belgian Grand Prix,Race,KUB,88,TRUE,TRUE,LAP_CONTEXT_PRESENT,43,43,CACHED_SELECTED_LAP_STREAM,851,20782,17083,2019-09-01T13:13:26.997000,2019-09-01T14:38:00.689000,2019-09-01T13:13:27.047000,2019-09-01T14:38:00.630000,2006.783,7080.475,2006.833,7080.416,1.409358888888889,1.4093286111111112,1,43,1,43,0.23999999999978172,0.27999999999974534,0.40099999999983993,0,0.0,0,0,0.3000000000001819,0.3000000000001819,0.3999999999996362,0,0.0,0,0,TELEMETRY_COVERAGE_PASS,FastF1 raw Date plus session-relative SessionTime; timezone/latency is not inferred; lap assignment is interval lookup from FastF1 LapStartTime/Time
2019:Belgian Grand Prix:Race,train,2019,Belgian Grand Prix,Race,KVY,26,TRUE,TRUE,LAP_CONTEXT_PRESENT,44,44,CACHED_SELECTED_LAP_STREAM,840,20952,17223,2019-09-01T13:13:26.997000,2019-09-01T14:38:42.290000,2019-09-01T13:13:27.047000,2019-09-01T14:38:42.231000,2006.783,7122.076,2006.833,7122.017,1.420914722222222,1.4208844444444442,1,44,1,44,0.23999999999978172,0.27999999999974534,0.40099999999983993,0,0.0,0,0,0.3000000000001819,0.3000000000001819,0.3999999999996362,0,0.0,0,0,TELEMETRY_COVERAGE_PASS,FastF1 raw Date plus session-relative SessionTime; timezone/latency is not inferred; lap assignment is interval lookup from FastF1 LapStartTime/Time
2019:Belgian Grand Prix:Race,train,2019,Belgian Grand Prix,Race,LEC,16,TRUE,TRUE,LAP_CONTEXT_PRESENT,44,44,CACHED_SELECTED_LAP_STREAM,820,20583,16921,2019-09-01T13:13:26.997000,2019-09-01T14:37:12.529000,2019-09-01T13:13:27.047000,2019-09-01T14:37:12.529000,2006.783,7032.315,2006.833,7032.315,1.395981111111111,1.3959672222222221,1,44,1,44,0.23999999999978172,0.27999999999974534,0.40099999999983993,0,0.0,0,0,0.3000000000001819,0.3000000000001819,0.3999999999996362,0,0.0,0,0,TELEMETRY_COVERAGE_PASS,FastF1 raw Date plus session-relative SessionTime; timezone/latency is not inferred; lap assignment is interval lookup from FastF1 LapStartTime/Time
2019:Belgian Grand Prix:Race,train,2019,Belgian Grand Prix,Race,MAG,20,TRUE,TRUE,LAP_CONTEXT_PRESENT,43,43,CACHED_SELECTED_LAP_STREAM,840,20611,16944,2019-09-01T13:13:26.997000,2019-09-01T14:37:19.289000,2019-09-01T13:13:27.047000,2019-09-01T14:37:19.329000,2006.783,7039.075,2006.833,7039.115,1.3978588888888888,1.397856111111111,1,43,1,43,0.23999999999978172,0.27999999999974534,0.40099999999983993,0,0.0,0,0,0.3000000000001819,0.3000000000001819,0.3999999999996362,0,0.0,0,0,TELEMETRY_COVERAGE_PASS,FastF1 raw Date plus session-relative SessionTime; timezone/latency is not inferred; lap assignment is interval lookup from FastF1 LapStartTime/Time
2019:Belgian Grand Prix:Race,train,2019,Belgian Grand Prix,Race,NOR,4,TRUE,TRUE,LAP_CONTEXT_PRESENT,44,44,CACHED_SELECTED_LAP_STREAM,834,21015,17275,2019-09-01T13:13:26.997000,2019-09-01T14:38:57.570000,2019-09-01T13:13:27.047000,2019-09-01T14:38:57.631000,2006.783,7137.356,2006.833,7137.417,1.4251591666666668,1.4251622222222224,1,44,1,44,0.23999999999978172,0.27999999999974534,0.40099999999983993,0,0.0,0,0,0.3000000000001819,0.3000000000001819,0.3999999999996362,0,0.0,0,0,TELEMETRY_COVERAGE_PASS,FastF1 raw Date plus session-relative SessionTime; timezone/latency is not inferred; lap assignment is interval lookup from FastF1 LapStartTime/Time
2019:Belgian Grand Prix:Race,train,2019,Belgian Grand Prix,Race,PER,11,TRUE,TRUE,LAP_CONTEXT_PRESENT,44,44,CACHED_SELECTED_LAP_STREAM,841,20930,17206,2019-09-01T13:13:26.997000,2019-09-01T14:38:36.930000,2019-09-01T13:13:27.047000,2019-09-01T14:38:37.130000,2006.783,7116.716,2006.833,7116.916,1.4194258333333336,1.4194675,1,44,1,44,0.23999999999978172,0.27999999999974534,0.40099999999983993,0,0.0,0,0,0.3000000000001819,0.3000000000001819,0.3999999999996362,0,0.0,0,0,TELEMETRY_COVERAGE_PASS,FastF1 raw Date plus session-relative SessionTime; timezone/latency is not inferred; lap assignment is interval lookup from FastF1 LapStartTime/Time
2019:Belgian Grand Prix:Race,train,2019,Belgian Grand Prix,Race,RAI,7,TRUE,TRUE,LAP_CONTEXT_PRESENT,43,43,CACHED_SELECTED_LAP_STREAM,844,20765,17069,2019-09-01T13:13:26.997000,2019-09-01T14:37:56.569000,2019-09-01T13:13:27.047000,2019-09-01T14:37:56.430000,2006.783,7076.355,2006.833,7076.216,1.4082144444444444,1.4081619444444444,1,43,1,43,0.23999999999978172,0.27999999999974534,0.40099999999983993,0,0.0,0,0,0.3000000000001819,0.3000000000001819,0.3999999999996362,0,0.0,0,0,TELEMETRY_COVERAGE_PASS,FastF1 raw Date plus session-relative SessionTime; timezone/latency is not inferred; lap assignment is interval lookup from FastF1 LapStartTime/Time
2019:Belgian Grand Prix:Race,train,2019,Belgian Grand Prix,Race,RIC,3,TRUE,TRUE,LAP_CONTEXT_PRESENT,43,43,CACHED_SELECTED_LAP_STREAM,838,20677,16998,2019-09-01T13:13:26.997000,2019-09-01T14:37:35.208000,2019-09-01T13:13:27.047000,2019-09-01T14:37:35.330000,2006.783,7054.994,2006.833,7055.116,1.4022808333333332,1.402300833333333,1,43,1,43,0.23999999999978172,0.27999999999974534,0.40099999999983993,0,0.0,0,0,0.3000000000001819,0.3000000000001819,0.3999999999996362,0,0.0,0,0,TELEMETRY_COVERAGE_PASS,FastF1 raw Date plus session-relative SessionTime; timezone/latency is not inferred; lap assignment is interval lookup from FastF1 LapStartTime/Time
2019:Belgian Grand Prix:Race,train,2019,Belgian Grand Prix,Race,RUS,63,TRUE,TRUE,LAP_CONTEXT_PRESENT,43,43,CACHED_SELECTED_LAP_STREAM,847,20714,17027,2019-09-01T13:13:26.997000,2019-09-01T14:37:44.089000,2019-09-01T13:13:27.047000,2019-09-01T14:37:44.030000,2006.783,7063.875,2006.833,7063.816,1.404747777777778,1.4047175,1,43,1,43,0.23999999999978172,0.27999999999974534,0.40099999999983993,0,0.0,0,0,0.3000000000001819,0.3000000000001819,0.3999999999996362,0,0.0,0,0,TELEMETRY_COVERAGE_PASS,FastF1 raw Date plus session-relative SessionTime; timezone/latency is not inferred; lap assignment is interval lookup from FastF1 LapStartTime/Time
2019:Belgian Grand Prix:Race,train,2019,Belgian Grand Prix,Race,SAI,55,TRUE,TRUE,LAP_CONTEXT_PRESENT,1,1,CACHED_SELECTED_LAP_STREAM,1455,797,657,2019-09-01T13:13:26.997000,2019-09-01T13:16:41.839000,2019-09-01T13:13:27.047000,2019-09-01T13:16:41.950000,2006.783,2201.625,2006.833,2201.736,0.054122777777777804,0.054139722222222166,1,1,1,1,0.2400000000000091,0.2800000000002001,0.40000000000009095,0,0.0,0,0,0.2999999999999545,0.3000000000001819,0.30100000000015825,0,0.0,0,0,TELEMETRY_COVERAGE_PASS,FastF1 raw Date plus session-relative SessionTime; timezone/latency is not inferred; lap assignment is interval lookup from FastF1 LapStartTime/Time
2019:Belgian Grand Prix:Race,train,2019,Belgian Grand Prix,Race,STR,18,TRUE,TRUE,LAP_CONTEXT_PRESENT,44,44,CACHED_SELECTED_LAP_STREAM,840,21035,17291,2019-09-01T13:13:26.997000,2019-09-01T14:39:02.370000,2019-09-01T13:13:27.047000,2019-09-01T14:39:02.431000,2006.783,7142.156,2006.833,7142.217,1.4264925,1.4264955555555556,1,44,1,44,0.23999999999978172,0.27999999999974534,0.40099999999983993,0,0.0,0,0,0.3000000000001819,0.3000000000001819,0.3999999999996362,0,0.0,0,0,TELEMETRY_COVERAGE_PASS,FastF1 raw Date plus session-relative SessionTime; timezone/latency is not inferred; lap assignment is interval lookup from FastF1 LapStartTime/Time
2019:Belgian Grand Prix:Race,train,2019,Belgian Grand Prix,Race,VER,33,TRUE,TRUE,LAP_CONTEXT_PRESENT,1,1,CACHED_SELECTED_LAP_STREAM,1028,563,463,2019-09-01T13:13:26.997000,2019-09-01T13:15:44.599000,2019-09-01T13:13:27.047000,2019-09-01T13:15:44.349000,2006.783,2144.385,2006.833,2144.135,0.03822277777777786,0.03813944444444448,1,1,1,1,0.2400000000000091,0.2799999999999727,0.40000000000009095,0,0.0,0,0,0.2999999999999545,0.3000000000001819,0.30100000000015825,0,0.0,0,0,TELEMETRY_COVERAGE_PASS,FastF1 raw Date plus session-relative SessionTime; timezone/latency is not inferred; lap assignment is interval lookup from FastF1 LapStartTime/Time
2019:Belgian Grand Prix:Race,train,2019,Belgian Grand Prix,Race,VET,5,TRUE,TRUE,LAP_CONTEXT_PRESENT,44,44,CACHED_SELECTED_LAP_STREAM,824,20693,17010,2019-09-01T13:13:26.997000,2019-09-01T14:37:39.049000,2019-09-01T13:13:27.047000,2019-09-01T14:37:38.929000,2006.783,7058.835,2006.833,7058.715,1.4033477777777776,1.4033005555555556,1,44,1,44,0.23999999999978172,0.27999999999974534,0.40099999999983993,0,0.0,0,0,0.3000000000001819,0.3000000000001819,0.3999999999996362,0,0.0,0,0,TELEMETRY_COVERAGE_PASS,FastF1 raw Date plus session-relative SessionTime; timezone/latency is not inferred; lap assignment is interval lookup from FastF1 LapStartTime/Time
2019:Italian Grand Prix:Race,train,2019,Italian Grand Prix,Race,ALB,23,TRUE,TRUE,LAP_CONTEXT_PRESENT,53,53,CACHED_SELECTED_LAP_STREAM,640,18828,15439,2019-09-08T13:13:21.659000,2019-09-08T14:29:47.426000,2019-09-08T13:13:21.454000,2019-09-08T14:29:47.329000,2000.332,6586.099,2000.127,6586.002,1.2738241666666665,1.2738541666666667,1,53,1,53,0.23999999999978172,0.27999999999974534,0.4010000000002947,0,0.0,0,0,0.3000000000001819,0.3000000000001819,0.4000000000005457,0,0.0,0,0,TELEMETRY_COVERAGE_PASS,FastF1 raw Date plus session-relative SessionTime; timezone/latency is not inferred; lap assignment is interval lookup from FastF1 LapStartTime/Time
2019:Italian Grand Prix:Race,train,2019,Italian Grand Prix,Race,BOT,77,TRUE,TRUE,LAP_CONTEXT_PRESENT,53,53,CACHED_SELECTED_LAP_STREAM,635,18587,15242,2019-09-08T13:13:21.659000,2019-09-08T14:28:48.986000,2019-09-08T13:13:21.454000,2019-09-08T14:28:48.828000,2000.332,6527.659,2000.127,6527.501,1.2575908333333332,1.2576038888888887,1,53,1,53,0.23999999999978172,0.27999999999974534,0.4010000000002947,0,0.0,0,0,0.3000000000001819,0.3000000000001819,0.4000000000005457,0,0.0,0,0,TELEMETRY_COVERAGE_PASS,FastF1 raw Date plus session-relative SessionTime; timezone/latency is not inferred; lap assignment is interval lookup from FastF1 LapStartTime/Time
2019:Italian Grand Prix:Race,train,2019,Italian Grand Prix,Race,GAS,10,TRUE,TRUE,LAP_CONTEXT_PRESENT,52,52,CACHED_SELECTED_LAP_STREAM,645,18609,15261,2019-09-08T13:13:21.659000,2019-09-08T14:28:54.306000,2019-09-08T13:13:21.454000,2019-09-08T14:28:54.428000,2000.332,6532.979,2000.127,6533.101,1.2590686111111111,1.2591594444444445,1,52,1,52,0.23999999999978172,0.27999999999974534,0.4010000000002947,0,0.0,0,0,0.3000000000001819,0.3000000000001819,0.4000000000005457,0,0.0,0,0,TELEMETRY_COVERAGE_PASS,FastF1 raw Date plus session-relative SessionTime; timezone/latency is not inferred; lap assignment is interval lookup from FastF1 LapStartTime/Time
2019:Italian Grand Prix:Race,train,2019,Italian Grand Prix,Race,GIO,99,TRUE,TRUE,LAP_CONTEXT_PRESENT,52,52,CACHED_SELECTED_LAP_STREAM,640,18596,15250,2019-09-08T13:13:21.659000,2019-09-08T14:28:51.106000,2019-09-08T13:13:21.454000,2019-09-08T14:28:51.129000,2000.332,6529.779,2000.127,6529.802,1.2581797222222222,1.2582430555555553,1,52,1,52,0.23999999999978172,0.27999999999974534,0.4010000000002947,0,0.0,0,0,0.3000000000001819,0.3000000000001819,0.4000000000005457,0,0.0,0,0,TELEMETRY_COVERAGE_PASS,FastF1 raw Date plus session-relative SessionTime; timezone/latency is not inferred; lap assignment is interval lookup from FastF1 LapStartTime/Time
2019:Italian Grand Prix:Race,train,2019,Italian Grand Prix,Race,GRO,8,TRUE,TRUE,LAP_CONTEXT_PRESENT,52,52,CACHED_SELECTED_LAP_STREAM,644,18933,15525,2019-09-08T13:13:21.659000,2019-09-08T14:30:13.027000,2019-09-08T13:13:21.454000,2019-09-08T14:30:12.830000,2000.332,6611.7,2000.127,6611.503,1.2809355555555555,1.2809377777777777,1,52,1,52,0.23999999999978172,0.27999999999974534,0.4010000000002947,0,0.0,0,0,0.3000000000001819,0.3000000000001819,0.4000000000005457,0,0.0,0,0,TELEMETRY_COVERAGE_PASS,FastF1 raw Date plus session-relative SessionTime; timezone/latency is not inferred; lap assignment is interval lookup from FastF1 LapStartTime/Time
2019:Italian Grand Prix:Race,train,2019,Italian Grand Prix,Race,HAM,44,TRUE,TRUE,LAP_CONTEXT_PRESENT,53,53,CACHED_SELECTED_LAP_STREAM,636,18729,15358,2019-09-08T13:13:21.659000,2019-09-08T14:29:23.467000,2019-09-08T13:13:21.454000,2019-09-08T14:29:23.229000,2000.332,6562.14,2000.127,6561.902,1.2671688888888888,1.2671597222222222,1,53,1,53,0.23999999999978172,0.27999999999974534,0.4010000000002947,0,0.0,0,0,0.3000000000001819,0.3000000000001819,0.4000000000005457,0,0.0,0,0,TELEMETRY_COVERAGE_PASS,FastF1 raw Date plus session-relative SessionTime; timezone/latency is not inferred; lap assignment is interval lookup from FastF1 LapStartTime/Time
2019:Italian Grand Prix:Race,train,2019,Italian Grand Prix,Race,HUL,27,TRUE,TRUE,LAP_CONTEXT_PRESENT,53,53,CACHED_SELECTED_LAP_STREAM,641,18824,15436,2019-09-08T13:13:21.659000,2019-09-08T14:29:46.426000,2019-09-08T13:13:21.454000,2019-09-08T14:29:46.429000,2000.332,6585.099,2000.127,6585.102,1.273546388888889,1.2736041666666669,1,53,1,53,0.23999999999978172,0.27999999999974534,0.4010000000002947,0,0.0,0,0,0.3000000000001819,0.3000000000001819,0.4000000000005457,0,0.0,0,0,TELEMETRY_COVERAGE_PASS,FastF1 raw Date plus session-relative SessionTime; timezone/latency is not inferred; lap assignment is interval lookup from FastF1 LapStartTime/Time
2019:Italian Grand Prix:Race,train,2019,Italian Grand Prix,Race,KUB,88,TRUE,TRUE,LAP_CONTEXT_PRESENT,51,51,MISSING_FROM_SUPPLIED_ARCHIVE,0,18696,15332,2019-09-08T13:13:21.659000,2019-09-08T14:29:15.546000,2019-09-08T13:13:21.454000,2019-09-08T14:29:15.528000,2000.332,6554.219,2000.127,6554.201,1.2649686111111111,1.2650205555555556,1,51,1,51,0.23999999999978172,0.27999999999974534,0.4010000000002947,0,0.0,0,0,0.3000000000001819,0.3000000000001819,0.4000000000005457,0,0.0,0,0,TELEMETRY_COVERAGE_PASS,FastF1 raw Date plus session-relative SessionTime; timezone/latency is not inferred; lap assignment is interval lookup from FastF1 LapStartTime/Time
2019:Italian Grand Prix:Race,train,2019,Italian Grand Prix,Race,KVY,26,TRUE,TRUE,LAP_CONTEXT_PRESENT,30,30,MISSING_FROM_SUPPLIED_ARCHIVE,0,11045,9064,2019-09-08T13:13:21.659000,2019-09-08T13:58:13.728000,2019-09-08T13:13:21.454000,2019-09-08T13:58:13.598000,2000.332,4692.401,2000.127,4692.271,0.7477969444444443,0.7478177777777777,1,30,1,30,0.23999999999978172,0.2800000000002001,0.4010000000002947,0,0.0,0,0,0.3000000000001819,0.3000000000001819,0.3010000000003856,0,0.0,0,0,TELEMETRY_COVERAGE_PASS,FastF1 raw Date plus session-relative SessionTime; timezone/latency is not inferred; lap assignment is interval lookup from FastF1 LapStartTime/Time
2019:Italian Grand Prix:Race,train,2019,Italian Grand Prix,Race,LEC,16,TRUE,TRUE,LAP_CONTEXT_PRESENT,53,53,MISSING_FROM_SUPPLIED_ARCHIVE,0,18584,15240,2019-09-08T13:13:21.659000,2019-09-08T14:28:48.266000,2019-09-08T13:13:21.454000,2019-09-08T14:28:48.228000,2000.332,6526.939,2000.127,6526.901,1.2573908333333332,1.257437222222222,1,53,1,53,0.23999999999978172,0.27999999999974534,0.4010000000002947,0,0.0,0,0,0.3000000000001819,0.3000000000001819,0.4000000000005457,0,0.0,0,0,TELEMETRY_COVERAGE_PASS,FastF1 raw Date plus session-relative SessionTime; timezone/latency is not inferred; lap assignment is interval lookup from FastF1 LapStartTime/Time
2019:Italian Grand Prix:Race,train,2019,Italian Grand Prix,Race,MAG,20,TRUE,TRUE,LAP_CONTEXT_PRESENT,43,43,MISSING_FROM_SUPPLIED_ARCHIVE,0,15642,12829,2019-09-08T13:13:21.659000,2019-09-08T14:16:52.019000,2019-09-08T13:13:21.454000,2019-09-08T14:16:51.917000,2000.332,5810.692,2000.127,5810.59,1.0584333333333333,1.0584619444444445,1,43,1,43,0.23999999999978172,0.27999999999974534,0.4010000000002947,0,0.0,0,0,0.3000000000001819,0.3000000000001819,0.4000000000005457,0,0.0,0,0,TELEMETRY_COVERAGE_PASS,FastF1 raw Date plus session-relative SessionTime; timezone/latency is not inferred; lap assignment is interval lookup from FastF1 LapStartTime/Time
2019:Italian Grand Prix:Race,train,2019,Italian Grand Prix,Race,NOR,4,TRUE,TRUE,LAP_CONTEXT_PRESENT,52,52,MISSING_FROM_SUPPLIED_ARCHIVE,0,18602,15255,2019-09-08T13:13:21.659000,2019-09-08T14:28:52.586000,2019-09-08T13:13:21.454000,2019-09-08T14:28:52.629000,2000.332,6531.259,2000.127,6531.302,1.2585908333333333,1.258659722222222,1,52,1,52,0.23999999999978172,0.27999999999974534,0.4010000000002947,0,0.0,0,0,0.3000000000001819,0.3000000000001819,0.4000000000005457,0,0.0,0,0,TELEMETRY_COVERAGE_PASS,FastF1 raw Date plus session-relative SessionTime; timezone/latency is not inferred; lap assignment is interval lookup from FastF1 LapStartTime/Time
2019:Italian Grand Prix:Race,train,2019,Italian Grand Prix,Race,PER,11,TRUE,TRUE,LAP_CONTEXT_PRESENT,53,53,MISSING_FROM_SUPPLIED_ARCHIVE,0,18888,15488,2019-09-08T13:13:21.659000,2019-09-08T14:30:02.027000,2019-09-08T13:13:21.454000,2019-09-08T14:30:01.829000,2000.332,6600.7,2000.127,6600.502,1.27788,1.2778819444444445,1,53,1,53,0.23999999999978172,0.27999999999974534,0.4010000000002947,0,0.0,0,0,0.3000000000001819,0.3000000000001819,0.4000000000005457,0,0.0,0,0,TELEMETRY_COVERAGE_PASS,FastF1 raw Date plus session-relative SessionTime; timezone/latency is not inferred; lap assignment is interval lookup from FastF1 LapStartTime/Time
2019:Italian Grand Prix:Race,train,2019,Italian Grand Prix,Race,RAI,7,TRUE,TRUE,LAP_CONTEXT_PRESENT,52,52,MISSING_FROM_SUPPLIED_ARCHIVE,0,18852,15459,2019-09-08T13:13:21.659000,2019-09-08T14:29:53.347000,2019-09-08T13:13:21.454000,2019-09-08T14:29:53.229000,2000.332,6592.02,2000.127,6591.902,1.275468888888889,1.2754930555555555,1,52,1,52,0.23999999999978172,0.27999999999974534,0.4010000000002947,0,0.0,0,0,0.3000000000001819,0.3000000000001819,0.4000000000005457,0,0.0,0,0,TELEMETRY_COVERAGE_PASS,FastF1 raw Date plus session-relative SessionTime; timezone/latency is not inferred; lap assignment is interval lookup from FastF1 LapStartTime/Time
2019:Italian Grand Prix:Race,train,2019,Italian Grand Prix,Race,RIC,3,TRUE,TRUE,LAP_CONTEXT_PRESENT,53,53,MISSING_FROM_SUPPLIED_ARCHIVE,0,18771,15393,2019-09-08T13:13:21.659000,2019-09-08T14:29:33.666000,2019-09-08T13:13:21.454000,2019-09-08T14:29:33.629000,2000.332,6572.339,2000.127,6572.302,1.2700019444444444,1.270048611111111,1,53,1,53,0.23999999999978172,0.27999999999974534,0.4010000000002947,0,0.0,0,0,0.3000000000001819,0.3000000000001819,0.4000000000005457,0,0.0,0,0,TELEMETRY_COVERAGE_PASS,FastF1 raw Date plus session-relative SessionTime; timezone/latency is not inferred; lap assignment is interval lookup from FastF1 LapStartTime/Time
2019:Italian Grand Prix:Race,train,2019,Italian Grand Prix,Race,RUS,63,TRUE,TRUE,LAP_CONTEXT_PRESENT,52,52,MISSING_FROM_SUPPLIED_ARCHIVE,0,18752,15377,2019-09-08T13:13:21.659000,2019-09-08T14:29:28.987000,2019-09-08T13:13:21.454000,2019-09-08T14:29:28.929000,2000.332,6567.66,2000.127,6567.602,1.2687022222222222,1.2687430555555557,1,52,1,52,0.23999999999978172,0.27999999999974534,0.4010000000002947,0,0.0,0,0,0.3000000000001819,0.3000000000001819,0.4000000000005457,0,0.0,0,0,TELEMETRY_COVERAGE_PASS,FastF1 raw Date plus session-relative SessionTime; timezone/latency is not inferred; lap assignment is interval lookup from FastF1 LapStartTime/Time
2019:Italian Grand Prix:Race,train,2019,Italian Grand Prix,Race,SAI,55,TRUE,TRUE,LAP_CONTEXT_PRESENT,27,27,MISSING_FROM_SUPPLIED_ARCHIVE,0,9585,7863,2019-09-08T13:13:21.659000,2019-09-08T13:52:16.964000,2019-09-08T13:13:21.454000,2019-09-08T13:52:16.792000,2000.332,4335.637,2000.127,4335.465,0.6486958333333331,0.6487050000000001,1,27,1,27,0.23999999999978172,0.2800000000002001,0.4010000000002947,0,0.0,0,0,0.3000000000001819,0.3000000000001819,0.3010000000003856,0,0.0,0,0,TELEMETRY_COVERAGE_PASS,FastF1 raw Date plus session-relative SessionTime; timezone/latency is not inferred; lap assignment is interval lookup from FastF1 LapStartTime/Time
2019:Italian Grand Prix:Race,train,2019,Italian Grand Prix,Race,STR,18,TRUE,TRUE,LAP_CONTEXT_PRESENT,52,52,MISSING_FROM_SUPPLIED_ARCHIVE,0,18662,15304,2019-09-08T13:13:21.659000,2019-09-08T14:29:07.186000,2019-09-08T13:13:21.454000,2019-09-08T14:29:07.229000,2000.332,6545.859,2000.127,6545.902,1.2626463888888888,1.2627152777777777,1,52,1,52,0.23999999999978172,0.27999999999974534,0.4010000000002947,0,0.0,0,0,0.3000000000001819,0.3000000000001819,0.4000000000005457,0,0.0,0,0,TELEMETRY_COVERAGE_PASS,FastF1 raw Date plus session-relative SessionTime; timezone/latency is not inferred; lap assignment is interval lookup from FastF1 LapStartTime/Time
2019:Italian Grand Prix:Race,train,2019,Italian Grand Prix,Race,VER,33,TRUE,TRUE,LAP_CONTEXT_PRESENT,53,53,MISSING_FROM_SUPPLIED_ARCHIVE,0,18891,15491,2019-09-08T13:13:21.659000,2019-09-08T14:30:02.747000,2019-09-08T13:13:21.454000,2019-09-08T14:30:02.730000,2000.332,6601.42,2000.127,6601.403,1.2780799999999999,1.2781322222222222,1,53,1,53,0.23999999999978172,0.27999999999974534,0.4010000000002947,0,0.0,0,0,0.3000000000001819,0.3000000000001819,0.4000000000005457,0,0.0,0,0,TELEMETRY_COVERAGE_PASS,FastF1 raw Date plus session-relative SessionTime; timezone/latency is not inferred; lap assignment is interval lookup from FastF1 LapStartTime/Time
2019:Italian Grand Prix:Race,train,2019,Italian Grand Prix,Race,VET,5,TRUE,TRUE,LAP_CONTEXT_PRESENT,52,52,MISSING_FROM_SUPPLIED_ARCHIVE,0,18745,15372,2019-09-08T13:13:21.659000,2019-09-08T14:29:27.346000,2019-09-08T13:13:21.454000,2019-09-08T14:29:27.429000,2000.332,6566.019,2000.127,6566.102,1.2682463888888889,1.268326388888889,1,52,1,52,0.23999999999978172,0.27999999999974534,0.4010000000002947,0,0.0,0,0,0.3000000000001819,0.3000000000001819,0.4000000000005457,0,0.0,0,0,TELEMETRY_COVERAGE_PASS,FastF1 raw Date plus session-relative SessionTime; timezone/latency is not inferred; lap assignment is interval lookup from FastF1 LapStartTime/Time
2019:Brazilian Grand Prix:Race,train,2019,Brazilian Grand Prix,Race,ALB,23,TRUE,TRUE,LAP_CONTEXT_PRESENT,71,71,CACHED_SELECTED_LAP_STREAM,559,23464,18885,2019-11-17T17:13:00.289000,2019-11-17T18:46:29.696000,2019-11-17T17:13:00.233000,2019-11-17T18:46:29.628000,1979.473,7588.88,1979.417,7588.812,1.558168611111111,1.558165277777778,1,71,1,71,0.23999999999978172,0.2790000000004511,0.40099999999983993,0,0.0,0,0,0.3000000000001819,0.3000000000001819,0.3999999999996362,0,0.0,0,0,TELEMETRY_COVERAGE_PASS,FastF1 raw Date plus session-relative SessionTime; timezone/latency is not inferred; lap assignment is interval lookup from FastF1 LapStartTime/Time
2019:Brazilian Grand Prix:Race,train,2019,Brazilian Grand Prix,Race,BOT,77,TRUE,TRUE,LAP_CONTEXT_PRESENT,52,52,CACHED_SELECTED_LAP_STREAM,559,16460,13299,2019-11-17T17:13:00.289000,2019-11-17T18:18:50.318000,2019-11-17T17:13:00.233000,2019-11-17T18:18:50.300000,1979.473,5929.502,1979.417,5929.484,1.0972302777777778,1.0972408333333334,1,52,1,52,0.23999999999978172,0.27999999999974534,0.40000000000009095,0,0.0,0,0,0.3000000000001819,0.3000000000001819,0.3999999999996362,0,0.0,0,0,TELEMETRY_COVERAGE_PASS,FastF1 raw Date plus session-relative SessionTime; timezone/latency is not inferred; lap assignment is interval lookup from FastF1 LapStartTime/Time
2019:Brazilian Grand Prix:Race,train,2019,Brazilian Grand Prix,Race,GAS,10,TRUE,TRUE,LAP_CONTEXT_PRESENT,71,71,CACHED_SELECTED_LAP_STREAM,564,23426,18855,2019-11-17T17:13:00.289000,2019-11-17T18:46:20.696000,2019-11-17T17:13:00.233000,2019-11-17T18:46:20.728000,1979.473,7579.88,1979.417,7579.912,1.555668611111111,1.5556930555555557,1,71,1,71,0.23999999999978172,0.2790000000004511,0.40099999999983993,0,0.0,0,0,0.3000000000001819,0.3000000000001819,0.3999999999996362,0,0.0,0,0,TELEMETRY_COVERAGE_PASS,FastF1 raw Date plus session-relative SessionTime; timezone/latency is not inferred; lap assignment is interval lookup from FastF1 LapStartTime/Time
2019:Brazilian Grand Prix:Race,train,2019,Brazilian Grand Prix,Race,GIO,99,TRUE,TRUE,LAP_CONTEXT_PRESENT,71,71,CACHED_SELECTED_LAP_STREAM,565,23444,18869,2019-11-17T17:13:00.289000,2019-11-17T18:46:24.976000,2019-11-17T17:13:00.233000,2019-11-17T18:46:24.928000,1979.473,7584.16,1979.417,7584.112,1.5568575,1.5568597222222222,1,71,1,71,0.23999999999978172,0.2790000000004511,0.40099999999983993,0,0.0,0,0,0.3000000000001819,0.3000000000001819,0.3999999999996362,0,0.0,0,0,TELEMETRY_COVERAGE_PASS,FastF1 raw Date plus session-relative SessionTime; timezone/latency is not inferred; lap assignment is interval lookup from FastF1 LapStartTime/Time
2019:Brazilian Grand Prix:Race,train,2019,Brazilian Grand Prix,Race,GRO,8,TRUE,TRUE,LAP_CONTEXT_PRESENT,71,71,CACHED_SELECTED_LAP_STREAM,567,23461,18883,2019-11-17T17:13:00.289000,2019-11-17T18:46:28.976000,2019-11-17T17:13:00.233000,2019-11-17T18:46:29.028000,1979.473,7588.16,1979.417,7588.212,1.557968611111111,1.557998611111111,1,71,1,71,0.23999999999978172,0.2790000000004511,0.40099999999983993,0,0.0,0,0,0.3000000000001819,0.3000000000001819,0.3999999999996362,0,0.0,0,0,TELEMETRY_COVERAGE_PASS,FastF1 raw Date plus session-relative SessionTime; timezone/latency is not inferred; lap assignment is interval lookup from FastF1 LapStartTime/Time
2019:Brazilian Grand Prix:Race,train,2019,Brazilian Grand Prix,Race,HAM,44,TRUE,TRUE,LAP_CONTEXT_PRESENT,71,71,CACHED_SELECTED_LAP_STREAM,555,23427,18855,2019-11-17T17:13:00.289000,2019-11-17T18:46:20.935000,2019-11-17T17:13:00.233000,2019-11-17T18:46:20.728000,1979.473,7580.119,1979.417,7579.912,1.5557349999999999,1.5556930555555557,1,71,1,71,0.23999999999978172,0.2790000000004511,0.40099999999983993,0,0.0,0,0,0.3000000000001819,0.3000000000001819,0.3999999999996362,0,0.0,0,0,TELEMETRY_COVERAGE_PASS,FastF1 raw Date plus session-relative SessionTime; timezone/latency is not inferred; lap assignment is interval lookup from FastF1 LapStartTime/Time
2019:Brazilian Grand Prix:Race,train,2019,Brazilian Grand Prix,Race,HUL,27,TRUE,TRUE,LAP_CONTEXT_PRESENT,71,71,CACHED_SELECTED_LAP_STREAM,569,23456,18879,2019-11-17T17:13:00.289000,2019-11-17T18:46:27.816000,2019-11-17T17:13:00.233000,2019-11-17T18:46:27.829000,1979.473,7587.0,1979.417,7587.013,1.557646388888889,1.5576655555555554,1,71,1,71,0.23999999999978172,0.2790000000004511,0.40099999999983993,0,0.0,0,0,0.3000000000001819,0.3000000000001819,0.3999999999996362,0,0.0,0,0,TELEMETRY_COVERAGE_PASS,FastF1 raw Date plus session-relative SessionTime; timezone/latency is not inferred; lap assignment is interval lookup from FastF1 LapStartTime/Time
2019:Brazilian Grand Prix:Race,train,2019,Brazilian Grand Prix,Race,KUB,88,TRUE,TRUE,LAP_CONTEXT_PRESENT,70,70,CACHED_SELECTED_LAP_STREAM,579,23477,18895,2019-11-17T17:13:00.289000,2019-11-17T18:46:32.816000,2019-11-17T17:13:00.233000,2019-11-17T18:46:32.628000,1979.473,7592.0,1979.417,7591.812,1.5590352777777778,1.5589986111111112,1,70,1,70,0.23999999999978172,0.2790000000004511,0.40099999999983993,0,0.0,0,0,0.3000000000001819,0.3000000000001819,0.3999999999996362,0,0.0,0,0,TELEMETRY_COVERAGE_PASS,FastF1 raw Date plus session-relative SessionTime; timezone/latency is not inferred; lap assignment is interval lookup from FastF1 LapStartTime/Time
2019:Brazilian Grand Prix:Race,train,2019,Brazilian Grand Prix,Race,KVY,26,TRUE,TRUE,LAP_CONTEXT_PRESENT,71,71,CACHED_SELECTED_LAP_STREAM,568,23451,18875,2019-11-17T17:13:00.289000,2019-11-17T18:46:26.615000,2019-11-17T17:13:00.233000,2019-11-17T18:46:26.728000,1979.473,7585.799,1979.417,7585.912,1.5573127777777778,1.5573597222222224,1,71,1,71,0.23999999999978172,0.2790000000004511,0.40099999999983993,0,0.0,0,0,0.3000000000001819,0.3000000000001819,0.3999999999996362,0,0.0,0,0,TELEMETRY_COVERAGE_PASS,FastF1 raw Date plus session-relative SessionTime; timezone/latency is not inferred; lap assignment is interval lookup from FastF1 LapStartTime/Time
2019:Brazilian Grand Prix:Race,train,2019,Brazilian Grand Prix,Race,LEC,16,TRUE,TRUE,LAP_CONTEXT_PRESENT,66,66,CACHED_SELECTED_LAP_STREAM,556,21549,17358,2019-11-17T17:13:00.289000,2019-11-17T18:38:55.931000,2019-11-17T17:13:00.233000,2019-11-17T18:38:56.020000,1979.473,7135.115,1979.417,7135.204,1.4321227777777776,1.4321630555555556,1,66,1,66,0.23999999999978172,0.2790000000004511,0.40099999999983993,0,0.0,0,0,0.3000000000001819,0.3000000000001819,0.3999999999996362,0,0.0,0,0,TELEMETRY_COVERAGE_PASS,FastF1 raw Date plus session-relative SessionTime; timezone/latency is not inferred; lap assignment is interval lookup from FastF1 LapStartTime/Time
2019:Brazilian Grand Prix:Race,train,2019,Brazilian Grand Prix,Race,MAG,20,TRUE,TRUE,LAP_CONTEXT_PRESENT,71,71,CACHED_SELECTED_LAP_STREAM,568,23454,18877,2019-11-17T17:13:00.289000,2019-11-17T18:46:27.296000,2019-11-17T17:13:00.233000,2019-11-17T18:46:27.328000,1979.473,7586.48,1979.417,7586.512,1.5575019444444442,1.5575263888888886,1,71,1,71,0.23999999999978172,0.2790000000004511,0.40099999999983993,0,0.0,0,0,0.3000000000001819,0.3000000000001819,0.3999999999996362,0,0.0,0,0,TELEMETRY_COVERAGE_PASS,FastF1 raw Date plus session-relative SessionTime; timezone/latency is not inferred; lap assignment is interval lookup from FastF1 LapStartTime/Time
2019:Brazilian Grand Prix:Race,train,2019,Brazilian Grand Prix,Race,NOR,4,TRUE,TRUE,LAP_CONTEXT_PRESENT,71,71,CACHED_SELECTED_LAP_STREAM,570,23448,18872,2019-11-17T17:13:00.289000,2019-11-17T18:46:25.897000,2019-11-17T17:13:00.233000,2019-11-17T18:46:25.828000,1979.473,7585.081,1979.417,7585.012,1.5571133333333333,1.557109722222222,1,71,1,71,0.23999999999978172,0.2790000000004511,0.40099999999983993,0,0.0,0,0,0.3000000000001819,0.3000000000001819,0.3999999999996362,0,0.0,0,0,TELEMETRY_COVERAGE_PASS,FastF1 raw Date plus session-relative SessionTime; timezone/latency is not inferred; lap assignment is interval lookup from FastF1 LapStartTime/Time
2019:Brazilian Grand Prix:Race,train,2019,Brazilian Grand Prix,Race,PER,11,TRUE,TRUE,LAP_CONTEXT_PRESENT,71,71,CACHED_SELECTED_LAP_STREAM,568,23449,18873,2019-11-17T17:13:00.289000,2019-11-17T18:46:26.136000,2019-11-17T17:13:00.233000,2019-11-17T18:46:26.128000,1979.473,7585.32,1979.417,7585.312,1.5571797222222221,1.5571930555555558,1,71,1,71,0.23999999999978172,0.2790000000004511,0.40099999999983993,0,0.0,0,0,0.3000000000001819,0.3000000000001819,0.3999999999996362,0,0.0,0,0,TELEMETRY_COVERAGE_PASS,FastF1 raw Date plus session-relative SessionTime; timezone/latency is not inferred; lap assignment is interval lookup from FastF1 LapStartTime/Time
2019:Brazilian Grand Prix:Race,train,2019,Brazilian Grand Prix,Race,RAI,7,TRUE,TRUE,LAP_CONTEXT_PRESENT,71,71,CACHED_SELECTED_LAP_STREAM,566,23441,18866,2019-11-17T17:13:00.289000,2019-11-17T18:46:24.256000,2019-11-17T17:13:00.233000,2019-11-17T18:46:24.028000,1979.473,7583.44,1979.417,7583.212,1.5566574999999998,1.5566097222222222,1,71,1,71,0.23999999999978172,0.2790000000004511,0.40099999999983993,0,0.0,0,0,0.3000000000001819,0.3000000000001819,0.3999999999996362,0,0.0,0,0,TELEMETRY_COVERAGE_PASS,FastF1 raw Date plus session-relative SessionTime; timezone/latency is not inferred; lap assignment is interval lookup from FastF1 LapStartTime/Time
2019:Brazilian Grand Prix:Race,train,2019,Brazilian Grand Prix,Race,RIC,3,TRUE,TRUE,LAP_CONTEXT_PRESENT,71,71,CACHED_SELECTED_LAP_STREAM,559,23446,18870,2019-11-17T17:13:00.289000,2019-11-17T18:46:25.456000,2019-11-17T17:13:00.233000,2019-11-17T18:46:25.228000,1979.473,7584.64,1979.417,7584.412,1.5569908333333335,1.5569430555555557,1,71,1,71,0.23999999999978172,0.2790000000004511,0.40099999999983993,0,0.0,0,0,0.3000000000001819,0.3000000000001819,0.3999999999996362,0,0.0,0,0,TELEMETRY_COVERAGE_PASS,FastF1 raw Date plus session-relative SessionTime; timezone/latency is not inferred; lap assignment is interval lookup from FastF1 LapStartTime/Time
2019:Brazilian Grand Prix:Race,train,2019,Brazilian Grand Prix,Race,RUS,63,TRUE,TRUE,LAP_CONTEXT_PRESENT,71,71,CACHED_SELECTED_LAP_STREAM,581,23458,18881,2019-11-17T17:13:00.289000,2019-11-17T18:46:28.296000,2019-11-17T17:13:00.233000,2019-11-17T18:46:28.428000,1979.473,7587.48,1979.417,7587.612,1.557779722222222,1.5578319444444444,1,71,1,71,0.23999999999978172,0.2790000000004511,0.40099999999983993,0,0.0,0,0,0.3000000000001819,0.3000000000001819,0.3999999999996362,0,0.0,0,0,TELEMETRY_COVERAGE_PASS,FastF1 raw Date plus session-relative SessionTime; timezone/latency is not inferred; lap assignment is interval lookup from FastF1 LapStartTime/Time
2019:Brazilian Grand Prix:Race,train,2019,Brazilian Grand Prix,Race,SAI,55,TRUE,TRUE,LAP_CONTEXT_PRESENT,71,71,CACHED_SELECTED_LAP_STREAM,566,23438,18865,2019-11-17T17:13:00.289000,2019-11-17T18:46:23.536000,2019-11-17T17:13:00.233000,2019-11-17T18:46:23.728000,1979.473,7582.72,1979.417,7582.912,1.5564575,1.5565263888888892,1,71,1,71,0.23999999999978172,0.2790000000004511,0.40099999999983993,0,0.0,0,0,0.3000000000001819,0.3000000000001819,0.3999999999996362,0,0.0,0,0,TELEMETRY_COVERAGE_PASS,FastF1 raw Date plus session-relative SessionTime; timezone/latency is not inferred; lap assignment is interval lookup from FastF1 LapStartTime/Time
2019:Brazilian Grand Prix:Race,train,2019,Brazilian Grand Prix,Race,STR,18,TRUE,TRUE,LAP_CONTEXT_PRESENT,66,66,CACHED_SELECTED_LAP_STREAM,567,21627,17420,2019-11-17T17:13:00.289000,2019-11-17T18:39:14.331000,2019-11-17T17:13:00.233000,2019-11-17T18:39:14.421000,1979.473,7153.515,1979.417,7153.605,1.437233888888889,1.4372744444444445,1,66,1,66,0.23999999999978172,0.2790000000004511,0.40099999999983993,0,0.0,0,0,0.3000000000001819,0.3000000000001819,0.3999999999996362,0,0.0,0,0,TELEMETRY_COVERAGE_PASS,FastF1 raw Date plus session-relative SessionTime; timezone/latency is not inferred; lap assignment is interval lookup from FastF1 LapStartTime/Time
2019:Brazilian Grand Prix:Race,train,2019,Brazilian Grand Prix,Race,VER,33,TRUE,TRUE,LAP_CONTEXT_PRESENT,71,71,CACHED_SELECTED_LAP_STREAM,555,23401,18835,2019-11-17T17:13:00.289000,2019-11-17T18:46:14.736000,2019-11-17T17:13:00.233000,2019-11-17T18:46:14.728000,1979.473,7573.92,1979.417,7573.912,1.5540130555555556,1.5540263888888892,1,71,1,71,0.23999999999978172,0.2790000000004511,0.40099999999983993,0,0.0,0,0,0.3000000000001819,0.3000000000001819,0.3999999999996362,0,0.0,0,0,TELEMETRY_COVERAGE_PASS,FastF1 raw Date plus session-relative SessionTime; timezone/latency is not inferred; lap assignment is interval lookup from FastF1 LapStartTime/Time
2019:Brazilian Grand Prix:Race,train,2019,Brazilian Grand Prix,Race,VET,5,TRUE,TRUE,LAP_CONTEXT_PRESENT,66,66,CACHED_SELECTED_LAP_STREAM,555,21547,17356,2019-11-17T17:13:00.289000,2019-11-17T18:38:55.452000,2019-11-17T17:13:00.233000,2019-11-17T18:38:55.420000,1979.473,7134.636,1979.417,7134.604,1.4319897222222224,1.431996388888889,1,66,1,66,0.23999999999978172,0.2790000000004511,0.40099999999983993,0,0.0,0,0,0.3000000000001819,0.3000000000001819,0.3999999999996362,0,0.0,0,0,TELEMETRY_COVERAGE_PASS,FastF1 raw Date plus session-relative SessionTime; timezone/latency is not inferred; lap assignment is interval lookup from FastF1 LapStartTime/Time
2019:Abu Dhabi Grand Prix:Race,train,2019,Abu Dhabi Grand Prix,Race,ALB,23,TRUE,TRUE,LAP_CONTEXT_PRESENT,55,55,CACHED_SELECTED_LAP_STREAM,791,23865,19241,2019-12-01T13:13:31.491000,2019-12-01T14:48:46.311000,2019-12-01T13:13:31.690000,2019-12-01T14:48:46.487000,2011.288,7726.108,2011.487,7726.284,1.58745,1.587443611111111,1,55,1,55,0.23999999999978172,0.27999999999974534,0.4410000000002583,0,0.0,0,0,0.3000000000001819,0.3000000000001819,0.3010000000003856,0,0.0,0,0,TELEMETRY_COVERAGE_PASS,FastF1 raw Date plus session-relative SessionTime; timezone/latency is not inferred; lap assignment is interval lookup from FastF1 LapStartTime/Time
2019:Abu Dhabi Grand Prix:Race,train,2019,Abu Dhabi Grand Prix,Race,BOT,77,TRUE,TRUE,LAP_CONTEXT_PRESENT,55,55,CACHED_SELECTED_LAP_STREAM,797,23761,19157,2019-12-01T13:13:31.491000,2019-12-01T14:48:21.551000,2019-12-01T13:13:31.690000,2019-12-01T14:48:21.586000,2011.288,7701.348,2011.487,7701.383,1.580572222222222,1.5805266666666666,1,55,1,55,0.23999999999978172,0.27999999999974534,0.4410000000002583,0,0.0,0,0,0.3000000000001819,0.3000000000001819,0.3010000000003856,0,0.0,0,0,TELEMETRY_COVERAGE_PASS,FastF1 raw Date plus session-relative SessionTime; timezone/latency is not inferred; lap assignment is interval lookup from FastF1 LapStartTime/Time
2019:Abu Dhabi Grand Prix:Race,train,2019,Abu Dhabi Grand Prix,Race,GAS,10,TRUE,TRUE,LAP_CONTEXT_PRESENT,53,53,CACHED_SELECTED_LAP_STREAM,797,23623,19046,2019-12-01T13:13:31.491000,2019-12-01T14:47:48.351000,2019-12-01T13:13:31.690000,2019-12-01T14:47:48.586000,2011.288,7668.148,2011.487,7668.383,1.5713500000000002,1.5713599999999999,1,53,1,53,0.23999999999978172,0.27999999999974534,0.4410000000002583,0,0.0,0,0,0.3000000000001819,0.3000000000001819,0.3010000000003856,0,0.0,0,0,TELEMETRY_COVERAGE_PASS,FastF1 raw Date plus session-relative SessionTime; timezone/latency is not inferred; lap assignment is interval lookup from FastF1 LapStartTime/Time
2019:Abu Dhabi Grand Prix:Race,train,2019,Abu Dhabi Grand Prix,Race,GIO,99,TRUE,TRUE,LAP_CONTEXT_PRESENT,54,54,CACHED_SELECTED_LAP_STREAM,795,23940,19300,2019-12-01T13:13:31.491000,2019-12-01T14:49:04.032000,2019-12-01T13:13:31.690000,2019-12-01T14:49:03.987000,2011.288,7743.829,2011.487,7743.784,1.5923724999999997,1.5923047222222222,1,54,1,54,0.23999999999978172,0.27999999999974534,0.4410000000002583,0,0.0,0,0,0.3000000000001819,0.3000000000001819,0.3010000000003856,0,0.0,0,0,TELEMETRY_COVERAGE_PASS,FastF1 raw Date plus session-relative SessionTime; timezone/latency is not inferred; lap assignment is interval lookup from FastF1 LapStartTime/Time
2019:Abu Dhabi Grand Prix:Race,train,2019,Abu Dhabi Grand Prix,Race,GRO,8,TRUE,TRUE,LAP_CONTEXT_PRESENT,54,54,CACHED_SELECTED_LAP_STREAM,805,23889,19259,2019-12-01T13:13:31.491000,2019-12-01T14:48:51.952000,2019-12-01T13:13:31.690000,2019-12-01T14:48:51.887000,2011.288,7731.749,2011.487,7731.684,1.5890169444444442,1.588943611111111,1,54,1,54,0.23999999999978172,0.27999999999974534,0.4410000000002583,0,0.0,0,0,0.3000000000001819,0.3000000000001819,0.3010000000003856,0,0.0,0,0,TELEMETRY_COVERAGE_PASS,FastF1 raw Date plus session-relative SessionTime; timezone/latency is not inferred; lap assignment is interval lookup from FastF1 LapStartTime/Time
2019:Abu Dhabi Grand Prix:Race,train,2019,Abu Dhabi Grand Prix,Race,HAM,44,TRUE,TRUE,LAP_CONTEXT_PRESENT,55,55,CACHED_SELECTED_LAP_STREAM,779,23576,19007,2019-12-01T13:13:31.491000,2019-12-01T14:47:37.190000,2019-12-01T13:13:31.690000,2019-12-01T14:47:37.085000,2011.288,7656.987,2011.487,7656.882,1.5682497222222225,1.5681652777777777,1,55,1,55,0.23999999999978172,0.27999999999974534,0.4410000000002583,0,0.0,0,0,0.3000000000001819,0.3000000000001819,0.3010000000003856,0,0.0,0,0,TELEMETRY_COVERAGE_PASS,FastF1 raw Date plus session-relative SessionTime; timezone/latency is not inferred; lap assignment is interval lookup from FastF1 LapStartTime/Time
2019:Abu Dhabi Grand Prix:Race,train,2019,Abu Dhabi Grand Prix,Race,HUL,27,TRUE,TRUE,LAP_CONTEXT_PRESENT,54,54,CACHED_SELECTED_LAP_STREAM,798,23715,19120,2019-12-01T13:13:31.491000,2019-12-01T14:48:10.472000,2019-12-01T13:13:31.690000,2019-12-01T14:48:10.586000,2011.288,7690.269,2011.487,7690.383,1.5774947222222222,1.577471111111111,1,54,1,54,0.23999999999978172,0.27999999999974534,0.4410000000002583,0,0.0,0,0,0.3000000000001819,0.3000000000001819,0.3010000000003856,0,0.0,0,0,TELEMETRY_COVERAGE_PASS,FastF1 raw Date plus session-relative SessionTime; timezone/latency is not inferred; lap assignment is interval lookup from FastF1 LapStartTime/Time
2019:Abu Dhabi Grand Prix:Race,train,2019,Abu Dhabi Grand Prix,Race,KUB,88,TRUE,TRUE,LAP_CONTEXT_PRESENT,53,53,CACHED_SELECTED_LAP_STREAM,806,23675,19087,2019-12-01T13:13:31.491000,2019-12-01T14:48:00.911000,2019-12-01T13:13:31.690000,2019-12-01T14:48:00.786000,2011.288,7680.708,2011.487,7680.583,1.574838888888889,1.5747488888888888,1,53,1,53,0.23999999999978172,0.27999999999974534,0.4410000000002583,0,0.0,0,0,0.3000000000001819,0.3000000000001819,0.3010000000003856,0,0.0,0,0,TELEMETRY_COVERAGE_PASS,FastF1 raw Date plus session-relative SessionTime; timezone/latency is not inferred; lap assignment is interval lookup from FastF1 LapStartTime/Time
2019:Abu Dhabi Grand Prix:Race,train,2019,Abu Dhabi Grand Prix,Race,KVY,26,TRUE,TRUE,LAP_CONTEXT_PRESENT,54,54,CACHED_SELECTED_LAP_STREAM,800,23691,19100,2019-12-01T13:13:31.491000,2019-12-01T14:48:04.630000,2019-12-01T13:13:31.690000,2019-12-01T14:48:04.586000,2011.288,7684.427,2011.487,7684.383,1.5758719444444442,1.5758044444444443,1,54,1,54,0.23999999999978172,0.27999999999974534,0.4410000000002583,0,0.0,0,0,0.3000000000001819,0.3000000000001819,0.3010000000003856,0,0.0,0,0,TELEMETRY_COVERAGE_PASS,FastF1 raw Date plus session-relative SessionTime; timezone/latency is not inferred; lap assignment is interval lookup from FastF1 LapStartTime/Time
2019:Abu Dhabi Grand Prix:Race,train,2019,Abu Dhabi Grand Prix,Race,LEC,16,TRUE,TRUE,LAP_CONTEXT_PRESENT,55,55,CACHED_SELECTED_LAP_STREAM,783,23757,19154,2019-12-01T13:13:31.491000,2019-12-01T14:48:20.591000,2019-12-01T13:13:31.690000,2019-12-01T14:48:20.686000,2011.288,7700.388,2011.487,7700.483,1.5803055555555556,1.5802766666666668,1,55,1,55,0.23999999999978172,0.27999999999974534,0.4410000000002583,0,0.0,0,0,0.3000000000001819,0.3000000000001819,0.3010000000003856,0,0.0,0,0,TELEMETRY_COVERAGE_PASS,FastF1 raw Date plus session-relative SessionTime; timezone/latency is not inferred; lap assignment is interval lookup from FastF1 LapStartTime/Time
2019:Abu Dhabi Grand Prix:Race,train,2019,Abu Dhabi Grand Prix,Race,MAG,20,TRUE,TRUE,LAP_CONTEXT_PRESENT,54,54,CACHED_SELECTED_LAP_STREAM,802,23809,19195,2019-12-01T13:13:31.491000,2019-12-01T14:48:33.031000,2019-12-01T13:13:31.690000,2019-12-01T14:48:32.886000,2011.288,7712.828,2011.487,7712.683,1.5837611111111114,1.5836655555555554,1,54,1,54,0.23999999999978172,0.27999999999974534,0.4410000000002583,0,0.0,0,0,0.3000000000001819,0.3000000000001819,0.3010000000003856,0,0.0,0,0,TELEMETRY_COVERAGE_PASS,FastF1 raw Date plus session-relative SessionTime; timezone/latency is not inferred; lap assignment is interval lookup from FastF1 LapStartTime/Time
2019:Abu Dhabi Grand Prix:Race,train,2019,Abu Dhabi Grand Prix,Race,NOR,4,TRUE,TRUE,LAP_CONTEXT_PRESENT,54,54,CACHED_SELECTED_LAP_STREAM,790,23686,19096,2019-12-01T13:13:31.491000,2019-12-01T14:48:03.471000,2019-12-01T13:13:31.690000,2019-12-01T14:48:03.485000,2011.288,7683.268,2011.487,7683.282,1.5755499999999998,1.5754986111111111,1,54,1,54,0.23999999999978172,0.27999999999974534,0.4410000000002583,0,0.0,0,0,0.3000000000001819,0.3000000000001819,0.3010000000003856,0,0.0,0,0,TELEMETRY_COVERAGE_PASS,FastF1 raw Date plus session-relative SessionTime; timezone/latency is not inferred; lap assignment is interval lookup from FastF1 LapStartTime/Time
2019:Abu Dhabi Grand Prix:Race,train,2019,Abu Dhabi Grand Prix,Race,PER,11,TRUE,TRUE,LAP_CONTEXT_PRESENT,54,54,CACHED_SELECTED_LAP_STREAM,794,23680,19091,2019-12-01T13:13:31.491000,2019-12-01T14:48:02.071000,2019-12-01T13:13:31.690000,2019-12-01T14:48:01.986000,2011.288,7681.868,2011.487,7681.783,1.575161111111111,1.5750822222222223,1,54,1,54,0.23999999999978172,0.27999999999974534,0.4410000000002583,0,0.0,0,0,0.3000000000001819,0.3000000000001819,0.3010000000003856,0,0.0,0,0,TELEMETRY_COVERAGE_PASS,FastF1 raw Date plus session-relative SessionTime; timezone/latency is not inferred; lap assignment is interval lookup from FastF1 LapStartTime/Time
2019:Abu Dhabi Grand Prix:Race,train,2019,Abu Dhabi Grand Prix,Race,RAI,7,TRUE,TRUE,LAP_CONTEXT_PRESENT,54,54,CACHED_SELECTED_LAP_STREAM,802,23746,19145,2019-12-01T13:13:31.491000,2019-12-01T14:48:17.991000,2019-12-01T13:13:31.690000,2019-12-01T14:48:17.987000,2011.288,7697.788,2011.487,7697.784,1.5795833333333333,1.5795269444444444,1,54,1,54,0.23999999999978172,0.27999999999974534,0.4410000000002583,0,0.0,0,0,0.3000000000001819,0.3000000000001819,0.3010000000003856,0,0.0,0,0,TELEMETRY_COVERAGE_PASS,FastF1 raw Date plus session-relative SessionTime; timezone/latency is not inferred; lap assignment is interval lookup from FastF1 LapStartTime/Time
2019:Abu Dhabi Grand Prix:Race,train,2019,Abu Dhabi Grand Prix,Race,RIC,3,TRUE,TRUE,LAP_CONTEXT_PRESENT,54,54,CACHED_SELECTED_LAP_STREAM,798,23710,19115,2019-12-01T13:13:31.491000,2019-12-01T14:48:09.271000,2019-12-01T13:13:31.690000,2019-12-01T14:48:09.086000,2011.288,7689.068,2011.487,7688.883,1.5771611111111112,1.5770544444444443,1,54,1,54,0.23999999999978172,0.27999999999974534,0.4410000000002583,0,0.0,0,0,0.3000000000001819,0.3000000000001819,0.3010000000003856,0,0.0,0,0,TELEMETRY_COVERAGE_PASS,FastF1 raw Date plus session-relative SessionTime; timezone/latency is not inferred; lap assignment is interval lookup from FastF1 LapStartTime/Time
2019:Abu Dhabi Grand Prix:Race,train,2019,Abu Dhabi Grand Prix,Race,RUS,63,TRUE,TRUE,LAP_CONTEXT_PRESENT,54,54,CACHED_SELECTED_LAP_STREAM,808,23986,19336,2019-12-01T13:13:31.491000,2019-12-01T14:49:15.031000,2019-12-01T13:13:31.690000,2019-12-01T14:49:14.787000,2011.288,7754.828,2011.487,7754.584,1.5954277777777781,1.595304722222222,1,54,1,54,0.23999999999978172,0.27999999999974534,0.4410000000002583,0,0.0,0,0,0.3000000000001819,0.3000000000001819,0.3010000000003856,0,0.0,0,0,TELEMETRY_COVERAGE_PASS,FastF1 raw Date plus session-relative SessionTime; timezone/latency is not inferred; lap assignment is interval lookup from FastF1 LapStartTime/Time
2019:Abu Dhabi Grand Prix:Race,train,2019,Abu Dhabi Grand Prix,Race,SAI,55,TRUE,TRUE,LAP_CONTEXT_PRESENT,54,54,CACHED_SELECTED_LAP_STREAM,799,23706,19112,2019-12-01T13:13:31.491000,2019-12-01T14:48:08.271000,2019-12-01T13:13:31.690000,2019-12-01T14:48:08.186000,2011.288,7688.068,2011.487,7687.983,1.5768833333333334,1.5768044444444445,1,54,1,54,0.23999999999978172,0.27999999999974534,0.4410000000002583,0,0.0,0,0,0.3000000000001819,0.3000000000001819,0.3010000000003856,0,0.0,0,0,TELEMETRY_COVERAGE_PASS,FastF1 raw Date plus session-relative SessionTime; timezone/latency is not inferred; lap assignment is interval lookup from FastF1 LapStartTime/Time
2019:Abu Dhabi Grand Prix:Race,train,2019,Abu Dhabi Grand Prix,Race,STR,18,TRUE,TRUE,LAP_CONTEXT_PRESENT,45,45,CACHED_SELECTED_LAP_STREAM,795,20104,16204,2019-12-01T13:13:31.491000,2019-12-01T14:33:44.302000,2019-12-01T13:13:31.690000,2019-12-01T14:33:44.372000,2011.288,6824.099,2011.487,6824.169,1.3368919444444443,1.336856111111111,1,45,1,45,0.23999999999978172,0.27999999999974534,0.4410000000002583,0,0.0,0,0,0.3000000000001819,0.3000000000001819,0.3010000000003856,0,0.0,0,0,TELEMETRY_COVERAGE_PASS,FastF1 raw Date plus session-relative SessionTime; timezone/latency is not inferred; lap assignment is interval lookup from FastF1 LapStartTime/Time
2019:Abu Dhabi Grand Prix:Race,train,2019,Abu Dhabi Grand Prix,Race,VER,33,TRUE,TRUE,LAP_CONTEXT_PRESENT,55,55,CACHED_SELECTED_LAP_STREAM,785,23646,19064,2019-12-01T13:13:31.491000,2019-12-01T14:47:53.951000,2019-12-01T13:13:31.690000,2019-12-01T14:47:53.986000,2011.288,7673.748,2011.487,7673.783,1.5729055555555553,1.5728600000000001,1,55,1,55,0.23999999999978172,0.27999999999974534,0.4410000000002583,0,0.0,0,0,0.3000000000001819,0.3000000000001819,0.3010000000003856,0,0.0,0,0,TELEMETRY_COVERAGE_PASS,FastF1 raw Date plus session-relative SessionTime; timezone/latency is not inferred; lap assignment is interval lookup from FastF1 LapStartTime/Time
2019:Abu Dhabi Grand Prix:Race,train,2019,Abu Dhabi Grand Prix,Race,VET,5,TRUE,TRUE,LAP_CONTEXT_PRESENT,55,55,CACHED_SELECTED_LAP_STREAM,788,23845,19224,2019-12-01T13:13:31.491000,2019-12-01T14:48:41.631000,2019-12-01T13:13:31.690000,2019-12-01T14:48:41.486000,2011.288,7721.428,2011.487,7721.283,1.58615,1.5860544444444444,1,55,1,55,0.23999999999978172,0.27999999999974534,0.4410000000002583,0,0.0,0,0,0.3000000000001819,0.3000000000001819,0.3010000000003856,0,0.0,0,0,TELEMETRY_COVERAGE_PASS,FastF1 raw Date plus session-relative SessionTime; timezone/latency is not inferred; lap assignment is interval lookup from FastF1 LapStartTime/Time
2020:Austrian Grand Prix:Race,train,2020,Austrian Grand Prix,Race,ALB,23,TRUE,TRUE,LAP_CONTEXT_PRESENT,67,67,CACHED_SELECTED_LAP_STREAM,611,20293,22813,2020-07-05T13:12:47.353000,2020-07-05T14:36:08.383000,2020-07-05T13:12:47.376000,2020-07-05T14:36:08.381000,1967.13,6968.16,1967.153,6968.158,1.3891749999999998,1.3891680555555557,1,63,1,63,0.23999999999978172,0.27999999999974534,71.25799999999981,1,71.25799999999981,0,0,0.22000000000025466,0.22000000000025466,0.24000000000023647,0,0.0,0,0,TELEMETRY_COVERAGE_INCOMPLETE,FastF1 raw Date plus session-relative SessionTime; timezone/latency is not inferred; lap assignment is interval lookup from FastF1 LapStartTime/Time
2020:Austrian Grand Prix:Race,train,2020,Austrian Grand Prix,Race,BOT,77,TRUE,TRUE,LAP_CONTEXT_PRESENT,71,71,CACHED_SELECTED_LAP_STREAM,605,21639,24326,2020-07-05T13:12:47.353000,2020-07-05T14:41:35.183000,2020-07-05T13:12:47.376000,2020-07-05T14:41:35.102000,1967.13,7294.96,1967.153,7294.879,1.4799527777777777,1.4799238888888888,1,68,1,68,0.23999999999978172,0.27999999999974534,71.25799999999981,1,71.25799999999981,0,0,0.22000000000025466,0.22000000000025466,0.24000000000023647,0,0.0,0,0,TELEMETRY_COVERAGE_INCOMPLETE,FastF1 raw Date plus session-relative SessionTime; timezone/latency is not inferred; lap assignment is interval lookup from FastF1 LapStartTime/Time
2020:Austrian Grand Prix:Race,train,2020,Austrian Grand Prix,Race,GAS,10,TRUE,TRUE,LAP_CONTEXT_PRESENT,71,71,CACHED_SELECTED_LAP_STREAM,616,21389,24047,2020-07-05T13:12:47.353000,2020-07-05T14:40:34.703000,2020-07-05T13:12:47.376000,2020-07-05T14:40:34.841000,1967.13,7234.48,1967.153,7234.618,1.4631527777777775,1.4631847222222223,1,67,1,67,0.23999999999978172,0.27999999999974534,71.25799999999981,1,71.25799999999981,0,0,0.22000000000025466,0.22000000000025466,0.24000000000023647,0,0.0,0,0,TELEMETRY_COVERAGE_INCOMPLETE,FastF1 raw Date plus session-relative SessionTime; timezone/latency is not inferred; lap assignment is interval lookup from FastF1 LapStartTime/Time
2020:Austrian Grand Prix:Race,train,2020,Austrian Grand Prix,Race,GIO,99,TRUE,TRUE,LAP_CONTEXT_PRESENT,71,71,CACHED_SELECTED_LAP_STREAM,619,21395,24053,2020-07-05T13:12:47.353000,2020-07-05T14:40:36.143000,2020-07-05T13:12:47.376000,2020-07-05T14:40:36.141000,1967.13,7235.92,1967.153,7235.918,1.4635527777777777,1.463545833333333,1,67,1,67,0.23999999999978172,0.27999999999974534,71.25799999999981,1,71.25799999999981,0,0,0.22000000000025466,0.22000000000025466,0.24000000000023647,0,0.0,0,0,TELEMETRY_COVERAGE_INCOMPLETE,FastF1 raw Date plus session-relative SessionTime; timezone/latency is not inferred; lap assignment is interval lookup from FastF1 LapStartTime/Time
2020:Austrian Grand Prix:Race,train,2020,Austrian Grand Prix,Race,GRO,8,TRUE,TRUE,LAP_CONTEXT_PRESENT,49,49,CACHED_SELECTED_LAP_STREAM,627,13437,15210,2020-07-05T13:12:47.353000,2020-07-05T14:08:23.618000,2020-07-05T13:12:47.376000,2020-07-05T14:08:23.691000,1967.13,5303.395,1967.153,5303.468,0.9267402777777779,0.9267541666666665,1,44,1,44,0.23999999999978172,0.27999999999974534,71.25799999999981,1,71.25799999999981,0,0,0.22000000000002728,0.22000000000025466,0.24000000000023647,0,0.0,0,0,TELEMETRY_COVERAGE_INCOMPLETE,FastF1 raw Date plus session-relative SessionTime; timezone/latency is not inferred; lap assignment is interval lookup from FastF1 LapStartTime/Time
2020:Austrian Grand Prix:Race,train,2020,Austrian Grand Prix,Race,HAM,44,TRUE,TRUE,LAP_CONTEXT_PRESENT,71,71,CACHED_SELECTED_LAP_STREAM,600,21354,24007,2020-07-05T13:12:47.353000,2020-07-05T14:40:26.263000,2020-07-05T13:12:47.376000,2020-07-05T14:40:26.200000,1967.13,7226.04,1967.153,7225.977,1.4608083333333333,1.4607844444444444,1,67,1,67,0.23999999999978172,0.27999999999974534,71.25799999999981,1,71.25799999999981,0,0,0.22000000000025466,0.22000000000025466,0.24000000000023647,0,0.0,0,0,TELEMETRY_COVERAGE_INCOMPLETE,FastF1 raw Date plus session-relative SessionTime; timezone/latency is not inferred; lap assignment is interval lookup from FastF1 LapStartTime/Time
2020:Austrian Grand Prix:Race,train,2020,Austrian Grand Prix,Race,KVY,26,TRUE,TRUE,LAP_CONTEXT_PRESENT,69,69,CACHED_SELECTED_LAP_STREAM,616,20862,23455,2020-07-05T13:12:47.353000,2020-07-05T14:38:26.783000,2020-07-05T13:12:47.376000,2020-07-05T14:38:27.001000,1967.13,7106.56,1967.153,7106.778,1.4276194444444446,1.427673611111111,1,65,1,65,0.23999999999978172,0.27999999999974534,71.25799999999981,1,71.25799999999981,0,0,0.22000000000025466,0.22000000000025466,0.24000000000023647,0,0.0,0,0,TELEMETRY_COVERAGE_INCOMPLETE,FastF1 raw Date plus session-relative SessionTime; timezone/latency is not inferred; lap assignment is interval lookup from FastF1 LapStartTime/Time
2020:Austrian Grand Prix:Race,train,2020,Austrian Grand Prix,Race,LAT,6,TRUE,TRUE,LAP_CONTEXT_PRESENT,71,71,CACHED_SELECTED_LAP_STREAM,626,21424,24086,2020-07-05T13:12:47.353000,2020-07-05T14:40:43.103000,2020-07-05T13:12:47.376000,2020-07-05T14:40:43.261000,1967.13,7242.88,1967.153,7243.038,1.465486111111111,1.465523611111111,1,67,1,67,0.23999999999978172,0.27999999999974534,71.25799999999981,1,71.25799999999981,0,0,0.22000000000025466,0.22000000000025466,0.24000000000023647,0,0.0,0,0,TELEMETRY_COVERAGE_INCOMPLETE,FastF1 raw Date plus session-relative SessionTime; timezone/latency is not inferred; lap assignment is interval lookup from FastF1 LapStartTime/Time
2020:Austrian Grand Prix:Race,train,2020,Austrian Grand Prix,Race,LEC,16,TRUE,TRUE,LAP_CONTEXT_PRESENT,71,71,CACHED_SELECTED_LAP_STREAM,611,21340,23992,2020-07-05T13:12:47.353000,2020-07-05T14:40:22.943000,2020-07-05T13:12:47.376000,2020-07-05T14:40:22.962000,1967.13,7222.72,1967.153,7222.739,1.4598861111111112,1.4598849999999999,1,67,1,67,0.23999999999978172,0.27999999999974534,71.25799999999981,1,71.25799999999981,0,0,0.22000000000025466,0.22000000000025466,0.24000000000023647,0,0.0,0,0,TELEMETRY_COVERAGE_INCOMPLETE,FastF1 raw Date plus session-relative SessionTime; timezone/latency is not inferred; lap assignment is interval lookup from FastF1 LapStartTime/Time
2020:Austrian Grand Prix:Race,train,2020,Austrian Grand Prix,Race,MAG,20,TRUE,TRUE,LAP_CONTEXT_PRESENT,24,24,CACHED_SELECTED_LAP_STREAM,622,5948,6909,2020-07-05T13:12:47.353000,2020-07-05T13:38:02.615000,2020-07-05T13:12:47.376000,2020-07-05T13:38:02.734000,1967.13,3482.392,1967.153,3482.511,0.42090611111111104,0.42093277777777777,1,20,1,20,0.2400000000000091,0.27999999999974534,71.25799999999981,1,71.25799999999981,0,0,0.2199999999997999,0.22000000000025466,0.24000000000023647,0,0.0,0,0,TELEMETRY_COVERAGE_INCOMPLETE,FastF1 raw Date plus session-relative SessionTime; timezone/latency is not inferred; lap assignment is interval lookup from FastF1 LapStartTime/Time
2020:Austrian Grand Prix:Race,train,2020,Austrian Grand Prix,Race,NOR,4,TRUE,TRUE,LAP_CONTEXT_PRESENT,71,71,CACHED_SELECTED_LAP_STREAM,609,21358,24012,2020-07-05T13:12:47.353000,2020-07-05T14:40:27.223000,2020-07-05T13:12:47.376000,2020-07-05T14:40:27.280000,1967.13,7227.0,1967.153,7227.057,1.461075,1.4610844444444444,1,67,1,67,0.23999999999978172,0.27999999999974534,71.25799999999981,1,71.25799999999981,0,0,0.22000000000025466,0.22000000000025466,0.24000000000023647,0,0.0,0,0,TELEMETRY_COVERAGE_INCOMPLETE,FastF1 raw Date plus session-relative SessionTime; timezone/latency is not inferred; lap assignment is interval lookup from FastF1 LapStartTime/Time
2020:Austrian Grand Prix:Race,train,2020,Austrian Grand Prix,Race,OCO,31,TRUE,TRUE,LAP_CONTEXT_PRESENT,71,71,CACHED_SELECTED_LAP_STREAM,621,21379,24035,2020-07-05T13:12:47.353000,2020-07-05T14:40:32.224000,2020-07-05T13:12:47.376000,2020-07-05T14:40:32.241000,1967.13,7232.001,1967.153,7232.018,1.4624641666666667,1.4624625,1,67,1,67,0.23999999999978172,0.27999999999974534,71.25799999999981,1,71.25799999999981,0,0,0.22000000000025466,0.22000000000025466,0.24000000000023647,0,0.0,0,0,TELEMETRY_COVERAGE_INCOMPLETE,FastF1 raw Date plus session-relative SessionTime; timezone/latency is not inferred; lap assignment is interval lookup from FastF1 LapStartTime/Time
2020:Austrian Grand Prix:Race,train,2020,Austrian Grand Prix,Race,PER,11,TRUE,TRUE,LAP_CONTEXT_PRESENT,71,71,CACHED_SELECTED_LAP_STREAM,613,21377,24033,2020-07-05T13:12:47.353000,2020-07-05T14:40:31.744000,2020-07-05T13:12:47.376000,2020-07-05T14:40:31.802000,1967.13,7231.521,1967.153,7231.579,1.4623308333333331,1.4623405555555553,1,67,1,67,0.23999999999978172,0.27999999999974534,71.25799999999981,1,71.25799999999981,0,0,0.22000000000025466,0.22000000000025466,0.24000000000023647,0,0.0,0,0,TELEMETRY_COVERAGE_INCOMPLETE,FastF1 raw Date plus session-relative SessionTime; timezone/latency is not inferred; lap assignment is interval lookup from FastF1 LapStartTime/Time
2020:Austrian Grand Prix:Race,train,2020,Austrian Grand Prix,Race,RAI,7,TRUE,TRUE,LAP_CONTEXT_PRESENT,53,53,CACHED_SELECTED_LAP_STREAM,3722,16709,18832,2020-07-05T13:12:47.353000,2020-07-05T14:21:38.020000,2020-07-05T13:12:47.376000,2020-07-05T14:21:38.230000,1967.13,6097.797,1967.153,6098.007,1.1474075,1.1474594444444444,1,49,1,49,0.23999999999978172,0.27999999999974534,71.25799999999981,1,71.25799999999981,0,0,0.22000000000025466,0.22000000000025466,0.24000000000023647,0,0.0,0,0,TELEMETRY_COVERAGE_INCOMPLETE,FastF1 raw Date plus session-relative SessionTime; timezone/latency is not inferred; lap assignment is interval lookup from FastF1 LapStartTime/Time
2020:Austrian Grand Prix:Race,train,2020,Austrian Grand Prix,Race,RIC,3,TRUE,TRUE,LAP_CONTEXT_PRESENT,17,17,CACHED_SELECTED_LAP_STREAM,619,3356,4042,2020-07-05T13:12:47.353000,2020-07-05T13:27:33.933000,2020-07-05T13:12:47.376000,2020-07-05T13:27:33.835000,1967.13,2853.71,1967.153,2853.612,0.2462722222222222,0.24623861111111112,1,12,1,12,0.2400000000000091,0.27999999999974534,71.25799999999981,1,71.25799999999981,0,0,0.2199999999997999,0.22000000000025466,0.24000000000023647,0,0.0,0,0,TELEMETRY_COVERAGE_INCOMPLETE,FastF1 raw Date plus session-relative SessionTime; timezone/latency is not inferred; lap assignment is interval lookup from FastF1 LapStartTime/Time
2020:Austrian Grand Prix:Race,train,2020,Austrian Grand Prix,Race,RUS,63,TRUE,TRUE,LAP_CONTEXT_PRESENT,49,49,CACHED_SELECTED_LAP_STREAM,624,15258,17224,2020-07-05T13:12:47.353000,2020-07-05T14:15:45.620000,2020-07-05T13:12:47.376000,2020-07-05T14:15:45.531000,1967.13,5745.397,1967.153,5745.308,1.049518611111111,1.0494875,1,45,1,45,0.23999999999978172,0.27999999999974534,71.25799999999981,1,71.25799999999981,0,0,0.22000000000025466,0.22000000000025466,0.24000000000023647,0,0.0,0,0,TELEMETRY_COVERAGE_INCOMPLETE,FastF1 raw Date plus session-relative SessionTime; timezone/latency is not inferred; lap assignment is interval lookup from FastF1 LapStartTime/Time
2020:Austrian Grand Prix:Race,train,2020,Austrian Grand Prix,Race,SAI,55,TRUE,TRUE,LAP_CONTEXT_PRESENT,71,71,CACHED_SELECTED_LAP_STREAM,614,21366,24021,2020-07-05T13:12:47.353000,2020-07-05T14:40:29.143000,2020-07-05T13:12:47.376000,2020-07-05T14:40:29.222000,1967.13,7228.92,1967.153,7228.999,1.4616083333333334,1.4616238888888888,1,67,1,67,0.23999999999978172,0.27999999999974534,71.25799999999981,1,71.25799999999981,0,0,0.22000000000025466,0.22000000000025466,0.24000000000023647,0,0.0,0,0,TELEMETRY_COVERAGE_INCOMPLETE,FastF1 raw Date plus session-relative SessionTime; timezone/latency is not inferred; lap assignment is interval lookup from FastF1 LapStartTime/Time
2020:Austrian Grand Prix:Race,train,2020,Austrian Grand Prix,Race,STR,18,TRUE,TRUE,LAP_CONTEXT_PRESENT,20,20,CACHED_SELECTED_LAP_STREAM,614,4174,4948,2020-07-05T13:12:47.353000,2020-07-05T13:30:52.453000,2020-07-05T13:12:47.376000,2020-07-05T13:30:52.574000,1967.13,3052.23,1967.153,3052.351,0.30141666666666667,0.3014438888888889,1,15,1,15,0.2400000000000091,0.27999999999974534,71.25799999999981,1,71.25799999999981,0,0,0.2199999999997999,0.22000000000025466,0.24000000000023647,0,0.0,0,0,TELEMETRY_COVERAGE_INCOMPLETE,FastF1 raw Date plus session-relative SessionTime; timezone/latency is not inferred; lap assignment is interval lookup from FastF1 LapStartTime/Time
2020:Austrian Grand Prix:Race,train,2020,Austrian Grand Prix,Race,VER,33,TRUE,TRUE,LAP_CONTEXT_PRESENT,11,11,CACHED_SELECTED_LAP_STREAM,609,2868,3503,2020-07-05T13:12:47.353000,2020-07-05T13:25:35.493000,2020-07-05T13:12:47.376000,2020-07-05T13:25:35.575000,1967.13,2735.27,1967.153,2735.352,0.21337222222222219,0.21338861111111107,1,10,1,10,0.2400000000000091,0.27999999999974534,71.25799999999981,1,71.25799999999981,0,0,0.2199999999997999,0.22000000000025466,0.24000000000023647,0,0.0,0,0,TELEMETRY_COVERAGE_INCOMPLETE,FastF1 raw Date plus session-relative SessionTime; timezone/latency is not inferred; lap assignment is interval lookup from FastF1 LapStartTime/Time
2020:Austrian Grand Prix:Race,train,2020,Austrian Grand Prix,Race,VET,5,TRUE,TRUE,LAP_CONTEXT_PRESENT,71,71,CACHED_SELECTED_LAP_STREAM,619,21418,24079,2020-07-05T13:12:47.353000,2020-07-05T14:40:41.663000,2020-07-05T13:12:47.376000,2020-07-05T14:40:41.742000,1967.13,7241.44,1967.153,7241.519,1.4650861111111109,1.4651016666666667,1,67,1,67,0.23999999999978172,0.27999999999974534,71.25799999999981,1,71.25799999999981,0,0,0.22000000000025466,0.22000000000025466,0.24000000000023647,0,0.0,0,0,TELEMETRY_COVERAGE_INCOMPLETE,FastF1 raw Date plus session-relative SessionTime; timezone/latency is not inferred; lap assignment is interval lookup from FastF1 LapStartTime/Time
2020:British Grand Prix:Race,train,2020,British Grand Prix,Race,ALB,23,TRUE,TRUE,LAP_CONTEXT_PRESENT,52,52,CACHED_SELECTED_LAP_STREAM,807,22017,24227,2020-08-02T13:13:22.881000,2020-08-02T14:41:56.573000,2020-08-02T13:13:22.936000,2020-08-02T14:41:56.667000,2002.867,7316.559,2002.922,7316.653,1.4760255555555555,1.4760363888888888,1,52,1,52,0.23999999999978172,0.27999999999974534,0.3210000000008222,0,0.0,0,0,0.22000000000025466,0.22000000000025466,0.22100000000045839,0,0.0,0,0,TELEMETRY_COVERAGE_PASS,FastF1 raw Date plus session-relative SessionTime; timezone/latency is not inferred; lap assignment is interval lookup from FastF1 LapStartTime/Time
2020:British Grand Prix:Race,train,2020,British Grand Prix,Race,BOT,77,TRUE,TRUE,LAP_CONTEXT_PRESENT,52,52,CACHED_SELECTED_LAP_STREAM,795,22057,24271,2020-08-02T13:13:22.881000,2020-08-02T14:42:06.174000,2020-08-02T13:13:22.936000,2020-08-02T14:42:06.307000,2002.867,7326.16,2002.922,7326.293,1.4786925,1.4787141666666663,1,52,1,52,0.23999999999978172,0.27999999999974534,0.3210000000008222,0,0.0,0,0,0.22000000000025466,0.22000000000025466,0.22100000000045839,0,0.0,0,0,TELEMETRY_COVERAGE_PASS,FastF1 raw Date plus session-relative SessionTime; timezone/latency is not inferred; lap assignment is interval lookup from FastF1 LapStartTime/Time
2020:British Grand Prix:Race,train,2020,British Grand Prix,Race,GAS,10,TRUE,TRUE,LAP_CONTEXT_PRESENT,52,52,CACHED_SELECTED_LAP_STREAM,816,22011,24221,2020-08-02T13:13:22.881000,2020-08-02T14:41:55.173000,2020-08-02T13:13:22.936000,2020-08-02T14:41:55.347000,2002.867,7315.159,2002.922,7315.333,1.4756366666666665,1.4756697222222221,1,52,1,52,0.23999999999978172,0.27999999999974534,0.3210000000008222,0,0.0,0,0,0.22000000000025466,0.22000000000025466,0.22100000000045839,0,0.0,0,0,TELEMETRY_COVERAGE_PASS,FastF1 raw Date plus session-relative SessionTime; timezone/latency is not inferred; lap assignment is interval lookup from FastF1 LapStartTime/Time
2020:British Grand Prix:Race,train,2020,British Grand Prix,Race,GIO,99,TRUE,TRUE,LAP_CONTEXT_PRESENT,52,52,CACHED_SELECTED_LAP_STREAM,816,22087,24303,2020-08-02T13:13:22.881000,2020-08-02T14:42:13.254000,2020-08-02T13:13:22.936000,2020-08-02T14:42:13.327000,2002.867,7333.24,2002.922,7333.313,1.4806591666666666,1.4806641666666667,1,52,1,52,0.23999999999978172,0.27999999999974534,0.3210000000008222,0,0.0,0,0,0.22000000000025466,0.22000000000025466,0.22100000000045839,0,0.0,0,0,TELEMETRY_COVERAGE_PASS,FastF1 raw Date plus session-relative SessionTime; timezone/latency is not inferred; lap assignment is interval lookup from FastF1 LapStartTime/Time
2020:British Grand Prix:Race,train,2020,British Grand Prix,Race,GRO,8,TRUE,TRUE,LAP_CONTEXT_PRESENT,52,52,CACHED_SELECTED_LAP_STREAM,816,22111,24329,2020-08-02T13:13:22.881000,2020-08-02T14:42:19.094000,2020-08-02T13:13:22.936000,2020-08-02T14:42:19.027000,2002.867,7339.08,2002.922,7339.013,1.4822813888888888,1.4822475000000002,1,52,1,52,0.23999999999978172,0.27999999999974534,0.3210000000008222,0,0.0,0,0,0.22000000000025466,0.22000000000025466,0.22100000000045839,0,0.0,0,0,TELEMETRY_COVERAGE_PASS,FastF1 raw Date plus session-relative SessionTime; timezone/latency is not inferred; lap assignment is interval lookup from FastF1 LapStartTime/Time
2020:British Grand Prix:Race,train,2020,British Grand Prix,Race,HAM,44,TRUE,TRUE,LAP_CONTEXT_PRESENT,52,52,CACHED_SELECTED_LAP_STREAM,794,21882,24079,2020-08-02T13:13:22.881000,2020-08-02T14:41:24.093000,2020-08-02T13:13:22.936000,2020-08-02T14:41:24.207000,2002.867,7284.079,2002.922,7284.193,1.4670033333333332,1.4670197222222223,1,52,1,52,0.23999999999978172,0.27999999999974534,0.3210000000008222,0,0.0,0,0,0.22000000000025466,0.22000000000025466,0.22100000000045839,0,0.0,0,0,TELEMETRY_COVERAGE_PASS,FastF1 raw Date plus session-relative SessionTime; timezone/latency is not inferred; lap assignment is interval lookup from FastF1 LapStartTime/Time
2020:British Grand Prix:Race,train,2020,British Grand Prix,Race,HUL,,TRUE,FALSE,LAP_CONTEXT_PRESENT,1,1,CACHED_SELECTED_LAP_STREAM,822,0,0,,,,,,,,,0.0,0.0,,,,,,,,0,0.0,0,0,,,,0,0.0,0,0,TELEMETRY_COVERAGE_INCOMPLETE,FastF1 raw Date plus session-relative SessionTime; timezone/latency is not inferred; lap assignment is interval lookup from FastF1 LapStartTime/Time
2020:British Grand Prix:Race,train,2020,British Grand Prix,Race,KVY,26,TRUE,TRUE,LAP_CONTEXT_PRESENT,12,12,CACHED_SELECTED_LAP_STREAM,1302,5732,6304,2020-08-02T13:13:22.881000,2020-08-02T13:36:25.445000,2020-08-02T13:13:22.936000,2020-08-02T13:36:25.414000,2002.867,3385.431,2002.922,3385.4,0.3840455555555556,0.3840216666666667,1,12,1,12,0.23999999999978172,0.2799999999999727,0.32100000000036744,0,0.0,0,0,0.2199999999997999,0.22000000000025466,0.22100000000000364,0,0.0,0,0,TELEMETRY_COVERAGE_PASS,FastF1 raw Date plus session-relative SessionTime; timezone/latency is not inferred; lap assignment is interval lookup from FastF1 LapStartTime/Time
2020:British Grand Prix:Race,train,2020,British Grand Prix,Race,LAT,6,TRUE,TRUE,LAP_CONTEXT_PRESENT,52,52,CACHED_SELECTED_LAP_STREAM,823,22109,24327,2020-08-02T13:13:22.881000,2020-08-02T14:42:18.614000,2020-08-02T13:13:22.936000,2020-08-02T14:42:18.606000,2002.867,7338.6,2002.922,7338.592,1.4821480555555555,1.4821305555555555,1,52,1,52,0.23999999999978172,0.27999999999974534,0.3210000000008222,0,0.0,0,0,0.22000000000025466,0.22000000000025466,0.22100000000045839,0,0.0,0,0,TELEMETRY_COVERAGE_PASS,FastF1 raw Date plus session-relative SessionTime; timezone/latency is not inferred; lap assignment is interval lookup from FastF1 LapStartTime/Time
2020:British Grand Prix:Race,train,2020,British Grand Prix,Race,LEC,16,TRUE,TRUE,LAP_CONTEXT_PRESENT,52,52,CACHED_SELECTED_LAP_STREAM,808,21959,24163,2020-08-02T13:13:22.881000,2020-08-02T14:41:42.613000,2020-08-02T13:13:22.936000,2020-08-02T14:41:42.627000,2002.867,7302.599,2002.922,7302.613,1.4721477777777778,1.472136388888889,1,52,1,52,0.23999999999978172,0.27999999999974534,0.3210000000008222,0,0.0,0,0,0.22000000000025466,0.22000000000025466,0.22100000000045839,0,0.0,0,0,TELEMETRY_COVERAGE_PASS,FastF1 raw Date plus session-relative SessionTime; timezone/latency is not inferred; lap assignment is interval lookup from FastF1 LapStartTime/Time
2020:British Grand Prix:Race,train,2020,British Grand Prix,Race,MAG,20,TRUE,TRUE,LAP_CONTEXT_PRESENT,2,2,CACHED_SELECTED_LAP_STREAM,908,1054,1158,2020-08-02T13:13:22.881000,2020-08-02T13:17:36.562000,2020-08-02T13:13:22.936000,2020-08-02T13:17:36.696000,2002.867,2256.548,2002.922,2256.682,0.07046694444444439,0.07048888888888882,1,2,1,2,0.2400000000000091,0.27999999999974534,0.32100000000036744,0,0.0,0,0,0.2199999999997999,0.22000000000025466,0.22000000000025466,0,0.0,0,0,TELEMETRY_COVERAGE_PASS,FastF1 raw Date plus session-relative SessionTime; timezone/latency is not inferred; lap assignment is interval lookup from FastF1 LapStartTime/Time
2020:British Grand Prix:Race,train,2020,British Grand Prix,Race,NOR,4,TRUE,TRUE,LAP_CONTEXT_PRESENT,52,52,CACHED_SELECTED_LAP_STREAM,816,21974,24180,2020-08-02T13:13:22.881000,2020-08-02T14:41:46.214000,2020-08-02T13:13:22.936000,2020-08-02T14:41:46.347000,2002.867,7306.2,2002.922,7306.333,1.4731480555555554,1.4731697222222222,1,52,1,52,0.23999999999978172,0.27999999999974534,0.3210000000008222,0,0.0,0,0,0.22000000000025466,0.22000000000025466,0.22100000000045839,0,0.0,0,0,TELEMETRY_COVERAGE_PASS,FastF1 raw Date plus session-relative SessionTime; timezone/latency is not inferred; lap assignment is interval lookup from FastF1 LapStartTime/Time
2020:British Grand Prix:Race,train,2020,British Grand Prix,Race,OCO,31,TRUE,TRUE,LAP_CONTEXT_PRESENT,52,52,CACHED_SELECTED_LAP_STREAM,816,21993,24201,2020-08-02T13:13:22.881000,2020-08-02T14:41:50.893000,2020-08-02T13:13:22.936000,2020-08-02T14:41:50.967000,2002.867,7310.879,2002.922,7310.953,1.4744477777777778,1.4744530555555557,1,52,1,52,0.23999999999978172,0.27999999999974534,0.3210000000008222,0,0.0,0,0,0.22000000000025466,0.22000000000025466,0.22100000000045839,0,0.0,0,0,TELEMETRY_COVERAGE_PASS,FastF1 raw Date plus session-relative SessionTime; timezone/latency is not inferred; lap assignment is interval lookup from FastF1 LapStartTime/Time
2020:British Grand Prix:Race,train,2020,British Grand Prix,Race,RAI,7,TRUE,TRUE,LAP_CONTEXT_PRESENT,51,51,CACHED_SELECTED_LAP_STREAM,817,22044,24256,2020-08-02T13:13:22.881000,2020-08-02T14:42:03.053000,2020-08-02T13:13:22.936000,2020-08-02T14:42:03.027000,2002.867,7323.039,2002.922,7323.013,1.4778255555555555,1.4778030555555557,1,51,1,51,0.23999999999978172,0.27999999999974534,0.3210000000008222,0,0.0,0,0,0.22000000000025466,0.22000000000025466,0.22100000000045839,0,0.0,0,0,TELEMETRY_COVERAGE_PASS,FastF1 raw Date plus session-relative SessionTime; timezone/latency is not inferred; lap assignment is interval lookup from FastF1 LapStartTime/Time
2020:British Grand Prix:Race,train,2020,British Grand Prix,Race,RIC,3,TRUE,TRUE,LAP_CONTEXT_PRESENT,52,52,CACHED_SELECTED_LAP_STREAM,815,21963,24168,2020-08-02T13:13:22.881000,2020-08-02T14:41:43.613000,2020-08-02T13:13:22.936000,2020-08-02T14:41:43.727000,2002.867,7303.599,2002.922,7303.713,1.4724255555555557,1.4724419444444443,1,52,1,52,0.23999999999978172,0.27999999999974534,0.3210000000008222,0,0.0,0,0,0.22000000000025466,0.22000000000025466,0.22100000000045839,0,0.0,0,0,TELEMETRY_COVERAGE_PASS,FastF1 raw Date plus session-relative SessionTime; timezone/latency is not inferred; lap assignment is interval lookup from FastF1 LapStartTime/Time
2020:British Grand Prix:Race,train,2020,British Grand Prix,Race,RUS,63,TRUE,TRUE,LAP_CONTEXT_PRESENT,52,52,CACHED_SELECTED_LAP_STREAM,820,22099,24316,2020-08-02T13:13:22.881000,2020-08-02T14:42:16.133000,2020-08-02T13:13:22.936000,2020-08-02T14:42:16.187000,2002.867,7336.119,2002.922,7336.173,1.4814588888888887,1.4814586111111112,1,52,1,52,0.23999999999978172,0.27999999999974534,0.3210000000008222,0,0.0,0,0,0.22000000000025466,0.22000000000025466,0.22100000000045839,0,0.0,0,0,TELEMETRY_COVERAGE_PASS,FastF1 raw Date plus session-relative SessionTime; timezone/latency is not inferred; lap assignment is interval lookup from FastF1 LapStartTime/Time
2020:British Grand Prix:Race,train,2020,British Grand Prix,Race,SAI,55,TRUE,TRUE,LAP_CONTEXT_PRESENT,52,52,CACHED_SELECTED_LAP_STREAM,813,22104,24322,2020-08-02T13:13:22.881000,2020-08-02T14:42:17.334000,2020-08-02T13:13:22.936000,2020-08-02T14:42:17.506000,2002.867,7337.32,2002.922,7337.492,1.4817924999999998,1.481825,1,52,1,52,0.23999999999978172,0.27999999999974534,0.3210000000008222,0,0.0,0,0,0.22000000000025466,0.22000000000025466,0.22100000000045839,0,0.0,0,0,TELEMETRY_COVERAGE_PASS,FastF1 raw Date plus session-relative SessionTime; timezone/latency is not inferred; lap assignment is interval lookup from FastF1 LapStartTime/Time
2020:British Grand Prix:Race,train,2020,British Grand Prix,Race,STR,18,TRUE,TRUE,LAP_CONTEXT_PRESENT,52,52,CACHED_SELECTED_LAP_STREAM,816,22037,24249,2020-08-02T13:13:22.881000,2020-08-02T14:42:01.413000,2020-08-02T13:13:22.936000,2020-08-02T14:42:01.487000,2002.867,7321.399,2002.922,7321.473,1.47737,1.4773752777777776,1,52,1,52,0.23999999999978172,0.27999999999974534,0.3210000000008222,0,0.0,0,0,0.22000000000025466,0.22000000000025466,0.22100000000045839,0,0.0,0,0,TELEMETRY_COVERAGE_PASS,FastF1 raw Date plus session-relative SessionTime; timezone/latency is not inferred; lap assignment is interval lookup from FastF1 LapStartTime/Time
2020:British Grand Prix:Race,train,2020,British Grand Prix,Race,VER,33,TRUE,TRUE,LAP_CONTEXT_PRESENT,52,52,CACHED_SELECTED_LAP_STREAM,798,21906,24105,2020-08-02T13:13:22.881000,2020-08-02T14:41:29.934000,2020-08-02T13:13:22.936000,2020-08-02T14:41:29.907000,2002.867,7289.92,2002.922,7289.893,1.4686258333333333,1.4686030555555554,1,52,1,52,0.23999999999978172,0.27999999999974534,0.3210000000008222,0,0.0,0,0,0.22000000000025466,0.22000000000025466,0.22100000000045839,0,0.0,0,0,TELEMETRY_COVERAGE_PASS,FastF1 raw Date plus session-relative SessionTime; timezone/latency is not inferred; lap assignment is interval lookup from FastF1 LapStartTime/Time
2020:British Grand Prix:Race,train,2020,British Grand Prix,Race,VET,5,TRUE,TRUE,LAP_CONTEXT_PRESENT,52,52,CACHED_SELECTED_LAP_STREAM,816,22056,24269,2020-08-02T13:13:22.881000,2020-08-02T14:42:05.934000,2020-08-02T13:13:22.936000,2020-08-02T14:42:05.867000,2002.867,7325.92,2002.922,7325.853,1.4786258333333333,1.4785919444444446,1,52,1,52,0.23999999999978172,0.27999999999974534,0.3210000000008222,0,0.0,0,0,0.22000000000025466,0.22000000000025466,0.22100000000045839,0,0.0,0,0,TELEMETRY_COVERAGE_PASS,FastF1 raw Date plus session-relative SessionTime; timezone/latency is not inferred; lap assignment is interval lookup from FastF1 LapStartTime/Time
2020:70th Anniversary Grand Prix:Race,train,2020,70th Anniversary Grand Prix,Race,ALB,23,TRUE,TRUE,LAP_CONTEXT_PRESENT,52,52,CACHED_SELECTED_LAP_STREAM,788,19864,21981,2020-08-09T13:13:17.155000,2020-08-09T14:33:38.246000,2020-08-09T13:13:17.238000,2020-08-09T14:33:38.370000,1997.109,6818.2,1997.192,6818.324,1.3391919444444444,1.3392033333333333,1,52,1,52,0.23999999999978172,0.27999999999974534,0.4010000000007494,0,0.0,0,0,0.22000000000025466,0.22000000000025466,0.24000000000023647,0,0.0,0,0,TELEMETRY_COVERAGE_PASS,FastF1 raw Date plus session-relative SessionTime; timezone/latency is not inferred; lap assignment is interval lookup from FastF1 LapStartTime/Time
2020:70th Anniversary Grand Prix:Race,train,2020,70th Anniversary Grand Prix,Race,BOT,77,TRUE,TRUE,LAP_CONTEXT_PRESENT,52,52,CACHED_SELECTED_LAP_STREAM,776,19783,21890,2020-08-09T13:13:17.155000,2020-08-09T14:33:18.486000,2020-08-09T13:13:17.238000,2020-08-09T14:33:18.410000,1997.109,6798.44,1997.192,6798.364,1.3337030555555556,1.3336588888888887,1,52,1,52,0.23999999999978172,0.27999999999974534,0.4010000000007494,0,0.0,0,0,0.22000000000025466,0.22000000000025466,0.24000000000023647,0,0.0,0,0,TELEMETRY_COVERAGE_PASS,FastF1 raw Date plus session-relative SessionTime; timezone/latency is not inferred; lap assignment is interval lookup from FastF1 LapStartTime/Time
2020:70th Anniversary Grand Prix:Race,train,2020,70th Anniversary Grand Prix,Race,GAS,10,TRUE,TRUE,LAP_CONTEXT_PRESENT,52,52,CACHED_SELECTED_LAP_STREAM,791,19994,22124,2020-08-09T13:13:17.155000,2020-08-09T14:34:09.726000,2020-08-09T13:13:17.238000,2020-08-09T14:34:09.730000,1997.109,6849.68,1997.192,6849.684,1.347936388888889,1.3479144444444444,1,52,1,52,0.23999999999978172,0.27999999999974534,0.4010000000007494,0,0.0,0,0,0.22000000000025466,0.22000000000025466,0.24000000000023647,0,0.0,0,0,TELEMETRY_COVERAGE_PASS,FastF1 raw Date plus session-relative SessionTime; timezone/latency is not inferred; lap assignment is interval lookup from FastF1 LapStartTime/Time
2020:70th Anniversary Grand Prix:Race,train,2020,70th Anniversary Grand Prix,Race,GIO,99,TRUE,TRUE,LAP_CONTEXT_PRESENT,51,51,CACHED_SELECTED_LAP_STREAM,786,19831,21944,2020-08-09T13:13:17.155000,2020-08-09T14:33:30.166000,2020-08-09T13:13:17.238000,2020-08-09T14:33:30.250000,1997.109,6810.12,1997.192,6810.204,1.3369475000000002,1.3369477777777776,1,51,1,51,0.23999999999978172,0.27999999999974534,0.4010000000007494,0,0.0,0,0,0.22000000000025466,0.22000000000025466,0.24000000000023647,0,0.0,0,0,TELEMETRY_COVERAGE_PASS,FastF1 raw Date plus session-relative SessionTime; timezone/latency is not inferred; lap assignment is interval lookup from FastF1 LapStartTime/Time
2020:70th Anniversary Grand Prix:Race,train,2020,70th Anniversary Grand Prix,Race,GRO,8,TRUE,TRUE,LAP_CONTEXT_PRESENT,51,51,CACHED_SELECTED_LAP_STREAM,790,19807,21917,2020-08-09T13:13:17.155000,2020-08-09T14:33:24.366000,2020-08-09T13:13:17.238000,2020-08-09T14:33:24.330000,1997.109,6804.32,1997.192,6804.284,1.3353363888888887,1.3353033333333333,1,51,1,51,0.23999999999978172,0.27999999999974534,0.4010000000007494,0,0.0,0,0,0.22000000000025466,0.22000000000025466,0.24000000000023647,0,0.0,0,0,TELEMETRY_COVERAGE_PASS,FastF1 raw Date plus session-relative SessionTime; timezone/latency is not inferred; lap assignment is interval lookup from FastF1 LapStartTime/Time
2020:70th Anniversary Grand Prix:Race,train,2020,70th Anniversary Grand Prix,Race,HAM,44,TRUE,TRUE,LAP_CONTEXT_PRESENT,52,52,CACHED_SELECTED_LAP_STREAM,776,19750,21854,2020-08-09T13:13:17.155000,2020-08-09T14:33:10.566000,2020-08-09T13:13:17.238000,2020-08-09T14:33:10.510000,1997.109,6790.52,1997.192,6790.464,1.3315030555555556,1.3314644444444443,1,52,1,52,0.23999999999978172,0.27999999999974534,0.4010000000007494,0,0.0,0,0,0.22000000000025466,0.22000000000025466,0.24000000000023647,0,0.0,0,0,TELEMETRY_COVERAGE_PASS,FastF1 raw Date plus session-relative SessionTime; timezone/latency is not inferred; lap assignment is interval lookup from FastF1 LapStartTime/Time
2020:70th Anniversary Grand Prix:Race,train,2020,70th Anniversary Grand Prix,Race,HUL,27,TRUE,TRUE,LAP_CONTEXT_PRESENT,52,52,CACHED_SELECTED_LAP_STREAM,780,19934,22057,2020-08-09T13:13:17.155000,2020-08-09T14:33:55.167000,2020-08-09T13:13:17.238000,2020-08-09T14:33:55.031000,1997.109,6835.121,1997.192,6834.985,1.3438922222222225,1.3438313888888889,1,52,1,52,0.23999999999978172,0.27999999999974534,0.4010000000007494,0,0.0,0,0,0.22000000000025466,0.22000000000025466,0.24000000000023647,0,0.0,0,0,TELEMETRY_COVERAGE_PASS,FastF1 raw Date plus session-relative SessionTime; timezone/latency is not inferred; lap assignment is interval lookup from FastF1 LapStartTime/Time
2020:70th Anniversary Grand Prix:Race,train,2020,70th Anniversary Grand Prix,Race,KVY,26,TRUE,TRUE,LAP_CONTEXT_PRESENT,52,52,CACHED_SELECTED_LAP_STREAM,791,19990,22120,2020-08-09T13:13:17.155000,2020-08-09T14:34:08.767000,2020-08-09T13:13:17.238000,2020-08-09T14:34:08.850000,1997.109,6848.721,1997.192,6848.804,1.3476699999999997,1.34767,1,52,1,52,0.23999999999978172,0.27999999999974534,0.4010000000007494,0,0.0,0,0,0.22000000000025466,0.22000000000025466,0.24000000000023647,0,0.0,0,0,TELEMETRY_COVERAGE_PASS,FastF1 raw Date plus session-relative SessionTime; timezone/latency is not inferred; lap assignment is interval lookup from FastF1 LapStartTime/Time
2020:70th Anniversary Grand Prix:Race,train,2020,70th Anniversary Grand Prix,Race,LAT,6,TRUE,TRUE,LAP_CONTEXT_PRESENT,51,51,CACHED_SELECTED_LAP_STREAM,785,19837,21950,2020-08-09T13:13:17.155000,2020-08-09T14:33:31.606000,2020-08-09T13:13:17.238000,2020-08-09T14:33:31.570000,1997.109,6811.56,1997.192,6811.524,1.3373475000000004,1.3373144444444445,1,51,1,51,0.23999999999978172,0.27999999999974534,0.4010000000007494,0,0.0,0,0,0.22000000000025466,0.22000000000025466,0.24000000000023647,0,0.0,0,0,TELEMETRY_COVERAGE_PASS,FastF1 raw Date plus session-relative SessionTime; timezone/latency is not inferred; lap assignment is interval lookup from FastF1 LapStartTime/Time
2020:70th Anniversary Grand Prix:Race,train,2020,70th Anniversary Grand Prix,Race,LEC,16,TRUE,TRUE,LAP_CONTEXT_PRESENT,52,52,CACHED_SELECTED_LAP_STREAM,780,19824,21936,2020-08-09T13:13:17.155000,2020-08-09T14:33:28.407000,2020-08-09T13:13:17.238000,2020-08-09T14:33:28.491000,1997.109,6808.361,1997.192,6808.445,1.336458888888889,1.3364591666666665,1,52,1,52,0.23999999999978172,0.27999999999974534,0.4010000000007494,0,0.0,0,0,0.22000000000025466,0.22000000000025466,0.24000000000023647,0,0.0,0,0,TELEMETRY_COVERAGE_PASS,FastF1 raw Date plus session-relative SessionTime; timezone/latency is not inferred; lap assignment is interval lookup from FastF1 LapStartTime/Time
2020:70th Anniversary Grand Prix:Race,train,2020,70th Anniversary Grand Prix,Race,MAG,20,TRUE,TRUE,LAP_CONTEXT_PRESENT,43,43,CACHED_SELECTED_LAP_STREAM,792,16876,18672,2020-08-09T13:13:17.155000,2020-08-09T14:21:32.645000,2020-08-09T13:13:17.238000,2020-08-09T14:21:32.552000,1997.109,6092.599,1997.192,6092.506,1.137636111111111,1.1375872222222223,1,43,1,43,0.23999999999978172,0.27999999999974534,0.4010000000007494,0,0.0,0,0,0.22000000000025466,0.22000000000025466,0.24000000000023647,0,0.0,0,0,TELEMETRY_COVERAGE_PASS,FastF1 raw Date plus session-relative SessionTime; timezone/latency is not inferred; lap assignment is interval lookup from FastF1 LapStartTime/Time
2020:70th Anniversary Grand Prix:Race,train,2020,70th Anniversary Grand Prix,Race,NOR,4,TRUE,TRUE,LAP_CONTEXT_PRESENT,52,52,CACHED_SELECTED_LAP_STREAM,779,19973,22101,2020-08-09T13:13:17.155000,2020-08-09T14:34:04.606000,2020-08-09T13:13:17.238000,2020-08-09T14:34:04.690000,1997.109,6844.56,1997.192,6844.644,1.346514166666667,1.3465144444444446,1,52,1,52,0.23999999999978172,0.27999999999974534,0.4010000000007494,0,0.0,0,0,0.22000000000025466,0.22000000000025466,0.24000000000023647,0,0.0,0,0,TELEMETRY_COVERAGE_PASS,FastF1 raw Date plus session-relative SessionTime; timezone/latency is not inferred; lap assignment is interval lookup from FastF1 LapStartTime/Time
2020:70th Anniversary Grand Prix:Race,train,2020,70th Anniversary Grand Prix,Race,OCO,31,TRUE,TRUE,LAP_CONTEXT_PRESENT,52,52,CACHED_SELECTED_LAP_STREAM,791,19970,22098,2020-08-09T13:13:17.155000,2020-08-09T14:34:03.886000,2020-08-09T13:13:17.238000,2020-08-09T14:34:04.030000,1997.109,6843.84,1997.192,6843.984,1.3463141666666667,1.3463311111111111,1,52,1,52,0.23999999999978172,0.27999999999974534,0.4010000000007494,0,0.0,0,0,0.22000000000025466,0.22000000000025466,0.24000000000023647,0,0.0,0,0,TELEMETRY_COVERAGE_PASS,FastF1 raw Date plus session-relative SessionTime; timezone/latency is not inferred; lap assignment is interval lookup from FastF1 LapStartTime/Time
2020:70th Anniversary Grand Prix:Race,train,2020,70th Anniversary Grand Prix,Race,RAI,7,TRUE,TRUE,LAP_CONTEXT_PRESENT,51,51,CACHED_SELECTED_LAP_STREAM,793,19798,21907,2020-08-09T13:13:17.155000,2020-08-09T14:33:22.086000,2020-08-09T13:13:17.238000,2020-08-09T14:33:22.131000,1997.109,6802.04,1997.192,6802.085,1.3347030555555557,1.3346925,1,51,1,51,0.23999999999978172,0.27999999999974534,0.4010000000007494,0,0.0,0,0,0.22000000000025466,0.22000000000025466,0.24000000000023647,0,0.0,0,0,TELEMETRY_COVERAGE_PASS,FastF1 raw Date plus session-relative SessionTime; timezone/latency is not inferred; lap assignment is interval lookup from FastF1 LapStartTime/Time
2020:70th Anniversary Grand Prix:Race,train,2020,70th Anniversary Grand Prix,Race,RIC,3,TRUE,TRUE,LAP_CONTEXT_PRESENT,51,51,CACHED_SELECTED_LAP_STREAM,781,19731,21833,2020-08-09T13:13:17.155000,2020-08-09T14:33:05.926000,2020-08-09T13:13:17.238000,2020-08-09T14:33:05.890000,1997.109,6785.88,1997.192,6785.844,1.330214166666667,1.330181111111111,1,51,1,51,0.23999999999978172,0.27999999999974534,0.4010000000007494,0,0.0,0,0,0.22000000000025466,0.22000000000025466,0.24000000000023647,0,0.0,0,0,TELEMETRY_COVERAGE_PASS,FastF1 raw Date plus session-relative SessionTime; timezone/latency is not inferred; lap assignment is interval lookup from FastF1 LapStartTime/Time
2020:70th Anniversary Grand Prix:Race,train,2020,70th Anniversary Grand Prix,Race,RUS,63,TRUE,TRUE,LAP_CONTEXT_PRESENT,51,51,CACHED_SELECTED_LAP_STREAM,941,19835,21948,2020-08-09T13:13:17.155000,2020-08-09T14:33:31.126000,2020-08-09T13:13:17.238000,2020-08-09T14:33:31.130000,1997.109,6811.08,1997.192,6811.084,1.3372141666666666,1.3371922222222221,1,51,1,51,0.23999999999978172,0.27999999999974534,0.4010000000007494,0,0.0,0,0,0.22000000000025466,0.22000000000025466,0.24000000000023647,0,0.0,0,0,TELEMETRY_COVERAGE_PASS,FastF1 raw Date plus session-relative SessionTime; timezone/latency is not inferred; lap assignment is interval lookup from FastF1 LapStartTime/Time
2020:70th Anniversary Grand Prix:Race,train,2020,70th Anniversary Grand Prix,Race,SAI,55,TRUE,TRUE,LAP_CONTEXT_PRESENT,52,52,CACHED_SELECTED_LAP_STREAM,784,20008,22140,2020-08-09T13:13:17.155000,2020-08-09T14:34:13.167000,2020-08-09T13:13:17.238000,2020-08-09T14:34:13.231000,1997.109,6853.121,1997.192,6853.185,1.3488922222222224,1.3488869444444445,1,52,1,52,0.23999999999978172,0.27999999999974534,0.4010000000007494,0,0.0,0,0,0.22000000000025466,0.22000000000025466,0.24000000000023647,0,0.0,0,0,TELEMETRY_COVERAGE_PASS,FastF1 raw Date plus session-relative SessionTime; timezone/latency is not inferred; lap assignment is interval lookup from FastF1 LapStartTime/Time
2020:70th Anniversary Grand Prix:Race,train,2020,70th Anniversary Grand Prix,Race,STR,18,TRUE,TRUE,LAP_CONTEXT_PRESENT,52,52,CACHED_SELECTED_LAP_STREAM,781,19878,21996,2020-08-09T13:13:17.155000,2020-08-09T14:33:41.567000,2020-08-09T13:13:17.238000,2020-08-09T14:33:41.651000,1997.109,6821.521,1997.192,6821.605,1.3401144444444446,1.340114722222222,1,52,1,52,0.23999999999978172,0.27999999999974534,0.4010000000007494,0,0.0,0,0,0.22000000000025466,0.22000000000025466,0.24000000000023647,0,0.0,0,0,TELEMETRY_COVERAGE_PASS,FastF1 raw Date plus session-relative SessionTime; timezone/latency is not inferred; lap assignment is interval lookup from FastF1 LapStartTime/Time
2020:70th Anniversary Grand Prix:Race,train,2020,70th Anniversary Grand Prix,Race,VER,33,TRUE,TRUE,LAP_CONTEXT_PRESENT,52,52,CACHED_SELECTED_LAP_STREAM,776,19703,21802,2020-08-09T13:13:17.155000,2020-08-09T14:32:59.126000,2020-08-09T13:13:17.238000,2020-08-09T14:32:59.090000,1997.109,6779.08,1997.192,6779.044,1.3283252777777776,1.3282922222222222,1,52,1,52,0.23999999999978172,0.27999999999974534,0.4010000000007494,0,0.0,0,0,0.22000000000025466,0.22000000000025466,0.24000000000023647,0,0.0,0,0,TELEMETRY_COVERAGE_PASS,FastF1 raw Date plus session-relative SessionTime; timezone/latency is not inferred; lap assignment is interval lookup from FastF1 LapStartTime/Time
2020:70th Anniversary Grand Prix:Race,train,2020,70th Anniversary Grand Prix,Race,VET,5,TRUE,TRUE,LAP_CONTEXT_PRESENT,52,52,CACHED_SELECTED_LAP_STREAM,790,20006,22137,2020-08-09T13:13:17.155000,2020-08-09T14:34:12.647000,2020-08-09T13:13:17.238000,2020-08-09T14:34:12.571000,1997.109,6852.601,1997.192,6852.525,1.3487477777777779,1.348703611111111,1,52,1,52,0.23999999999978172,0.27999999999974534,0.4010000000007494,0,0.0,0,0,0.22000000000025466,0.22000000000025466,0.24000000000023647,0,0.0,0,0,TELEMETRY_COVERAGE_PASS,FastF1 raw Date plus session-relative SessionTime; timezone/latency is not inferred; lap assignment is interval lookup from FastF1 LapStartTime/Time
2020:Spanish Grand Prix:Race,train,2020,Spanish Grand Prix,Race,ALB,23,TRUE,TRUE,LAP_CONTEXT_PRESENT,65,65,CACHED_SELECTED_LAP_STREAM,746,22812,25281,2020-08-16T13:13:19.419000,2020-08-16T14:45:44.312000,2020-08-16T13:13:19.386000,2020-08-16T14:45:44.358000,1997.443,7542.336,1997.41,7542.382,1.5402480555555556,1.54027,1,65,1,65,0.23999999999978172,0.27999999999974534,0.36000000000012733,0,0.0,0,0,0.22000000000025466,0.22000000000025466,0.23999999999978172,0,0.0,0,0,TELEMETRY_COVERAGE_PASS,FastF1 raw Date plus session-relative SessionTime; timezone/latency is not inferred; lap assignment is interval lookup from FastF1 LapStartTime/Time
2020:Spanish Grand Prix:Race,train,2020,Spanish Grand Prix,Race,BOT,77,TRUE,TRUE,LAP_CONTEXT_PRESENT,66,66,CACHED_SELECTED_LAP_STREAM,726,22833,25304,2020-08-16T13:13:19.419000,2020-08-16T14:45:49.392000,2020-08-16T13:13:19.386000,2020-08-16T14:45:49.399000,1997.443,7547.416,1997.41,7547.423,1.5416591666666666,1.5416702777777778,1,66,1,66,0.23999999999978172,0.27999999999974534,0.36000000000012733,0,0.0,0,0,0.22000000000025466,0.22000000000025466,0.23999999999978172,0,0.0,0,0,TELEMETRY_COVERAGE_PASS,FastF1 raw Date plus session-relative SessionTime; timezone/latency is not inferred; lap assignment is interval lookup from FastF1 LapStartTime/Time
2020:Spanish Grand Prix:Race,train,2020,Spanish Grand Prix,Race,GAS,10,TRUE,TRUE,LAP_CONTEXT_PRESENT,65,65,CACHED_SELECTED_LAP_STREAM,740,22815,25284,2020-08-16T13:13:19.419000,2020-08-16T14:45:45.032000,2020-08-16T13:13:19.386000,2020-08-16T14:45:45.018000,1997.443,7543.056,1997.41,7543.042,1.5404480555555553,1.5404533333333335,1,65,1,65,0.23999999999978172,0.27999999999974534,0.36000000000012733,0,0.0,0,0,0.22000000000025466,0.22000000000025466,0.23999999999978172,0,0.0,0,0,TELEMETRY_COVERAGE_PASS,FastF1 raw Date plus session-relative SessionTime; timezone/latency is not inferred; lap assignment is interval lookup from FastF1 LapStartTime/Time
2020:Spanish Grand Prix:Race,train,2020,Spanish Grand Prix,Race,GIO,99,TRUE,TRUE,LAP_CONTEXT_PRESENT,65,65,CACHED_SELECTED_LAP_STREAM,750,22935,25418,2020-08-16T13:13:19.419000,2020-08-16T14:46:14.312000,2020-08-16T13:13:19.386000,2020-08-16T14:46:14.418000,1997.443,7572.336,1997.41,7572.442,1.5485813888888889,1.54862,1,65,1,65,0.23999999999978172,0.27999999999974534,0.36000000000012733,0,0.0,0,0,0.22000000000025466,0.22000000000025466,0.23999999999978172,0,0.0,0,0,TELEMETRY_COVERAGE_PASS,FastF1 raw Date plus session-relative SessionTime; timezone/latency is not inferred; lap assignment is interval lookup from FastF1 LapStartTime/Time
2020:Spanish Grand Prix:Race,train,2020,Spanish Grand Prix,Race,GRO,8,TRUE,TRUE,LAP_CONTEXT_PRESENT,64,64,CACHED_SELECTED_LAP_STREAM,750,22770,25235,2020-08-16T13:13:19.419000,2020-08-16T14:45:34.192000,2020-08-16T13:13:19.386000,2020-08-16T14:45:34.278000,1997.443,7532.216,1997.41,7532.302,1.5374369444444445,1.53747,1,64,1,64,0.23999999999978172,0.27999999999974534,0.36000000000012733,0,0.0,0,0,0.22000000000025466,0.22000000000025466,0.23999999999978172,0,0.0,0,0,TELEMETRY_COVERAGE_PASS,FastF1 raw Date plus session-relative SessionTime; timezone/latency is not inferred; lap assignment is interval lookup from FastF1 LapStartTime/Time
2020:Spanish Grand Prix:Race,train,2020,Spanish Grand Prix,Race,HAM,44,TRUE,TRUE,LAP_CONTEXT_PRESENT,66,66,CACHED_SELECTED_LAP_STREAM,723,22648,25100,2020-08-16T13:13:19.419000,2020-08-16T14:45:04.552000,2020-08-16T13:13:19.386000,2020-08-16T14:45:04.658000,1997.443,7502.576,1997.41,7502.682,1.5292036111111111,1.5292422222222222,1,66,1,66,0.23999999999978172,0.27999999999974534,0.36000000000012733,0,0.0,0,0,0.22000000000025466,0.22000000000025466,0.23999999999978172,0,0.0,0,0,TELEMETRY_COVERAGE_PASS,FastF1 raw Date plus session-relative SessionTime; timezone/latency is not inferred; lap assignment is interval lookup from FastF1 LapStartTime/Time
2020:Spanish Grand Prix:Race,train,2020,Spanish Grand Prix,Race,KVY,26,TRUE,TRUE,LAP_CONTEXT_PRESENT,65,65,MISSING_FROM_SUPPLIED_ARCHIVE,0,22824,25295,2020-08-16T13:13:19.419000,2020-08-16T14:45:47.232000,2020-08-16T13:13:19.386000,2020-08-16T14:45:47.438000,1997.443,7545.256,1997.41,7545.462,1.5410591666666666,1.5411255555555556,1,65,1,65,0.23999999999978172,0.27999999999974534,0.36000000000012733,0,0.0,0,0,0.22000000000025466,0.22000000000025466,0.23999999999978172,0,0.0,0,0,TELEMETRY_COVERAGE_PASS,FastF1 raw Date plus session-relative SessionTime; timezone/latency is not inferred; lap assignment is interval lookup from FastF1 LapStartTime/Time
2020:Spanish Grand Prix:Race,train,2020,Spanish Grand Prix,Race,LAT,6,TRUE,TRUE,LAP_CONTEXT_PRESENT,64,64,MISSING_FROM_SUPPLIED_ARCHIVE,0,22656,25109,2020-08-16T13:13:19.419000,2020-08-16T14:45:06.511000,2020-08-16T13:13:19.386000,2020-08-16T14:45:06.638000,1997.443,7504.535,1997.41,7504.662,1.5297477777777777,1.5297922222222224,1,64,1,64,0.23999999999978172,0.27999999999974534,0.36000000000012733,0,0.0,0,0,0.22000000000025466,0.22000000000025466,0.23999999999978172,0,0.0,0,0,TELEMETRY_COVERAGE_PASS,FastF1 raw Date plus session-relative SessionTime; timezone/latency is not inferred; lap assignment is interval lookup from FastF1 LapStartTime/Time
2020:Spanish Grand Prix:Race,train,2020,Spanish Grand Prix,Race,LEC,16,TRUE,TRUE,LAP_CONTEXT_PRESENT,38,38,MISSING_FROM_SUPPLIED_ARCHIVE,0,13707,15190,2020-08-16T13:13:19.419000,2020-08-16T14:08:51.027000,2020-08-16T13:13:19.386000,2020-08-16T14:08:50.941000,1997.443,5329.051,1997.41,5328.965,0.9254466666666668,0.9254319444444445,1,38,1,38,0.23999999999978172,0.27999999999974534,0.36000000000012733,0,0.0,0,0,0.22000000000025466,0.22000000000025466,0.22100000000000364,0,0.0,0,0,TELEMETRY_COVERAGE_PASS,FastF1 raw Date plus session-relative SessionTime; timezone/latency is not inferred; lap assignment is interval lookup from FastF1 LapStartTime/Time
2020:Spanish Grand Prix:Race,train,2020,Spanish Grand Prix,Race,MAG,20,TRUE,TRUE,LAP_CONTEXT_PRESENT,65,65,MISSING_FROM_SUPPLIED_ARCHIVE,0,22932,25415,2020-08-16T13:13:19.419000,2020-08-16T14:46:13.552000,2020-08-16T13:13:19.386000,2020-08-16T14:46:13.758000,1997.443,7571.576,1997.41,7571.782,1.5483702777777777,1.5484366666666667,1,65,1,65,0.23999999999978172,0.27999999999974534,0.36000000000012733,0,0.0,0,0,0.22000000000025466,0.22000000000025466,0.23999999999978172,0,0.0,0,0,TELEMETRY_COVERAGE_PASS,FastF1 raw Date plus session-relative SessionTime; timezone/latency is not inferred; lap assignment is interval lookup from FastF1 LapStartTime/Time
2020:Spanish Grand Prix:Race,train,2020,Spanish Grand Prix,Race,NOR,4,TRUE,TRUE,LAP_CONTEXT_PRESENT,65,65,MISSING_FROM_SUPPLIED_ARCHIVE,0,22817,25286,2020-08-16T13:13:19.419000,2020-08-16T14:45:45.512000,2020-08-16T13:13:19.386000,2020-08-16T14:45:45.458000,1997.443,7543.536,1997.41,7543.482,1.5405813888888888,1.5405755555555556,1,65,1,65,0.23999999999978172,0.27999999999974534,0.36000000000012733,0,0.0,0,0,0.22000000000025466,0.22000000000025466,0.23999999999978172,0,0.0,0,0,TELEMETRY_COVERAGE_PASS,FastF1 raw Date plus session-relative SessionTime; timezone/latency is not inferred; lap assignment is interval lookup from FastF1 LapStartTime/Time
2020:Spanish Grand Prix:Race,train,2020,Spanish Grand Prix,Race,OCO,31,TRUE,TRUE,LAP_CONTEXT_PRESENT,65,65,MISSING_FROM_SUPPLIED_ARCHIVE,0,22879,25355,2020-08-16T13:13:19.419000,2020-08-16T14:46:00.592000,2020-08-16T13:13:19.386000,2020-08-16T14:46:00.598000,1997.443,7558.616,1997.41,7558.622,1.5447702777777776,1.5447811111111112,1,65,1,65,0.23999999999978172,0.27999999999974534,0.36000000000012733,0,0.0,0,0,0.22000000000025466,0.22000000000025466,0.23999999999978172,0,0.0,0,0,TELEMETRY_COVERAGE_PASS,FastF1 raw Date plus session-relative SessionTime; timezone/latency is not inferred; lap assignment is interval lookup from FastF1 LapStartTime/Time
2020:Spanish Grand Prix:Race,train,2020,Spanish Grand Prix,Race,PER,11,TRUE,TRUE,LAP_CONTEXT_PRESENT,65,65,MISSING_FROM_SUPPLIED_ARCHIVE,0,22727,25187,2020-08-16T13:13:19.419000,2020-08-16T14:45:23.712000,2020-08-16T13:13:19.386000,2020-08-16T14:45:23.739000,1997.443,7521.736,1997.41,7521.763,1.5345258333333331,1.5345425,1,65,1,65,0.23999999999978172,0.27999999999974534,0.36000000000012733,0,0.0,0,0,0.22000000000025466,0.22000000000025466,0.23999999999978172,0,0.0,0,0,TELEMETRY_COVERAGE_PASS,FastF1 raw Date plus session-relative SessionTime; timezone/latency is not inferred; lap assignment is interval lookup from FastF1 LapStartTime/Time
2020:Spanish Grand Prix:Race,train,2020,Spanish Grand Prix,Race,RAI,7,TRUE,TRUE,LAP_CONTEXT_PRESENT,65,65,MISSING_FROM_SUPPLIED_ARCHIVE,0,22901,25380,2020-08-16T13:13:19.419000,2020-08-16T14:46:05.951000,2020-08-16T13:13:19.386000,2020-08-16T14:46:06.078000,1997.443,7563.975,1997.41,7564.102,1.5462588888888888,1.5463033333333334,1,65,1,65,0.23999999999978172,0.27999999999974534,0.36000000000012733,0,0.0,0,0,0.22000000000025466,0.22000000000025466,0.23999999999978172,0,0.0,0,0,TELEMETRY_COVERAGE_PASS,FastF1 raw Date plus session-relative SessionTime; timezone/latency is not inferred; lap assignment is interval lookup from FastF1 LapStartTime/Time
2020:Spanish Grand Prix:Race,train,2020,Spanish Grand Prix,Race,RIC,3,TRUE,TRUE,LAP_CONTEXT_PRESENT,65,65,MISSING_FROM_SUPPLIED_ARCHIVE,0,22821,25291,2020-08-16T13:13:19.419000,2020-08-16T14:45:46.472000,2020-08-16T13:13:19.386000,2020-08-16T14:45:46.558000,1997.443,7544.496,1997.41,7544.582,1.5408480555555555,1.5408811111111111,1,65,1,65,0.23999999999978172,0.27999999999974534,0.36000000000012733,0,0.0,0,0,0.22000000000025466,0.22000000000025466,0.23999999999978172,0,0.0,0,0,TELEMETRY_COVERAGE_PASS,FastF1 raw Date plus session-relative SessionTime; timezone/latency is not inferred; lap assignment is interval lookup from FastF1 LapStartTime/Time
2020:Spanish Grand Prix:Race,train,2020,Spanish Grand Prix,Race,RUS,63,TRUE,TRUE,LAP_CONTEXT_PRESENT,65,65,MISSING_FROM_SUPPLIED_ARCHIVE,0,22974,25462,2020-08-16T13:13:19.419000,2020-08-16T14:46:23.912000,2020-08-16T13:13:19.386000,2020-08-16T14:46:24.058000,1997.443,7581.936,1997.41,7582.082,1.5512480555555554,1.5512977777777779,1,65,1,65,0.23999999999978172,0.27999999999974534,0.36000000000012733,0,0.0,0,0,0.22000000000025466,0.22000000000025466,0.23999999999978172,0,0.0,0,0,TELEMETRY_COVERAGE_PASS,FastF1 raw Date plus session-relative SessionTime; timezone/latency is not inferred; lap assignment is interval lookup from FastF1 LapStartTime/Time
2020:Spanish Grand Prix:Race,train,2020,Spanish Grand Prix,Race,SAI,55,TRUE,TRUE,LAP_CONTEXT_PRESENT,65,65,MISSING_FROM_SUPPLIED_ARCHIVE,0,22754,25217,2020-08-16T13:13:19.419000,2020-08-16T14:45:30.352000,2020-08-16T13:13:19.386000,2020-08-16T14:45:30.319000,1997.443,7528.376,1997.41,7528.343,1.5363702777777777,1.5363702777777777,1,65,1,65,0.23999999999978172,0.27999999999974534,0.36000000000012733,0,0.0,0,0,0.22000000000025466,0.22000000000025466,0.23999999999978172,0,0.0,0,0,TELEMETRY_COVERAGE_PASS,FastF1 raw Date plus session-relative SessionTime; timezone/latency is not inferred; lap assignment is interval lookup from FastF1 LapStartTime/Time
2020:Spanish Grand Prix:Race,train,2020,Spanish Grand Prix,Race,STR,18,TRUE,TRUE,LAP_CONTEXT_PRESENT,65,65,MISSING_FROM_SUPPLIED_ARCHIVE,0,22737,25198,2020-08-16T13:13:19.419000,2020-08-16T14:45:26.151000,2020-08-16T13:13:19.386000,2020-08-16T14:45:26.158000,1997.443,7524.175,1997.41,7524.182,1.5352033333333333,1.5352144444444444,1,65,1,65,0.23999999999978172,0.27999999999974534,0.36000000000012733,0,0.0,0,0,0.22000000000025466,0.22000000000025466,0.23999999999978172,0,0.0,0,0,TELEMETRY_COVERAGE_PASS,FastF1 raw Date plus session-relative SessionTime; timezone/latency is not inferred; lap assignment is interval lookup from FastF1 LapStartTime/Time
2020:Spanish Grand Prix:Race,train,2020,Spanish Grand Prix,Race,VER,33,TRUE,TRUE,LAP_CONTEXT_PRESENT,66,66,MISSING_FROM_SUPPLIED_ARCHIVE,0,22748,25210,2020-08-16T13:13:19.419000,2020-08-16T14:45:28.872000,2020-08-16T13:13:19.386000,2020-08-16T14:45:28.779000,1997.443,7526.896,1997.41,7526.803,1.5359591666666665,1.5359425,1,66,1,66,0.23999999999978172,0.27999999999974534,0.36000000000012733,0,0.0,0,0,0.22000000000025466,0.22000000000025466,0.23999999999978172,0,0.0,0,0,TELEMETRY_COVERAGE_PASS,FastF1 raw Date plus session-relative SessionTime; timezone/latency is not inferred; lap assignment is interval lookup from FastF1 LapStartTime/Time
2020:Spanish Grand Prix:Race,train,2020,Spanish Grand Prix,Race,VET,5,TRUE,TRUE,LAP_CONTEXT_PRESENT,65,65,MISSING_FROM_SUPPLIED_ARCHIVE,0,22807,25276,2020-08-16T13:13:19.419000,2020-08-16T14:45:43.112000,2020-08-16T13:13:19.386000,2020-08-16T14:45:43.259000,1997.443,7541.136,1997.41,7541.283,1.5399147222222223,1.5399647222222224,1,65,1,65,0.23999999999978172,0.27999999999974534,0.36000000000012733,0,0.0,0,0,0.22000000000025466,0.22000000000025466,0.23999999999978172,0,0.0,0,0,TELEMETRY_COVERAGE_PASS,FastF1 raw Date plus session-relative SessionTime; timezone/latency is not inferred; lap assignment is interval lookup from FastF1 LapStartTime/Time
2020:Belgian Grand Prix:Race,train,2020,Belgian Grand Prix,Race,ALB,23,TRUE,TRUE,LAP_CONTEXT_PRESENT,44,44,CACHED_SELECTED_LAP_STREAM,969,21024,23211,2020-08-30T13:13:41.897000,2020-08-30T14:38:33.388000,2020-08-30T13:13:41.846000,2020-08-30T14:38:33.177000,2021.833,7113.324,2021.782,7113.113,1.4143030555555556,1.414258611111111,1,44,1,44,0.23999999999978172,0.27999999999974534,0.36000000000012733,0,0.0,0,0,0.22000000000025466,0.22000000000025466,0.2600000000002183,0,0.0,0,0,TELEMETRY_COVERAGE_PASS,FastF1 raw Date plus session-relative SessionTime; timezone/latency is not inferred; lap assignment is interval lookup from FastF1 LapStartTime/Time
2020:Belgian Grand Prix:Race,train,2020,Belgian Grand Prix,Race,BOT,77,TRUE,TRUE,LAP_CONTEXT_PRESENT,44,44,CACHED_SELECTED_LAP_STREAM,957,20881,23055,2020-08-30T13:13:41.897000,2020-08-30T14:37:58.948000,2020-08-30T13:13:41.846000,2020-08-30T14:37:58.958000,2021.833,7078.884,2021.782,7078.894,1.4047363888888889,1.4047533333333333,1,44,1,44,0.23999999999978172,0.27999999999974534,0.36000000000012733,0,0.0,0,0,0.22000000000025466,0.22000000000025466,0.2600000000002183,0,0.0,0,0,TELEMETRY_COVERAGE_PASS,FastF1 raw Date plus session-relative SessionTime; timezone/latency is not inferred; lap assignment is interval lookup from FastF1 LapStartTime/Time
2020:Belgian Grand Prix:Race,train,2020,Belgian Grand Prix,Race,GAS,10,TRUE,TRUE,LAP_CONTEXT_PRESENT,44,44,CACHED_SELECTED_LAP_STREAM,974,21043,23233,2020-08-30T13:13:41.897000,2020-08-30T14:38:38.028000,2020-08-30T13:13:41.846000,2020-08-30T14:38:37.998000,2021.833,7117.964,2021.782,7117.934,1.4155919444444443,1.4155977777777777,1,44,1,44,0.23999999999978172,0.27999999999974534,0.36000000000012733,0,0.0,0,0,0.22000000000025466,0.22000000000025466,0.2600000000002183,0,0.0,0,0,TELEMETRY_COVERAGE_PASS,FastF1 raw Date plus session-relative SessionTime; timezone/latency is not inferred; lap assignment is interval lookup from FastF1 LapStartTime/Time
2020:Belgian Grand Prix:Race,train,2020,Belgian Grand Prix,Race,GIO,99,TRUE,TRUE,LAP_CONTEXT_PRESENT,10,10,CACHED_SELECTED_LAP_STREAM,993,4851,5351,2020-08-30T13:13:41.897000,2020-08-30T13:33:15.460000,2020-08-30T13:13:41.846000,2020-08-30T13:33:15.463000,2021.833,3195.396,2021.782,3195.399,0.3259897222222223,0.3260047222222222,1,10,1,10,0.23999999999978172,0.27999999999974534,0.36000000000012733,0,0.0,0,0,0.2199999999997999,0.22000000000025466,0.2600000000002183,0,0.0,0,0,TELEMETRY_COVERAGE_PASS,FastF1 raw Date plus session-relative SessionTime; timezone/latency is not inferred; lap assignment is interval lookup from FastF1 LapStartTime/Time
2020:Belgian Grand Prix:Race,train,2020,Belgian Grand Prix,Race,GRO,8,TRUE,TRUE,LAP_CONTEXT_PRESENT,44,44,CACHED_SELECTED_LAP_STREAM,980,21163,23367,2020-08-30T13:13:41.897000,2020-08-30T14:39:07.308000,2020-08-30T13:13:41.846000,2020-08-30T14:39:07.397000,2021.833,7147.244,2021.782,7147.333,1.4237252777777778,1.4237641666666665,1,44,1,44,0.23999999999978172,0.27999999999974534,0.36000000000012733,0,0.0,0,0,0.22000000000025466,0.22000000000025466,0.2600000000002183,0,0.0,0,0,TELEMETRY_COVERAGE_PASS,FastF1 raw Date plus session-relative SessionTime; timezone/latency is not inferred; lap assignment is interval lookup from FastF1 LapStartTime/Time
2020:Belgian Grand Prix:Race,train,2020,Belgian Grand Prix,Race,HAM,44,TRUE,TRUE,LAP_CONTEXT_PRESENT,44,44,CACHED_SELECTED_LAP_STREAM,958,20847,23017,2020-08-30T13:13:41.897000,2020-08-30T14:37:50.628000,2020-08-30T13:13:41.846000,2020-08-30T14:37:50.637000,2021.833,7070.564,2021.782,7070.573,1.4024252777777777,1.4024419444444445,1,44,1,44,0.23999999999978172,0.27999999999974534,0.36000000000012733,0,0.0,0,0,0.22000000000025466,0.22000000000025466,0.2600000000002183,0,0.0,0,0,TELEMETRY_COVERAGE_PASS,FastF1 raw Date plus session-relative SessionTime; timezone/latency is not inferred; lap assignment is interval lookup from FastF1 LapStartTime/Time
2020:Belgian Grand Prix:Race,train,2020,Belgian Grand Prix,Race,KVY,26,TRUE,TRUE,LAP_CONTEXT_PRESENT,44,44,CACHED_SELECTED_LAP_STREAM,972,21136,23337,2020-08-30T13:13:41.897000,2020-08-30T14:39:00.708000,2020-08-30T13:13:41.846000,2020-08-30T14:39:00.817000,2021.833,7140.644,2021.782,7140.753,1.4218919444444444,1.4219363888888887,1,44,1,44,0.23999999999978172,0.27999999999974534,0.36000000000012733,0,0.0,0,0,0.22000000000025466,0.22000000000025466,0.2600000000002183,0,0.0,0,0,TELEMETRY_COVERAGE_PASS,FastF1 raw Date plus session-relative SessionTime; timezone/latency is not inferred; lap assignment is interval lookup from FastF1 LapStartTime/Time
2020:Belgian Grand Prix:Race,train,2020,Belgian Grand Prix,Race,LAT,6,TRUE,TRUE,LAP_CONTEXT_PRESENT,44,44,CACHED_SELECTED_LAP_STREAM,993,21168,23371,2020-08-30T13:13:41.897000,2020-08-30T14:39:08.468000,2020-08-30T13:13:41.846000,2020-08-30T14:39:08.277000,2021.833,7148.404,2021.782,7148.213,1.4240475,1.424008611111111,1,44,1,44,0.23999999999978172,0.27999999999974534,0.36000000000012733,0,0.0,0,0,0.22000000000025466,0.22000000000025466,0.2600000000002183,0,0.0,0,0,TELEMETRY_COVERAGE_PASS,FastF1 raw Date plus session-relative SessionTime; timezone/latency is not inferred; lap assignment is interval lookup from FastF1 LapStartTime/Time
2020:Belgian Grand Prix:Race,train,2020,Belgian Grand Prix,Race,LEC,16,TRUE,TRUE,LAP_CONTEXT_PRESENT,44,44,CACHED_SELECTED_LAP_STREAM,974,21156,23358,2020-08-30T13:13:41.897000,2020-08-30T14:39:05.628000,2020-08-30T13:13:41.846000,2020-08-30T14:39:05.418000,2021.833,7145.564,2021.782,7145.354,1.423258611111111,1.4232144444444446,1,44,1,44,0.23999999999978172,0.27999999999974534,0.36000000000012733,0,0.0,0,0,0.22000000000025466,0.22000000000025466,0.2600000000002183,0,0.0,0,0,TELEMETRY_COVERAGE_PASS,FastF1 raw Date plus session-relative SessionTime; timezone/latency is not inferred; lap assignment is interval lookup from FastF1 LapStartTime/Time
2020:Belgian Grand Prix:Race,train,2020,Belgian Grand Prix,Race,MAG,20,TRUE,TRUE,LAP_CONTEXT_PRESENT,44,44,CACHED_SELECTED_LAP_STREAM,983,21200,23407,2020-08-30T13:13:41.897000,2020-08-30T14:39:16.148000,2020-08-30T13:13:41.846000,2020-08-30T14:39:16.177000,2021.833,7156.084,2021.782,7156.113,1.4261808333333335,1.4262030555555556,1,44,1,44,0.23999999999978172,0.27999999999974534,0.36000000000012733,0,0.0,0,0,0.22000000000025466,0.22000000000025466,0.2600000000002183,0,0.0,0,0,TELEMETRY_COVERAGE_PASS,FastF1 raw Date plus session-relative SessionTime; timezone/latency is not inferred; lap assignment is interval lookup from FastF1 LapStartTime/Time
2020:Belgian Grand Prix:Race,train,2020,Belgian Grand Prix,Race,NOR,4,TRUE,TRUE,LAP_CONTEXT_PRESENT,44,44,CACHED_SELECTED_LAP_STREAM,971,21028,23216,2020-08-30T13:13:41.897000,2020-08-30T14:38:34.348000,2020-08-30T13:13:41.846000,2020-08-30T14:38:34.277000,2021.833,7114.284,2021.782,7114.213,1.414569722222222,1.4145641666666666,1,44,1,44,0.23999999999978172,0.27999999999974534,0.36000000000012733,0,0.0,0,0,0.22000000000025466,0.22000000000025466,0.2600000000002183,0,0.0,0,0,TELEMETRY_COVERAGE_PASS,FastF1 raw Date plus session-relative SessionTime; timezone/latency is not inferred; lap assignment is interval lookup from FastF1 LapStartTime/Time
2020:Belgian Grand Prix:Race,train,2020,Belgian Grand Prix,Race,OCO,31,TRUE,TRUE,LAP_CONTEXT_PRESENT,44,44,CACHED_SELECTED_LAP_STREAM,968,21015,23202,2020-08-30T13:13:41.897000,2020-08-30T14:38:31.228000,2020-08-30T13:13:41.846000,2020-08-30T14:38:31.198000,2021.833,7111.164,2021.782,7111.134,1.4137030555555556,1.413708888888889,1,44,1,44,0.23999999999978172,0.27999999999974534,0.36000000000012733,0,0.0,0,0,0.22000000000025466,0.22000000000025466,0.2600000000002183,0,0.0,0,0,TELEMETRY_COVERAGE_PASS,FastF1 raw Date plus session-relative SessionTime; timezone/latency is not inferred; lap assignment is interval lookup from FastF1 LapStartTime/Time
2020:Belgian Grand Prix:Race,train,2020,Belgian Grand Prix,Race,PER,11,TRUE,TRUE,LAP_CONTEXT_PRESENT,44,44,CACHED_SELECTED_LAP_STREAM,974,21067,23259,2020-08-30T13:13:41.897000,2020-08-30T14:38:43.828000,2020-08-30T13:13:41.846000,2020-08-30T14:38:43.717000,2021.833,7123.764,2021.782,7123.653,1.4172030555555557,1.417186388888889,1,44,1,44,0.23999999999978172,0.27999999999974534,0.36000000000012733,0,0.0,0,0,0.22000000000025466,0.22000000000025466,0.2600000000002183,0,0.0,0,0,TELEMETRY_COVERAGE_PASS,FastF1 raw Date plus session-relative SessionTime; timezone/latency is not inferred; lap assignment is interval lookup from FastF1 LapStartTime/Time
2020:Belgian Grand Prix:Race,train,2020,Belgian Grand Prix,Race,RAI,7,TRUE,TRUE,LAP_CONTEXT_PRESENT,44,44,CACHED_SELECTED_LAP_STREAM,977,21142,23343,2020-08-30T13:13:41.897000,2020-08-30T14:39:02.188000,2020-08-30T13:13:41.846000,2020-08-30T14:39:02.137000,2021.833,7142.124,2021.782,7142.073,1.4223030555555554,1.4223030555555556,1,44,1,44,0.23999999999978172,0.27999999999974534,0.36000000000012733,0,0.0,0,0,0.22000000000025466,0.22000000000025466,0.2600000000002183,0,0.0,0,0,TELEMETRY_COVERAGE_PASS,FastF1 raw Date plus session-relative SessionTime; timezone/latency is not inferred; lap assignment is interval lookup from FastF1 LapStartTime/Time
2020:Belgian Grand Prix:Race,train,2020,Belgian Grand Prix,Race,RIC,3,TRUE,TRUE,LAP_CONTEXT_PRESENT,44,44,CACHED_SELECTED_LAP_STREAM,966,20924,23103,2020-08-30T13:13:41.897000,2020-08-30T14:38:09.348000,2020-08-30T13:13:41.846000,2020-08-30T14:38:09.497000,2021.833,7089.284,2021.782,7089.433,1.4076252777777776,1.4076808333333333,1,44,1,44,0.23999999999978172,0.27999999999974534,0.36000000000012733,0,0.0,0,0,0.22000000000025466,0.22000000000025466,0.2600000000002183,0,0.0,0,0,TELEMETRY_COVERAGE_PASS,FastF1 raw Date plus session-relative SessionTime; timezone/latency is not inferred; lap assignment is interval lookup from FastF1 LapStartTime/Time
2020:Belgian Grand Prix:Race,train,2020,Belgian Grand Prix,Race,RUS,63,TRUE,TRUE,LAP_CONTEXT_PRESENT,10,10,CACHED_SELECTED_LAP_STREAM,996,4860,5361,2020-08-30T13:13:41.897000,2020-08-30T13:33:17.699000,2020-08-30T13:13:41.846000,2020-08-30T13:33:17.644000,2021.833,3197.635,2021.782,3197.58,0.3266116666666667,0.32661055555555557,1,10,1,10,0.23999999999978172,0.27999999999974534,0.36000000000012733,0,0.0,0,0,0.2199999999997999,0.22000000000025466,0.2600000000002183,0,0.0,0,0,TELEMETRY_COVERAGE_PASS,FastF1 raw Date plus session-relative SessionTime; timezone/latency is not inferred; lap assignment is interval lookup from FastF1 LapStartTime/Time
2020:Belgian Grand Prix:Race,train,2020,Belgian Grand Prix,Race,SAI,,TRUE,FALSE,LAP_CONTEXT_PRESENT,1,1,CACHED_SELECTED_LAP_STREAM,978,0,0,,,,,,,,,0.0,0.0,,,,,,,,0,0.0,0,0,,,,0,0.0,0,0,TELEMETRY_COVERAGE_INCOMPLETE,FastF1 raw Date plus session-relative SessionTime; timezone/latency is not inferred; lap assignment is interval lookup from FastF1 LapStartTime/Time
2020:Belgian Grand Prix:Race,train,2020,Belgian Grand Prix,Race,STR,18,TRUE,TRUE,LAP_CONTEXT_PRESENT,44,44,CACHED_SELECTED_LAP_STREAM,973,21064,23257,2020-08-30T13:13:41.897000,2020-08-30T14:38:43.108000,2020-08-30T13:13:41.846000,2020-08-30T14:38:43.277000,2021.833,7123.044,2021.782,7123.213,1.4170030555555553,1.4170641666666666,1,44,1,44,0.23999999999978172,0.27999999999974534,0.36000000000012733,0,0.0,0,0,0.22000000000025466,0.22000000000025466,0.2600000000002183,0,0.0,0,0,TELEMETRY_COVERAGE_PASS,FastF1 raw Date plus session-relative SessionTime; timezone/latency is not inferred; lap assignment is interval lookup from FastF1 LapStartTime/Time
2020:Belgian Grand Prix:Race,train,2020,Belgian Grand Prix,Race,VER,33,TRUE,TRUE,LAP_CONTEXT_PRESENT,44,44,CACHED_SELECTED_LAP_STREAM,959,20910,23087,2020-08-30T13:13:41.897000,2020-08-30T14:38:06.028000,2020-08-30T13:13:41.846000,2020-08-30T14:38:05.978000,2021.833,7085.964,2021.782,7085.914,1.4067030555555553,1.4067033333333332,1,44,1,44,0.23999999999978172,0.27999999999974534,0.36000000000012733,0,0.0,0,0,0.22000000000025466,0.22000000000025466,0.2600000000002183,0,0.0,0,0,TELEMETRY_COVERAGE_PASS,FastF1 raw Date plus session-relative SessionTime; timezone/latency is not inferred; lap assignment is interval lookup from FastF1 LapStartTime/Time
2020:Belgian Grand Prix:Race,train,2020,Belgian Grand Prix,Race,VET,5,TRUE,TRUE,LAP_CONTEXT_PRESENT,44,44,CACHED_SELECTED_LAP_STREAM,976,21147,23349,2020-08-30T13:13:41.897000,2020-08-30T14:39:03.388000,2020-08-30T13:13:41.846000,2020-08-30T14:39:03.457000,2021.833,7143.324,2021.782,7143.393,1.4226363888888889,1.4226697222222222,1,44,1,44,0.23999999999978172,0.27999999999974534,0.36000000000012733,0,0.0,0,0,0.22000000000025466,0.22000000000025466,0.2600000000002183,0,0.0,0,0,TELEMETRY_COVERAGE_PASS,FastF1 raw Date plus session-relative SessionTime; timezone/latency is not inferred; lap assignment is interval lookup from FastF1 LapStartTime/Time
2020:Italian Grand Prix:Race,train,2020,Italian Grand Prix,Race,ALB,23,TRUE,TRUE,LAP_CONTEXT_PRESENT,53,53,CACHED_SELECTED_LAP_STREAM,755,26685,29469,2020-09-06T13:13:28.385000,2020-09-06T15:01:11.880000,2020-09-06T13:13:28.412000,2020-09-06T15:01:11.903000,2008.189,8471.684,2008.216,8471.707,1.7954152777777774,1.7954141666666668,1,53,1,53,0.23999999999978172,0.27999999999974534,0.36000000000012733,0,0.0,0,0,0.22000000000025466,0.22000000000025466,0.22100000000045839,0,0.0,0,0,TELEMETRY_COVERAGE_PASS,FastF1 raw Date plus session-relative SessionTime; timezone/latency is not inferred; lap assignment is interval lookup from FastF1 LapStartTime/Time
2020:Italian Grand Prix:Race,train,2020,Italian Grand Prix,Race,BOT,77,TRUE,TRUE,LAP_CONTEXT_PRESENT,53,53,CACHED_SELECTED_LAP_STREAM,749,26559,29330,2020-09-06T13:13:28.385000,2020-09-06T15:00:41.520000,2020-09-06T13:13:28.412000,2020-09-06T15:00:41.423000,2008.189,8441.324,2008.216,8441.227,1.7869819444444446,1.7869475000000001,1,53,1,53,0.23999999999978172,0.27999999999974534,0.36000000000012733,0,0.0,0,0,0.22000000000025466,0.22000000000025466,0.22100000000045839,0,0.0,0,0,TELEMETRY_COVERAGE_PASS,FastF1 raw Date plus session-relative SessionTime; timezone/latency is not inferred; lap assignment is interval lookup from FastF1 LapStartTime/Time
2020:Italian Grand Prix:Race,train,2020,Italian Grand Prix,Race,GAS,10,TRUE,TRUE,LAP_CONTEXT_PRESENT,53,53,CACHED_SELECTED_LAP_STREAM,750,26529,29298,2020-09-06T13:13:28.385000,2020-09-06T15:00:34.320000,2020-09-06T13:13:28.412000,2020-09-06T15:00:34.403000,2008.189,8434.124,2008.216,8434.207,1.7849819444444444,1.7849975,1,53,1,53,0.23999999999978172,0.27999999999974534,0.36000000000012733,0,0.0,0,0,0.22000000000025466,0.22000000000025466,0.22100000000045839,0,0.0,0,0,TELEMETRY_COVERAGE_PASS,FastF1 raw Date plus session-relative SessionTime; timezone/latency is not inferred; lap assignment is interval lookup from FastF1 LapStartTime/Time
2020:Italian Grand Prix:Race,train,2020,Italian Grand Prix,Race,GIO,99,TRUE,TRUE,LAP_CONTEXT_PRESENT,53,53,CACHED_SELECTED_LAP_STREAM,754,26757,29549,2020-09-06T13:13:28.385000,2020-09-06T15:01:29.560000,2020-09-06T13:13:28.412000,2020-09-06T15:01:29.462000,2008.189,8489.364,2008.216,8489.266,1.8003263888888887,1.8002916666666664,1,53,1,53,0.23999999999978172,0.27999999999974534,0.36000000000012733,0,0.0,0,0,0.22000000000025466,0.22000000000025466,0.22100000000045839,0,0.0,0,0,TELEMETRY_COVERAGE_PASS,FastF1 raw Date plus session-relative SessionTime; timezone/latency is not inferred; lap assignment is interval lookup from FastF1 LapStartTime/Time
2020:Italian Grand Prix:Race,train,2020,Italian Grand Prix,Race,GRO,8,TRUE,TRUE,LAP_CONTEXT_PRESENT,53,53,CACHED_SELECTED_LAP_STREAM,755,26675,29458,2020-09-06T13:13:28.385000,2020-09-06T15:01:09.440000,2020-09-06T13:13:28.412000,2020-09-06T15:01:09.502000,2008.189,8469.244,2008.216,8469.306,1.7947375,1.7947472222222223,1,53,1,53,0.23999999999978172,0.27999999999974534,0.36000000000012733,0,0.0,0,0,0.22000000000025466,0.22000000000025466,0.22100000000045839,0,0.0,0,0,TELEMETRY_COVERAGE_PASS,FastF1 raw Date plus session-relative SessionTime; timezone/latency is not inferred; lap assignment is interval lookup from FastF1 LapStartTime/Time
2020:Italian Grand Prix:Race,train,2020,Italian Grand Prix,Race,HAM,44,TRUE,TRUE,LAP_CONTEXT_PRESENT,53,53,CACHED_SELECTED_LAP_STREAM,744,26601,29377,2020-09-06T13:13:28.385000,2020-09-06T15:00:51.599000,2020-09-06T13:13:28.412000,2020-09-06T15:00:51.723000,2008.189,8451.403,2008.216,8451.527,1.7897816666666666,1.7898086111111111,1,53,1,53,0.23999999999978172,0.27999999999974534,0.36000000000012733,0,0.0,0,0,0.22000000000025466,0.22000000000025466,0.22100000000045839,0,0.0,0,0,TELEMETRY_COVERAGE_PASS,FastF1 raw Date plus session-relative SessionTime; timezone/latency is not inferred; lap assignment is interval lookup from FastF1 LapStartTime/Time
2020:Italian Grand Prix:Race,train,2020,Italian Grand Prix,Race,KVY,26,TRUE,TRUE,LAP_CONTEXT_PRESENT,53,53,CACHED_SELECTED_LAP_STREAM,754,26621,29399,2020-09-06T13:13:28.385000,2020-09-06T15:00:56.480000,2020-09-06T13:13:28.412000,2020-09-06T15:00:56.562000,2008.189,8456.284,2008.216,8456.366,1.7911374999999998,1.7911527777777776,1,53,1,53,0.23999999999978172,0.27999999999974534,0.36000000000012733,0,0.0,0,0,0.22000000000025466,0.22000000000025466,0.22100000000045839,0,0.0,0,0,TELEMETRY_COVERAGE_PASS,FastF1 raw Date plus session-relative SessionTime; timezone/latency is not inferred; lap assignment is interval lookup from FastF1 LapStartTime/Time
2020:Italian Grand Prix:Race,train,2020,Italian Grand Prix,Race,LAT,6,TRUE,TRUE,LAP_CONTEXT_PRESENT,53,53,CACHED_SELECTED_LAP_STREAM,758,26666,29448,2020-09-06T13:13:28.385000,2020-09-06T15:01:07.280000,2020-09-06T13:13:28.412000,2020-09-06T15:01:07.303000,2008.189,8467.084,2008.216,8467.107,1.7941375000000002,1.7941363888888888,1,53,1,53,0.23999999999978172,0.27999999999974534,0.36000000000012733,0,0.0,0,0,0.22000000000025466,0.22000000000025466,0.22100000000045839,0,0.0,0,0,TELEMETRY_COVERAGE_PASS,FastF1 raw Date plus session-relative SessionTime; timezone/latency is not inferred; lap assignment is interval lookup from FastF1 LapStartTime/Time
2020:Italian Grand Prix:Race,train,2020,Italian Grand Prix,Race,LEC,16,TRUE,TRUE,LAP_CONTEXT_PRESENT,24,24,CACHED_SELECTED_LAP_STREAM,752,13332,14724,2020-09-06T13:13:28.385000,2020-09-06T14:07:17.672000,2020-09-06T13:13:28.412000,2020-09-06T14:07:17.747000,2008.189,5237.476,2008.216,5237.551,0.8970241666666665,0.8970375000000002,1,24,1,24,0.23999999999978172,0.27999999999974534,0.36000000000012733,0,0.0,0,0,0.22000000000002728,0.22000000000025466,0.22100000000045839,0,0.0,0,0,TELEMETRY_COVERAGE_PASS,FastF1 raw Date plus session-relative SessionTime; timezone/latency is not inferred; lap assignment is interval lookup from FastF1 LapStartTime/Time
2020:Italian Grand Prix:Race,train,2020,Italian Grand Prix,Race,MAG,20,TRUE,TRUE,LAP_CONTEXT_PRESENT,18,18,CACHED_SELECTED_LAP_STREAM,749,7771,8587,2020-09-06T13:13:28.385000,2020-09-06T13:44:51.749000,2020-09-06T13:13:28.412000,2020-09-06T13:44:51.669000,2008.189,3891.553,2008.216,3891.473,0.5231566666666666,0.5231269444444444,1,18,1,18,0.2400000000000091,0.27999999999974534,0.36000000000012733,0,0.0,0,0,0.2199999999997999,0.22000000000025466,0.22100000000000364,0,0.0,0,0,TELEMETRY_COVERAGE_PASS,FastF1 raw Date plus session-relative SessionTime; timezone/latency is not inferred; lap assignment is interval lookup from FastF1 LapStartTime/Time
2020:Italian Grand Prix:Race,train,2020,Italian Grand Prix,Race,NOR,4,TRUE,TRUE,LAP_CONTEXT_PRESENT,53,53,CACHED_SELECTED_LAP_STREAM,751,26554,29325,2020-09-06T13:13:28.385000,2020-09-06T15:00:40.320000,2020-09-06T13:13:28.412000,2020-09-06T15:00:40.323000,2008.189,8440.124,2008.216,8440.127,1.786648611111111,1.7866419444444444,1,53,1,53,0.23999999999978172,0.27999999999974534,0.36000000000012733,0,0.0,0,0,0.22000000000025466,0.22000000000025466,0.22100000000045839,0,0.0,0,0,TELEMETRY_COVERAGE_PASS,FastF1 raw Date plus session-relative SessionTime; timezone/latency is not inferred; lap assignment is interval lookup from FastF1 LapStartTime/Time
2020:Italian Grand Prix:Race,train,2020,Italian Grand Prix,Race,OCO,31,TRUE,TRUE,LAP_CONTEXT_PRESENT,53,53,CACHED_SELECTED_LAP_STREAM,752,26607,29383,2020-09-06T13:13:28.385000,2020-09-06T15:00:53,2020-09-06T13:13:28.412000,2020-09-06T15:00:53.043000,2008.189,8452.804,2008.216,8452.847,1.7901708333333333,1.7901752777777775,1,53,1,53,0.23999999999978172,0.27999999999974534,0.36000000000012733,0,0.0,0,0,0.22000000000025466,0.22000000000025466,0.22100000000045839,0,0.0,0,0,TELEMETRY_COVERAGE_PASS,FastF1 raw Date plus session-relative SessionTime; timezone/latency is not inferred; lap assignment is interval lookup from FastF1 LapStartTime/Time
2020:Italian Grand Prix:Race,train,2020,Italian Grand Prix,Race,PER,11,TRUE,TRUE,LAP_CONTEXT_PRESENT,53,53,CACHED_SELECTED_LAP_STREAM,754,26626,29404,2020-09-06T13:13:28.385000,2020-09-06T15:00:57.679000,2020-09-06T13:13:28.412000,2020-09-06T15:00:57.643000,2008.189,8457.483,2008.216,8457.447,1.7914705555555555,1.7914530555555555,1,53,1,53,0.23999999999978172,0.27999999999974534,0.36000000000012733,0,0.0,0,0,0.22000000000025466,0.22000000000025466,0.22100000000045839,0,0.0,0,0,TELEMETRY_COVERAGE_PASS,FastF1 raw Date plus session-relative SessionTime; timezone/latency is not inferred; lap assignment is interval lookup from FastF1 LapStartTime/Time
2020:Italian Grand Prix:Race,train,2020,Italian Grand Prix,Race,RAI,7,TRUE,TRUE,LAP_CONTEXT_PRESENT,53,53,CACHED_SELECTED_LAP_STREAM,752,26680,29464,2020-09-06T13:13:28.385000,2020-09-06T15:01:10.639000,2020-09-06T13:13:28.412000,2020-09-06T15:01:10.803000,2008.189,8470.443,2008.216,8470.607,1.7950705555555553,1.795108611111111,1,53,1,53,0.23999999999978172,0.27999999999974534,0.36000000000012733,0,0.0,0,0,0.22000000000025466,0.22000000000025466,0.22100000000045839,0,0.0,0,0,TELEMETRY_COVERAGE_PASS,FastF1 raw Date plus session-relative SessionTime; timezone/latency is not inferred; lap assignment is interval lookup from FastF1 LapStartTime/Time
2020:Italian Grand Prix:Race,train,2020,Italian Grand Prix,Race,RIC,3,TRUE,TRUE,LAP_CONTEXT_PRESENT,53,53,CACHED_SELECTED_LAP_STREAM,750,26564,29336,2020-09-06T13:13:28.385000,2020-09-06T15:00:42.720000,2020-09-06T13:13:28.412000,2020-09-06T15:00:42.742000,2008.189,8442.524,2008.216,8442.546,1.7873152777777774,1.7873138888888889,1,53,1,53,0.23999999999978172,0.27999999999974534,0.36000000000012733,0,0.0,0,0,0.22000000000025466,0.22000000000025466,0.22100000000045839,0,0.0,0,0,TELEMETRY_COVERAGE_PASS,FastF1 raw Date plus session-relative SessionTime; timezone/latency is not inferred; lap assignment is interval lookup from FastF1 LapStartTime/Time
2020:Italian Grand Prix:Race,train,2020,Italian Grand Prix,Race,RUS,63,TRUE,TRUE,LAP_CONTEXT_PRESENT,53,53,CACHED_SELECTED_LAP_STREAM,751,26681,29465,2020-09-06T13:13:28.385000,2020-09-06T15:01:10.879000,2020-09-06T13:13:28.412000,2020-09-06T15:01:11.023000,2008.189,8470.683,2008.216,8470.827,1.7951372222222224,1.795169722222222,1,53,1,53,0.23999999999978172,0.27999999999974534,0.36000000000012733,0,0.0,0,0,0.22000000000025466,0.22000000000025466,0.22100000000045839,0,0.0,0,0,TELEMETRY_COVERAGE_PASS,FastF1 raw Date plus session-relative SessionTime; timezone/latency is not inferred; lap assignment is interval lookup from FastF1 LapStartTime/Time
2020:Italian Grand Prix:Race,train,2020,Italian Grand Prix,Race,SAI,55,TRUE,TRUE,LAP_CONTEXT_PRESENT,53,53,CACHED_SELECTED_LAP_STREAM,746,26531,29300,2020-09-06T13:13:28.385000,2020-09-06T15:00:34.800000,2020-09-06T13:13:28.412000,2020-09-06T15:00:34.843000,2008.189,8434.604,2008.216,8434.647,1.7851152777777775,1.7851197222222224,1,53,1,53,0.23999999999978172,0.27999999999974534,0.36000000000012733,0,0.0,0,0,0.22000000000025466,0.22000000000025466,0.22100000000045839,0,0.0,0,0,TELEMETRY_COVERAGE_PASS,FastF1 raw Date plus session-relative SessionTime; timezone/latency is not inferred; lap assignment is interval lookup from FastF1 LapStartTime/Time
2020:Italian Grand Prix:Race,train,2020,Italian Grand Prix,Race,STR,18,TRUE,TRUE,LAP_CONTEXT_PRESENT,53,53,CACHED_SELECTED_LAP_STREAM,752,26543,29313,2020-09-06T13:13:28.385000,2020-09-06T15:00:37.719000,2020-09-06T13:13:28.412000,2020-09-06T15:00:37.683000,2008.189,8437.523,2008.216,8437.487,1.7859261111111109,1.7859086111111109,1,53,1,53,0.23999999999978172,0.27999999999974534,0.36000000000012733,0,0.0,0,0,0.22000000000025466,0.22000000000025466,0.22100000000045839,0,0.0,0,0,TELEMETRY_COVERAGE_PASS,FastF1 raw Date plus session-relative SessionTime; timezone/latency is not inferred; lap assignment is interval lookup from FastF1 LapStartTime/Time
2020:Italian Grand Prix:Race,train,2020,Italian Grand Prix,Race,VER,33,TRUE,TRUE,LAP_CONTEXT_PRESENT,30,30,CACHED_SELECTED_LAP_STREAM,754,18582,20514,2020-09-06T13:13:28.385000,2020-09-06T14:28:27.755000,2020-09-06T13:13:28.412000,2020-09-06T14:28:27.725000,2008.189,6507.559,2008.216,6507.529,1.249825,1.2498091666666666,1,30,1,30,0.23999999999978172,0.27999999999974534,0.36000000000012733,0,0.0,0,0,0.22000000000025466,0.22000000000025466,0.22100000000045839,0,0.0,0,0,TELEMETRY_COVERAGE_PASS,FastF1 raw Date plus session-relative SessionTime; timezone/latency is not inferred; lap assignment is interval lookup from FastF1 LapStartTime/Time
2020:Italian Grand Prix:Race,train,2020,Italian Grand Prix,Race,VET,5,TRUE,TRUE,LAP_CONTEXT_PRESENT,6,6,CACHED_SELECTED_LAP_STREAM,766,2428,2685,2020-09-06T13:13:28.385000,2020-09-06T13:23:17.066000,2020-09-06T13:13:28.412000,2020-09-06T13:23:17.111000,2008.189,2596.87,2008.216,2596.915,0.16352249999999996,0.16352750000000002,1,6,1,6,0.2400000000000091,0.27999999999974534,0.36000000000012733,0,0.0,0,0,0.2199999999997999,0.22000000000025466,0.22100000000000364,0,0.0,0,0,TELEMETRY_COVERAGE_PASS,FastF1 raw Date plus session-relative SessionTime; timezone/latency is not inferred; lap assignment is interval lookup from FastF1 LapStartTime/Time
2020:Russian Grand Prix:Race,train,2020,Russian Grand Prix,Race,ALB,23,TRUE,TRUE,LAP_CONTEXT_PRESENT,53,53,CACHED_SELECTED_LAP_STREAM,920,23595,26139,2020-09-27T11:13:33.593000,2020-09-27T12:49:06.806000,2020-09-27T11:13:33.573000,2020-09-27T12:49:06.763000,2013.539,7746.752,2013.519,7746.709,1.5925591666666667,1.5925527777777777,1,53,1,53,0.23999999999978172,0.27999999999974534,0.40099999999983993,0,0.0,0,0,0.22000000000025466,0.22000000000025466,0.24000000000069122,0,0.0,0,0,TELEMETRY_COVERAGE_PASS,FastF1 raw Date plus session-relative SessionTime; timezone/latency is not inferred; lap assignment is interval lookup from FastF1 LapStartTime/Time
2020:Russian Grand Prix:Race,train,2020,Russian Grand Prix,Race,BOT,77,TRUE,TRUE,LAP_CONTEXT_PRESENT,53,53,CACHED_SELECTED_LAP_STREAM,881,23212,25716,2020-09-27T11:13:33.593000,2020-09-27T12:47:33.966000,2020-09-27T11:13:33.573000,2020-09-27T12:47:33.944000,2013.539,7653.912,2013.519,7653.89,1.5667702777777779,1.5667697222222223,1,53,1,53,0.23999999999978172,0.27999999999974534,0.40099999999983993,0,0.0,0,0,0.22000000000025466,0.22000000000025466,0.24000000000069122,0,0.0,0,0,TELEMETRY_COVERAGE_PASS,FastF1 raw Date plus session-relative SessionTime; timezone/latency is not inferred; lap assignment is interval lookup from FastF1 LapStartTime/Time
2020:Russian Grand Prix:Race,train,2020,Russian Grand Prix,Race,GAS,10,TRUE,TRUE,LAP_CONTEXT_PRESENT,53,53,CACHED_SELECTED_LAP_STREAM,884,23582,26125,2020-09-27T11:13:33.593000,2020-09-27T12:49:03.607000,2020-09-27T11:13:33.573000,2020-09-27T12:49:03.703000,2013.539,7743.553,2013.519,7743.649,1.5916705555555557,1.591702777777778,1,53,1,53,0.23999999999978172,0.27999999999974534,0.40099999999983993,0,0.0,0,0,0.22000000000025466,0.22000000000025466,0.24000000000069122,0,0.0,0,0,TELEMETRY_COVERAGE_PASS,FastF1 raw Date plus session-relative SessionTime; timezone/latency is not inferred; lap assignment is interval lookup from FastF1 LapStartTime/Time
2020:Russian Grand Prix:Race,train,2020,Russian Grand Prix,Race,GIO,99,TRUE,TRUE,LAP_CONTEXT_PRESENT,52,52,CACHED_SELECTED_LAP_STREAM,900,23262,25771,2020-09-27T11:13:33.593000,2020-09-27T12:47:46.126000,2020-09-27T11:13:33.573000,2020-09-27T12:47:46.023000,2013.539,7666.072,2013.519,7665.969,1.5701480555555556,1.570125,1,52,1,52,0.23999999999978172,0.27999999999974534,0.40099999999983993,0,0.0,0,0,0.22000000000025466,0.22000000000025466,0.24000000000069122,0,0.0,0,0,TELEMETRY_COVERAGE_PASS,FastF1 raw Date plus session-relative SessionTime; timezone/latency is not inferred; lap assignment is interval lookup from FastF1 LapStartTime/Time
2020:Russian Grand Prix:Race,train,2020,Russian Grand Prix,Race,GRO,8,TRUE,TRUE,LAP_CONTEXT_PRESENT,52,52,CACHED_SELECTED_LAP_STREAM,900,23437,25964,2020-09-27T11:13:33.593000,2020-09-27T12:48:28.406000,2020-09-27T11:13:33.573000,2020-09-27T12:48:28.383000,2013.539,7708.352,2013.519,7708.329,1.5818925,1.5818916666666665,1,52,1,52,0.23999999999978172,0.27999999999974534,0.40099999999983993,0,0.0,0,0,0.22000000000025466,0.22000000000025466,0.24000000000069122,0,0.0,0,0,TELEMETRY_COVERAGE_PASS,FastF1 raw Date plus session-relative SessionTime; timezone/latency is not inferred; lap assignment is interval lookup from FastF1 LapStartTime/Time
2020:Russian Grand Prix:Race,train,2020,Russian Grand Prix,Race,HAM,44,TRUE,TRUE,LAP_CONTEXT_PRESENT,53,53,CACHED_SELECTED_LAP_STREAM,884,23306,25819,2020-09-27T11:13:33.593000,2020-09-27T12:47:56.726000,2020-09-27T11:13:33.573000,2020-09-27T12:47:56.543000,2013.539,7676.672,2013.519,7676.489,1.5730925,1.573047222222222,1,53,1,53,0.23999999999978172,0.27999999999974534,0.40099999999983993,0,0.0,0,0,0.22000000000025466,0.22000000000025466,0.24000000000069122,0,0.0,0,0,TELEMETRY_COVERAGE_PASS,FastF1 raw Date plus session-relative SessionTime; timezone/latency is not inferred; lap assignment is interval lookup from FastF1 LapStartTime/Time
2020:Russian Grand Prix:Race,train,2020,Russian Grand Prix,Race,KVY,26,TRUE,TRUE,LAP_CONTEXT_PRESENT,53,53,CACHED_SELECTED_LAP_STREAM,893,23495,26029,2020-09-27T11:13:33.593000,2020-09-27T12:48:42.486000,2020-09-27T11:13:33.573000,2020-09-27T12:48:42.643000,2013.539,7722.432,2013.519,7722.589,1.5858036111111111,1.5858527777777778,1,53,1,53,0.23999999999978172,0.27999999999974534,0.40099999999983993,0,0.0,0,0,0.22000000000025466,0.22000000000025466,0.24000000000069122,0,0.0,0,0,TELEMETRY_COVERAGE_PASS,FastF1 raw Date plus session-relative SessionTime; timezone/latency is not inferred; lap assignment is interval lookup from FastF1 LapStartTime/Time
2020:Russian Grand Prix:Race,train,2020,Russian Grand Prix,Race,LAT,6,TRUE,TRUE,LAP_CONTEXT_PRESENT,52,52,CACHED_SELECTED_LAP_STREAM,927,23433,25959,2020-09-27T11:13:33.593000,2020-09-27T12:48:27.446000,2020-09-27T11:13:33.573000,2020-09-27T12:48:27.263000,2013.539,7707.392,2013.519,7707.209,1.5816258333333333,1.5815805555555555,1,52,1,52,0.23999999999978172,0.27999999999974534,0.40099999999983993,0,0.0,0,0,0.22000000000025466,0.22000000000025466,0.24000000000069122,0,0.0,0,0,TELEMETRY_COVERAGE_PASS,FastF1 raw Date plus session-relative SessionTime; timezone/latency is not inferred; lap assignment is interval lookup from FastF1 LapStartTime/Time
2020:Russian Grand Prix:Race,train,2020,Russian Grand Prix,Race,LEC,16,TRUE,TRUE,LAP_CONTEXT_PRESENT,53,53,CACHED_SELECTED_LAP_STREAM,889,23469,25999,2020-09-27T11:13:33.593000,2020-09-27T12:48:36.166000,2020-09-27T11:13:33.573000,2020-09-27T12:48:36.063000,2013.539,7716.112,2013.519,7716.009,1.5840480555555556,1.584025,1,53,1,53,0.23999999999978172,0.27999999999974534,0.40099999999983993,0,0.0,0,0,0.22000000000025466,0.22000000000025466,0.24000000000069122,0,0.0,0,0,TELEMETRY_COVERAGE_PASS,FastF1 raw Date plus session-relative SessionTime; timezone/latency is not inferred; lap assignment is interval lookup from FastF1 LapStartTime/Time
2020:Russian Grand Prix:Race,train,2020,Russian Grand Prix,Race,MAG,20,TRUE,TRUE,LAP_CONTEXT_PRESENT,52,52,CACHED_SELECTED_LAP_STREAM,894,23269,25780,2020-09-27T11:13:33.593000,2020-09-27T12:47:47.886000,2020-09-27T11:13:33.573000,2020-09-27T12:47:47.983000,2013.539,7667.832,2013.519,7667.929,1.5706369444444446,1.5706694444444445,1,52,1,52,0.23999999999978172,0.27999999999974534,0.40099999999983993,0,0.0,0,0,0.22000000000025466,0.22000000000025466,0.24000000000069122,0,0.0,0,0,TELEMETRY_COVERAGE_PASS,FastF1 raw Date plus session-relative SessionTime; timezone/latency is not inferred; lap assignment is interval lookup from FastF1 LapStartTime/Time
2020:Russian Grand Prix:Race,train,2020,Russian Grand Prix,Race,NOR,4,TRUE,TRUE,LAP_CONTEXT_PRESENT,52,52,CACHED_SELECTED_LAP_STREAM,921,23319,25833,2020-09-27T11:13:33.593000,2020-09-27T12:47:59.806000,2020-09-27T11:13:33.573000,2020-09-27T12:47:59.623000,2013.539,7679.752,2013.519,7679.569,1.5739480555555558,1.5739027777777779,1,52,1,52,0.23999999999978172,0.27999999999974534,0.40099999999983993,0,0.0,0,0,0.22000000000025466,0.22000000000025466,0.24000000000069122,0,0.0,0,0,TELEMETRY_COVERAGE_PASS,FastF1 raw Date plus session-relative SessionTime; timezone/latency is not inferred; lap assignment is interval lookup from FastF1 LapStartTime/Time
2020:Russian Grand Prix:Race,train,2020,Russian Grand Prix,Race,OCO,31,TRUE,TRUE,LAP_CONTEXT_PRESENT,53,53,CACHED_SELECTED_LAP_STREAM,883,23493,26026,2020-09-27T11:13:33.593000,2020-09-27T12:48:41.966000,2020-09-27T11:13:33.573000,2020-09-27T12:48:41.983000,2013.539,7721.912,2013.519,7721.929,1.5856591666666668,1.5856694444444444,1,53,1,53,0.23999999999978172,0.27999999999974534,0.40099999999983993,0,0.0,0,0,0.22000000000025466,0.22000000000025466,0.24000000000069122,0,0.0,0,0,TELEMETRY_COVERAGE_PASS,FastF1 raw Date plus session-relative SessionTime; timezone/latency is not inferred; lap assignment is interval lookup from FastF1 LapStartTime/Time
2020:Russian Grand Prix:Race,train,2020,Russian Grand Prix,Race,PER,11,TRUE,TRUE,LAP_CONTEXT_PRESENT,53,53,CACHED_SELECTED_LAP_STREAM,882,23338,25855,2020-09-27T11:13:33.593000,2020-09-27T12:48:04.527000,2020-09-27T11:13:33.573000,2020-09-27T12:48:04.443000,2013.539,7684.473,2013.519,7684.389,1.5752594444444445,1.5752416666666667,1,53,1,53,0.23999999999978172,0.27999999999974534,0.40099999999983993,0,0.0,0,0,0.22000000000025466,0.22000000000025466,0.24000000000069122,0,0.0,0,0,TELEMETRY_COVERAGE_PASS,FastF1 raw Date plus session-relative SessionTime; timezone/latency is not inferred; lap assignment is interval lookup from FastF1 LapStartTime/Time
2020:Russian Grand Prix:Race,train,2020,Russian Grand Prix,Race,RAI,7,TRUE,TRUE,LAP_CONTEXT_PRESENT,52,52,CACHED_SELECTED_LAP_STREAM,911,23277,25788,2020-09-27T11:13:33.593000,2020-09-27T12:47:49.806000,2020-09-27T11:13:33.573000,2020-09-27T12:47:49.743000,2013.539,7669.752,2013.519,7669.689,1.571170277777778,1.5711583333333334,1,52,1,52,0.23999999999978172,0.27999999999974534,0.40099999999983993,0,0.0,0,0,0.22000000000025466,0.22000000000025466,0.24000000000069122,0,0.0,0,0,TELEMETRY_COVERAGE_PASS,FastF1 raw Date plus session-relative SessionTime; timezone/latency is not inferred; lap assignment is interval lookup from FastF1 LapStartTime/Time
2020:Russian Grand Prix:Race,train,2020,Russian Grand Prix,Race,RIC,3,TRUE,TRUE,LAP_CONTEXT_PRESENT,53,53,CACHED_SELECTED_LAP_STREAM,881,23407,25930,2020-09-27T11:13:33.593000,2020-09-27T12:48:21.046000,2020-09-27T11:13:33.573000,2020-09-27T12:48:20.903000,2013.539,7700.992,2013.519,7700.849,1.5798480555555556,1.5798138888888889,1,53,1,53,0.23999999999978172,0.27999999999974534,0.40099999999983993,0,0.0,0,0,0.22000000000025466,0.22000000000025466,0.24000000000069122,0,0.0,0,0,TELEMETRY_COVERAGE_PASS,FastF1 raw Date plus session-relative SessionTime; timezone/latency is not inferred; lap assignment is interval lookup from FastF1 LapStartTime/Time
2020:Russian Grand Prix:Race,train,2020,Russian Grand Prix,Race,RUS,63,TRUE,TRUE,LAP_CONTEXT_PRESENT,52,52,CACHED_SELECTED_LAP_STREAM,920,23549,26089,2020-09-27T11:13:33.593000,2020-09-27T12:48:55.646000,2020-09-27T11:13:33.573000,2020-09-27T12:48:55.803000,2013.539,7735.592,2013.519,7735.749,1.5894591666666666,1.5895083333333333,1,52,1,52,0.23999999999978172,0.27999999999974534,0.40099999999983993,0,0.0,0,0,0.22000000000025466,0.22000000000025466,0.24000000000069122,0,0.0,0,0,TELEMETRY_COVERAGE_PASS,FastF1 raw Date plus session-relative SessionTime; timezone/latency is not inferred; lap assignment is interval lookup from FastF1 LapStartTime/Time
2020:Russian Grand Prix:Race,train,2020,Russian Grand Prix,Race,SAI,55,TRUE,TRUE,LAP_CONTEXT_PRESENT,1,1,CACHED_SELECTED_LAP_STREAM,1086,526,581,2020-09-27T11:13:33.593000,2020-09-27T11:15:40.754000,2020-09-27T11:13:33.573000,2020-09-27T11:15:40.793000,2013.539,2140.7,2013.519,2140.739,0.03532249999999995,0.0353388888888889,1,1,1,1,0.2400000000000091,0.24099999999998545,0.40000000000009095,0,0.0,0,0,0.22000000000002728,0.22000000000025466,0.22000000000025466,0,0.0,0,0,TELEMETRY_COVERAGE_PASS,FastF1 raw Date plus session-relative SessionTime; timezone/latency is not inferred; lap assignment is interval lookup from FastF1 LapStartTime/Time
2020:Russian Grand Prix:Race,train,2020,Russian Grand Prix,Race,STR,18,TRUE,TRUE,LAP_CONTEXT_PRESENT,1,1,CACHED_SELECTED_LAP_STREAM,1086,526,581,2020-09-27T11:13:33.593000,2020-09-27T11:15:40.754000,2020-09-27T11:13:33.573000,2020-09-27T11:15:40.793000,2013.539,2140.7,2013.519,2140.739,0.03532249999999995,0.0353388888888889,1,1,1,1,0.2400000000000091,0.24099999999998545,0.40000000000009095,0,0.0,0,0,0.22000000000002728,0.22000000000025466,0.22000000000025466,0,0.0,0,0,TELEMETRY_COVERAGE_PASS,FastF1 raw Date plus session-relative SessionTime; timezone/latency is not inferred; lap assignment is interval lookup from FastF1 LapStartTime/Time
2020:Russian Grand Prix:Race,train,2020,Russian Grand Prix,Race,VER,33,TRUE,TRUE,LAP_CONTEXT_PRESENT,53,53,CACHED_SELECTED_LAP_STREAM,879,23243,25751,2020-09-27T11:13:33.593000,2020-09-27T12:47:41.566000,2020-09-27T11:13:33.573000,2020-09-27T12:47:41.623000,2013.539,7661.512,2013.519,7661.569,1.5688813888888888,1.5689027777777778,1,53,1,53,0.23999999999978172,0.27999999999974534,0.40099999999983993,0,0.0,0,0,0.22000000000025466,0.22000000000025466,0.24000000000069122,0,0.0,0,0,TELEMETRY_COVERAGE_PASS,FastF1 raw Date plus session-relative SessionTime; timezone/latency is not inferred; lap assignment is interval lookup from FastF1 LapStartTime/Time
2020:Russian Grand Prix:Race,train,2020,Russian Grand Prix,Race,VET,5,TRUE,TRUE,LAP_CONTEXT_PRESENT,52,52,CACHED_SELECTED_LAP_STREAM,901,23273,25784,2020-09-27T11:13:33.593000,2020-09-27T12:47:48.846000,2020-09-27T11:13:33.573000,2020-09-27T12:47:48.863000,2013.539,7668.792,2013.519,7668.809,1.5709036111111112,1.570913888888889,1,52,1,52,0.23999999999978172,0.27999999999974534,0.40099999999983993,0,0.0,0,0,0.22000000000025466,0.22000000000025466,0.24000000000069122,0,0.0,0,0,TELEMETRY_COVERAGE_PASS,FastF1 raw Date plus session-relative SessionTime; timezone/latency is not inferred; lap assignment is interval lookup from FastF1 LapStartTime/Time
2020:Eifel Grand Prix:Race,train,2020,Eifel Grand Prix,Race,ALB,23,TRUE,TRUE,LAP_CONTEXT_PRESENT,23,23,CACHED_SELECTED_LAP_STREAM,819,9017,10006,2020-10-11T12:13:21.992000,2020-10-11T12:50:01.318000,2020-10-11T12:13:21.822000,2020-10-11T12:50:01.258000,7.401,2206.727,7.231,2206.667,0.6109238888888889,0.6109544444444444,1,23,1,23,0.2400000000000091,0.2799999999999727,0.4399999999998272,0,0.0,0,0,0.22000000000002728,0.22000000000002728,4.360000000000127,0,0.0,0,0,TELEMETRY_COVERAGE_PASS,FastF1 raw Date plus session-relative SessionTime; timezone/latency is not inferred; lap assignment is interval lookup from FastF1 LapStartTime/Time
2020:Eifel Grand Prix:Race,train,2020,Eifel Grand Prix,Race,BOT,77,TRUE,TRUE,LAP_CONTEXT_PRESENT,18,18,CACHED_SELECTED_LAP_STREAM,802,7101,7900,2020-10-11T12:13:21.992000,2020-10-11T12:42:14.556000,2020-10-11T12:13:21.822000,2020-10-11T12:42:14.419000,7.401,1739.965,7.231,1739.828,0.48126777777777774,0.48127694444444447,1,18,1,18,0.2400000000000091,0.2799999999999727,0.4399999999998272,0,0.0,0,0,0.22000000000002728,0.22000000000002728,0.2400000000000091,0,0.0,0,0,TELEMETRY_COVERAGE_PASS,FastF1 raw Date plus session-relative SessionTime; timezone/latency is not inferred; lap assignment is interval lookup from FastF1 LapStartTime/Time
2020:Eifel Grand Prix:Race,train,2020,Eifel Grand Prix,Race,GAS,10,TRUE,TRUE,LAP_CONTEXT_PRESENT,60,60,CACHED_SELECTED_LAP_STREAM,829,23654,26263,2020-10-11T12:13:21.992000,2020-10-11T13:49:27.127000,2020-10-11T12:13:21.822000,2020-10-11T13:49:27.134000,7.401,5772.536,7.231,5772.543,1.6014263888888889,1.6014755555555555,1,60,1,60,0.2400000000000091,0.2799999999999727,0.4399999999998272,0,0.0,0,0,0.22000000000002728,0.22000000000025466,4.360000000000127,0,0.0,0,0,TELEMETRY_COVERAGE_PASS,FastF1 raw Date plus session-relative SessionTime; timezone/latency is not inferred; lap assignment is interval lookup from FastF1 LapStartTime/Time
2020:Eifel Grand Prix:Race,train,2020,Eifel Grand Prix,Race,GIO,99,TRUE,TRUE,LAP_CONTEXT_PRESENT,60,60,CACHED_SELECTED_LAP_STREAM,823,23726,26342,2020-10-11T12:13:21.992000,2020-10-11T13:49:44.487000,2020-10-11T12:13:21.822000,2020-10-11T13:49:44.454000,7.401,5789.896,7.231,5789.863,1.6062486111111112,1.6062866666666669,1,60,1,60,0.2400000000000091,0.2799999999999727,0.4399999999998272,0,0.0,0,0,0.22000000000002728,0.22000000000025466,4.360000000000127,0,0.0,0,0,TELEMETRY_COVERAGE_PASS,FastF1 raw Date plus session-relative SessionTime; timezone/latency is not inferred; lap assignment is interval lookup from FastF1 LapStartTime/Time
2020:Eifel Grand Prix:Race,train,2020,Eifel Grand Prix,Race,GRO,8,TRUE,TRUE,LAP_CONTEXT_PRESENT,60,60,CACHED_SELECTED_LAP_STREAM,824,23722,26337,2020-10-11T12:13:21.992000,2020-10-11T13:49:43.566000,2020-10-11T12:13:21.822000,2020-10-11T13:49:43.355000,7.401,5788.975,7.231,5788.764,1.6059927777777778,1.605981388888889,1,60,1,60,0.2400000000000091,0.2799999999999727,0.4399999999998272,0,0.0,0,0,0.22000000000002728,0.22000000000025466,4.360000000000127,0,0.0,0,0,TELEMETRY_COVERAGE_PASS,FastF1 raw Date plus session-relative SessionTime; timezone/latency is not inferred; lap assignment is interval lookup from FastF1 LapStartTime/Time
2020:Eifel Grand Prix:Race,train,2020,Eifel Grand Prix,Race,HAM,44,TRUE,TRUE,LAP_CONTEXT_PRESENT,60,60,CACHED_SELECTED_LAP_STREAM,796,23561,26159,2020-10-11T12:13:21.992000,2020-10-11T13:49:04.366000,2020-10-11T12:13:21.822000,2020-10-11T13:49:04.315000,7.401,5749.775,7.231,5749.724,1.5951038888888889,1.5951369444444445,1,60,1,60,0.2400000000000091,0.2799999999999727,0.4399999999998272,0,0.0,0,0,0.22000000000002728,0.22000000000025466,4.360000000000127,0,0.0,0,0,TELEMETRY_COVERAGE_PASS,FastF1 raw Date plus session-relative SessionTime; timezone/latency is not inferred; lap assignment is interval lookup from FastF1 LapStartTime/Time
2020:Eifel Grand Prix:Race,train,2020,Eifel Grand Prix,Race,HUL,27,TRUE,TRUE,LAP_CONTEXT_PRESENT,60,60,CACHED_SELECTED_LAP_STREAM,826,23695,26308,2020-10-11T12:13:21.992000,2020-10-11T13:49:37.046000,2020-10-11T12:13:21.822000,2020-10-11T13:49:36.995000,7.401,5782.455,7.231,5782.404,1.6041816666666666,1.6042147222222225,1,60,1,60,0.2400000000000091,0.2799999999999727,0.4399999999998272,0,0.0,0,0,0.22000000000002728,0.22000000000025466,4.360000000000127,0,0.0,0,0,TELEMETRY_COVERAGE_PASS,FastF1 raw Date plus session-relative SessionTime; timezone/latency is not inferred; lap assignment is interval lookup from FastF1 LapStartTime/Time
2020:Eifel Grand Prix:Race,train,2020,Eifel Grand Prix,Race,KVY,26,TRUE,TRUE,LAP_CONTEXT_PRESENT,60,60,CACHED_SELECTED_LAP_STREAM,833,23789,26413,2020-10-11T12:13:21.992000,2020-10-11T13:49:59.887000,2020-10-11T12:13:21.822000,2020-10-11T13:50:00.034000,7.401,5805.296,7.231,5805.443,1.610526388888889,1.6106144444444446,1,60,1,60,0.2400000000000091,0.2799999999999727,0.4399999999998272,0,0.0,0,0,0.22000000000002728,0.22000000000025466,4.360000000000127,0,0.0,0,0,TELEMETRY_COVERAGE_PASS,FastF1 raw Date plus session-relative SessionTime; timezone/latency is not inferred; lap assignment is interval lookup from FastF1 LapStartTime/Time
2020:Eifel Grand Prix:Race,train,2020,Eifel Grand Prix,Race,LAT,6,TRUE,TRUE,LAP_CONTEXT_PRESENT,60,60,CACHED_SELECTED_LAP_STREAM,823,23785,26408,2020-10-11T12:13:21.992000,2020-10-11T13:49:58.887000,2020-10-11T12:13:21.822000,2020-10-11T13:49:58.934000,7.401,5804.296,7.231,5804.343,1.6102486111111112,1.610308888888889,1,60,1,60,0.2400000000000091,0.2799999999999727,0.4399999999998272,0,0.0,0,0,0.22000000000002728,0.22000000000025466,4.360000000000127,0,0.0,0,0,TELEMETRY_COVERAGE_PASS,FastF1 raw Date plus session-relative SessionTime; timezone/latency is not inferred; lap assignment is interval lookup from FastF1 LapStartTime/Time
2020:Eifel Grand Prix:Race,train,2020,Eifel Grand Prix,Race,LEC,16,TRUE,TRUE,LAP_CONTEXT_PRESENT,60,60,CACHED_SELECTED_LAP_STREAM,985,23687,26300,2020-10-11T12:13:21.992000,2020-10-11T13:49:35.126000,2020-10-11T12:13:21.822000,2020-10-11T13:49:35.254000,7.401,5780.535,7.231,5780.663,1.6036483333333333,1.603731111111111,1,60,1,60,0.2400000000000091,0.2799999999999727,0.4399999999998272,0,0.0,0,0,0.22000000000002728,0.22000000000025466,4.360000000000127,0,0.0,0,0,TELEMETRY_COVERAGE_PASS,FastF1 raw Date plus session-relative SessionTime; timezone/latency is not inferred; lap assignment is interval lookup from FastF1 LapStartTime/Time
2020:Eifel Grand Prix:Race,train,2020,Eifel Grand Prix,Race,MAG,20,TRUE,TRUE,LAP_CONTEXT_PRESENT,60,60,CACHED_SELECTED_LAP_STREAM,841,23765,26385,2020-10-11T12:13:21.992000,2020-10-11T13:49:54.047000,2020-10-11T12:13:21.822000,2020-10-11T13:49:53.894000,7.401,5799.456,7.231,5799.303,1.6089041666666668,1.608908888888889,1,60,1,60,0.2400000000000091,0.2799999999999727,0.4399999999998272,0,0.0,0,0,0.22000000000002728,0.22000000000025466,4.360000000000127,0,0.0,0,0,TELEMETRY_COVERAGE_PASS,FastF1 raw Date plus session-relative SessionTime; timezone/latency is not inferred; lap assignment is interval lookup from FastF1 LapStartTime/Time
2020:Eifel Grand Prix:Race,train,2020,Eifel Grand Prix,Race,NOR,4,TRUE,TRUE,LAP_CONTEXT_PRESENT,43,43,CACHED_SELECTED_LAP_STREAM,810,16885,18755,2020-10-11T12:13:21.992000,2020-10-11T13:22:00.283000,2020-10-11T12:13:21.822000,2020-10-11T13:22:00.336000,7.401,4125.692,7.231,4125.745,1.1439697222222223,1.1440316666666668,1,43,1,43,0.2400000000000091,0.28000000000000114,0.4399999999998272,0,0.0,0,0,0.22000000000002728,0.22000000000025466,4.360000000000127,0,0.0,0,0,TELEMETRY_COVERAGE_PASS,FastF1 raw Date plus session-relative SessionTime; timezone/latency is not inferred; lap assignment is interval lookup from FastF1 LapStartTime/Time
2020:Eifel Grand Prix:Race,train,2020,Eifel Grand Prix,Race,OCO,31,TRUE,TRUE,LAP_CONTEXT_PRESENT,22,22,CACHED_SELECTED_LAP_STREAM,821,8621,9567,2020-10-11T12:13:21.992000,2020-10-11T12:48:24.957000,2020-10-11T12:13:21.822000,2020-10-11T12:48:24.978000,7.401,2110.366,7.231,2110.387,0.5841569444444444,0.58421,1,22,1,22,0.2400000000000091,0.2799999999999727,0.4399999999998272,0,0.0,0,0,0.22000000000002728,0.22000000000002728,4.360000000000127,0,0.0,0,0,TELEMETRY_COVERAGE_PASS,FastF1 raw Date plus session-relative SessionTime; timezone/latency is not inferred; lap assignment is interval lookup from FastF1 LapStartTime/Time
2020:Eifel Grand Prix:Race,train,2020,Eifel Grand Prix,Race,PER,11,TRUE,TRUE,LAP_CONTEXT_PRESENT,60,60,CACHED_SELECTED_LAP_STREAM,811,23626,26233,2020-10-11T12:13:21.992000,2020-10-11T13:49:20.367000,2020-10-11T12:13:21.822000,2020-10-11T13:49:20.554000,7.401,5765.776,7.231,5765.963,1.599548611111111,1.5996477777777778,1,60,1,60,0.2400000000000091,0.2799999999999727,0.4399999999998272,0,0.0,0,0,0.22000000000002728,0.22000000000025466,4.360000000000127,0,0.0,0,0,TELEMETRY_COVERAGE_PASS,FastF1 raw Date plus session-relative SessionTime; timezone/latency is not inferred; lap assignment is interval lookup from FastF1 LapStartTime/Time
2020:Eifel Grand Prix:Race,train,2020,Eifel Grand Prix,Race,RAI,7,TRUE,TRUE,LAP_CONTEXT_PRESENT,60,60,CACHED_SELECTED_LAP_STREAM,978,23732,26348,2020-10-11T12:13:21.992000,2020-10-11T13:49:45.967000,2020-10-11T12:13:21.822000,2020-10-11T13:49:45.774000,7.401,5791.376,7.231,5791.183,1.6066597222222223,1.6066533333333335,1,60,1,60,0.2400000000000091,0.2799999999999727,0.4399999999998272,0,0.0,0,0,0.22000000000002728,0.22000000000025466,4.360000000000127,0,0.0,0,0,TELEMETRY_COVERAGE_PASS,FastF1 raw Date plus session-relative SessionTime; timezone/latency is not inferred; lap assignment is interval lookup from FastF1 LapStartTime/Time
2020:Eifel Grand Prix:Race,train,2020,Eifel Grand Prix,Race,RIC,3,TRUE,TRUE,LAP_CONTEXT_PRESENT,60,60,CACHED_SELECTED_LAP_STREAM,808,23621,26226,2020-10-11T12:13:21.992000,2020-10-11T13:49:19.007000,2020-10-11T12:13:21.822000,2020-10-11T13:49:19.014000,7.401,5764.416,7.231,5764.423,1.5991708333333334,1.59922,1,60,1,60,0.2400000000000091,0.2799999999999727,0.4399999999998272,0,0.0,0,0,0.22000000000002728,0.22000000000025466,4.360000000000127,0,0.0,0,0,TELEMETRY_COVERAGE_PASS,FastF1 raw Date plus session-relative SessionTime; timezone/latency is not inferred; lap assignment is interval lookup from FastF1 LapStartTime/Time
2020:Eifel Grand Prix:Race,train,2020,Eifel Grand Prix,Race,RUS,63,TRUE,TRUE,LAP_CONTEXT_PRESENT,13,13,CACHED_SELECTED_LAP_STREAM,829,5411,6021,2020-10-11T12:13:21.992000,2020-10-11T12:35:22.275000,2020-10-11T12:13:21.822000,2020-10-11T12:35:22.279000,7.401,1327.684,7.231,1327.688,0.36674527777777777,0.36679361111111114,1,13,1,13,0.2400000000000091,0.2799999999999727,0.36000000000012733,0,0.0,0,0,0.22000000000002728,0.22000000000002728,0.2400000000000091,0,0.0,0,0,TELEMETRY_COVERAGE_PASS,FastF1 raw Date plus session-relative SessionTime; timezone/latency is not inferred; lap assignment is interval lookup from FastF1 LapStartTime/Time
2020:Eifel Grand Prix:Race,train,2020,Eifel Grand Prix,Race,SAI,55,TRUE,TRUE,LAP_CONTEXT_PRESENT,60,60,CACHED_SELECTED_LAP_STREAM,814,23650,26259,2020-10-11T12:13:21.992000,2020-10-11T13:49:26.167000,2020-10-11T12:13:21.822000,2020-10-11T13:49:26.254000,7.401,5771.576,7.231,5771.663,1.6011597222222222,1.601231111111111,1,60,1,60,0.2400000000000091,0.2799999999999727,0.4399999999998272,0,0.0,0,0,0.22000000000002728,0.22000000000025466,4.360000000000127,0,0.0,0,0,TELEMETRY_COVERAGE_PASS,FastF1 raw Date plus session-relative SessionTime; timezone/latency is not inferred; lap assignment is interval lookup from FastF1 LapStartTime/Time
2020:Eifel Grand Prix:Race,train,2020,Eifel Grand Prix,Race,VER,33,TRUE,TRUE,LAP_CONTEXT_PRESENT,60,60,CACHED_SELECTED_LAP_STREAM,797,23580,26180,2020-10-11T12:13:21.992000,2020-10-11T13:49:08.966000,2020-10-11T12:13:21.822000,2020-10-11T13:49:08.934000,7.401,5754.375,7.231,5754.343,1.5963816666666668,1.59642,1,60,1,60,0.2400000000000091,0.2799999999999727,0.4399999999998272,0,0.0,0,0,0.22000000000002728,0.22000000000025466,4.360000000000127,0,0.0,0,0,TELEMETRY_COVERAGE_PASS,FastF1 raw Date plus session-relative SessionTime; timezone/latency is not inferred; lap assignment is interval lookup from FastF1 LapStartTime/Time
2020:Eifel Grand Prix:Race,train,2020,Eifel Grand Prix,Race,VET,5,TRUE,TRUE,LAP_CONTEXT_PRESENT,60,60,CACHED_SELECTED_LAP_STREAM,911,23729,26345,2020-10-11T12:13:21.992000,2020-10-11T13:49:45.247000,2020-10-11T12:13:21.822000,2020-10-11T13:49:45.114000,7.401,5790.656,7.231,5790.523,1.6064597222222223,1.60647,1,60,1,60,0.2400000000000091,0.2799999999999727,0.4399999999998272,0,0.0,0,0,0.22000000000002728,0.22000000000025466,4.360000000000127,0,0.0,0,0,TELEMETRY_COVERAGE_PASS,FastF1 raw Date plus session-relative SessionTime; timezone/latency is not inferred; lap assignment is interval lookup from FastF1 LapStartTime/Time
2020:Portuguese Grand Prix:Race,train,2020,Portuguese Grand Prix,Race,ALB,23,TRUE,TRUE,LAP_CONTEXT_PRESENT,65,65,CACHED_SELECTED_LAP_STREAM,731,22346,24771,2020-10-25T13:13:11.020000,2020-10-25T14:43:43.959000,2020-10-25T13:13:10.922000,2020-10-25T14:43:43.989000,1989.943,7422.882,1989.845,7422.912,1.509149722222222,1.509185277777778,1,65,1,65,0.23999999999978172,0.27999999999974534,0.44000000000005457,0,0.0,0,0,0.22000000000025466,0.22000000000025466,0.23999999999978172,0,0.0,0,0,TELEMETRY_COVERAGE_PASS,FastF1 raw Date plus session-relative SessionTime; timezone/latency is not inferred; lap assignment is interval lookup from FastF1 LapStartTime/Time
2020:Portuguese Grand Prix:Race,train,2020,Portuguese Grand Prix,Race,BOT,77,TRUE,TRUE,LAP_CONTEXT_PRESENT,66,66,CACHED_SELECTED_LAP_STREAM,711,22301,24722,2020-10-25T13:13:11.020000,2020-10-25T14:43:33.199000,2020-10-25T13:13:10.922000,2020-10-25T14:43:33.249000,1989.943,7412.122,1989.845,7412.172,1.5061608333333334,1.5062019444444443,1,66,1,66,0.23999999999978172,0.27999999999974534,0.44000000000005457,0,0.0,0,0,0.22000000000025466,0.22000000000025466,0.23999999999978172,0,0.0,0,0,TELEMETRY_COVERAGE_PASS,FastF1 raw Date plus session-relative SessionTime; timezone/latency is not inferred; lap assignment is interval lookup from FastF1 LapStartTime/Time
2020:Portuguese Grand Prix:Race,train,2020,Portuguese Grand Prix,Race,GAS,10,TRUE,TRUE,LAP_CONTEXT_PRESENT,65,65,CACHED_SELECTED_LAP_STREAM,712,22266,24683,2020-10-25T13:13:11.020000,2020-10-25T14:43:24.679000,2020-10-25T13:13:10.922000,2020-10-25T14:43:24.689000,1989.943,7403.602,1989.845,7403.612,1.5037941666666665,1.5038241666666665,1,65,1,65,0.23999999999978172,0.27999999999974534,0.44000000000005457,0,0.0,0,0,0.22000000000025466,0.22000000000025466,0.23999999999978172,0,0.0,0,0,TELEMETRY_COVERAGE_PASS,FastF1 raw Date plus session-relative SessionTime; timezone/latency is not inferred; lap assignment is interval lookup from FastF1 LapStartTime/Time
2020:Portuguese Grand Prix:Race,train,2020,Portuguese Grand Prix,Race,GIO,99,TRUE,TRUE,LAP_CONTEXT_PRESENT,65,65,CACHED_SELECTED_LAP_STREAM,731,22489,24928,2020-10-25T13:13:11.020000,2020-10-25T14:44:18.599000,2020-10-25T13:13:10.922000,2020-10-25T14:44:18.429000,1989.943,7457.522,1989.845,7457.352,1.5187719444444443,1.5187519444444444,1,65,1,65,0.23999999999978172,0.27999999999974534,0.44000000000005457,0,0.0,0,0,0.22000000000025466,0.22000000000025466,0.23999999999978172,0,0.0,0,0,TELEMETRY_COVERAGE_PASS,FastF1 raw Date plus session-relative SessionTime; timezone/latency is not inferred; lap assignment is interval lookup from FastF1 LapStartTime/Time
2020:Portuguese Grand Prix:Race,train,2020,Portuguese Grand Prix,Race,GRO,8,TRUE,TRUE,LAP_CONTEXT_PRESENT,65,65,CACHED_SELECTED_LAP_STREAM,724,22492,24932,2020-10-25T13:13:11.020000,2020-10-25T14:44:19.319000,2020-10-25T13:13:10.922000,2020-10-25T14:44:19.309000,1989.943,7458.242,1989.845,7458.232,1.5189719444444445,1.5189963888888889,1,65,1,65,0.23999999999978172,0.27999999999974534,0.44000000000005457,0,0.0,0,0,0.22000000000025466,0.22000000000025466,0.23999999999978172,0,0.0,0,0,TELEMETRY_COVERAGE_PASS,FastF1 raw Date plus session-relative SessionTime; timezone/latency is not inferred; lap assignment is interval lookup from FastF1 LapStartTime/Time
2020:Portuguese Grand Prix:Race,train,2020,Portuguese Grand Prix,Race,HAM,44,TRUE,TRUE,LAP_CONTEXT_PRESENT,66,66,CACHED_SELECTED_LAP_STREAM,712,22196,24606,2020-10-25T13:13:11.020000,2020-10-25T14:43:07.679000,2020-10-25T13:13:10.922000,2020-10-25T14:43:07.790000,1989.943,7386.602,1989.845,7386.713,1.4990719444444442,1.4991299999999999,1,66,1,66,0.23999999999978172,0.27999999999974534,0.44000000000005457,0,0.0,0,0,0.22000000000025466,0.22000000000025466,0.23999999999978172,0,0.0,0,0,TELEMETRY_COVERAGE_PASS,FastF1 raw Date plus session-relative SessionTime; timezone/latency is not inferred; lap assignment is interval lookup from FastF1 LapStartTime/Time
2020:Portuguese Grand Prix:Race,train,2020,Portuguese Grand Prix,Race,KVY,26,TRUE,TRUE,LAP_CONTEXT_PRESENT,64,64,CACHED_SELECTED_LAP_STREAM,732,22325,24748,2020-10-25T13:13:11.020000,2020-10-25T14:43:38.959000,2020-10-25T13:13:10.922000,2020-10-25T14:43:38.949000,1989.943,7417.882,1989.845,7417.872,1.5077608333333332,1.5077852777777778,1,64,1,64,0.23999999999978172,0.27999999999974534,0.44000000000005457,0,0.0,0,0,0.22000000000025466,0.22000000000025466,0.23999999999978172,0,0.0,0,0,TELEMETRY_COVERAGE_PASS,FastF1 raw Date plus session-relative SessionTime; timezone/latency is not inferred; lap assignment is interval lookup from FastF1 LapStartTime/Time
2020:Portuguese Grand Prix:Race,train,2020,Portuguese Grand Prix,Race,LAT,6,TRUE,TRUE,LAP_CONTEXT_PRESENT,64,64,CACHED_SELECTED_LAP_STREAM,723,22214,24625,2020-10-25T13:13:11.020000,2020-10-25T14:43:11.999000,2020-10-25T13:13:10.922000,2020-10-25T14:43:11.969000,1989.943,7390.922,1989.845,7390.892,1.5002719444444443,1.5002908333333331,1,64,1,64,0.23999999999978172,0.27999999999974534,0.44000000000005457,0,0.0,0,0,0.22000000000025466,0.22000000000025466,0.23999999999978172,0,0.0,0,0,TELEMETRY_COVERAGE_PASS,FastF1 raw Date plus session-relative SessionTime; timezone/latency is not inferred; lap assignment is interval lookup from FastF1 LapStartTime/Time
2020:Portuguese Grand Prix:Race,train,2020,Portuguese Grand Prix,Race,LEC,16,TRUE,TRUE,LAP_CONTEXT_PRESENT,66,66,CACHED_SELECTED_LAP_STREAM,711,22466,24903,2020-10-25T13:13:11.020000,2020-10-25T14:44:13.079000,2020-10-25T13:13:10.922000,2020-10-25T14:44:12.930000,1989.943,7452.002,1989.845,7451.853,1.5172386111111111,1.5172244444444445,1,66,1,66,0.23999999999978172,0.27999999999974534,0.44000000000005457,0,0.0,0,0,0.22000000000025466,0.22000000000025466,0.23999999999978172,0,0.0,0,0,TELEMETRY_COVERAGE_PASS,FastF1 raw Date plus session-relative SessionTime; timezone/latency is not inferred; lap assignment is interval lookup from FastF1 LapStartTime/Time
2020:Portuguese Grand Prix:Race,train,2020,Portuguese Grand Prix,Race,MAG,20,TRUE,TRUE,LAP_CONTEXT_PRESENT,65,65,CACHED_SELECTED_LAP_STREAM,722,22502,24943,2020-10-25T13:13:11.020000,2020-10-25T14:44:21.799000,2020-10-25T13:13:10.922000,2020-10-25T14:44:21.709000,1989.943,7460.722,1989.845,7460.632,1.5196608333333332,1.5196630555555555,1,65,1,65,0.23999999999978172,0.27999999999974534,0.44000000000005457,0,0.0,0,0,0.22000000000025466,0.22000000000025466,0.23999999999978172,0,0.0,0,0,TELEMETRY_COVERAGE_PASS,FastF1 raw Date plus session-relative SessionTime; timezone/latency is not inferred; lap assignment is interval lookup from FastF1 LapStartTime/Time
2020:Portuguese Grand Prix:Race,train,2020,Portuguese Grand Prix,Race,NOR,4,TRUE,TRUE,LAP_CONTEXT_PRESENT,65,65,CACHED_SELECTED_LAP_STREAM,723,22405,24836,2020-10-25T13:13:11.020000,2020-10-25T14:43:58.279000,2020-10-25T13:13:10.922000,2020-10-25T14:43:58.249000,1989.943,7437.202,1989.845,7437.172,1.5131275,1.5131463888888887,1,65,1,65,0.23999999999978172,0.27999999999974534,0.44000000000005457,0,0.0,0,0,0.22000000000025466,0.22000000000025466,0.23999999999978172,0,0.0,0,0,TELEMETRY_COVERAGE_PASS,FastF1 raw Date plus session-relative SessionTime; timezone/latency is not inferred; lap assignment is interval lookup from FastF1 LapStartTime/Time
2020:Portuguese Grand Prix:Race,train,2020,Portuguese Grand Prix,Race,OCO,31,TRUE,TRUE,LAP_CONTEXT_PRESENT,65,65,CACHED_SELECTED_LAP_STREAM,729,22285,24704,2020-10-25T13:13:11.020000,2020-10-25T14:43:29.239000,2020-10-25T13:13:10.922000,2020-10-25T14:43:29.289000,1989.943,7408.162,1989.845,7408.212,1.5050608333333333,1.5051019444444445,1,65,1,65,0.23999999999978172,0.27999999999974534,0.44000000000005457,0,0.0,0,0,0.22000000000025466,0.22000000000025466,0.23999999999978172,0,0.0,0,0,TELEMETRY_COVERAGE_PASS,FastF1 raw Date plus session-relative SessionTime; timezone/latency is not inferred; lap assignment is interval lookup from FastF1 LapStartTime/Time
2020:Portuguese Grand Prix:Race,train,2020,Portuguese Grand Prix,Race,PER,11,TRUE,TRUE,LAP_CONTEXT_PRESENT,65,65,CACHED_SELECTED_LAP_STREAM,716,22279,24697,2020-10-25T13:13:11.020000,2020-10-25T14:43:27.799000,2020-10-25T13:13:10.922000,2020-10-25T14:43:27.750000,1989.943,7406.722,1989.845,7406.673,1.5046608333333331,1.5046744444444442,1,65,1,65,0.23999999999978172,0.27999999999974534,0.44000000000005457,0,0.0,0,0,0.22000000000025466,0.22000000000025466,0.23999999999978172,0,0.0,0,0,TELEMETRY_COVERAGE_PASS,FastF1 raw Date plus session-relative SessionTime; timezone/latency is not inferred; lap assignment is interval lookup from FastF1 LapStartTime/Time
2020:Portuguese Grand Prix:Race,train,2020,Portuguese Grand Prix,Race,RAI,7,TRUE,TRUE,LAP_CONTEXT_PRESENT,65,65,CACHED_SELECTED_LAP_STREAM,764,22320,24742,2020-10-25T13:13:11.020000,2020-10-25T14:43:37.759000,2020-10-25T13:13:10.922000,2020-10-25T14:43:37.629000,1989.943,7416.682,1989.845,7416.552,1.5074275,1.507418611111111,1,65,1,65,0.23999999999978172,0.27999999999974534,0.44000000000005457,0,0.0,0,0,0.22000000000025466,0.22000000000025466,0.23999999999978172,0,0.0,0,0,TELEMETRY_COVERAGE_PASS,FastF1 raw Date plus session-relative SessionTime; timezone/latency is not inferred; lap assignment is interval lookup from FastF1 LapStartTime/Time
2020:Portuguese Grand Prix:Race,train,2020,Portuguese Grand Prix,Race,RIC,3,TRUE,TRUE,LAP_CONTEXT_PRESENT,65,65,CACHED_SELECTED_LAP_STREAM,732,22288,24707,2020-10-25T13:13:11.020000,2020-10-25T14:43:29.959000,2020-10-25T13:13:10.922000,2020-10-25T14:43:29.949000,1989.943,7408.882,1989.845,7408.872,1.5052608333333333,1.5052852777777779,1,65,1,65,0.23999999999978172,0.27999999999974534,0.44000000000005457,0,0.0,0,0,0.22000000000025466,0.22000000000025466,0.23999999999978172,0,0.0,0,0,TELEMETRY_COVERAGE_PASS,FastF1 raw Date plus session-relative SessionTime; timezone/latency is not inferred; lap assignment is interval lookup from FastF1 LapStartTime/Time
2020:Portuguese Grand Prix:Race,train,2020,Portuguese Grand Prix,Race,RUS,63,TRUE,TRUE,LAP_CONTEXT_PRESENT,65,65,CACHED_SELECTED_LAP_STREAM,729,22437,24871,2020-10-25T13:13:11.020000,2020-10-25T14:44:05.959000,2020-10-25T13:13:10.922000,2020-10-25T14:44:05.929000,1989.943,7444.882,1989.845,7444.852,1.515260833333333,1.515279722222222,1,65,1,65,0.23999999999978172,0.27999999999974534,0.44000000000005457,0,0.0,0,0,0.22000000000025466,0.22000000000025466,0.23999999999978172,0,0.0,0,0,TELEMETRY_COVERAGE_PASS,FastF1 raw Date plus session-relative SessionTime; timezone/latency is not inferred; lap assignment is interval lookup from FastF1 LapStartTime/Time
2020:Portuguese Grand Prix:Race,train,2020,Portuguese Grand Prix,Race,SAI,55,TRUE,TRUE,LAP_CONTEXT_PRESENT,65,65,CACHED_SELECTED_LAP_STREAM,722,22272,24690,2020-10-25T13:13:11.020000,2020-10-25T14:43:26.119000,2020-10-25T13:13:10.922000,2020-10-25T14:43:26.229000,1989.943,7405.042,1989.845,7405.152,1.5041941666666667,1.5042519444444444,1,65,1,65,0.23999999999978172,0.27999999999974534,0.44000000000005457,0,0.0,0,0,0.22000000000025466,0.22000000000025466,0.23999999999978172,0,0.0,0,0,TELEMETRY_COVERAGE_PASS,FastF1 raw Date plus session-relative SessionTime; timezone/latency is not inferred; lap assignment is interval lookup from FastF1 LapStartTime/Time
2020:Portuguese Grand Prix:Race,train,2020,Portuguese Grand Prix,Race,STR,18,TRUE,TRUE,LAP_CONTEXT_PRESENT,51,51,CACHED_SELECTED_LAP_STREAM,733,17912,19853,2020-10-25T13:13:11.020000,2020-10-25T14:25:45.317000,2020-10-25T13:13:10.922000,2020-10-25T14:25:45.287000,1989.943,6344.24,1989.845,6344.21,1.2095269444444443,1.2095458333333333,1,51,1,51,0.23999999999978172,0.27999999999974534,0.44000000000005457,0,0.0,0,0,0.22000000000025466,0.22000000000025466,0.23999999999978172,0,0.0,0,0,TELEMETRY_COVERAGE_PASS,FastF1 raw Date plus session-relative SessionTime; timezone/latency is not inferred; lap assignment is interval lookup from FastF1 LapStartTime/Time
2020:Portuguese Grand Prix:Race,train,2020,Portuguese Grand Prix,Race,VER,33,TRUE,TRUE,LAP_CONTEXT_PRESENT,66,66,CACHED_SELECTED_LAP_STREAM,720,22338,24763,2020-10-25T13:13:11.020000,2020-10-25T14:43:42.079000,2020-10-25T13:13:10.922000,2020-10-25T14:43:42.229000,1989.943,7421.002,1989.845,7421.152,1.5086275,1.508696388888889,1,66,1,66,0.23999999999978172,0.27999999999974534,0.44000000000005457,0,0.0,0,0,0.22000000000025466,0.22000000000025466,0.23999999999978172,0,0.0,0,0,TELEMETRY_COVERAGE_PASS,FastF1 raw Date plus session-relative SessionTime; timezone/latency is not inferred; lap assignment is interval lookup from FastF1 LapStartTime/Time
2020:Portuguese Grand Prix:Race,train,2020,Portuguese Grand Prix,Race,VET,5,TRUE,TRUE,LAP_CONTEXT_PRESENT,65,65,CACHED_SELECTED_LAP_STREAM,729,22293,24713,2020-10-25T13:13:11.020000,2020-10-25T14:43:31.119000,2020-10-25T13:13:10.922000,2020-10-25T14:43:31.269000,1989.943,7410.042,1989.845,7410.192,1.5055830555555556,1.5056519444444443,1,65,1,65,0.23999999999978172,0.27999999999974534,0.44000000000005457,0,0.0,0,0,0.22000000000025466,0.22000000000025466,0.23999999999978172,0,0.0,0,0,TELEMETRY_COVERAGE_PASS,FastF1 raw Date plus session-relative SessionTime; timezone/latency is not inferred; lap assignment is interval lookup from FastF1 LapStartTime/Time
2020:Emilia Romagna Grand Prix:Race,train,2020,Emilia Romagna Grand Prix,Race,ALB,23,TRUE,TRUE,LAP_CONTEXT_PRESENT,63,63,CACHED_SELECTED_LAP_STREAM,700,22010,24482,2020-11-01T12:13:12.727000,2020-11-01T13:42:42.420000,2020-11-01T12:13:12.811000,2020-11-01T13:42:42.517000,1990.452,7360.145,1990.536,7360.242,1.491581388888889,1.491585,1,63,1,63,0.23999999999978172,0.27999999999974534,0.3609999999998763,0,0.0,0,0,0.22000000000025466,0.22000000000025466,0.23999999999978172,0,0.0,0,0,TELEMETRY_COVERAGE_PASS,FastF1 raw Date plus session-relative SessionTime; timezone/latency is not inferred; lap assignment is interval lookup from FastF1 LapStartTime/Time
2020:Emilia Romagna Grand Prix:Race,train,2020,Emilia Romagna Grand Prix,Race,BOT,77,TRUE,TRUE,LAP_CONTEXT_PRESENT,63,63,CACHED_SELECTED_LAP_STREAM,686,21799,24247,2020-11-01T12:13:12.727000,2020-11-01T13:41:50.940000,2020-11-01T12:13:12.811000,2020-11-01T13:41:50.977000,1990.452,7308.665,1990.536,7308.702,1.4772813888888887,1.4772683333333334,1,63,1,63,0.23999999999978172,0.27999999999974534,0.3609999999998763,0,0.0,0,0,0.22000000000025466,0.22000000000025466,0.23999999999978172,0,0.0,0,0,TELEMETRY_COVERAGE_PASS,FastF1 raw Date plus session-relative SessionTime; timezone/latency is not inferred; lap assignment is interval lookup from FastF1 LapStartTime/Time
2020:Emilia Romagna Grand Prix:Race,train,2020,Emilia Romagna Grand Prix,Race,GAS,10,TRUE,TRUE,LAP_CONTEXT_PRESENT,8,8,CACHED_SELECTED_LAP_STREAM,711,2691,2995,2020-11-01T12:13:12.727000,2020-11-01T12:24:09.409000,2020-11-01T12:13:12.811000,2020-11-01T12:24:09.531000,1990.452,2647.134,1990.536,2647.256,0.18241166666666667,0.18242222222222218,1,8,1,8,0.2400000000000091,0.2800000000002001,0.36000000000012733,0,0.0,0,0,0.2199999999997999,0.22000000000025466,0.22100000000000364,0,0.0,0,0,TELEMETRY_COVERAGE_PASS,FastF1 raw Date plus session-relative SessionTime; timezone/latency is not inferred; lap assignment is interval lookup from FastF1 LapStartTime/Time
2020:Emilia Romagna Grand Prix:Race,train,2020,Emilia Romagna Grand Prix,Race,GIO,99,TRUE,TRUE,LAP_CONTEXT_PRESENT,63,63,CACHED_SELECTED_LAP_STREAM,902,21883,24341,2020-11-01T12:13:12.727000,2020-11-01T13:42:11.420000,2020-11-01T12:13:12.811000,2020-11-01T13:42:11.597000,1990.452,7329.145,1990.536,7329.322,1.4829702777777778,1.4829961111111112,1,63,1,63,0.23999999999978172,0.27999999999974534,0.3609999999998763,0,0.0,0,0,0.22000000000025466,0.22000000000025466,0.23999999999978172,0,0.0,0,0,TELEMETRY_COVERAGE_PASS,FastF1 raw Date plus session-relative SessionTime; timezone/latency is not inferred; lap assignment is interval lookup from FastF1 LapStartTime/Time
2020:Emilia Romagna Grand Prix:Race,train,2020,Emilia Romagna Grand Prix,Race,GRO,8,TRUE,TRUE,LAP_CONTEXT_PRESENT,63,63,CACHED_SELECTED_LAP_STREAM,697,21889,24348,2020-11-01T12:13:12.727000,2020-11-01T13:42:12.980000,2020-11-01T12:13:12.811000,2020-11-01T13:42:13.137000,1990.452,7330.705,1990.536,7330.862,1.483403611111111,1.4834238888888889,1,63,1,63,0.23999999999978172,0.27999999999974534,0.3609999999998763,0,0.0,0,0,0.22000000000025466,0.22000000000025466,0.23999999999978172,0,0.0,0,0,TELEMETRY_COVERAGE_PASS,FastF1 raw Date plus session-relative SessionTime; timezone/latency is not inferred; lap assignment is interval lookup from FastF1 LapStartTime/Time
2020:Emilia Romagna Grand Prix:Race,train,2020,Emilia Romagna Grand Prix,Race,HAM,44,TRUE,TRUE,LAP_CONTEXT_PRESENT,63,63,CACHED_SELECTED_LAP_STREAM,688,21776,24221,2020-11-01T12:13:12.727000,2020-11-01T13:41:45.220000,2020-11-01T12:13:12.811000,2020-11-01T13:41:45.277000,1990.452,7302.945,1990.536,7303.002,1.4756924999999999,1.4756850000000001,1,63,1,63,0.23999999999978172,0.27999999999974534,0.3609999999998763,0,0.0,0,0,0.22000000000025466,0.22000000000025466,0.23999999999978172,0,0.0,0,0,TELEMETRY_COVERAGE_PASS,FastF1 raw Date plus session-relative SessionTime; timezone/latency is not inferred; lap assignment is interval lookup from FastF1 LapStartTime/Time
2020:Emilia Romagna Grand Prix:Race,train,2020,Emilia Romagna Grand Prix,Race,KVY,26,TRUE,TRUE,LAP_CONTEXT_PRESENT,63,63,CACHED_SELECTED_LAP_STREAM,700,21837,24290,2020-11-01T12:13:12.727000,2020-11-01T13:42:00.219000,2020-11-01T12:13:12.811000,2020-11-01T13:42:00.398000,1990.452,7317.944,1990.536,7318.123,1.4798588888888888,1.4798852777777776,1,63,1,63,0.23999999999978172,0.27999999999974534,0.3609999999998763,0,0.0,0,0,0.22000000000025466,0.22000000000025466,0.23999999999978172,0,0.0,0,0,TELEMETRY_COVERAGE_PASS,FastF1 raw Date plus session-relative SessionTime; timezone/latency is not inferred; lap assignment is interval lookup from FastF1 LapStartTime/Time
2020:Emilia Romagna Grand Prix:Race,train,2020,Emilia Romagna Grand Prix,Race,LAT,6,TRUE,TRUE,LAP_CONTEXT_PRESENT,63,63,CACHED_SELECTED_LAP_STREAM,706,21886,24344,2020-11-01T12:13:12.727000,2020-11-01T13:42:12.220000,2020-11-01T12:13:12.811000,2020-11-01T13:42:12.257000,1990.452,7329.945,1990.536,7329.982,1.4831925,1.4831794444444444,1,63,1,63,0.23999999999978172,0.27999999999974534,0.3609999999998763,0,0.0,0,0,0.22000000000025466,0.22000000000025466,0.23999999999978172,0,0.0,0,0,TELEMETRY_COVERAGE_PASS,FastF1 raw Date plus session-relative SessionTime; timezone/latency is not inferred; lap assignment is interval lookup from FastF1 LapStartTime/Time
2020:Emilia Romagna Grand Prix:Race,train,2020,Emilia Romagna Grand Prix,Race,LEC,16,TRUE,TRUE,LAP_CONTEXT_PRESENT,63,63,CACHED_SELECTED_LAP_STREAM,699,21854,24308,2020-11-01T12:13:12.727000,2020-11-01T13:42:04.340000,2020-11-01T12:13:12.811000,2020-11-01T13:42:04.357000,1990.452,7322.065,1990.536,7322.082,1.481003611111111,1.480985,1,63,1,63,0.23999999999978172,0.27999999999974534,0.3609999999998763,0,0.0,0,0,0.22000000000025466,0.22000000000025466,0.23999999999978172,0,0.0,0,0,TELEMETRY_COVERAGE_PASS,FastF1 raw Date plus session-relative SessionTime; timezone/latency is not inferred; lap assignment is interval lookup from FastF1 LapStartTime/Time
2020:Emilia Romagna Grand Prix:Race,train,2020,Emilia Romagna Grand Prix,Race,MAG,20,TRUE,TRUE,LAP_CONTEXT_PRESENT,47,47,CACHED_SELECTED_LAP_STREAM,704,15807,17576,2020-11-01T12:13:12.727000,2020-11-01T13:17:27.696000,2020-11-01T12:13:12.811000,2020-11-01T13:17:27.715000,1990.452,5845.421,1990.536,5845.44,1.0708247222222222,1.0708066666666665,1,47,1,47,0.23999999999978172,0.2800000000002001,0.3609999999998763,0,0.0,0,0,0.22000000000025466,0.22000000000025466,0.22100000000045839,0,0.0,0,0,TELEMETRY_COVERAGE_PASS,FastF1 raw Date plus session-relative SessionTime; timezone/latency is not inferred; lap assignment is interval lookup from FastF1 LapStartTime/Time
2020:Emilia Romagna Grand Prix:Race,train,2020,Emilia Romagna Grand Prix,Race,NOR,4,TRUE,TRUE,LAP_CONTEXT_PRESENT,63,63,CACHED_SELECTED_LAP_STREAM,703,21862,24317,2020-11-01T12:13:12.727000,2020-11-01T13:42:06.300000,2020-11-01T12:13:12.811000,2020-11-01T13:42:06.337000,1990.452,7324.025,1990.536,7324.062,1.4815480555555554,1.481535,1,63,1,63,0.23999999999978172,0.27999999999974534,0.3609999999998763,0,0.0,0,0,0.22000000000025466,0.22000000000025466,0.23999999999978172,0,0.0,0,0,TELEMETRY_COVERAGE_PASS,FastF1 raw Date plus session-relative SessionTime; timezone/latency is not inferred; lap assignment is interval lookup from FastF1 LapStartTime/Time
2020:Emilia Romagna Grand Prix:Race,train,2020,Emilia Romagna Grand Prix,Race,OCO,31,TRUE,TRUE,LAP_CONTEXT_PRESENT,28,28,CACHED_SELECTED_LAP_STREAM,704,9702,10799,2020-11-01T12:13:12.727000,2020-11-01T12:52:41.333000,2020-11-01T12:13:12.811000,2020-11-01T12:52:41.254000,1990.452,4359.058,1990.536,4358.979,0.657946111111111,0.6579008333333334,1,28,1,28,0.2400000000000091,0.2800000000002001,0.3600000000005821,0,0.0,0,0,0.2199999999997999,0.22000000000025466,0.22100000000000364,0,0.0,0,0,TELEMETRY_COVERAGE_PASS,FastF1 raw Date plus session-relative SessionTime; timezone/latency is not inferred; lap assignment is interval lookup from FastF1 LapStartTime/Time
2020:Emilia Romagna Grand Prix:Race,train,2020,Emilia Romagna Grand Prix,Race,PER,11,TRUE,TRUE,LAP_CONTEXT_PRESENT,63,63,CACHED_SELECTED_LAP_STREAM,704,21856,24310,2020-11-01T12:13:12.727000,2020-11-01T13:42:04.820000,2020-11-01T12:13:12.811000,2020-11-01T13:42:04.797000,1990.452,7322.545,1990.536,7322.522,1.4811369444444444,1.4811072222222221,1,63,1,63,0.23999999999978172,0.27999999999974534,0.3609999999998763,0,0.0,0,0,0.22000000000025466,0.22000000000025466,0.23999999999978172,0,0.0,0,0,TELEMETRY_COVERAGE_PASS,FastF1 raw Date plus session-relative SessionTime; timezone/latency is not inferred; lap assignment is interval lookup from FastF1 LapStartTime/Time
2020:Emilia Romagna Grand Prix:Race,train,2020,Emilia Romagna Grand Prix,Race,RAI,7,TRUE,TRUE,LAP_CONTEXT_PRESENT,63,63,CACHED_SELECTED_LAP_STREAM,701,21867,24322,2020-11-01T12:13:12.727000,2020-11-01T13:42:07.499000,2020-11-01T12:13:12.811000,2020-11-01T13:42:07.417000,1990.452,7325.224,1990.536,7325.142,1.481881111111111,1.481835,1,63,1,63,0.23999999999978172,0.27999999999974534,0.3609999999998763,0,0.0,0,0,0.22000000000025466,0.22000000000025466,0.23999999999978172,0,0.0,0,0,TELEMETRY_COVERAGE_PASS,FastF1 raw Date plus session-relative SessionTime; timezone/latency is not inferred; lap assignment is interval lookup from FastF1 LapStartTime/Time
2020:Emilia Romagna Grand Prix:Race,train,2020,Emilia Romagna Grand Prix,Race,RIC,3,TRUE,TRUE,LAP_CONTEXT_PRESENT,63,63,CACHED_SELECTED_LAP_STREAM,704,21834,24286,2020-11-01T12:13:12.727000,2020-11-01T13:41:59.460000,2020-11-01T12:13:12.811000,2020-11-01T13:41:59.537000,1990.452,7317.185,1990.536,7317.262,1.4796480555555556,1.479646111111111,1,63,1,63,0.23999999999978172,0.27999999999974534,0.3609999999998763,0,0.0,0,0,0.22000000000025466,0.22000000000025466,0.23999999999978172,0,0.0,0,0,TELEMETRY_COVERAGE_PASS,FastF1 raw Date plus session-relative SessionTime; timezone/latency is not inferred; lap assignment is interval lookup from FastF1 LapStartTime/Time
2020:Emilia Romagna Grand Prix:Race,train,2020,Emilia Romagna Grand Prix,Race,RUS,63,TRUE,TRUE,LAP_CONTEXT_PRESENT,52,52,CACHED_SELECTED_LAP_STREAM,705,17769,19761,2020-11-01T12:13:12.727000,2020-11-01T13:25:26.857000,2020-11-01T12:13:12.811000,2020-11-01T13:25:26.995000,1990.452,6324.582,1990.536,6324.72,1.2039250000000001,1.20394,1,52,1,52,0.23999999999978172,0.2799999999999727,0.3609999999998763,0,0.0,0,0,0.22000000000025466,0.22000000000025466,0.22100000000045839,0,0.0,0,0,TELEMETRY_COVERAGE_PASS,FastF1 raw Date plus session-relative SessionTime; timezone/latency is not inferred; lap assignment is interval lookup from FastF1 LapStartTime/Time
2020:Emilia Romagna Grand Prix:Race,train,2020,Emilia Romagna Grand Prix,Race,SAI,55,TRUE,TRUE,LAP_CONTEXT_PRESENT,63,63,CACHED_SELECTED_LAP_STREAM,702,21858,24313,2020-11-01T12:13:12.727000,2020-11-01T13:42:05.300000,2020-11-01T12:13:12.811000,2020-11-01T13:42:05.457000,1990.452,7323.025,1990.536,7323.182,1.4812702777777775,1.4812905555555556,1,63,1,63,0.23999999999978172,0.27999999999974534,0.3609999999998763,0,0.0,0,0,0.22000000000025466,0.22000000000025466,0.23999999999978172,0,0.0,0,0,TELEMETRY_COVERAGE_PASS,FastF1 raw Date plus session-relative SessionTime; timezone/latency is not inferred; lap assignment is interval lookup from FastF1 LapStartTime/Time
2020:Emilia Romagna Grand Prix:Race,train,2020,Emilia Romagna Grand Prix,Race,STR,18,TRUE,TRUE,LAP_CONTEXT_PRESENT,63,63,CACHED_SELECTED_LAP_STREAM,700,21894,24354,2020-11-01T12:13:12.727000,2020-11-01T13:42:14.259000,2020-11-01T12:13:12.811000,2020-11-01T13:42:14.437000,1990.452,7331.984,1990.536,7332.162,1.4837588888888888,1.4837850000000001,1,63,1,63,0.23999999999978172,0.27999999999974534,0.3609999999998763,0,0.0,0,0,0.22000000000025466,0.22000000000025466,0.23999999999978172,0,0.0,0,0,TELEMETRY_COVERAGE_PASS,FastF1 raw Date plus session-relative SessionTime; timezone/latency is not inferred; lap assignment is interval lookup from FastF1 LapStartTime/Time
2020:Emilia Romagna Grand Prix:Race,train,2020,Emilia Romagna Grand Prix,Race,VER,33,TRUE,TRUE,LAP_CONTEXT_PRESENT,51,51,CACHED_SELECTED_LAP_STREAM,693,16946,18846,2020-11-01T12:13:12.727000,2020-11-01T13:22:06.377000,2020-11-01T12:13:12.811000,2020-11-01T13:22:06.295000,1990.452,6124.102,1990.536,6124.02,1.148236111111111,1.14819,1,51,1,51,0.23999999999978172,0.2800000000002001,0.3609999999998763,0,0.0,0,0,0.22000000000025466,0.22000000000025466,0.22100000000045839,0,0.0,0,0,TELEMETRY_COVERAGE_PASS,FastF1 raw Date plus session-relative SessionTime; timezone/latency is not inferred; lap assignment is interval lookup from FastF1 LapStartTime/Time
2020:Emilia Romagna Grand Prix:Race,train,2020,Emilia Romagna Grand Prix,Race,VET,5,TRUE,TRUE,LAP_CONTEXT_PRESENT,63,63,CACHED_SELECTED_LAP_STREAM,699,21891,24350,2020-11-01T12:13:12.727000,2020-11-01T13:42:13.499000,2020-11-01T12:13:12.811000,2020-11-01T13:42:13.558000,1990.452,7331.224,1990.536,7331.283,1.4835477777777777,1.4835408333333333,1,63,1,63,0.23999999999978172,0.27999999999974534,0.3609999999998763,0,0.0,0,0,0.22000000000025466,0.22000000000025466,0.23999999999978172,0,0.0,0,0,TELEMETRY_COVERAGE_PASS,FastF1 raw Date plus session-relative SessionTime; timezone/latency is not inferred; lap assignment is interval lookup from FastF1 LapStartTime/Time
2020:Bahrain Grand Prix:Race,train,2020,Bahrain Grand Prix,Race,ALB,23,TRUE,TRUE,LAP_CONTEXT_PRESENT,57,57,CACHED_SELECTED_LAP_STREAM,831,44495,49215,2020-11-29T14:13:37.168000,2020-11-29T17:13:32.594000,2020-11-29T14:13:37,2020-11-29T17:13:32.614000,2017.116,12812.542,2016.948,12812.562,2.9987294444444443,2.9987816666666665,1,57,1,57,0.23999999999978172,0.27999999999974534,0.47999999999956344,0,0.0,0,0,0.2199999999997999,0.22000000000116415,0.9400000000005093,0,0.0,0,0,TELEMETRY_COVERAGE_PASS,FastF1 raw Date plus session-relative SessionTime; timezone/latency is not inferred; lap assignment is interval lookup from FastF1 LapStartTime/Time
2020:Bahrain Grand Prix:Race,train,2020,Bahrain Grand Prix,Race,BOT,77,TRUE,TRUE,LAP_CONTEXT_PRESENT,57,57,CACHED_SELECTED_LAP_STREAM,860,44543,49268,2020-11-29T14:13:37.168000,2020-11-29T17:13:44.154000,2020-11-29T14:13:37,2020-11-29T17:13:44.234000,2017.116,12824.102,2016.948,12824.182,3.0019405555555556,3.0020094444444445,1,57,1,57,0.23999999999978172,0.27999999999974534,0.47999999999956344,0,0.0,0,0,0.2199999999997999,0.22000000000116415,0.9400000000005093,0,0.0,0,0,TELEMETRY_COVERAGE_PASS,FastF1 raw Date plus session-relative SessionTime; timezone/latency is not inferred; lap assignment is interval lookup from FastF1 LapStartTime/Time
2020:Bahrain Grand Prix:Race,train,2020,Bahrain Grand Prix,Race,GAS,10,TRUE,TRUE,LAP_CONTEXT_PRESENT,57,57,CACHED_SELECTED_LAP_STREAM,848,44511,49233,2020-11-29T14:13:37.168000,2020-11-29T17:13:36.394000,2020-11-29T14:13:37,2020-11-29T17:13:36.573000,2017.116,12816.342,2016.948,12816.521,2.999785,2.999881388888889,1,57,1,57,0.23999999999978172,0.27999999999974534,0.47999999999956344,0,0.0,0,0,0.2199999999997999,0.22000000000116415,0.9400000000005093,0,0.0,0,0,TELEMETRY_COVERAGE_PASS,FastF1 raw Date plus session-relative SessionTime; timezone/latency is not inferred; lap assignment is interval lookup from FastF1 LapStartTime/Time
2020:Bahrain Grand Prix:Race,train,2020,Bahrain Grand Prix,Race,GIO,99,TRUE,TRUE,LAP_CONTEXT_PRESENT,56,56,CACHED_SELECTED_LAP_STREAM,863,44504,49225,2020-11-29T14:13:37.168000,2020-11-29T17:13:34.715000,2020-11-29T14:13:37,2020-11-29T17:13:34.814000,2017.116,12814.663,2016.948,12814.762,2.999318611111111,2.999392777777778,1,56,1,56,0.23999999999978172,0.27999999999974534,0.47999999999956344,0,0.0,0,0,0.2199999999997999,0.22000000000116415,0.9400000000005093,0,0.0,0,0,TELEMETRY_COVERAGE_PASS,FastF1 raw Date plus session-relative SessionTime; timezone/latency is not inferred; lap assignment is interval lookup from FastF1 LapStartTime/Time
2020:Bahrain Grand Prix:Race,train,2020,Bahrain Grand Prix,Race,GRO,8,TRUE,TRUE,LAP_CONTEXT_PRESENT,1,1,CACHED_SELECTED_LAP_STREAM,1111,525,584,2020-11-29T14:13:37.168000,2020-11-29T14:15:44.969000,2020-11-29T14:13:37,2020-11-29T14:15:44.880000,2017.116,2144.917,2016.948,2144.828,0.035500277777777756,0.03552222222222219,1,1,1,1,0.2400000000000091,0.2799999999999727,0.3609999999998763,0,0.0,0,0,0.22000000000002728,0.22000000000025466,0.22000000000025466,0,0.0,0,0,TELEMETRY_COVERAGE_PASS,FastF1 raw Date plus session-relative SessionTime; timezone/latency is not inferred; lap assignment is interval lookup from FastF1 LapStartTime/Time
2020:Bahrain Grand Prix:Race,train,2020,Bahrain Grand Prix,Race,HAM,44,TRUE,TRUE,LAP_CONTEXT_PRESENT,57,57,CACHED_SELECTED_LAP_STREAM,821,44462,49179,2020-11-29T14:13:37.168000,2020-11-29T17:13:24.554000,2020-11-29T14:13:37,2020-11-29T17:13:24.714000,2017.116,12804.502,2016.948,12804.662,2.996496111111111,2.9965872222222223,1,57,1,57,0.23999999999978172,0.27999999999974534,0.47999999999956344,0,0.0,0,0,0.2199999999997999,0.22000000000116415,0.9400000000005093,0,0.0,0,0,TELEMETRY_COVERAGE_PASS,FastF1 raw Date plus session-relative SessionTime; timezone/latency is not inferred; lap assignment is interval lookup from FastF1 LapStartTime/Time
2020:Bahrain Grand Prix:Race,train,2020,Bahrain Grand Prix,Race,KVY,26,TRUE,TRUE,LAP_CONTEXT_PRESENT,56,56,CACHED_SELECTED_LAP_STREAM,850,44469,49187,2020-11-29T14:13:37.168000,2020-11-29T17:13:26.314000,2020-11-29T14:13:37,2020-11-29T17:13:26.474000,2017.116,12806.262,2016.948,12806.422,2.996985,2.9970761111111113,1,56,1,56,0.23999999999978172,0.27999999999974534,0.47999999999956344,0,0.0,0,0,0.2199999999997999,0.22000000000116415,0.9400000000005093,0,0.0,0,0,TELEMETRY_COVERAGE_PASS,FastF1 raw Date plus session-relative SessionTime; timezone/latency is not inferred; lap assignment is interval lookup from FastF1 LapStartTime/Time
2020:Bahrain Grand Prix:Race,train,2020,Bahrain Grand Prix,Race,LAT,6,TRUE,TRUE,LAP_CONTEXT_PRESENT,56,56,CACHED_SELECTED_LAP_STREAM,859,44485,49204,2020-11-29T14:13:37.168000,2020-11-29T17:13:30.114000,2020-11-29T14:13:37,2020-11-29T17:13:30.194000,2017.116,12810.062,2016.948,12810.142,2.9980405555555554,2.9981094444444443,1,56,1,56,0.23999999999978172,0.27999999999974534,0.47999999999956344,0,0.0,0,0,0.2199999999997999,0.22000000000116415,0.9400000000005093,0,0.0,0,0,TELEMETRY_COVERAGE_PASS,FastF1 raw Date plus session-relative SessionTime; timezone/latency is not inferred; lap assignment is interval lookup from FastF1 LapStartTime/Time
2020:Bahrain Grand Prix:Race,train,2020,Bahrain Grand Prix,Race,LEC,16,TRUE,TRUE,LAP_CONTEXT_PRESENT,56,56,CACHED_SELECTED_LAP_STREAM,844,44465,49182,2020-11-29T14:13:37.168000,2020-11-29T17:13:25.354000,2020-11-29T14:13:37,2020-11-29T17:13:25.374000,2017.116,12805.302,2016.948,12805.322,2.9967183333333334,2.9967705555555555,1,56,1,56,0.23999999999978172,0.27999999999974534,0.47999999999956344,0,0.0,0,0,0.2199999999997999,0.22000000000116415,0.9400000000005093,0,0.0,0,0,TELEMETRY_COVERAGE_PASS,FastF1 raw Date plus session-relative SessionTime; timezone/latency is not inferred; lap assignment is interval lookup from FastF1 LapStartTime/Time
2020:Bahrain Grand Prix:Race,train,2020,Bahrain Grand Prix,Race,MAG,20,TRUE,TRUE,LAP_CONTEXT_PRESENT,56,56,CACHED_SELECTED_LAP_STREAM,863,44554,49280,2020-11-29T14:13:37.168000,2020-11-29T17:13:46.794000,2020-11-29T14:13:37,2020-11-29T17:13:46.874000,2017.116,12826.742,2016.948,12826.822,3.002673888888889,3.0027427777777778,1,56,1,56,0.23999999999978172,0.27999999999974534,0.47999999999956344,0,0.0,0,0,0.2199999999997999,0.22000000000116415,0.9400000000005093,0,0.0,0,0,TELEMETRY_COVERAGE_PASS,FastF1 raw Date plus session-relative SessionTime; timezone/latency is not inferred; lap assignment is interval lookup from FastF1 LapStartTime/Time
2020:Bahrain Grand Prix:Race,train,2020,Bahrain Grand Prix,Race,NOR,4,TRUE,TRUE,LAP_CONTEXT_PRESENT,57,57,CACHED_SELECTED_LAP_STREAM,841,44509,49230,2020-11-29T14:13:37.168000,2020-11-29T17:13:35.914000,2020-11-29T14:13:37,2020-11-29T17:13:35.914000,2017.116,12815.862,2016.948,12815.862,2.9996516666666664,2.999698333333333,1,57,1,57,0.23999999999978172,0.27999999999974534,0.47999999999956344,0,0.0,0,0,0.2199999999997999,0.22000000000116415,0.9400000000005093,0,0.0,0,0,TELEMETRY_COVERAGE_PASS,FastF1 raw Date plus session-relative SessionTime; timezone/latency is not inferred; lap assignment is interval lookup from FastF1 LapStartTime/Time
2020:Bahrain Grand Prix:Race,train,2020,Bahrain Grand Prix,Race,OCO,31,TRUE,TRUE,LAP_CONTEXT_PRESENT,57,57,CACHED_SELECTED_LAP_STREAM,844,44556,49282,2020-11-29T14:13:37.168000,2020-11-29T17:13:47.274000,2020-11-29T14:13:37,2020-11-29T17:13:47.314000,2017.116,12827.222,2016.948,12827.262,3.002807222222222,3.002865,1,57,1,57,0.23999999999978172,0.27999999999974534,0.47999999999956344,0,0.0,0,0,0.2199999999997999,0.22000000000116415,0.9400000000005093,0,0.0,0,0,TELEMETRY_COVERAGE_PASS,FastF1 raw Date plus session-relative SessionTime; timezone/latency is not inferred; lap assignment is interval lookup from FastF1 LapStartTime/Time
2020:Bahrain Grand Prix:Race,train,2020,Bahrain Grand Prix,Race,PER,11,TRUE,TRUE,LAP_CONTEXT_PRESENT,54,54,CACHED_SELECTED_LAP_STREAM,828,43100,47671,2020-11-29T14:13:37.168000,2020-11-29T17:07:53.834000,2020-11-29T14:13:37,2020-11-29T17:07:53.973000,2017.116,12473.782,2016.948,12473.921,2.9046294444444443,2.9047147222222223,1,54,1,54,0.23999999999978172,0.27999999999974534,0.47999999999956344,0,0.0,0,0,0.2199999999997999,0.22000000000116415,0.9400000000005093,0,0.0,0,0,TELEMETRY_COVERAGE_PASS,FastF1 raw Date plus session-relative SessionTime; timezone/latency is not inferred; lap assignment is interval lookup from FastF1 LapStartTime/Time
2020:Bahrain Grand Prix:Race,train,2020,Bahrain Grand Prix,Race,RAI,7,TRUE,TRUE,LAP_CONTEXT_PRESENT,56,56,CACHED_SELECTED_LAP_STREAM,861,44500,49220,2020-11-29T14:13:37.168000,2020-11-29T17:13:33.794000,2020-11-29T14:13:37,2020-11-29T17:13:33.714000,2017.116,12813.742,2016.948,12813.662,2.9990627777777776,2.9990872222222222,1,56,1,56,0.23999999999978172,0.27999999999974534,0.47999999999956344,0,0.0,0,0,0.2199999999997999,0.22000000000116415,0.9400000000005093,0,0.0,0,0,TELEMETRY_COVERAGE_PASS,FastF1 raw Date plus session-relative SessionTime; timezone/latency is not inferred; lap assignment is interval lookup from FastF1 LapStartTime/Time
2020:Bahrain Grand Prix:Race,train,2020,Bahrain Grand Prix,Race,RIC,3,TRUE,TRUE,LAP_CONTEXT_PRESENT,57,57,CACHED_SELECTED_LAP_STREAM,846,44542,49267,2020-11-29T14:13:37.168000,2020-11-29T17:13:43.874000,2020-11-29T14:13:37,2020-11-29T17:13:44.014000,2017.116,12823.822,2016.948,12823.962,3.0018627777777778,3.001948333333333,1,57,1,57,0.23999999999978172,0.27999999999974534,0.47999999999956344,0,0.0,0,0,0.2199999999997999,0.22000000000116415,0.9400000000005093,0,0.0,0,0,TELEMETRY_COVERAGE_PASS,FastF1 raw Date plus session-relative SessionTime; timezone/latency is not inferred; lap assignment is interval lookup from FastF1 LapStartTime/Time
2020:Bahrain Grand Prix:Race,train,2020,Bahrain Grand Prix,Race,RUS,63,TRUE,TRUE,LAP_CONTEXT_PRESENT,56,56,CACHED_SELECTED_LAP_STREAM,852,44472,49189,2020-11-29T14:13:37.168000,2020-11-29T17:13:27.034000,2020-11-29T14:13:37,2020-11-29T17:13:26.914000,2017.116,12806.982,2016.948,12806.862,2.997185,2.997198333333333,1,56,1,56,0.23999999999978172,0.27999999999974534,0.47999999999956344,0,0.0,0,0,0.2199999999997999,0.22000000000116415,0.9400000000005093,0,0.0,0,0,TELEMETRY_COVERAGE_PASS,FastF1 raw Date plus session-relative SessionTime; timezone/latency is not inferred; lap assignment is interval lookup from FastF1 LapStartTime/Time
2020:Bahrain Grand Prix:Race,train,2020,Bahrain Grand Prix,Race,SAI,55,TRUE,TRUE,LAP_CONTEXT_PRESENT,57,57,CACHED_SELECTED_LAP_STREAM,846,44511,49232,2020-11-29T14:13:37.168000,2020-11-29T17:13:36.394000,2020-11-29T14:13:37,2020-11-29T17:13:36.353000,2017.116,12816.342,2016.948,12816.301,2.999785,2.9998202777777774,1,57,1,57,0.23999999999978172,0.27999999999974534,0.47999999999956344,0,0.0,0,0,0.2199999999997999,0.22000000000116415,0.9400000000005093,0,0.0,0,0,TELEMETRY_COVERAGE_PASS,FastF1 raw Date plus session-relative SessionTime; timezone/latency is not inferred; lap assignment is interval lookup from FastF1 LapStartTime/Time
2020:Bahrain Grand Prix:Race,train,2020,Bahrain Grand Prix,Race,STR,18,TRUE,TRUE,LAP_CONTEXT_PRESENT,3,3,CACHED_SELECTED_LAP_STREAM,1443,21621,23969,2020-11-29T14:13:37.168000,2020-11-29T15:41:14.180000,2020-11-29T14:13:37,2020-11-29T15:41:14.147000,2017.116,7274.128,2016.948,7274.095,1.4602811111111111,1.460318611111111,1,3,1,3,0.23999999999978172,0.27999999999974534,0.4010000000007494,0,0.0,0,0,0.22000000000025466,0.22000000000025466,0.22100000000045839,0,0.0,0,0,TELEMETRY_COVERAGE_PASS,FastF1 raw Date plus session-relative SessionTime; timezone/latency is not inferred; lap assignment is interval lookup from FastF1 LapStartTime/Time
2020:Bahrain Grand Prix:Race,train,2020,Bahrain Grand Prix,Race,VER,33,TRUE,TRUE,LAP_CONTEXT_PRESENT,57,57,CACHED_SELECTED_LAP_STREAM,823,44467,49184,2020-11-29T14:13:37.168000,2020-11-29T17:13:25.834000,2020-11-29T14:13:37,2020-11-29T17:13:25.814000,2017.116,12805.782,2016.948,12805.762,2.9968516666666662,2.996892777777778,1,57,1,57,0.23999999999978172,0.27999999999974534,0.47999999999956344,0,0.0,0,0,0.2199999999997999,0.22000000000116415,0.9400000000005093,0,0.0,0,0,TELEMETRY_COVERAGE_PASS,FastF1 raw Date plus session-relative SessionTime; timezone/latency is not inferred; lap assignment is interval lookup from FastF1 LapStartTime/Time
2020:Bahrain Grand Prix:Race,train,2020,Bahrain Grand Prix,Race,VET,5,TRUE,TRUE,LAP_CONTEXT_PRESENT,56,56,CACHED_SELECTED_LAP_STREAM,858,44484,49202,2020-11-29T14:13:37.168000,2020-11-29T17:13:29.874000,2020-11-29T14:13:37,2020-11-29T17:13:29.773000,2017.116,12809.822,2016.948,12809.721,2.9979738888888887,2.9979924999999996,1,56,1,56,0.23999999999978172,0.27999999999974534,0.47999999999956344,0,0.0,0,0,0.2199999999997999,0.22000000000116415,0.9400000000005093,0,0.0,0,0,TELEMETRY_COVERAGE_PASS,FastF1 raw Date plus session-relative SessionTime; timezone/latency is not inferred; lap assignment is interval lookup from FastF1 LapStartTime/Time
2020:Sakhir Grand Prix:Race,train,2020,Sakhir Grand Prix,Race,AIT,89,TRUE,TRUE,LAP_CONTEXT_PRESENT,87,87,CACHED_SELECTED_LAP_STREAM,521,22605,25116,2020-12-06T17:12:43.820000,2020-12-06T18:44:32.555000,2020-12-06T17:12:43.788000,2020-12-06T18:44:32.594000,1963.787,7472.522,1963.755,7472.561,1.5302041666666666,1.5302238888888888,1,87,1,87,0.23999999999978172,0.27999999999974534,0.40000000000009095,0,0.0,0,0,0.22000000000025466,0.22000000000025466,0.306999999999789,0,0.0,0,0,TELEMETRY_COVERAGE_PASS,FastF1 raw Date plus session-relative SessionTime; timezone/latency is not inferred; lap assignment is interval lookup from FastF1 LapStartTime/Time
2020:Sakhir Grand Prix:Race,train,2020,Sakhir Grand Prix,Race,ALB,23,TRUE,TRUE,LAP_CONTEXT_PRESENT,87,87,CACHED_SELECTED_LAP_STREAM,513,22523,25025,2020-12-06T17:12:43.820000,2020-12-06T18:44:12.635000,2020-12-06T17:12:43.788000,2020-12-06T18:44:12.634000,1963.787,7452.602,1963.755,7452.601,1.5246708333333332,1.5246794444444443,1,87,1,87,0.23999999999978172,0.27999999999974534,0.40000000000009095,0,0.0,0,0,0.22000000000025466,0.22000000000025466,0.306999999999789,0,0.0,0,0,TELEMETRY_COVERAGE_PASS,FastF1 raw Date plus session-relative SessionTime; timezone/latency is not inferred; lap assignment is interval lookup from FastF1 LapStartTime/Time
2020:Sakhir Grand Prix:Race,train,2020,Sakhir Grand Prix,Race,BOT,77,TRUE,TRUE,LAP_CONTEXT_PRESENT,87,87,CACHED_SELECTED_LAP_STREAM,507,22530,25032,2020-12-06T17:12:43.820000,2020-12-06T18:44:14.314000,2020-12-06T17:12:43.788000,2020-12-06T18:44:14.174000,1963.787,7454.281,1963.755,7454.141,1.5251372222222221,1.5251072222222222,1,87,1,87,0.23999999999978172,0.27999999999974534,0.40000000000009095,0,0.0,0,0,0.22000000000025466,0.22000000000025466,0.306999999999789,0,0.0,0,0,TELEMETRY_COVERAGE_PASS,FastF1 raw Date plus session-relative SessionTime; timezone/latency is not inferred; lap assignment is interval lookup from FastF1 LapStartTime/Time
2020:Sakhir Grand Prix:Race,train,2020,Sakhir Grand Prix,Race,FIT,51,TRUE,TRUE,LAP_CONTEXT_PRESENT,87,87,CACHED_SELECTED_LAP_STREAM,523,22618,25130,2020-12-06T17:12:43.820000,2020-12-06T18:44:35.674000,2020-12-06T17:12:43.788000,2020-12-06T18:44:35.654000,1963.787,7475.641,1963.755,7475.621,1.5310705555555553,1.5310738888888888,1,87,1,87,0.23999999999978172,0.27999999999974534,0.40000000000009095,0,0.0,0,0,0.22000000000025466,0.22000000000025466,0.306999999999789,0,0.0,0,0,TELEMETRY_COVERAGE_PASS,FastF1 raw Date plus session-relative SessionTime; timezone/latency is not inferred; lap assignment is interval lookup from FastF1 LapStartTime/Time
2020:Sakhir Grand Prix:Race,train,2020,Sakhir Grand Prix,Race,GAS,10,TRUE,TRUE,LAP_CONTEXT_PRESENT,87,87,CACHED_SELECTED_LAP_STREAM,513,22551,25056,2020-12-06T17:12:43.820000,2020-12-06T18:44:19.315000,2020-12-06T17:12:43.788000,2020-12-06T18:44:19.434000,1963.787,7459.282,1963.755,7459.401,1.526526388888889,1.5265683333333333,1,87,1,87,0.23999999999978172,0.27999999999974534,0.40000000000009095,0,0.0,0,0,0.22000000000025466,0.22000000000025466,0.306999999999789,0,0.0,0,0,TELEMETRY_COVERAGE_PASS,FastF1 raw Date plus session-relative SessionTime; timezone/latency is not inferred; lap assignment is interval lookup from FastF1 LapStartTime/Time
2020:Sakhir Grand Prix:Race,train,2020,Sakhir Grand Prix,Race,GIO,99,TRUE,TRUE,LAP_CONTEXT_PRESENT,87,87,CACHED_SELECTED_LAP_STREAM,517,22566,25072,2020-12-06T17:12:43.820000,2020-12-06T18:44:22.994000,2020-12-06T17:12:43.788000,2020-12-06T18:44:22.934000,1963.787,7462.961,1963.755,7462.901,1.5275483333333333,1.5275405555555555,1,87,1,87,0.23999999999978172,0.27999999999974534,0.40000000000009095,0,0.0,0,0,0.22000000000025466,0.22000000000025466,0.306999999999789,0,0.0,0,0,TELEMETRY_COVERAGE_PASS,FastF1 raw Date plus session-relative SessionTime; timezone/latency is not inferred; lap assignment is interval lookup from FastF1 LapStartTime/Time
2020:Sakhir Grand Prix:Race,train,2020,Sakhir Grand Prix,Race,KVY,26,TRUE,TRUE,LAP_CONTEXT_PRESENT,87,87,CACHED_SELECTED_LAP_STREAM,513,22526,25028,2020-12-06T17:12:43.820000,2020-12-06T18:44:13.355000,2020-12-06T17:12:43.788000,2020-12-06T18:44:13.294000,1963.787,7453.322,1963.755,7453.261,1.5248708333333334,1.524862777777778,1,87,1,87,0.23999999999978172,0.27999999999974534,0.40000000000009095,0,0.0,0,0,0.22000000000025466,0.22000000000025466,0.306999999999789,0,0.0,0,0,TELEMETRY_COVERAGE_PASS,FastF1 raw Date plus session-relative SessionTime; timezone/latency is not inferred; lap assignment is interval lookup from FastF1 LapStartTime/Time
2020:Sakhir Grand Prix:Race,train,2020,Sakhir Grand Prix,Race,LAT,6,TRUE,TRUE,LAP_CONTEXT_PRESENT,53,53,CACHED_SELECTED_LAP_STREAM,527,14078,15637,2020-12-06T17:12:43.820000,2020-12-06T18:09:53.350000,2020-12-06T17:12:43.788000,2020-12-06T18:09:53.406000,1963.787,5393.317,1963.755,5393.373,0.9526472222222222,0.9526716666666665,1,53,1,53,0.23999999999978172,0.27999999999974534,0.40000000000009095,0,0.0,0,0,0.22000000000025466,0.22000000000025466,0.22100000000045839,0,0.0,0,0,TELEMETRY_COVERAGE_PASS,FastF1 raw Date plus session-relative SessionTime; timezone/latency is not inferred; lap assignment is interval lookup from FastF1 LapStartTime/Time
2020:Sakhir Grand Prix:Race,train,2020,Sakhir Grand Prix,Race,LEC,16,TRUE,TRUE,LAP_CONTEXT_PRESENT,1,1,CACHED_SELECTED_LAP_STREAM,599,282,315,2020-12-06T17:12:43.820000,2020-12-06T17:13:52.541000,2020-12-06T17:12:43.788000,2020-12-06T17:13:52.668000,1963.787,2032.508,1963.755,2032.635,0.019089166666666667,0.0191333333333333,1,1,1,1,0.2400000000000091,0.2799999999999727,0.36000000000012733,0,0.0,0,0,0.22000000000002728,0.22000000000002728,0.22100000000000364,0,0.0,0,0,TELEMETRY_COVERAGE_PASS,FastF1 raw Date plus session-relative SessionTime; timezone/latency is not inferred; lap assignment is interval lookup from FastF1 LapStartTime/Time
2020:Sakhir Grand Prix:Race,train,2020,Sakhir Grand Prix,Race,MAG,20,TRUE,TRUE,LAP_CONTEXT_PRESENT,87,87,CACHED_SELECTED_LAP_STREAM,521,22600,25110,2020-12-06T17:12:43.820000,2020-12-06T18:44:31.275000,2020-12-06T17:12:43.788000,2020-12-06T18:44:31.274000,1963.787,7471.242,1963.755,7471.241,1.5298486111111111,1.5298572222222222,1,87,1,87,0.23999999999978172,0.27999999999974534,0.40000000000009095,0,0.0,0,0,0.22000000000025466,0.22000000000025466,0.306999999999789,0,0.0,0,0,TELEMETRY_COVERAGE_PASS,FastF1 raw Date plus session-relative SessionTime; timezone/latency is not inferred; lap assignment is interval lookup from FastF1 LapStartTime/Time
2020:Sakhir Grand Prix:Race,train,2020,Sakhir Grand Prix,Race,NOR,4,TRUE,TRUE,LAP_CONTEXT_PRESENT,87,87,CACHED_SELECTED_LAP_STREAM,514,22547,25051,2020-12-06T17:12:43.820000,2020-12-06T18:44:18.355000,2020-12-06T17:12:43.788000,2020-12-06T18:44:18.334000,1963.787,7458.322,1963.755,7458.301,1.5262597222222223,1.5262627777777777,1,87,1,87,0.23999999999978172,0.27999999999974534,0.40000000000009095,0,0.0,0,0,0.22000000000025466,0.22000000000025466,0.306999999999789,0,0.0,0,0,TELEMETRY_COVERAGE_PASS,FastF1 raw Date plus session-relative SessionTime; timezone/latency is not inferred; lap assignment is interval lookup from FastF1 LapStartTime/Time
2020:Sakhir Grand Prix:Race,train,2020,Sakhir Grand Prix,Race,OCO,31,TRUE,TRUE,LAP_CONTEXT_PRESENT,87,87,CACHED_SELECTED_LAP_STREAM,513,22509,25010,2020-12-06T17:12:43.820000,2020-12-06T18:44:09.234000,2020-12-06T17:12:43.788000,2020-12-06T18:44:09.334000,1963.787,7449.201,1963.755,7449.301,1.5237261111111111,1.5237627777777778,1,87,1,87,0.23999999999978172,0.27999999999974534,0.40000000000009095,0,0.0,0,0,0.22000000000025466,0.22000000000025466,0.306999999999789,0,0.0,0,0,TELEMETRY_COVERAGE_PASS,FastF1 raw Date plus session-relative SessionTime; timezone/latency is not inferred; lap assignment is interval lookup from FastF1 LapStartTime/Time
2020:Sakhir Grand Prix:Race,train,2020,Sakhir Grand Prix,Race,PER,11,TRUE,TRUE,LAP_CONTEXT_PRESENT,87,87,CACHED_SELECTED_LAP_STREAM,513,22468,24962,2020-12-06T17:12:43.820000,2020-12-06T18:43:58.915000,2020-12-06T17:12:43.788000,2020-12-06T18:43:58.814000,1963.787,7438.882,1963.755,7438.781,1.520859722222222,1.5208405555555555,1,87,1,87,0.23999999999978172,0.27999999999974534,0.40000000000009095,0,0.0,0,0,0.22000000000025466,0.22000000000025466,0.306999999999789,0,0.0,0,0,TELEMETRY_COVERAGE_PASS,FastF1 raw Date plus session-relative SessionTime; timezone/latency is not inferred; lap assignment is interval lookup from FastF1 LapStartTime/Time
2020:Sakhir Grand Prix:Race,train,2020,Sakhir Grand Prix,Race,RAI,7,TRUE,TRUE,LAP_CONTEXT_PRESENT,87,87,CACHED_SELECTED_LAP_STREAM,521,22574,25081,2020-12-06T17:12:43.820000,2020-12-06T18:44:24.995000,2020-12-06T17:12:43.788000,2020-12-06T18:44:24.914000,1963.787,7464.962,1963.755,7464.881,1.5281041666666668,1.5280905555555555,1,87,1,87,0.23999999999978172,0.27999999999974534,0.40000000000009095,0,0.0,0,0,0.22000000000025466,0.22000000000025466,0.306999999999789,0,0.0,0,0,TELEMETRY_COVERAGE_PASS,FastF1 raw Date plus session-relative SessionTime; timezone/latency is not inferred; lap assignment is interval lookup from FastF1 LapStartTime/Time
2020:Sakhir Grand Prix:Race,train,2020,Sakhir Grand Prix,Race,RIC,3,TRUE,TRUE,LAP_CONTEXT_PRESENT,87,87,CACHED_SELECTED_LAP_STREAM,514,22521,25023,2020-12-06T17:12:43.820000,2020-12-06T18:44:12.155000,2020-12-06T17:12:43.788000,2020-12-06T18:44:12.194000,1963.787,7452.122,1963.755,7452.161,1.5245375,1.5245572222222221,1,87,1,87,0.23999999999978172,0.27999999999974534,0.40000000000009095,0,0.0,0,0,0.22000000000025466,0.22000000000025466,0.306999999999789,0,0.0,0,0,TELEMETRY_COVERAGE_PASS,FastF1 raw Date plus session-relative SessionTime; timezone/latency is not inferred; lap assignment is interval lookup from FastF1 LapStartTime/Time
2020:Sakhir Grand Prix:Race,train,2020,Sakhir Grand Prix,Race,RUS,63,TRUE,TRUE,LAP_CONTEXT_PRESENT,87,87,CACHED_SELECTED_LAP_STREAM,507,22543,25047,2020-12-06T17:12:43.820000,2020-12-06T18:44:17.395000,2020-12-06T17:12:43.788000,2020-12-06T18:44:17.454000,1963.787,7457.362,1963.755,7457.421,1.5259930555555554,1.5260183333333335,1,87,1,87,0.23999999999978172,0.27999999999974534,0.40000000000009095,0,0.0,0,0,0.22000000000025466,0.22000000000025466,0.306999999999789,0,0.0,0,0,TELEMETRY_COVERAGE_PASS,FastF1 raw Date plus session-relative SessionTime; timezone/latency is not inferred; lap assignment is interval lookup from FastF1 LapStartTime/Time
2020:Sakhir Grand Prix:Race,train,2020,Sakhir Grand Prix,Race,SAI,55,TRUE,TRUE,LAP_CONTEXT_PRESENT,87,87,CACHED_SELECTED_LAP_STREAM,511,22518,25019,2020-12-06T17:12:43.820000,2020-12-06T18:44:11.355000,2020-12-06T17:12:43.788000,2020-12-06T18:44:11.314000,1963.787,7451.322,1963.755,7451.281,1.5243152777777778,1.5243127777777776,1,87,1,87,0.23999999999978172,0.27999999999974534,0.40000000000009095,0,0.0,0,0,0.22000000000025466,0.22000000000025466,0.306999999999789,0,0.0,0,0,TELEMETRY_COVERAGE_PASS,FastF1 raw Date plus session-relative SessionTime; timezone/latency is not inferred; lap assignment is interval lookup from FastF1 LapStartTime/Time
2020:Sakhir Grand Prix:Race,train,2020,Sakhir Grand Prix,Race,STR,18,TRUE,TRUE,LAP_CONTEXT_PRESENT,87,87,CACHED_SELECTED_LAP_STREAM,513,22515,25016,2020-12-06T17:12:43.820000,2020-12-06T18:44:10.674000,2020-12-06T17:12:43.788000,2020-12-06T18:44:10.654000,1963.787,7450.641,1963.755,7450.621,1.5241261111111108,1.5241294444444444,1,87,1,87,0.23999999999978172,0.27999999999974534,0.40000000000009095,0,0.0,0,0,0.22000000000025466,0.22000000000025466,0.306999999999789,0,0.0,0,0,TELEMETRY_COVERAGE_PASS,FastF1 raw Date plus session-relative SessionTime; timezone/latency is not inferred; lap assignment is interval lookup from FastF1 LapStartTime/Time
2020:Sakhir Grand Prix:Race,train,2020,Sakhir Grand Prix,Race,VER,33,TRUE,TRUE,LAP_CONTEXT_PRESENT,1,1,CACHED_SELECTED_LAP_STREAM,599,282,315,2020-12-06T17:12:43.820000,2020-12-06T17:13:52.541000,2020-12-06T17:12:43.788000,2020-12-06T17:13:52.668000,1963.787,2032.508,1963.755,2032.635,0.019089166666666667,0.0191333333333333,1,1,1,1,0.2400000000000091,0.2799999999999727,0.36000000000012733,0,0.0,0,0,0.22000000000002728,0.22000000000002728,0.22100000000000364,0,0.0,0,0,TELEMETRY_COVERAGE_PASS,FastF1 raw Date plus session-relative SessionTime; timezone/latency is not inferred; lap assignment is interval lookup from FastF1 LapStartTime/Time
2020:Sakhir Grand Prix:Race,train,2020,Sakhir Grand Prix,Race,VET,5,TRUE,TRUE,LAP_CONTEXT_PRESENT,87,87,CACHED_SELECTED_LAP_STREAM,519,22559,25065,2020-12-06T17:12:43.820000,2020-12-06T18:44:21.314000,2020-12-06T17:12:43.788000,2020-12-06T18:44:21.395000,1963.787,7461.281,1963.755,7461.362,1.5270816666666667,1.5271130555555557,1,87,1,87,0.23999999999978172,0.27999999999974534,0.40000000000009095,0,0.0,0,0,0.22000000000025466,0.22000000000025466,0.306999999999789,0,0.0,0,0,TELEMETRY_COVERAGE_PASS,FastF1 raw Date plus session-relative SessionTime; timezone/latency is not inferred; lap assignment is interval lookup from FastF1 LapStartTime/Time
