window_id,race_id,split,proposed_split,attacker_driver,target_driver_fixed,decision_lap,endpoint_lap,decision_session_time_sec,endpoint_session_time_sec,horizon_duration_sec,decision_boundary_utc,endpoint_boundary_utc,supporting_event_id,event_key,event_key_type,candidate_universe_status,candidate_classification,candidate_review_status,last_confirmed_classified_order_before,first_confirmed_classified_order_after,physical_track_order_status,event_time_interval_start_utc,event_time_interval_end_utc,timestamp_uncertainty_sec,pit_status_evidence,race_control_status_evidence,telemetry_evidence,source_records,source_urls,source_sha256s,label_basis,verified_on_track_pass,review_status
d09e1e6b9ef30d384f04,2018:Abu Dhabi Grand Prix:Race,train,development_train,ALO,SIR,31,32,5504.361,5610.704,106.343,2018-11-25T14:11:44.434000000,2018-11-25T14:13:30.777000000,8dd142c850a714006e351602,2018:Abu Dhabi Grand Prix:Race|ALO|SIR|31|32,INHERITED_CANDIDATE_ID,MATCHED_TO_INHERITED_CANDIDATE,UNRESOLVED,AUTOMATED_REVIEW_UNREVIEWED,ALO:17;SIR:16,ALO:16;SIR:17,NOT_AVAILABLE_FROM_FASTF1_POSITION_XYZ,2018-11-25T14:11:44.434000+00:00,2018-11-25T14:13:30.777000+00:00,2.348,NO_RELEVANT_PIT_ROW_FOUND_IN_CONTEXT,NO_RC_RECORD_ON_DECISION_OR_ENDPOINT_LAP,"FastF1 car_data and pos_data present for selected race; pos_data contains XYZ/status, not classified running order or pass timestamp",event_review_37.csv + candidate source,https://raw.githubusercontent.com/TracingInsights/2018/ec6317adac6786e38b5d35e008f4b87926a3a55c/Abu%20Dhabi%20Grand%20Prix/Race/ALO/laptimes.json|https://raw.githubusercontent.com/TracingInsights/2018/ec6317adac6786e38b5d35e008f4b87926a3a55c/Abu%20Dhabi%20Grand%20Prix/Race/SIR/laptimes.json,7f887515bb0ae6d58c16370a6ba6f05c18862240776aa35b33e9c1b843f1e64b|8bf667fa337ecb5154e119d5c81f2d0a01cbe9956c6aa4fa11fd9eb378cd68ab,FIXED_PAIR_CLASSIFIED_ORDER_REVERSED_AT_NEXT_LAP_BOUNDARY,FALSE,AUTOMATED_REVIEW_UNREVIEWED
e60f2b7ebd0e7a7ee6bc,2018:Abu Dhabi Grand Prix:Race,train,development_train,ERI,RAI,6,7,2753.401,2861.388,107.987,2018-11-25T13:25:53.474000000,2018-11-25T13:27:41.461000000,7518804d32b11e522e6094d7,2018:Abu Dhabi Grand Prix:Race|ERI|RAI|6|7,INHERITED_CANDIDATE_ID,MATCHED_TO_INHERITED_CANDIDATE,UNRESOLVED,AUTOMATED_REVIEW_UNREVIEWED,ERI:12;RAI:11,ERI:10;RAI:19,NOT_AVAILABLE_FROM_FASTF1_POSITION_XYZ,2018-11-25T13:25:53.474000+00:00,2018-11-25T13:27:41.449000+00:00,7.407,NO_RELEVANT_PIT_ROW_FOUND_IN_CONTEXT,RC_RECORD_ON_DECISION_OR_ENDPOINT_LAP,"FastF1 car_data and pos_data present for selected race; pos_data contains XYZ/status, not classified running order or pass timestamp",event_review_37.csv + candidate source,https://raw.githubusercontent.com/TracingInsights/2018/ec6317adac6786e38b5d35e008f4b87926a3a55c/Abu%20Dhabi%20Grand%20Prix/Race/ERI/laptimes.json|https://raw.githubusercontent.com/TracingInsights/2018/ec6317adac6786e38b5d35e008f4b87926a3a55c/Abu%20Dhabi%20Grand%20Prix/Race/RAI/laptimes.json,5339db1bac1abb62aab6f6b747fd302dcc2b8f438d0362a76a36abb8e26fbe74|a8eb1a92e0f7176a03f8292c6839f75a596e5318682d03e8a7619e209d7c1ca5,FIXED_PAIR_CLASSIFIED_ORDER_REVERSED_AT_NEXT_LAP_BOUNDARY,FALSE,AUTOMATED_REVIEW_UNREVIEWED
3cee234d462185e69729,2018:Abu Dhabi Grand Prix:Race,train,development_train,GAS,SIR,30,31,5396.391,5502.631,106.24,2018-11-25T14:09:36.727000000,2018-11-25T14:11:42.704000000,329394bbcba7c66a58c8e143,2018:Abu Dhabi Grand Prix:Race|GAS|SIR|30|31,INHERITED_CANDIDATE_ID,MATCHED_TO_INHERITED_CANDIDATE,UNRESOLVED,AUTOMATED_REVIEW_UNREVIEWED,GAS:16;SIR:15,GAS:15;SIR:16,NOT_AVAILABLE_FROM_FASTF1_POSITION_XYZ,2018-11-25T14:09:56.464000+00:00,2018-11-25T14:11:42.704000+00:00,20.374,NO_RELEVANT_PIT_ROW_FOUND_IN_CONTEXT,NO_RC_RECORD_ON_DECISION_OR_ENDPOINT_LAP,"FastF1 car_data and pos_data present for selected race; pos_data contains XYZ/status, not classified running order or pass timestamp",event_review_37.csv + candidate source,https://raw.githubusercontent.com/TracingInsights/2018/ec6317adac6786e38b5d35e008f4b87926a3a55c/Abu%20Dhabi%20Grand%20Prix/Race/GAS/laptimes.json|https://raw.githubusercontent.com/TracingInsights/2018/ec6317adac6786e38b5d35e008f4b87926a3a55c/Abu%20Dhabi%20Grand%20Prix/Race/SIR/laptimes.json,873fcdf7f4f784d7d8d1a6db6eb1f9c9cbecf946958ac62f767c99a64e94f0d5|8bf667fa337ecb5154e119d5c81f2d0a01cbe9956c6aa4fa11fd9eb378cd68ab,FIXED_PAIR_CLASSIFIED_ORDER_REVERSED_AT_NEXT_LAP_BOUNDARY,FALSE,AUTOMATED_REVIEW_UNREVIEWED
c7dfcb99102ef3ca7efc,2018:Abu Dhabi Grand Prix:Race,train,development_train,GAS,HAR,32,33,5609.084,5714.08,104.996,2018-11-25T14:13:29.157000000,2018-11-25T14:15:14.153000000,e179152512c0ab137983e08e,2018:Abu Dhabi Grand Prix:Race|GAS|HAR|32|33,INHERITED_CANDIDATE_ID,MATCHED_TO_INHERITED_CANDIDATE,UNRESOLVED,AUTOMATED_REVIEW_UNREVIEWED,GAS:15;HAR:14,GAS:14;HAR:15,NOT_AVAILABLE_FROM_FASTF1_POSITION_XYZ,2018-11-25T14:13:29.157000+00:00,2018-11-25T14:15:14.153000+00:00,2.826,NO_RELEVANT_PIT_ROW_FOUND_IN_CONTEXT,RC_RECORD_ON_DECISION_OR_ENDPOINT_LAP,"FastF1 car_data and pos_data present for selected race; pos_data contains XYZ/status, not classified running order or pass timestamp",event_review_37.csv + candidate source,https://raw.githubusercontent.com/TracingInsights/2018/ec6317adac6786e38b5d35e008f4b87926a3a55c/Abu%20Dhabi%20Grand%20Prix/Race/GAS/laptimes.json|https://raw.githubusercontent.com/TracingInsights/2018/ec6317adac6786e38b5d35e008f4b87926a3a55c/Abu%20Dhabi%20Grand%20Prix/Race/HAR/laptimes.json,873fcdf7f4f784d7d8d1a6db6eb1f9c9cbecf946958ac62f767c99a64e94f0d5|f7084b762a187ae243bdb306c2642cc7496d71a2ac29f8b827372fd532691d4c,FIXED_PAIR_CLASSIFIED_ORDER_REVERSED_AT_NEXT_LAP_BOUNDARY,FALSE,AUTOMATED_REVIEW_UNREVIEWED
3e12fc7321edaf130c5c,2018:Abu Dhabi Grand Prix:Race,train,development_train,GAS,VAN,34,35,5820.288,5926.498,106.21,2018-11-25T14:17:00.361000000,2018-11-25T14:18:46.571000000,ddf49d8960ae3f19bdb9dcc2,2018:Abu Dhabi Grand Prix:Race|GAS|VAN|34|35,INHERITED_CANDIDATE_ID,MATCHED_TO_INHERITED_CANDIDATE,OTHER_POSITION_CHANGE,AUTOMATED_REVIEW_UNREVIEWED,GAS:14;VAN:13,GAS:13;VAN:15,NOT_AVAILABLE_FROM_FASTF1_POSITION_XYZ,2018-11-25T14:17:00.361000+00:00,2018-11-25T14:18:46.571000+00:00,1.597,PIT_LAP_OVERLAP_RECORDED_BUT_TIME_OF_DAY_ONLY,RC_RECORD_ON_DECISION_OR_ENDPOINT_LAP,"FastF1 car_data and pos_data present for selected race; pos_data contains XYZ/status, not classified running order or pass timestamp",event_review_37.csv + candidate source,https://raw.githubusercontent.com/TracingInsights/2018/ec6317adac6786e38b5d35e008f4b87926a3a55c/Abu%20Dhabi%20Grand%20Prix/Race/GAS/laptimes.json|https://raw.githubusercontent.com/TracingInsights/2018/ec6317adac6786e38b5d35e008f4b87926a3a55c/Abu%20Dhabi%20Grand%20Prix/Race/VAN/laptimes.json,873fcdf7f4f784d7d8d1a6db6eb1f9c9cbecf946958ac62f767c99a64e94f0d5|cd42b9b0e90776b533f8ba7f87a857bc59a9f5c1b9616732be8fb6b9d4b0a1e5,FIXED_PAIR_CLASSIFIED_ORDER_REVERSED_AT_NEXT_LAP_BOUNDARY,FALSE,AUTOMATED_REVIEW_UNREVIEWED
f07e755965ad6aa8b225,2018:Abu Dhabi Grand Prix:Race,train,development_train,GRO,SIR,10,11,3241.751,3349.118,107.367,2018-11-25T13:34:01.824000000,2018-11-25T13:35:49.191000000,91a8051e34ae6c24495085b2,2018:Abu Dhabi Grand Prix:Race|GRO|SIR|10|11,INHERITED_CANDIDATE_ID,MATCHED_TO_INHERITED_CANDIDATE,UNRESOLVED,AUTOMATED_REVIEW_UNREVIEWED,GRO:17;SIR:16,GRO:16;SIR:17,NOT_AVAILABLE_FROM_FASTF1_POSITION_XYZ,2018-11-25T13:34:01.824000+00:00,2018-11-25T13:35:49.191000+00:00,1.261,NO_RELEVANT_PIT_ROW_FOUND_IN_CONTEXT,NO_RC_RECORD_ON_DECISION_OR_ENDPOINT_LAP,"FastF1 car_data and pos_data present for selected race; pos_data contains XYZ/status, not classified running order or pass timestamp",event_review_37.csv + candidate source,https://raw.githubusercontent.com/TracingInsights/2018/ec6317adac6786e38b5d35e008f4b87926a3a55c/Abu%20Dhabi%20Grand%20Prix/Race/GRO/laptimes.json|https://raw.githubusercontent.com/TracingInsights/2018/ec6317adac6786e38b5d35e008f4b87926a3a55c/Abu%20Dhabi%20Grand%20Prix/Race/SIR/laptimes.json,34e15c8843bfa744bf210ec674343baeefd3028f3d4b5c4590dc52266d4c46d2|8bf667fa337ecb5154e119d5c81f2d0a01cbe9956c6aa4fa11fd9eb378cd68ab,FIXED_PAIR_CLASSIFIED_ORDER_REVERSED_AT_NEXT_LAP_BOUNDARY,FALSE,AUTOMATED_REVIEW_UNREVIEWED
f14aca85b068b9c88cb7,2018:Abu Dhabi Grand Prix:Race,train,development_train,GRO,VAN,31,32,5498.968,5605.719,106.751,2018-11-25T14:11:39.041000000,2018-11-25T14:13:25.792000000,eddb6ba316cb4248ccfc247e,2018:Abu Dhabi Grand Prix:Race|GRO|VAN|31|32,INHERITED_CANDIDATE_ID,MATCHED_TO_INHERITED_CANDIDATE,UNRESOLVED,AUTOMATED_REVIEW_UNREVIEWED,GRO:13;VAN:12,GRO:12;VAN:13,NOT_AVAILABLE_FROM_FASTF1_POSITION_XYZ,2018-11-25T14:11:39.041000+00:00,2018-11-25T14:13:25.792000+00:00,2.744,NO_RELEVANT_PIT_ROW_FOUND_IN_CONTEXT,NO_RC_RECORD_ON_DECISION_OR_ENDPOINT_LAP,"FastF1 car_data and pos_data present for selected race; pos_data contains XYZ/status, not classified running order or pass timestamp",event_review_37.csv + candidate source,https://raw.githubusercontent.com/TracingInsights/2018/ec6317adac6786e38b5d35e008f4b87926a3a55c/Abu%20Dhabi%20Grand%20Prix/Race/GRO/laptimes.json|https://raw.githubusercontent.com/TracingInsights/2018/ec6317adac6786e38b5d35e008f4b87926a3a55c/Abu%20Dhabi%20Grand%20Prix/Race/VAN/laptimes.json,34e15c8843bfa744bf210ec674343baeefd3028f3d4b5c4590dc52266d4c46d2|cd42b9b0e90776b533f8ba7f87a857bc59a9f5c1b9616732be8fb6b9d4b0a1e5,FIXED_PAIR_CLASSIFIED_ORDER_REVERSED_AT_NEXT_LAP_BOUNDARY,FALSE,AUTOMATED_REVIEW_UNREVIEWED
abd3ea2119ee5a05423a,2018:Abu Dhabi Grand Prix:Race,train,development_train,HAR,SIR,24,25,4752.455,4859.924,107.469,2018-11-25T13:59:12.528000000,2018-11-25T14:00:59.997000000,0bb2d88d89f55165e74f3ff6,2018:Abu Dhabi Grand Prix:Race|HAR|SIR|24|25,INHERITED_CANDIDATE_ID,MATCHED_TO_INHERITED_CANDIDATE,UNRESOLVED,AUTOMATED_REVIEW_UNREVIEWED,HAR:18;SIR:17,HAR:16;SIR:17,NOT_AVAILABLE_FROM_FASTF1_POSITION_XYZ,2018-11-25T13:59:12.528000+00:00,2018-11-25T14:00:59.997000+00:00,1.112,NO_RELEVANT_PIT_ROW_FOUND_IN_CONTEXT,NO_RC_RECORD_ON_DECISION_OR_ENDPOINT_LAP,"FastF1 car_data and pos_data present for selected race; pos_data contains XYZ/status, not classified running order or pass timestamp",event_review_37.csv + candidate source,https://raw.githubusercontent.com/TracingInsights/2018/ec6317adac6786e38b5d35e008f4b87926a3a55c/Abu%20Dhabi%20Grand%20Prix/Race/HAR/laptimes.json|https://raw.githubusercontent.com/TracingInsights/2018/ec6317adac6786e38b5d35e008f4b87926a3a55c/Abu%20Dhabi%20Grand%20Prix/Race/SIR/laptimes.json,8bf667fa337ecb5154e119d5c81f2d0a01cbe9956c6aa4fa11fd9eb378cd68ab|f7084b762a187ae243bdb306c2642cc7496d71a2ac29f8b827372fd532691d4c,FIXED_PAIR_CLASSIFIED_ORDER_REVERSED_AT_NEXT_LAP_BOUNDARY,FALSE,AUTOMATED_REVIEW_UNREVIEWED
6c407d1a8dbc0ec01acf,2018:Abu Dhabi Grand Prix:Race,train,development_train,LEC,MAG,9,10,3130.995,3236.634,105.639,2018-11-25T13:32:11.068000000,2018-11-25T13:33:56.707000000,b4ab97362b46b6c662956341,2018:Abu Dhabi Grand Prix:Race|LEC|MAG|9|10,INHERITED_CANDIDATE_ID,MATCHED_TO_INHERITED_CANDIDATE,UNRESOLVED,AUTOMATED_REVIEW_UNREVIEWED,LEC:13;MAG:12,LEC:12;MAG:13,NOT_AVAILABLE_FROM_FASTF1_POSITION_XYZ,2018-11-25T13:32:11.068000+00:00,2018-11-25T13:33:56.707000+00:00,2.037,NO_RELEVANT_PIT_ROW_FOUND_IN_CONTEXT,NO_RC_RECORD_ON_DECISION_OR_ENDPOINT_LAP,"FastF1 car_data and pos_data present for selected race; pos_data contains XYZ/status, not classified running order or pass timestamp",event_review_37.csv + candidate source,https://raw.githubusercontent.com/TracingInsights/2018/ec6317adac6786e38b5d35e008f4b87926a3a55c/Abu%20Dhabi%20Grand%20Prix/Race/LEC/laptimes.json|https://raw.githubusercontent.com/TracingInsights/2018/ec6317adac6786e38b5d35e008f4b87926a3a55c/Abu%20Dhabi%20Grand%20Prix/Race/MAG/laptimes.json,325ea9f7290b9c6d9572005cfc0c216c4cc5311b5ac2c54b54b66c7191620685|8c2548f37cf366d2b110ab249593efacc597d59e45fa2c2d7512fbbe0bc26435,FIXED_PAIR_CLASSIFIED_ORDER_REVERSED_AT_NEXT_LAP_BOUNDARY,FALSE,AUTOMATED_REVIEW_UNREVIEWED
7cd78d8649efe2fb5af4,2018:Abu Dhabi Grand Prix:Race,train,development_train,LEC,ALO,25,26,4846.902,4953.303,106.401,2018-11-25T14:00:46.975000000,2018-11-25T14:02:33.376000000,,2018:Abu Dhabi Grand Prix:Race|LEC|ALO|25|26,BOUNDARY_PROXY_KEY,OUTSIDE_INHERITED_CANDIDATE_UNIVERSE,OUTSIDE_CANDIDATE_UNIVERSE,AUTOMATED_PROXY_LINK_UNREVIEWED,LEC:10;ALO:9,LEC:9;ALO:10,NOT_AVAILABLE_FROM_BOUNDARY_LAPTIMES,2018-11-25T14:00:46.975000000,2018-11-25T14:02:33.376000000,BOUNDARY_INTERVAL_ONLY_NOT_EXACT_PASS_TIME,NOT_IN_INHERITED_CANDIDATE_REVIEW,NOT_IN_INHERITED_CANDIDATE_REVIEW,BOUNDARY_TELEMETRY_DOES_NOT_ESTABLISH_PASS,prediction_windows_37.csv.gz + laptime_source_inventory_37.csv,,,FIXED_PAIR_CLASSIFIED_ORDER_REVERSED_AT_NEXT_LAP_BOUNDARY,FALSE,AUTOMATED_PROXY_LINK_UNREVIEWED
b63f9bcec25acec350b8,2018:Abu Dhabi Grand Prix:Race,train,development_train,OCO,HAR,21,22,4430.101,4535.942,105.841,2018-11-25T13:53:50.174000000,2018-11-25T13:55:36.015000000,,2018:Abu Dhabi Grand Prix:Race|OCO|HAR|21|22,BOUNDARY_PROXY_KEY,OUTSIDE_INHERITED_CANDIDATE_UNIVERSE,OUTSIDE_CANDIDATE_UNIVERSE,AUTOMATED_PROXY_LINK_UNREVIEWED,OCO:18;HAR:17,OCO:17;HAR:18,NOT_AVAILABLE_FROM_BOUNDARY_LAPTIMES,2018-11-25T13:53:50.174000000,2018-11-25T13:55:36.015000000,BOUNDARY_INTERVAL_ONLY_NOT_EXACT_PASS_TIME,NOT_IN_INHERITED_CANDIDATE_REVIEW,NOT_IN_INHERITED_CANDIDATE_REVIEW,BOUNDARY_TELEMETRY_DOES_NOT_ESTABLISH_PASS,prediction_windows_37.csv.gz + laptime_source_inventory_37.csv,,,FIXED_PAIR_CLASSIFIED_ORDER_REVERSED_AT_NEXT_LAP_BOUNDARY,FALSE,AUTOMATED_PROXY_LINK_UNREVIEWED
f1f5dd6a13e1248f4437,2018:Abu Dhabi Grand Prix:Race,train,development_train,OCO,SIR,22,23,4536.709,4642.518,105.809,2018-11-25T13:55:36.782000000,2018-11-25T13:57:22.591000000,109b0be1fefa334941b9750e,2018:Abu Dhabi Grand Prix:Race|OCO|SIR|22|23,INHERITED_CANDIDATE_ID,MATCHED_TO_INHERITED_CANDIDATE,UNRESOLVED,AUTOMATED_REVIEW_UNREVIEWED,OCO:17;SIR:16,OCO:16;SIR:17,NOT_AVAILABLE_FROM_FASTF1_POSITION_XYZ,2018-11-25T13:55:36.782000+00:00,2018-11-25T13:57:22.591000+00:00,2.295,NO_RELEVANT_PIT_ROW_FOUND_IN_CONTEXT,NO_RC_RECORD_ON_DECISION_OR_ENDPOINT_LAP,"FastF1 car_data and pos_data present for selected race; pos_data contains XYZ/status, not classified running order or pass timestamp",event_review_37.csv + candidate source,https://raw.githubusercontent.com/TracingInsights/2018/ec6317adac6786e38b5d35e008f4b87926a3a55c/Abu%20Dhabi%20Grand%20Prix/Race/OCO/laptimes.json|https://raw.githubusercontent.com/TracingInsights/2018/ec6317adac6786e38b5d35e008f4b87926a3a55c/Abu%20Dhabi%20Grand%20Prix/Race/SIR/laptimes.json,178faa4795cddc2e0c2f9e6b6a6c6e6baa7b5d7b0e3ae6cd0bd95e221cb2bc78|8bf667fa337ecb5154e119d5c81f2d0a01cbe9956c6aa4fa11fd9eb378cd68ab,FIXED_PAIR_CLASSIFIED_ORDER_REVERSED_AT_NEXT_LAP_BOUNDARY,FALSE,AUTOMATED_REVIEW_UNREVIEWED
d544ae8ed7b8d896ad59,2018:Abu Dhabi Grand Prix:Race,train,development_train,OCO,GRO,29,30,5284.806,5390.298,105.492,2018-11-25T14:08:04.879000000,2018-11-25T14:09:50.371000000,,2018:Abu Dhabi Grand Prix:Race|OCO|GRO|29|30,BOUNDARY_PROXY_KEY,OUTSIDE_INHERITED_CANDIDATE_UNIVERSE,OUTSIDE_CANDIDATE_UNIVERSE,AUTOMATED_PROXY_LINK_UNREVIEWED,OCO:14;GRO:13,OCO:12;GRO:13,NOT_AVAILABLE_FROM_BOUNDARY_LAPTIMES,2018-11-25T14:08:04.879000000,2018-11-25T14:09:50.371000000,BOUNDARY_INTERVAL_ONLY_NOT_EXACT_PASS_TIME,NOT_IN_INHERITED_CANDIDATE_REVIEW,NOT_IN_INHERITED_CANDIDATE_REVIEW,BOUNDARY_TELEMETRY_DOES_NOT_ESTABLISH_PASS,prediction_windows_37.csv.gz + laptime_source_inventory_37.csv,,,FIXED_PAIR_CLASSIFIED_ORDER_REVERSED_AT_NEXT_LAP_BOUNDARY,FALSE,AUTOMATED_PROXY_LINK_UNREVIEWED
ebe94594cdafb5247fa7,2018:Abu Dhabi Grand Prix:Race,train,development_train,OCO,VAN,30,31,5390.987,5496.924,105.937,2018-11-25T14:09:51.060000000,2018-11-25T14:11:36.997000000,52437ccd8282ebc23067c6ee,2018:Abu Dhabi Grand Prix:Race|OCO|VAN|30|31,INHERITED_CANDIDATE_ID,MATCHED_TO_INHERITED_CANDIDATE,UNRESOLVED,AUTOMATED_REVIEW_UNREVIEWED,OCO:12;VAN:11,OCO:11;VAN:12,NOT_AVAILABLE_FROM_FASTF1_POSITION_XYZ,2018-11-25T14:09:51.060000+00:00,2018-11-25T14:11:36.997000+00:00,2.535,NO_RELEVANT_PIT_ROW_FOUND_IN_CONTEXT,NO_RC_RECORD_ON_DECISION_OR_ENDPOINT_LAP,"FastF1 car_data and pos_data present for selected race; pos_data contains XYZ/status, not classified running order or pass timestamp",event_review_37.csv + candidate source,https://raw.githubusercontent.com/TracingInsights/2018/ec6317adac6786e38b5d35e008f4b87926a3a55c/Abu%20Dhabi%20Grand%20Prix/Race/OCO/laptimes.json|https://raw.githubusercontent.com/TracingInsights/2018/ec6317adac6786e38b5d35e008f4b87926a3a55c/Abu%20Dhabi%20Grand%20Prix/Race/VAN/laptimes.json,178faa4795cddc2e0c2f9e6b6a6c6e6baa7b5d7b0e3ae6cd0bd95e221cb2bc78|cd42b9b0e90776b533f8ba7f87a857bc59a9f5c1b9616732be8fb6b9d4b0a1e5,FIXED_PAIR_CLASSIFIED_ORDER_REVERSED_AT_NEXT_LAP_BOUNDARY,FALSE,AUTOMATED_REVIEW_UNREVIEWED
7ea9510fdcea3a8d12a6,2018:Abu Dhabi Grand Prix:Race,train,development_train,PER,OCO,15,16,3766.663,3873.026,106.363,2018-11-25T13:42:46.736000000,2018-11-25T13:44:33.099000000,,2018:Abu Dhabi Grand Prix:Race|PER|OCO|15|16,BOUNDARY_PROXY_KEY,OUTSIDE_INHERITED_CANDIDATE_UNIVERSE,OUTSIDE_CANDIDATE_UNIVERSE,AUTOMATED_PROXY_LINK_UNREVIEWED,PER:7;OCO:6,PER:6;OCO:7,NOT_AVAILABLE_FROM_BOUNDARY_LAPTIMES,2018-11-25T13:42:46.736000000,2018-11-25T13:44:33.099000000,BOUNDARY_INTERVAL_ONLY_NOT_EXACT_PASS_TIME,NOT_IN_INHERITED_CANDIDATE_REVIEW,NOT_IN_INHERITED_CANDIDATE_REVIEW,BOUNDARY_TELEMETRY_DOES_NOT_ESTABLISH_PASS,prediction_windows_37.csv.gz + laptime_source_inventory_37.csv,,,FIXED_PAIR_CLASSIFIED_ORDER_REVERSED_AT_NEXT_LAP_BOUNDARY,FALSE,AUTOMATED_PROXY_LINK_UNREVIEWED
388a5602297c4b207700,2018:Abu Dhabi Grand Prix:Race,train,development_train,RIC,VET,14,15,3642.784,3745.751,102.967,2018-11-25T13:40:42.857000000,2018-11-25T13:42:25.824000000,58cc13983a98edaf350cb089,2018:Abu Dhabi Grand Prix:Race|RIC|VET|14|15,INHERITED_CANDIDATE_ID,MATCHED_TO_INHERITED_CANDIDATE,OTHER_POSITION_CHANGE,AUTOMATED_REVIEW_UNREVIEWED,RIC:3;VET:2,RIC:2;VET:3,NOT_AVAILABLE_FROM_FASTF1_POSITION_XYZ,2018-11-25T13:40:42.857000+00:00,2018-11-25T13:42:25.824000+00:00,3.781,PIT_LAP_OVERLAP_RECORDED_BUT_TIME_OF_DAY_ONLY,NO_RC_RECORD_ON_DECISION_OR_ENDPOINT_LAP,"FastF1 car_data and pos_data present for selected race; pos_data contains XYZ/status, not classified running order or pass timestamp",event_review_37.csv + candidate source,https://raw.githubusercontent.com/TracingInsights/2018/ec6317adac6786e38b5d35e008f4b87926a3a55c/Abu%20Dhabi%20Grand%20Prix/Race/RIC/laptimes.json|https://raw.githubusercontent.com/TracingInsights/2018/ec6317adac6786e38b5d35e008f4b87926a3a55c/Abu%20Dhabi%20Grand%20Prix/Race/VET/laptimes.json,0e23fe1ba4a571aad624abb8c825a70692f2e1cc02a35964d9cfb62f6770b40d|1ed574d9fa6b277e2153208f95752f9c6546d1365e0e067213ffa9b1ed6e4585,FIXED_PAIR_CLASSIFIED_ORDER_REVERSED_AT_NEXT_LAP_BOUNDARY,FALSE,AUTOMATED_REVIEW_UNREVIEWED
57fd4b07998926a91053,2018:Abu Dhabi Grand Prix:Race,train,development_train,RIC,BOT,38,39,6159.372,6263.23,103.858,2018-11-25T14:22:39.445000000,2018-11-25T14:24:23.303000000,,2018:Abu Dhabi Grand Prix:Race|RIC|BOT|38|39,BOUNDARY_PROXY_KEY,OUTSIDE_INHERITED_CANDIDATE_UNIVERSE,OUTSIDE_CANDIDATE_UNIVERSE,AUTOMATED_PROXY_LINK_UNREVIEWED,RIC:5;BOT:4,RIC:4;BOT:5,NOT_AVAILABLE_FROM_BOUNDARY_LAPTIMES,2018-11-25T14:22:39.445000000,2018-11-25T14:24:23.303000000,BOUNDARY_INTERVAL_ONLY_NOT_EXACT_PASS_TIME,NOT_IN_INHERITED_CANDIDATE_REVIEW,NOT_IN_INHERITED_CANDIDATE_REVIEW,BOUNDARY_TELEMETRY_DOES_NOT_ESTABLISH_PASS,prediction_windows_37.csv.gz + laptime_source_inventory_37.csv,,,FIXED_PAIR_CLASSIFIED_ORDER_REVERSED_AT_NEXT_LAP_BOUNDARY,FALSE,AUTOMATED_PROXY_LINK_UNREVIEWED
42ba22f54be1813d3162,2018:Abu Dhabi Grand Prix:Race,train,development_train,SAI,ERI,13,14,3554.256,3661.491,107.235,2018-11-25T13:39:14.329000000,2018-11-25T13:41:01.564000000,,2018:Abu Dhabi Grand Prix:Race|SAI|ERI|13|14,BOUNDARY_PROXY_KEY,OUTSIDE_INHERITED_CANDIDATE_UNIVERSE,OUTSIDE_CANDIDATE_UNIVERSE,AUTOMATED_PROXY_LINK_UNREVIEWED,SAI:9;ERI:8,SAI:8;ERI:9,NOT_AVAILABLE_FROM_BOUNDARY_LAPTIMES,2018-11-25T13:39:14.329000000,2018-11-25T13:41:01.564000000,BOUNDARY_INTERVAL_ONLY_NOT_EXACT_PASS_TIME,NOT_IN_INHERITED_CANDIDATE_REVIEW,NOT_IN_INHERITED_CANDIDATE_REVIEW,BOUNDARY_TELEMETRY_DOES_NOT_ESTABLISH_PASS,prediction_windows_37.csv.gz + laptime_source_inventory_37.csv,,,FIXED_PAIR_CLASSIFIED_ORDER_REVERSED_AT_NEXT_LAP_BOUNDARY,FALSE,AUTOMATED_PROXY_LINK_UNREVIEWED
9deecc4ff3d5a12d8dcd,2018:Abu Dhabi Grand Prix:Race,train,development_train,SAI,OCO,17,18,3983.686,4091.364,107.678,2018-11-25T13:46:23.759000000,2018-11-25T13:48:11.437000000,,2018:Abu Dhabi Grand Prix:Race|SAI|OCO|17|18,BOUNDARY_PROXY_KEY,OUTSIDE_INHERITED_CANDIDATE_UNIVERSE,OUTSIDE_CANDIDATE_UNIVERSE,AUTOMATED_PROXY_LINK_UNREVIEWED,SAI:8;OCO:7,SAI:7;OCO:8,NOT_AVAILABLE_FROM_BOUNDARY_LAPTIMES,2018-11-25T13:46:23.759000000,2018-11-25T13:48:11.437000000,BOUNDARY_INTERVAL_ONLY_NOT_EXACT_PASS_TIME,NOT_IN_INHERITED_CANDIDATE_REVIEW,NOT_IN_INHERITED_CANDIDATE_REVIEW,BOUNDARY_TELEMETRY_DOES_NOT_ESTABLISH_PASS,prediction_windows_37.csv.gz + laptime_source_inventory_37.csv,,,FIXED_PAIR_CLASSIFIED_ORDER_REVERSED_AT_NEXT_LAP_BOUNDARY,FALSE,AUTOMATED_PROXY_LINK_UNREVIEWED
cec69026d1341b150a95,2018:Abu Dhabi Grand Prix:Race,train,development_train,SAI,PER,25,26,4832.359,4937.135,104.776,2018-11-25T14:00:32.432000000,2018-11-25T14:02:17.208000000,,2018:Abu Dhabi Grand Prix:Race|SAI|PER|25|26,BOUNDARY_PROXY_KEY,OUTSIDE_INHERITED_CANDIDATE_UNIVERSE,OUTSIDE_CANDIDATE_UNIVERSE,AUTOMATED_PROXY_LINK_UNREVIEWED,SAI:7;PER:6,SAI:6;PER:7,NOT_AVAILABLE_FROM_BOUNDARY_LAPTIMES,2018-11-25T14:00:32.432000000,2018-11-25T14:02:17.208000000,BOUNDARY_INTERVAL_ONLY_NOT_EXACT_PASS_TIME,NOT_IN_INHERITED_CANDIDATE_REVIEW,NOT_IN_INHERITED_CANDIDATE_REVIEW,BOUNDARY_TELEMETRY_DOES_NOT_ESTABLISH_PASS,prediction_windows_37.csv.gz + laptime_source_inventory_37.csv,,,FIXED_PAIR_CLASSIFIED_ORDER_REVERSED_AT_NEXT_LAP_BOUNDARY,FALSE,AUTOMATED_PROXY_LINK_UNREVIEWED
793eb65e8ec2f5688cbc,2018:Abu Dhabi Grand Prix:Race,train,development_train,VER,GRO,6,7,2750.675,2856.233,105.558,2018-11-25T13:25:50.748000000,2018-11-25T13:27:36.306000000,,2018:Abu Dhabi Grand Prix:Race|VER|GRO|6|7,BOUNDARY_PROXY_KEY,OUTSIDE_INHERITED_CANDIDATE_UNIVERSE,OUTSIDE_CANDIDATE_UNIVERSE,AUTOMATED_PROXY_LINK_UNREVIEWED,VER:7;GRO:6,VER:6;GRO:7,NOT_AVAILABLE_FROM_BOUNDARY_LAPTIMES,2018-11-25T13:25:50.748000000,2018-11-25T13:27:36.306000000,BOUNDARY_INTERVAL_ONLY_NOT_EXACT_PASS_TIME,NOT_IN_INHERITED_CANDIDATE_REVIEW,NOT_IN_INHERITED_CANDIDATE_REVIEW,BOUNDARY_TELEMETRY_DOES_NOT_ESTABLISH_PASS,prediction_windows_37.csv.gz + laptime_source_inventory_37.csv,,,FIXED_PAIR_CLASSIFIED_ORDER_REVERSED_AT_NEXT_LAP_BOUNDARY,FALSE,AUTOMATED_PROXY_LINK_UNREVIEWED
e60db7a2edb04ec2e072,2018:Abu Dhabi Grand Prix:Race,train,development_train,VET,BOT,34,35,5740.471,5842.051,101.58,2018-11-25T14:15:40.544000000,2018-11-25T14:17:22.124000000,,2018:Abu Dhabi Grand Prix:Race|VET|BOT|34|35,BOUNDARY_PROXY_KEY,OUTSIDE_INHERITED_CANDIDATE_UNIVERSE,OUTSIDE_CANDIDATE_UNIVERSE,AUTOMATED_PROXY_LINK_UNREVIEWED,VET:3;BOT:2,VET:2;BOT:3,NOT_AVAILABLE_FROM_BOUNDARY_LAPTIMES,2018-11-25T14:15:40.544000000,2018-11-25T14:17:22.124000000,BOUNDARY_INTERVAL_ONLY_NOT_EXACT_PASS_TIME,NOT_IN_INHERITED_CANDIDATE_REVIEW,NOT_IN_INHERITED_CANDIDATE_REVIEW,BOUNDARY_TELEMETRY_DOES_NOT_ESTABLISH_PASS,prediction_windows_37.csv.gz + laptime_source_inventory_37.csv,,,FIXED_PAIR_CLASSIFIED_ORDER_REVERSED_AT_NEXT_LAP_BOUNDARY,FALSE,AUTOMATED_PROXY_LINK_UNREVIEWED
6c9c348380aae69cbc6f,2018:Austrian Grand Prix:Race,train,development_train,ERI,SIR,23,24,2015.188,2083.931,68.743,2018-07-01T13:39:35.404000000,2018-07-01T13:40:44.147000000,88bdf353fb22dd1733b51ceb,2018:Austrian Grand Prix:Race|ERI|SIR|23|24,INHERITED_CANDIDATE_ID,MATCHED_TO_INHERITED_CANDIDATE,OTHER_POSITION_CHANGE,AUTOMATED_REVIEW_UNREVIEWED,ERI:12;SIR:11,ERI:11;SIR:13,NOT_AVAILABLE_FROM_FASTF1_POSITION_XYZ,2018-07-01T13:39:35.404000+00:00,2018-07-01T13:40:44.147000+00:00,3.37,PIT_LAP_OVERLAP_RECORDED_BUT_TIME_OF_DAY_ONLY,RC_RECORD_ON_DECISION_OR_ENDPOINT_LAP,"FastF1 car_data and pos_data present for selected race; pos_data contains XYZ/status, not classified running order or pass timestamp",event_review_37.csv + candidate source,https://raw.githubusercontent.com/TracingInsights/2018/ec6317adac6786e38b5d35e008f4b87926a3a55c/Austrian%20Grand%20Prix/Race/ERI/laptimes.json|https://raw.githubusercontent.com/TracingInsights/2018/ec6317adac6786e38b5d35e008f4b87926a3a55c/Austrian%20Grand%20Prix/Race/SIR/laptimes.json,1846f83161ae07aad33163903b0273b513115e558348c65f46916eb6cf912e2e|666836d91d2abc93d0d23caeaaa6ea763243c82f253c3b24c117b0a3edacaf27,FIXED_PAIR_CLASSIFIED_ORDER_REVERSED_AT_NEXT_LAP_BOUNDARY,FALSE,AUTOMATED_REVIEW_UNREVIEWED
b8f8b9bd9aea71625da1,2018:Austrian Grand Prix:Race,train,development_train,ERI,LEC,66,67,5027.303,5095.746,68.443,2018-07-01T14:29:47.519000000,2018-07-01T14:30:55.962000000,396138cdd71f98ef18e0b95a,2018:Austrian Grand Prix:Race|ERI|LEC|66|67,INHERITED_CANDIDATE_ID,MATCHED_TO_INHERITED_CANDIDATE,UNRESOLVED,AUTOMATED_REVIEW_UNREVIEWED,ERI:10;LEC:9,ERI:9;LEC:10,NOT_AVAILABLE_FROM_FASTF1_POSITION_XYZ,2018-07-01T14:29:47.519000+00:00,2018-07-01T14:30:55.962000+00:00,1.294,NO_RELEVANT_PIT_ROW_FOUND_IN_CONTEXT,NO_RC_RECORD_ON_DECISION_OR_ENDPOINT_LAP,"FastF1 car_data and pos_data present for selected race; pos_data contains XYZ/status, not classified running order or pass timestamp",event_review_37.csv + candidate source,https://raw.githubusercontent.com/TracingInsights/2018/ec6317adac6786e38b5d35e008f4b87926a3a55c/Austrian%20Grand%20Prix/Race/ERI/laptimes.json|https://raw.githubusercontent.com/TracingInsights/2018/ec6317adac6786e38b5d35e008f4b87926a3a55c/Austrian%20Grand%20Prix/Race/LEC/laptimes.json,1846f83161ae07aad33163903b0273b513115e558348c65f46916eb6cf912e2e|9d038cc5c3ad070691cc3cde32aade4b227c81bd989f22823934b40303235f36,FIXED_PAIR_CLASSIFIED_ORDER_REVERSED_AT_NEXT_LAP_BOUNDARY,FALSE,AUTOMATED_REVIEW_UNREVIEWED
9c194a4a977b8385833d,2018:Austrian Grand Prix:Race,train,development_train,GAS,HAR,26,27,2228.748,2297.235,68.487,2018-07-01T13:43:08.964000000,2018-07-01T13:44:17.451000000,ff07a166c5bd501f9f2fcf04,2018:Austrian Grand Prix:Race|GAS|HAR|26|27,INHERITED_CANDIDATE_ID,MATCHED_TO_INHERITED_CANDIDATE,UNRESOLVED,AUTOMATED_REVIEW_UNREVIEWED,GAS:13;HAR:12,GAS:12;HAR:13,NOT_AVAILABLE_FROM_FASTF1_POSITION_XYZ,2018-07-01T13:43:08.964000+00:00,2018-07-01T13:44:17.451000+00:00,2.869,NO_RELEVANT_PIT_ROW_FOUND_IN_CONTEXT,NO_RC_RECORD_ON_DECISION_OR_ENDPOINT_LAP,"FastF1 car_data and pos_data present for selected race; pos_data contains XYZ/status, not classified running order or pass timestamp",event_review_37.csv + candidate source,https://raw.githubusercontent.com/TracingInsights/2018/ec6317adac6786e38b5d35e008f4b87926a3a55c/Austrian%20Grand%20Prix/Race/GAS/laptimes.json|https://raw.githubusercontent.com/TracingInsights/2018/ec6317adac6786e38b5d35e008f4b87926a3a55c/Austrian%20Grand%20Prix/Race/HAR/laptimes.json,40e3894b303cd45b0fc68d89febc2f9ac1bcc20afff699fa8c70daa6aaf0d96e|8aff17ab5d7b6d3d90af97c59c6e1f7fec3832d9efaf6815b4373a289b5abe28,FIXED_PAIR_CLASSIFIED_ORDER_REVERSED_AT_NEXT_LAP_BOUNDARY,FALSE,AUTOMATED_REVIEW_UNREVIEWED
4648903f27b34a253af0,2018:Austrian Grand Prix:Race,train,development_train,GRO,PER,26,27,2208.019,2275.941,67.922,2018-07-01T13:42:48.235000000,2018-07-01T13:43:56.157000000,63ae0606602123ac4695347c,2018:Austrian Grand Prix:Race|GRO|PER|26|27,INHERITED_CANDIDATE_ID,MATCHED_TO_INHERITED_CANDIDATE,OTHER_POSITION_CHANGE,AUTOMATED_REVIEW_UNREVIEWED,GRO:8;PER:7,GRO:7;PER:8,NOT_AVAILABLE_FROM_FASTF1_POSITION_XYZ,2018-07-01T13:42:48.235000+00:00,2018-07-01T13:43:56.157000+00:00,3.306,PIT_LAP_OVERLAP_RECORDED_BUT_TIME_OF_DAY_ONLY,NO_RC_RECORD_ON_DECISION_OR_ENDPOINT_LAP,"FastF1 car_data and pos_data present for selected race; pos_data contains XYZ/status, not classified running order or pass timestamp",event_review_37.csv + candidate source,https://raw.githubusercontent.com/TracingInsights/2018/ec6317adac6786e38b5d35e008f4b87926a3a55c/Austrian%20Grand%20Prix/Race/GRO/laptimes.json|https://raw.githubusercontent.com/TracingInsights/2018/ec6317adac6786e38b5d35e008f4b87926a3a55c/Austrian%20Grand%20Prix/Race/PER/laptimes.json,3c822f9a8d0f6558d8f9b57841a189052df91dd63bb251345a2e5ec3f4a11dc9|e10c7c81364f40e894e590d27f26b558af6219f3723c8814b2e214ad371b82aa,FIXED_PAIR_CLASSIFIED_ORDER_REVERSED_AT_NEXT_LAP_BOUNDARY,FALSE,AUTOMATED_REVIEW_UNREVIEWED
1da98a0054d1661f4765,2018:Austrian Grand Prix:Race,train,development_train,LEC,STR,27,28,2301.068,2371.793,70.725,2018-07-01T13:44:21.284000000,2018-07-01T13:45:32.009000000,64e9940db3d633bb189fd4c1,2018:Austrian Grand Prix:Race|LEC|STR|27|28,INHERITED_CANDIDATE_ID,MATCHED_TO_INHERITED_CANDIDATE,UNRESOLVED,AUTOMATED_REVIEW_UNREVIEWED,LEC:15;STR:14,LEC:14;STR:15,NOT_AVAILABLE_FROM_FASTF1_POSITION_XYZ,2018-07-01T13:44:21.284000+00:00,2018-07-01T13:45:32.009000+00:00,1.179,NO_RELEVANT_PIT_ROW_FOUND_IN_CONTEXT,NO_RC_RECORD_ON_DECISION_OR_ENDPOINT_LAP,"FastF1 car_data and pos_data present for selected race; pos_data contains XYZ/status, not classified running order or pass timestamp",event_review_37.csv + candidate source,https://raw.githubusercontent.com/TracingInsights/2018/ec6317adac6786e38b5d35e008f4b87926a3a55c/Austrian%20Grand%20Prix/Race/LEC/laptimes.json|https://raw.githubusercontent.com/TracingInsights/2018/ec6317adac6786e38b5d35e008f4b87926a3a55c/Austrian%20Grand%20Prix/Race/STR/laptimes.json,0c9610b0f72ce16925d9852384d7df476efcba7f61974e003bd0eb90ee412ece|9d038cc5c3ad070691cc3cde32aade4b227c81bd989f22823934b40303235f36,FIXED_PAIR_CLASSIFIED_ORDER_REVERSED_AT_NEXT_LAP_BOUNDARY,FALSE,AUTOMATED_REVIEW_UNREVIEWED
44d9ecf2ce3b0123349c,2018:Austrian Grand Prix:Race,train,development_train,LEC,ERI,69,70,5235.003,5301.714,66.711,2018-07-01T14:33:15.219000000,2018-07-01T14:34:21.930000000,,2018:Austrian Grand Prix:Race|LEC|ERI|69|70,BOUNDARY_PROXY_KEY,OUTSIDE_INHERITED_CANDIDATE_UNIVERSE,OUTSIDE_CANDIDATE_UNIVERSE,AUTOMATED_PROXY_LINK_UNREVIEWED,LEC:10;ERI:9,LEC:9;ERI:10,NOT_AVAILABLE_FROM_BOUNDARY_LAPTIMES,2018-07-01T14:33:15.219000000,2018-07-01T14:34:21.930000000,BOUNDARY_INTERVAL_ONLY_NOT_EXACT_PASS_TIME,NOT_IN_INHERITED_CANDIDATE_REVIEW,NOT_IN_INHERITED_CANDIDATE_REVIEW,BOUNDARY_TELEMETRY_DOES_NOT_ESTABLISH_PASS,prediction_windows_37.csv.gz + laptime_source_inventory_37.csv,,,FIXED_PAIR_CLASSIFIED_ORDER_REVERSED_AT_NEXT_LAP_BOUNDARY,FALSE,AUTOMATED_PROXY_LINK_UNREVIEWED
8177b0aa244e43d95f0d,2018:Austrian Grand Prix:Race,train,development_train,MAG,SAI,31,32,2569.315,2638.653,69.338,2018-07-01T13:48:49.531000000,2018-07-01T13:49:58.869000000,beb7895823e7d43bdfd6a52c,2018:Austrian Grand Prix:Race|MAG|SAI|31|32,INHERITED_CANDIDATE_ID,MATCHED_TO_INHERITED_CANDIDATE,UNRESOLVED,AUTOMATED_REVIEW_UNREVIEWED,MAG:9;SAI:8,MAG:8;SAI:9,NOT_AVAILABLE_FROM_FASTF1_POSITION_XYZ,2018-07-01T13:48:49.531000+00:00,2018-07-01T13:49:58.869000+00:00,1.988,NO_RELEVANT_PIT_ROW_FOUND_IN_CONTEXT,RC_RECORD_ON_DECISION_OR_ENDPOINT_LAP,"FastF1 car_data and pos_data present for selected race; pos_data contains XYZ/status, not classified running order or pass timestamp",event_review_37.csv + candidate source,https://raw.githubusercontent.com/TracingInsights/2018/ec6317adac6786e38b5d35e008f4b87926a3a55c/Austrian%20Grand%20Prix/Race/MAG/laptimes.json|https://raw.githubusercontent.com/TracingInsights/2018/ec6317adac6786e38b5d35e008f4b87926a3a55c/Austrian%20Grand%20Prix/Race/SAI/laptimes.json,237f74b92899d4a31b00290bcddd5222978d9cae79042949b4b9b1e679008286|c9fe5ac0a003b80e7f8b718da091a4b71d9371ccf8f7bfab741b2beb1ef30d1e,FIXED_PAIR_CLASSIFIED_ORDER_REVERSED_AT_NEXT_LAP_BOUNDARY,FALSE,AUTOMATED_REVIEW_UNREVIEWED
3677bf5806308399d883,2018:Austrian Grand Prix:Race,train,development_train,OCO,PER,69,70,5214.09,5277.791,63.701,2018-07-01T14:32:54.306000000,2018-07-01T14:33:58.007000000,339dd16651fe11c4a1ea3c36,2018:Austrian Grand Prix:Race|OCO|PER|69|70,INHERITED_CANDIDATE_ID,MATCHED_TO_INHERITED_CANDIDATE,UNRESOLVED,AUTOMATED_REVIEW_UNREVIEWED,OCO:7;PER:6,OCO:6;PER:7,NOT_AVAILABLE_FROM_FASTF1_POSITION_XYZ,2018-07-01T14:32:54.306000+00:00,2018-07-01T14:33:58.007000+00:00,11.476,NO_RELEVANT_PIT_ROW_FOUND_IN_CONTEXT,NO_RC_RECORD_ON_DECISION_OR_ENDPOINT_LAP,"FastF1 car_data and pos_data present for selected race; pos_data contains XYZ/status, not classified running order or pass timestamp",event_review_37.csv + candidate source,https://raw.githubusercontent.com/TracingInsights/2018/ec6317adac6786e38b5d35e008f4b87926a3a55c/Austrian%20Grand%20Prix/Race/OCO/laptimes.json|https://raw.githubusercontent.com/TracingInsights/2018/ec6317adac6786e38b5d35e008f4b87926a3a55c/Austrian%20Grand%20Prix/Race/PER/laptimes.json,bbcd29b2c9a169111d79a351ca14d21bb6c4605595231f3723027a91d4fb5d07|e10c7c81364f40e894e590d27f26b558af6219f3723c8814b2e214ad371b82aa,FIXED_PAIR_CLASSIFIED_ORDER_REVERSED_AT_NEXT_LAP_BOUNDARY,FALSE,AUTOMATED_REVIEW_UNREVIEWED
327e32c5b57ff89b1187,2018:Austrian Grand Prix:Race,train,development_train,PER,STR,5,6,698.818,769.386,70.568,2018-07-01T13:17:39.034000000,2018-07-01T13:18:49.602000000,44600417f6a23ea626f1074d,2018:Austrian Grand Prix:Race|PER|STR|5|6,INHERITED_CANDIDATE_ID,MATCHED_TO_INHERITED_CANDIDATE,UNRESOLVED,AUTOMATED_REVIEW_UNREVIEWED,PER:13;STR:12,PER:12;STR:13,NOT_AVAILABLE_FROM_FASTF1_POSITION_XYZ,2018-07-01T13:17:39.034000+00:00,2018-07-01T13:18:49.602000+00:00,1.071,NO_RELEVANT_PIT_ROW_FOUND_IN_CONTEXT,RC_RECORD_ON_DECISION_OR_ENDPOINT_LAP,"FastF1 car_data and pos_data present for selected race; pos_data contains XYZ/status, not classified running order or pass timestamp",event_review_37.csv + candidate source,https://raw.githubusercontent.com/TracingInsights/2018/ec6317adac6786e38b5d35e008f4b87926a3a55c/Austrian%20Grand%20Prix/Race/PER/laptimes.json|https://raw.githubusercontent.com/TracingInsights/2018/ec6317adac6786e38b5d35e008f4b87926a3a55c/Austrian%20Grand%20Prix/Race/STR/laptimes.json,0c9610b0f72ce16925d9852384d7df476efcba7f61974e003bd0eb90ee412ece|e10c7c81364f40e894e590d27f26b558af6219f3723c8814b2e214ad371b82aa,FIXED_PAIR_CLASSIFIED_ORDER_REVERSED_AT_NEXT_LAP_BOUNDARY,FALSE,AUTOMATED_REVIEW_UNREVIEWED
60878c0e441c97760d0b,2018:Austrian Grand Prix:Race,train,development_train,RIC,RAI,19,20,1705.282,1772.84,67.558,2018-07-01T13:34:25.498000000,2018-07-01T13:35:33.056000000,,2018:Austrian Grand Prix:Race|RIC|RAI|19|20,BOUNDARY_PROXY_KEY,OUTSIDE_INHERITED_CANDIDATE_UNIVERSE,OUTSIDE_CANDIDATE_UNIVERSE,AUTOMATED_PROXY_LINK_UNREVIEWED,RIC:4;RAI:3,RIC:3;RAI:4,NOT_AVAILABLE_FROM_BOUNDARY_LAPTIMES,2018-07-01T13:34:25.498000000,2018-07-01T13:35:33.056000000,BOUNDARY_INTERVAL_ONLY_NOT_EXACT_PASS_TIME,NOT_IN_INHERITED_CANDIDATE_REVIEW,NOT_IN_INHERITED_CANDIDATE_REVIEW,BOUNDARY_TELEMETRY_DOES_NOT_ESTABLISH_PASS,prediction_windows_37.csv.gz + laptime_source_inventory_37.csv,,,FIXED_PAIR_CLASSIFIED_ORDER_REVERSED_AT_NEXT_LAP_BOUNDARY,FALSE,AUTOMATED_PROXY_LINK_UNREVIEWED
9cfcb4fff49ff1e9871a,2018:Austrian Grand Prix:Race,train,development_train,SIR,GAS,4,5,628.716,699.388,70.672,2018-07-01T13:16:28.932000000,2018-07-01T13:17:39.604000000,,2018:Austrian Grand Prix:Race|SIR|GAS|4|5,BOUNDARY_PROXY_KEY,OUTSIDE_INHERITED_CANDIDATE_UNIVERSE,OUTSIDE_CANDIDATE_UNIVERSE,AUTOMATED_PROXY_LINK_UNREVIEWED,SIR:15;GAS:14,SIR:14;GAS:15,NOT_AVAILABLE_FROM_BOUNDARY_LAPTIMES,2018-07-01T13:16:28.932000000,2018-07-01T13:17:39.604000000,BOUNDARY_INTERVAL_ONLY_NOT_EXACT_PASS_TIME,NOT_IN_INHERITED_CANDIDATE_REVIEW,NOT_IN_INHERITED_CANDIDATE_REVIEW,BOUNDARY_TELEMETRY_DOES_NOT_ESTABLISH_PASS,prediction_windows_37.csv.gz + laptime_source_inventory_37.csv,,,FIXED_PAIR_CLASSIFIED_ORDER_REVERSED_AT_NEXT_LAP_BOUNDARY,FALSE,AUTOMATED_PROXY_LINK_UNREVIEWED
cf10bed1f76944c4e3e2,2018:Azerbaijan Grand Prix:Race,train,development_train,ALO,MAG,6,7,1294.615,1416.303,121.688,2018-04-29T12:27:34.692000000,2018-04-29T12:29:36.380000000,943b405c2a94141ee25e1334,2018:Azerbaijan Grand Prix:Race|ALO|MAG|6|7,INHERITED_CANDIDATE_ID,MATCHED_TO_INHERITED_CANDIDATE,UNRESOLVED,AUTOMATED_REVIEW_UNREVIEWED,ALO:17;MAG:16,ALO:16;MAG:17,NOT_AVAILABLE_FROM_FASTF1_POSITION_XYZ,2018-04-29T12:27:34.692000+00:00,2018-04-29T12:29:36.380000+00:00,0.228,NO_RELEVANT_PIT_ROW_FOUND_IN_CONTEXT,RC_RECORD_ON_DECISION_OR_ENDPOINT_LAP,"FastF1 car_data and pos_data present for selected race; pos_data contains XYZ/status, not classified running order or pass timestamp",event_review_37.csv + candidate source,https://raw.githubusercontent.com/TracingInsights/2018/ec6317adac6786e38b5d35e008f4b87926a3a55c/Azerbaijan%20Grand%20Prix/Race/ALO/laptimes.json|https://raw.githubusercontent.com/TracingInsights/2018/ec6317adac6786e38b5d35e008f4b87926a3a55c/Azerbaijan%20Grand%20Prix/Race/MAG/laptimes.json,1b255bc0b875127621606e398ad8d959e27b5c96f957575c31f7162744e66838|3ef78bb2b5807ff47bd7877190badd5d247884ca0695949078702ee2e61be3d7,FIXED_PAIR_CLASSIFIED_ORDER_REVERSED_AT_NEXT_LAP_BOUNDARY,FALSE,AUTOMATED_REVIEW_UNREVIEWED
c6d4b697d85cdf982334,2018:Azerbaijan Grand Prix:Race,train,development_train,GRO,VAN,6,7,1294.011,1413.342,119.331,2018-04-29T12:27:34.088000000,2018-04-29T12:29:33.419000000,fd42aa18a65624ad63ae0f84,2018:Azerbaijan Grand Prix:Race|GRO|VAN|6|7,INHERITED_CANDIDATE_ID,MATCHED_TO_INHERITED_CANDIDATE,UNRESOLVED,AUTOMATED_REVIEW_UNREVIEWED,GRO:13;VAN:12,GRO:12;VAN:13,NOT_AVAILABLE_FROM_FASTF1_POSITION_XYZ,2018-04-29T12:27:34.088000+00:00,2018-04-29T12:29:33.419000+00:00,2.379,NO_RELEVANT_PIT_ROW_FOUND_IN_CONTEXT,RC_RECORD_ON_DECISION_OR_ENDPOINT_LAP,"FastF1 car_data and pos_data present for selected race; pos_data contains XYZ/status, not classified running order or pass timestamp",event_review_37.csv + candidate source,https://raw.githubusercontent.com/TracingInsights/2018/ec6317adac6786e38b5d35e008f4b87926a3a55c/Azerbaijan%20Grand%20Prix/Race/GRO/laptimes.json|https://raw.githubusercontent.com/TracingInsights/2018/ec6317adac6786e38b5d35e008f4b87926a3a55c/Azerbaijan%20Grand%20Prix/Race/VAN/laptimes.json,166d1f53810cd3dbaf7be866d14b9b969d12478fcc5fe56e3cb08b8a326b11c7|d685f62c93fa7782c5ccb1f35532a04669e19d2db68c2af5f74cdf652dc4e099,FIXED_PAIR_CLASSIFIED_ORDER_REVERSED_AT_NEXT_LAP_BOUNDARY,FALSE,AUTOMATED_REVIEW_UNREVIEWED
fa9e19356e57ef46be41,2018:Azerbaijan Grand Prix:Race,train,development_train,HAR,GAS,48,49,6262.891,6375.057,112.166,2018-04-29T13:50:22.968000000,2018-04-29T13:52:15.134000000,,2018:Azerbaijan Grand Prix:Race|HAR|GAS|48|49,BOUNDARY_PROXY_KEY,OUTSIDE_INHERITED_CANDIDATE_UNIVERSE,OUTSIDE_CANDIDATE_UNIVERSE,AUTOMATED_PROXY_LINK_UNREVIEWED,HAR:12;GAS:11,HAR:10;GAS:11,NOT_AVAILABLE_FROM_BOUNDARY_LAPTIMES,2018-04-29T13:50:22.968000000,2018-04-29T13:52:15.134000000,BOUNDARY_INTERVAL_ONLY_NOT_EXACT_PASS_TIME,NOT_IN_INHERITED_CANDIDATE_REVIEW,NOT_IN_INHERITED_CANDIDATE_REVIEW,BOUNDARY_TELEMETRY_DOES_NOT_ESTABLISH_PASS,prediction_windows_37.csv.gz + laptime_source_inventory_37.csv,,,FIXED_PAIR_CLASSIFIED_ORDER_REVERSED_AT_NEXT_LAP_BOUNDARY,FALSE,AUTOMATED_PROXY_LINK_UNREVIEWED
2b81ba81b294d18c3725,2018:Azerbaijan Grand Prix:Race,train,development_train,HUL,STR,4,5,964.025,1113.634,149.609,2018-04-29T12:22:04.102000000,2018-04-29T12:24:33.711000000,2fdae0da4f5ecb062285a025,2018:Azerbaijan Grand Prix:Race|HUL|STR|4|5,INHERITED_CANDIDATE_ID,MATCHED_TO_INHERITED_CANDIDATE,UNRESOLVED,AUTOMATED_REVIEW_UNREVIEWED,HUL:8;STR:7,HUL:7;STR:8,NOT_AVAILABLE_FROM_FASTF1_POSITION_XYZ,2018-04-29T12:22:04.102000+00:00,2018-04-29T12:24:33.711000+00:00,5.19,NO_RELEVANT_PIT_ROW_FOUND_IN_CONTEXT,RC_RECORD_ON_DECISION_OR_ENDPOINT_LAP,"FastF1 car_data and pos_data present for selected race; pos_data contains XYZ/status, not classified running order or pass timestamp",event_review_37.csv + candidate source,https://raw.githubusercontent.com/TracingInsights/2018/ec6317adac6786e38b5d35e008f4b87926a3a55c/Azerbaijan%20Grand%20Prix/Race/HUL/laptimes.json|https://raw.githubusercontent.com/TracingInsights/2018/ec6317adac6786e38b5d35e008f4b87926a3a55c/Azerbaijan%20Grand%20Prix/Race/STR/laptimes.json,4aa8453e99da726187e9e65943e491d476caf10711160e71856a0c9c0000f044|66abeadfc9abf57b71cbefad3f840f2257a795cf4f3a94cb4f9f4504d44ac82a,FIXED_PAIR_CLASSIFIED_ORDER_REVERSED_AT_NEXT_LAP_BOUNDARY,FALSE,AUTOMATED_REVIEW_UNREVIEWED
02c1d3c672cf4327e7ad,2018:Azerbaijan Grand Prix:Race,train,development_train,HUL,GAS,6,7,1292.59,1410.219,117.629,2018-04-29T12:27:32.572000000,2018-04-29T12:29:30.296000000,,2018:Azerbaijan Grand Prix:Race|HUL|GAS|6|7,BOUNDARY_PROXY_KEY,OUTSIDE_INHERITED_CANDIDATE_UNIVERSE,OUTSIDE_CANDIDATE_UNIVERSE,AUTOMATED_PROXY_LINK_UNREVIEWED,HUL:8;GAS:7,HUL:7;GAS:8,NOT_AVAILABLE_FROM_BOUNDARY_LAPTIMES,2018-04-29T12:27:32.572000000,2018-04-29T12:29:30.296000000,BOUNDARY_INTERVAL_ONLY_NOT_EXACT_PASS_TIME,NOT_IN_INHERITED_CANDIDATE_REVIEW,NOT_IN_INHERITED_CANDIDATE_REVIEW,BOUNDARY_TELEMETRY_DOES_NOT_ESTABLISH_PASS,prediction_windows_37.csv.gz + laptime_source_inventory_37.csv,,,FIXED_PAIR_CLASSIFIED_ORDER_REVERSED_AT_NEXT_LAP_BOUNDARY,FALSE,AUTOMATED_PROXY_LINK_UNREVIEWED
d6d7331a6346c8bc89bd,2018:Azerbaijan Grand Prix:Race,train,development_train,HUL,RIC,8,9,1523.095,1632.597,109.502,2018-04-29T12:31:23.172000000,2018-04-29T12:33:12.674000000,aad7e78eaa884f2ed823ba64,2018:Azerbaijan Grand Prix:Race|HUL|RIC|8|9,INHERITED_CANDIDATE_ID,MATCHED_TO_INHERITED_CANDIDATE,UNRESOLVED,AUTOMATED_REVIEW_UNREVIEWED,HUL:7;RIC:6,HUL:5;RIC:7,NOT_AVAILABLE_FROM_FASTF1_POSITION_XYZ,2018-04-29T12:31:23.172000+00:00,2018-04-29T12:33:12.674000+00:00,1.035,NO_RELEVANT_PIT_ROW_FOUND_IN_CONTEXT,NO_RC_RECORD_ON_DECISION_OR_ENDPOINT_LAP,"FastF1 car_data and pos_data present for selected race; pos_data contains XYZ/status, not classified running order or pass timestamp",event_review_37.csv + candidate source,https://raw.githubusercontent.com/TracingInsights/2018/ec6317adac6786e38b5d35e008f4b87926a3a55c/Azerbaijan%20Grand%20Prix/Race/HUL/laptimes.json|https://raw.githubusercontent.com/TracingInsights/2018/ec6317adac6786e38b5d35e008f4b87926a3a55c/Azerbaijan%20Grand%20Prix/Race/RIC/laptimes.json,66abeadfc9abf57b71cbefad3f840f2257a795cf4f3a94cb4f9f4504d44ac82a|f6cde5e4be252d20f840f0889dbb771289d804d33dc99302db1b81efbbf4726f,FIXED_PAIR_CLASSIFIED_ORDER_REVERSED_AT_NEXT_LAP_BOUNDARY,FALSE,AUTOMATED_REVIEW_UNREVIEWED
5dbcfc2329aab2a36e6d,2018:Azerbaijan Grand Prix:Race,train,development_train,LEC,STR,6,7,1292.759,1411.114,118.355,2018-04-29T12:27:32.836000000,2018-04-29T12:29:31.191000000,49364bff0c59d8f66d4b2d68,2018:Azerbaijan Grand Prix:Race|LEC|STR|6|7,INHERITED_CANDIDATE_ID,MATCHED_TO_INHERITED_CANDIDATE,UNRESOLVED,AUTOMATED_REVIEW_UNREVIEWED,LEC:10;STR:9,LEC:9;STR:10,NOT_AVAILABLE_FROM_FASTF1_POSITION_XYZ,2018-04-29T12:27:32.836000+00:00,2018-04-29T12:29:31.191000+00:00,1.418,NO_RELEVANT_PIT_ROW_FOUND_IN_CONTEXT,RC_RECORD_ON_DECISION_OR_ENDPOINT_LAP,"FastF1 car_data and pos_data present for selected race; pos_data contains XYZ/status, not classified running order or pass timestamp",event_review_37.csv + candidate source,https://raw.githubusercontent.com/TracingInsights/2018/ec6317adac6786e38b5d35e008f4b87926a3a55c/Azerbaijan%20Grand%20Prix/Race/LEC/laptimes.json|https://raw.githubusercontent.com/TracingInsights/2018/ec6317adac6786e38b5d35e008f4b87926a3a55c/Azerbaijan%20Grand%20Prix/Race/STR/laptimes.json,4aa8453e99da726187e9e65943e491d476caf10711160e71856a0c9c0000f044|b2a86b41b977f5cbd54bf81ce77f0919a99a1e765a603ce279ede9bdaf54b7a5,FIXED_PAIR_CLASSIFIED_ORDER_REVERSED_AT_NEXT_LAP_BOUNDARY,FALSE,AUTOMATED_REVIEW_UNREVIEWED
fc307ab53bab878b3fe0,2018:Azerbaijan Grand Prix:Race,train,development_train,LEC,ALO,25,26,3397.566,3506.777,109.211,2018-04-29T13:02:21.792000000,2018-04-29T13:04:26.854000000,,2018:Azerbaijan Grand Prix:Race|LEC|ALO|25|26,BOUNDARY_PROXY_KEY,OUTSIDE_INHERITED_CANDIDATE_UNIVERSE,OUTSIDE_CANDIDATE_UNIVERSE,AUTOMATED_PROXY_LINK_UNREVIEWED,LEC:11;ALO:10,LEC:10;ALO:11,NOT_AVAILABLE_FROM_BOUNDARY_LAPTIMES,2018-04-29T13:02:21.792000000,2018-04-29T13:04:26.854000000,BOUNDARY_INTERVAL_ONLY_NOT_EXACT_PASS_TIME,NOT_IN_INHERITED_CANDIDATE_REVIEW,NOT_IN_INHERITED_CANDIDATE_REVIEW,BOUNDARY_TELEMETRY_DOES_NOT_ESTABLISH_PASS,prediction_windows_37.csv.gz + laptime_source_inventory_37.csv,,,FIXED_PAIR_CLASSIFIED_ORDER_REVERSED_AT_NEXT_LAP_BOUNDARY,FALSE,AUTOMATED_PROXY_LINK_UNREVIEWED
8500e078e18ea82e7157,2018:Azerbaijan Grand Prix:Race,train,development_train,PER,HAR,6,7,1294.354,1414.726,120.372,2018-04-29T12:27:34.431000000,2018-04-29T12:29:34.803000000,,2018:Azerbaijan Grand Prix:Race|PER|HAR|6|7,BOUNDARY_PROXY_KEY,OUTSIDE_INHERITED_CANDIDATE_UNIVERSE,OUTSIDE_CANDIDATE_UNIVERSE,AUTOMATED_PROXY_LINK_UNREVIEWED,PER:15;HAR:14,PER:14;HAR:15,NOT_AVAILABLE_FROM_BOUNDARY_LAPTIMES,2018-04-29T12:27:34.431000000,2018-04-29T12:29:34.803000000,BOUNDARY_INTERVAL_ONLY_NOT_EXACT_PASS_TIME,NOT_IN_INHERITED_CANDIDATE_REVIEW,NOT_IN_INHERITED_CANDIDATE_REVIEW,BOUNDARY_TELEMETRY_DOES_NOT_ESTABLISH_PASS,prediction_windows_37.csv.gz + laptime_source_inventory_37.csv,,,FIXED_PAIR_CLASSIFIED_ORDER_REVERSED_AT_NEXT_LAP_BOUNDARY,FALSE,AUTOMATED_PROXY_LINK_UNREVIEWED
871cf85c1f3bdea12622,2018:Azerbaijan Grand Prix:Race,train,development_train,PER,VAN,9,10,1641.397,1751.761,110.364,2018-04-29T12:33:21.474000000,2018-04-29T12:35:11.838000000,b6c3f1e12db05b04a6d46a89,2018:Azerbaijan Grand Prix:Race|PER|VAN|9|10,INHERITED_CANDIDATE_ID,MATCHED_TO_INHERITED_CANDIDATE,UNRESOLVED,AUTOMATED_REVIEW_UNREVIEWED,PER:14;VAN:13,PER:12;VAN:15,NOT_AVAILABLE_FROM_FASTF1_POSITION_XYZ,2018-04-29T12:33:21.474000+00:00,2018-04-29T12:35:11.838000+00:00,0.592,NO_RELEVANT_PIT_ROW_FOUND_IN_CONTEXT,RC_RECORD_ON_DECISION_OR_ENDPOINT_LAP,"FastF1 car_data and pos_data present for selected race; pos_data contains XYZ/status, not classified running order or pass timestamp",event_review_37.csv + candidate source,https://raw.githubusercontent.com/TracingInsights/2018/ec6317adac6786e38b5d35e008f4b87926a3a55c/Azerbaijan%20Grand%20Prix/Race/PER/laptimes.json|https://raw.githubusercontent.com/TracingInsights/2018/ec6317adac6786e38b5d35e008f4b87926a3a55c/Azerbaijan%20Grand%20Prix/Race/VAN/laptimes.json,642609c278fd03651a15f1175f5277833f0e78819b2c1631905ab9cb0db61b10|d685f62c93fa7782c5ccb1f35532a04669e19d2db68c2af5f74cdf652dc4e099,FIXED_PAIR_CLASSIFIED_ORDER_REVERSED_AT_NEXT_LAP_BOUNDARY,FALSE,AUTOMATED_REVIEW_UNREVIEWED
1463e6e73f5ca1a04110,2018:Azerbaijan Grand Prix:Race,train,development_train,PER,VET,48,49,6259.101,6370.162,111.061,2018-04-29T13:50:19.178000000,2018-04-29T13:52:10.239000000,fce573f01e6cb238069719be,2018:Azerbaijan Grand Prix:Race|PER|VET|48|49,INHERITED_CANDIDATE_ID,MATCHED_TO_INHERITED_CANDIDATE,UNRESOLVED,AUTOMATED_REVIEW_UNREVIEWED,PER:5;VET:4,PER:3;VET:4,NOT_AVAILABLE_FROM_FASTF1_POSITION_XYZ,2018-04-29T13:50:19.178000+00:00,2018-04-29T13:52:10.239000+00:00,0.948,NO_RELEVANT_PIT_ROW_FOUND_IN_CONTEXT,RC_RECORD_ON_DECISION_OR_ENDPOINT_LAP,"FastF1 car_data and pos_data present for selected race; pos_data contains XYZ/status, not classified running order or pass timestamp",event_review_37.csv + candidate source,https://raw.githubusercontent.com/TracingInsights/2018/ec6317adac6786e38b5d35e008f4b87926a3a55c/Azerbaijan%20Grand%20Prix/Race/PER/laptimes.json|https://raw.githubusercontent.com/TracingInsights/2018/ec6317adac6786e38b5d35e008f4b87926a3a55c/Azerbaijan%20Grand%20Prix/Race/VET/laptimes.json,642609c278fd03651a15f1175f5277833f0e78819b2c1631905ab9cb0db61b10|e9a105599918212a20e6e719685b143249f8bc59e3ed05c75daa791d0af9839d,FIXED_PAIR_CLASSIFIED_ORDER_REVERSED_AT_NEXT_LAP_BOUNDARY,FALSE,AUTOMATED_REVIEW_UNREVIEWED
cc82fe28793280d1f068,2018:Azerbaijan Grand Prix:Race,train,development_train,RAI,GAS,8,9,1526.054,1635.621,109.567,2018-04-29T12:31:26.131000000,2018-04-29T12:33:15.698000000,,2018:Azerbaijan Grand Prix:Race|RAI|GAS|8|9,BOUNDARY_PROXY_KEY,OUTSIDE_INHERITED_CANDIDATE_UNIVERSE,OUTSIDE_CANDIDATE_UNIVERSE,AUTOMATED_PROXY_LINK_UNREVIEWED,RAI:11;GAS:10,RAI:10;GAS:12,NOT_AVAILABLE_FROM_BOUNDARY_LAPTIMES,2018-04-29T12:31:26.131000000,2018-04-29T12:33:15.698000000,BOUNDARY_INTERVAL_ONLY_NOT_EXACT_PASS_TIME,NOT_IN_INHERITED_CANDIDATE_REVIEW,NOT_IN_INHERITED_CANDIDATE_REVIEW,BOUNDARY_TELEMETRY_DOES_NOT_ESTABLISH_PASS,prediction_windows_37.csv.gz + laptime_source_inventory_37.csv,,,FIXED_PAIR_CLASSIFIED_ORDER_REVERSED_AT_NEXT_LAP_BOUNDARY,FALSE,AUTOMATED_PROXY_LINK_UNREVIEWED
2d39d7455f52aa320f39,2018:Azerbaijan Grand Prix:Race,train,development_train,RAI,STR,14,15,2184.847,2292.441,107.594,2018-04-29T12:42:24.924000000,2018-04-29T12:44:12.518000000,25b98ab24514728e2b081e23,2018:Azerbaijan Grand Prix:Race|RAI|STR|14|15,INHERITED_CANDIDATE_ID,MATCHED_TO_INHERITED_CANDIDATE,UNRESOLVED,AUTOMATED_REVIEW_UNREVIEWED,RAI:9;STR:8,RAI:7;STR:8,NOT_AVAILABLE_FROM_FASTF1_POSITION_XYZ,2018-04-29T12:42:24.924000+00:00,2018-04-29T12:44:12.518000+00:00,2.169,NO_RELEVANT_PIT_ROW_FOUND_IN_CONTEXT,RC_RECORD_ON_DECISION_OR_ENDPOINT_LAP,"FastF1 car_data and pos_data present for selected race; pos_data contains XYZ/status, not classified running order or pass timestamp",event_review_37.csv + candidate source,https://raw.githubusercontent.com/TracingInsights/2018/ec6317adac6786e38b5d35e008f4b87926a3a55c/Azerbaijan%20Grand%20Prix/Race/RAI/laptimes.json|https://raw.githubusercontent.com/TracingInsights/2018/ec6317adac6786e38b5d35e008f4b87926a3a55c/Azerbaijan%20Grand%20Prix/Race/STR/laptimes.json,4aa8453e99da726187e9e65943e491d476caf10711160e71856a0c9c0000f044|941a0da857d064254cbc8aee5ed4f8a045711014b7324e32b418064fede9d297,FIXED_PAIR_CLASSIFIED_ORDER_REVERSED_AT_NEXT_LAP_BOUNDARY,FALSE,AUTOMATED_REVIEW_UNREVIEWED
e22c945b90441d55f4e4,2018:Azerbaijan Grand Prix:Race,train,development_train,SAI,VER,8,9,1520.216,1631.663,111.447,2018-04-29T12:31:20.293000000,2018-04-29T12:33:11.740000000,9fb21d4d591d18afdb21e13d,2018:Azerbaijan Grand Prix:Race|SAI|VER|8|9,INHERITED_CANDIDATE_ID,MATCHED_TO_INHERITED_CANDIDATE,UNRESOLVED,AUTOMATED_REVIEW_UNREVIEWED,SAI:5;VER:4,SAI:4;VER:6,NOT_AVAILABLE_FROM_FASTF1_POSITION_XYZ,2018-04-29T12:31:20.293000+00:00,2018-04-29T12:33:11.740000+00:00,0.077,NO_RELEVANT_PIT_ROW_FOUND_IN_CONTEXT,NO_RC_RECORD_ON_DECISION_OR_ENDPOINT_LAP,"FastF1 car_data and pos_data present for selected race; pos_data contains XYZ/status, not classified running order or pass timestamp",event_review_37.csv + candidate source,https://raw.githubusercontent.com/TracingInsights/2018/ec6317adac6786e38b5d35e008f4b87926a3a55c/Azerbaijan%20Grand%20Prix/Race/SAI/laptimes.json|https://raw.githubusercontent.com/TracingInsights/2018/ec6317adac6786e38b5d35e008f4b87926a3a55c/Azerbaijan%20Grand%20Prix/Race/VER/laptimes.json,8d3d8fa21bedd96bc824fb1c4238587b1f39b92486ae02b469d27953de71d9b4|9febdfee05de21b239c764b5e5fe56a8b0aaff37f104a31c5225f0c9e158108c,FIXED_PAIR_CLASSIFIED_ORDER_REVERSED_AT_NEXT_LAP_BOUNDARY,FALSE,AUTOMATED_REVIEW_UNREVIEWED
728081e52943b5c6c604,2018:Azerbaijan Grand Prix:Race,train,development_train,SAI,LEC,48,49,6259.947,6371.036,111.089,2018-04-29T13:50:20.017000000,2018-04-29T13:52:11.113000000,,2018:Azerbaijan Grand Prix:Race|SAI|LEC|48|49,BOUNDARY_PROXY_KEY,OUTSIDE_INHERITED_CANDIDATE_UNIVERSE,OUTSIDE_CANDIDATE_UNIVERSE,AUTOMATED_PROXY_LINK_UNREVIEWED,SAI:7;LEC:6,SAI:5;LEC:6,NOT_AVAILABLE_FROM_BOUNDARY_LAPTIMES,2018-04-29T13:50:20.017000000,2018-04-29T13:52:11.113000000,BOUNDARY_INTERVAL_ONLY_NOT_EXACT_PASS_TIME,NOT_IN_INHERITED_CANDIDATE_REVIEW,NOT_IN_INHERITED_CANDIDATE_REVIEW,BOUNDARY_TELEMETRY_DOES_NOT_ESTABLISH_PASS,prediction_windows_37.csv.gz + laptime_source_inventory_37.csv,,,FIXED_PAIR_CLASSIFIED_ORDER_REVERSED_AT_NEXT_LAP_BOUNDARY,FALSE,AUTOMATED_PROXY_LINK_UNREVIEWED
b6392c4c837bc0a2d7b1,2018:Azerbaijan Grand Prix:Race,train,development_train,VER,SAI,6,7,1291.679,1408.232,116.553,2018-04-29T12:27:31.639000000,2018-04-29T12:29:28.309000000,,2018:Azerbaijan Grand Prix:Race|VER|SAI|6|7,BOUNDARY_PROXY_KEY,OUTSIDE_INHERITED_CANDIDATE_UNIVERSE,OUTSIDE_CANDIDATE_UNIVERSE,AUTOMATED_PROXY_LINK_UNREVIEWED,VER:5;SAI:4,VER:4;SAI:5,NOT_AVAILABLE_FROM_BOUNDARY_LAPTIMES,2018-04-29T12:27:31.639000000,2018-04-29T12:29:28.309000000,BOUNDARY_INTERVAL_ONLY_NOT_EXACT_PASS_TIME,NOT_IN_INHERITED_CANDIDATE_REVIEW,NOT_IN_INHERITED_CANDIDATE_REVIEW,BOUNDARY_TELEMETRY_DOES_NOT_ESTABLISH_PASS,prediction_windows_37.csv.gz + laptime_source_inventory_37.csv,,,FIXED_PAIR_CLASSIFIED_ORDER_REVERSED_AT_NEXT_LAP_BOUNDARY,FALSE,AUTOMATED_PROXY_LINK_UNREVIEWED
c1f4ab66f27ff82821e5,2018:Azerbaijan Grand Prix:Race,train,development_train,VER,SAI,14,15,2181.032,2288.399,107.367,2018-04-29T12:42:21.109000000,2018-04-29T12:44:08.476000000,,2018:Azerbaijan Grand Prix:Race|VER|SAI|14|15,BOUNDARY_PROXY_KEY,OUTSIDE_INHERITED_CANDIDATE_UNIVERSE,OUTSIDE_CANDIDATE_UNIVERSE,AUTOMATED_PROXY_LINK_UNREVIEWED,VER:5;SAI:4,VER:4;SAI:9,NOT_AVAILABLE_FROM_BOUNDARY_LAPTIMES,2018-04-29T12:42:21.109000000,2018-04-29T12:44:08.476000000,BOUNDARY_INTERVAL_ONLY_NOT_EXACT_PASS_TIME,NOT_IN_INHERITED_CANDIDATE_REVIEW,NOT_IN_INHERITED_CANDIDATE_REVIEW,BOUNDARY_TELEMETRY_DOES_NOT_ESTABLISH_PASS,prediction_windows_37.csv.gz + laptime_source_inventory_37.csv,,,FIXED_PAIR_CLASSIFIED_ORDER_REVERSED_AT_NEXT_LAP_BOUNDARY,FALSE,AUTOMATED_PROXY_LINK_UNREVIEWED
32165b372f9abd6f246b,2018:Belgian Grand Prix:Race,train,development_train,BOT,SAI,8,9,2143.413,2255.933,112.52,2018-08-26T13:30:43.439000000,2018-08-26T13:32:35.959000000,02857bd101a45d60b0c15829,2018:Belgian Grand Prix:Race|BOT|SAI|8|9,INHERITED_CANDIDATE_ID,MATCHED_TO_INHERITED_CANDIDATE,UNRESOLVED,AUTOMATED_REVIEW_UNREVIEWED,BOT:13;SAI:12,BOT:12;SAI:13,NOT_AVAILABLE_FROM_FASTF1_POSITION_XYZ,2018-08-26T13:30:43.439000+00:00,2018-08-26T13:32:35.959000+00:00,1.306,NO_RELEVANT_PIT_ROW_FOUND_IN_CONTEXT,NO_RC_RECORD_ON_DECISION_OR_ENDPOINT_LAP,"FastF1 car_data and pos_data present for selected race; pos_data contains XYZ/status, not classified running order or pass timestamp",event_review_37.csv + candidate source,https://raw.githubusercontent.com/TracingInsights/2018/ec6317adac6786e38b5d35e008f4b87926a3a55c/Belgian%20Grand%20Prix/Race/BOT/laptimes.json|https://raw.githubusercontent.com/TracingInsights/2018/ec6317adac6786e38b5d35e008f4b87926a3a55c/Belgian%20Grand%20Prix/Race/SAI/laptimes.json,5a5d1a3b9e36262b5db9ed41093941ef6a1ca3e0c671a2f608fb586eb3a219bd|73496e725b8625802a65016deba7232cd4520e9ba39f27315d0ffef9fb651e91,FIXED_PAIR_CLASSIFIED_ORDER_REVERSED_AT_NEXT_LAP_BOUNDARY,FALSE,AUTOMATED_REVIEW_UNREVIEWED
73bbb3e41b604f34db62,2018:Belgian Grand Prix:Race,train,development_train,BOT,STR,10,11,2368.34,2479.03,110.69,2018-08-26T13:34:28.366000000,2018-08-26T13:36:19.056000000,96b5af85ed729152f29e423b,2018:Belgian Grand Prix:Race|BOT|STR|10|11,INHERITED_CANDIDATE_ID,MATCHED_TO_INHERITED_CANDIDATE,UNRESOLVED,AUTOMATED_REVIEW_UNREVIEWED,BOT:12;STR:11,BOT:11;STR:12,NOT_AVAILABLE_FROM_FASTF1_POSITION_XYZ,2018-08-26T13:34:28.366000+00:00,2018-08-26T13:36:19.056000+00:00,2.144,NO_RELEVANT_PIT_ROW_FOUND_IN_CONTEXT,NO_RC_RECORD_ON_DECISION_OR_ENDPOINT_LAP,"FastF1 car_data and pos_data present for selected race; pos_data contains XYZ/status, not classified running order or pass timestamp",event_review_37.csv + candidate source,https://raw.githubusercontent.com/TracingInsights/2018/ec6317adac6786e38b5d35e008f4b87926a3a55c/Belgian%20Grand%20Prix/Race/BOT/laptimes.json|https://raw.githubusercontent.com/TracingInsights/2018/ec6317adac6786e38b5d35e008f4b87926a3a55c/Belgian%20Grand%20Prix/Race/STR/laptimes.json,5a5d1a3b9e36262b5db9ed41093941ef6a1ca3e0c671a2f608fb586eb3a219bd|9efe22961efcbaef112819107e8d2215ace049d360b02d74ea4222f7d79269f0,FIXED_PAIR_CLASSIFIED_ORDER_REVERSED_AT_NEXT_LAP_BOUNDARY,FALSE,AUTOMATED_REVIEW_UNREVIEWED
100ce1cb570b91b3c1e0,2018:Belgian Grand Prix:Race,train,development_train,BOT,SIR,11,12,2479.888,2589.616,109.728,2018-08-26T13:36:19.914000000,2018-08-26T13:38:09.642000000,0fe02b940cc7631b2f09c5a8,2018:Belgian Grand Prix:Race|BOT|SIR|11|12,INHERITED_CANDIDATE_ID,MATCHED_TO_INHERITED_CANDIDATE,UNRESOLVED,AUTOMATED_REVIEW_UNREVIEWED,BOT:11;SIR:10,BOT:10;SIR:11,NOT_AVAILABLE_FROM_FASTF1_POSITION_XYZ,2018-08-26T13:36:19.914000+00:00,2018-08-26T13:38:09.642000+00:00,2.773,NO_RELEVANT_PIT_ROW_FOUND_IN_CONTEXT,NO_RC_RECORD_ON_DECISION_OR_ENDPOINT_LAP,"FastF1 car_data and pos_data present for selected race; pos_data contains XYZ/status, not classified running order or pass timestamp",event_review_37.csv + candidate source,https://raw.githubusercontent.com/TracingInsights/2018/ec6317adac6786e38b5d35e008f4b87926a3a55c/Belgian%20Grand%20Prix/Race/BOT/laptimes.json|https://raw.githubusercontent.com/TracingInsights/2018/ec6317adac6786e38b5d35e008f4b87926a3a55c/Belgian%20Grand%20Prix/Race/SIR/laptimes.json,1670b7196ebd702085c601d88d08c2e6610bf3b4d1e7399835bf21050609ae41|5a5d1a3b9e36262b5db9ed41093941ef6a1ca3e0c671a2f608fb586eb3a219bd,FIXED_PAIR_CLASSIFIED_ORDER_REVERSED_AT_NEXT_LAP_BOUNDARY,FALSE,AUTOMATED_REVIEW_UNREVIEWED
9c29633e070b88d8f034,2018:Belgian Grand Prix:Race,train,development_train,BOT,ERI,16,17,3033.749,3143.036,109.287,2018-08-26T13:45:33.775000000,2018-08-26T13:47:23.062000000,31ee710ddaf8b8f3308a226b,2018:Belgian Grand Prix:Race|BOT|ERI|16|17,INHERITED_CANDIDATE_ID,MATCHED_TO_INHERITED_CANDIDATE,UNRESOLVED,AUTOMATED_REVIEW_UNREVIEWED,BOT:10;ERI:9,BOT:9;ERI:10,NOT_AVAILABLE_FROM_FASTF1_POSITION_XYZ,2018-08-26T13:45:33.775000+00:00,2018-08-26T13:47:23.062000+00:00,2.371,NO_RELEVANT_PIT_ROW_FOUND_IN_CONTEXT,NO_RC_RECORD_ON_DECISION_OR_ENDPOINT_LAP,"FastF1 car_data and pos_data present for selected race; pos_data contains XYZ/status, not classified running order or pass timestamp",event_review_37.csv + candidate source,https://raw.githubusercontent.com/TracingInsights/2018/ec6317adac6786e38b5d35e008f4b87926a3a55c/Belgian%20Grand%20Prix/Race/BOT/laptimes.json|https://raw.githubusercontent.com/TracingInsights/2018/ec6317adac6786e38b5d35e008f4b87926a3a55c/Belgian%20Grand%20Prix/Race/ERI/laptimes.json,5a5d1a3b9e36262b5db9ed41093941ef6a1ca3e0c671a2f608fb586eb3a219bd|a3d501f16acabc93e198c2c2a9c44132b99b77701ad1c76772e6447b1d6ba76a,FIXED_PAIR_CLASSIFIED_ORDER_REVERSED_AT_NEXT_LAP_BOUNDARY,FALSE,AUTOMATED_REVIEW_UNREVIEWED
1d6d5fa790eae2978f63,2018:Belgian Grand Prix:Race,train,development_train,BOT,GAS,17,18,3143.86,3252.886,109.026,2018-08-26T13:47:23.886000000,2018-08-26T13:49:12.912000000,9dd1829f5410a49917d2f81a,2018:Belgian Grand Prix:Race|BOT|GAS|17|18,INHERITED_CANDIDATE_ID,MATCHED_TO_INHERITED_CANDIDATE,UNRESOLVED,AUTOMATED_REVIEW_UNREVIEWED,BOT:9;GAS:8,BOT:8;GAS:9,NOT_AVAILABLE_FROM_FASTF1_POSITION_XYZ,2018-08-26T13:47:23.886000+00:00,2018-08-26T13:49:12.912000+00:00,3.017,NO_RELEVANT_PIT_ROW_FOUND_IN_CONTEXT,NO_RC_RECORD_ON_DECISION_OR_ENDPOINT_LAP,"FastF1 car_data and pos_data present for selected race; pos_data contains XYZ/status, not classified running order or pass timestamp",event_review_37.csv + candidate source,https://raw.githubusercontent.com/TracingInsights/2018/ec6317adac6786e38b5d35e008f4b87926a3a55c/Belgian%20Grand%20Prix/Race/BOT/laptimes.json|https://raw.githubusercontent.com/TracingInsights/2018/ec6317adac6786e38b5d35e008f4b87926a3a55c/Belgian%20Grand%20Prix/Race/GAS/laptimes.json,5a5d1a3b9e36262b5db9ed41093941ef6a1ca3e0c671a2f608fb586eb3a219bd|d7f29efee07432b226a3e708028b09b1bfdacef3810455f6757b4190e7170680,FIXED_PAIR_CLASSIFIED_ORDER_REVERSED_AT_NEXT_LAP_BOUNDARY,FALSE,AUTOMATED_REVIEW_UNREVIEWED
d5e9aa5a88c3a3def318,2018:Belgian Grand Prix:Race,train,development_train,BOT,MAG,21,22,3583.407,3692.574,109.167,2018-08-26T13:54:43.433000000,2018-08-26T13:56:32.600000000,d9148d0b92d38ec115be3779,2018:Belgian Grand Prix:Race|BOT|MAG|21|22,INHERITED_CANDIDATE_ID,MATCHED_TO_INHERITED_CANDIDATE,UNRESOLVED,AUTOMATED_REVIEW_UNREVIEWED,BOT:8;MAG:7,BOT:7;MAG:8,NOT_AVAILABLE_FROM_FASTF1_POSITION_XYZ,2018-08-26T13:54:43.433000+00:00,2018-08-26T13:56:32.600000+00:00,1.886,NO_RELEVANT_PIT_ROW_FOUND_IN_CONTEXT,NO_RC_RECORD_ON_DECISION_OR_ENDPOINT_LAP,"FastF1 car_data and pos_data present for selected race; pos_data contains XYZ/status, not classified running order or pass timestamp",event_review_37.csv + candidate source,https://raw.githubusercontent.com/TracingInsights/2018/ec6317adac6786e38b5d35e008f4b87926a3a55c/Belgian%20Grand%20Prix/Race/BOT/laptimes.json|https://raw.githubusercontent.com/TracingInsights/2018/ec6317adac6786e38b5d35e008f4b87926a3a55c/Belgian%20Grand%20Prix/Race/MAG/laptimes.json,5a5d1a3b9e36262b5db9ed41093941ef6a1ca3e0c671a2f608fb586eb3a219bd|fb6f268660b6f8707a447e4542d27c49710e4fc4a40aa8825fc7d00821035fcb,FIXED_PAIR_CLASSIFIED_ORDER_REVERSED_AT_NEXT_LAP_BOUNDARY,FALSE,AUTOMATED_REVIEW_UNREVIEWED
3024253788af93764c89,2018:Belgian Grand Prix:Race,train,development_train,BOT,GRO,22,23,3693.224,3799.852,106.628,2018-08-26T13:56:33.250000000,2018-08-26T13:58:19.878000000,10189f09c3b1f372a780ecc8,2018:Belgian Grand Prix:Race|BOT|GRO|22|23,INHERITED_CANDIDATE_ID,MATCHED_TO_INHERITED_CANDIDATE,OTHER_POSITION_CHANGE,AUTOMATED_REVIEW_UNREVIEWED,BOT:7;GRO:6,BOT:6;GRO:7,NOT_AVAILABLE_FROM_FASTF1_POSITION_XYZ,2018-08-26T13:56:33.250000+00:00,2018-08-26T13:58:19.878000+00:00,6.991,PIT_LAP_OVERLAP_RECORDED_BUT_TIME_OF_DAY_ONLY,NO_RC_RECORD_ON_DECISION_OR_ENDPOINT_LAP,"FastF1 car_data and pos_data present for selected race; pos_data contains XYZ/status, not classified running order or pass timestamp",event_review_37.csv + candidate source,https://raw.githubusercontent.com/TracingInsights/2018/ec6317adac6786e38b5d35e008f4b87926a3a55c/Belgian%20Grand%20Prix/Race/BOT/laptimes.json|https://raw.githubusercontent.com/TracingInsights/2018/ec6317adac6786e38b5d35e008f4b87926a3a55c/Belgian%20Grand%20Prix/Race/GRO/laptimes.json,5a5d1a3b9e36262b5db9ed41093941ef6a1ca3e0c671a2f608fb586eb3a219bd|b928679c87cf427d2562445c25f32068a770198596ecc441ec3989ed6e454c6d,FIXED_PAIR_CLASSIFIED_ORDER_REVERSED_AT_NEXT_LAP_BOUNDARY,FALSE,AUTOMATED_REVIEW_UNREVIEWED
8ab99bb48f2fd60be127,2018:Belgian Grand Prix:Race,train,development_train,BOT,OCO,31,32,4688.724,4796.092,107.368,2018-08-26T14:13:08.750000000,2018-08-26T14:14:56.118000000,dfb26332a497bcebe8c88c13,2018:Belgian Grand Prix:Race|BOT|OCO|31|32,INHERITED_CANDIDATE_ID,MATCHED_TO_INHERITED_CANDIDATE,UNRESOLVED,AUTOMATED_REVIEW_UNREVIEWED,BOT:6;OCO:5,BOT:5;OCO:6,NOT_AVAILABLE_FROM_FASTF1_POSITION_XYZ,2018-08-26T14:13:08.750000+00:00,2018-08-26T14:14:56.118000+00:00,2.178,NO_RELEVANT_PIT_ROW_FOUND_IN_CONTEXT,NO_RC_RECORD_ON_DECISION_OR_ENDPOINT_LAP,"FastF1 car_data and pos_data present for selected race; pos_data contains XYZ/status, not classified running order or pass timestamp",event_review_37.csv + candidate source,https://raw.githubusercontent.com/TracingInsights/2018/ec6317adac6786e38b5d35e008f4b87926a3a55c/Belgian%20Grand%20Prix/Race/BOT/laptimes.json|https://raw.githubusercontent.com/TracingInsights/2018/ec6317adac6786e38b5d35e008f4b87926a3a55c/Belgian%20Grand%20Prix/Race/OCO/laptimes.json,5a5d1a3b9e36262b5db9ed41093941ef6a1ca3e0c671a2f608fb586eb3a219bd|93892a09c32ef6a36b505b41a3e9fae368f3568ea635ceeea455b2f832dc07c7,FIXED_PAIR_CLASSIFIED_ORDER_REVERSED_AT_NEXT_LAP_BOUNDARY,FALSE,AUTOMATED_REVIEW_UNREVIEWED
644112b9ae9497d4889b,2018:Belgian Grand Prix:Race,train,development_train,BOT,PER,39,40,5547.386,5654.442,107.056,2018-08-26T14:27:27.412000000,2018-08-26T14:29:14.468000000,d4a5cd143f1a8c7458cd59c7,2018:Belgian Grand Prix:Race|BOT|PER|39|40,INHERITED_CANDIDATE_ID,MATCHED_TO_INHERITED_CANDIDATE,UNRESOLVED,AUTOMATED_REVIEW_UNREVIEWED,BOT:5;PER:4,BOT:4;PER:5,NOT_AVAILABLE_FROM_FASTF1_POSITION_XYZ,2018-08-26T14:27:27.412000+00:00,2018-08-26T14:29:14.468000+00:00,1.917,NO_RELEVANT_PIT_ROW_FOUND_IN_CONTEXT,NO_RC_RECORD_ON_DECISION_OR_ENDPOINT_LAP,"FastF1 car_data and pos_data present for selected race; pos_data contains XYZ/status, not classified running order or pass timestamp",event_review_37.csv + candidate source,https://raw.githubusercontent.com/TracingInsights/2018/ec6317adac6786e38b5d35e008f4b87926a3a55c/Belgian%20Grand%20Prix/Race/BOT/laptimes.json|https://raw.githubusercontent.com/TracingInsights/2018/ec6317adac6786e38b5d35e008f4b87926a3a55c/Belgian%20Grand%20Prix/Race/PER/laptimes.json,51ec22d5b301a73c23f9ae6e22923273106e8a0205a6d793393e091f2d7d4036|5a5d1a3b9e36262b5db9ed41093941ef6a1ca3e0c671a2f608fb586eb3a219bd,FIXED_PAIR_CLASSIFIED_ORDER_REVERSED_AT_NEXT_LAP_BOUNDARY,FALSE,AUTOMATED_REVIEW_UNREVIEWED
c4dcb9899de94753fa53,2018:Belgian Grand Prix:Race,train,development_train,ERI,GAS,24,25,3922.872,4031.731,108.859,2018-08-26T14:00:22.898000000,2018-08-26T14:02:11.757000000,a2a843ab37e60c00e5cfcc03,2018:Belgian Grand Prix:Race|ERI|GAS|24|25,INHERITED_CANDIDATE_ID,MATCHED_TO_INHERITED_CANDIDATE,OTHER_POSITION_CHANGE,AUTOMATED_REVIEW_UNREVIEWED,ERI:9;GAS:8,ERI:8;GAS:10,NOT_AVAILABLE_FROM_FASTF1_POSITION_XYZ,2018-08-26T14:00:22.898000+00:00,2018-08-26T14:02:11.757000+00:00,4.102,PIT_LAP_OVERLAP_RECORDED_BUT_TIME_OF_DAY_ONLY,NO_RC_RECORD_ON_DECISION_OR_ENDPOINT_LAP,"FastF1 car_data and pos_data present for selected race; pos_data contains XYZ/status, not classified running order or pass timestamp",event_review_37.csv + candidate source,https://raw.githubusercontent.com/TracingInsights/2018/ec6317adac6786e38b5d35e008f4b87926a3a55c/Belgian%20Grand%20Prix/Race/ERI/laptimes.json|https://raw.githubusercontent.com/TracingInsights/2018/ec6317adac6786e38b5d35e008f4b87926a3a55c/Belgian%20Grand%20Prix/Race/GAS/laptimes.json,a3d501f16acabc93e198c2c2a9c44132b99b77701ad1c76772e6447b1d6ba76a|d7f29efee07432b226a3e708028b09b1bfdacef3810455f6757b4190e7170680,FIXED_PAIR_CLASSIFIED_ORDER_REVERSED_AT_NEXT_LAP_BOUNDARY,FALSE,AUTOMATED_REVIEW_UNREVIEWED
af4d9da05a9437819759,2018:Belgian Grand Prix:Race,train,development_train,ERI,HAR,28,29,4384.139,4495.343,111.204,2018-08-26T14:08:04.165000000,2018-08-26T14:09:55.369000000,e44a7c069f89f8dc686fc64a,2018:Belgian Grand Prix:Race|ERI|HAR|28|29,INHERITED_CANDIDATE_ID,MATCHED_TO_INHERITED_CANDIDATE,UNRESOLVED,AUTOMATED_REVIEW_UNREVIEWED,ERI:11;HAR:10,ERI:10;HAR:11,NOT_AVAILABLE_FROM_FASTF1_POSITION_XYZ,2018-08-26T14:08:04.165000+00:00,2018-08-26T14:09:55.369000+00:00,0.567,NO_RELEVANT_PIT_ROW_FOUND_IN_CONTEXT,NO_RC_RECORD_ON_DECISION_OR_ENDPOINT_LAP,"FastF1 car_data and pos_data present for selected race; pos_data contains XYZ/status, not classified running order or pass timestamp",event_review_37.csv + candidate source,https://raw.githubusercontent.com/TracingInsights/2018/ec6317adac6786e38b5d35e008f4b87926a3a55c/Belgian%20Grand%20Prix/Race/ERI/laptimes.json|https://raw.githubusercontent.com/TracingInsights/2018/ec6317adac6786e38b5d35e008f4b87926a3a55c/Belgian%20Grand%20Prix/Race/HAR/laptimes.json,a3d501f16acabc93e198c2c2a9c44132b99b77701ad1c76772e6447b1d6ba76a|ef49ee0c9c3904f9e54a3ac1ab581b501228f1f91670c27874e5bfef55306427,FIXED_PAIR_CLASSIFIED_ORDER_REVERSED_AT_NEXT_LAP_BOUNDARY,FALSE,AUTOMATED_REVIEW_UNREVIEWED
3586c0a118a0f4e2f3b5,2018:Belgian Grand Prix:Race,train,development_train,GRO,ERI,25,26,4038.05,4144.867,106.817,2018-08-26T14:02:18.076000000,2018-08-26T14:04:04.893000000,,2018:Belgian Grand Prix:Race|GRO|ERI|25|26,BOUNDARY_PROXY_KEY,OUTSIDE_INHERITED_CANDIDATE_UNIVERSE,OUTSIDE_CANDIDATE_UNIVERSE,AUTOMATED_PROXY_LINK_UNREVIEWED,GRO:9;ERI:8,GRO:8;ERI:9,NOT_AVAILABLE_FROM_BOUNDARY_LAPTIMES,2018-08-26T14:02:18.076000000,2018-08-26T14:04:04.893000000,BOUNDARY_INTERVAL_ONLY_NOT_EXACT_PASS_TIME,NOT_IN_INHERITED_CANDIDATE_REVIEW,NOT_IN_INHERITED_CANDIDATE_REVIEW,BOUNDARY_TELEMETRY_DOES_NOT_ESTABLISH_PASS,prediction_windows_37.csv.gz + laptime_source_inventory_37.csv,,,FIXED_PAIR_CLASSIFIED_ORDER_REVERSED_AT_NEXT_LAP_BOUNDARY,FALSE,AUTOMATED_PROXY_LINK_UNREVIEWED
871503b869a8a3846b49,2018:Belgian Grand Prix:Race,train,development_train,HAM,VER,22,23,3662.612,3771.806,109.194,2018-08-26T13:55:52.621000000,2018-08-26T13:57:51.832000000,e0d437a0373f404dde5425d3,2018:Belgian Grand Prix:Race|HAM|VER|22|23,INHERITED_CANDIDATE_ID,MATCHED_TO_INHERITED_CANDIDATE,UNRESOLVED,AUTOMATED_REVIEW_UNREVIEWED,HAM:3;VER:2,HAM:2;VER:3,NOT_AVAILABLE_FROM_FASTF1_POSITION_XYZ,2018-08-26T13:56:02.638000+00:00,2018-08-26T13:57:51.832000+00:00,10.708,NO_RELEVANT_PIT_ROW_FOUND_IN_CONTEXT,NO_RC_RECORD_ON_DECISION_OR_ENDPOINT_LAP,"FastF1 car_data and pos_data present for selected race; pos_data contains XYZ/status, not classified running order or pass timestamp",event_review_37.csv + candidate source,https://raw.githubusercontent.com/TracingInsights/2018/ec6317adac6786e38b5d35e008f4b87926a3a55c/Belgian%20Grand%20Prix/Race/HAM/laptimes.json|https://raw.githubusercontent.com/TracingInsights/2018/ec6317adac6786e38b5d35e008f4b87926a3a55c/Belgian%20Grand%20Prix/Race/VER/laptimes.json,0a48bf01f360e27b83f553f62f4772b12856134821997101d7dd0537926bc5dc|71daab3a69c078744faa746d50e01b3ee699bd8315d568e332e218b54e57b09c,FIXED_PAIR_CLASSIFIED_ORDER_REVERSED_AT_NEXT_LAP_BOUNDARY,FALSE,AUTOMATED_REVIEW_UNREVIEWED
5a1f38d7a099a57a9ed4,2018:Belgian Grand Prix:Race,train,development_train,HAR,SAI,21,22,3603.95,3712.944,108.994,2018-08-26T13:55:03.976000000,2018-08-26T13:56:52.970000000,de1d8aac3166fdb330006a52,2018:Belgian Grand Prix:Race|HAR|SAI|21|22,INHERITED_CANDIDATE_ID,MATCHED_TO_INHERITED_CANDIDATE,OTHER_POSITION_CHANGE,AUTOMATED_REVIEW_UNREVIEWED,HAR:14;SAI:13,HAR:13;SAI:14,NOT_AVAILABLE_FROM_FASTF1_POSITION_XYZ,2018-08-26T13:55:03.976000+00:00,2018-08-26T13:56:52.970000+00:00,4.844,PIT_LAP_OVERLAP_RECORDED_BUT_TIME_OF_DAY_ONLY,NO_RC_RECORD_ON_DECISION_OR_ENDPOINT_LAP,"FastF1 car_data and pos_data present for selected race; pos_data contains XYZ/status, not classified running order or pass timestamp",event_review_37.csv + candidate source,https://raw.githubusercontent.com/TracingInsights/2018/ec6317adac6786e38b5d35e008f4b87926a3a55c/Belgian%20Grand%20Prix/Race/HAR/laptimes.json|https://raw.githubusercontent.com/TracingInsights/2018/ec6317adac6786e38b5d35e008f4b87926a3a55c/Belgian%20Grand%20Prix/Race/SAI/laptimes.json,73496e725b8625802a65016deba7232cd4520e9ba39f27315d0ffef9fb651e91|ef49ee0c9c3904f9e54a3ac1ab581b501228f1f91670c27874e5bfef55306427,FIXED_PAIR_CLASSIFIED_ORDER_REVERSED_AT_NEXT_LAP_BOUNDARY,FALSE,AUTOMATED_REVIEW_UNREVIEWED
ef8db5c66e37fd448fa0,2018:Belgian Grand Prix:Race,train,development_train,HAR,STR,22,23,3715.128,3822.362,107.234,2018-08-26T13:56:55.154000000,2018-08-26T13:58:42.388000000,50644f3394badd65e1bde28d,2018:Belgian Grand Prix:Race|HAR|STR|22|23,INHERITED_CANDIDATE_ID,MATCHED_TO_INHERITED_CANDIDATE,OTHER_POSITION_CHANGE,AUTOMATED_REVIEW_UNREVIEWED,HAR:13;STR:12,HAR:12;STR:13,NOT_AVAILABLE_FROM_FASTF1_POSITION_XYZ,2018-08-26T13:56:55.154000+00:00,2018-08-26T13:58:42.388000+00:00,8.309,PIT_LAP_OVERLAP_RECORDED_BUT_TIME_OF_DAY_ONLY,NO_RC_RECORD_ON_DECISION_OR_ENDPOINT_LAP,"FastF1 car_data and pos_data present for selected race; pos_data contains XYZ/status, not classified running order or pass timestamp",event_review_37.csv + candidate source,https://raw.githubusercontent.com/TracingInsights/2018/ec6317adac6786e38b5d35e008f4b87926a3a55c/Belgian%20Grand%20Prix/Race/HAR/laptimes.json|https://raw.githubusercontent.com/TracingInsights/2018/ec6317adac6786e38b5d35e008f4b87926a3a55c/Belgian%20Grand%20Prix/Race/STR/laptimes.json,9efe22961efcbaef112819107e8d2215ace049d360b02d74ea4222f7d79269f0|ef49ee0c9c3904f9e54a3ac1ab581b501228f1f91670c27874e5bfef55306427,FIXED_PAIR_CLASSIFIED_ORDER_REVERSED_AT_NEXT_LAP_BOUNDARY,FALSE,AUTOMATED_REVIEW_UNREVIEWED
359acbbce6cd2b6f785b,2018:Belgian Grand Prix:Race,train,development_train,OCO,MAG,25,26,4027.917,4138.775,110.858,2018-08-26T14:01:58.906000000,2018-08-26T14:03:58.801000000,,2018:Belgian Grand Prix:Race|OCO|MAG|25|26,BOUNDARY_PROXY_KEY,OUTSIDE_INHERITED_CANDIDATE_UNIVERSE,OUTSIDE_CANDIDATE_UNIVERSE,AUTOMATED_PROXY_LINK_UNREVIEWED,OCO:7;MAG:6,OCO:6;MAG:7,NOT_AVAILABLE_FROM_BOUNDARY_LAPTIMES,2018-08-26T14:01:58.906000000,2018-08-26T14:03:58.801000000,BOUNDARY_INTERVAL_ONLY_NOT_EXACT_PASS_TIME,NOT_IN_INHERITED_CANDIDATE_REVIEW,NOT_IN_INHERITED_CANDIDATE_REVIEW,BOUNDARY_TELEMETRY_DOES_NOT_ESTABLISH_PASS,prediction_windows_37.csv.gz + laptime_source_inventory_37.csv,,,FIXED_PAIR_CLASSIFIED_ORDER_REVERSED_AT_NEXT_LAP_BOUNDARY,FALSE,AUTOMATED_PROXY_LINK_UNREVIEWED
cd64c8f1bf7d06f6aa80,2018:Belgian Grand Prix:Race,train,development_train,SAI,VAN,25,26,4061.841,4171.157,109.316,2018-08-26T14:02:41.867000000,2018-08-26T14:04:31.183000000,20f140455f7754e6d0aaee40,2018:Belgian Grand Prix:Race|SAI|VAN|25|26,INHERITED_CANDIDATE_ID,MATCHED_TO_INHERITED_CANDIDATE,UNRESOLVED,AUTOMATED_REVIEW_UNREVIEWED,SAI:14;VAN:13,SAI:13;VAN:15,NOT_AVAILABLE_FROM_FASTF1_POSITION_XYZ,2018-08-26T14:02:41.867000+00:00,2018-08-26T14:04:31.183000+00:00,4.028,NO_RELEVANT_PIT_ROW_FOUND_IN_CONTEXT,NO_RC_RECORD_ON_DECISION_OR_ENDPOINT_LAP,"FastF1 car_data and pos_data present for selected race; pos_data contains XYZ/status, not classified running order or pass timestamp",event_review_37.csv + candidate source,https://raw.githubusercontent.com/TracingInsights/2018/ec6317adac6786e38b5d35e008f4b87926a3a55c/Belgian%20Grand%20Prix/Race/SAI/laptimes.json|https://raw.githubusercontent.com/TracingInsights/2018/ec6317adac6786e38b5d35e008f4b87926a3a55c/Belgian%20Grand%20Prix/Race/VAN/laptimes.json,67ac2d0949229bf9ff5d5aefb34f3b5a7432bdc6aa972c5b89746ead32f89d0c|73496e725b8625802a65016deba7232cd4520e9ba39f27315d0ffef9fb651e91,FIXED_PAIR_CLASSIFIED_ORDER_REVERSED_AT_NEXT_LAP_BOUNDARY,FALSE,AUTOMATED_REVIEW_UNREVIEWED
65a8fe22f75d7aa273aa,2018:Belgian Grand Prix:Race,train,development_train,SAI,SIR,31,32,4721.461,4830.1,108.639,2018-08-26T14:13:41.487000000,2018-08-26T14:15:30.126000000,410d3534c01defdd5c1a9869,2018:Belgian Grand Prix:Race|SAI|SIR|31|32,INHERITED_CANDIDATE_ID,MATCHED_TO_INHERITED_CANDIDATE,UNRESOLVED,AUTOMATED_REVIEW_UNREVIEWED,SAI:12;SIR:11,SAI:11;SIR:12,NOT_AVAILABLE_FROM_FASTF1_POSITION_XYZ,2018-08-26T14:13:41.487000+00:00,2018-08-26T14:15:30.126000+00:00,3.273,NO_RELEVANT_PIT_ROW_FOUND_IN_CONTEXT,NO_RC_RECORD_ON_DECISION_OR_ENDPOINT_LAP,"FastF1 car_data and pos_data present for selected race; pos_data contains XYZ/status, not classified running order or pass timestamp",event_review_37.csv + candidate source,https://raw.githubusercontent.com/TracingInsights/2018/ec6317adac6786e38b5d35e008f4b87926a3a55c/Belgian%20Grand%20Prix/Race/SAI/laptimes.json|https://raw.githubusercontent.com/TracingInsights/2018/ec6317adac6786e38b5d35e008f4b87926a3a55c/Belgian%20Grand%20Prix/Race/SIR/laptimes.json,1670b7196ebd702085c601d88d08c2e6610bf3b4d1e7399835bf21050609ae41|73496e725b8625802a65016deba7232cd4520e9ba39f27315d0ffef9fb651e91,FIXED_PAIR_CLASSIFIED_ORDER_REVERSED_AT_NEXT_LAP_BOUNDARY,FALSE,AUTOMATED_REVIEW_UNREVIEWED
ec4530933f335aad7104,2018:Belgian Grand Prix:Race,train,development_train,SIR,HAR,30,31,4608.832,4718.083,109.251,2018-08-26T14:11:48.858000000,2018-08-26T14:13:38.109000000,,2018:Belgian Grand Prix:Race|SIR|HAR|30|31,BOUNDARY_PROXY_KEY,OUTSIDE_INHERITED_CANDIDATE_UNIVERSE,OUTSIDE_CANDIDATE_UNIVERSE,AUTOMATED_PROXY_LINK_UNREVIEWED,SIR:12;HAR:11,SIR:11;HAR:13,NOT_AVAILABLE_FROM_BOUNDARY_LAPTIMES,2018-08-26T14:11:48.858000000,2018-08-26T14:13:38.109000000,BOUNDARY_INTERVAL_ONLY_NOT_EXACT_PASS_TIME,NOT_IN_INHERITED_CANDIDATE_REVIEW,NOT_IN_INHERITED_CANDIDATE_REVIEW,BOUNDARY_TELEMETRY_DOES_NOT_ESTABLISH_PASS,prediction_windows_37.csv.gz + laptime_source_inventory_37.csv,,,FIXED_PAIR_CLASSIFIED_ORDER_REVERSED_AT_NEXT_LAP_BOUNDARY,FALSE,AUTOMATED_PROXY_LINK_UNREVIEWED
5c883c17309e992c9958,2018:Belgian Grand Prix:Race,train,development_train,VER,PER,9,10,2242.552,2352.339,109.787,2018-08-26T13:32:22.578000000,2018-08-26T13:34:12.365000000,,2018:Belgian Grand Prix:Race|VER|PER|9|10,BOUNDARY_PROXY_KEY,OUTSIDE_INHERITED_CANDIDATE_UNIVERSE,OUTSIDE_CANDIDATE_UNIVERSE,AUTOMATED_PROXY_LINK_UNREVIEWED,VER:4;PER:3,VER:3;PER:4,NOT_AVAILABLE_FROM_BOUNDARY_LAPTIMES,2018-08-26T13:32:22.578000000,2018-08-26T13:34:12.365000000,BOUNDARY_INTERVAL_ONLY_NOT_EXACT_PASS_TIME,NOT_IN_INHERITED_CANDIDATE_REVIEW,NOT_IN_INHERITED_CANDIDATE_REVIEW,BOUNDARY_TELEMETRY_DOES_NOT_ESTABLISH_PASS,prediction_windows_37.csv.gz + laptime_source_inventory_37.csv,,,FIXED_PAIR_CLASSIFIED_ORDER_REVERSED_AT_NEXT_LAP_BOUNDARY,FALSE,AUTOMATED_PROXY_LINK_UNREVIEWED
583a551ae5ea522f4918,2018:Brazilian Grand Prix:Race,train,development_train,BOT,MAG,22,23,3590.866,3663.577,72.711,2018-11-11T17:39:50.971000000,2018-11-11T17:41:03.682000000,56d1bdbc6980faa107759adf,2018:Brazilian Grand Prix:Race|BOT|MAG|22|23,INHERITED_CANDIDATE_ID,MATCHED_TO_INHERITED_CANDIDATE,UNRESOLVED,AUTOMATED_REVIEW_UNREVIEWED,BOT:9;MAG:8,BOT:8;MAG:9,NOT_AVAILABLE_FROM_FASTF1_POSITION_XYZ,2018-11-11T17:39:50.971000+00:00,2018-11-11T17:41:03.682000+00:00,2.357,NO_RELEVANT_PIT_ROW_FOUND_IN_CONTEXT,RC_RECORD_ON_DECISION_OR_ENDPOINT_LAP,"FastF1 car_data and pos_data present for selected race; pos_data contains XYZ/status, not classified running order or pass timestamp",event_review_37.csv + candidate source,https://raw.githubusercontent.com/TracingInsights/2018/ec6317adac6786e38b5d35e008f4b87926a3a55c/Brazilian%20Grand%20Prix/Race/BOT/laptimes.json|https://raw.githubusercontent.com/TracingInsights/2018/ec6317adac6786e38b5d35e008f4b87926a3a55c/Brazilian%20Grand%20Prix/Race/MAG/laptimes.json,44dfd916216445fc3ec5ac82825e823c262bdda6614645d73c667ac6adfcf1b7|74c5415c1c26eb8acb083505c16654015d338856c0b2b717b8d3f7b23871d042,FIXED_PAIR_CLASSIFIED_ORDER_REVERSED_AT_NEXT_LAP_BOUNDARY,FALSE,AUTOMATED_REVIEW_UNREVIEWED
43791de00925963884da,2018:Brazilian Grand Prix:Race,train,development_train,BOT,LEC,34,35,4478.569,4548.898,70.329,2018-11-11T17:54:38.674000000,2018-11-11T17:55:49.003000000,73115e31191342220c2e1184,2018:Brazilian Grand Prix:Race|BOT|LEC|34|35,INHERITED_CANDIDATE_ID,MATCHED_TO_INHERITED_CANDIDATE,OTHER_POSITION_CHANGE,AUTOMATED_REVIEW_UNREVIEWED,BOT:5;LEC:4,BOT:4;LEC:7,NOT_AVAILABLE_FROM_FASTF1_POSITION_XYZ,2018-11-11T17:54:38.674000+00:00,2018-11-11T17:55:49.003000+00:00,6.685,PIT_LAP_OVERLAP_RECORDED_BUT_TIME_OF_DAY_ONLY,RC_RECORD_ON_DECISION_OR_ENDPOINT_LAP,"FastF1 car_data and pos_data present for selected race; pos_data contains XYZ/status, not classified running order or pass timestamp",event_review_37.csv + candidate source,https://raw.githubusercontent.com/TracingInsights/2018/ec6317adac6786e38b5d35e008f4b87926a3a55c/Brazilian%20Grand%20Prix/Race/BOT/laptimes.json|https://raw.githubusercontent.com/TracingInsights/2018/ec6317adac6786e38b5d35e008f4b87926a3a55c/Brazilian%20Grand%20Prix/Race/LEC/laptimes.json,74c5415c1c26eb8acb083505c16654015d338856c0b2b717b8d3f7b23871d042|af0a0f142655f578cec43e21a5f8f9c8b3f3f34533db26bdac13094f375306c1,FIXED_PAIR_CLASSIFIED_ORDER_REVERSED_AT_NEXT_LAP_BOUNDARY,FALSE,AUTOMATED_REVIEW_UNREVIEWED
39e89e3ad22fbded24b2,2018:Brazilian Grand Prix:Race,train,development_train,HAR,ALO,14,15,3005.549,3081.285,75.736,2018-11-11T17:30:05.654000000,2018-11-11T17:31:21.390000000,,2018:Brazilian Grand Prix:Race|HAR|ALO|14|15,BOUNDARY_PROXY_KEY,OUTSIDE_INHERITED_CANDIDATE_UNIVERSE,OUTSIDE_CANDIDATE_UNIVERSE,AUTOMATED_PROXY_LINK_UNREVIEWED,HAR:17;ALO:16,HAR:16;ALO:20,NOT_AVAILABLE_FROM_BOUNDARY_LAPTIMES,2018-11-11T17:30:05.654000000,2018-11-11T17:31:21.390000000,BOUNDARY_INTERVAL_ONLY_NOT_EXACT_PASS_TIME,NOT_IN_INHERITED_CANDIDATE_REVIEW,NOT_IN_INHERITED_CANDIDATE_REVIEW,BOUNDARY_TELEMETRY_DOES_NOT_ESTABLISH_PASS,prediction_windows_37.csv.gz + laptime_source_inventory_37.csv,,,FIXED_PAIR_CLASSIFIED_ORDER_REVERSED_AT_NEXT_LAP_BOUNDARY,FALSE,AUTOMATED_PROXY_LINK_UNREVIEWED
13bef204752ab45123e0,2018:Brazilian Grand Prix:Race,train,development_train,HAR,ERI,17,18,3234.048,3309.913,75.865,2018-11-11T17:33:54.153000000,2018-11-11T17:35:10.018000000,,2018:Brazilian Grand Prix:Race|HAR|ERI|17|18,BOUNDARY_PROXY_KEY,OUTSIDE_INHERITED_CANDIDATE_UNIVERSE,OUTSIDE_CANDIDATE_UNIVERSE,AUTOMATED_PROXY_LINK_UNREVIEWED,HAR:16;ERI:15,HAR:15;ERI:17,NOT_AVAILABLE_FROM_BOUNDARY_LAPTIMES,2018-11-11T17:33:54.153000000,2018-11-11T17:35:10.018000000,BOUNDARY_INTERVAL_ONLY_NOT_EXACT_PASS_TIME,NOT_IN_INHERITED_CANDIDATE_REVIEW,NOT_IN_INHERITED_CANDIDATE_REVIEW,BOUNDARY_TELEMETRY_DOES_NOT_ESTABLISH_PASS,prediction_windows_37.csv.gz + laptime_source_inventory_37.csv,,,FIXED_PAIR_CLASSIFIED_ORDER_REVERSED_AT_NEXT_LAP_BOUNDARY,FALSE,AUTOMATED_PROXY_LINK_UNREVIEWED
7205914d704454f062b3,2018:Brazilian Grand Prix:Race,train,development_train,HUL,SAI,24,25,3755.484,3830.209,74.725,2018-11-11T17:42:35.589000000,2018-11-11T17:43:50.314000000,2a5620a0817918447e1b3cd1,2018:Brazilian Grand Prix:Race|HUL|SAI|24|25,INHERITED_CANDIDATE_ID,MATCHED_TO_INHERITED_CANDIDATE,OTHER_POSITION_CHANGE,AUTOMATED_REVIEW_UNREVIEWED,HUL:12;SAI:11,HUL:11;SAI:13,NOT_AVAILABLE_FROM_FASTF1_POSITION_XYZ,2018-11-11T17:42:35.589000+00:00,2018-11-11T17:43:50.314000+00:00,0.825,PIT_LAP_OVERLAP_RECORDED_BUT_TIME_OF_DAY_ONLY,NO_RC_RECORD_ON_DECISION_OR_ENDPOINT_LAP,"FastF1 car_data and pos_data present for selected race; pos_data contains XYZ/status, not classified running order or pass timestamp",event_review_37.csv + candidate source,https://raw.githubusercontent.com/TracingInsights/2018/ec6317adac6786e38b5d35e008f4b87926a3a55c/Brazilian%20Grand%20Prix/Race/HUL/laptimes.json|https://raw.githubusercontent.com/TracingInsights/2018/ec6317adac6786e38b5d35e008f4b87926a3a55c/Brazilian%20Grand%20Prix/Race/SAI/laptimes.json,8d178766c5e318c91bcca196419556f59cadfde5c2d050d4a08a28ea3513b3fa|a090c8977465bb6d3aee3001d5894757924aebd7a8510947483f86545c965b78,FIXED_PAIR_CLASSIFIED_ORDER_REVERSED_AT_NEXT_LAP_BOUNDARY,FALSE,AUTOMATED_REVIEW_UNREVIEWED
90ce0cbca30a2c441e06,2018:Brazilian Grand Prix:Race,train,development_train,MAG,ERI,8,9,2541.195,2617.56,76.365,2018-11-11T17:22:21.300000000,2018-11-11T17:23:37.665000000,,2018:Brazilian Grand Prix:Race|MAG|ERI|8|9,BOUNDARY_PROXY_KEY,OUTSIDE_INHERITED_CANDIDATE_UNIVERSE,OUTSIDE_CANDIDATE_UNIVERSE,AUTOMATED_PROXY_LINK_UNREVIEWED,MAG:11;ERI:10,MAG:10;ERI:14,NOT_AVAILABLE_FROM_BOUNDARY_LAPTIMES,2018-11-11T17:22:21.300000000,2018-11-11T17:23:37.665000000,BOUNDARY_INTERVAL_ONLY_NOT_EXACT_PASS_TIME,NOT_IN_INHERITED_CANDIDATE_REVIEW,NOT_IN_INHERITED_CANDIDATE_REVIEW,BOUNDARY_TELEMETRY_DOES_NOT_ESTABLISH_PASS,prediction_windows_37.csv.gz + laptime_source_inventory_37.csv,,,FIXED_PAIR_CLASSIFIED_ORDER_REVERSED_AT_NEXT_LAP_BOUNDARY,FALSE,AUTOMATED_PROXY_LINK_UNREVIEWED
2e4e210fabf425e45db9,2018:Brazilian Grand Prix:Race,train,development_train,MAG,GAS,12,13,2843.768,2918.813,75.045,2018-11-11T17:27:23.873000000,2018-11-11T17:28:38.918000000,,2018:Brazilian Grand Prix:Race|MAG|GAS|12|13,BOUNDARY_PROXY_KEY,OUTSIDE_INHERITED_CANDIDATE_UNIVERSE,OUTSIDE_CANDIDATE_UNIVERSE,AUTOMATED_PROXY_LINK_UNREVIEWED,MAG:10;GAS:9,MAG:9;GAS:10,NOT_AVAILABLE_FROM_BOUNDARY_LAPTIMES,2018-11-11T17:27:23.873000000,2018-11-11T17:28:38.918000000,BOUNDARY_INTERVAL_ONLY_NOT_EXACT_PASS_TIME,NOT_IN_INHERITED_CANDIDATE_REVIEW,NOT_IN_INHERITED_CANDIDATE_REVIEW,BOUNDARY_TELEMETRY_DOES_NOT_ESTABLISH_PASS,prediction_windows_37.csv.gz + laptime_source_inventory_37.csv,,,FIXED_PAIR_CLASSIFIED_ORDER_REVERSED_AT_NEXT_LAP_BOUNDARY,FALSE,AUTOMATED_PROXY_LINK_UNREVIEWED
33bb1a4aa61405ec0464,2018:Brazilian Grand Prix:Race,train,development_train,OCO,STR,2,3,2090.081,2167.414,77.333,2018-11-11T17:14:50.186000000,2018-11-11T17:16:07.519000000,2d28ea55385ec9f4f34a1792,2018:Brazilian Grand Prix:Race|OCO|STR|2|3,INHERITED_CANDIDATE_ID,MATCHED_TO_INHERITED_CANDIDATE,UNRESOLVED,AUTOMATED_REVIEW_UNREVIEWED,OCO:19;STR:18,OCO:18;STR:19,NOT_AVAILABLE_FROM_FASTF1_POSITION_XYZ,2018-11-11T17:14:50.186000+00:00,2018-11-11T17:16:07.519000+00:00,0.563,NO_RELEVANT_PIT_ROW_FOUND_IN_CONTEXT,RC_RECORD_ON_DECISION_OR_ENDPOINT_LAP,"FastF1 car_data and pos_data present for selected race; pos_data contains XYZ/status, not classified running order or pass timestamp",event_review_37.csv + candidate source,https://raw.githubusercontent.com/TracingInsights/2018/ec6317adac6786e38b5d35e008f4b87926a3a55c/Brazilian%20Grand%20Prix/Race/OCO/laptimes.json|https://raw.githubusercontent.com/TracingInsights/2018/ec6317adac6786e38b5d35e008f4b87926a3a55c/Brazilian%20Grand%20Prix/Race/STR/laptimes.json,142927a46ae0f5820bfe60dafb9985a218337749ae3c5c8cafd4efb4b663446e|902c391405932421b067fb4d09eb0c2071d57a7b124596449ca57f646aa477e1,FIXED_PAIR_CLASSIFIED_ORDER_REVERSED_AT_NEXT_LAP_BOUNDARY,FALSE,AUTOMATED_REVIEW_UNREVIEWED
f3a4659048af23a383d2,2018:Brazilian Grand Prix:Race,train,development_train,OCO,HAR,8,9,2546.533,2621.831,75.298,2018-11-11T17:22:26.638000000,2018-11-11T17:23:41.936000000,,2018:Brazilian Grand Prix:Race|OCO|HAR|8|9,BOUNDARY_PROXY_KEY,OUTSIDE_INHERITED_CANDIDATE_UNIVERSE,OUTSIDE_CANDIDATE_UNIVERSE,AUTOMATED_PROXY_LINK_UNREVIEWED,OCO:17;HAR:16,OCO:16;HAR:17,NOT_AVAILABLE_FROM_BOUNDARY_LAPTIMES,2018-11-11T17:22:26.638000000,2018-11-11T17:23:41.936000000,BOUNDARY_INTERVAL_ONLY_NOT_EXACT_PASS_TIME,NOT_IN_INHERITED_CANDIDATE_REVIEW,NOT_IN_INHERITED_CANDIDATE_REVIEW,BOUNDARY_TELEMETRY_DOES_NOT_ESTABLISH_PASS,prediction_windows_37.csv.gz + laptime_source_inventory_37.csv,,,FIXED_PAIR_CLASSIFIED_ORDER_REVERSED_AT_NEXT_LAP_BOUNDARY,FALSE,AUTOMATED_PROXY_LINK_UNREVIEWED
714c687347b5883eb809,2018:Brazilian Grand Prix:Race,train,development_train,OCO,ALO,13,14,2928.184,3004.225,76.041,2018-11-11T17:28:48.289000000,2018-11-11T17:30:04.330000000,,2018:Brazilian Grand Prix:Race|OCO|ALO|13|14,BOUNDARY_PROXY_KEY,OUTSIDE_INHERITED_CANDIDATE_UNIVERSE,OUTSIDE_CANDIDATE_UNIVERSE,AUTOMATED_PROXY_LINK_UNREVIEWED,OCO:16;ALO:15,OCO:15;ALO:16,NOT_AVAILABLE_FROM_BOUNDARY_LAPTIMES,2018-11-11T17:28:48.289000000,2018-11-11T17:30:04.330000000,BOUNDARY_INTERVAL_ONLY_NOT_EXACT_PASS_TIME,NOT_IN_INHERITED_CANDIDATE_REVIEW,NOT_IN_INHERITED_CANDIDATE_REVIEW,BOUNDARY_TELEMETRY_DOES_NOT_ESTABLISH_PASS,prediction_windows_37.csv.gz + laptime_source_inventory_37.csv,,,FIXED_PAIR_CLASSIFIED_ORDER_REVERSED_AT_NEXT_LAP_BOUNDARY,FALSE,AUTOMATED_PROXY_LINK_UNREVIEWED
71ddf9ef71f6f27492a8,2018:Brazilian Grand Prix:Race,train,development_train,OCO,ERI,15,16,3080.311,3155.887,75.576,2018-11-11T17:31:20.416000000,2018-11-11T17:32:35.992000000,,2018:Brazilian Grand Prix:Race|OCO|ERI|15|16,BOUNDARY_PROXY_KEY,OUTSIDE_INHERITED_CANDIDATE_UNIVERSE,OUTSIDE_CANDIDATE_UNIVERSE,AUTOMATED_PROXY_LINK_UNREVIEWED,OCO:15;ERI:14,OCO:14;ERI:15,NOT_AVAILABLE_FROM_BOUNDARY_LAPTIMES,2018-11-11T17:31:20.416000000,2018-11-11T17:32:35.992000000,BOUNDARY_INTERVAL_ONLY_NOT_EXACT_PASS_TIME,NOT_IN_INHERITED_CANDIDATE_REVIEW,NOT_IN_INHERITED_CANDIDATE_REVIEW,BOUNDARY_TELEMETRY_DOES_NOT_ESTABLISH_PASS,prediction_windows_37.csv.gz + laptime_source_inventory_37.csv,,,FIXED_PAIR_CLASSIFIED_ORDER_REVERSED_AT_NEXT_LAP_BOUNDARY,FALSE,AUTOMATED_PROXY_LINK_UNREVIEWED
8a1180f98788de327cb7,2018:Brazilian Grand Prix:Race,train,development_train,OCO,STR,46,47,5442.113,5515.642,73.529,2018-11-11T18:10:42.218000000,2018-11-11T18:11:55.747000000,9a7b66d7c7de33bc90f1103e,2018:Brazilian Grand Prix:Race|OCO|STR|46|47,INHERITED_CANDIDATE_ID,MATCHED_TO_INHERITED_CANDIDATE,UNRESOLVED,AUTOMATED_REVIEW_UNREVIEWED,OCO:16;STR:15,OCO:15;STR:16,NOT_AVAILABLE_FROM_FASTF1_POSITION_XYZ,2018-11-11T18:10:42.218000+00:00,2018-11-11T18:11:55.747000+00:00,1.7,NO_RELEVANT_PIT_ROW_FOUND_IN_CONTEXT,NO_RC_RECORD_ON_DECISION_OR_ENDPOINT_LAP,"FastF1 car_data and pos_data present for selected race; pos_data contains XYZ/status, not classified running order or pass timestamp",event_review_37.csv + candidate source,https://raw.githubusercontent.com/TracingInsights/2018/ec6317adac6786e38b5d35e008f4b87926a3a55c/Brazilian%20Grand%20Prix/Race/OCO/laptimes.json|https://raw.githubusercontent.com/TracingInsights/2018/ec6317adac6786e38b5d35e008f4b87926a3a55c/Brazilian%20Grand%20Prix/Race/STR/laptimes.json,142927a46ae0f5820bfe60dafb9985a218337749ae3c5c8cafd4efb4b663446e|902c391405932421b067fb4d09eb0c2071d57a7b124596449ca57f646aa477e1,FIXED_PAIR_CLASSIFIED_ORDER_REVERSED_AT_NEXT_LAP_BOUNDARY,FALSE,AUTOMATED_REVIEW_UNREVIEWED
d7569693f3447555565f,2018:Brazilian Grand Prix:Race,train,development_train,OCO,SIR,47,48,5515.854,5589.805,73.951,2018-11-11T18:11:55.959000000,2018-11-11T18:13:09.910000000,92d0ba1a8c42a1d9eaf76f7b,2018:Brazilian Grand Prix:Race|OCO|SIR|47|48,INHERITED_CANDIDATE_ID,MATCHED_TO_INHERITED_CANDIDATE,UNRESOLVED,AUTOMATED_REVIEW_UNREVIEWED,OCO:15;SIR:14,OCO:14;SIR:15,NOT_AVAILABLE_FROM_FASTF1_POSITION_XYZ,2018-11-11T18:11:55.959000+00:00,2018-11-11T18:13:09.910000+00:00,1.063,NO_RELEVANT_PIT_ROW_FOUND_IN_CONTEXT,NO_RC_RECORD_ON_DECISION_OR_ENDPOINT_LAP,"FastF1 car_data and pos_data present for selected race; pos_data contains XYZ/status, not classified running order or pass timestamp",event_review_37.csv + candidate source,https://raw.githubusercontent.com/TracingInsights/2018/ec6317adac6786e38b5d35e008f4b87926a3a55c/Brazilian%20Grand%20Prix/Race/OCO/laptimes.json|https://raw.githubusercontent.com/TracingInsights/2018/ec6317adac6786e38b5d35e008f4b87926a3a55c/Brazilian%20Grand%20Prix/Race/SIR/laptimes.json,142927a46ae0f5820bfe60dafb9985a218337749ae3c5c8cafd4efb4b663446e|a5a374b871f73bd0179c37a9819595a5b7a2c9795dbaa660c8feacdc6f96c73c,FIXED_PAIR_CLASSIFIED_ORDER_REVERSED_AT_NEXT_LAP_BOUNDARY,FALSE,AUTOMATED_REVIEW_UNREVIEWED
7846ad9421b3d1ad63de,2018:Brazilian Grand Prix:Race,train,development_train,OCO,STR,60,61,6498.017,6570.824,72.807,2018-11-11T18:28:18.122000000,2018-11-11T18:29:30.929000000,c30c39ac3f91b11b404b8283,2018:Brazilian Grand Prix:Race|OCO|STR|60|61,INHERITED_CANDIDATE_ID,MATCHED_TO_INHERITED_CANDIDATE,UNRESOLVED,AUTOMATED_REVIEW_UNREVIEWED,OCO:17;STR:16,OCO:16;STR:17,NOT_AVAILABLE_FROM_FASTF1_POSITION_XYZ,2018-11-11T18:28:18.122000+00:00,2018-11-11T18:29:30.929000+00:00,2.58,NO_RELEVANT_PIT_ROW_FOUND_IN_CONTEXT,NO_RC_RECORD_ON_DECISION_OR_ENDPOINT_LAP,"FastF1 car_data and pos_data present for selected race; pos_data contains XYZ/status, not classified running order or pass timestamp",event_review_37.csv + candidate source,https://raw.githubusercontent.com/TracingInsights/2018/ec6317adac6786e38b5d35e008f4b87926a3a55c/Brazilian%20Grand%20Prix/Race/OCO/laptimes.json|https://raw.githubusercontent.com/TracingInsights/2018/ec6317adac6786e38b5d35e008f4b87926a3a55c/Brazilian%20Grand%20Prix/Race/STR/laptimes.json,142927a46ae0f5820bfe60dafb9985a218337749ae3c5c8cafd4efb4b663446e|902c391405932421b067fb4d09eb0c2071d57a7b124596449ca57f646aa477e1,FIXED_PAIR_CLASSIFIED_ORDER_REVERSED_AT_NEXT_LAP_BOUNDARY,FALSE,AUTOMATED_REVIEW_UNREVIEWED
21e0635719e8e7869fbf,2018:Brazilian Grand Prix:Race,train,development_train,PER,GAS,17,18,3223.32,3298.276,74.956,2018-11-11T17:33:43.425000000,2018-11-11T17:34:58.381000000,,2018:Brazilian Grand Prix:Race|PER|GAS|17|18,BOUNDARY_PROXY_KEY,OUTSIDE_INHERITED_CANDIDATE_UNIVERSE,OUTSIDE_CANDIDATE_UNIVERSE,AUTOMATED_PROXY_LINK_UNREVIEWED,PER:11;GAS:10,PER:10;GAS:11,NOT_AVAILABLE_FROM_BOUNDARY_LAPTIMES,2018-11-11T17:33:43.425000000,2018-11-11T17:34:58.381000000,BOUNDARY_INTERVAL_ONLY_NOT_EXACT_PASS_TIME,NOT_IN_INHERITED_CANDIDATE_REVIEW,NOT_IN_INHERITED_CANDIDATE_REVIEW,BOUNDARY_TELEMETRY_DOES_NOT_ESTABLISH_PASS,prediction_windows_37.csv.gz + laptime_source_inventory_37.csv,,,FIXED_PAIR_CLASSIFIED_ORDER_REVERSED_AT_NEXT_LAP_BOUNDARY,FALSE,AUTOMATED_PROXY_LINK_UNREVIEWED
91310855c65a5fd33892,2018:Brazilian Grand Prix:Race,train,development_train,RAI,BOT,17,18,3202.652,3276.47,73.818,2018-11-11T17:33:22.757000000,2018-11-11T17:34:36.575000000,,2018:Brazilian Grand Prix:Race|RAI|BOT|17|18,BOUNDARY_PROXY_KEY,OUTSIDE_INHERITED_CANDIDATE_UNIVERSE,OUTSIDE_CANDIDATE_UNIVERSE,AUTOMATED_PROXY_LINK_UNREVIEWED,RAI:4;BOT:3,RAI:3;BOT:5,NOT_AVAILABLE_FROM_BOUNDARY_LAPTIMES,2018-11-11T17:33:22.757000000,2018-11-11T17:34:36.575000000,BOUNDARY_INTERVAL_ONLY_NOT_EXACT_PASS_TIME,NOT_IN_INHERITED_CANDIDATE_REVIEW,NOT_IN_INHERITED_CANDIDATE_REVIEW,BOUNDARY_TELEMETRY_DOES_NOT_ESTABLISH_PASS,prediction_windows_37.csv.gz + laptime_source_inventory_37.csv,,,FIXED_PAIR_CLASSIFIED_ORDER_REVERSED_AT_NEXT_LAP_BOUNDARY,FALSE,AUTOMATED_PROXY_LINK_UNREVIEWED
cdda495dcb140348ccd1,2018:Brazilian Grand Prix:Race,train,development_train,RAI,VET,34,35,4479.489,4552.353,72.864,2018-11-11T17:54:39.594000000,2018-11-11T17:55:52.458000000,c501ac9cc4ed59a852ed960b,2018:Brazilian Grand Prix:Race|RAI|VET|34|35,INHERITED_CANDIDATE_ID,MATCHED_TO_INHERITED_CANDIDATE,UNRESOLVED,AUTOMATED_REVIEW_UNREVIEWED,RAI:7;VET:6,RAI:5;VET:6,NOT_AVAILABLE_FROM_FASTF1_POSITION_XYZ,2018-11-11T17:54:39.594000+00:00,2018-11-11T17:55:52.458000+00:00,0.933,NO_RELEVANT_PIT_ROW_FOUND_IN_CONTEXT,RC_RECORD_ON_DECISION_OR_ENDPOINT_LAP,"FastF1 car_data and pos_data present for selected race; pos_data contains XYZ/status, not classified running order or pass timestamp",event_review_37.csv + candidate source,https://raw.githubusercontent.com/TracingInsights/2018/ec6317adac6786e38b5d35e008f4b87926a3a55c/Brazilian%20Grand%20Prix/Race/RAI/laptimes.json|https://raw.githubusercontent.com/TracingInsights/2018/ec6317adac6786e38b5d35e008f4b87926a3a55c/Brazilian%20Grand%20Prix/Race/VET/laptimes.json,ca69561a0be527d22e9b03fca2c9ce363ec4e707cf450057ff8247e82d227cd2|cf6b5f92a0c71fe940f04cc0212185841624fded06ee533eb832e7be5ac06cb2,FIXED_PAIR_CLASSIFIED_ORDER_REVERSED_AT_NEXT_LAP_BOUNDARY,FALSE,AUTOMATED_REVIEW_UNREVIEWED
504f95191e5615c3f1f1,2018:Brazilian Grand Prix:Race,train,development_train,RIC,GAS,2,3,2086.358,2161.451,75.093,2018-11-11T17:14:46.463000000,2018-11-11T17:16:01.556000000,,2018:Brazilian Grand Prix:Race|RIC|GAS|2|3,BOUNDARY_PROXY_KEY,OUTSIDE_INHERITED_CANDIDATE_UNIVERSE,OUTSIDE_CANDIDATE_UNIVERSE,AUTOMATED_PROXY_LINK_UNREVIEWED,RIC:9;GAS:8,RIC:8;GAS:9,NOT_AVAILABLE_FROM_BOUNDARY_LAPTIMES,2018-11-11T17:14:46.463000000,2018-11-11T17:16:01.556000000,BOUNDARY_INTERVAL_ONLY_NOT_EXACT_PASS_TIME,NOT_IN_INHERITED_CANDIDATE_REVIEW,NOT_IN_INHERITED_CANDIDATE_REVIEW,BOUNDARY_TELEMETRY_DOES_NOT_ESTABLISH_PASS,prediction_windows_37.csv.gz + laptime_source_inventory_37.csv,,,FIXED_PAIR_CLASSIFIED_ORDER_REVERSED_AT_NEXT_LAP_BOUNDARY,FALSE,AUTOMATED_PROXY_LINK_UNREVIEWED
dd24cb05a43ab80a1f4d,2018:Brazilian Grand Prix:Race,train,development_train,RIC,LEC,4,5,2235.291,2309.695,74.404,2018-11-11T17:17:15.396000000,2018-11-11T17:18:29.800000000,,2018:Brazilian Grand Prix:Race|RIC|LEC|4|5,BOUNDARY_PROXY_KEY,OUTSIDE_INHERITED_CANDIDATE_UNIVERSE,OUTSIDE_CANDIDATE_UNIVERSE,AUTOMATED_PROXY_LINK_UNREVIEWED,RIC:7;LEC:6,RIC:6;LEC:7,NOT_AVAILABLE_FROM_BOUNDARY_LAPTIMES,2018-11-11T17:17:15.396000000,2018-11-11T17:18:29.800000000,BOUNDARY_INTERVAL_ONLY_NOT_EXACT_PASS_TIME,NOT_IN_INHERITED_CANDIDATE_REVIEW,NOT_IN_INHERITED_CANDIDATE_REVIEW,BOUNDARY_TELEMETRY_DOES_NOT_ESTABLISH_PASS,prediction_windows_37.csv.gz + laptime_source_inventory_37.csv,,,FIXED_PAIR_CLASSIFIED_ORDER_REVERSED_AT_NEXT_LAP_BOUNDARY,FALSE,AUTOMATED_PROXY_LINK_UNREVIEWED
b12d114f22be6b9c4334,2018:Brazilian Grand Prix:Race,train,development_train,RIC,RAI,30,31,4167.391,4238.392,71.001,2018-11-11T17:49:27.496000000,2018-11-11T17:50:38.497000000,,2018:Brazilian Grand Prix:Race|RIC|RAI|30|31,BOUNDARY_PROXY_KEY,OUTSIDE_INHERITED_CANDIDATE_UNIVERSE,OUTSIDE_CANDIDATE_UNIVERSE,AUTOMATED_PROXY_LINK_UNREVIEWED,RIC:3;RAI:2,RIC:2;RAI:3,NOT_AVAILABLE_FROM_BOUNDARY_LAPTIMES,2018-11-11T17:49:27.496000000,2018-11-11T17:50:38.497000000,BOUNDARY_INTERVAL_ONLY_NOT_EXACT_PASS_TIME,NOT_IN_INHERITED_CANDIDATE_REVIEW,NOT_IN_INHERITED_CANDIDATE_REVIEW,BOUNDARY_TELEMETRY_DOES_NOT_ESTABLISH_PASS,prediction_windows_37.csv.gz + laptime_source_inventory_37.csv,,,FIXED_PAIR_CLASSIFIED_ORDER_REVERSED_AT_NEXT_LAP_BOUNDARY,FALSE,AUTOMATED_PROXY_LINK_UNREVIEWED
20e953622787c0e24029,2018:Brazilian Grand Prix:Race,train,development_train,STR,SIR,15,16,3083.774,3159.318,75.544,2018-11-11T17:31:23.879000000,2018-11-11T17:32:39.423000000,,2018:Brazilian Grand Prix:Race|STR|SIR|15|16,BOUNDARY_PROXY_KEY,OUTSIDE_INHERITED_CANDIDATE_UNIVERSE,OUTSIDE_CANDIDATE_UNIVERSE,AUTOMATED_PROXY_LINK_UNREVIEWED,STR:18;SIR:17,STR:17;SIR:19,NOT_AVAILABLE_FROM_BOUNDARY_LAPTIMES,2018-11-11T17:31:23.879000000,2018-11-11T17:32:39.423000000,BOUNDARY_INTERVAL_ONLY_NOT_EXACT_PASS_TIME,NOT_IN_INHERITED_CANDIDATE_REVIEW,NOT_IN_INHERITED_CANDIDATE_REVIEW,BOUNDARY_TELEMETRY_DOES_NOT_ESTABLISH_PASS,prediction_windows_37.csv.gz + laptime_source_inventory_37.csv,,,FIXED_PAIR_CLASSIFIED_ORDER_REVERSED_AT_NEXT_LAP_BOUNDARY,FALSE,AUTOMATED_PROXY_LINK_UNREVIEWED
4e54e49bd5150a75737c,2018:Brazilian Grand Prix:Race,train,development_train,STR,ERI,19,20,3410.219,3484.314,74.095,2018-11-11T17:36:50.324000000,2018-11-11T17:38:04.419000000,,2018:Brazilian Grand Prix:Race|STR|ERI|19|20,BOUNDARY_PROXY_KEY,OUTSIDE_INHERITED_CANDIDATE_UNIVERSE,OUTSIDE_CANDIDATE_UNIVERSE,AUTOMATED_PROXY_LINK_UNREVIEWED,STR:19;ERI:18,STR:18;ERI:20,NOT_AVAILABLE_FROM_BOUNDARY_LAPTIMES,2018-11-11T17:36:50.324000000,2018-11-11T17:38:04.419000000,BOUNDARY_INTERVAL_ONLY_NOT_EXACT_PASS_TIME,NOT_IN_INHERITED_CANDIDATE_REVIEW,NOT_IN_INHERITED_CANDIDATE_REVIEW,BOUNDARY_TELEMETRY_DOES_NOT_ESTABLISH_PASS,prediction_windows_37.csv.gz + laptime_source_inventory_37.csv,,,FIXED_PAIR_CLASSIFIED_ORDER_REVERSED_AT_NEXT_LAP_BOUNDARY,FALSE,AUTOMATED_PROXY_LINK_UNREVIEWED
05fb47cbf54679332864,2018:Brazilian Grand Prix:Race,train,development_train,VAN,STR,16,17,3160.718,3236.712,75.994,2018-11-11T17:32:40.823000000,2018-11-11T17:33:56.817000000,,2018:Brazilian Grand Prix:Race|VAN|STR|16|17,BOUNDARY_PROXY_KEY,OUTSIDE_INHERITED_CANDIDATE_UNIVERSE,OUTSIDE_CANDIDATE_UNIVERSE,AUTOMATED_PROXY_LINK_UNREVIEWED,VAN:18;STR:17,VAN:17;STR:18,NOT_AVAILABLE_FROM_BOUNDARY_LAPTIMES,2018-11-11T17:32:40.823000000,2018-11-11T17:33:56.817000000,BOUNDARY_INTERVAL_ONLY_NOT_EXACT_PASS_TIME,NOT_IN_INHERITED_CANDIDATE_REVIEW,NOT_IN_INHERITED_CANDIDATE_REVIEW,BOUNDARY_TELEMETRY_DOES_NOT_ESTABLISH_PASS,prediction_windows_37.csv.gz + laptime_source_inventory_37.csv,,,FIXED_PAIR_CLASSIFIED_ORDER_REVERSED_AT_NEXT_LAP_BOUNDARY,FALSE,AUTOMATED_PROXY_LINK_UNREVIEWED
9504f8fb605d69321712,2018:Brazilian Grand Prix:Race,train,development_train,VAN,ALO,30,31,4243.221,4318.043,74.822,2018-11-11T17:50:43.326000000,2018-11-11T17:51:58.148000000,,2018:Brazilian Grand Prix:Race|VAN|ALO|30|31,BOUNDARY_PROXY_KEY,OUTSIDE_INHERITED_CANDIDATE_UNIVERSE,OUTSIDE_CANDIDATE_UNIVERSE,AUTOMATED_PROXY_LINK_UNREVIEWED,VAN:19;ALO:18,VAN:18;ALO:19,NOT_AVAILABLE_FROM_BOUNDARY_LAPTIMES,2018-11-11T17:50:43.326000000,2018-11-11T17:51:58.148000000,BOUNDARY_INTERVAL_ONLY_NOT_EXACT_PASS_TIME,NOT_IN_INHERITED_CANDIDATE_REVIEW,NOT_IN_INHERITED_CANDIDATE_REVIEW,BOUNDARY_TELEMETRY_DOES_NOT_ESTABLISH_PASS,prediction_windows_37.csv.gz + laptime_source_inventory_37.csv,,,FIXED_PAIR_CLASSIFIED_ORDER_REVERSED_AT_NEXT_LAP_BOUNDARY,FALSE,AUTOMATED_PROXY_LINK_UNREVIEWED
9da3fa4fff8701645b38,2018:Brazilian Grand Prix:Race,train,development_train,VER,RAI,2,3,2083.564,2157.958,74.394,2018-11-11T17:14:43.669000000,2018-11-11T17:15:58.063000000,,2018:Brazilian Grand Prix:Race|VER|RAI|2|3,BOUNDARY_PROXY_KEY,OUTSIDE_INHERITED_CANDIDATE_UNIVERSE,OUTSIDE_CANDIDATE_UNIVERSE,AUTOMATED_PROXY_LINK_UNREVIEWED,VER:5;RAI:4,VER:4;RAI:5,NOT_AVAILABLE_FROM_BOUNDARY_LAPTIMES,2018-11-11T17:14:43.669000000,2018-11-11T17:15:58.063000000,BOUNDARY_INTERVAL_ONLY_NOT_EXACT_PASS_TIME,NOT_IN_INHERITED_CANDIDATE_REVIEW,NOT_IN_INHERITED_CANDIDATE_REVIEW,BOUNDARY_TELEMETRY_DOES_NOT_ESTABLISH_PASS,prediction_windows_37.csv.gz + laptime_source_inventory_37.csv,,,FIXED_PAIR_CLASSIFIED_ORDER_REVERSED_AT_NEXT_LAP_BOUNDARY,FALSE,AUTOMATED_PROXY_LINK_UNREVIEWED
5622cc897dd85865ca70,2018:Brazilian Grand Prix:Race,train,development_train,VER,BOT,9,10,2604.142,2678.043,73.901,2018-11-11T17:23:24.247000000,2018-11-11T17:24:38.148000000,,2018:Brazilian Grand Prix:Race|VER|BOT|9|10,BOUNDARY_PROXY_KEY,OUTSIDE_INHERITED_CANDIDATE_UNIVERSE,OUTSIDE_CANDIDATE_UNIVERSE,AUTOMATED_PROXY_LINK_UNREVIEWED,VER:3;BOT:2,VER:2;BOT:3,NOT_AVAILABLE_FROM_BOUNDARY_LAPTIMES,2018-11-11T17:23:24.247000000,2018-11-11T17:24:38.148000000,BOUNDARY_INTERVAL_ONLY_NOT_EXACT_PASS_TIME,NOT_IN_INHERITED_CANDIDATE_REVIEW,NOT_IN_INHERITED_CANDIDATE_REVIEW,BOUNDARY_TELEMETRY_DOES_NOT_ESTABLISH_PASS,prediction_windows_37.csv.gz + laptime_source_inventory_37.csv,,,FIXED_PAIR_CLASSIFIED_ORDER_REVERSED_AT_NEXT_LAP_BOUNDARY,FALSE,AUTOMATED_PROXY_LINK_UNREVIEWED
4e81d449bb649c9ad9d9,2018:Brazilian Grand Prix:Race,train,development_train,VER,HAM,18,19,3271.155,3343.187,72.032,2018-11-11T17:34:31.260000000,2018-11-11T17:35:43.292000000,,2018:Brazilian Grand Prix:Race|VER|HAM|18|19,BOUNDARY_PROXY_KEY,OUTSIDE_INHERITED_CANDIDATE_UNIVERSE,OUTSIDE_CANDIDATE_UNIVERSE,AUTOMATED_PROXY_LINK_UNREVIEWED,VER:2;HAM:1,VER:1;HAM:2,NOT_AVAILABLE_FROM_BOUNDARY_LAPTIMES,2018-11-11T17:34:31.260000000,2018-11-11T17:35:43.292000000,BOUNDARY_INTERVAL_ONLY_NOT_EXACT_PASS_TIME,NOT_IN_INHERITED_CANDIDATE_REVIEW,NOT_IN_INHERITED_CANDIDATE_REVIEW,BOUNDARY_TELEMETRY_DOES_NOT_ESTABLISH_PASS,prediction_windows_37.csv.gz + laptime_source_inventory_37.csv,,,FIXED_PAIR_CLASSIFIED_ORDER_REVERSED_AT_NEXT_LAP_BOUNDARY,FALSE,AUTOMATED_PROXY_LINK_UNREVIEWED
5f247c443b6e026e647e,2018:Brazilian Grand Prix:Race,train,development_train,VET,GRO,30,31,4186.476,4259.508,73.032,2018-11-11T17:49:46.581000000,2018-11-11T17:50:59.613000000,,2018:Brazilian Grand Prix:Race|VET|GRO|30|31,BOUNDARY_PROXY_KEY,OUTSIDE_INHERITED_CANDIDATE_UNIVERSE,OUTSIDE_CANDIDATE_UNIVERSE,AUTOMATED_PROXY_LINK_UNREVIEWED,VET:8;GRO:7,VET:7;GRO:8,NOT_AVAILABLE_FROM_BOUNDARY_LAPTIMES,2018-11-11T17:49:46.581000000,2018-11-11T17:50:59.613000000,BOUNDARY_INTERVAL_ONLY_NOT_EXACT_PASS_TIME,NOT_IN_INHERITED_CANDIDATE_REVIEW,NOT_IN_INHERITED_CANDIDATE_REVIEW,BOUNDARY_TELEMETRY_DOES_NOT_ESTABLISH_PASS,prediction_windows_37.csv.gz + laptime_source_inventory_37.csv,,,FIXED_PAIR_CLASSIFIED_ORDER_REVERSED_AT_NEXT_LAP_BOUNDARY,FALSE,AUTOMATED_PROXY_LINK_UNREVIEWED
9b2b3c5d302ec61724c5,2018:British Grand Prix:Race,train,development_train,ALO,SIR,14,15,1711.205,1808.197,96.992,2018-07-08T13:34:16.090000000,2018-07-08T13:36:08.208000000,8e665303e8631fffab79677c,2018:British Grand Prix:Race|ALO|SIR|14|15,INHERITED_CANDIDATE_ID,MATCHED_TO_INHERITED_CANDIDATE,UNRESOLVED,AUTOMATED_REVIEW_UNREVIEWED,ALO:17;SIR:16,ALO:16;SIR:17,NOT_AVAILABLE_FROM_FASTF1_POSITION_XYZ,2018-07-08T13:34:31.216000+00:00,2018-07-08T13:36:08.208000+00:00,17.21,NO_RELEVANT_PIT_ROW_FOUND_IN_CONTEXT,NO_RC_RECORD_ON_DECISION_OR_ENDPOINT_LAP,"FastF1 car_data and pos_data present for selected race; pos_data contains XYZ/status, not classified running order or pass timestamp",event_review_37.csv + candidate source,https://raw.githubusercontent.com/TracingInsights/2018/ec6317adac6786e38b5d35e008f4b87926a3a55c/British%20Grand%20Prix/Race/ALO/laptimes.json|https://raw.githubusercontent.com/TracingInsights/2018/ec6317adac6786e38b5d35e008f4b87926a3a55c/British%20Grand%20Prix/Race/SIR/laptimes.json,176052ad49a1857b8e1facd3de418703f50420bfdb62130b0901495b3a3f16b0|23864c82c478a2c940029f50b73dea93415f804b7a1d3465a342333f07997827,FIXED_PAIR_CLASSIFIED_ORDER_REVERSED_AT_NEXT_LAP_BOUNDARY,FALSE,AUTOMATED_REVIEW_UNREVIEWED
9bbaf5fc8b356601c4cc,2018:British Grand Prix:Race,train,development_train,BOT,HAM,22,23,2425.909,2519.822,93.913,2018-07-08T13:46:09.339000000,2018-07-08T13:47:59.833000000,a11e0e458520850da4853e4a,2018:British Grand Prix:Race|BOT|HAM|22|23,INHERITED_CANDIDATE_ID,MATCHED_TO_INHERITED_CANDIDATE,UNRESOLVED,AUTOMATED_REVIEW_UNREVIEWED,BOT:3;HAM:2,BOT:2;HAM:3,NOT_AVAILABLE_FROM_FASTF1_POSITION_XYZ,2018-07-08T13:46:25.920000+00:00,2018-07-08T13:47:59.833000+00:00,17.59,NO_RELEVANT_PIT_ROW_FOUND_IN_CONTEXT,NO_RC_RECORD_ON_DECISION_OR_ENDPOINT_LAP,"FastF1 car_data and pos_data present for selected race; pos_data contains XYZ/status, not classified running order or pass timestamp",event_review_37.csv + candidate source,https://raw.githubusercontent.com/TracingInsights/2018/ec6317adac6786e38b5d35e008f4b87926a3a55c/British%20Grand%20Prix/Race/BOT/laptimes.json|https://raw.githubusercontent.com/TracingInsights/2018/ec6317adac6786e38b5d35e008f4b87926a3a55c/British%20Grand%20Prix/Race/HAM/laptimes.json,19d1a07b9ad08c3690252578edc8eb605135fdfa842fde8077da459d2f224f70|aebe90685f70bd63fa54291895a92d7a5dd9b7492993fde672e4feb7090e71ed,FIXED_PAIR_CLASSIFIED_ORDER_REVERSED_AT_NEXT_LAP_BOUNDARY,FALSE,AUTOMATED_REVIEW_UNREVIEWED
ca61eeec37cc61b84195,2018:British Grand Prix:Race,train,development_train,GAS,PER,49,50,5345.119,5438.396,93.277,2018-07-08T14:35:05.130000000,2018-07-08T14:36:38.407000000,346f15ec41eebf6445755e59,2018:British Grand Prix:Race|GAS|PER|49|50,INHERITED_CANDIDATE_ID,MATCHED_TO_INHERITED_CANDIDATE,UNRESOLVED,AUTOMATED_REVIEW_UNREVIEWED,GAS:11;PER:10,GAS:10;PER:11,NOT_AVAILABLE_FROM_FASTF1_POSITION_XYZ,2018-07-08T14:35:05.130000+00:00,2018-07-08T14:36:38.407000+00:00,1.332,NO_RELEVANT_PIT_ROW_FOUND_IN_CONTEXT,NO_RC_RECORD_ON_DECISION_OR_ENDPOINT_LAP,"FastF1 car_data and pos_data present for selected race; pos_data contains XYZ/status, not classified running order or pass timestamp",event_review_37.csv + candidate source,https://raw.githubusercontent.com/TracingInsights/2018/ec6317adac6786e38b5d35e008f4b87926a3a55c/British%20Grand%20Prix/Race/GAS/laptimes.json|https://raw.githubusercontent.com/TracingInsights/2018/ec6317adac6786e38b5d35e008f4b87926a3a55c/British%20Grand%20Prix/Race/PER/laptimes.json,13f5f024a08158d38ae260679feb91665b53a017724946d74e6c3bf551c7d681|8aa8887ac1085b5ff4c29146ed342a3064da095ce4a0192a832cc7450da31907,FIXED_PAIR_CLASSIFIED_ORDER_REVERSED_AT_NEXT_LAP_BOUNDARY,FALSE,AUTOMATED_REVIEW_UNREVIEWED
0c282ad6c60619229710,2018:British Grand Prix:Race,train,development_train,HAM,GAS,4,5,738.566,833.169,94.603,2018-07-08T13:18:18.577000000,2018-07-08T13:19:53.180000000,,2018:British Grand Prix:Race|HAM|GAS|4|5,BOUNDARY_PROXY_KEY,OUTSIDE_INHERITED_CANDIDATE_UNIVERSE,OUTSIDE_CANDIDATE_UNIVERSE,AUTOMATED_PROXY_LINK_UNREVIEWED,HAM:13;GAS:12,HAM:11;GAS:13,NOT_AVAILABLE_FROM_BOUNDARY_LAPTIMES,2018-07-08T13:18:18.577000000,2018-07-08T13:19:53.180000000,BOUNDARY_INTERVAL_ONLY_NOT_EXACT_PASS_TIME,NOT_IN_INHERITED_CANDIDATE_REVIEW,NOT_IN_INHERITED_CANDIDATE_REVIEW,BOUNDARY_TELEMETRY_DOES_NOT_ESTABLISH_PASS,prediction_windows_37.csv.gz + laptime_source_inventory_37.csv,,,FIXED_PAIR_CLASSIFIED_ORDER_REVERSED_AT_NEXT_LAP_BOUNDARY,FALSE,AUTOMATED_PROXY_LINK_UNREVIEWED
af0498dec8fb7c9380cd,2018:British Grand Prix:Race,train,development_train,HAM,MAG,5,6,833.739,928.04,94.301,2018-07-08T13:19:53.750000000,2018-07-08T13:21:28.051000000,6674912d11823868725799b7,2018:British Grand Prix:Race|HAM|MAG|5|6,INHERITED_CANDIDATE_ID,MATCHED_TO_INHERITED_CANDIDATE,UNRESOLVED,AUTOMATED_REVIEW_UNREVIEWED,HAM:11;MAG:10,HAM:10;MAG:11,NOT_AVAILABLE_FROM_FASTF1_POSITION_XYZ,2018-07-08T13:19:53.750000+00:00,2018-07-08T13:21:28.051000+00:00,2.203,NO_RELEVANT_PIT_ROW_FOUND_IN_CONTEXT,NO_RC_RECORD_ON_DECISION_OR_ENDPOINT_LAP,"FastF1 car_data and pos_data present for selected race; pos_data contains XYZ/status, not classified running order or pass timestamp",event_review_37.csv + candidate source,https://raw.githubusercontent.com/TracingInsights/2018/ec6317adac6786e38b5d35e008f4b87926a3a55c/British%20Grand%20Prix/Race/HAM/laptimes.json|https://raw.githubusercontent.com/TracingInsights/2018/ec6317adac6786e38b5d35e008f4b87926a3a55c/British%20Grand%20Prix/Race/MAG/laptimes.json,3c2ae9005e1f335d60d9ee87acbc5dc021a941f45d091d6b7a92750ed5931b68|aebe90685f70bd63fa54291895a92d7a5dd9b7492993fde672e4feb7090e71ed,FIXED_PAIR_CLASSIFIED_ORDER_REVERSED_AT_NEXT_LAP_BOUNDARY,FALSE,AUTOMATED_REVIEW_UNREVIEWED
cb70df6edf1e26e2b266,2018:British Grand Prix:Race,train,development_train,HAM,SAI,6,7,928.714,1021.012,92.298,2018-07-08T13:21:28.725000000,2018-07-08T13:23:01.023000000,b7bfdd4e18997e86cdad4877,2018:British Grand Prix:Race|HAM|SAI|6|7,INHERITED_CANDIDATE_ID,MATCHED_TO_INHERITED_CANDIDATE,UNRESOLVED,AUTOMATED_REVIEW_UNREVIEWED,HAM:10;SAI:9,HAM:9;SAI:10,NOT_AVAILABLE_FROM_FASTF1_POSITION_XYZ,2018-07-08T13:21:28.725000+00:00,2018-07-08T13:23:01.023000+00:00,5.344,NO_RELEVANT_PIT_ROW_FOUND_IN_CONTEXT,RC_RECORD_ON_DECISION_OR_ENDPOINT_LAP,"FastF1 car_data and pos_data present for selected race; pos_data contains XYZ/status, not classified running order or pass timestamp",event_review_37.csv + candidate source,https://raw.githubusercontent.com/TracingInsights/2018/ec6317adac6786e38b5d35e008f4b87926a3a55c/British%20Grand%20Prix/Race/HAM/laptimes.json|https://raw.githubusercontent.com/TracingInsights/2018/ec6317adac6786e38b5d35e008f4b87926a3a55c/British%20Grand%20Prix/Race/SAI/laptimes.json,9f5d07cfe9b04849d971438b183d7646d37b82c3e40187199cdc14b96cc1b81c|aebe90685f70bd63fa54291895a92d7a5dd9b7492993fde672e4feb7090e71ed,FIXED_PAIR_CLASSIFIED_ORDER_REVERSED_AT_NEXT_LAP_BOUNDARY,FALSE,AUTOMATED_REVIEW_UNREVIEWED
045c7f699dc3bc5b1b4b,2018:British Grand Prix:Race,train,development_train,HAM,HUL,9,10,1210.078,1302.621,92.543,2018-07-08T13:26:10.089000000,2018-07-08T13:27:42.632000000,d5ee9a94bc8056ee307f5122,2018:British Grand Prix:Race|HAM|HUL|9|10,INHERITED_CANDIDATE_ID,MATCHED_TO_INHERITED_CANDIDATE,UNRESOLVED,AUTOMATED_REVIEW_UNREVIEWED,HAM:7;HUL:6,HAM:6;HUL:7,NOT_AVAILABLE_FROM_FASTF1_POSITION_XYZ,2018-07-08T13:26:10.089000+00:00,2018-07-08T13:27:42.632000+00:00,4.059,NO_RELEVANT_PIT_ROW_FOUND_IN_CONTEXT,NO_RC_RECORD_ON_DECISION_OR_ENDPOINT_LAP,"FastF1 car_data and pos_data present for selected race; pos_data contains XYZ/status, not classified running order or pass timestamp",event_review_37.csv + candidate source,https://raw.githubusercontent.com/TracingInsights/2018/ec6317adac6786e38b5d35e008f4b87926a3a55c/British%20Grand%20Prix/Race/HAM/laptimes.json|https://raw.githubusercontent.com/TracingInsights/2018/ec6317adac6786e38b5d35e008f4b87926a3a55c/British%20Grand%20Prix/Race/HUL/laptimes.json,340e2e50af518a8ca7bc4aa4891f0ed1b7df28024ea07d089915d89d580a2221|aebe90685f70bd63fa54291895a92d7a5dd9b7492993fde672e4feb7090e71ed,FIXED_PAIR_CLASSIFIED_ORDER_REVERSED_AT_NEXT_LAP_BOUNDARY,FALSE,AUTOMATED_REVIEW_UNREVIEWED
77da0614d03575022e5f,2018:British Grand Prix:Race,train,development_train,PER,STR,4,5,745.302,840.602,95.3,2018-07-08T13:18:25.313000000,2018-07-08T13:20:00.613000000,3238f9ca5e56583e474e8daf,2018:British Grand Prix:Race|PER|STR|4|5,INHERITED_CANDIDATE_ID,MATCHED_TO_INHERITED_CANDIDATE,UNRESOLVED,AUTOMATED_REVIEW_UNREVIEWED,PER:19;STR:18,PER:18;STR:19,NOT_AVAILABLE_FROM_FASTF1_POSITION_XYZ,2018-07-08T13:18:25.313000+00:00,2018-07-08T13:20:00.613000+00:00,2.38,NO_RELEVANT_PIT_ROW_FOUND_IN_CONTEXT,NO_RC_RECORD_ON_DECISION_OR_ENDPOINT_LAP,"FastF1 car_data and pos_data present for selected race; pos_data contains XYZ/status, not classified running order or pass timestamp",event_review_37.csv + candidate source,https://raw.githubusercontent.com/TracingInsights/2018/ec6317adac6786e38b5d35e008f4b87926a3a55c/British%20Grand%20Prix/Race/PER/laptimes.json|https://raw.githubusercontent.com/TracingInsights/2018/ec6317adac6786e38b5d35e008f4b87926a3a55c/British%20Grand%20Prix/Race/STR/laptimes.json,13f5f024a08158d38ae260679feb91665b53a017724946d74e6c3bf551c7d681|6d52b8a557a6818e728450db80e46926f85ec5762e71c533749cea5d27c1c005,FIXED_PAIR_CLASSIFIED_ORDER_REVERSED_AT_NEXT_LAP_BOUNDARY,FALSE,AUTOMATED_REVIEW_UNREVIEWED
ab116929de142b3c08df,2018:British Grand Prix:Race,train,development_train,PER,SIR,6,7,936.997,1032.308,95.311,2018-07-08T13:21:37.008000000,2018-07-08T13:23:12.319000000,99f954300d9e49e54345860a,2018:British Grand Prix:Race|PER|SIR|6|7,INHERITED_CANDIDATE_ID,MATCHED_TO_INHERITED_CANDIDATE,UNRESOLVED,AUTOMATED_REVIEW_UNREVIEWED,PER:18;SIR:17,PER:17;SIR:18,NOT_AVAILABLE_FROM_FASTF1_POSITION_XYZ,2018-07-08T13:21:37.008000+00:00,2018-07-08T13:23:12.319000+00:00,2.05,NO_RELEVANT_PIT_ROW_FOUND_IN_CONTEXT,RC_RECORD_ON_DECISION_OR_ENDPOINT_LAP,"FastF1 car_data and pos_data present for selected race; pos_data contains XYZ/status, not classified running order or pass timestamp",event_review_37.csv + candidate source,https://raw.githubusercontent.com/TracingInsights/2018/ec6317adac6786e38b5d35e008f4b87926a3a55c/British%20Grand%20Prix/Race/PER/laptimes.json|https://raw.githubusercontent.com/TracingInsights/2018/ec6317adac6786e38b5d35e008f4b87926a3a55c/British%20Grand%20Prix/Race/SIR/laptimes.json,13f5f024a08158d38ae260679feb91665b53a017724946d74e6c3bf551c7d681|23864c82c478a2c940029f50b73dea93415f804b7a1d3465a342333f07997827,FIXED_PAIR_CLASSIFIED_ORDER_REVERSED_AT_NEXT_LAP_BOUNDARY,FALSE,AUTOMATED_REVIEW_UNREVIEWED
41a507e9cb863839896d,2018:British Grand Prix:Race,train,development_train,PER,STR,17,18,2006.742,2101.686,94.944,2018-07-08T13:39:26.753000000,2018-07-08T13:41:01.697000000,a5ad6ce151a2a91e4aba4ea2,2018:British Grand Prix:Race|PER|STR|17|18,INHERITED_CANDIDATE_ID,MATCHED_TO_INHERITED_CANDIDATE,UNRESOLVED,AUTOMATED_REVIEW_UNREVIEWED,PER:19;STR:18,PER:18;STR:19,NOT_AVAILABLE_FROM_FASTF1_POSITION_XYZ,2018-07-08T13:39:26.753000+00:00,2018-07-08T13:41:01.697000+00:00,2.827,NO_RELEVANT_PIT_ROW_FOUND_IN_CONTEXT,NO_RC_RECORD_ON_DECISION_OR_ENDPOINT_LAP,"FastF1 car_data and pos_data present for selected race; pos_data contains XYZ/status, not classified running order or pass timestamp",event_review_37.csv + candidate source,https://raw.githubusercontent.com/TracingInsights/2018/ec6317adac6786e38b5d35e008f4b87926a3a55c/British%20Grand%20Prix/Race/PER/laptimes.json|https://raw.githubusercontent.com/TracingInsights/2018/ec6317adac6786e38b5d35e008f4b87926a3a55c/British%20Grand%20Prix/Race/STR/laptimes.json,13f5f024a08158d38ae260679feb91665b53a017724946d74e6c3bf551c7d681|6d52b8a557a6818e728450db80e46926f85ec5762e71c533749cea5d27c1c005,FIXED_PAIR_CLASSIFIED_ORDER_REVERSED_AT_NEXT_LAP_BOUNDARY,FALSE,AUTOMATED_REVIEW_UNREVIEWED
f8bfaa758f9129c8c239,2018:British Grand Prix:Race,train,development_train,PER,SIR,18,19,2102.576,2196.112,93.536,2018-07-08T13:41:02.587000000,2018-07-08T13:42:36.123000000,28b29b0b828d6fdcfa569be4,2018:British Grand Prix:Race|PER|SIR|18|19,INHERITED_CANDIDATE_ID,MATCHED_TO_INHERITED_CANDIDATE,UNRESOLVED,AUTOMATED_REVIEW_UNREVIEWED,PER:18;SIR:17,PER:16;SIR:17,NOT_AVAILABLE_FROM_FASTF1_POSITION_XYZ,2018-07-08T13:41:02.587000+00:00,2018-07-08T13:42:36.123000+00:00,3.834,NO_RELEVANT_PIT_ROW_FOUND_IN_CONTEXT,RC_RECORD_ON_DECISION_OR_ENDPOINT_LAP,"FastF1 car_data and pos_data present for selected race; pos_data contains XYZ/status, not classified running order or pass timestamp",event_review_37.csv + candidate source,https://raw.githubusercontent.com/TracingInsights/2018/ec6317adac6786e38b5d35e008f4b87926a3a55c/British%20Grand%20Prix/Race/PER/laptimes.json|https://raw.githubusercontent.com/TracingInsights/2018/ec6317adac6786e38b5d35e008f4b87926a3a55c/British%20Grand%20Prix/Race/SIR/laptimes.json,13f5f024a08158d38ae260679feb91665b53a017724946d74e6c3bf551c7d681|23864c82c478a2c940029f50b73dea93415f804b7a1d3465a342333f07997827,FIXED_PAIR_CLASSIFIED_ORDER_REVERSED_AT_NEXT_LAP_BOUNDARY,FALSE,AUTOMATED_REVIEW_UNREVIEWED
42f82b10f44811a4060b,2018:British Grand Prix:Race,train,development_train,RAI,SAI,14,15,1691.658,1787.332,95.674,2018-07-08T13:33:46.121000000,2018-07-08T13:35:47.343000000,fcfb8ebc39b461fe6a3de8ab,2018:British Grand Prix:Race|RAI|SAI|14|15,INHERITED_CANDIDATE_ID,MATCHED_TO_INHERITED_CANDIDATE,UNRESOLVED,AUTOMATED_REVIEW_UNREVIEWED,RAI:10;SAI:9,RAI:9;SAI:10,NOT_AVAILABLE_FROM_FASTF1_POSITION_XYZ,2018-07-08T13:34:11.669000+00:00,2018-07-08T13:35:47.343000+00:00,26.888,NO_RELEVANT_PIT_ROW_FOUND_IN_CONTEXT,NO_RC_RECORD_ON_DECISION_OR_ENDPOINT_LAP,"FastF1 car_data and pos_data present for selected race; pos_data contains XYZ/status, not classified running order or pass timestamp",event_review_37.csv + candidate source,https://raw.githubusercontent.com/TracingInsights/2018/ec6317adac6786e38b5d35e008f4b87926a3a55c/British%20Grand%20Prix/Race/RAI/laptimes.json|https://raw.githubusercontent.com/TracingInsights/2018/ec6317adac6786e38b5d35e008f4b87926a3a55c/British%20Grand%20Prix/Race/SAI/laptimes.json,97a4d9f46bff9475b8331a4e962d1a457b5c7c9f70d4c5f5e3d85d09afaccebe|9f5d07cfe9b04849d971438b183d7646d37b82c3e40187199cdc14b96cc1b81c,FIXED_PAIR_CLASSIFIED_ORDER_REVERSED_AT_NEXT_LAP_BOUNDARY,FALSE,AUTOMATED_REVIEW_UNREVIEWED
192702fef4de0c8ebc4e,2018:British Grand Prix:Race,train,development_train,RAI,OCO,15,16,1788.672,1880.39,91.718,2018-07-08T13:35:48.683000000,2018-07-08T13:37:20.401000000,,2018:British Grand Prix:Race|RAI|OCO|15|16,BOUNDARY_PROXY_KEY,OUTSIDE_INHERITED_CANDIDATE_UNIVERSE,OUTSIDE_CANDIDATE_UNIVERSE,AUTOMATED_PROXY_LINK_UNREVIEWED,RAI:9;OCO:8,RAI:8;OCO:9,NOT_AVAILABLE_FROM_BOUNDARY_LAPTIMES,2018-07-08T13:35:48.683000000,2018-07-08T13:37:20.401000000,BOUNDARY_INTERVAL_ONLY_NOT_EXACT_PASS_TIME,NOT_IN_INHERITED_CANDIDATE_REVIEW,NOT_IN_INHERITED_CANDIDATE_REVIEW,BOUNDARY_TELEMETRY_DOES_NOT_ESTABLISH_PASS,prediction_windows_37.csv.gz + laptime_source_inventory_37.csv,,,FIXED_PAIR_CLASSIFIED_ORDER_REVERSED_AT_NEXT_LAP_BOUNDARY,FALSE,AUTOMATED_PROXY_LINK_UNREVIEWED
4418b66cad95ac57d2c7,2018:British Grand Prix:Race,train,development_train,RAI,LEC,16,17,1880.942,1973.108,92.166,2018-07-08T13:37:20.953000000,2018-07-08T13:38:53.119000000,,2018:British Grand Prix:Race|RAI|LEC|16|17,BOUNDARY_PROXY_KEY,OUTSIDE_INHERITED_CANDIDATE_UNIVERSE,OUTSIDE_CANDIDATE_UNIVERSE,AUTOMATED_PROXY_LINK_UNREVIEWED,RAI:8;LEC:7,RAI:6;LEC:8,NOT_AVAILABLE_FROM_BOUNDARY_LAPTIMES,2018-07-08T13:37:20.953000000,2018-07-08T13:38:53.119000000,BOUNDARY_INTERVAL_ONLY_NOT_EXACT_PASS_TIME,NOT_IN_INHERITED_CANDIDATE_REVIEW,NOT_IN_INHERITED_CANDIDATE_REVIEW,BOUNDARY_TELEMETRY_DOES_NOT_ESTABLISH_PASS,prediction_windows_37.csv.gz + laptime_source_inventory_37.csv,,,FIXED_PAIR_CLASSIFIED_ORDER_REVERSED_AT_NEXT_LAP_BOUNDARY,FALSE,AUTOMATED_PROXY_LINK_UNREVIEWED
1e81f5e8ffd9d6ce520d,2018:British Grand Prix:Race,train,development_train,RAI,VER,42,43,4681.393,4772.849,91.456,2018-07-08T14:24:01.404000000,2018-07-08T14:25:32.860000000,ffa85584df31a81410dc232f,2018:British Grand Prix:Race|RAI|VER|42|43,INHERITED_CANDIDATE_ID,MATCHED_TO_INHERITED_CANDIDATE,UNRESOLVED,AUTOMATED_REVIEW_UNREVIEWED,RAI:5;VER:4,RAI:4;VER:5,NOT_AVAILABLE_FROM_FASTF1_POSITION_XYZ,2018-07-08T14:24:01.404000+00:00,2018-07-08T14:25:32.860000+00:00,1.33,NO_RELEVANT_PIT_ROW_FOUND_IN_CONTEXT,NO_RC_RECORD_ON_DECISION_OR_ENDPOINT_LAP,"FastF1 car_data and pos_data present for selected race; pos_data contains XYZ/status, not classified running order or pass timestamp",event_review_37.csv + candidate source,https://raw.githubusercontent.com/TracingInsights/2018/ec6317adac6786e38b5d35e008f4b87926a3a55c/British%20Grand%20Prix/Race/RAI/laptimes.json|https://raw.githubusercontent.com/TracingInsights/2018/ec6317adac6786e38b5d35e008f4b87926a3a55c/British%20Grand%20Prix/Race/VER/laptimes.json,97a4d9f46bff9475b8331a4e962d1a457b5c7c9f70d4c5f5e3d85d09afaccebe|eb4095972cbe2dcd31babe559c7b91c3bbebe527045b15e5004222a45aee6fe7,FIXED_PAIR_CLASSIFIED_ORDER_REVERSED_AT_NEXT_LAP_BOUNDARY,FALSE,AUTOMATED_REVIEW_UNREVIEWED
0e06baef2951e00c4c00,2018:British Grand Prix:Race,train,development_train,RIC,VER,45,46,4959.423,5050.832,91.409,2018-07-08T14:28:39.434000000,2018-07-08T14:30:10.843000000,9552f11c23f1de47d2f83296,2018:British Grand Prix:Race|RIC|VER|45|46,INHERITED_CANDIDATE_ID,MATCHED_TO_INHERITED_CANDIDATE,UNRESOLVED,AUTOMATED_REVIEW_UNREVIEWED,RIC:6;VER:5,RIC:5;VER:12,NOT_AVAILABLE_FROM_FASTF1_POSITION_XYZ,2018-07-08T14:28:39.434000+00:00,2018-07-08T14:30:10.843000+00:00,1.622,NO_RELEVANT_PIT_ROW_FOUND_IN_CONTEXT,RC_RECORD_ON_DECISION_OR_ENDPOINT_LAP,"FastF1 car_data and pos_data present for selected race; pos_data contains XYZ/status, not classified running order or pass timestamp",event_review_37.csv + candidate source,https://raw.githubusercontent.com/TracingInsights/2018/ec6317adac6786e38b5d35e008f4b87926a3a55c/British%20Grand%20Prix/Race/RIC/laptimes.json|https://raw.githubusercontent.com/TracingInsights/2018/ec6317adac6786e38b5d35e008f4b87926a3a55c/British%20Grand%20Prix/Race/VER/laptimes.json,6865c42fdfd9b561d3c70ab0f6c7c9d7030fe8dcaac3aa799657434f4db189c6|eb4095972cbe2dcd31babe559c7b91c3bbebe527045b15e5004222a45aee6fe7,FIXED_PAIR_CLASSIFIED_ORDER_REVERSED_AT_NEXT_LAP_BOUNDARY,FALSE,AUTOMATED_REVIEW_UNREVIEWED
3eada43f6f708dffcee2,2018:Canadian Grand Prix:Race,train,development_train,GAS,MAG,8,9,1143.968,1221.603,77.635,2018-06-10T18:25:04.033000000,2018-06-10T18:26:21.668000000,a74f795eb0263d50ab09142a,2018:Canadian Grand Prix:Race|GAS|MAG|8|9,INHERITED_CANDIDATE_ID,MATCHED_TO_INHERITED_CANDIDATE,UNRESOLVED,AUTOMATED_REVIEW_UNREVIEWED,GAS:13;MAG:12,GAS:12;MAG:13,NOT_AVAILABLE_FROM_FASTF1_POSITION_XYZ,2018-06-10T18:25:04.033000+00:00,2018-06-10T18:26:21.668000+00:00,0.857,NO_RELEVANT_PIT_ROW_FOUND_IN_CONTEXT,NO_RC_RECORD_ON_DECISION_OR_ENDPOINT_LAP,"FastF1 car_data and pos_data present for selected race; pos_data contains XYZ/status, not classified running order or pass timestamp",event_review_37.csv + candidate source,https://raw.githubusercontent.com/TracingInsights/2018/ec6317adac6786e38b5d35e008f4b87926a3a55c/Canadian%20Grand%20Prix/Race/GAS/laptimes.json|https://raw.githubusercontent.com/TracingInsights/2018/ec6317adac6786e38b5d35e008f4b87926a3a55c/Canadian%20Grand%20Prix/Race/MAG/laptimes.json,24eeeddd2b02b1f6494ae1937af15b54321a6729248cf15fd2be4a185fc24ff1|947ed794f60274ebdf8fa5679bb686a3276d1cb4b3e3c0816c1e540de02b63e4,FIXED_PAIR_CLASSIFIED_ORDER_REVERSED_AT_NEXT_LAP_BOUNDARY,FALSE,AUTOMATED_REVIEW_UNREVIEWED
7cc511b491bb3aeea42d,2018:Canadian Grand Prix:Race,train,development_train,GAS,ALO,17,18,1843.09,1918.853,75.763,2018-06-10T18:36:43.155000000,2018-06-10T18:37:58.918000000,,2018:Canadian Grand Prix:Race|GAS|ALO|17|18,BOUNDARY_PROXY_KEY,OUTSIDE_INHERITED_CANDIDATE_UNIVERSE,OUTSIDE_CANDIDATE_UNIVERSE,AUTOMATED_PROXY_LINK_UNREVIEWED,GAS:9;ALO:8,GAS:8;ALO:14,NOT_AVAILABLE_FROM_BOUNDARY_LAPTIMES,2018-06-10T18:36:43.155000000,2018-06-10T18:37:58.918000000,BOUNDARY_INTERVAL_ONLY_NOT_EXACT_PASS_TIME,NOT_IN_INHERITED_CANDIDATE_REVIEW,NOT_IN_INHERITED_CANDIDATE_REVIEW,BOUNDARY_TELEMETRY_DOES_NOT_ESTABLISH_PASS,prediction_windows_37.csv.gz + laptime_source_inventory_37.csv,,,FIXED_PAIR_CLASSIFIED_ORDER_REVERSED_AT_NEXT_LAP_BOUNDARY,FALSE,AUTOMATED_PROXY_LINK_UNREVIEWED
8ed383e87fea7199d676,2018:Canadian Grand Prix:Race,train,development_train,GAS,LEC,18,19,1920.467,1995.499,75.032,2018-06-10T18:38:00.532000000,2018-06-10T18:39:15.564000000,ad7755133cc2f11bdad42e89,2018:Canadian Grand Prix:Race|GAS|LEC|18|19,INHERITED_CANDIDATE_ID,MATCHED_TO_INHERITED_CANDIDATE,OTHER_POSITION_CHANGE,AUTOMATED_REVIEW_UNREVIEWED,GAS:8;LEC:7,GAS:7;LEC:13,NOT_AVAILABLE_FROM_FASTF1_POSITION_XYZ,2018-06-10T18:38:00.532000+00:00,2018-06-10T18:39:15.564000+00:00,4.277,PIT_LAP_OVERLAP_RECORDED_BUT_TIME_OF_DAY_ONLY,NO_RC_RECORD_ON_DECISION_OR_ENDPOINT_LAP,"FastF1 car_data and pos_data present for selected race; pos_data contains XYZ/status, not classified running order or pass timestamp",event_review_37.csv + candidate source,https://raw.githubusercontent.com/TracingInsights/2018/ec6317adac6786e38b5d35e008f4b87926a3a55c/Canadian%20Grand%20Prix/Race/GAS/laptimes.json|https://raw.githubusercontent.com/TracingInsights/2018/ec6317adac6786e38b5d35e008f4b87926a3a55c/Canadian%20Grand%20Prix/Race/LEC/laptimes.json,947ed794f60274ebdf8fa5679bb686a3276d1cb4b3e3c0816c1e540de02b63e4|ee8c9c56696c8b5e0a7ad2ca7a692135d8c56f3b18f5bb7d9ac110eaa0da225f,FIXED_PAIR_CLASSIFIED_ORDER_REVERSED_AT_NEXT_LAP_BOUNDARY,FALSE,AUTOMATED_REVIEW_UNREVIEWED
9f431674911cdfa5cd87,2018:Canadian Grand Prix:Race,train,development_train,GRO,PER,8,9,1149.425,1222.6,73.175,2018-06-10T18:25:09.490000000,2018-06-10T18:26:22.665000000,88065d3e9c773ba7541fa3e7,2018:Canadian Grand Prix:Race|GRO|PER|8|9,INHERITED_CANDIDATE_ID,MATCHED_TO_INHERITED_CANDIDATE,OTHER_POSITION_CHANGE,AUTOMATED_REVIEW_UNREVIEWED,GRO:15;PER:14,GRO:14;PER:18,NOT_AVAILABLE_FROM_FASTF1_POSITION_XYZ,2018-06-10T18:25:09.490000+00:00,2018-06-10T18:26:22.665000+00:00,9.714,PIT_LAP_OVERLAP_RECORDED_BUT_TIME_OF_DAY_ONLY,NO_RC_RECORD_ON_DECISION_OR_ENDPOINT_LAP,"FastF1 car_data and pos_data present for selected race; pos_data contains XYZ/status, not classified running order or pass timestamp",event_review_37.csv + candidate source,https://raw.githubusercontent.com/TracingInsights/2018/ec6317adac6786e38b5d35e008f4b87926a3a55c/Canadian%20Grand%20Prix/Race/GRO/laptimes.json|https://raw.githubusercontent.com/TracingInsights/2018/ec6317adac6786e38b5d35e008f4b87926a3a55c/Canadian%20Grand%20Prix/Race/PER/laptimes.json,00da0807795f38be02b463cf8c731a5e82efff8d4d659222cc3e2ead3011f6f5|24da3e0a891acee9fa220d7a65bd864986cfab3798b56a2a29af1396b2560ee3,FIXED_PAIR_CLASSIFIED_ORDER_REVERSED_AT_NEXT_LAP_BOUNDARY,FALSE,AUTOMATED_REVIEW_UNREVIEWED
ec0ff588c8c90cfa5910,2018:Canadian Grand Prix:Race,train,development_train,GRO,MAG,21,22,2155.777,2231.645,75.868,2018-06-10T18:41:55.842000000,2018-06-10T18:43:11.710000000,fc63628e9725767e0ee89fe0,2018:Canadian Grand Prix:Race|GRO|MAG|21|22,INHERITED_CANDIDATE_ID,MATCHED_TO_INHERITED_CANDIDATE,OTHER_POSITION_CHANGE,AUTOMATED_REVIEW_UNREVIEWED,GRO:9;MAG:8,GRO:8;MAG:14,NOT_AVAILABLE_FROM_FASTF1_POSITION_XYZ,2018-06-10T18:41:55.842000+00:00,2018-06-10T18:43:11.710000+00:00,2.317,PIT_LAP_OVERLAP_RECORDED_BUT_TIME_OF_DAY_ONLY,NO_RC_RECORD_ON_DECISION_OR_ENDPOINT_LAP,"FastF1 car_data and pos_data present for selected race; pos_data contains XYZ/status, not classified running order or pass timestamp",event_review_37.csv + candidate source,https://raw.githubusercontent.com/TracingInsights/2018/ec6317adac6786e38b5d35e008f4b87926a3a55c/Canadian%20Grand%20Prix/Race/GRO/laptimes.json|https://raw.githubusercontent.com/TracingInsights/2018/ec6317adac6786e38b5d35e008f4b87926a3a55c/Canadian%20Grand%20Prix/Race/MAG/laptimes.json,00da0807795f38be02b463cf8c731a5e82efff8d4d659222cc3e2ead3011f6f5|24eeeddd2b02b1f6494ae1937af15b54321a6729248cf15fd2be4a185fc24ff1,FIXED_PAIR_CLASSIFIED_ORDER_REVERSED_AT_NEXT_LAP_BOUNDARY,FALSE,AUTOMATED_REVIEW_UNREVIEWED
325a3f6d904447870f01,2018:Canadian Grand Prix:Race,train,development_train,GRO,GAS,22,23,2232.784,2305.765,72.981,2018-06-10T18:43:12.849000000,2018-06-10T18:44:25.830000000,,2018:Canadian Grand Prix:Race|GRO|GAS|22|23,BOUNDARY_PROXY_KEY,OUTSIDE_INHERITED_CANDIDATE_UNIVERSE,OUTSIDE_CANDIDATE_UNIVERSE,AUTOMATED_PROXY_LINK_UNREVIEWED,GRO:8;GAS:7,GRO:7;GAS:12,NOT_AVAILABLE_FROM_BOUNDARY_LAPTIMES,2018-06-10T18:43:12.849000000,2018-06-10T18:44:25.830000000,BOUNDARY_INTERVAL_ONLY_NOT_EXACT_PASS_TIME,NOT_IN_INHERITED_CANDIDATE_REVIEW,NOT_IN_INHERITED_CANDIDATE_REVIEW,BOUNDARY_TELEMETRY_DOES_NOT_ESTABLISH_PASS,prediction_windows_37.csv.gz + laptime_source_inventory_37.csv,,,FIXED_PAIR_CLASSIFIED_ORDER_REVERSED_AT_NEXT_LAP_BOUNDARY,FALSE,AUTOMATED_PROXY_LINK_UNREVIEWED
e25498f5dc72a40620ef,2018:Canadian Grand Prix:Race,train,development_train,HUL,OCO,10,11,1293.109,1369.533,76.424,2018-06-10T18:27:33.174000000,2018-06-10T18:28:49.598000000,67a4685a106472b454a1d2a8,2018:Canadian Grand Prix:Race|HUL|OCO|10|11,INHERITED_CANDIDATE_ID,MATCHED_TO_INHERITED_CANDIDATE,OTHER_POSITION_CHANGE,AUTOMATED_REVIEW_UNREVIEWED,HUL:8;OCO:7,HUL:7;OCO:14,NOT_AVAILABLE_FROM_FASTF1_POSITION_XYZ,2018-06-10T18:27:33.174000+00:00,2018-06-10T18:28:49.598000+00:00,0.954,PIT_LAP_OVERLAP_RECORDED_BUT_TIME_OF_DAY_ONLY,NO_RC_RECORD_ON_DECISION_OR_ENDPOINT_LAP,"FastF1 car_data and pos_data present for selected race; pos_data contains XYZ/status, not classified running order or pass timestamp",event_review_37.csv + candidate source,https://raw.githubusercontent.com/TracingInsights/2018/ec6317adac6786e38b5d35e008f4b87926a3a55c/Canadian%20Grand%20Prix/Race/HUL/laptimes.json|https://raw.githubusercontent.com/TracingInsights/2018/ec6317adac6786e38b5d35e008f4b87926a3a55c/Canadian%20Grand%20Prix/Race/OCO/laptimes.json,2fe9c3be4ab1cf7e05968789e907cca0e78e648fd694ab40803054471ad1b0a5|fdbf41d5fe304f90758055f1c84859c4eb6160d04e0fc212750af2ef3fb9aff2,FIXED_PAIR_CLASSIFIED_ORDER_REVERSED_AT_NEXT_LAP_BOUNDARY,FALSE,AUTOMATED_REVIEW_UNREVIEWED
2ff60c984d4786741ad4,2018:Canadian Grand Prix:Race,train,development_train,HUL,GRO,23,24,2310.325,2387.012,76.687,2018-06-10T18:44:30.390000000,2018-06-10T18:45:47.077000000,,2018:Canadian Grand Prix:Race|HUL|GRO|23|24,BOUNDARY_PROXY_KEY,OUTSIDE_INHERITED_CANDIDATE_UNIVERSE,OUTSIDE_CANDIDATE_UNIVERSE,AUTOMATED_PROXY_LINK_UNREVIEWED,HUL:8;GRO:7,HUL:7;GRO:8,NOT_AVAILABLE_FROM_BOUNDARY_LAPTIMES,2018-06-10T18:44:30.390000000,2018-06-10T18:45:47.077000000,BOUNDARY_INTERVAL_ONLY_NOT_EXACT_PASS_TIME,NOT_IN_INHERITED_CANDIDATE_REVIEW,NOT_IN_INHERITED_CANDIDATE_REVIEW,BOUNDARY_TELEMETRY_DOES_NOT_ESTABLISH_PASS,prediction_windows_37.csv.gz + laptime_source_inventory_37.csv,,,FIXED_PAIR_CLASSIFIED_ORDER_REVERSED_AT_NEXT_LAP_BOUNDARY,FALSE,AUTOMATED_PROXY_LINK_UNREVIEWED
7fe8a7d28517a49befb6,2018:Canadian Grand Prix:Race,train,development_train,LEC,SAI,13,14,1531.168,1600.958,69.79,2018-06-10T18:31:31.233000000,2018-06-10T18:32:41.023000000,d339e92ba856521b84f12658,2018:Canadian Grand Prix:Race|LEC|SAI|13|14,INHERITED_CANDIDATE_ID,MATCHED_TO_INHERITED_CANDIDATE,OTHER_POSITION_CHANGE,AUTOMATED_REVIEW_UNREVIEWED,LEC:8;SAI:7,LEC:7;SAI:12,NOT_AVAILABLE_FROM_FASTF1_POSITION_XYZ,2018-06-10T18:31:31.233000+00:00,2018-06-10T18:32:41.023000+00:00,14.602,PIT_LAP_OVERLAP_RECORDED_BUT_TIME_OF_DAY_ONLY,NO_RC_RECORD_ON_DECISION_OR_ENDPOINT_LAP,"FastF1 car_data and pos_data present for selected race; pos_data contains XYZ/status, not classified running order or pass timestamp",event_review_37.csv + candidate source,https://raw.githubusercontent.com/TracingInsights/2018/ec6317adac6786e38b5d35e008f4b87926a3a55c/Canadian%20Grand%20Prix/Race/LEC/laptimes.json|https://raw.githubusercontent.com/TracingInsights/2018/ec6317adac6786e38b5d35e008f4b87926a3a55c/Canadian%20Grand%20Prix/Race/SAI/laptimes.json,41c357d9536e6f16283b7e47663fbd2f09b748e25cad598f11415ace4a56d19a|ee8c9c56696c8b5e0a7ad2ca7a692135d8c56f3b18f5bb7d9ac110eaa0da225f,FIXED_PAIR_CLASSIFIED_ORDER_REVERSED_AT_NEXT_LAP_BOUNDARY,FALSE,AUTOMATED_REVIEW_UNREVIEWED
e390780048ce1a84c417,2018:Canadian Grand Prix:Race,train,development_train,PER,VAN,15,16,1703.57,1780.562,76.992,2018-06-10T18:34:23.635000000,2018-06-10T18:35:40.627000000,7e6216f1da7239f4de96e204,2018:Canadian Grand Prix:Race|PER|VAN|15|16,INHERITED_CANDIDATE_ID,MATCHED_TO_INHERITED_CANDIDATE,UNRESOLVED,AUTOMATED_REVIEW_UNREVIEWED,PER:18;VAN:17,PER:17;VAN:18,NOT_AVAILABLE_FROM_FASTF1_POSITION_XYZ,2018-06-10T18:34:23.635000+00:00,2018-06-10T18:35:40.627000+00:00,1.844,NO_RELEVANT_PIT_ROW_FOUND_IN_CONTEXT,NO_RC_RECORD_ON_DECISION_OR_ENDPOINT_LAP,"FastF1 car_data and pos_data present for selected race; pos_data contains XYZ/status, not classified running order or pass timestamp",event_review_37.csv + candidate source,https://raw.githubusercontent.com/TracingInsights/2018/ec6317adac6786e38b5d35e008f4b87926a3a55c/Canadian%20Grand%20Prix/Race/PER/laptimes.json|https://raw.githubusercontent.com/TracingInsights/2018/ec6317adac6786e38b5d35e008f4b87926a3a55c/Canadian%20Grand%20Prix/Race/VAN/laptimes.json,24da3e0a891acee9fa220d7a65bd864986cfab3798b56a2a29af1396b2560ee3|fef952b6f39b926ec33e0a7a21576676a39262949e635c5cc6811b6f17c57e89,FIXED_PAIR_CLASSIFIED_ORDER_REVERSED_AT_NEXT_LAP_BOUNDARY,FALSE,AUTOMATED_REVIEW_UNREVIEWED
385e634923e44df133f0,2018:Canadian Grand Prix:Race,train,development_train,PER,ERI,18,19,1937.151,2014.954,77.803,2018-06-10T18:38:17.216000000,2018-06-10T18:39:35.019000000,,2018:Canadian Grand Prix:Race|PER|ERI|18|19,BOUNDARY_PROXY_KEY,OUTSIDE_INHERITED_CANDIDATE_UNIVERSE,OUTSIDE_CANDIDATE_UNIVERSE,AUTOMATED_PROXY_LINK_UNREVIEWED,PER:17;ERI:16,PER:16;ERI:17,NOT_AVAILABLE_FROM_BOUNDARY_LAPTIMES,2018-06-10T18:38:17.216000000,2018-06-10T18:39:35.019000000,BOUNDARY_INTERVAL_ONLY_NOT_EXACT_PASS_TIME,NOT_IN_INHERITED_CANDIDATE_REVIEW,NOT_IN_INHERITED_CANDIDATE_REVIEW,BOUNDARY_TELEMETRY_DOES_NOT_ESTABLISH_PASS,prediction_windows_37.csv.gz + laptime_source_inventory_37.csv,,,FIXED_PAIR_CLASSIFIED_ORDER_REVERSED_AT_NEXT_LAP_BOUNDARY,FALSE,AUTOMATED_PROXY_LINK_UNREVIEWED
53a88ebac2138bdfcc82,2018:Canadian Grand Prix:Race,train,development_train,PER,SIR,20,21,2093.901,2171.383,77.482,2018-06-10T18:40:53.966000000,2018-06-10T18:42:11.448000000,dddff750caab246d1e8a1f95,2018:Canadian Grand Prix:Race|PER|SIR|20|21,INHERITED_CANDIDATE_ID,MATCHED_TO_INHERITED_CANDIDATE,UNRESOLVED,AUTOMATED_REVIEW_UNREVIEWED,PER:16;SIR:15,PER:15;SIR:16,NOT_AVAILABLE_FROM_FASTF1_POSITION_XYZ,2018-06-10T18:40:53.966000+00:00,2018-06-10T18:42:11.448000+00:00,1.095,NO_RELEVANT_PIT_ROW_FOUND_IN_CONTEXT,NO_RC_RECORD_ON_DECISION_OR_ENDPOINT_LAP,"FastF1 car_data and pos_data present for selected race; pos_data contains XYZ/status, not classified running order or pass timestamp",event_review_37.csv + candidate source,https://raw.githubusercontent.com/TracingInsights/2018/ec6317adac6786e38b5d35e008f4b87926a3a55c/Canadian%20Grand%20Prix/Race/PER/laptimes.json|https://raw.githubusercontent.com/TracingInsights/2018/ec6317adac6786e38b5d35e008f4b87926a3a55c/Canadian%20Grand%20Prix/Race/SIR/laptimes.json,24da3e0a891acee9fa220d7a65bd864986cfab3798b56a2a29af1396b2560ee3|bc27f040827baa66018490e1e6f56d8c1ec7856c526d91bf38af9013e214becb,FIXED_PAIR_CLASSIFIED_ORDER_REVERSED_AT_NEXT_LAP_BOUNDARY,FALSE,AUTOMATED_REVIEW_UNREVIEWED
52ea1b07c544684abb7e,2018:Canadian Grand Prix:Race,train,development_train,RAI,RIC,16,17,1748.058,1822.534,74.476,2018-06-10T18:35:08.123000000,2018-06-10T18:36:22.599000000,6c05bc482e5719d24c48a863,2018:Canadian Grand Prix:Race|RAI|RIC|16|17,INHERITED_CANDIDATE_ID,MATCHED_TO_INHERITED_CANDIDATE,OTHER_POSITION_CHANGE,AUTOMATED_REVIEW_UNREVIEWED,RAI:4;RIC:3,RAI:3;RIC:4,NOT_AVAILABLE_FROM_FASTF1_POSITION_XYZ,2018-06-10T18:35:08.123000+00:00,2018-06-10T18:36:22.599000+00:00,3.138,PIT_LAP_OVERLAP_RECORDED_BUT_TIME_OF_DAY_ONLY,NO_RC_RECORD_ON_DECISION_OR_ENDPOINT_LAP,"FastF1 car_data and pos_data present for selected race; pos_data contains XYZ/status, not classified running order or pass timestamp",event_review_37.csv + candidate source,https://raw.githubusercontent.com/TracingInsights/2018/ec6317adac6786e38b5d35e008f4b87926a3a55c/Canadian%20Grand%20Prix/Race/RAI/laptimes.json|https://raw.githubusercontent.com/TracingInsights/2018/ec6317adac6786e38b5d35e008f4b87926a3a55c/Canadian%20Grand%20Prix/Race/RIC/laptimes.json,3a4f9e9fc844676d9dc2a3f2878d1ea4e498d993f256abb4c2277ee588e970c2|b1c6e2be21e5175ccc248cb46c8c86c9de9be861bb5a369d1b193319f6d29696,FIXED_PAIR_CLASSIFIED_ORDER_REVERSED_AT_NEXT_LAP_BOUNDARY,FALSE,AUTOMATED_REVIEW_UNREVIEWED
28a54b7ba5d8c24b8d23,2018:Canadian Grand Prix:Race,train,development_train,RIC,HAM,15,16,1670.479,1745.979,75.5,2018-06-10T18:33:50.544000000,2018-06-10T18:35:06.044000000,,2018:Canadian Grand Prix:Race|RIC|HAM|15|16,BOUNDARY_PROXY_KEY,OUTSIDE_INHERITED_CANDIDATE_UNIVERSE,OUTSIDE_CANDIDATE_UNIVERSE,AUTOMATED_PROXY_LINK_UNREVIEWED,RIC:5;HAM:4,RIC:3;HAM:6,NOT_AVAILABLE_FROM_BOUNDARY_LAPTIMES,2018-06-10T18:33:50.544000000,2018-06-10T18:35:06.044000000,BOUNDARY_INTERVAL_ONLY_NOT_EXACT_PASS_TIME,NOT_IN_INHERITED_CANDIDATE_REVIEW,NOT_IN_INHERITED_CANDIDATE_REVIEW,BOUNDARY_TELEMETRY_DOES_NOT_ESTABLISH_PASS,prediction_windows_37.csv.gz + laptime_source_inventory_37.csv,,,FIXED_PAIR_CLASSIFIED_ORDER_REVERSED_AT_NEXT_LAP_BOUNDARY,FALSE,AUTOMATED_PROXY_LINK_UNREVIEWED
11f5ea3f09d885f33e86,2018:Canadian Grand Prix:Race,train,development_train,SAI,GRO,24,25,2388.032,2464.481,76.449,2018-06-10T18:45:48.097000000,2018-06-10T18:47:04.546000000,,2018:Canadian Grand Prix:Race|SAI|GRO|24|25,BOUNDARY_PROXY_KEY,OUTSIDE_INHERITED_CANDIDATE_UNIVERSE,OUTSIDE_CANDIDATE_UNIVERSE,AUTOMATED_PROXY_LINK_UNREVIEWED,SAI:9;GRO:8,SAI:8;GRO:9,NOT_AVAILABLE_FROM_BOUNDARY_LAPTIMES,2018-06-10T18:45:48.097000000,2018-06-10T18:47:04.546000000,BOUNDARY_INTERVAL_ONLY_NOT_EXACT_PASS_TIME,NOT_IN_INHERITED_CANDIDATE_REVIEW,NOT_IN_INHERITED_CANDIDATE_REVIEW,BOUNDARY_TELEMETRY_DOES_NOT_ESTABLISH_PASS,prediction_windows_37.csv.gz + laptime_source_inventory_37.csv,,,FIXED_PAIR_CLASSIFIED_ORDER_REVERSED_AT_NEXT_LAP_BOUNDARY,FALSE,AUTOMATED_PROXY_LINK_UNREVIEWED
d0b330bc5f42766b7306,2018:Canadian Grand Prix:Race,train,development_train,VAN,ERI,24,25,2408.634,2485.61,76.976,2018-06-10T18:46:08.699000000,2018-06-10T18:47:25.675000000,,2018:Canadian Grand Prix:Race|VAN|ERI|24|25,BOUNDARY_PROXY_KEY,OUTSIDE_INHERITED_CANDIDATE_UNIVERSE,OUTSIDE_CANDIDATE_UNIVERSE,AUTOMATED_PROXY_LINK_UNREVIEWED,VAN:18;ERI:17,VAN:17;ERI:18,NOT_AVAILABLE_FROM_BOUNDARY_LAPTIMES,2018-06-10T18:46:08.699000000,2018-06-10T18:47:25.675000000,BOUNDARY_INTERVAL_ONLY_NOT_EXACT_PASS_TIME,NOT_IN_INHERITED_CANDIDATE_REVIEW,NOT_IN_INHERITED_CANDIDATE_REVIEW,BOUNDARY_TELEMETRY_DOES_NOT_ESTABLISH_PASS,prediction_windows_37.csv.gz + laptime_source_inventory_37.csv,,,FIXED_PAIR_CLASSIFIED_ORDER_REVERSED_AT_NEXT_LAP_BOUNDARY,FALSE,AUTOMATED_PROXY_LINK_UNREVIEWED
b05cf75d07b92d4606a2,2018:Canadian Grand Prix:Race,train,development_train,VAN,SIR,25,26,2486.348,2562.719,76.371,2018-06-10T18:47:26.413000000,2018-06-10T18:48:42.784000000,,2018:Canadian Grand Prix:Race|VAN|SIR|25|26,BOUNDARY_PROXY_KEY,OUTSIDE_INHERITED_CANDIDATE_UNIVERSE,OUTSIDE_CANDIDATE_UNIVERSE,AUTOMATED_PROXY_LINK_UNREVIEWED,VAN:17;SIR:16,VAN:16;SIR:18,NOT_AVAILABLE_FROM_BOUNDARY_LAPTIMES,2018-06-10T18:47:26.413000000,2018-06-10T18:48:42.784000000,BOUNDARY_INTERVAL_ONLY_NOT_EXACT_PASS_TIME,NOT_IN_INHERITED_CANDIDATE_REVIEW,NOT_IN_INHERITED_CANDIDATE_REVIEW,BOUNDARY_TELEMETRY_DOES_NOT_ESTABLISH_PASS,prediction_windows_37.csv.gz + laptime_source_inventory_37.csv,,,FIXED_PAIR_CLASSIFIED_ORDER_REVERSED_AT_NEXT_LAP_BOUNDARY,FALSE,AUTOMATED_PROXY_LINK_UNREVIEWED
e02440bd845cb8f81947,2018:Chinese Grand Prix:Race,train,development_train,ALO,GRO,15,16,1878.205,1977.977,99.772,2018-04-15T06:37:18.323000000,2018-04-15T06:38:58.095000000,44bdb82c890683cbae61a802,2018:Chinese Grand Prix:Race|ALO|GRO|15|16,INHERITED_CANDIDATE_ID,MATCHED_TO_INHERITED_CANDIDATE,OTHER_POSITION_CHANGE,AUTOMATED_REVIEW_UNREVIEWED,ALO:9;GRO:8,ALO:8;GRO:9,NOT_AVAILABLE_FROM_FASTF1_POSITION_XYZ,2018-04-15T06:37:18.323000+00:00,2018-04-15T06:38:58.095000+00:00,1.607,PIT_LAP_OVERLAP_RECORDED_BUT_TIME_OF_DAY_ONLY,NO_RC_RECORD_ON_DECISION_OR_ENDPOINT_LAP,"FastF1 car_data and pos_data present for selected race; pos_data contains XYZ/status, not classified running order or pass timestamp",event_review_37.csv + candidate source,https://raw.githubusercontent.com/TracingInsights/2018/ec6317adac6786e38b5d35e008f4b87926a3a55c/Chinese%20Grand%20Prix/Race/ALO/laptimes.json|https://raw.githubusercontent.com/TracingInsights/2018/ec6317adac6786e38b5d35e008f4b87926a3a55c/Chinese%20Grand%20Prix/Race/GRO/laptimes.json,15890bdbe1e09a2e9d579e0f1cc83225c6b8b1d7bf64b312c3a2c06c74a22474|d5cd4007ae842fa34a2c6461c5ca9be2376a2f126975dc11423239cb269e9e41,FIXED_PAIR_CLASSIFIED_ORDER_REVERSED_AT_NEXT_LAP_BOUNDARY,FALSE,AUTOMATED_REVIEW_UNREVIEWED
8fda8d72f533d485c25c,2018:Chinese Grand Prix:Race,train,development_train,ALO,MAG,47,48,5246.0,5344.471,98.471,2018-04-15T07:33:26.118000000,2018-04-15T07:35:04.589000000,7315ef717907ece7b528e3d2,2018:Chinese Grand Prix:Race|ALO|MAG|47|48,INHERITED_CANDIDATE_ID,MATCHED_TO_INHERITED_CANDIDATE,UNRESOLVED,AUTOMATED_REVIEW_UNREVIEWED,ALO:9;MAG:8,ALO:8;MAG:10,NOT_AVAILABLE_FROM_FASTF1_POSITION_XYZ,2018-04-15T07:33:26.118000+00:00,2018-04-15T07:35:04.589000+00:00,0.756,NO_RELEVANT_PIT_ROW_FOUND_IN_CONTEXT,NO_RC_RECORD_ON_DECISION_OR_ENDPOINT_LAP,"FastF1 car_data and pos_data present for selected race; pos_data contains XYZ/status, not classified running order or pass timestamp",event_review_37.csv + candidate source,https://raw.githubusercontent.com/TracingInsights/2018/ec6317adac6786e38b5d35e008f4b87926a3a55c/Chinese%20Grand%20Prix/Race/ALO/laptimes.json|https://raw.githubusercontent.com/TracingInsights/2018/ec6317adac6786e38b5d35e008f4b87926a3a55c/Chinese%20Grand%20Prix/Race/MAG/laptimes.json,d5cd4007ae842fa34a2c6461c5ca9be2376a2f126975dc11423239cb269e9e41|dc305a6d3344697b11894c9c6381ec74ba19b25bff34b9af649d94eb2cd1ccc8,FIXED_PAIR_CLASSIFIED_ORDER_REVERSED_AT_NEXT_LAP_BOUNDARY,FALSE,AUTOMATED_REVIEW_UNREVIEWED
60f11e479221d0b66c1f,2018:Chinese Grand Prix:Race,train,development_train,ALO,VET,54,55,5930.27,6027.937,97.667,2018-04-15T07:44:50.388000000,2018-04-15T07:46:28.055000000,3a07005e1b486bb1dd76c4f5,2018:Chinese Grand Prix:Race|ALO|VET|54|55,INHERITED_CANDIDATE_ID,MATCHED_TO_INHERITED_CANDIDATE,UNRESOLVED,AUTOMATED_REVIEW_UNREVIEWED,ALO:8;VET:7,ALO:7;VET:8,NOT_AVAILABLE_FROM_FASTF1_POSITION_XYZ,2018-04-15T07:44:50.388000+00:00,2018-04-15T07:46:28.055000+00:00,1.252,NO_RELEVANT_PIT_ROW_FOUND_IN_CONTEXT,NO_RC_RECORD_ON_DECISION_OR_ENDPOINT_LAP,"FastF1 car_data and pos_data present for selected race; pos_data contains XYZ/status, not classified running order or pass timestamp",event_review_37.csv + candidate source,https://raw.githubusercontent.com/TracingInsights/2018/ec6317adac6786e38b5d35e008f4b87926a3a55c/Chinese%20Grand%20Prix/Race/ALO/laptimes.json|https://raw.githubusercontent.com/TracingInsights/2018/ec6317adac6786e38b5d35e008f4b87926a3a55c/Chinese%20Grand%20Prix/Race/VET/laptimes.json,c05ce3b9ea57224a49679d9cdac0ff4d4d1201067be0d7b9cdc9513f83e427cd|d5cd4007ae842fa34a2c6461c5ca9be2376a2f126975dc11423239cb269e9e41,FIXED_PAIR_CLASSIFIED_ORDER_REVERSED_AT_NEXT_LAP_BOUNDARY,FALSE,AUTOMATED_REVIEW_UNREVIEWED
0293be84db609d18e801,2018:Chinese Grand Prix:Race,train,development_train,BOT,RAI,26,27,2945.895,3043.959,98.064,2018-04-15T06:55:06.013000000,2018-04-15T06:56:44.077000000,93d0dda43323cdc7f3783f00,2018:Chinese Grand Prix:Race|BOT|RAI|26|27,INHERITED_CANDIDATE_ID,MATCHED_TO_INHERITED_CANDIDATE,OTHER_POSITION_CHANGE,AUTOMATED_REVIEW_UNREVIEWED,BOT:2;RAI:1,BOT:1;RAI:4,NOT_AVAILABLE_FROM_FASTF1_POSITION_XYZ,2018-04-15T06:55:06.013000+00:00,2018-04-15T06:56:44.077000+00:00,1.784,PIT_LAP_OVERLAP_RECORDED_BUT_TIME_OF_DAY_ONLY,NO_RC_RECORD_ON_DECISION_OR_ENDPOINT_LAP,"FastF1 car_data and pos_data present for selected race; pos_data contains XYZ/status, not classified running order or pass timestamp",event_review_37.csv + candidate source,https://raw.githubusercontent.com/TracingInsights/2018/ec6317adac6786e38b5d35e008f4b87926a3a55c/Chinese%20Grand%20Prix/Race/BOT/laptimes.json|https://raw.githubusercontent.com/TracingInsights/2018/ec6317adac6786e38b5d35e008f4b87926a3a55c/Chinese%20Grand%20Prix/Race/RAI/laptimes.json,3778b087bbb5a0428646197368eed4d601baaf20aff86725a4ad91cdd5bee487|4f7d6fa0d1a2249e268b69316d071e43821dc2ba4e4673fc11e782e23d3ab0a4,FIXED_PAIR_CLASSIFIED_ORDER_REVERSED_AT_NEXT_LAP_BOUNDARY,FALSE,AUTOMATED_REVIEW_UNREVIEWED
b7ba11797785ecf3970a,2018:Chinese Grand Prix:Race,train,development_train,ERI,HAR,9,10,1287.166,1387.633,100.467,2018-04-15T06:27:27.284000000,2018-04-15T06:29:07.751000000,1e8552d0f0faa75a3f547f46,2018:Chinese Grand Prix:Race|ERI|HAR|9|10,INHERITED_CANDIDATE_ID,MATCHED_TO_INHERITED_CANDIDATE,OTHER_POSITION_CHANGE,AUTOMATED_REVIEW_UNREVIEWED,ERI:20;HAR:19,ERI:19;HAR:20,NOT_AVAILABLE_FROM_FASTF1_POSITION_XYZ,2018-04-15T06:27:27.284000+00:00,2018-04-15T06:29:07.751000+00:00,2.455,PIT_LAP_OVERLAP_RECORDED_BUT_TIME_OF_DAY_ONLY,NO_RC_RECORD_ON_DECISION_OR_ENDPOINT_LAP,"FastF1 car_data and pos_data present for selected race; pos_data contains XYZ/status, not classified running order or pass timestamp",event_review_37.csv + candidate source,https://raw.githubusercontent.com/TracingInsights/2018/ec6317adac6786e38b5d35e008f4b87926a3a55c/Chinese%20Grand%20Prix/Race/ERI/laptimes.json|https://raw.githubusercontent.com/TracingInsights/2018/ec6317adac6786e38b5d35e008f4b87926a3a55c/Chinese%20Grand%20Prix/Race/HAR/laptimes.json,1f1c08e00dc393efb41b2883cf6d50da1e9f6222d0ea0e6507a2edfaf32560c8|bdc3818389207bd9e60bf83788a4231851338863ef8f3abdeac818cc6bbaa938,FIXED_PAIR_CLASSIFIED_ORDER_REVERSED_AT_NEXT_LAP_BOUNDARY,FALSE,AUTOMATED_REVIEW_UNREVIEWED
cb67ca0cd70f1f0f2de7,2018:Chinese Grand Prix:Race,train,development_train,ERI,GAS,19,20,2306.603,2403.911,97.308,2018-04-15T06:44:26.721000000,2018-04-15T06:46:04.029000000,e554a45d43b413200a946f88,2018:Chinese Grand Prix:Race|ERI|GAS|19|20,INHERITED_CANDIDATE_ID,MATCHED_TO_INHERITED_CANDIDATE,OTHER_POSITION_CHANGE,AUTOMATED_REVIEW_UNREVIEWED,ERI:19;GAS:18,ERI:18;GAS:19,NOT_AVAILABLE_FROM_FASTF1_POSITION_XYZ,2018-04-15T06:44:26.721000+00:00,2018-04-15T06:46:04.029000+00:00,8.798,PIT_LAP_OVERLAP_RECORDED_BUT_TIME_OF_DAY_ONLY,NO_RC_RECORD_ON_DECISION_OR_ENDPOINT_LAP,"FastF1 car_data and pos_data present for selected race; pos_data contains XYZ/status, not classified running order or pass timestamp",event_review_37.csv + candidate source,https://raw.githubusercontent.com/TracingInsights/2018/ec6317adac6786e38b5d35e008f4b87926a3a55c/Chinese%20Grand%20Prix/Race/ERI/laptimes.json|https://raw.githubusercontent.com/TracingInsights/2018/ec6317adac6786e38b5d35e008f4b87926a3a55c/Chinese%20Grand%20Prix/Race/GAS/laptimes.json,1f1c08e00dc393efb41b2883cf6d50da1e9f6222d0ea0e6507a2edfaf32560c8|fff77598940307eaa1259cf2d34741811b788bf550a79c1a237ccb4a8dcee614,FIXED_PAIR_CLASSIFIED_ORDER_REVERSED_AT_NEXT_LAP_BOUNDARY,FALSE,AUTOMATED_REVIEW_UNREVIEWED
7428385ae984fb26fa14,2018:Chinese Grand Prix:Race,train,development_train,ERI,LEC,39,40,4475.122,4574.421,99.299,2018-04-15T07:20:35.240000000,2018-04-15T07:22:14.539000000,19ed0b03337be11b6d47cd37,2018:Chinese Grand Prix:Race|ERI|LEC|39|40,INHERITED_CANDIDATE_ID,MATCHED_TO_INHERITED_CANDIDATE,UNRESOLVED,AUTOMATED_REVIEW_UNREVIEWED,ERI:19;LEC:18,ERI:18;LEC:19,NOT_AVAILABLE_FROM_FASTF1_POSITION_XYZ,2018-04-15T07:20:35.240000+00:00,2018-04-15T07:22:14.539000+00:00,1.299,NO_RELEVANT_PIT_ROW_FOUND_IN_CONTEXT,NO_RC_RECORD_ON_DECISION_OR_ENDPOINT_LAP,"FastF1 car_data and pos_data present for selected race; pos_data contains XYZ/status, not classified running order or pass timestamp",event_review_37.csv + candidate source,https://raw.githubusercontent.com/TracingInsights/2018/ec6317adac6786e38b5d35e008f4b87926a3a55c/Chinese%20Grand%20Prix/Race/ERI/laptimes.json|https://raw.githubusercontent.com/TracingInsights/2018/ec6317adac6786e38b5d35e008f4b87926a3a55c/Chinese%20Grand%20Prix/Race/LEC/laptimes.json,1f1c08e00dc393efb41b2883cf6d50da1e9f6222d0ea0e6507a2edfaf32560c8|a456c31af0c89c5dba8559f77728479202227b15ef266e7a0de4e37fe233b7e7,FIXED_PAIR_CLASSIFIED_ORDER_REVERSED_AT_NEXT_LAP_BOUNDARY,FALSE,AUTOMATED_REVIEW_UNREVIEWED
021e7fa3a2eaf5c96fe1,2018:Chinese Grand Prix:Race,train,development_train,GAS,HAR,28,29,3221.882,3319.711,97.829,2018-04-15T06:59:42.000000000,2018-04-15T07:01:19.829000000,069159e98ab581bda567e138,2018:Chinese Grand Prix:Race|GAS|HAR|28|29,INHERITED_CANDIDATE_ID,MATCHED_TO_INHERITED_CANDIDATE,UNRESOLVED,AUTOMATED_REVIEW_UNREVIEWED,GAS:19;HAR:18,GAS:17;HAR:19,NOT_AVAILABLE_FROM_FASTF1_POSITION_XYZ,2018-04-15T06:59:42+00:00,2018-04-15T07:01:19.829000+00:00,4.514,NO_RELEVANT_PIT_ROW_FOUND_IN_CONTEXT,NO_RC_RECORD_ON_DECISION_OR_ENDPOINT_LAP,"FastF1 car_data and pos_data present for selected race; pos_data contains XYZ/status, not classified running order or pass timestamp",event_review_37.csv + candidate source,https://raw.githubusercontent.com/TracingInsights/2018/ec6317adac6786e38b5d35e008f4b87926a3a55c/Chinese%20Grand%20Prix/Race/GAS/laptimes.json|https://raw.githubusercontent.com/TracingInsights/2018/ec6317adac6786e38b5d35e008f4b87926a3a55c/Chinese%20Grand%20Prix/Race/HAR/laptimes.json,bdc3818389207bd9e60bf83788a4231851338863ef8f3abdeac818cc6bbaa938|fff77598940307eaa1259cf2d34741811b788bf550a79c1a237ccb4a8dcee614,FIXED_PAIR_CLASSIFIED_ORDER_REVERSED_AT_NEXT_LAP_BOUNDARY,FALSE,AUTOMATED_REVIEW_UNREVIEWED
b269a8e6b7ddd1204263,2018:Chinese Grand Prix:Race,train,development_train,GRO,GAS,17,18,2098.186,2200.052,101.866,2018-04-15T06:40:43.415000000,2018-04-15T06:42:40.170000000,,2018:Chinese Grand Prix:Race|GRO|GAS|17|18,BOUNDARY_PROXY_KEY,OUTSIDE_INHERITED_CANDIDATE_UNIVERSE,OUTSIDE_CANDIDATE_UNIVERSE,AUTOMATED_PROXY_LINK_UNREVIEWED,GRO:17;GAS:16,GRO:16;GAS:17,NOT_AVAILABLE_FROM_BOUNDARY_LAPTIMES,2018-04-15T06:40:43.415000000,2018-04-15T06:42:40.170000000,BOUNDARY_INTERVAL_ONLY_NOT_EXACT_PASS_TIME,NOT_IN_INHERITED_CANDIDATE_REVIEW,NOT_IN_INHERITED_CANDIDATE_REVIEW,BOUNDARY_TELEMETRY_DOES_NOT_ESTABLISH_PASS,prediction_windows_37.csv.gz + laptime_source_inventory_37.csv,,,FIXED_PAIR_CLASSIFIED_ORDER_REVERSED_AT_NEXT_LAP_BOUNDARY,FALSE,AUTOMATED_PROXY_LINK_UNREVIEWED
23d019be6d9d96b83b18,2018:Chinese Grand Prix:Race,train,development_train,GRO,HAR,47,48,5275.699,5375.67,99.971,2018-04-15T07:33:40.412000000,2018-04-15T07:35:35.788000000,fcc178fe27ea187381bf8e53,2018:Chinese Grand Prix:Race|GRO|HAR|47|48,INHERITED_CANDIDATE_ID,MATCHED_TO_INHERITED_CANDIDATE,UNRESOLVED,AUTOMATED_REVIEW_UNREVIEWED,GRO:20;HAR:19,GRO:19;HAR:20,NOT_AVAILABLE_FROM_FASTF1_POSITION_XYZ,2018-04-15T07:33:55.817000+00:00,2018-04-15T07:35:35.788000+00:00,17.093,NO_RELEVANT_PIT_ROW_FOUND_IN_CONTEXT,NO_RC_RECORD_ON_DECISION_OR_ENDPOINT_LAP,"FastF1 car_data and pos_data present for selected race; pos_data contains XYZ/status, not classified running order or pass timestamp",event_review_37.csv + candidate source,https://raw.githubusercontent.com/TracingInsights/2018/ec6317adac6786e38b5d35e008f4b87926a3a55c/Chinese%20Grand%20Prix/Race/GRO/laptimes.json|https://raw.githubusercontent.com/TracingInsights/2018/ec6317adac6786e38b5d35e008f4b87926a3a55c/Chinese%20Grand%20Prix/Race/HAR/laptimes.json,15890bdbe1e09a2e9d579e0f1cc83225c6b8b1d7bf64b312c3a2c06c74a22474|bdc3818389207bd9e60bf83788a4231851338863ef8f3abdeac818cc6bbaa938,FIXED_PAIR_CLASSIFIED_ORDER_REVERSED_AT_NEXT_LAP_BOUNDARY,FALSE,AUTOMATED_REVIEW_UNREVIEWED
3f74646ac33efdf64cd1,2018:Chinese Grand Prix:Race,train,development_train,GRO,LEC,48,49,5377.358,5474.503,97.145,2018-04-15T07:35:37.476000000,2018-04-15T07:37:14.621000000,8465ccee1c1bef48c50f807d,2018:Chinese Grand Prix:Race|GRO|LEC|48|49,INHERITED_CANDIDATE_ID,MATCHED_TO_INHERITED_CANDIDATE,UNRESOLVED,AUTOMATED_REVIEW_UNREVIEWED,GRO:19;LEC:18,GRO:18;LEC:19,NOT_AVAILABLE_FROM_FASTF1_POSITION_XYZ,2018-04-15T07:35:37.476000+00:00,2018-04-15T07:37:14.621000+00:00,3.05,NO_RELEVANT_PIT_ROW_FOUND_IN_CONTEXT,NO_RC_RECORD_ON_DECISION_OR_ENDPOINT_LAP,"FastF1 car_data and pos_data present for selected race; pos_data contains XYZ/status, not classified running order or pass timestamp",event_review_37.csv + candidate source,https://raw.githubusercontent.com/TracingInsights/2018/ec6317adac6786e38b5d35e008f4b87926a3a55c/Chinese%20Grand%20Prix/Race/GRO/laptimes.json|https://raw.githubusercontent.com/TracingInsights/2018/ec6317adac6786e38b5d35e008f4b87926a3a55c/Chinese%20Grand%20Prix/Race/LEC/laptimes.json,15890bdbe1e09a2e9d579e0f1cc83225c6b8b1d7bf64b312c3a2c06c74a22474|a456c31af0c89c5dba8559f77728479202227b15ef266e7a0de4e37fe233b7e7,FIXED_PAIR_CLASSIFIED_ORDER_REVERSED_AT_NEXT_LAP_BOUNDARY,FALSE,AUTOMATED_REVIEW_UNREVIEWED
7c157def6c66d67161c9,2018:Chinese Grand Prix:Race,train,development_train,HAM,VER,42,43,4744.786,4841.457,96.671,2018-04-15T07:25:04.338000000,2018-04-15T07:26:41.575000000,bd52d5f571a9700742d66d53,2018:Chinese Grand Prix:Race|HAM|VER|42|43,INHERITED_CANDIDATE_ID,MATCHED_TO_INHERITED_CANDIDATE,UNRESOLVED,AUTOMATED_REVIEW_UNREVIEWED,HAM:5;VER:4,HAM:4;VER:5,NOT_AVAILABLE_FROM_FASTF1_POSITION_XYZ,2018-04-15T07:25:04.904000+00:00,2018-04-15T07:26:41.575000+00:00,2.134,NO_RELEVANT_PIT_ROW_FOUND_IN_CONTEXT,RC_RECORD_ON_DECISION_OR_ENDPOINT_LAP,"FastF1 car_data and pos_data present for selected race; pos_data contains XYZ/status, not classified running order or pass timestamp",event_review_37.csv + candidate source,https://raw.githubusercontent.com/TracingInsights/2018/ec6317adac6786e38b5d35e008f4b87926a3a55c/Chinese%20Grand%20Prix/Race/HAM/laptimes.json|https://raw.githubusercontent.com/TracingInsights/2018/ec6317adac6786e38b5d35e008f4b87926a3a55c/Chinese%20Grand%20Prix/Race/VER/laptimes.json,1a1ca519fe31abcaa8e9204918b13ae60210c232701f628a4c28afd74cb27f96|6240f216fb479197a5736d01367912ef90c2ca59e512d22441b4f83238aa028c,FIXED_PAIR_CLASSIFIED_ORDER_REVERSED_AT_NEXT_LAP_BOUNDARY,FALSE,AUTOMATED_REVIEW_UNREVIEWED
8a32dde1ec66502db859,2018:Chinese Grand Prix:Race,train,development_train,HUL,SIR,16,17,1991.572,2091.003,99.431,2018-04-15T06:39:11.690000000,2018-04-15T06:40:51.121000000,03e98988cc7a32b9a7f3aa8d,2018:Chinese Grand Prix:Race|HUL|SIR|16|17,INHERITED_CANDIDATE_ID,MATCHED_TO_INHERITED_CANDIDATE,UNRESOLVED,AUTOMATED_REVIEW_UNREVIEWED,HUL:13;SIR:12,HUL:11;SIR:12,NOT_AVAILABLE_FROM_FASTF1_POSITION_XYZ,2018-04-15T06:39:11.690000+00:00,2018-04-15T06:40:51.121000+00:00,2.297,NO_RELEVANT_PIT_ROW_FOUND_IN_CONTEXT,NO_RC_RECORD_ON_DECISION_OR_ENDPOINT_LAP,"FastF1 car_data and pos_data present for selected race; pos_data contains XYZ/status, not classified running order or pass timestamp",event_review_37.csv + candidate source,https://raw.githubusercontent.com/TracingInsights/2018/ec6317adac6786e38b5d35e008f4b87926a3a55c/Chinese%20Grand%20Prix/Race/HUL/laptimes.json|https://raw.githubusercontent.com/TracingInsights/2018/ec6317adac6786e38b5d35e008f4b87926a3a55c/Chinese%20Grand%20Prix/Race/SIR/laptimes.json,76a56a6c39235480cca5cfda455ab4aeba0eeea972c7037b0d2ae8e1644c6aa6|af18798e333ad8dda7dbbbee3239d9e22f96c7572b025cdfe1d0688091a53e83,FIXED_PAIR_CLASSIFIED_ORDER_REVERSED_AT_NEXT_LAP_BOUNDARY,FALSE,AUTOMATED_REVIEW_UNREVIEWED
95859ce7796369453dcf,2018:Chinese Grand Prix:Race,train,development_train,HUL,VAN,20,21,2390.409,2490.336,99.927,2018-04-15T06:45:50.527000000,2018-04-15T06:47:30.454000000,114521bc08767d26fae36624,2018:Chinese Grand Prix:Race|HUL|VAN|20|21,INHERITED_CANDIDATE_ID,MATCHED_TO_INHERITED_CANDIDATE,UNRESOLVED,AUTOMATED_REVIEW_UNREVIEWED,HUL:11;VAN:10,HUL:10;VAN:11,NOT_AVAILABLE_FROM_FASTF1_POSITION_XYZ,2018-04-15T06:45:50.527000+00:00,2018-04-15T06:47:30.454000+00:00,1.146,NO_RELEVANT_PIT_ROW_FOUND_IN_CONTEXT,NO_RC_RECORD_ON_DECISION_OR_ENDPOINT_LAP,"FastF1 car_data and pos_data present for selected race; pos_data contains XYZ/status, not classified running order or pass timestamp",event_review_37.csv + candidate source,https://raw.githubusercontent.com/TracingInsights/2018/ec6317adac6786e38b5d35e008f4b87926a3a55c/Chinese%20Grand%20Prix/Race/HUL/laptimes.json|https://raw.githubusercontent.com/TracingInsights/2018/ec6317adac6786e38b5d35e008f4b87926a3a55c/Chinese%20Grand%20Prix/Race/VAN/laptimes.json,76a56a6c39235480cca5cfda455ab4aeba0eeea972c7037b0d2ae8e1644c6aa6|7df9d53eb834135cdacd992f7519f58bab2bc915feaeb0b615eb8b16d4b765ea,FIXED_PAIR_CLASSIFIED_ORDER_REVERSED_AT_NEXT_LAP_BOUNDARY,FALSE,AUTOMATED_REVIEW_UNREVIEWED
0ced140a3bd497d577f5,2018:Chinese Grand Prix:Race,train,development_train,HUL,STR,21,22,2490.766,2590.219,99.453,2018-04-15T06:47:30.884000000,2018-04-15T06:49:10.337000000,055bd18dcf91a75fe3c92bf7,2018:Chinese Grand Prix:Race|HUL|STR|21|22,INHERITED_CANDIDATE_ID,MATCHED_TO_INHERITED_CANDIDATE,UNRESOLVED,AUTOMATED_REVIEW_UNREVIEWED,HUL:10;STR:9,HUL:9;STR:10,NOT_AVAILABLE_FROM_FASTF1_POSITION_XYZ,2018-04-15T06:47:30.884000+00:00,2018-04-15T06:49:10.337000+00:00,1.904,NO_RELEVANT_PIT_ROW_FOUND_IN_CONTEXT,NO_RC_RECORD_ON_DECISION_OR_ENDPOINT_LAP,"FastF1 car_data and pos_data present for selected race; pos_data contains XYZ/status, not classified running order or pass timestamp",event_review_37.csv + candidate source,https://raw.githubusercontent.com/TracingInsights/2018/ec6317adac6786e38b5d35e008f4b87926a3a55c/Chinese%20Grand%20Prix/Race/HUL/laptimes.json|https://raw.githubusercontent.com/TracingInsights/2018/ec6317adac6786e38b5d35e008f4b87926a3a55c/Chinese%20Grand%20Prix/Race/STR/laptimes.json,63e904c41dc22c58f3862b2e5f8dd2ffdd3b9534072b50377844744cf6a60044|76a56a6c39235480cca5cfda455ab4aeba0eeea972c7037b0d2ae8e1644c6aa6,FIXED_PAIR_CLASSIFIED_ORDER_REVERSED_AT_NEXT_LAP_BOUNDARY,FALSE,AUTOMATED_REVIEW_UNREVIEWED
7265a9c18a36e6cdaac1,2018:Chinese Grand Prix:Race,train,development_train,HUL,ALO,28,29,3185.972,3280.863,94.891,2018-04-15T06:59:06.090000000,2018-04-15T07:00:40.981000000,,2018:Chinese Grand Prix:Race|HUL|ALO|28|29,BOUNDARY_PROXY_KEY,OUTSIDE_INHERITED_CANDIDATE_UNIVERSE,OUTSIDE_CANDIDATE_UNIVERSE,AUTOMATED_PROXY_LINK_UNREVIEWED,HUL:8;ALO:7,HUL:7;ALO:8,NOT_AVAILABLE_FROM_BOUNDARY_LAPTIMES,2018-04-15T06:59:06.090000000,2018-04-15T07:00:40.981000000,BOUNDARY_INTERVAL_ONLY_NOT_EXACT_PASS_TIME,NOT_IN_INHERITED_CANDIDATE_REVIEW,NOT_IN_INHERITED_CANDIDATE_REVIEW,BOUNDARY_TELEMETRY_DOES_NOT_ESTABLISH_PASS,prediction_windows_37.csv.gz + laptime_source_inventory_37.csv,,,FIXED_PAIR_CLASSIFIED_ORDER_REVERSED_AT_NEXT_LAP_BOUNDARY,FALSE,AUTOMATED_PROXY_LINK_UNREVIEWED
5f4208370870b33c2b43,2018:Chinese Grand Prix:Race,train,development_train,LEC,HAR,29,30,3335.396,3434.43,99.034,2018-04-15T07:01:35.514000000,2018-04-15T07:03:14.548000000,,2018:Chinese Grand Prix:Race|LEC|HAR|29|30,BOUNDARY_PROXY_KEY,OUTSIDE_INHERITED_CANDIDATE_UNIVERSE,OUTSIDE_CANDIDATE_UNIVERSE,AUTOMATED_PROXY_LINK_UNREVIEWED,LEC:20;HAR:19,LEC:18;HAR:19,NOT_AVAILABLE_FROM_BOUNDARY_LAPTIMES,2018-04-15T07:01:35.514000000,2018-04-15T07:03:14.548000000,BOUNDARY_INTERVAL_ONLY_NOT_EXACT_PASS_TIME,NOT_IN_INHERITED_CANDIDATE_REVIEW,NOT_IN_INHERITED_CANDIDATE_REVIEW,BOUNDARY_TELEMETRY_DOES_NOT_ESTABLISH_PASS,prediction_windows_37.csv.gz + laptime_source_inventory_37.csv,,,FIXED_PAIR_CLASSIFIED_ORDER_REVERSED_AT_NEXT_LAP_BOUNDARY,FALSE,AUTOMATED_PROXY_LINK_UNREVIEWED
5329621f59f280216b8a,2018:Chinese Grand Prix:Race,train,development_train,MAG,GRO,5,6,867.605,968.209,100.604,2018-04-15T06:20:27.723000000,2018-04-15T06:22:08.327000000,,2018:Chinese Grand Prix:Race|MAG|GRO|5|6,BOUNDARY_PROXY_KEY,OUTSIDE_INHERITED_CANDIDATE_UNIVERSE,OUTSIDE_CANDIDATE_UNIVERSE,AUTOMATED_PROXY_LINK_UNREVIEWED,MAG:10;GRO:9,MAG:9;GRO:10,NOT_AVAILABLE_FROM_BOUNDARY_LAPTIMES,2018-04-15T06:20:27.723000000,2018-04-15T06:22:08.327000000,BOUNDARY_INTERVAL_ONLY_NOT_EXACT_PASS_TIME,NOT_IN_INHERITED_CANDIDATE_REVIEW,NOT_IN_INHERITED_CANDIDATE_REVIEW,BOUNDARY_TELEMETRY_DOES_NOT_ESTABLISH_PASS,prediction_windows_37.csv.gz + laptime_source_inventory_37.csv,,,FIXED_PAIR_CLASSIFIED_ORDER_REVERSED_AT_NEXT_LAP_BOUNDARY,FALSE,AUTOMATED_PROXY_LINK_UNREVIEWED
fe4345659588e751ff6f,2018:Chinese Grand Prix:Race,train,development_train,MAG,SAI,11,12,1472.48,1570.175,97.695,2018-04-15T06:30:32.598000000,2018-04-15T06:32:10.293000000,facb85c33db010099f070e47,2018:Chinese Grand Prix:Race|MAG|SAI|11|12,INHERITED_CANDIDATE_ID,MATCHED_TO_INHERITED_CANDIDATE,OTHER_POSITION_CHANGE,AUTOMATED_REVIEW_UNREVIEWED,MAG:9;SAI:8,MAG:8;SAI:9,NOT_AVAILABLE_FROM_FASTF1_POSITION_XYZ,2018-04-15T06:30:32.598000+00:00,2018-04-15T06:32:10.293000+00:00,6.248,PIT_LAP_OVERLAP_RECORDED_BUT_TIME_OF_DAY_ONLY,NO_RC_RECORD_ON_DECISION_OR_ENDPOINT_LAP,"FastF1 car_data and pos_data present for selected race; pos_data contains XYZ/status, not classified running order or pass timestamp",event_review_37.csv + candidate source,https://raw.githubusercontent.com/TracingInsights/2018/ec6317adac6786e38b5d35e008f4b87926a3a55c/Chinese%20Grand%20Prix/Race/MAG/laptimes.json|https://raw.githubusercontent.com/TracingInsights/2018/ec6317adac6786e38b5d35e008f4b87926a3a55c/Chinese%20Grand%20Prix/Race/SAI/laptimes.json,2a5acdfea7346ea1f53900ebe5d695525a330529c6eefedb251d9cdcdbd9e559|dc305a6d3344697b11894c9c6381ec74ba19b25bff34b9af649d94eb2cd1ccc8,FIXED_PAIR_CLASSIFIED_ORDER_REVERSED_AT_NEXT_LAP_BOUNDARY,FALSE,AUTOMATED_REVIEW_UNREVIEWED
7975749c1b520ccb85e6,2018:Chinese Grand Prix:Race,train,development_train,OCO,STR,5,6,871.012,972.113,101.101,2018-04-15T06:20:31.130000000,2018-04-15T06:22:12.231000000,d607562353db357fef3ff471,2018:Chinese Grand Prix:Race|OCO|STR|5|6,INHERITED_CANDIDATE_ID,MATCHED_TO_INHERITED_CANDIDATE,UNRESOLVED,AUTOMATED_REVIEW_UNREVIEWED,OCO:13;STR:12,OCO:12;STR:13,NOT_AVAILABLE_FROM_FASTF1_POSITION_XYZ,2018-04-15T06:20:31.130000+00:00,2018-04-15T06:22:12.231000+00:00,0.955,NO_RELEVANT_PIT_ROW_FOUND_IN_CONTEXT,NO_RC_RECORD_ON_DECISION_OR_ENDPOINT_LAP,"FastF1 car_data and pos_data present for selected race; pos_data contains XYZ/status, not classified running order or pass timestamp",event_review_37.csv + candidate source,https://raw.githubusercontent.com/TracingInsights/2018/ec6317adac6786e38b5d35e008f4b87926a3a55c/Chinese%20Grand%20Prix/Race/OCO/laptimes.json|https://raw.githubusercontent.com/TracingInsights/2018/ec6317adac6786e38b5d35e008f4b87926a3a55c/Chinese%20Grand%20Prix/Race/STR/laptimes.json,63e904c41dc22c58f3862b2e5f8dd2ffdd3b9534072b50377844744cf6a60044|d2396b278d1e070bf7e48cae39b9c4d14efea677d480e1951f1afc70ce59228e,FIXED_PAIR_CLASSIFIED_ORDER_REVERSED_AT_NEXT_LAP_BOUNDARY,FALSE,AUTOMATED_REVIEW_UNREVIEWED
8ac26c1c879d15b993a0,2018:Chinese Grand Prix:Race,train,development_train,OCO,ERI,13,14,1698.011,1795.797,97.786,2018-04-15T06:34:18.129000000,2018-04-15T06:35:55.915000000,,2018:Chinese Grand Prix:Race|OCO|ERI|13|14,BOUNDARY_PROXY_KEY,OUTSIDE_INHERITED_CANDIDATE_UNIVERSE,OUTSIDE_CANDIDATE_UNIVERSE,AUTOMATED_PROXY_LINK_UNREVIEWED,OCO:18;ERI:17,OCO:17;ERI:18,NOT_AVAILABLE_FROM_BOUNDARY_LAPTIMES,2018-04-15T06:34:18.129000000,2018-04-15T06:35:55.915000000,BOUNDARY_INTERVAL_ONLY_NOT_EXACT_PASS_TIME,NOT_IN_INHERITED_CANDIDATE_REVIEW,NOT_IN_INHERITED_CANDIDATE_REVIEW,BOUNDARY_TELEMETRY_DOES_NOT_ESTABLISH_PASS,prediction_windows_37.csv.gz + laptime_source_inventory_37.csv,,,FIXED_PAIR_CLASSIFIED_ORDER_REVERSED_AT_NEXT_LAP_BOUNDARY,FALSE,AUTOMATED_PROXY_LINK_UNREVIEWED
1b0bb3cc6c6103783db6,2018:Chinese Grand Prix:Race,train,development_train,OCO,GAS,16,17,1998.045,2098.186,100.141,2018-04-15T06:39:18.163000000,2018-04-15T06:40:58.304000000,,2018:Chinese Grand Prix:Race|OCO|GAS|16|17,BOUNDARY_PROXY_KEY,OUTSIDE_INHERITED_CANDIDATE_UNIVERSE,OUTSIDE_CANDIDATE_UNIVERSE,AUTOMATED_PROXY_LINK_UNREVIEWED,OCO:17;GAS:16,OCO:15;GAS:16,NOT_AVAILABLE_FROM_BOUNDARY_LAPTIMES,2018-04-15T06:39:18.163000000,2018-04-15T06:40:58.304000000,BOUNDARY_INTERVAL_ONLY_NOT_EXACT_PASS_TIME,NOT_IN_INHERITED_CANDIDATE_REVIEW,NOT_IN_INHERITED_CANDIDATE_REVIEW,BOUNDARY_TELEMETRY_DOES_NOT_ESTABLISH_PASS,prediction_windows_37.csv.gz + laptime_source_inventory_37.csv,,,FIXED_PAIR_CLASSIFIED_ORDER_REVERSED_AT_NEXT_LAP_BOUNDARY,FALSE,AUTOMATED_PROXY_LINK_UNREVIEWED
40919f3318be2f2ab08f,2018:Chinese Grand Prix:Race,train,development_train,OCO,LEC,19,20,2299.766,2400.704,100.938,2018-04-15T06:44:19.884000000,2018-04-15T06:46:00.822000000,,2018:Chinese Grand Prix:Race|OCO|LEC|19|20,BOUNDARY_PROXY_KEY,OUTSIDE_INHERITED_CANDIDATE_UNIVERSE,OUTSIDE_CANDIDATE_UNIVERSE,AUTOMATED_PROXY_LINK_UNREVIEWED,OCO:15;LEC:14,OCO:14;LEC:16,NOT_AVAILABLE_FROM_BOUNDARY_LAPTIMES,2018-04-15T06:44:19.884000000,2018-04-15T06:46:00.822000000,BOUNDARY_INTERVAL_ONLY_NOT_EXACT_PASS_TIME,NOT_IN_INHERITED_CANDIDATE_REVIEW,NOT_IN_INHERITED_CANDIDATE_REVIEW,BOUNDARY_TELEMETRY_DOES_NOT_ESTABLISH_PASS,prediction_windows_37.csv.gz + laptime_source_inventory_37.csv,,,FIXED_PAIR_CLASSIFIED_ORDER_REVERSED_AT_NEXT_LAP_BOUNDARY,FALSE,AUTOMATED_PROXY_LINK_UNREVIEWED
cba781b679927ebf8fe3,2018:Chinese Grand Prix:Race,train,development_train,OCO,SIR,24,25,2799.533,2899.749,100.216,2018-04-15T06:52:39.651000000,2018-04-15T06:54:19.867000000,cfc21b731cea077303b16cd0,2018:Chinese Grand Prix:Race|OCO|SIR|24|25,INHERITED_CANDIDATE_ID,MATCHED_TO_INHERITED_CANDIDATE,UNRESOLVED,AUTOMATED_REVIEW_UNREVIEWED,OCO:12;SIR:11,OCO:11;SIR:13,NOT_AVAILABLE_FROM_FASTF1_POSITION_XYZ,2018-04-15T06:52:39.651000+00:00,2018-04-15T06:54:19.867000+00:00,1.168,NO_RELEVANT_PIT_ROW_FOUND_IN_CONTEXT,NO_RC_RECORD_ON_DECISION_OR_ENDPOINT_LAP,"FastF1 car_data and pos_data present for selected race; pos_data contains XYZ/status, not classified running order or pass timestamp",event_review_37.csv + candidate source,https://raw.githubusercontent.com/TracingInsights/2018/ec6317adac6786e38b5d35e008f4b87926a3a55c/Chinese%20Grand%20Prix/Race/OCO/laptimes.json|https://raw.githubusercontent.com/TracingInsights/2018/ec6317adac6786e38b5d35e008f4b87926a3a55c/Chinese%20Grand%20Prix/Race/SIR/laptimes.json,af18798e333ad8dda7dbbbee3239d9e22f96c7572b025cdfe1d0688091a53e83|d2396b278d1e070bf7e48cae39b9c4d14efea677d480e1951f1afc70ce59228e,FIXED_PAIR_CLASSIFIED_ORDER_REVERSED_AT_NEXT_LAP_BOUNDARY,FALSE,AUTOMATED_REVIEW_UNREVIEWED
11146c45f98681de8cb8,2018:Chinese Grand Prix:Race,train,development_train,OCO,PER,55,56,6039.411,6135.638,96.227,2018-04-15T07:46:39.529000000,2018-04-15T07:48:15.756000000,275b8d36bb42394364cb5e72,2018:Chinese Grand Prix:Race|OCO|PER|55|56,INHERITED_CANDIDATE_ID,MATCHED_TO_INHERITED_CANDIDATE,UNRESOLVED,AUTOMATED_REVIEW_UNREVIEWED,OCO:12;PER:11,OCO:11;PER:12,NOT_AVAILABLE_FROM_FASTF1_POSITION_XYZ,2018-04-15T07:46:39.529000+00:00,2018-04-15T07:48:15.756000+00:00,4.022,NO_RELEVANT_PIT_ROW_FOUND_IN_CONTEXT,RC_RECORD_ON_DECISION_OR_ENDPOINT_LAP,"FastF1 car_data and pos_data present for selected race; pos_data contains XYZ/status, not classified running order or pass timestamp",event_review_37.csv + candidate source,https://raw.githubusercontent.com/TracingInsights/2018/ec6317adac6786e38b5d35e008f4b87926a3a55c/Chinese%20Grand%20Prix/Race/OCO/laptimes.json|https://raw.githubusercontent.com/TracingInsights/2018/ec6317adac6786e38b5d35e008f4b87926a3a55c/Chinese%20Grand%20Prix/Race/PER/laptimes.json,d2396b278d1e070bf7e48cae39b9c4d14efea677d480e1951f1afc70ce59228e|d629edf9d57089328edb4c1fe6ca18f94e9027695c99ba4c0b45b0e77fe2787c,FIXED_PAIR_CLASSIFIED_ORDER_REVERSED_AT_NEXT_LAP_BOUNDARY,FALSE,AUTOMATED_REVIEW_UNREVIEWED
12dbd0de5955b1496e8d,2018:Chinese Grand Prix:Race,train,development_train,PER,ERI,16,17,2002.739,2102.57,99.831,2018-04-15T06:39:22.857000000,2018-04-15T06:41:02.688000000,,2018:Chinese Grand Prix:Race|PER|ERI|16|17,BOUNDARY_PROXY_KEY,OUTSIDE_INHERITED_CANDIDATE_UNIVERSE,OUTSIDE_CANDIDATE_UNIVERSE,AUTOMATED_PROXY_LINK_UNREVIEWED,PER:19;ERI:18,PER:18;ERI:19,NOT_AVAILABLE_FROM_BOUNDARY_LAPTIMES,2018-04-15T06:39:22.857000000,2018-04-15T06:41:02.688000000,BOUNDARY_INTERVAL_ONLY_NOT_EXACT_PASS_TIME,NOT_IN_INHERITED_CANDIDATE_REVIEW,NOT_IN_INHERITED_CANDIDATE_REVIEW,BOUNDARY_TELEMETRY_DOES_NOT_ESTABLISH_PASS,prediction_windows_37.csv.gz + laptime_source_inventory_37.csv,,,FIXED_PAIR_CLASSIFIED_ORDER_REVERSED_AT_NEXT_LAP_BOUNDARY,FALSE,AUTOMATED_PROXY_LINK_UNREVIEWED
ff96db9777ed35cca01b,2018:Chinese Grand Prix:Race,train,development_train,PER,GAS,18,19,2202.978,2301.747,98.769,2018-04-15T06:42:43.096000000,2018-04-15T06:44:21.865000000,,2018:Chinese Grand Prix:Race|PER|GAS|18|19,BOUNDARY_PROXY_KEY,OUTSIDE_INHERITED_CANDIDATE_UNIVERSE,OUTSIDE_CANDIDATE_UNIVERSE,AUTOMATED_PROXY_LINK_UNREVIEWED,PER:18;GAS:17,PER:17;GAS:18,NOT_AVAILABLE_FROM_BOUNDARY_LAPTIMES,2018-04-15T06:42:43.096000000,2018-04-15T06:44:21.865000000,BOUNDARY_INTERVAL_ONLY_NOT_EXACT_PASS_TIME,NOT_IN_INHERITED_CANDIDATE_REVIEW,NOT_IN_INHERITED_CANDIDATE_REVIEW,BOUNDARY_TELEMETRY_DOES_NOT_ESTABLISH_PASS,prediction_windows_37.csv.gz + laptime_source_inventory_37.csv,,,FIXED_PAIR_CLASSIFIED_ORDER_REVERSED_AT_NEXT_LAP_BOUNDARY,FALSE,AUTOMATED_PROXY_LINK_UNREVIEWED
fa6999fff0023c78a701,2018:Chinese Grand Prix:Race,train,development_train,PER,LEC,20,21,2403.165,2503.135,99.97,2018-04-15T06:46:03.283000000,2018-04-15T06:47:43.253000000,,2018:Chinese Grand Prix:Race|PER|LEC|20|21,BOUNDARY_PROXY_KEY,OUTSIDE_INHERITED_CANDIDATE_UNIVERSE,OUTSIDE_CANDIDATE_UNIVERSE,AUTOMATED_PROXY_LINK_UNREVIEWED,PER:17;LEC:16,PER:16;LEC:18,NOT_AVAILABLE_FROM_BOUNDARY_LAPTIMES,2018-04-15T06:46:03.283000000,2018-04-15T06:47:43.253000000,BOUNDARY_INTERVAL_ONLY_NOT_EXACT_PASS_TIME,NOT_IN_INHERITED_CANDIDATE_REVIEW,NOT_IN_INHERITED_CANDIDATE_REVIEW,BOUNDARY_TELEMETRY_DOES_NOT_ESTABLISH_PASS,prediction_windows_37.csv.gz + laptime_source_inventory_37.csv,,,FIXED_PAIR_CLASSIFIED_ORDER_REVERSED_AT_NEXT_LAP_BOUNDARY,FALSE,AUTOMATED_PROXY_LINK_UNREVIEWED
ecf65ceb1e2efb90edfe,2018:Chinese Grand Prix:Race,train,development_train,PER,SIR,25,26,2901.985,3002.384,100.399,2018-04-15T06:54:22.103000000,2018-04-15T06:56:02.502000000,847c463d51e1f1b7f5b1348a,2018:Chinese Grand Prix:Race|PER|SIR|25|26,INHERITED_CANDIDATE_ID,MATCHED_TO_INHERITED_CANDIDATE,UNRESOLVED,AUTOMATED_REVIEW_UNREVIEWED,PER:14;SIR:13,PER:13;SIR:14,NOT_AVAILABLE_FROM_FASTF1_POSITION_XYZ,2018-04-15T06:54:22.103000+00:00,2018-04-15T06:56:02.502000+00:00,2.492,NO_RELEVANT_PIT_ROW_FOUND_IN_CONTEXT,NO_RC_RECORD_ON_DECISION_OR_ENDPOINT_LAP,"FastF1 car_data and pos_data present for selected race; pos_data contains XYZ/status, not classified running order or pass timestamp",event_review_37.csv + candidate source,https://raw.githubusercontent.com/TracingInsights/2018/ec6317adac6786e38b5d35e008f4b87926a3a55c/Chinese%20Grand%20Prix/Race/PER/laptimes.json|https://raw.githubusercontent.com/TracingInsights/2018/ec6317adac6786e38b5d35e008f4b87926a3a55c/Chinese%20Grand%20Prix/Race/SIR/laptimes.json,af18798e333ad8dda7dbbbee3239d9e22f96c7572b025cdfe1d0688091a53e83|d629edf9d57089328edb4c1fe6ca18f94e9027695c99ba4c0b45b0e77fe2787c,FIXED_PAIR_CLASSIFIED_ORDER_REVERSED_AT_NEXT_LAP_BOUNDARY,FALSE,AUTOMATED_REVIEW_UNREVIEWED
c3f1c5a75fab08a8bc29,2018:Chinese Grand Prix:Race,train,development_train,PER,GRO,45,46,5056.057,5154.893,98.836,2018-04-15T07:30:16.175000000,2018-04-15T07:31:55.011000000,,2018:Chinese Grand Prix:Race|PER|GRO|45|46,BOUNDARY_PROXY_KEY,OUTSIDE_INHERITED_CANDIDATE_UNIVERSE,OUTSIDE_CANDIDATE_UNIVERSE,AUTOMATED_PROXY_LINK_UNREVIEWED,PER:13;GRO:12,PER:12;GRO:15,NOT_AVAILABLE_FROM_BOUNDARY_LAPTIMES,2018-04-15T07:30:16.175000000,2018-04-15T07:31:55.011000000,BOUNDARY_INTERVAL_ONLY_NOT_EXACT_PASS_TIME,NOT_IN_INHERITED_CANDIDATE_REVIEW,NOT_IN_INHERITED_CANDIDATE_REVIEW,BOUNDARY_TELEMETRY_DOES_NOT_ESTABLISH_PASS,prediction_windows_37.csv.gz + laptime_source_inventory_37.csv,,,FIXED_PAIR_CLASSIFIED_ORDER_REVERSED_AT_NEXT_LAP_BOUNDARY,FALSE,AUTOMATED_PROXY_LINK_UNREVIEWED
08ec1f45f877306ca9e7,2018:Chinese Grand Prix:Race,train,development_train,PER,OCO,51,52,5645.158,5742.867,97.709,2018-04-15T07:40:05.276000000,2018-04-15T07:41:42.985000000,,2018:Chinese Grand Prix:Race|PER|OCO|51|52,BOUNDARY_PROXY_KEY,OUTSIDE_INHERITED_CANDIDATE_UNIVERSE,OUTSIDE_CANDIDATE_UNIVERSE,AUTOMATED_PROXY_LINK_UNREVIEWED,PER:12;OCO:11,PER:11;OCO:12,NOT_AVAILABLE_FROM_BOUNDARY_LAPTIMES,2018-04-15T07:40:05.276000000,2018-04-15T07:41:42.985000000,BOUNDARY_INTERVAL_ONLY_NOT_EXACT_PASS_TIME,NOT_IN_INHERITED_CANDIDATE_REVIEW,NOT_IN_INHERITED_CANDIDATE_REVIEW,BOUNDARY_TELEMETRY_DOES_NOT_ESTABLISH_PASS,prediction_windows_37.csv.gz + laptime_source_inventory_37.csv,,,FIXED_PAIR_CLASSIFIED_ORDER_REVERSED_AT_NEXT_LAP_BOUNDARY,FALSE,AUTOMATED_PROXY_LINK_UNREVIEWED
a527d431f0f100ff2b12,2018:Chinese Grand Prix:Race,train,development_train,RAI,VER,16,17,1951.615,2048.052,96.437,2018-04-15T06:38:31.733000000,2018-04-15T06:40:08.170000000,11e34f7a67fca3dab4afadb7,2018:Chinese Grand Prix:Race|RAI|VER|16|17,INHERITED_CANDIDATE_ID,MATCHED_TO_INHERITED_CANDIDATE,OTHER_POSITION_CHANGE,AUTOMATED_REVIEW_UNREVIEWED,RAI:4;VER:3,RAI:3;VER:4,NOT_AVAILABLE_FROM_FASTF1_POSITION_XYZ,2018-04-15T06:38:31.733000+00:00,2018-04-15T06:40:08.170000+00:00,5.869,PIT_LAP_OVERLAP_RECORDED_BUT_TIME_OF_DAY_ONLY,NO_RC_RECORD_ON_DECISION_OR_ENDPOINT_LAP,"FastF1 car_data and pos_data present for selected race; pos_data contains XYZ/status, not classified running order or pass timestamp",event_review_37.csv + candidate source,https://raw.githubusercontent.com/TracingInsights/2018/ec6317adac6786e38b5d35e008f4b87926a3a55c/Chinese%20Grand%20Prix/Race/RAI/laptimes.json|https://raw.githubusercontent.com/TracingInsights/2018/ec6317adac6786e38b5d35e008f4b87926a3a55c/Chinese%20Grand%20Prix/Race/VER/laptimes.json,3778b087bbb5a0428646197368eed4d601baaf20aff86725a4ad91cdd5bee487|6240f216fb479197a5736d01367912ef90c2ca59e512d22441b4f83238aa028c,FIXED_PAIR_CLASSIFIED_ORDER_REVERSED_AT_NEXT_LAP_BOUNDARY,FALSE,AUTOMATED_REVIEW_UNREVIEWED
740c7f9f0277a295a09a,2018:Chinese Grand Prix:Race,train,development_train,RAI,HAM,42,43,4746.266,4843.025,96.759,2018-04-15T07:25:06.384000000,2018-04-15T07:26:43.143000000,,2018:Chinese Grand Prix:Race|RAI|HAM|42|43,BOUNDARY_PROXY_KEY,OUTSIDE_INHERITED_CANDIDATE_UNIVERSE,OUTSIDE_CANDIDATE_UNIVERSE,AUTOMATED_PROXY_LINK_UNREVIEWED,RAI:6;HAM:5,RAI:3;HAM:4,NOT_AVAILABLE_FROM_BOUNDARY_LAPTIMES,2018-04-15T07:25:06.384000000,2018-04-15T07:26:43.143000000,BOUNDARY_INTERVAL_ONLY_NOT_EXACT_PASS_TIME,NOT_IN_INHERITED_CANDIDATE_REVIEW,NOT_IN_INHERITED_CANDIDATE_REVIEW,BOUNDARY_TELEMETRY_DOES_NOT_ESTABLISH_PASS,prediction_windows_37.csv.gz + laptime_source_inventory_37.csv,,,FIXED_PAIR_CLASSIFIED_ORDER_REVERSED_AT_NEXT_LAP_BOUNDARY,FALSE,AUTOMATED_PROXY_LINK_UNREVIEWED
b02b9b7646b456726707,2018:Chinese Grand Prix:Race,train,development_train,RIC,MAG,18,19,2174.206,2274.088,99.882,2018-04-15T06:41:58.650000000,2018-04-15T06:43:54.206000000,,2018:Chinese Grand Prix:Race|RIC|MAG|18|19,BOUNDARY_PROXY_KEY,OUTSIDE_INHERITED_CANDIDATE_UNIVERSE,OUTSIDE_CANDIDATE_UNIVERSE,AUTOMATED_PROXY_LINK_UNREVIEWED,RIC:7;MAG:6,RIC:6;MAG:7,NOT_AVAILABLE_FROM_BOUNDARY_LAPTIMES,2018-04-15T06:41:58.650000000,2018-04-15T06:43:54.206000000,BOUNDARY_INTERVAL_ONLY_NOT_EXACT_PASS_TIME,NOT_IN_INHERITED_CANDIDATE_REVIEW,NOT_IN_INHERITED_CANDIDATE_REVIEW,BOUNDARY_TELEMETRY_DOES_NOT_ESTABLISH_PASS,prediction_windows_37.csv.gz + laptime_source_inventory_37.csv,,,FIXED_PAIR_CLASSIFIED_ORDER_REVERSED_AT_NEXT_LAP_BOUNDARY,FALSE,AUTOMATED_PROXY_LINK_UNREVIEWED
a50d91408633f4964b07,2018:Chinese Grand Prix:Race,train,development_train,RIC,HAM,39,40,4451.434,4548.113,96.679,2018-04-15T07:20:11.552000000,2018-04-15T07:21:48.231000000,,2018:Chinese Grand Prix:Race|RIC|HAM|39|40,BOUNDARY_PROXY_KEY,OUTSIDE_INHERITED_CANDIDATE_UNIVERSE,OUTSIDE_CANDIDATE_UNIVERSE,AUTOMATED_PROXY_LINK_UNREVIEWED,RIC:4;HAM:3,RIC:3;HAM:4,NOT_AVAILABLE_FROM_BOUNDARY_LAPTIMES,2018-04-15T07:20:11.552000000,2018-04-15T07:21:48.231000000,BOUNDARY_INTERVAL_ONLY_NOT_EXACT_PASS_TIME,NOT_IN_INHERITED_CANDIDATE_REVIEW,NOT_IN_INHERITED_CANDIDATE_REVIEW,BOUNDARY_TELEMETRY_DOES_NOT_ESTABLISH_PASS,prediction_windows_37.csv.gz + laptime_source_inventory_37.csv,,,FIXED_PAIR_CLASSIFIED_ORDER_REVERSED_AT_NEXT_LAP_BOUNDARY,FALSE,AUTOMATED_PROXY_LINK_UNREVIEWED
4d7937fcf50b8e9e34f8,2018:Chinese Grand Prix:Race,train,development_train,RIC,VET,41,42,4645.727,4741.653,95.926,2018-04-15T07:23:25.845000000,2018-04-15T07:25:01.771000000,1656809424d86e0c97af1302,2018:Chinese Grand Prix:Race|RIC|VET|41|42,INHERITED_CANDIDATE_ID,MATCHED_TO_INHERITED_CANDIDATE,UNRESOLVED,AUTOMATED_REVIEW_UNREVIEWED,RIC:3;VET:2,RIC:2;VET:3,NOT_AVAILABLE_FROM_FASTF1_POSITION_XYZ,2018-04-15T07:23:25.845000+00:00,2018-04-15T07:25:01.771000+00:00,2.274,NO_RELEVANT_PIT_ROW_FOUND_IN_CONTEXT,NO_RC_RECORD_ON_DECISION_OR_ENDPOINT_LAP,"FastF1 car_data and pos_data present for selected race; pos_data contains XYZ/status, not classified running order or pass timestamp",event_review_37.csv + candidate source,https://raw.githubusercontent.com/TracingInsights/2018/ec6317adac6786e38b5d35e008f4b87926a3a55c/Chinese%20Grand%20Prix/Race/RIC/laptimes.json|https://raw.githubusercontent.com/TracingInsights/2018/ec6317adac6786e38b5d35e008f4b87926a3a55c/Chinese%20Grand%20Prix/Race/VET/laptimes.json,c05ce3b9ea57224a49679d9cdac0ff4d4d1201067be0d7b9cdc9513f83e427cd|e1bee2a82ec91880447cc90dea3e179198040cccaa1e4c9cf17530409fcabb39,FIXED_PAIR_CLASSIFIED_ORDER_REVERSED_AT_NEXT_LAP_BOUNDARY,FALSE,AUTOMATED_REVIEW_UNREVIEWED
1463b19b0bae48a0c82b,2018:Chinese Grand Prix:Race,train,development_train,SAI,GAS,14,15,1794.545,1893.72,99.175,2018-04-15T06:35:54.663000000,2018-04-15T06:37:33.838000000,,2018:Chinese Grand Prix:Race|SAI|GAS|14|15,BOUNDARY_PROXY_KEY,OUTSIDE_INHERITED_CANDIDATE_UNIVERSE,OUTSIDE_CANDIDATE_UNIVERSE,AUTOMATED_PROXY_LINK_UNREVIEWED,SAI:16;GAS:15,SAI:15;GAS:16,NOT_AVAILABLE_FROM_BOUNDARY_LAPTIMES,2018-04-15T06:35:54.663000000,2018-04-15T06:37:33.838000000,BOUNDARY_INTERVAL_ONLY_NOT_EXACT_PASS_TIME,NOT_IN_INHERITED_CANDIDATE_REVIEW,NOT_IN_INHERITED_CANDIDATE_REVIEW,BOUNDARY_TELEMETRY_DOES_NOT_ESTABLISH_PASS,prediction_windows_37.csv.gz + laptime_source_inventory_37.csv,,,FIXED_PAIR_CLASSIFIED_ORDER_REVERSED_AT_NEXT_LAP_BOUNDARY,FALSE,AUTOMATED_PROXY_LINK_UNREVIEWED
f845d867533eac69db6d,2018:Chinese Grand Prix:Race,train,development_train,SAI,LEC,15,16,1894.282,1994.486,100.204,2018-04-15T06:37:34.400000000,2018-04-15T06:39:14.604000000,,2018:Chinese Grand Prix:Race|SAI|LEC|15|16,BOUNDARY_PROXY_KEY,OUTSIDE_INHERITED_CANDIDATE_UNIVERSE,OUTSIDE_CANDIDATE_UNIVERSE,AUTOMATED_PROXY_LINK_UNREVIEWED,SAI:15;LEC:14,SAI:14;LEC:15,NOT_AVAILABLE_FROM_BOUNDARY_LAPTIMES,2018-04-15T06:37:34.400000000,2018-04-15T06:39:14.604000000,BOUNDARY_INTERVAL_ONLY_NOT_EXACT_PASS_TIME,NOT_IN_INHERITED_CANDIDATE_REVIEW,NOT_IN_INHERITED_CANDIDATE_REVIEW,BOUNDARY_TELEMETRY_DOES_NOT_ESTABLISH_PASS,prediction_windows_37.csv.gz + laptime_source_inventory_37.csv,,,FIXED_PAIR_CLASSIFIED_ORDER_REVERSED_AT_NEXT_LAP_BOUNDARY,FALSE,AUTOMATED_PROXY_LINK_UNREVIEWED
368fb7789fec701a1d57,2018:Chinese Grand Prix:Race,train,development_train,SAI,SIR,19,20,2295.772,2394.994,99.222,2018-04-15T06:44:15.890000000,2018-04-15T06:45:55.112000000,ec078c50c421f4581d1a0379,2018:Chinese Grand Prix:Race|SAI|SIR|19|20,INHERITED_CANDIDATE_ID,MATCHED_TO_INHERITED_CANDIDATE,UNRESOLVED,AUTOMATED_REVIEW_UNREVIEWED,SAI:13;SIR:12,SAI:12;SIR:13,NOT_AVAILABLE_FROM_FASTF1_POSITION_XYZ,2018-04-15T06:44:15.890000+00:00,2018-04-15T06:45:55.112000+00:00,2.374,NO_RELEVANT_PIT_ROW_FOUND_IN_CONTEXT,NO_RC_RECORD_ON_DECISION_OR_ENDPOINT_LAP,"FastF1 car_data and pos_data present for selected race; pos_data contains XYZ/status, not classified running order or pass timestamp",event_review_37.csv + candidate source,https://raw.githubusercontent.com/TracingInsights/2018/ec6317adac6786e38b5d35e008f4b87926a3a55c/Chinese%20Grand%20Prix/Race/SAI/laptimes.json|https://raw.githubusercontent.com/TracingInsights/2018/ec6317adac6786e38b5d35e008f4b87926a3a55c/Chinese%20Grand%20Prix/Race/SIR/laptimes.json,2a5acdfea7346ea1f53900ebe5d695525a330529c6eefedb251d9cdcdbd9e559|af18798e333ad8dda7dbbbee3239d9e22f96c7572b025cdfe1d0688091a53e83,FIXED_PAIR_CLASSIFIED_ORDER_REVERSED_AT_NEXT_LAP_BOUNDARY,FALSE,AUTOMATED_REVIEW_UNREVIEWED
e99f7493f23901604a47,2018:Chinese Grand Prix:Race,train,development_train,SAI,VAN,21,22,2495.364,2591.742,96.378,2018-04-15T06:47:35.482000000,2018-04-15T06:49:11.860000000,c3f5e83fec5c77959ea5dbbb,2018:Chinese Grand Prix:Race|SAI|VAN|21|22,INHERITED_CANDIDATE_ID,MATCHED_TO_INHERITED_CANDIDATE,OTHER_POSITION_CHANGE,AUTOMATED_REVIEW_UNREVIEWED,SAI:12;VAN:11,SAI:11;VAN:12,NOT_AVAILABLE_FROM_FASTF1_POSITION_XYZ,2018-04-15T06:47:35.482000+00:00,2018-04-15T06:49:11.860000+00:00,8.717,PIT_LAP_OVERLAP_RECORDED_BUT_TIME_OF_DAY_ONLY,NO_RC_RECORD_ON_DECISION_OR_ENDPOINT_LAP,"FastF1 car_data and pos_data present for selected race; pos_data contains XYZ/status, not classified running order or pass timestamp",event_review_37.csv + candidate source,https://raw.githubusercontent.com/TracingInsights/2018/ec6317adac6786e38b5d35e008f4b87926a3a55c/Chinese%20Grand%20Prix/Race/SAI/laptimes.json|https://raw.githubusercontent.com/TracingInsights/2018/ec6317adac6786e38b5d35e008f4b87926a3a55c/Chinese%20Grand%20Prix/Race/VAN/laptimes.json,2a5acdfea7346ea1f53900ebe5d695525a330529c6eefedb251d9cdcdbd9e559|7df9d53eb834135cdacd992f7519f58bab2bc915feaeb0b615eb8b16d4b765ea,FIXED_PAIR_CLASSIFIED_ORDER_REVERSED_AT_NEXT_LAP_BOUNDARY,FALSE,AUTOMATED_REVIEW_UNREVIEWED
405163bb00c051625030,2018:Chinese Grand Prix:Race,train,development_train,SAI,STR,22,23,2595.431,2691.299,95.868,2018-04-15T06:49:15.549000000,2018-04-15T06:50:51.417000000,ef8bce7ccfbaa07285e03f3e,2018:Chinese Grand Prix:Race|SAI|STR|22|23,INHERITED_CANDIDATE_ID,MATCHED_TO_INHERITED_CANDIDATE,OTHER_POSITION_CHANGE,AUTOMATED_REVIEW_UNREVIEWED,SAI:11;STR:10,SAI:10;STR:11,NOT_AVAILABLE_FROM_FASTF1_POSITION_XYZ,2018-04-15T06:49:15.549000+00:00,2018-04-15T06:50:51.417000+00:00,9.004,PIT_LAP_OVERLAP_RECORDED_BUT_TIME_OF_DAY_ONLY,NO_RC_RECORD_ON_DECISION_OR_ENDPOINT_LAP,"FastF1 car_data and pos_data present for selected race; pos_data contains XYZ/status, not classified running order or pass timestamp",event_review_37.csv + candidate source,https://raw.githubusercontent.com/TracingInsights/2018/ec6317adac6786e38b5d35e008f4b87926a3a55c/Chinese%20Grand%20Prix/Race/SAI/laptimes.json|https://raw.githubusercontent.com/TracingInsights/2018/ec6317adac6786e38b5d35e008f4b87926a3a55c/Chinese%20Grand%20Prix/Race/STR/laptimes.json,2a5acdfea7346ea1f53900ebe5d695525a330529c6eefedb251d9cdcdbd9e559|63e904c41dc22c58f3862b2e5f8dd2ffdd3b9534072b50377844744cf6a60044,FIXED_PAIR_CLASSIFIED_ORDER_REVERSED_AT_NEXT_LAP_BOUNDARY,FALSE,AUTOMATED_REVIEW_UNREVIEWED
c11e89cc4596f902be58,2018:Chinese Grand Prix:Race,train,development_train,STR,ERI,26,27,3015.429,3114.55,99.121,2018-04-15T06:56:15.547000000,2018-04-15T06:57:54.668000000,,2018:Chinese Grand Prix:Race|STR|ERI|26|27,BOUNDARY_PROXY_KEY,OUTSIDE_INHERITED_CANDIDATE_UNIVERSE,OUTSIDE_CANDIDATE_UNIVERSE,AUTOMATED_PROXY_LINK_UNREVIEWED,STR:17;ERI:16,STR:16;ERI:17,NOT_AVAILABLE_FROM_BOUNDARY_LAPTIMES,2018-04-15T06:56:15.547000000,2018-04-15T06:57:54.668000000,BOUNDARY_INTERVAL_ONLY_NOT_EXACT_PASS_TIME,NOT_IN_INHERITED_CANDIDATE_REVIEW,NOT_IN_INHERITED_CANDIDATE_REVIEW,BOUNDARY_TELEMETRY_DOES_NOT_ESTABLISH_PASS,prediction_windows_37.csv.gz + laptime_source_inventory_37.csv,,,FIXED_PAIR_CLASSIFIED_ORDER_REVERSED_AT_NEXT_LAP_BOUNDARY,FALSE,AUTOMATED_PROXY_LINK_UNREVIEWED
cb541afaff9c69006cf1,2018:Chinese Grand Prix:Race,train,development_train,VAN,SIR,4,5,772.291,874.751,102.46,2018-04-15T06:18:52.409000000,2018-04-15T06:20:34.869000000,,2018:Chinese Grand Prix:Race|VAN|SIR|4|5,BOUNDARY_PROXY_KEY,OUTSIDE_INHERITED_CANDIDATE_UNIVERSE,OUTSIDE_CANDIDATE_UNIVERSE,AUTOMATED_PROXY_LINK_UNREVIEWED,VAN:16;SIR:15,VAN:15;SIR:16,NOT_AVAILABLE_FROM_BOUNDARY_LAPTIMES,2018-04-15T06:18:52.409000000,2018-04-15T06:20:34.869000000,BOUNDARY_INTERVAL_ONLY_NOT_EXACT_PASS_TIME,NOT_IN_INHERITED_CANDIDATE_REVIEW,NOT_IN_INHERITED_CANDIDATE_REVIEW,BOUNDARY_TELEMETRY_DOES_NOT_ESTABLISH_PASS,prediction_windows_37.csv.gz + laptime_source_inventory_37.csv,,,FIXED_PAIR_CLASSIFIED_ORDER_REVERSED_AT_NEXT_LAP_BOUNDARY,FALSE,AUTOMATED_PROXY_LINK_UNREVIEWED
ea06df292321f41f5caf,2018:Chinese Grand Prix:Race,train,development_train,VAN,PER,11,12,1481.684,1582.208,100.524,2018-04-15T06:30:41.802000000,2018-04-15T06:32:22.326000000,,2018:Chinese Grand Prix:Race|VAN|PER|11|12,BOUNDARY_PROXY_KEY,OUTSIDE_INHERITED_CANDIDATE_UNIVERSE,OUTSIDE_CANDIDATE_UNIVERSE,AUTOMATED_PROXY_LINK_UNREVIEWED,VAN:15;PER:14,VAN:13;PER:15,NOT_AVAILABLE_FROM_BOUNDARY_LAPTIMES,2018-04-15T06:30:41.802000000,2018-04-15T06:32:22.326000000,BOUNDARY_INTERVAL_ONLY_NOT_EXACT_PASS_TIME,NOT_IN_INHERITED_CANDIDATE_REVIEW,NOT_IN_INHERITED_CANDIDATE_REVIEW,BOUNDARY_TELEMETRY_DOES_NOT_ESTABLISH_PASS,prediction_windows_37.csv.gz + laptime_source_inventory_37.csv,,,FIXED_PAIR_CLASSIFIED_ORDER_REVERSED_AT_NEXT_LAP_BOUNDARY,FALSE,AUTOMATED_PROXY_LINK_UNREVIEWED
b82e28f5918f9b3c2d8b,2018:Chinese Grand Prix:Race,train,development_train,VAN,ERI,25,26,2914.357,3012.875,98.518,2018-04-15T06:54:34.475000000,2018-04-15T06:56:12.993000000,,2018:Chinese Grand Prix:Race|VAN|ERI|25|26,BOUNDARY_PROXY_KEY,OUTSIDE_INHERITED_CANDIDATE_UNIVERSE,OUTSIDE_CANDIDATE_UNIVERSE,AUTOMATED_PROXY_LINK_UNREVIEWED,VAN:16;ERI:15,VAN:15;ERI:16,NOT_AVAILABLE_FROM_BOUNDARY_LAPTIMES,2018-04-15T06:54:34.475000000,2018-04-15T06:56:12.993000000,BOUNDARY_INTERVAL_ONLY_NOT_EXACT_PASS_TIME,NOT_IN_INHERITED_CANDIDATE_REVIEW,NOT_IN_INHERITED_CANDIDATE_REVIEW,BOUNDARY_TELEMETRY_DOES_NOT_ESTABLISH_PASS,prediction_windows_37.csv.gz + laptime_source_inventory_37.csv,,,FIXED_PAIR_CLASSIFIED_ORDER_REVERSED_AT_NEXT_LAP_BOUNDARY,FALSE,AUTOMATED_PROXY_LINK_UNREVIEWED
51be7587b802a7c8b85c,2018:Chinese Grand Prix:Race,train,development_train,VER,HAM,41,42,4647.61,4744.22,96.61,2018-04-15T07:23:27.728000000,2018-04-15T07:25:04.338000000,,2018:Chinese Grand Prix:Race|VER|HAM|41|42,BOUNDARY_PROXY_KEY,OUTSIDE_INHERITED_CANDIDATE_UNIVERSE,OUTSIDE_CANDIDATE_UNIVERSE,AUTOMATED_PROXY_LINK_UNREVIEWED,VER:5;HAM:4,VER:4;HAM:5,NOT_AVAILABLE_FROM_BOUNDARY_LAPTIMES,2018-04-15T07:23:27.728000000,2018-04-15T07:25:04.338000000,BOUNDARY_INTERVAL_ONLY_NOT_EXACT_PASS_TIME,NOT_IN_INHERITED_CANDIDATE_REVIEW,NOT_IN_INHERITED_CANDIDATE_REVIEW,BOUNDARY_TELEMETRY_DOES_NOT_ESTABLISH_PASS,prediction_windows_37.csv.gz + laptime_source_inventory_37.csv,,,FIXED_PAIR_CLASSIFIED_ORDER_REVERSED_AT_NEXT_LAP_BOUNDARY,FALSE,AUTOMATED_PROXY_LINK_UNREVIEWED
84cba57c005f80b1cf5b,2018:Chinese Grand Prix:Race,train,development_train,VER,VET,42,43,4744.786,4840.14,95.354,2018-04-15T07:25:04.904000000,2018-04-15T07:26:40.258000000,0560fe30609a150ed3fa000a,2018:Chinese Grand Prix:Race|VER|VET|42|43,INHERITED_CANDIDATE_ID,MATCHED_TO_INHERITED_CANDIDATE,UNRESOLVED,AUTOMATED_REVIEW_UNREVIEWED,VER:4;VET:3,VER:5;VET:6,NOT_AVAILABLE_FROM_FASTF1_POSITION_XYZ,2018-04-15T07:25:04.904000+00:00,2018-04-15T07:26:40.258000+00:00,4.45,NO_RELEVANT_PIT_ROW_FOUND_IN_CONTEXT,RC_RECORD_ON_DECISION_OR_ENDPOINT_LAP,"FastF1 car_data and pos_data present for selected race; pos_data contains XYZ/status, not classified running order or pass timestamp",event_review_37.csv + candidate source,https://raw.githubusercontent.com/TracingInsights/2018/ec6317adac6786e38b5d35e008f4b87926a3a55c/Chinese%20Grand%20Prix/Race/VER/laptimes.json|https://raw.githubusercontent.com/TracingInsights/2018/ec6317adac6786e38b5d35e008f4b87926a3a55c/Chinese%20Grand%20Prix/Race/VET/laptimes.json,6240f216fb479197a5736d01367912ef90c2ca59e512d22441b4f83238aa028c|c05ce3b9ea57224a49679d9cdac0ff4d4d1201067be0d7b9cdc9513f83e427cd,FIXED_PAIR_CLASSIFIED_ORDER_REVERSED_AT_NEXT_LAP_BOUNDARY,FALSE,AUTOMATED_REVIEW_UNREVIEWED
9166bbec28df8e5bd78a,2018:Chinese Grand Prix:Race,train,development_train,VER,HAM,47,48,5235.755,5331.893,96.138,2018-04-15T07:33:15.873000000,2018-04-15T07:34:52.011000000,,2018:Chinese Grand Prix:Race|VER|HAM|47|48,BOUNDARY_PROXY_KEY,OUTSIDE_INHERITED_CANDIDATE_UNIVERSE,OUTSIDE_CANDIDATE_UNIVERSE,AUTOMATED_PROXY_LINK_UNREVIEWED,VER:5;HAM:4,VER:4;HAM:5,NOT_AVAILABLE_FROM_BOUNDARY_LAPTIMES,2018-04-15T07:33:15.873000000,2018-04-15T07:34:52.011000000,BOUNDARY_INTERVAL_ONLY_NOT_EXACT_PASS_TIME,NOT_IN_INHERITED_CANDIDATE_REVIEW,NOT_IN_INHERITED_CANDIDATE_REVIEW,BOUNDARY_TELEMETRY_DOES_NOT_ESTABLISH_PASS,prediction_windows_37.csv.gz + laptime_source_inventory_37.csv,,,FIXED_PAIR_CLASSIFIED_ORDER_REVERSED_AT_NEXT_LAP_BOUNDARY,FALSE,AUTOMATED_PROXY_LINK_UNREVIEWED
766b36070671f671af70,2018:French Grand Prix:Race,train,development_train,ALO,SIR,10,11,1594.196,1695.125,100.929,2018-06-24T14:32:34.222000000,2018-06-24T14:34:15.151000000,74a4f7040fa1bd421fcc274c,2018:French Grand Prix:Race|ALO|SIR|10|11,INHERITED_CANDIDATE_ID,MATCHED_TO_INHERITED_CANDIDATE,UNRESOLVED,AUTOMATED_REVIEW_UNREVIEWED,ALO:18;SIR:17,ALO:17;SIR:18,NOT_AVAILABLE_FROM_FASTF1_POSITION_XYZ,2018-06-24T14:32:34.222000+00:00,2018-06-24T14:34:15.151000+00:00,0.958,NO_RELEVANT_PIT_ROW_FOUND_IN_CONTEXT,NO_RC_RECORD_ON_DECISION_OR_ENDPOINT_LAP,"FastF1 car_data and pos_data present for selected race; pos_data contains XYZ/status, not classified running order or pass timestamp",event_review_37.csv + candidate source,https://raw.githubusercontent.com/TracingInsights/2018/ec6317adac6786e38b5d35e008f4b87926a3a55c/French%20Grand%20Prix/Race/ALO/laptimes.json|https://raw.githubusercontent.com/TracingInsights/2018/ec6317adac6786e38b5d35e008f4b87926a3a55c/French%20Grand%20Prix/Race/SIR/laptimes.json,2582487f1597ee39bd9c638be63213f151457412c78735bdef5e7cf9600008fc|ffc69a780ceebe55dd5343df3797c4efbc09af0ed37c7621a9c5af88c41c0d78,FIXED_PAIR_CLASSIFIED_ORDER_REVERSED_AT_NEXT_LAP_BOUNDARY,FALSE,AUTOMATED_REVIEW_UNREVIEWED
c2e46886ea732ab95da3,2018:French Grand Prix:Race,train,development_train,ALO,STR,17,18,2295.98,2394.733,98.753,2018-06-24T14:44:16.006000000,2018-06-24T14:45:54.759000000,608a0396e6b1ddc82cba3075,2018:French Grand Prix:Race|ALO|STR|17|18,INHERITED_CANDIDATE_ID,MATCHED_TO_INHERITED_CANDIDATE,UNRESOLVED,AUTOMATED_REVIEW_UNREVIEWED,ALO:17;STR:16,ALO:16;STR:17,NOT_AVAILABLE_FROM_FASTF1_POSITION_XYZ,2018-06-24T14:44:16.006000+00:00,2018-06-24T14:45:54.759000+00:00,1.493,NO_RELEVANT_PIT_ROW_FOUND_IN_CONTEXT,NO_RC_RECORD_ON_DECISION_OR_ENDPOINT_LAP,"FastF1 car_data and pos_data present for selected race; pos_data contains XYZ/status, not classified running order or pass timestamp",event_review_37.csv + candidate source,https://raw.githubusercontent.com/TracingInsights/2018/ec6317adac6786e38b5d35e008f4b87926a3a55c/French%20Grand%20Prix/Race/ALO/laptimes.json|https://raw.githubusercontent.com/TracingInsights/2018/ec6317adac6786e38b5d35e008f4b87926a3a55c/French%20Grand%20Prix/Race/STR/laptimes.json,d35c0c14e351f6309078cdf7f666f12b0a15bbd4eae8fc9f9124b13b55de251e|ffc69a780ceebe55dd5343df3797c4efbc09af0ed37c7621a9c5af88c41c0d78,FIXED_PAIR_CLASSIFIED_ORDER_REVERSED_AT_NEXT_LAP_BOUNDARY,FALSE,AUTOMATED_REVIEW_UNREVIEWED
fac9999e25a5af269872,2018:French Grand Prix:Race,train,development_train,ALO,ERI,34,35,3974.956,4072.265,97.309,2018-06-24T15:12:14.982000000,2018-06-24T15:13:52.291000000,d9b00e985dfc33b315ef6fb2,2018:French Grand Prix:Race|ALO|ERI|34|35,INHERITED_CANDIDATE_ID,MATCHED_TO_INHERITED_CANDIDATE,OTHER_POSITION_CHANGE,AUTOMATED_REVIEW_UNREVIEWED,ALO:13;ERI:12,ALO:13;ERI:17,NOT_AVAILABLE_FROM_FASTF1_POSITION_XYZ,2018-06-24T15:12:14.982000+00:00,2018-06-24T15:13:52.291000+00:00,1.811,PIT_LAP_OVERLAP_RECORDED_BUT_TIME_OF_DAY_ONLY,NO_RC_RECORD_ON_DECISION_OR_ENDPOINT_LAP,"FastF1 car_data and pos_data present for selected race; pos_data contains XYZ/status, not classified running order or pass timestamp",event_review_37.csv + candidate source,https://raw.githubusercontent.com/TracingInsights/2018/ec6317adac6786e38b5d35e008f4b87926a3a55c/French%20Grand%20Prix/Race/ALO/laptimes.json|https://raw.githubusercontent.com/TracingInsights/2018/ec6317adac6786e38b5d35e008f4b87926a3a55c/French%20Grand%20Prix/Race/ERI/laptimes.json,d7f8440b22571f16242a2d2874369b458136ce072660fedcd36fce83ca3c2850|ffc69a780ceebe55dd5343df3797c4efbc09af0ed37c7621a9c5af88c41c0d78,FIXED_PAIR_CLASSIFIED_ORDER_REVERSED_AT_NEXT_LAP_BOUNDARY,FALSE,AUTOMATED_REVIEW_UNREVIEWED
71cbe06cb2b95cc8f6f0,2018:French Grand Prix:Race,train,development_train,BOT,STR,7,8,1287.28,1388.576,101.296,2018-06-24T14:27:27.306000000,2018-06-24T14:29:08.602000000,c09b3fbfd5c83b259c790a20,2018:French Grand Prix:Race|BOT|STR|7|8,INHERITED_CANDIDATE_ID,MATCHED_TO_INHERITED_CANDIDATE,UNRESOLVED,AUTOMATED_REVIEW_UNREVIEWED,BOT:16;STR:15,BOT:14;STR:16,NOT_AVAILABLE_FROM_FASTF1_POSITION_XYZ,2018-06-24T14:27:27.306000+00:00,2018-06-24T14:29:08.602000+00:00,1.148,NO_RELEVANT_PIT_ROW_FOUND_IN_CONTEXT,RC_RECORD_ON_DECISION_OR_ENDPOINT_LAP,"FastF1 car_data and pos_data present for selected race; pos_data contains XYZ/status, not classified running order or pass timestamp",event_review_37.csv + candidate source,https://raw.githubusercontent.com/TracingInsights/2018/ec6317adac6786e38b5d35e008f4b87926a3a55c/French%20Grand%20Prix/Race/BOT/laptimes.json|https://raw.githubusercontent.com/TracingInsights/2018/ec6317adac6786e38b5d35e008f4b87926a3a55c/French%20Grand%20Prix/Race/STR/laptimes.json,bcb14ae8d249a0c91b3da2342362009d1c5838c6fdee9043219c7e27e9bc8743|d35c0c14e351f6309078cdf7f666f12b0a15bbd4eae8fc9f9124b13b55de251e,FIXED_PAIR_CLASSIFIED_ORDER_REVERSED_AT_NEXT_LAP_BOUNDARY,FALSE,AUTOMATED_REVIEW_UNREVIEWED
ff0ade6a33c0f3c27523,2018:French Grand Prix:Race,train,development_train,BOT,VAN,10,11,1589.536,1688.585,99.049,2018-06-24T14:32:29.562000000,2018-06-24T14:34:08.611000000,2f463af4abb060dcab590340,2018:French Grand Prix:Race|BOT|VAN|10|11,INHERITED_CANDIDATE_ID,MATCHED_TO_INHERITED_CANDIDATE,UNRESOLVED,AUTOMATED_REVIEW_UNREVIEWED,BOT:13;VAN:12,BOT:12;VAN:13,NOT_AVAILABLE_FROM_FASTF1_POSITION_XYZ,2018-06-24T14:32:29.562000+00:00,2018-06-24T14:34:08.611000+00:00,1.675,NO_RELEVANT_PIT_ROW_FOUND_IN_CONTEXT,NO_RC_RECORD_ON_DECISION_OR_ENDPOINT_LAP,"FastF1 car_data and pos_data present for selected race; pos_data contains XYZ/status, not classified running order or pass timestamp",event_review_37.csv + candidate source,https://raw.githubusercontent.com/TracingInsights/2018/ec6317adac6786e38b5d35e008f4b87926a3a55c/French%20Grand%20Prix/Race/BOT/laptimes.json|https://raw.githubusercontent.com/TracingInsights/2018/ec6317adac6786e38b5d35e008f4b87926a3a55c/French%20Grand%20Prix/Race/VAN/laptimes.json,9738f470307a653013296f01a2d1825e760df99832ab1f746b9fae5c4d3e084c|bcb14ae8d249a0c91b3da2342362009d1c5838c6fdee9043219c7e27e9bc8743,FIXED_PAIR_CLASSIFIED_ORDER_REVERSED_AT_NEXT_LAP_BOUNDARY,FALSE,AUTOMATED_REVIEW_UNREVIEWED
8628a57dd931fc5ec96e,2018:French Grand Prix:Race,train,development_train,BOT,PER,14,15,1985.158,2084.123,98.965,2018-06-24T14:39:05.184000000,2018-06-24T14:40:44.149000000,75766fc4727e0beaec8c8cc8,2018:French Grand Prix:Race|BOT|PER|14|15,INHERITED_CANDIDATE_ID,MATCHED_TO_INHERITED_CANDIDATE,UNRESOLVED,AUTOMATED_REVIEW_UNREVIEWED,BOT:12;PER:11,BOT:11;PER:12,NOT_AVAILABLE_FROM_FASTF1_POSITION_XYZ,2018-06-24T14:39:05.184000+00:00,2018-06-24T14:40:44.149000+00:00,2.001,NO_RELEVANT_PIT_ROW_FOUND_IN_CONTEXT,NO_RC_RECORD_ON_DECISION_OR_ENDPOINT_LAP,"FastF1 car_data and pos_data present for selected race; pos_data contains XYZ/status, not classified running order or pass timestamp",event_review_37.csv + candidate source,https://raw.githubusercontent.com/TracingInsights/2018/ec6317adac6786e38b5d35e008f4b87926a3a55c/French%20Grand%20Prix/Race/BOT/laptimes.json|https://raw.githubusercontent.com/TracingInsights/2018/ec6317adac6786e38b5d35e008f4b87926a3a55c/French%20Grand%20Prix/Race/PER/laptimes.json,3a9384567eb393fa63fba885acb94099c244cf6755b2a270fbbeae926ca913fe|bcb14ae8d249a0c91b3da2342362009d1c5838c6fdee9043219c7e27e9bc8743,FIXED_PAIR_CLASSIFIED_ORDER_REVERSED_AT_NEXT_LAP_BOUNDARY,FALSE,AUTOMATED_REVIEW_UNREVIEWED
96310d05e50579988aad,2018:French Grand Prix:Race,train,development_train,BOT,GRO,18,19,2381.09,2478.793,97.703,2018-06-24T14:45:41.116000000,2018-06-24T14:47:18.819000000,b553e7bcfd825ecc84897e60,2018:French Grand Prix:Race|BOT|GRO|18|19,INHERITED_CANDIDATE_ID,MATCHED_TO_INHERITED_CANDIDATE,UNRESOLVED,AUTOMATED_REVIEW_UNREVIEWED,BOT:11;GRO:10,BOT:10;GRO:11,NOT_AVAILABLE_FROM_FASTF1_POSITION_XYZ,2018-06-24T14:45:41.116000+00:00,2018-06-24T14:47:18.819000+00:00,2.004,NO_RELEVANT_PIT_ROW_FOUND_IN_CONTEXT,NO_RC_RECORD_ON_DECISION_OR_ENDPOINT_LAP,"FastF1 car_data and pos_data present for selected race; pos_data contains XYZ/status, not classified running order or pass timestamp",event_review_37.csv + candidate source,https://raw.githubusercontent.com/TracingInsights/2018/ec6317adac6786e38b5d35e008f4b87926a3a55c/French%20Grand%20Prix/Race/BOT/laptimes.json|https://raw.githubusercontent.com/TracingInsights/2018/ec6317adac6786e38b5d35e008f4b87926a3a55c/French%20Grand%20Prix/Race/GRO/laptimes.json,ba756da94f4fa496adc7d72c9227ff4eb512401ff6c7561be57318dfeea1ddd5|bcb14ae8d249a0c91b3da2342362009d1c5838c6fdee9043219c7e27e9bc8743,FIXED_PAIR_CLASSIFIED_ORDER_REVERSED_AT_NEXT_LAP_BOUNDARY,FALSE,AUTOMATED_REVIEW_UNREVIEWED
cd90bfaf5a1727f525a1,2018:French Grand Prix:Race,train,development_train,GRO,LEC,30,31,3564.276,3658.974,94.698,2018-06-24T15:05:24.302000000,2018-06-24T15:06:59.000000000,d711d08c4f68b23d00ece2c4,2018:French Grand Prix:Race|GRO|LEC|30|31,INHERITED_CANDIDATE_ID,MATCHED_TO_INHERITED_CANDIDATE,OTHER_POSITION_CHANGE,AUTOMATED_REVIEW_UNREVIEWED,GRO:9;LEC:8,GRO:8;LEC:15,NOT_AVAILABLE_FROM_FASTF1_POSITION_XYZ,2018-06-24T15:05:24.302000+00:00,2018-06-24T15:06:59+00:00,7.569,PIT_LAP_OVERLAP_RECORDED_BUT_TIME_OF_DAY_ONLY,RC_RECORD_ON_DECISION_OR_ENDPOINT_LAP,"FastF1 car_data and pos_data present for selected race; pos_data contains XYZ/status, not classified running order or pass timestamp",event_review_37.csv + candidate source,https://raw.githubusercontent.com/TracingInsights/2018/ec6317adac6786e38b5d35e008f4b87926a3a55c/French%20Grand%20Prix/Race/GRO/laptimes.json|https://raw.githubusercontent.com/TracingInsights/2018/ec6317adac6786e38b5d35e008f4b87926a3a55c/French%20Grand%20Prix/Race/LEC/laptimes.json,8b13a0aa0711da47340e3334f38a9deb2a3f86e710262ba997226ed34e05f0d2|ba756da94f4fa496adc7d72c9227ff4eb512401ff6c7561be57318dfeea1ddd5,FIXED_PAIR_CLASSIFIED_ORDER_REVERSED_AT_NEXT_LAP_BOUNDARY,FALSE,AUTOMATED_REVIEW_UNREVIEWED
29249dc8114e93d53d1c,2018:French Grand Prix:Race,train,development_train,GRO,SIR,35,36,4080.369,4178.669,98.3,2018-06-24T15:14:00.060000000,2018-06-24T15:15:38.695000000,25f24648ff78f1edf09fef1c,2018:French Grand Prix:Race|GRO|SIR|35|36,INHERITED_CANDIDATE_ID,MATCHED_TO_INHERITED_CANDIDATE,UNRESOLVED,AUTOMATED_REVIEW_UNREVIEWED,GRO:16;SIR:15,GRO:15;SIR:16,NOT_AVAILABLE_FROM_FASTF1_POSITION_XYZ,2018-06-24T15:14:00.395000+00:00,2018-06-24T15:15:38.695000+00:00,1.619,NO_RELEVANT_PIT_ROW_FOUND_IN_CONTEXT,RC_RECORD_ON_DECISION_OR_ENDPOINT_LAP,"FastF1 car_data and pos_data present for selected race; pos_data contains XYZ/status, not classified running order or pass timestamp",event_review_37.csv + candidate source,https://raw.githubusercontent.com/TracingInsights/2018/ec6317adac6786e38b5d35e008f4b87926a3a55c/French%20Grand%20Prix/Race/GRO/laptimes.json|https://raw.githubusercontent.com/TracingInsights/2018/ec6317adac6786e38b5d35e008f4b87926a3a55c/French%20Grand%20Prix/Race/SIR/laptimes.json,2582487f1597ee39bd9c638be63213f151457412c78735bdef5e7cf9600008fc|ba756da94f4fa496adc7d72c9227ff4eb512401ff6c7561be57318dfeea1ddd5,FIXED_PAIR_CLASSIFIED_ORDER_REVERSED_AT_NEXT_LAP_BOUNDARY,FALSE,AUTOMATED_REVIEW_UNREVIEWED
b741a9921942674106c6,2018:French Grand Prix:Race,train,development_train,GRO,ALO,39,40,4470.276,4566.929,96.653,2018-06-24T15:20:30.302000000,2018-06-24T15:22:06.955000000,,2018:French Grand Prix:Race|GRO|ALO|39|40,BOUNDARY_PROXY_KEY,OUTSIDE_INHERITED_CANDIDATE_UNIVERSE,OUTSIDE_CANDIDATE_UNIVERSE,AUTOMATED_PROXY_LINK_UNREVIEWED,GRO:13;ALO:12,GRO:11;ALO:12,NOT_AVAILABLE_FROM_BOUNDARY_LAPTIMES,2018-06-24T15:20:30.302000000,2018-06-24T15:22:06.955000000,BOUNDARY_INTERVAL_ONLY_NOT_EXACT_PASS_TIME,NOT_IN_INHERITED_CANDIDATE_REVIEW,NOT_IN_INHERITED_CANDIDATE_REVIEW,BOUNDARY_TELEMETRY_DOES_NOT_ESTABLISH_PASS,prediction_windows_37.csv.gz + laptime_source_inventory_37.csv,,,FIXED_PAIR_CLASSIFIED_ORDER_REVERSED_AT_NEXT_LAP_BOUNDARY,FALSE,AUTOMATED_PROXY_LINK_UNREVIEWED
2c6979b5c9781476eb6c,2018:French Grand Prix:Race,train,development_train,HUL,PER,13,14,1884.943,1983.537,98.594,2018-06-24T14:37:24.969000000,2018-06-24T14:39:03.563000000,2602d625a37a13343053ad39,2018:French Grand Prix:Race|HUL|PER|13|14,INHERITED_CANDIDATE_ID,MATCHED_TO_INHERITED_CANDIDATE,UNRESOLVED,AUTOMATED_REVIEW_UNREVIEWED,HUL:11;PER:10,HUL:10;PER:11,NOT_AVAILABLE_FROM_FASTF1_POSITION_XYZ,2018-06-24T14:37:24.969000+00:00,2018-06-24T14:39:03.563000+00:00,2.546,NO_RELEVANT_PIT_ROW_FOUND_IN_CONTEXT,NO_RC_RECORD_ON_DECISION_OR_ENDPOINT_LAP,"FastF1 car_data and pos_data present for selected race; pos_data contains XYZ/status, not classified running order or pass timestamp",event_review_37.csv + candidate source,https://raw.githubusercontent.com/TracingInsights/2018/ec6317adac6786e38b5d35e008f4b87926a3a55c/French%20Grand%20Prix/Race/HUL/laptimes.json|https://raw.githubusercontent.com/TracingInsights/2018/ec6317adac6786e38b5d35e008f4b87926a3a55c/French%20Grand%20Prix/Race/PER/laptimes.json,3a9384567eb393fa63fba885acb94099c244cf6755b2a270fbbeae926ca913fe|f73d70e7585ba94dbc95f7051b67a963e3b05ecf79eb57cdaf8556c6e3a34542,FIXED_PAIR_CLASSIFIED_ORDER_REVERSED_AT_NEXT_LAP_BOUNDARY,FALSE,AUTOMATED_REVIEW_UNREVIEWED
544370bdac815c03d0bd,2018:French Grand Prix:Race,train,development_train,HUL,GRO,15,16,2082.786,2180.775,97.989,2018-06-24T14:40:42.812000000,2018-06-24T14:42:20.801000000,,2018:French Grand Prix:Race|HUL|GRO|15|16,BOUNDARY_PROXY_KEY,OUTSIDE_INHERITED_CANDIDATE_UNIVERSE,OUTSIDE_CANDIDATE_UNIVERSE,AUTOMATED_PROXY_LINK_UNREVIEWED,HUL:10;GRO:9,HUL:9;GRO:10,NOT_AVAILABLE_FROM_BOUNDARY_LAPTIMES,2018-06-24T14:40:42.812000000,2018-06-24T14:42:20.801000000,BOUNDARY_INTERVAL_ONLY_NOT_EXACT_PASS_TIME,NOT_IN_INHERITED_CANDIDATE_REVIEW,NOT_IN_INHERITED_CANDIDATE_REVIEW,BOUNDARY_TELEMETRY_DOES_NOT_ESTABLISH_PASS,prediction_windows_37.csv.gz + laptime_source_inventory_37.csv,,,FIXED_PAIR_CLASSIFIED_ORDER_REVERSED_AT_NEXT_LAP_BOUNDARY,FALSE,AUTOMATED_PROXY_LINK_UNREVIEWED
6692ff9ec9cba2144850,2018:French Grand Prix:Race,train,development_train,HUL,LEC,23,24,2868.646,2964.858,96.212,2018-06-24T14:53:48.672000000,2018-06-24T14:55:24.884000000,6360bbda9447d6c4f80ad9b4,2018:French Grand Prix:Race|HUL|LEC|23|24,INHERITED_CANDIDATE_ID,MATCHED_TO_INHERITED_CANDIDATE,UNRESOLVED,AUTOMATED_REVIEW_UNREVIEWED,HUL:9;LEC:8,HUL:8;LEC:9,NOT_AVAILABLE_FROM_FASTF1_POSITION_XYZ,2018-06-24T14:53:48.672000+00:00,2018-06-24T14:55:24.884000+00:00,4.251,NO_RELEVANT_PIT_ROW_FOUND_IN_CONTEXT,NO_RC_RECORD_ON_DECISION_OR_ENDPOINT_LAP,"FastF1 car_data and pos_data present for selected race; pos_data contains XYZ/status, not classified running order or pass timestamp",event_review_37.csv + candidate source,https://raw.githubusercontent.com/TracingInsights/2018/ec6317adac6786e38b5d35e008f4b87926a3a55c/French%20Grand%20Prix/Race/HUL/laptimes.json|https://raw.githubusercontent.com/TracingInsights/2018/ec6317adac6786e38b5d35e008f4b87926a3a55c/French%20Grand%20Prix/Race/LEC/laptimes.json,8b13a0aa0711da47340e3334f38a9deb2a3f86e710262ba997226ed34e05f0d2|f73d70e7585ba94dbc95f7051b67a963e3b05ecf79eb57cdaf8556c6e3a34542,FIXED_PAIR_CLASSIFIED_ORDER_REVERSED_AT_NEXT_LAP_BOUNDARY,FALSE,AUTOMATED_REVIEW_UNREVIEWED
4750fc610d707cbde72b,2018:French Grand Prix:Race,train,development_train,LEC,ALO,34,35,3976.552,4073.234,96.682,2018-06-24T15:12:16.578000000,2018-06-24T15:13:53.260000000,,2018:French Grand Prix:Race|LEC|ALO|34|35,BOUNDARY_PROXY_KEY,OUTSIDE_INHERITED_CANDIDATE_UNIVERSE,OUTSIDE_CANDIDATE_UNIVERSE,AUTOMATED_PROXY_LINK_UNREVIEWED,LEC:14;ALO:13,LEC:12;ALO:13,NOT_AVAILABLE_FROM_BOUNDARY_LAPTIMES,2018-06-24T15:12:16.578000000,2018-06-24T15:13:53.260000000,BOUNDARY_INTERVAL_ONLY_NOT_EXACT_PASS_TIME,NOT_IN_INHERITED_CANDIDATE_REVIEW,NOT_IN_INHERITED_CANDIDATE_REVIEW,BOUNDARY_TELEMETRY_DOES_NOT_ESTABLISH_PASS,prediction_windows_37.csv.gz + laptime_source_inventory_37.csv,,,FIXED_PAIR_CLASSIFIED_ORDER_REVERSED_AT_NEXT_LAP_BOUNDARY,FALSE,AUTOMATED_PROXY_LINK_UNREVIEWED
0c16927d086528ccf29a,2018:French Grand Prix:Race,train,development_train,LEC,HAR,37,38,4268.253,4365.044,96.791,2018-06-24T15:17:08.279000000,2018-06-24T15:18:45.070000000,,2018:French Grand Prix:Race|LEC|HAR|37|38,BOUNDARY_PROXY_KEY,OUTSIDE_INHERITED_CANDIDATE_UNIVERSE,OUTSIDE_CANDIDATE_UNIVERSE,AUTOMATED_PROXY_LINK_UNREVIEWED,LEC:12;HAR:11,LEC:11;HAR:16,NOT_AVAILABLE_FROM_BOUNDARY_LAPTIMES,2018-06-24T15:17:08.279000000,2018-06-24T15:18:45.070000000,BOUNDARY_INTERVAL_ONLY_NOT_EXACT_PASS_TIME,NOT_IN_INHERITED_CANDIDATE_REVIEW,NOT_IN_INHERITED_CANDIDATE_REVIEW,BOUNDARY_TELEMETRY_DOES_NOT_ESTABLISH_PASS,prediction_windows_37.csv.gz + laptime_source_inventory_37.csv,,,FIXED_PAIR_CLASSIFIED_ORDER_REVERSED_AT_NEXT_LAP_BOUNDARY,FALSE,AUTOMATED_PROXY_LINK_UNREVIEWED
e0222cbc05d1c074771e,2018:French Grand Prix:Race,train,development_train,MAG,SAI,25,26,3062.169,3159.322,97.153,2018-06-24T14:57:02.195000000,2018-06-24T14:58:39.348000000,4b68a55a9424deebe5ad0f25,2018:French Grand Prix:Race|MAG|SAI|25|26,INHERITED_CANDIDATE_ID,MATCHED_TO_INHERITED_CANDIDATE,OTHER_POSITION_CHANGE,AUTOMATED_REVIEW_UNREVIEWED,MAG:7;SAI:6,MAG:6;SAI:14,NOT_AVAILABLE_FROM_FASTF1_POSITION_XYZ,2018-06-24T14:57:02.195000+00:00,2018-06-24T14:58:39.348000+00:00,2.81,PIT_LAP_OVERLAP_RECORDED_BUT_TIME_OF_DAY_ONLY,NO_RC_RECORD_ON_DECISION_OR_ENDPOINT_LAP,"FastF1 car_data and pos_data present for selected race; pos_data contains XYZ/status, not classified running order or pass timestamp",event_review_37.csv + candidate source,https://raw.githubusercontent.com/TracingInsights/2018/ec6317adac6786e38b5d35e008f4b87926a3a55c/French%20Grand%20Prix/Race/MAG/laptimes.json|https://raw.githubusercontent.com/TracingInsights/2018/ec6317adac6786e38b5d35e008f4b87926a3a55c/French%20Grand%20Prix/Race/SAI/laptimes.json,0dc3aaef52ea27c9f48ee7e3abd8c7469ab2a4510331aff9de43545a40dc7150|51d099e781c76197347a40e429e3589185734379ac879fa9d8949387cbe4b85d,FIXED_PAIR_CLASSIFIED_ORDER_REVERSED_AT_NEXT_LAP_BOUNDARY,FALSE,AUTOMATED_REVIEW_UNREVIEWED
539a2c92adbab951de18,2018:French Grand Prix:Race,train,development_train,MAG,HAR,29,30,3477.247,3576.805,99.558,2018-06-24T15:03:56.835000000,2018-06-24T15:05:36.831000000,,2018:French Grand Prix:Race|MAG|HAR|29|30,BOUNDARY_PROXY_KEY,OUTSIDE_INHERITED_CANDIDATE_UNIVERSE,OUTSIDE_CANDIDATE_UNIVERSE,AUTOMATED_PROXY_LINK_UNREVIEWED,MAG:13;HAR:12,MAG:12;HAR:13,NOT_AVAILABLE_FROM_BOUNDARY_LAPTIMES,2018-06-24T15:03:56.835000000,2018-06-24T15:05:36.831000000,BOUNDARY_INTERVAL_ONLY_NOT_EXACT_PASS_TIME,NOT_IN_INHERITED_CANDIDATE_REVIEW,NOT_IN_INHERITED_CANDIDATE_REVIEW,BOUNDARY_TELEMETRY_DOES_NOT_ESTABLISH_PASS,prediction_windows_37.csv.gz + laptime_source_inventory_37.csv,,,FIXED_PAIR_CLASSIFIED_ORDER_REVERSED_AT_NEXT_LAP_BOUNDARY,FALSE,AUTOMATED_PROXY_LINK_UNREVIEWED
1693f59c8dcb7d301e61,2018:French Grand Prix:Race,train,development_train,RAI,MAG,7,8,1280.397,1379.266,98.869,2018-06-24T14:27:20.423000000,2018-06-24T14:28:59.292000000,,2018:French Grand Prix:Race|RAI|MAG|7|8,BOUNDARY_PROXY_KEY,OUTSIDE_INHERITED_CANDIDATE_UNIVERSE,OUTSIDE_CANDIDATE_UNIVERSE,AUTOMATED_PROXY_LINK_UNREVIEWED,RAI:6;MAG:5,RAI:5;MAG:6,NOT_AVAILABLE_FROM_BOUNDARY_LAPTIMES,2018-06-24T14:27:20.423000000,2018-06-24T14:28:59.292000000,BOUNDARY_INTERVAL_ONLY_NOT_EXACT_PASS_TIME,NOT_IN_INHERITED_CANDIDATE_REVIEW,NOT_IN_INHERITED_CANDIDATE_REVIEW,BOUNDARY_TELEMETRY_DOES_NOT_ESTABLISH_PASS,prediction_windows_37.csv.gz + laptime_source_inventory_37.csv,,,FIXED_PAIR_CLASSIFIED_ORDER_REVERSED_AT_NEXT_LAP_BOUNDARY,FALSE,AUTOMATED_PROXY_LINK_UNREVIEWED
f45c52db8a70140aeeae,2018:French Grand Prix:Race,train,development_train,RIC,VER,24,25,2931.788,3026.129,94.341,2018-06-24T14:54:51.814000000,2018-06-24T14:56:26.155000000,dd808f49936f31ae11665266,2018:French Grand Prix:Race|RIC|VER|24|25,INHERITED_CANDIDATE_ID,MATCHED_TO_INHERITED_CANDIDATE,OTHER_POSITION_CHANGE,AUTOMATED_REVIEW_UNREVIEWED,RIC:3;VER:2,RIC:2;VER:4,NOT_AVAILABLE_FROM_FASTF1_POSITION_XYZ,2018-06-24T14:54:51.814000+00:00,2018-06-24T14:56:26.155000+00:00,5.011,PIT_LAP_OVERLAP_RECORDED_BUT_TIME_OF_DAY_ONLY,NO_RC_RECORD_ON_DECISION_OR_ENDPOINT_LAP,"FastF1 car_data and pos_data present for selected race; pos_data contains XYZ/status, not classified running order or pass timestamp",event_review_37.csv + candidate source,https://raw.githubusercontent.com/TracingInsights/2018/ec6317adac6786e38b5d35e008f4b87926a3a55c/French%20Grand%20Prix/Race/RIC/laptimes.json|https://raw.githubusercontent.com/TracingInsights/2018/ec6317adac6786e38b5d35e008f4b87926a3a55c/French%20Grand%20Prix/Race/VER/laptimes.json,8ac4bb5ecf9a83a129868a5ab80703f937cd8d0717f346d3aa3c0be87612170f|f61bf6981e978fc39a8ab09a64f4fab9db27423c12a97552dafa232a0750e514,FIXED_PAIR_CLASSIFIED_ORDER_REVERSED_AT_NEXT_LAP_BOUNDARY,FALSE,AUTOMATED_REVIEW_UNREVIEWED
083937e91bc6fe983b3e,2018:French Grand Prix:Race,train,development_train,SAI,HAR,28,29,3380.541,3477.247,96.706,2018-06-24T15:02:20.567000000,2018-06-24T15:03:57.273000000,,2018:French Grand Prix:Race|SAI|HAR|28|29,BOUNDARY_PROXY_KEY,OUTSIDE_INHERITED_CANDIDATE_UNIVERSE,OUTSIDE_CANDIDATE_UNIVERSE,AUTOMATED_PROXY_LINK_UNREVIEWED,SAI:13;HAR:12,SAI:11;HAR:12,NOT_AVAILABLE_FROM_BOUNDARY_LAPTIMES,2018-06-24T15:02:20.567000000,2018-06-24T15:03:57.273000000,BOUNDARY_INTERVAL_ONLY_NOT_EXACT_PASS_TIME,NOT_IN_INHERITED_CANDIDATE_REVIEW,NOT_IN_INHERITED_CANDIDATE_REVIEW,BOUNDARY_TELEMETRY_DOES_NOT_ESTABLISH_PASS,prediction_windows_37.csv.gz + laptime_source_inventory_37.csv,,,FIXED_PAIR_CLASSIFIED_ORDER_REVERSED_AT_NEXT_LAP_BOUNDARY,FALSE,AUTOMATED_PROXY_LINK_UNREVIEWED
f41b1bd40ef35271da6f,2018:French Grand Prix:Race,train,development_train,SAI,VAN,34,35,3963.857,4060.149,96.292,2018-06-24T15:12:03.883000000,2018-06-24T15:13:40.175000000,40a1df4bf684dc8afa2ffb8f,2018:French Grand Prix:Race|SAI|VAN|34|35,INHERITED_CANDIDATE_ID,MATCHED_TO_INHERITED_CANDIDATE,UNRESOLVED,AUTOMATED_REVIEW_UNREVIEWED,SAI:9;VAN:8,SAI:8;VAN:9,NOT_AVAILABLE_FROM_FASTF1_POSITION_XYZ,2018-06-24T15:12:03.883000+00:00,2018-06-24T15:13:40.175000+00:00,2.17,NO_RELEVANT_PIT_ROW_FOUND_IN_CONTEXT,NO_RC_RECORD_ON_DECISION_OR_ENDPOINT_LAP,"FastF1 car_data and pos_data present for selected race; pos_data contains XYZ/status, not classified running order or pass timestamp",event_review_37.csv + candidate source,https://raw.githubusercontent.com/TracingInsights/2018/ec6317adac6786e38b5d35e008f4b87926a3a55c/French%20Grand%20Prix/Race/SAI/laptimes.json|https://raw.githubusercontent.com/TracingInsights/2018/ec6317adac6786e38b5d35e008f4b87926a3a55c/French%20Grand%20Prix/Race/VAN/laptimes.json,51d099e781c76197347a40e429e3589185734379ac879fa9d8949387cbe4b85d|9738f470307a653013296f01a2d1825e760df99832ab1f746b9fae5c4d3e084c,FIXED_PAIR_CLASSIFIED_ORDER_REVERSED_AT_NEXT_LAP_BOUNDARY,FALSE,AUTOMATED_REVIEW_UNREVIEWED
6b19d0c5fec83d218e6e,2018:French Grand Prix:Race,train,development_train,VAN,ERI,7,8,1284.646,1386.606,101.96,2018-06-24T14:27:24.672000000,2018-06-24T14:29:06.632000000,,2018:French Grand Prix:Race|VAN|ERI|7|8,BOUNDARY_PROXY_KEY,OUTSIDE_INHERITED_CANDIDATE_UNIVERSE,OUTSIDE_CANDIDATE_UNIVERSE,AUTOMATED_PROXY_LINK_UNREVIEWED,VAN:12;ERI:11,VAN:11;ERI:13,NOT_AVAILABLE_FROM_BOUNDARY_LAPTIMES,2018-06-24T14:27:24.672000000,2018-06-24T14:29:06.632000000,BOUNDARY_INTERVAL_ONLY_NOT_EXACT_PASS_TIME,NOT_IN_INHERITED_CANDIDATE_REVIEW,NOT_IN_INHERITED_CANDIDATE_REVIEW,BOUNDARY_TELEMETRY_DOES_NOT_ESTABLISH_PASS,prediction_windows_37.csv.gz + laptime_source_inventory_37.csv,,,FIXED_PAIR_CLASSIFIED_ORDER_REVERSED_AT_NEXT_LAP_BOUNDARY,FALSE,AUTOMATED_PROXY_LINK_UNREVIEWED
e44f253792bbb2061fb3,2018:French Grand Prix:Race,train,development_train,VET,HUL,10,11,1586.111,1684.101,97.99,2018-06-24T14:32:26.137000000,2018-06-24T14:34:04.127000000,,2018:French Grand Prix:Race|VET|HUL|10|11,BOUNDARY_PROXY_KEY,OUTSIDE_INHERITED_CANDIDATE_UNIVERSE,OUTSIDE_CANDIDATE_UNIVERSE,AUTOMATED_PROXY_LINK_UNREVIEWED,VET:11;HUL:10,VET:10;HUL:11,NOT_AVAILABLE_FROM_BOUNDARY_LAPTIMES,2018-06-24T14:32:26.137000000,2018-06-24T14:34:04.127000000,BOUNDARY_INTERVAL_ONLY_NOT_EXACT_PASS_TIME,NOT_IN_INHERITED_CANDIDATE_REVIEW,NOT_IN_INHERITED_CANDIDATE_REVIEW,BOUNDARY_TELEMETRY_DOES_NOT_ESTABLISH_PASS,prediction_windows_37.csv.gz + laptime_source_inventory_37.csv,,,FIXED_PAIR_CLASSIFIED_ORDER_REVERSED_AT_NEXT_LAP_BOUNDARY,FALSE,AUTOMATED_PROXY_LINK_UNREVIEWED
1e18beb6d60641a5a14b,2018:French Grand Prix:Race,train,development_train,VET,GRO,13,14,1883.5,1981.329,97.829,2018-06-24T14:37:23.526000000,2018-06-24T14:39:01.355000000,,2018:French Grand Prix:Race|VET|GRO|13|14,BOUNDARY_PROXY_KEY,OUTSIDE_INHERITED_CANDIDATE_UNIVERSE,OUTSIDE_CANDIDATE_UNIVERSE,AUTOMATED_PROXY_LINK_UNREVIEWED,VET:9;GRO:8,VET:8;GRO:9,NOT_AVAILABLE_FROM_BOUNDARY_LAPTIMES,2018-06-24T14:37:23.526000000,2018-06-24T14:39:01.355000000,BOUNDARY_INTERVAL_ONLY_NOT_EXACT_PASS_TIME,NOT_IN_INHERITED_CANDIDATE_REVIEW,NOT_IN_INHERITED_CANDIDATE_REVIEW,BOUNDARY_TELEMETRY_DOES_NOT_ESTABLISH_PASS,prediction_windows_37.csv.gz + laptime_source_inventory_37.csv,,,FIXED_PAIR_CLASSIFIED_ORDER_REVERSED_AT_NEXT_LAP_BOUNDARY,FALSE,AUTOMATED_PROXY_LINK_UNREVIEWED
3d727c477f1b0e61f90f,2018:French Grand Prix:Race,train,development_train,VET,MAG,17,18,2274.583,2371.234,96.651,2018-06-24T14:43:54.609000000,2018-06-24T14:45:31.260000000,,2018:French Grand Prix:Race|VET|MAG|17|18,BOUNDARY_PROXY_KEY,OUTSIDE_INHERITED_CANDIDATE_UNIVERSE,OUTSIDE_CANDIDATE_UNIVERSE,AUTOMATED_PROXY_LINK_UNREVIEWED,VET:7;MAG:6,VET:6;MAG:7,NOT_AVAILABLE_FROM_BOUNDARY_LAPTIMES,2018-06-24T14:43:54.609000000,2018-06-24T14:45:31.260000000,BOUNDARY_INTERVAL_ONLY_NOT_EXACT_PASS_TIME,NOT_IN_INHERITED_CANDIDATE_REVIEW,NOT_IN_INHERITED_CANDIDATE_REVIEW,BOUNDARY_TELEMETRY_DOES_NOT_ESTABLISH_PASS,prediction_windows_37.csv.gz + laptime_source_inventory_37.csv,,,FIXED_PAIR_CLASSIFIED_ORDER_REVERSED_AT_NEXT_LAP_BOUNDARY,FALSE,AUTOMATED_PROXY_LINK_UNREVIEWED
8b49e19d63f98dcfb6bf,2018:French Grand Prix:Race,train,development_train,VET,SAI,19,20,2469.216,2566.221,97.005,2018-06-24T14:47:09.242000000,2018-06-24T14:48:46.247000000,,2018:French Grand Prix:Race|VET|SAI|19|20,BOUNDARY_PROXY_KEY,OUTSIDE_INHERITED_CANDIDATE_UNIVERSE,OUTSIDE_CANDIDATE_UNIVERSE,AUTOMATED_PROXY_LINK_UNREVIEWED,VET:6;SAI:5,VET:5;SAI:6,NOT_AVAILABLE_FROM_BOUNDARY_LAPTIMES,2018-06-24T14:47:09.242000000,2018-06-24T14:48:46.247000000,BOUNDARY_INTERVAL_ONLY_NOT_EXACT_PASS_TIME,NOT_IN_INHERITED_CANDIDATE_REVIEW,NOT_IN_INHERITED_CANDIDATE_REVIEW,BOUNDARY_TELEMETRY_DOES_NOT_ESTABLISH_PASS,prediction_windows_37.csv.gz + laptime_source_inventory_37.csv,,,FIXED_PAIR_CLASSIFIED_ORDER_REVERSED_AT_NEXT_LAP_BOUNDARY,FALSE,AUTOMATED_PROXY_LINK_UNREVIEWED
b69dd79816865362237b,2018:German Grand Prix:Race,train,development_train,ALO,LEC,19,20,1877.858,1956.768,78.91,2018-07-22T13:37:24.890000000,2018-07-22T13:38:43.800000000,22a8ed3d98e86166e26d31cb,2018:German Grand Prix:Race|ALO|LEC|19|20,INHERITED_CANDIDATE_ID,MATCHED_TO_INHERITED_CANDIDATE,OTHER_POSITION_CHANGE,AUTOMATED_REVIEW_UNREVIEWED,ALO:12;LEC:11,ALO:11;LEC:12,NOT_AVAILABLE_FROM_FASTF1_POSITION_XYZ,2018-07-22T13:37:24.890000+00:00,2018-07-22T13:38:43.800000+00:00,3.825,PIT_LAP_OVERLAP_RECORDED_BUT_TIME_OF_DAY_ONLY,NO_RC_RECORD_ON_DECISION_OR_ENDPOINT_LAP,"FastF1 car_data and pos_data present for selected race; pos_data contains XYZ/status, not classified running order or pass timestamp",event_review_37.csv + candidate source,https://raw.githubusercontent.com/TracingInsights/2018/ec6317adac6786e38b5d35e008f4b87926a3a55c/German%20Grand%20Prix/Race/ALO/laptimes.json|https://raw.githubusercontent.com/TracingInsights/2018/ec6317adac6786e38b5d35e008f4b87926a3a55c/German%20Grand%20Prix/Race/LEC/laptimes.json,7a055cb150758c6c612a2dea408add40a952cf2ba6ee8159f2992e3fe33ba155|ae23b9d35a0116271961e8e49718eeaf3f54c9deb59326e355d26aea3d4ae9ec,FIXED_PAIR_CLASSIFIED_ORDER_REVERSED_AT_NEXT_LAP_BOUNDARY,FALSE,AUTOMATED_REVIEW_UNREVIEWED
8148a297c9e09071d054,2018:German Grand Prix:Race,train,development_train,ALO,LEC,56,57,5107.751,5210.618,102.867,2018-07-22T14:31:14.783000000,2018-07-22T14:32:57.650000000,e0d7896da1a97ffe1019a74d,2018:German Grand Prix:Race|ALO|LEC|56|57,INHERITED_CANDIDATE_ID,MATCHED_TO_INHERITED_CANDIDATE,UNRESOLVED,AUTOMATED_REVIEW_UNREVIEWED,ALO:15;LEC:14,ALO:14;LEC:16,NOT_AVAILABLE_FROM_FASTF1_POSITION_XYZ,2018-07-22T14:31:14.783000+00:00,2018-07-22T14:32:57.650000+00:00,5.412,NO_RELEVANT_PIT_ROW_FOUND_IN_CONTEXT,RC_RECORD_ON_DECISION_OR_ENDPOINT_LAP,"FastF1 car_data and pos_data present for selected race; pos_data contains XYZ/status, not classified running order or pass timestamp",event_review_37.csv + candidate source,https://raw.githubusercontent.com/TracingInsights/2018/ec6317adac6786e38b5d35e008f4b87926a3a55c/German%20Grand%20Prix/Race/ALO/laptimes.json|https://raw.githubusercontent.com/TracingInsights/2018/ec6317adac6786e38b5d35e008f4b87926a3a55c/German%20Grand%20Prix/Race/LEC/laptimes.json,7a055cb150758c6c612a2dea408add40a952cf2ba6ee8159f2992e3fe33ba155|ae23b9d35a0116271961e8e49718eeaf3f54c9deb59326e355d26aea3d4ae9ec,FIXED_PAIR_CLASSIFIED_ORDER_REVERSED_AT_NEXT_LAP_BOUNDARY,FALSE,AUTOMATED_REVIEW_UNREVIEWED
75341e5a94c7959ee3aa,2018:German Grand Prix:Race,train,development_train,BOT,HAM,41,42,3575.371,3651.48,76.109,2018-07-22T14:05:42.403000000,2018-07-22T14:06:58.512000000,d2f83b8f36048694d75870e4,2018:German Grand Prix:Race|BOT|HAM|41|42,INHERITED_CANDIDATE_ID,MATCHED_TO_INHERITED_CANDIDATE,OTHER_POSITION_CHANGE,AUTOMATED_REVIEW_UNREVIEWED,BOT:4;HAM:3,BOT:3;HAM:4,NOT_AVAILABLE_FROM_FASTF1_POSITION_XYZ,2018-07-22T14:05:42.403000+00:00,2018-07-22T14:06:58.512000+00:00,3.339,PIT_LAP_OVERLAP_RECORDED_BUT_TIME_OF_DAY_ONLY,RC_RECORD_ON_DECISION_OR_ENDPOINT_LAP,"FastF1 car_data and pos_data present for selected race; pos_data contains XYZ/status, not classified running order or pass timestamp",event_review_37.csv + candidate source,https://raw.githubusercontent.com/TracingInsights/2018/ec6317adac6786e38b5d35e008f4b87926a3a55c/German%20Grand%20Prix/Race/BOT/laptimes.json|https://raw.githubusercontent.com/TracingInsights/2018/ec6317adac6786e38b5d35e008f4b87926a3a55c/German%20Grand%20Prix/Race/HAM/laptimes.json,5db14ec830f2636a678db7b2a95cdd2563459f7bca4c5d0ce91b5c1cf9f108c8|9732f4fa914ab65b604cbc91a55e9a1bf9a1e1beb54fdff33931d4bee1661d20,FIXED_PAIR_CLASSIFIED_ORDER_REVERSED_AT_NEXT_LAP_BOUNDARY,FALSE,AUTOMATED_REVIEW_UNREVIEWED
b89613920d754ce0b1f0,2018:German Grand Prix:Race,train,development_train,ERI,OCO,21,22,2041.765,2122.162,80.397,2018-07-22T13:40:08.797000000,2018-07-22T13:41:29.194000000,f594316790b3c6db26569279,2018:German Grand Prix:Race|ERI|OCO|21|22,INHERITED_CANDIDATE_ID,MATCHED_TO_INHERITED_CANDIDATE,UNRESOLVED,AUTOMATED_REVIEW_UNREVIEWED,ERI:12;OCO:11,ERI:11;OCO:12,NOT_AVAILABLE_FROM_FASTF1_POSITION_XYZ,2018-07-22T13:40:08.797000+00:00,2018-07-22T13:41:29.194000+00:00,1.177,NO_RELEVANT_PIT_ROW_FOUND_IN_CONTEXT,NO_RC_RECORD_ON_DECISION_OR_ENDPOINT_LAP,"FastF1 car_data and pos_data present for selected race; pos_data contains XYZ/status, not classified running order or pass timestamp",event_review_37.csv + candidate source,https://raw.githubusercontent.com/TracingInsights/2018/ec6317adac6786e38b5d35e008f4b87926a3a55c/German%20Grand%20Prix/Race/ERI/laptimes.json|https://raw.githubusercontent.com/TracingInsights/2018/ec6317adac6786e38b5d35e008f4b87926a3a55c/German%20Grand%20Prix/Race/OCO/laptimes.json,53ebbd1ba9ddbd7bf5df5dac31c85df23140b367444d34679a01017e36ea9ac7|570b55ba22978fd22c63f741f32b8267fea3214261c9f2d87e7cc848ff8798bf,FIXED_PAIR_CLASSIFIED_ORDER_REVERSED_AT_NEXT_LAP_BOUNDARY,FALSE,AUTOMATED_REVIEW_UNREVIEWED
f61e935b7049dd1f191f,2018:German Grand Prix:Race,train,development_train,ERI,GAS,41,42,3664.288,3743.285,78.997,2018-07-22T14:07:11.320000000,2018-07-22T14:08:30.317000000,0b175212762fac8cb8919564,2018:German Grand Prix:Race|ERI|GAS|41|42,INHERITED_CANDIDATE_ID,MATCHED_TO_INHERITED_CANDIDATE,UNRESOLVED,AUTOMATED_REVIEW_UNREVIEWED,ERI:15;GAS:14,ERI:14;GAS:15,NOT_AVAILABLE_FROM_FASTF1_POSITION_XYZ,2018-07-22T14:07:11.320000+00:00,2018-07-22T14:08:30.317000+00:00,2.628,NO_RELEVANT_PIT_ROW_FOUND_IN_CONTEXT,RC_RECORD_ON_DECISION_OR_ENDPOINT_LAP,"FastF1 car_data and pos_data present for selected race; pos_data contains XYZ/status, not classified running order or pass timestamp",event_review_37.csv + candidate source,https://raw.githubusercontent.com/TracingInsights/2018/ec6317adac6786e38b5d35e008f4b87926a3a55c/German%20Grand%20Prix/Race/ERI/laptimes.json|https://raw.githubusercontent.com/TracingInsights/2018/ec6317adac6786e38b5d35e008f4b87926a3a55c/German%20Grand%20Prix/Race/GAS/laptimes.json,53ebbd1ba9ddbd7bf5df5dac31c85df23140b367444d34679a01017e36ea9ac7|af3c3b179e520bdc1f331da8f4e7e380f019f9b163e4a714fd7287757236769b,FIXED_PAIR_CLASSIFIED_ORDER_REVERSED_AT_NEXT_LAP_BOUNDARY,FALSE,AUTOMATED_REVIEW_UNREVIEWED
072ce7e945bf0c113c7b,2018:German Grand Prix:Race,train,development_train,GAS,VAN,16,17,1648.569,1729.276,80.707,2018-07-22T13:33:35.601000000,2018-07-22T13:34:56.308000000,b3d1d970887c5ab8ca328350,2018:German Grand Prix:Race|GAS|VAN|16|17,INHERITED_CANDIDATE_ID,MATCHED_TO_INHERITED_CANDIDATE,UNRESOLVED,AUTOMATED_REVIEW_UNREVIEWED,GAS:20;VAN:19,GAS:19;VAN:20,NOT_AVAILABLE_FROM_FASTF1_POSITION_XYZ,2018-07-22T13:33:35.601000+00:00,2018-07-22T13:34:56.308000+00:00,1.79,NO_RELEVANT_PIT_ROW_FOUND_IN_CONTEXT,NO_RC_RECORD_ON_DECISION_OR_ENDPOINT_LAP,"FastF1 car_data and pos_data present for selected race; pos_data contains XYZ/status, not classified running order or pass timestamp",event_review_37.csv + candidate source,https://raw.githubusercontent.com/TracingInsights/2018/ec6317adac6786e38b5d35e008f4b87926a3a55c/German%20Grand%20Prix/Race/GAS/laptimes.json|https://raw.githubusercontent.com/TracingInsights/2018/ec6317adac6786e38b5d35e008f4b87926a3a55c/German%20Grand%20Prix/Race/VAN/laptimes.json,29abd22b4e3e0359bca03585ff37ed28cf8471312ba0f02e44fb4ad3ae4ec5d4|af3c3b179e520bdc1f331da8f4e7e380f019f9b163e4a714fd7287757236769b,FIXED_PAIR_CLASSIFIED_ORDER_REVERSED_AT_NEXT_LAP_BOUNDARY,FALSE,AUTOMATED_REVIEW_UNREVIEWED
00bf531240ae6572da95,2018:German Grand Prix:Race,train,development_train,GAS,STR,26,27,2457.354,2537.51,80.156,2018-07-22T13:47:04.386000000,2018-07-22T13:48:24.542000000,aeddd38ca0c9a37dd5a0424c,2018:German Grand Prix:Race|GAS|STR|26|27,INHERITED_CANDIDATE_ID,MATCHED_TO_INHERITED_CANDIDATE,OTHER_POSITION_CHANGE,AUTOMATED_REVIEW_UNREVIEWED,GAS:18;STR:17,GAS:17;STR:19,NOT_AVAILABLE_FROM_FASTF1_POSITION_XYZ,2018-07-22T13:47:04.386000+00:00,2018-07-22T13:48:24.542000+00:00,2.363,PIT_LAP_OVERLAP_RECORDED_BUT_TIME_OF_DAY_ONLY,NO_RC_RECORD_ON_DECISION_OR_ENDPOINT_LAP,"FastF1 car_data and pos_data present for selected race; pos_data contains XYZ/status, not classified running order or pass timestamp",event_review_37.csv + candidate source,https://raw.githubusercontent.com/TracingInsights/2018/ec6317adac6786e38b5d35e008f4b87926a3a55c/German%20Grand%20Prix/Race/GAS/laptimes.json|https://raw.githubusercontent.com/TracingInsights/2018/ec6317adac6786e38b5d35e008f4b87926a3a55c/German%20Grand%20Prix/Race/STR/laptimes.json,397abc36c71a1d0d74f10dca85bb1380f19df4abd011413d5ee14f7d0cb6119f|af3c3b179e520bdc1f331da8f4e7e380f019f9b163e4a714fd7287757236769b,FIXED_PAIR_CLASSIFIED_ORDER_REVERSED_AT_NEXT_LAP_BOUNDARY,FALSE,AUTOMATED_REVIEW_UNREVIEWED
7e08cc06faa02714f474,2018:German Grand Prix:Race,train,development_train,GAS,HAR,27,28,2538.25,2617.326,79.076,2018-07-22T13:48:25.282000000,2018-07-22T13:49:44.358000000,b7339772dec8f9aa2fab98b3,2018:German Grand Prix:Race|GAS|HAR|27|28,INHERITED_CANDIDATE_ID,MATCHED_TO_INHERITED_CANDIDATE,OTHER_POSITION_CHANGE,AUTOMATED_REVIEW_UNREVIEWED,GAS:17;HAR:16,GAS:14;HAR:16,NOT_AVAILABLE_FROM_FASTF1_POSITION_XYZ,2018-07-22T13:48:25.282000+00:00,2018-07-22T13:49:44.358000+00:00,4.29,PIT_LAP_OVERLAP_RECORDED_BUT_TIME_OF_DAY_ONLY,NO_RC_RECORD_ON_DECISION_OR_ENDPOINT_LAP,"FastF1 car_data and pos_data present for selected race; pos_data contains XYZ/status, not classified running order or pass timestamp",event_review_37.csv + candidate source,https://raw.githubusercontent.com/TracingInsights/2018/ec6317adac6786e38b5d35e008f4b87926a3a55c/German%20Grand%20Prix/Race/GAS/laptimes.json|https://raw.githubusercontent.com/TracingInsights/2018/ec6317adac6786e38b5d35e008f4b87926a3a55c/German%20Grand%20Prix/Race/HAR/laptimes.json,8669feff5b009cdba79ceceb90e379d09df33f69ea40efd435aaef668395a122|af3c3b179e520bdc1f331da8f4e7e380f019f9b163e4a714fd7287757236769b,FIXED_PAIR_CLASSIFIED_ORDER_REVERSED_AT_NEXT_LAP_BOUNDARY,FALSE,AUTOMATED_REVIEW_UNREVIEWED
4557be224c379a894919,2018:German Grand Prix:Race,train,development_train,GAS,ALO,64,65,5770.901,5847.046,76.145,2018-07-22T14:42:17.933000000,2018-07-22T14:43:34.078000000,,2018:German Grand Prix:Race|GAS|ALO|64|65,BOUNDARY_PROXY_KEY,OUTSIDE_INHERITED_CANDIDATE_UNIVERSE,OUTSIDE_CANDIDATE_UNIVERSE,AUTOMATED_PROXY_LINK_UNREVIEWED,GAS:15;ALO:14,GAS:14;ALO:16,NOT_AVAILABLE_FROM_BOUNDARY_LAPTIMES,2018-07-22T14:42:17.933000000,2018-07-22T14:43:34.078000000,BOUNDARY_INTERVAL_ONLY_NOT_EXACT_PASS_TIME,NOT_IN_INHERITED_CANDIDATE_REVIEW,NOT_IN_INHERITED_CANDIDATE_REVIEW,BOUNDARY_TELEMETRY_DOES_NOT_ESTABLISH_PASS,prediction_windows_37.csv.gz + laptime_source_inventory_37.csv,,,FIXED_PAIR_CLASSIFIED_ORDER_REVERSED_AT_NEXT_LAP_BOUNDARY,FALSE,AUTOMATED_PROXY_LINK_UNREVIEWED
575f8c851f4ae4518aab,2018:German Grand Prix:Race,train,development_train,GRO,STR,22,23,2129.494,2210.273,80.779,2018-07-22T13:41:21.843000000,2018-07-22T13:42:57.305000000,e7b789ef1009be2cc80511d3,2018:German Grand Prix:Race|GRO|STR|22|23,INHERITED_CANDIDATE_ID,MATCHED_TO_INHERITED_CANDIDATE,UNRESOLVED,AUTOMATED_REVIEW_UNREVIEWED,GRO:15;STR:14,GRO:13;STR:15,NOT_AVAILABLE_FROM_FASTF1_POSITION_XYZ,2018-07-22T13:41:36.526000+00:00,2018-07-22T13:42:57.305000+00:00,15.086,NO_RELEVANT_PIT_ROW_FOUND_IN_CONTEXT,NO_RC_RECORD_ON_DECISION_OR_ENDPOINT_LAP,"FastF1 car_data and pos_data present for selected race; pos_data contains XYZ/status, not classified running order or pass timestamp",event_review_37.csv + candidate source,https://raw.githubusercontent.com/TracingInsights/2018/ec6317adac6786e38b5d35e008f4b87926a3a55c/German%20Grand%20Prix/Race/GRO/laptimes.json|https://raw.githubusercontent.com/TracingInsights/2018/ec6317adac6786e38b5d35e008f4b87926a3a55c/German%20Grand%20Prix/Race/STR/laptimes.json,1191a0beb4fdd9f00b5e7214a3f29628c2f38960f4cbff941834201fea9537fe|397abc36c71a1d0d74f10dca85bb1380f19df4abd011413d5ee14f7d0cb6119f,FIXED_PAIR_CLASSIFIED_ORDER_REVERSED_AT_NEXT_LAP_BOUNDARY,FALSE,AUTOMATED_REVIEW_UNREVIEWED
86587c3acbb41b5fa3e2,2018:German Grand Prix:Race,train,development_train,GRO,SIR,23,24,2210.676,2289.247,78.571,2018-07-22T13:42:57.708000000,2018-07-22T13:44:16.279000000,d5de75a19c0f5e3ff447cf33,2018:German Grand Prix:Race|GRO|SIR|23|24,INHERITED_CANDIDATE_ID,MATCHED_TO_INHERITED_CANDIDATE,UNRESOLVED,AUTOMATED_REVIEW_UNREVIEWED,GRO:13;SIR:12,GRO:12;SIR:14,NOT_AVAILABLE_FROM_FASTF1_POSITION_XYZ,2018-07-22T13:42:57.708000+00:00,2018-07-22T13:44:16.279000+00:00,2.738,NO_RELEVANT_PIT_ROW_FOUND_IN_CONTEXT,NO_RC_RECORD_ON_DECISION_OR_ENDPOINT_LAP,"FastF1 car_data and pos_data present for selected race; pos_data contains XYZ/status, not classified running order or pass timestamp",event_review_37.csv + candidate source,https://raw.githubusercontent.com/TracingInsights/2018/ec6317adac6786e38b5d35e008f4b87926a3a55c/German%20Grand%20Prix/Race/GRO/laptimes.json|https://raw.githubusercontent.com/TracingInsights/2018/ec6317adac6786e38b5d35e008f4b87926a3a55c/German%20Grand%20Prix/Race/SIR/laptimes.json,1191a0beb4fdd9f00b5e7214a3f29628c2f38960f4cbff941834201fea9537fe|fe6be4b5f6f65fbf0b0ac27e4a925e801ee68139ff502139e0c74c217134b323,FIXED_PAIR_CLASSIFIED_ORDER_REVERSED_AT_NEXT_LAP_BOUNDARY,FALSE,AUTOMATED_REVIEW_UNREVIEWED
e86d8c3e05acb5d5be8c,2018:German Grand Prix:Race,train,development_train,GRO,OCO,24,25,2289.734,2367.505,77.771,2018-07-22T13:44:16.766000000,2018-07-22T13:45:34.537000000,840f03b66dad0487d9ec954f,2018:German Grand Prix:Race|GRO|OCO|24|25,INHERITED_CANDIDATE_ID,MATCHED_TO_INHERITED_CANDIDATE,OTHER_POSITION_CHANGE,AUTOMATED_REVIEW_UNREVIEWED,GRO:12;OCO:11,GRO:11;OCO:13,NOT_AVAILABLE_FROM_FASTF1_POSITION_XYZ,2018-07-22T13:44:16.766000+00:00,2018-07-22T13:45:34.537000+00:00,4.156,PIT_LAP_OVERLAP_RECORDED_BUT_TIME_OF_DAY_ONLY,NO_RC_RECORD_ON_DECISION_OR_ENDPOINT_LAP,"FastF1 car_data and pos_data present for selected race; pos_data contains XYZ/status, not classified running order or pass timestamp",event_review_37.csv + candidate source,https://raw.githubusercontent.com/TracingInsights/2018/ec6317adac6786e38b5d35e008f4b87926a3a55c/German%20Grand%20Prix/Race/GRO/laptimes.json|https://raw.githubusercontent.com/TracingInsights/2018/ec6317adac6786e38b5d35e008f4b87926a3a55c/German%20Grand%20Prix/Race/OCO/laptimes.json,1191a0beb4fdd9f00b5e7214a3f29628c2f38960f4cbff941834201fea9537fe|570b55ba22978fd22c63f741f32b8267fea3214261c9f2d87e7cc848ff8798bf,FIXED_PAIR_CLASSIFIED_ORDER_REVERSED_AT_NEXT_LAP_BOUNDARY,FALSE,AUTOMATED_REVIEW_UNREVIEWED
f27023ca417c583d0dff,2018:German Grand Prix:Race,train,development_train,GRO,ERI,28,29,2606.752,2686.0,79.248,2018-07-22T13:49:33.784000000,2018-07-22T13:50:53.032000000,,2018:German Grand Prix:Race|GRO|ERI|28|29,BOUNDARY_PROXY_KEY,OUTSIDE_INHERITED_CANDIDATE_UNIVERSE,OUTSIDE_CANDIDATE_UNIVERSE,AUTOMATED_PROXY_LINK_UNREVIEWED,GRO:10;ERI:9,GRO:9;ERI:10,NOT_AVAILABLE_FROM_BOUNDARY_LAPTIMES,2018-07-22T13:49:33.784000000,2018-07-22T13:50:53.032000000,BOUNDARY_INTERVAL_ONLY_NOT_EXACT_PASS_TIME,NOT_IN_INHERITED_CANDIDATE_REVIEW,NOT_IN_INHERITED_CANDIDATE_REVIEW,BOUNDARY_TELEMETRY_DOES_NOT_ESTABLISH_PASS,prediction_windows_37.csv.gz + laptime_source_inventory_37.csv,,,FIXED_PAIR_CLASSIFIED_ORDER_REVERSED_AT_NEXT_LAP_BOUNDARY,FALSE,AUTOMATED_PROXY_LINK_UNREVIEWED
d9c59226afb4492e5b64,2018:German Grand Prix:Race,train,development_train,GRO,HAR,61,62,5452.311,5529.862,77.551,2018-07-22T14:36:59.343000000,2018-07-22T14:38:16.894000000,b6436aca6f0c75e995f56fa5,2018:German Grand Prix:Race|GRO|HAR|61|62,INHERITED_CANDIDATE_ID,MATCHED_TO_INHERITED_CANDIDATE,UNRESOLVED,AUTOMATED_REVIEW_UNREVIEWED,GRO:10;HAR:9,GRO:9;HAR:10,NOT_AVAILABLE_FROM_FASTF1_POSITION_XYZ,2018-07-22T14:36:59.343000+00:00,2018-07-22T14:38:16.894000+00:00,1.278,NO_RELEVANT_PIT_ROW_FOUND_IN_CONTEXT,RC_RECORD_ON_DECISION_OR_ENDPOINT_LAP,"FastF1 car_data and pos_data present for selected race; pos_data contains XYZ/status, not classified running order or pass timestamp",event_review_37.csv + candidate source,https://raw.githubusercontent.com/TracingInsights/2018/ec6317adac6786e38b5d35e008f4b87926a3a55c/German%20Grand%20Prix/Race/GRO/laptimes.json|https://raw.githubusercontent.com/TracingInsights/2018/ec6317adac6786e38b5d35e008f4b87926a3a55c/German%20Grand%20Prix/Race/HAR/laptimes.json,1191a0beb4fdd9f00b5e7214a3f29628c2f38960f4cbff941834201fea9537fe|8669feff5b009cdba79ceceb90e379d09df33f69ea40efd435aaef668395a122,FIXED_PAIR_CLASSIFIED_ORDER_REVERSED_AT_NEXT_LAP_BOUNDARY,FALSE,AUTOMATED_REVIEW_UNREVIEWED
77411f7f07a9da402765,2018:German Grand Prix:Race,train,development_train,GRO,OCO,65,66,5763.796,5841.242,77.446,2018-07-22T14:42:10.828000000,2018-07-22T14:43:28.274000000,fee17ddc9a6ba56ea5ac620f,2018:German Grand Prix:Race|GRO|OCO|65|66,INHERITED_CANDIDATE_ID,MATCHED_TO_INHERITED_CANDIDATE,UNRESOLVED,AUTOMATED_REVIEW_UNREVIEWED,GRO:8;OCO:7,GRO:7;OCO:8,NOT_AVAILABLE_FROM_FASTF1_POSITION_XYZ,2018-07-22T14:42:10.828000+00:00,2018-07-22T14:43:28.274000+00:00,1.027,NO_RELEVANT_PIT_ROW_FOUND_IN_CONTEXT,NO_RC_RECORD_ON_DECISION_OR_ENDPOINT_LAP,"FastF1 car_data and pos_data present for selected race; pos_data contains XYZ/status, not classified running order or pass timestamp",event_review_37.csv + candidate source,https://raw.githubusercontent.com/TracingInsights/2018/ec6317adac6786e38b5d35e008f4b87926a3a55c/German%20Grand%20Prix/Race/GRO/laptimes.json|https://raw.githubusercontent.com/TracingInsights/2018/ec6317adac6786e38b5d35e008f4b87926a3a55c/German%20Grand%20Prix/Race/OCO/laptimes.json,1191a0beb4fdd9f00b5e7214a3f29628c2f38960f4cbff941834201fea9537fe|570b55ba22978fd22c63f741f32b8267fea3214261c9f2d87e7cc848ff8798bf,FIXED_PAIR_CLASSIFIED_ORDER_REVERSED_AT_NEXT_LAP_BOUNDARY,FALSE,AUTOMATED_REVIEW_UNREVIEWED
192fff15c192081d799e,2018:German Grand Prix:Race,train,development_train,GRO,PER,66,67,5841.659,5917.719,76.06,2018-07-22T14:43:28.691000000,2018-07-22T14:44:44.751000000,af602ccd9924c9990ceaaf69,2018:German Grand Prix:Race|GRO|PER|66|67,INHERITED_CANDIDATE_ID,MATCHED_TO_INHERITED_CANDIDATE,UNRESOLVED,AUTOMATED_REVIEW_UNREVIEWED,GRO:7;PER:6,GRO:6;PER:7,NOT_AVAILABLE_FROM_FASTF1_POSITION_XYZ,2018-07-22T14:43:28.691000+00:00,2018-07-22T14:44:44.751000+00:00,2.463,NO_RELEVANT_PIT_ROW_FOUND_IN_CONTEXT,RC_RECORD_ON_DECISION_OR_ENDPOINT_LAP,"FastF1 car_data and pos_data present for selected race; pos_data contains XYZ/status, not classified running order or pass timestamp",event_review_37.csv + candidate source,https://raw.githubusercontent.com/TracingInsights/2018/ec6317adac6786e38b5d35e008f4b87926a3a55c/German%20Grand%20Prix/Race/GRO/laptimes.json|https://raw.githubusercontent.com/TracingInsights/2018/ec6317adac6786e38b5d35e008f4b87926a3a55c/German%20Grand%20Prix/Race/PER/laptimes.json,1191a0beb4fdd9f00b5e7214a3f29628c2f38960f4cbff941834201fea9537fe|3cd0ad821f9ccbf2e14bc0d1fdf28e256a9cb8cd84669ce7ee8e27f90b0ce4b1,FIXED_PAIR_CLASSIFIED_ORDER_REVERSED_AT_NEXT_LAP_BOUNDARY,FALSE,AUTOMATED_REVIEW_UNREVIEWED
f08d82f4ab96ac431877,2018:German Grand Prix:Race,train,development_train,HAM,LEC,3,4,587.856,667.349,79.493,2018-07-22T13:15:54.888000000,2018-07-22T13:17:14.381000000,2082e06912dfb93d64e1720d,2018:German Grand Prix:Race|HAM|LEC|3|4,INHERITED_CANDIDATE_ID,MATCHED_TO_INHERITED_CANDIDATE,UNRESOLVED,AUTOMATED_REVIEW_UNREVIEWED,HAM:11;LEC:10,HAM:10;LEC:11,NOT_AVAILABLE_FROM_FASTF1_POSITION_XYZ,2018-07-22T13:15:54.888000+00:00,2018-07-22T13:17:14.381000+00:00,1.523,NO_RELEVANT_PIT_ROW_FOUND_IN_CONTEXT,NO_RC_RECORD_ON_DECISION_OR_ENDPOINT_LAP,"FastF1 car_data and pos_data present for selected race; pos_data contains XYZ/status, not classified running order or pass timestamp",event_review_37.csv + candidate source,https://raw.githubusercontent.com/TracingInsights/2018/ec6317adac6786e38b5d35e008f4b87926a3a55c/German%20Grand%20Prix/Race/HAM/laptimes.json|https://raw.githubusercontent.com/TracingInsights/2018/ec6317adac6786e38b5d35e008f4b87926a3a55c/German%20Grand%20Prix/Race/LEC/laptimes.json,5db14ec830f2636a678db7b2a95cdd2563459f7bca4c5d0ce91b5c1cf9f108c8|7a055cb150758c6c612a2dea408add40a952cf2ba6ee8159f2992e3fe33ba155,FIXED_PAIR_CLASSIFIED_ORDER_REVERSED_AT_NEXT_LAP_BOUNDARY,FALSE,AUTOMATED_REVIEW_UNREVIEWED
eb4612f52396f7b1e5c5,2018:German Grand Prix:Race,train,development_train,HAM,SAI,5,6,747.504,827.414,79.91,2018-07-22T13:18:34.536000000,2018-07-22T13:19:54.446000000,c0b87c899114873850913043,2018:German Grand Prix:Race|HAM|SAI|5|6,INHERITED_CANDIDATE_ID,MATCHED_TO_INHERITED_CANDIDATE,UNRESOLVED,AUTOMATED_REVIEW_UNREVIEWED,HAM:10;SAI:9,HAM:9;SAI:10,NOT_AVAILABLE_FROM_FASTF1_POSITION_XYZ,2018-07-22T13:18:34.536000+00:00,2018-07-22T13:19:54.446000+00:00,1.111,NO_RELEVANT_PIT_ROW_FOUND_IN_CONTEXT,NO_RC_RECORD_ON_DECISION_OR_ENDPOINT_LAP,"FastF1 car_data and pos_data present for selected race; pos_data contains XYZ/status, not classified running order or pass timestamp",event_review_37.csv + candidate source,https://raw.githubusercontent.com/TracingInsights/2018/ec6317adac6786e38b5d35e008f4b87926a3a55c/German%20Grand%20Prix/Race/HAM/laptimes.json|https://raw.githubusercontent.com/TracingInsights/2018/ec6317adac6786e38b5d35e008f4b87926a3a55c/German%20Grand%20Prix/Race/SAI/laptimes.json,5db14ec830f2636a678db7b2a95cdd2563459f7bca4c5d0ce91b5c1cf9f108c8|8005436bd0c7ebba01dec2e8a973c051fd2078bd607cc18621005a1097ce3385,FIXED_PAIR_CLASSIFIED_ORDER_REVERSED_AT_NEXT_LAP_BOUNDARY,FALSE,AUTOMATED_REVIEW_UNREVIEWED
964a99d3e4cfc0f6c6a0,2018:German Grand Prix:Race,train,development_train,HAM,GRO,7,8,907.184,987.378,80.194,2018-07-22T13:21:14.216000000,2018-07-22T13:22:34.410000000,,2018:German Grand Prix:Race|HAM|GRO|7|8,BOUNDARY_PROXY_KEY,OUTSIDE_INHERITED_CANDIDATE_UNIVERSE,OUTSIDE_CANDIDATE_UNIVERSE,AUTOMATED_PROXY_LINK_UNREVIEWED,HAM:9;GRO:8,HAM:8;GRO:9,NOT_AVAILABLE_FROM_BOUNDARY_LAPTIMES,2018-07-22T13:21:14.216000000,2018-07-22T13:22:34.410000000,BOUNDARY_INTERVAL_ONLY_NOT_EXACT_PASS_TIME,NOT_IN_INHERITED_CANDIDATE_REVIEW,NOT_IN_INHERITED_CANDIDATE_REVIEW,BOUNDARY_TELEMETRY_DOES_NOT_ESTABLISH_PASS,prediction_windows_37.csv.gz + laptime_source_inventory_37.csv,,,FIXED_PAIR_CLASSIFIED_ORDER_REVERSED_AT_NEXT_LAP_BOUNDARY,FALSE,AUTOMATED_PROXY_LINK_UNREVIEWED
c51f63bd7682540f244c,2018:German Grand Prix:Race,train,development_train,HAM,PER,8,9,987.833,1066.572,78.739,2018-07-22T13:22:34.865000000,2018-07-22T13:23:53.604000000,8bdc847e55ae1ca252d548dd,2018:German Grand Prix:Race|HAM|PER|8|9,INHERITED_CANDIDATE_ID,MATCHED_TO_INHERITED_CANDIDATE,UNRESOLVED,AUTOMATED_REVIEW_UNREVIEWED,HAM:8;PER:7,HAM:7;PER:8,NOT_AVAILABLE_FROM_FASTF1_POSITION_XYZ,2018-07-22T13:22:34.865000+00:00,2018-07-22T13:23:53.604000+00:00,2.112,NO_RELEVANT_PIT_ROW_FOUND_IN_CONTEXT,NO_RC_RECORD_ON_DECISION_OR_ENDPOINT_LAP,"FastF1 car_data and pos_data present for selected race; pos_data contains XYZ/status, not classified running order or pass timestamp",event_review_37.csv + candidate source,https://raw.githubusercontent.com/TracingInsights/2018/ec6317adac6786e38b5d35e008f4b87926a3a55c/German%20Grand%20Prix/Race/HAM/laptimes.json|https://raw.githubusercontent.com/TracingInsights/2018/ec6317adac6786e38b5d35e008f4b87926a3a55c/German%20Grand%20Prix/Race/PER/laptimes.json,3cd0ad821f9ccbf2e14bc0d1fdf28e256a9cb8cd84669ce7ee8e27f90b0ce4b1|5db14ec830f2636a678db7b2a95cdd2563459f7bca4c5d0ce91b5c1cf9f108c8,FIXED_PAIR_CLASSIFIED_ORDER_REVERSED_AT_NEXT_LAP_BOUNDARY,FALSE,AUTOMATED_REVIEW_UNREVIEWED
eca0850adf34f56f20e2,2018:German Grand Prix:Race,train,development_train,HAM,HUL,10,11,1146.599,1225.846,79.247,2018-07-22T13:25:13.631000000,2018-07-22T13:26:32.878000000,be8f25586c5094b5914110a7,2018:German Grand Prix:Race|HAM|HUL|10|11,INHERITED_CANDIDATE_ID,MATCHED_TO_INHERITED_CANDIDATE,UNRESOLVED,AUTOMATED_REVIEW_UNREVIEWED,HAM:7;HUL:6,HAM:6;HUL:7,NOT_AVAILABLE_FROM_FASTF1_POSITION_XYZ,2018-07-22T13:25:13.631000+00:00,2018-07-22T13:26:32.878000+00:00,1.763,NO_RELEVANT_PIT_ROW_FOUND_IN_CONTEXT,NO_RC_RECORD_ON_DECISION_OR_ENDPOINT_LAP,"FastF1 car_data and pos_data present for selected race; pos_data contains XYZ/status, not classified running order or pass timestamp",event_review_37.csv + candidate source,https://raw.githubusercontent.com/TracingInsights/2018/ec6317adac6786e38b5d35e008f4b87926a3a55c/German%20Grand%20Prix/Race/HAM/laptimes.json|https://raw.githubusercontent.com/TracingInsights/2018/ec6317adac6786e38b5d35e008f4b87926a3a55c/German%20Grand%20Prix/Race/HUL/laptimes.json,5db14ec830f2636a678db7b2a95cdd2563459f7bca4c5d0ce91b5c1cf9f108c8|9efb6f5a196b9ce30d97b9e5e7f74c3980dc1ed1dc7f132dc6408e6d111c061c,FIXED_PAIR_CLASSIFIED_ORDER_REVERSED_AT_NEXT_LAP_BOUNDARY,FALSE,AUTOMATED_REVIEW_UNREVIEWED
c210cd6349151703b0d9,2018:German Grand Prix:Race,train,development_train,HAM,MAG,13,14,1384.16,1462.736,78.576,2018-07-22T13:29:11.192000000,2018-07-22T13:30:29.768000000,23b5a9901b75b73c8e681d03,2018:German Grand Prix:Race|HAM|MAG|13|14,INHERITED_CANDIDATE_ID,MATCHED_TO_INHERITED_CANDIDATE,UNRESOLVED,AUTOMATED_REVIEW_UNREVIEWED,HAM:6;MAG:5,HAM:5;MAG:6,NOT_AVAILABLE_FROM_FASTF1_POSITION_XYZ,2018-07-22T13:29:11.192000+00:00,2018-07-22T13:30:29.768000+00:00,2.059,NO_RELEVANT_PIT_ROW_FOUND_IN_CONTEXT,NO_RC_RECORD_ON_DECISION_OR_ENDPOINT_LAP,"FastF1 car_data and pos_data present for selected race; pos_data contains XYZ/status, not classified running order or pass timestamp",event_review_37.csv + candidate source,https://raw.githubusercontent.com/TracingInsights/2018/ec6317adac6786e38b5d35e008f4b87926a3a55c/German%20Grand%20Prix/Race/HAM/laptimes.json|https://raw.githubusercontent.com/TracingInsights/2018/ec6317adac6786e38b5d35e008f4b87926a3a55c/German%20Grand%20Prix/Race/MAG/laptimes.json,2c54b13b0c60f27bf1f868251a79cc56b295c2685f7223129a25452d4a00a034|5db14ec830f2636a678db7b2a95cdd2563459f7bca4c5d0ce91b5c1cf9f108c8,FIXED_PAIR_CLASSIFIED_ORDER_REVERSED_AT_NEXT_LAP_BOUNDARY,FALSE,AUTOMATED_REVIEW_UNREVIEWED
de313f9a84cd7ae3c000,2018:German Grand Prix:Race,train,development_train,HAR,STR,25,26,2375.733,2455.731,79.998,2018-07-22T13:45:42.765000000,2018-07-22T13:47:02.763000000,93f3812b84825a4f13fa8b88,2018:German Grand Prix:Race|HAR|STR|25|26,INHERITED_CANDIDATE_ID,MATCHED_TO_INHERITED_CANDIDATE,UNRESOLVED,AUTOMATED_REVIEW_UNREVIEWED,HAR:18;STR:17,HAR:16;STR:17,NOT_AVAILABLE_FROM_FASTF1_POSITION_XYZ,2018-07-22T13:45:42.765000+00:00,2018-07-22T13:47:02.763000+00:00,2.419,NO_RELEVANT_PIT_ROW_FOUND_IN_CONTEXT,NO_RC_RECORD_ON_DECISION_OR_ENDPOINT_LAP,"FastF1 car_data and pos_data present for selected race; pos_data contains XYZ/status, not classified running order or pass timestamp",event_review_37.csv + candidate source,https://raw.githubusercontent.com/TracingInsights/2018/ec6317adac6786e38b5d35e008f4b87926a3a55c/German%20Grand%20Prix/Race/HAR/laptimes.json|https://raw.githubusercontent.com/TracingInsights/2018/ec6317adac6786e38b5d35e008f4b87926a3a55c/German%20Grand%20Prix/Race/STR/laptimes.json,397abc36c71a1d0d74f10dca85bb1380f19df4abd011413d5ee14f7d0cb6119f|8669feff5b009cdba79ceceb90e379d09df33f69ea40efd435aaef668395a122,FIXED_PAIR_CLASSIFIED_ORDER_REVERSED_AT_NEXT_LAP_BOUNDARY,FALSE,AUTOMATED_REVIEW_UNREVIEWED
d86a1f287f947fb4929c,2018:German Grand Prix:Race,train,development_train,HUL,ERI,21,22,2043.441,2122.7,79.259,2018-07-22T13:40:10.473000000,2018-07-22T13:41:29.732000000,,2018:German Grand Prix:Race|HUL|ERI|21|22,BOUNDARY_PROXY_KEY,OUTSIDE_INHERITED_CANDIDATE_UNIVERSE,OUTSIDE_CANDIDATE_UNIVERSE,AUTOMATED_PROXY_LINK_UNREVIEWED,HUL:13;ERI:12,HUL:10;ERI:11,NOT_AVAILABLE_FROM_BOUNDARY_LAPTIMES,2018-07-22T13:40:10.473000000,2018-07-22T13:41:29.732000000,BOUNDARY_INTERVAL_ONLY_NOT_EXACT_PASS_TIME,NOT_IN_INHERITED_CANDIDATE_REVIEW,NOT_IN_INHERITED_CANDIDATE_REVIEW,BOUNDARY_TELEMETRY_DOES_NOT_ESTABLISH_PASS,prediction_windows_37.csv.gz + laptime_source_inventory_37.csv,,,FIXED_PAIR_CLASSIFIED_ORDER_REVERSED_AT_NEXT_LAP_BOUNDARY,FALSE,AUTOMATED_PROXY_LINK_UNREVIEWED
248dc0fd7f2c0a26a4e8,2018:German Grand Prix:Race,train,development_train,LEC,GAS,22,23,2133.825,2214.241,80.416,2018-07-22T13:41:40.857000000,2018-07-22T13:43:01.273000000,,2018:German Grand Prix:Race|LEC|GAS|22|23,BOUNDARY_PROXY_KEY,OUTSIDE_INHERITED_CANDIDATE_UNIVERSE,OUTSIDE_CANDIDATE_UNIVERSE,AUTOMATED_PROXY_LINK_UNREVIEWED,LEC:19;GAS:18,LEC:18;GAS:19,NOT_AVAILABLE_FROM_BOUNDARY_LAPTIMES,2018-07-22T13:41:40.857000000,2018-07-22T13:43:01.273000000,BOUNDARY_INTERVAL_ONLY_NOT_EXACT_PASS_TIME,NOT_IN_INHERITED_CANDIDATE_REVIEW,NOT_IN_INHERITED_CANDIDATE_REVIEW,BOUNDARY_TELEMETRY_DOES_NOT_ESTABLISH_PASS,prediction_windows_37.csv.gz + laptime_source_inventory_37.csv,,,FIXED_PAIR_CLASSIFIED_ORDER_REVERSED_AT_NEXT_LAP_BOUNDARY,FALSE,AUTOMATED_PROXY_LINK_UNREVIEWED
6f3a318a1fb5a2d112aa,2018:German Grand Prix:Race,train,development_train,LEC,HAR,23,24,2214.752,2293.927,79.175,2018-07-22T13:43:01.784000000,2018-07-22T13:44:20.959000000,,2018:German Grand Prix:Race|LEC|HAR|23|24,BOUNDARY_PROXY_KEY,OUTSIDE_INHERITED_CANDIDATE_UNIVERSE,OUTSIDE_CANDIDATE_UNIVERSE,AUTOMATED_PROXY_LINK_UNREVIEWED,LEC:18;HAR:17,LEC:17;HAR:18,NOT_AVAILABLE_FROM_BOUNDARY_LAPTIMES,2018-07-22T13:43:01.784000000,2018-07-22T13:44:20.959000000,BOUNDARY_INTERVAL_ONLY_NOT_EXACT_PASS_TIME,NOT_IN_INHERITED_CANDIDATE_REVIEW,NOT_IN_INHERITED_CANDIDATE_REVIEW,BOUNDARY_TELEMETRY_DOES_NOT_ESTABLISH_PASS,prediction_windows_37.csv.gz + laptime_source_inventory_37.csv,,,FIXED_PAIR_CLASSIFIED_ORDER_REVERSED_AT_NEXT_LAP_BOUNDARY,FALSE,AUTOMATED_PROXY_LINK_UNREVIEWED
94cb2ab83fc8157e1813,2018:German Grand Prix:Race,train,development_train,LEC,STR,24,25,2294.406,2374.067,79.661,2018-07-22T13:44:21.438000000,2018-07-22T13:45:41.099000000,de278e2f2d9ff3eb4643988f,2018:German Grand Prix:Race|LEC|STR|24|25,INHERITED_CANDIDATE_ID,MATCHED_TO_INHERITED_CANDIDATE,UNRESOLVED,AUTOMATED_REVIEW_UNREVIEWED,LEC:17;STR:16,LEC:16;STR:17,NOT_AVAILABLE_FROM_FASTF1_POSITION_XYZ,2018-07-22T13:44:21.438000+00:00,2018-07-22T13:45:41.099000+00:00,2.703,NO_RELEVANT_PIT_ROW_FOUND_IN_CONTEXT,NO_RC_RECORD_ON_DECISION_OR_ENDPOINT_LAP,"FastF1 car_data and pos_data present for selected race; pos_data contains XYZ/status, not classified running order or pass timestamp",event_review_37.csv + candidate source,https://raw.githubusercontent.com/TracingInsights/2018/ec6317adac6786e38b5d35e008f4b87926a3a55c/German%20Grand%20Prix/Race/LEC/laptimes.json|https://raw.githubusercontent.com/TracingInsights/2018/ec6317adac6786e38b5d35e008f4b87926a3a55c/German%20Grand%20Prix/Race/STR/laptimes.json,397abc36c71a1d0d74f10dca85bb1380f19df4abd011413d5ee14f7d0cb6119f|7a055cb150758c6c612a2dea408add40a952cf2ba6ee8159f2992e3fe33ba155,FIXED_PAIR_CLASSIFIED_ORDER_REVERSED_AT_NEXT_LAP_BOUNDARY,FALSE,AUTOMATED_REVIEW_UNREVIEWED
66afc627e4d98b138f07,2018:German Grand Prix:Race,train,development_train,LEC,SIR,25,26,2374.571,2453.666,79.095,2018-07-22T13:45:41.603000000,2018-07-22T13:47:00.698000000,f3eadc6d395e0065a657a952,2018:German Grand Prix:Race|LEC|SIR|25|26,INHERITED_CANDIDATE_ID,MATCHED_TO_INHERITED_CANDIDATE,UNRESOLVED,AUTOMATED_REVIEW_UNREVIEWED,LEC:16;SIR:15,LEC:14;SIR:15,NOT_AVAILABLE_FROM_FASTF1_POSITION_XYZ,2018-07-22T13:45:41.603000+00:00,2018-07-22T13:47:00.698000+00:00,3.667,NO_RELEVANT_PIT_ROW_FOUND_IN_CONTEXT,NO_RC_RECORD_ON_DECISION_OR_ENDPOINT_LAP,"FastF1 car_data and pos_data present for selected race; pos_data contains XYZ/status, not classified running order or pass timestamp",event_review_37.csv + candidate source,https://raw.githubusercontent.com/TracingInsights/2018/ec6317adac6786e38b5d35e008f4b87926a3a55c/German%20Grand%20Prix/Race/LEC/laptimes.json|https://raw.githubusercontent.com/TracingInsights/2018/ec6317adac6786e38b5d35e008f4b87926a3a55c/German%20Grand%20Prix/Race/SIR/laptimes.json,7a055cb150758c6c612a2dea408add40a952cf2ba6ee8159f2992e3fe33ba155|fe6be4b5f6f65fbf0b0ac27e4a925e801ee68139ff502139e0c74c217134b323,FIXED_PAIR_CLASSIFIED_ORDER_REVERSED_AT_NEXT_LAP_BOUNDARY,FALSE,AUTOMATED_REVIEW_UNREVIEWED
ab91c7b5a36840a9faf2,2018:German Grand Prix:Race,train,development_train,OCO,VAN,28,29,2624.85,2702.158,77.308,2018-07-22T13:49:51.882000000,2018-07-22T13:51:09.190000000,8b11c667cb95b9e4cb4724eb,2018:German Grand Prix:Race|OCO|VAN|28|29,INHERITED_CANDIDATE_ID,MATCHED_TO_INHERITED_CANDIDATE,OTHER_POSITION_CHANGE,AUTOMATED_REVIEW_UNREVIEWED,OCO:18;VAN:17,OCO:15;VAN:16,NOT_AVAILABLE_FROM_FASTF1_POSITION_XYZ,2018-07-22T13:49:51.882000+00:00,2018-07-22T13:51:09.190000+00:00,5.86,PIT_LAP_OVERLAP_RECORDED_BUT_TIME_OF_DAY_ONLY,RC_RECORD_ON_DECISION_OR_ENDPOINT_LAP,"FastF1 car_data and pos_data present for selected race; pos_data contains XYZ/status, not classified running order or pass timestamp",event_review_37.csv + candidate source,https://raw.githubusercontent.com/TracingInsights/2018/ec6317adac6786e38b5d35e008f4b87926a3a55c/German%20Grand%20Prix/Race/OCO/laptimes.json|https://raw.githubusercontent.com/TracingInsights/2018/ec6317adac6786e38b5d35e008f4b87926a3a55c/German%20Grand%20Prix/Race/VAN/laptimes.json,29abd22b4e3e0359bca03585ff37ed28cf8471312ba0f02e44fb4ad3ae4ec5d4|570b55ba22978fd22c63f741f32b8267fea3214261c9f2d87e7cc848ff8798bf,FIXED_PAIR_CLASSIFIED_ORDER_REVERSED_AT_NEXT_LAP_BOUNDARY,FALSE,AUTOMATED_REVIEW_UNREVIEWED
4cd713add53c28331d8c,2018:German Grand Prix:Race,train,development_train,PER,GRO,6,7,826.415,905.823,79.408,2018-07-22T13:19:53.447000000,2018-07-22T13:21:12.855000000,,2018:German Grand Prix:Race|PER|GRO|6|7,BOUNDARY_PROXY_KEY,OUTSIDE_INHERITED_CANDIDATE_UNIVERSE,OUTSIDE_CANDIDATE_UNIVERSE,AUTOMATED_PROXY_LINK_UNREVIEWED,PER:8;GRO:7,PER:7;GRO:8,NOT_AVAILABLE_FROM_BOUNDARY_LAPTIMES,2018-07-22T13:19:53.447000000,2018-07-22T13:21:12.855000000,BOUNDARY_INTERVAL_ONLY_NOT_EXACT_PASS_TIME,NOT_IN_INHERITED_CANDIDATE_REVIEW,NOT_IN_INHERITED_CANDIDATE_REVIEW,BOUNDARY_TELEMETRY_DOES_NOT_ESTABLISH_PASS,prediction_windows_37.csv.gz + laptime_source_inventory_37.csv,,,FIXED_PAIR_CLASSIFIED_ORDER_REVERSED_AT_NEXT_LAP_BOUNDARY,FALSE,AUTOMATED_PROXY_LINK_UNREVIEWED
d4da9f2169d8ebd2a2e5,2018:German Grand Prix:Race,train,development_train,PER,HUL,17,18,1708.805,1786.803,77.998,2018-07-22T13:34:35.837000000,2018-07-22T13:35:53.835000000,,2018:German Grand Prix:Race|PER|HUL|17|18,BOUNDARY_PROXY_KEY,OUTSIDE_INHERITED_CANDIDATE_UNIVERSE,OUTSIDE_CANDIDATE_UNIVERSE,AUTOMATED_PROXY_LINK_UNREVIEWED,PER:8;HUL:7,PER:7;HUL:8,NOT_AVAILABLE_FROM_BOUNDARY_LAPTIMES,2018-07-22T13:34:35.837000000,2018-07-22T13:35:53.835000000,BOUNDARY_INTERVAL_ONLY_NOT_EXACT_PASS_TIME,NOT_IN_INHERITED_CANDIDATE_REVIEW,NOT_IN_INHERITED_CANDIDATE_REVIEW,BOUNDARY_TELEMETRY_DOES_NOT_ESTABLISH_PASS,prediction_windows_37.csv.gz + laptime_source_inventory_37.csv,,,FIXED_PAIR_CLASSIFIED_ORDER_REVERSED_AT_NEXT_LAP_BOUNDARY,FALSE,AUTOMATED_PROXY_LINK_UNREVIEWED
822dac50665943906737,2018:German Grand Prix:Race,train,development_train,RAI,VER,28,29,2551.924,2628.914,76.99,2018-07-22T13:48:38.956000000,2018-07-22T13:49:55.946000000,86f9137cf4a95e2df7b8a3f8,2018:German Grand Prix:Race|RAI|VER|28|29,INHERITED_CANDIDATE_ID,MATCHED_TO_INHERITED_CANDIDATE,OTHER_POSITION_CHANGE,AUTOMATED_REVIEW_UNREVIEWED,RAI:3;VER:2,RAI:1;VER:3,NOT_AVAILABLE_FROM_FASTF1_POSITION_XYZ,2018-07-22T13:48:38.956000+00:00,2018-07-22T13:49:55.946000+00:00,3.783,PIT_LAP_OVERLAP_RECORDED_BUT_TIME_OF_DAY_ONLY,RC_RECORD_ON_DECISION_OR_ENDPOINT_LAP,"FastF1 car_data and pos_data present for selected race; pos_data contains XYZ/status, not classified running order or pass timestamp",event_review_37.csv + candidate source,https://raw.githubusercontent.com/TracingInsights/2018/ec6317adac6786e38b5d35e008f4b87926a3a55c/German%20Grand%20Prix/Race/RAI/laptimes.json|https://raw.githubusercontent.com/TracingInsights/2018/ec6317adac6786e38b5d35e008f4b87926a3a55c/German%20Grand%20Prix/Race/VER/laptimes.json,297ffd75e7fb1bd9fab4ec2ef327abe36f4193533c22bfa4a838962a704be788|9e332147d16120e5dd22d7baa19258d4e58d114e89aee3569146bcd32bcb77d1,FIXED_PAIR_CLASSIFIED_ORDER_REVERSED_AT_NEXT_LAP_BOUNDARY,FALSE,AUTOMATED_REVIEW_UNREVIEWED
56ce66fe25c6671f09dd,2018:German Grand Prix:Race,train,development_train,RIC,HAR,3,4,592.658,673.841,81.183,2018-07-22T13:15:59.690000000,2018-07-22T13:17:20.873000000,,2018:German Grand Prix:Race|RIC|HAR|3|4,BOUNDARY_PROXY_KEY,OUTSIDE_INHERITED_CANDIDATE_UNIVERSE,OUTSIDE_CANDIDATE_UNIVERSE,AUTOMATED_PROXY_LINK_UNREVIEWED,RIC:18;HAR:17,RIC:17;HAR:18,NOT_AVAILABLE_FROM_BOUNDARY_LAPTIMES,2018-07-22T13:15:59.690000000,2018-07-22T13:17:20.873000000,BOUNDARY_INTERVAL_ONLY_NOT_EXACT_PASS_TIME,NOT_IN_INHERITED_CANDIDATE_REVIEW,NOT_IN_INHERITED_CANDIDATE_REVIEW,BOUNDARY_TELEMETRY_DOES_NOT_ESTABLISH_PASS,prediction_windows_37.csv.gz + laptime_source_inventory_37.csv,,,FIXED_PAIR_CLASSIFIED_ORDER_REVERSED_AT_NEXT_LAP_BOUNDARY,FALSE,AUTOMATED_PROXY_LINK_UNREVIEWED
e663fd469244f8da52c0,2018:German Grand Prix:Race,train,development_train,RIC,STR,4,5,674.334,754.227,79.893,2018-07-22T13:17:21.366000000,2018-07-22T13:18:41.259000000,e905dfc773eef51f7f00326e,2018:German Grand Prix:Race|RIC|STR|4|5,INHERITED_CANDIDATE_ID,MATCHED_TO_INHERITED_CANDIDATE,UNRESOLVED,AUTOMATED_REVIEW_UNREVIEWED,RIC:17;STR:16,RIC:16;STR:17,NOT_AVAILABLE_FROM_FASTF1_POSITION_XYZ,2018-07-22T13:17:21.366000+00:00,2018-07-22T13:18:41.259000+00:00,1.583,NO_RELEVANT_PIT_ROW_FOUND_IN_CONTEXT,NO_RC_RECORD_ON_DECISION_OR_ENDPOINT_LAP,"FastF1 car_data and pos_data present for selected race; pos_data contains XYZ/status, not classified running order or pass timestamp",event_review_37.csv + candidate source,https://raw.githubusercontent.com/TracingInsights/2018/ec6317adac6786e38b5d35e008f4b87926a3a55c/German%20Grand%20Prix/Race/RIC/laptimes.json|https://raw.githubusercontent.com/TracingInsights/2018/ec6317adac6786e38b5d35e008f4b87926a3a55c/German%20Grand%20Prix/Race/STR/laptimes.json,397abc36c71a1d0d74f10dca85bb1380f19df4abd011413d5ee14f7d0cb6119f|5cd7d475a968956b0bbcb7a8f0a33b0f12c3c87120d23f369e7fa5ca96e67cfe,FIXED_PAIR_CLASSIFIED_ORDER_REVERSED_AT_NEXT_LAP_BOUNDARY,FALSE,AUTOMATED_REVIEW_UNREVIEWED
cb4bec26eabbf398d116,2018:German Grand Prix:Race,train,development_train,RIC,SIR,5,6,754.65,833.62,78.97,2018-07-22T13:18:41.682000000,2018-07-22T13:20:00.652000000,fe8218fe593777c824d432b3,2018:German Grand Prix:Race|RIC|SIR|5|6,INHERITED_CANDIDATE_ID,MATCHED_TO_INHERITED_CANDIDATE,UNRESOLVED,AUTOMATED_REVIEW_UNREVIEWED,RIC:16;SIR:15,RIC:15;SIR:16,NOT_AVAILABLE_FROM_FASTF1_POSITION_XYZ,2018-07-22T13:18:41.682000+00:00,2018-07-22T13:20:00.652000+00:00,2.115,NO_RELEVANT_PIT_ROW_FOUND_IN_CONTEXT,NO_RC_RECORD_ON_DECISION_OR_ENDPOINT_LAP,"FastF1 car_data and pos_data present for selected race; pos_data contains XYZ/status, not classified running order or pass timestamp",event_review_37.csv + candidate source,https://raw.githubusercontent.com/TracingInsights/2018/ec6317adac6786e38b5d35e008f4b87926a3a55c/German%20Grand%20Prix/Race/RIC/laptimes.json|https://raw.githubusercontent.com/TracingInsights/2018/ec6317adac6786e38b5d35e008f4b87926a3a55c/German%20Grand%20Prix/Race/SIR/laptimes.json,5cd7d475a968956b0bbcb7a8f0a33b0f12c3c87120d23f369e7fa5ca96e67cfe|fe6be4b5f6f65fbf0b0ac27e4a925e801ee68139ff502139e0c74c217134b323,FIXED_PAIR_CLASSIFIED_ORDER_REVERSED_AT_NEXT_LAP_BOUNDARY,FALSE,AUTOMATED_REVIEW_UNREVIEWED
0e6b74e5f6e949d1a07c,2018:German Grand Prix:Race,train,development_train,RIC,ERI,8,9,993.1,1073.672,80.572,2018-07-22T13:22:40.132000000,2018-07-22T13:24:00.704000000,,2018:German Grand Prix:Race|RIC|ERI|8|9,BOUNDARY_PROXY_KEY,OUTSIDE_INHERITED_CANDIDATE_UNIVERSE,OUTSIDE_CANDIDATE_UNIVERSE,AUTOMATED_PROXY_LINK_UNREVIEWED,RIC:15;ERI:14,RIC:14;ERI:15,NOT_AVAILABLE_FROM_BOUNDARY_LAPTIMES,2018-07-22T13:22:40.132000000,2018-07-22T13:24:00.704000000,BOUNDARY_INTERVAL_ONLY_NOT_EXACT_PASS_TIME,NOT_IN_INHERITED_CANDIDATE_REVIEW,NOT_IN_INHERITED_CANDIDATE_REVIEW,BOUNDARY_TELEMETRY_DOES_NOT_ESTABLISH_PASS,prediction_windows_37.csv.gz + laptime_source_inventory_37.csv,,,FIXED_PAIR_CLASSIFIED_ORDER_REVERSED_AT_NEXT_LAP_BOUNDARY,FALSE,AUTOMATED_PROXY_LINK_UNREVIEWED
003a0515a99e573ee0e5,2018:German Grand Prix:Race,train,development_train,RIC,OCO,9,10,1073.93,1153.683,79.753,2018-07-22T13:24:00.962000000,2018-07-22T13:25:20.715000000,,2018:German Grand Prix:Race|RIC|OCO|9|10,BOUNDARY_PROXY_KEY,OUTSIDE_INHERITED_CANDIDATE_UNIVERSE,OUTSIDE_CANDIDATE_UNIVERSE,AUTOMATED_PROXY_LINK_UNREVIEWED,RIC:14;OCO:13,RIC:13;OCO:14,NOT_AVAILABLE_FROM_BOUNDARY_LAPTIMES,2018-07-22T13:24:00.962000000,2018-07-22T13:25:20.715000000,BOUNDARY_INTERVAL_ONLY_NOT_EXACT_PASS_TIME,NOT_IN_INHERITED_CANDIDATE_REVIEW,NOT_IN_INHERITED_CANDIDATE_REVIEW,BOUNDARY_TELEMETRY_DOES_NOT_ESTABLISH_PASS,prediction_windows_37.csv.gz + laptime_source_inventory_37.csv,,,FIXED_PAIR_CLASSIFIED_ORDER_REVERSED_AT_NEXT_LAP_BOUNDARY,FALSE,AUTOMATED_PROXY_LINK_UNREVIEWED
618f99be03584bba5023,2018:German Grand Prix:Race,train,development_train,RIC,ALO,16,17,1636.645,1716.0,79.355,2018-07-22T13:33:23.677000000,2018-07-22T13:34:43.032000000,,2018:German Grand Prix:Race|RIC|ALO|16|17,BOUNDARY_PROXY_KEY,OUTSIDE_INHERITED_CANDIDATE_UNIVERSE,OUTSIDE_CANDIDATE_UNIVERSE,AUTOMATED_PROXY_LINK_UNREVIEWED,RIC:13;ALO:12,RIC:12;ALO:13,NOT_AVAILABLE_FROM_BOUNDARY_LAPTIMES,2018-07-22T13:33:23.677000000,2018-07-22T13:34:43.032000000,BOUNDARY_INTERVAL_ONLY_NOT_EXACT_PASS_TIME,NOT_IN_INHERITED_CANDIDATE_REVIEW,NOT_IN_INHERITED_CANDIDATE_REVIEW,BOUNDARY_TELEMETRY_DOES_NOT_ESTABLISH_PASS,prediction_windows_37.csv.gz + laptime_source_inventory_37.csv,,,FIXED_PAIR_CLASSIFIED_ORDER_REVERSED_AT_NEXT_LAP_BOUNDARY,FALSE,AUTOMATED_PROXY_LINK_UNREVIEWED
26a57d592daf941c518b,2018:German Grand Prix:Race,train,development_train,RIC,LEC,18,19,1796.107,1875.41,79.303,2018-07-22T13:36:03.139000000,2018-07-22T13:37:22.442000000,,2018:German Grand Prix:Race|RIC|LEC|18|19,BOUNDARY_PROXY_KEY,OUTSIDE_INHERITED_CANDIDATE_UNIVERSE,OUTSIDE_CANDIDATE_UNIVERSE,AUTOMATED_PROXY_LINK_UNREVIEWED,RIC:12;LEC:11,RIC:10;LEC:11,NOT_AVAILABLE_FROM_BOUNDARY_LAPTIMES,2018-07-22T13:36:03.139000000,2018-07-22T13:37:22.442000000,BOUNDARY_INTERVAL_ONLY_NOT_EXACT_PASS_TIME,NOT_IN_INHERITED_CANDIDATE_REVIEW,NOT_IN_INHERITED_CANDIDATE_REVIEW,BOUNDARY_TELEMETRY_DOES_NOT_ESTABLISH_PASS,prediction_windows_37.csv.gz + laptime_source_inventory_37.csv,,,FIXED_PAIR_CLASSIFIED_ORDER_REVERSED_AT_NEXT_LAP_BOUNDARY,FALSE,AUTOMATED_PROXY_LINK_UNREVIEWED
81d67395c3762ae13de5,2018:German Grand Prix:Race,train,development_train,RIC,SAI,19,20,1875.884,1953.667,77.783,2018-07-22T13:37:22.916000000,2018-07-22T13:38:40.699000000,f7c2822015f32baffea55f34,2018:German Grand Prix:Race|RIC|SAI|19|20,INHERITED_CANDIDATE_ID,MATCHED_TO_INHERITED_CANDIDATE,OTHER_POSITION_CHANGE,AUTOMATED_REVIEW_UNREVIEWED,RIC:10;SAI:9,RIC:9;SAI:10,NOT_AVAILABLE_FROM_FASTF1_POSITION_XYZ,2018-07-22T13:37:22.916000+00:00,2018-07-22T13:38:40.699000+00:00,3.721,PIT_LAP_OVERLAP_RECORDED_BUT_TIME_OF_DAY_ONLY,NO_RC_RECORD_ON_DECISION_OR_ENDPOINT_LAP,"FastF1 car_data and pos_data present for selected race; pos_data contains XYZ/status, not classified running order or pass timestamp",event_review_37.csv + candidate source,https://raw.githubusercontent.com/TracingInsights/2018/ec6317adac6786e38b5d35e008f4b87926a3a55c/German%20Grand%20Prix/Race/RIC/laptimes.json|https://raw.githubusercontent.com/TracingInsights/2018/ec6317adac6786e38b5d35e008f4b87926a3a55c/German%20Grand%20Prix/Race/SAI/laptimes.json,5cd7d475a968956b0bbcb7a8f0a33b0f12c3c87120d23f369e7fa5ca96e67cfe|8005436bd0c7ebba01dec2e8a973c051fd2078bd607cc18621005a1097ce3385,FIXED_PAIR_CLASSIFIED_ORDER_REVERSED_AT_NEXT_LAP_BOUNDARY,FALSE,AUTOMATED_REVIEW_UNREVIEWED
a0d5086529442ff3e06c,2018:German Grand Prix:Race,train,development_train,RIC,GRO,20,21,1955.359,2031.553,76.194,2018-07-22T13:38:42.391000000,2018-07-22T13:39:58.585000000,,2018:German Grand Prix:Race|RIC|GRO|20|21,BOUNDARY_PROXY_KEY,OUTSIDE_INHERITED_CANDIDATE_UNIVERSE,OUTSIDE_CANDIDATE_UNIVERSE,AUTOMATED_PROXY_LINK_UNREVIEWED,RIC:9;GRO:8,RIC:7;GRO:8,NOT_AVAILABLE_FROM_BOUNDARY_LAPTIMES,2018-07-22T13:38:42.391000000,2018-07-22T13:39:58.585000000,BOUNDARY_INTERVAL_ONLY_NOT_EXACT_PASS_TIME,NOT_IN_INHERITED_CANDIDATE_REVIEW,NOT_IN_INHERITED_CANDIDATE_REVIEW,BOUNDARY_TELEMETRY_DOES_NOT_ESTABLISH_PASS,prediction_windows_37.csv.gz + laptime_source_inventory_37.csv,,,FIXED_PAIR_CLASSIFIED_ORDER_REVERSED_AT_NEXT_LAP_BOUNDARY,FALSE,AUTOMATED_PROXY_LINK_UNREVIEWED
6443329036b0280c3b43,2018:German Grand Prix:Race,train,development_train,SAI,HAR,21,22,2049.917,2130.294,80.377,2018-07-22T13:40:03.992000000,2018-07-22T13:41:37.326000000,,2018:German Grand Prix:Race|SAI|HAR|21|22,BOUNDARY_PROXY_KEY,OUTSIDE_INHERITED_CANDIDATE_UNIVERSE,OUTSIDE_CANDIDATE_UNIVERSE,AUTOMATED_PROXY_LINK_UNREVIEWED,SAI:17;HAR:16,SAI:16;HAR:17,NOT_AVAILABLE_FROM_BOUNDARY_LAPTIMES,2018-07-22T13:40:03.992000000,2018-07-22T13:41:37.326000000,BOUNDARY_INTERVAL_ONLY_NOT_EXACT_PASS_TIME,NOT_IN_INHERITED_CANDIDATE_REVIEW,NOT_IN_INHERITED_CANDIDATE_REVIEW,BOUNDARY_TELEMETRY_DOES_NOT_ESTABLISH_PASS,prediction_windows_37.csv.gz + laptime_source_inventory_37.csv,,,FIXED_PAIR_CLASSIFIED_ORDER_REVERSED_AT_NEXT_LAP_BOUNDARY,FALSE,AUTOMATED_PROXY_LINK_UNREVIEWED
63fb335b5e151342cbe4,2018:German Grand Prix:Race,train,development_train,SAI,STR,23,24,2211.558,2292.207,80.649,2018-07-22T13:42:58.590000000,2018-07-22T13:44:19.239000000,5d002583f9f436e180ef5c55,2018:German Grand Prix:Race|SAI|STR|23|24,INHERITED_CANDIDATE_ID,MATCHED_TO_INHERITED_CANDIDATE,UNRESOLVED,AUTOMATED_REVIEW_UNREVIEWED,SAI:16;STR:15,SAI:15;STR:16,NOT_AVAILABLE_FROM_FASTF1_POSITION_XYZ,2018-07-22T13:42:58.590000+00:00,2018-07-22T13:44:19.239000+00:00,1.777,NO_RELEVANT_PIT_ROW_FOUND_IN_CONTEXT,NO_RC_RECORD_ON_DECISION_OR_ENDPOINT_LAP,"FastF1 car_data and pos_data present for selected race; pos_data contains XYZ/status, not classified running order or pass timestamp",event_review_37.csv + candidate source,https://raw.githubusercontent.com/TracingInsights/2018/ec6317adac6786e38b5d35e008f4b87926a3a55c/German%20Grand%20Prix/Race/SAI/laptimes.json|https://raw.githubusercontent.com/TracingInsights/2018/ec6317adac6786e38b5d35e008f4b87926a3a55c/German%20Grand%20Prix/Race/STR/laptimes.json,397abc36c71a1d0d74f10dca85bb1380f19df4abd011413d5ee14f7d0cb6119f|8005436bd0c7ebba01dec2e8a973c051fd2078bd607cc18621005a1097ce3385,FIXED_PAIR_CLASSIFIED_ORDER_REVERSED_AT_NEXT_LAP_BOUNDARY,FALSE,AUTOMATED_REVIEW_UNREVIEWED
07ee81b9db5599327999,2018:German Grand Prix:Race,train,development_train,SAI,SIR,24,25,2292.699,2371.62,78.921,2018-07-22T13:44:19.731000000,2018-07-22T13:45:38.652000000,7fd36b8ed9c830ae65944742,2018:German Grand Prix:Race|SAI|SIR|24|25,INHERITED_CANDIDATE_ID,MATCHED_TO_INHERITED_CANDIDATE,UNRESOLVED,AUTOMATED_REVIEW_UNREVIEWED,SAI:15;SIR:14,SAI:14;SIR:15,NOT_AVAILABLE_FROM_FASTF1_POSITION_XYZ,2018-07-22T13:44:19.731000+00:00,2018-07-22T13:45:38.652000+00:00,4.225,NO_RELEVANT_PIT_ROW_FOUND_IN_CONTEXT,NO_RC_RECORD_ON_DECISION_OR_ENDPOINT_LAP,"FastF1 car_data and pos_data present for selected race; pos_data contains XYZ/status, not classified running order or pass timestamp",event_review_37.csv + candidate source,https://raw.githubusercontent.com/TracingInsights/2018/ec6317adac6786e38b5d35e008f4b87926a3a55c/German%20Grand%20Prix/Race/SAI/laptimes.json|https://raw.githubusercontent.com/TracingInsights/2018/ec6317adac6786e38b5d35e008f4b87926a3a55c/German%20Grand%20Prix/Race/SIR/laptimes.json,8005436bd0c7ebba01dec2e8a973c051fd2078bd607cc18621005a1097ce3385|fe6be4b5f6f65fbf0b0ac27e4a925e801ee68139ff502139e0c74c217134b323,FIXED_PAIR_CLASSIFIED_ORDER_REVERSED_AT_NEXT_LAP_BOUNDARY,FALSE,AUTOMATED_REVIEW_UNREVIEWED
55b0e7ad3c59a92469e5,2018:German Grand Prix:Race,train,development_train,SAI,GRO,53,54,4714.007,4831.766,117.759,2018-07-22T14:24:41.039000000,2018-07-22T14:26:38.798000000,,2018:German Grand Prix:Race|SAI|GRO|53|54,BOUNDARY_PROXY_KEY,OUTSIDE_INHERITED_CANDIDATE_UNIVERSE,OUTSIDE_CANDIDATE_UNIVERSE,AUTOMATED_PROXY_LINK_UNREVIEWED,SAI:10;GRO:9,SAI:9;GRO:10,NOT_AVAILABLE_FROM_BOUNDARY_LAPTIMES,2018-07-22T14:24:41.039000000,2018-07-22T14:26:38.798000000,BOUNDARY_INTERVAL_ONLY_NOT_EXACT_PASS_TIME,NOT_IN_INHERITED_CANDIDATE_REVIEW,NOT_IN_INHERITED_CANDIDATE_REVIEW,BOUNDARY_TELEMETRY_DOES_NOT_ESTABLISH_PASS,prediction_windows_37.csv.gz + laptime_source_inventory_37.csv,,,FIXED_PAIR_CLASSIFIED_ORDER_REVERSED_AT_NEXT_LAP_BOUNDARY,FALSE,AUTOMATED_PROXY_LINK_UNREVIEWED
612c06a30866c2f5b31e,2018:German Grand Prix:Race,train,development_train,VAN,GAS,45,46,4024.881,4107.171,82.29,2018-07-22T14:13:11.913000000,2018-07-22T14:14:34.203000000,,2018:German Grand Prix:Race|VAN|GAS|45|46,BOUNDARY_PROXY_KEY,OUTSIDE_INHERITED_CANDIDATE_UNIVERSE,OUTSIDE_CANDIDATE_UNIVERSE,AUTOMATED_PROXY_LINK_UNREVIEWED,VAN:19;GAS:18,VAN:18;GAS:19,NOT_AVAILABLE_FROM_BOUNDARY_LAPTIMES,2018-07-22T14:13:11.913000000,2018-07-22T14:14:34.203000000,BOUNDARY_INTERVAL_ONLY_NOT_EXACT_PASS_TIME,NOT_IN_INHERITED_CANDIDATE_REVIEW,NOT_IN_INHERITED_CANDIDATE_REVIEW,BOUNDARY_TELEMETRY_DOES_NOT_ESTABLISH_PASS,prediction_windows_37.csv.gz + laptime_source_inventory_37.csv,,,FIXED_PAIR_CLASSIFIED_ORDER_REVERSED_AT_NEXT_LAP_BOUNDARY,FALSE,AUTOMATED_PROXY_LINK_UNREVIEWED
81cc7cac6d721a364c4d,2018:German Grand Prix:Race,train,development_train,VER,RAI,13,14,1366.725,1443.623,76.898,2018-07-22T13:28:53.757000000,2018-07-22T13:30:10.655000000,,2018:German Grand Prix:Race|VER|RAI|13|14,BOUNDARY_PROXY_KEY,OUTSIDE_INHERITED_CANDIDATE_UNIVERSE,OUTSIDE_CANDIDATE_UNIVERSE,AUTOMATED_PROXY_LINK_UNREVIEWED,VER:4;RAI:3,VER:3;RAI:4,NOT_AVAILABLE_FROM_BOUNDARY_LAPTIMES,2018-07-22T13:28:53.757000000,2018-07-22T13:30:10.655000000,BOUNDARY_INTERVAL_ONLY_NOT_EXACT_PASS_TIME,NOT_IN_INHERITED_CANDIDATE_REVIEW,NOT_IN_INHERITED_CANDIDATE_REVIEW,BOUNDARY_TELEMETRY_DOES_NOT_ESTABLISH_PASS,prediction_windows_37.csv.gz + laptime_source_inventory_37.csv,,,FIXED_PAIR_CLASSIFIED_ORDER_REVERSED_AT_NEXT_LAP_BOUNDARY,FALSE,AUTOMATED_PROXY_LINK_UNREVIEWED
4308e82f069124f32439,2018:Hungarian Grand Prix:Race,train,development_train,BOT,GAS,17,18,1793.248,1875.101,81.853,2018-07-29T13:35:53.425000000,2018-07-29T13:37:15.278000000,a198f1833d771dc9b63d54b3,2018:Hungarian Grand Prix:Race|BOT|GAS|17|18,INHERITED_CANDIDATE_ID,MATCHED_TO_INHERITED_CANDIDATE,UNRESOLVED,AUTOMATED_REVIEW_UNREVIEWED,BOT:4;GAS:3,BOT:3;GAS:4,NOT_AVAILABLE_FROM_FASTF1_POSITION_XYZ,2018-07-29T13:35:53.425000+00:00,2018-07-29T13:37:15.278000+00:00,2.939,NO_RELEVANT_PIT_ROW_FOUND_IN_CONTEXT,NO_RC_RECORD_ON_DECISION_OR_ENDPOINT_LAP,"FastF1 car_data and pos_data present for selected race; pos_data contains XYZ/status, not classified running order or pass timestamp",event_review_37.csv + candidate source,https://raw.githubusercontent.com/TracingInsights/2018/ec6317adac6786e38b5d35e008f4b87926a3a55c/Hungarian%20Grand%20Prix/Race/BOT/laptimes.json|https://raw.githubusercontent.com/TracingInsights/2018/ec6317adac6786e38b5d35e008f4b87926a3a55c/Hungarian%20Grand%20Prix/Race/GAS/laptimes.json,b1bfc684bd6379704319c20896da7798d7c61d6021e5de450749dbc00fdedda5|b3e41023caf071e8ea371983b806c537809ec69d53eec4c9458c1efa144eb1d1,FIXED_PAIR_CLASSIFIED_ORDER_REVERSED_AT_NEXT_LAP_BOUNDARY,FALSE,AUTOMATED_REVIEW_UNREVIEWED
7b1ea06587323c30b513,2018:Hungarian Grand Prix:Race,train,development_train,GRO,HAR,23,24,2320.538,2402.369,81.831,2018-07-29T13:44:40.715000000,2018-07-29T13:46:02.546000000,072dcacb45ba3450f851614b,2018:Hungarian Grand Prix:Race|GRO|HAR|23|24,INHERITED_CANDIDATE_ID,MATCHED_TO_INHERITED_CANDIDATE,OTHER_POSITION_CHANGE,AUTOMATED_REVIEW_UNREVIEWED,GRO:10;HAR:9,GRO:9;HAR:10,NOT_AVAILABLE_FROM_FASTF1_POSITION_XYZ,2018-07-29T13:44:40.715000+00:00,2018-07-29T13:46:02.546000+00:00,5.317,PIT_LAP_OVERLAP_RECORDED_BUT_TIME_OF_DAY_ONLY,RC_RECORD_ON_DECISION_OR_ENDPOINT_LAP,"FastF1 car_data and pos_data present for selected race; pos_data contains XYZ/status, not classified running order or pass timestamp",event_review_37.csv + candidate source,https://raw.githubusercontent.com/TracingInsights/2018/ec6317adac6786e38b5d35e008f4b87926a3a55c/Hungarian%20Grand%20Prix/Race/GRO/laptimes.json|https://raw.githubusercontent.com/TracingInsights/2018/ec6317adac6786e38b5d35e008f4b87926a3a55c/Hungarian%20Grand%20Prix/Race/HAR/laptimes.json,38d30c8e3676f9dce93ea9c14a9b5941a22c67124cc8a2d6e909965c10236026|aab915023c897c234ea05fb78e7f4e94fe55810e54f6b102f7c7677e890af5d3,FIXED_PAIR_CLASSIFIED_ORDER_REVERSED_AT_NEXT_LAP_BOUNDARY,FALSE,AUTOMATED_REVIEW_UNREVIEWED
81f34fea8848e841a0a8,2018:Hungarian Grand Prix:Race,train,development_train,PER,STR,29,30,2862.323,2948.432,86.109,2018-07-29T13:53:42.500000000,2018-07-29T13:55:08.609000000,6fa3ddcec7745c6d7ce8c3b9,2018:Hungarian Grand Prix:Race|PER|STR|29|30,INHERITED_CANDIDATE_ID,MATCHED_TO_INHERITED_CANDIDATE,UNRESOLVED,AUTOMATED_REVIEW_UNREVIEWED,PER:17;STR:16,PER:16;STR:17,NOT_AVAILABLE_FROM_FASTF1_POSITION_XYZ,2018-07-29T13:53:42.500000+00:00,2018-07-29T13:55:08.609000+00:00,1.276,NO_RELEVANT_PIT_ROW_FOUND_IN_CONTEXT,RC_RECORD_ON_DECISION_OR_ENDPOINT_LAP,"FastF1 car_data and pos_data present for selected race; pos_data contains XYZ/status, not classified running order or pass timestamp",event_review_37.csv + candidate source,https://raw.githubusercontent.com/TracingInsights/2018/ec6317adac6786e38b5d35e008f4b87926a3a55c/Hungarian%20Grand%20Prix/Race/PER/laptimes.json|https://raw.githubusercontent.com/TracingInsights/2018/ec6317adac6786e38b5d35e008f4b87926a3a55c/Hungarian%20Grand%20Prix/Race/STR/laptimes.json,79fa6d3c85ae4627c6c35ba6ccdc2627ee503496ef3aafd1b39f8d4e612fb811|afd0138582d3eb9836caa496139ebc8e88962aa640814cc7e8731fa937f0d606,FIXED_PAIR_CLASSIFIED_ORDER_REVERSED_AT_NEXT_LAP_BOUNDARY,FALSE,AUTOMATED_REVIEW_UNREVIEWED
709a082f32939bd7ee4b,2018:Hungarian Grand Prix:Race,train,development_train,RAI,MAG,16,17,1717.374,1799.335,81.961,2018-07-29T13:34:37.551000000,2018-07-29T13:35:59.512000000,,2018:Hungarian Grand Prix:Race|RAI|MAG|16|17,BOUNDARY_PROXY_KEY,OUTSIDE_INHERITED_CANDIDATE_UNIVERSE,OUTSIDE_CANDIDATE_UNIVERSE,AUTOMATED_PROXY_LINK_UNREVIEWED,RAI:6;MAG:5,RAI:5;MAG:6,NOT_AVAILABLE_FROM_BOUNDARY_LAPTIMES,2018-07-29T13:34:37.551000000,2018-07-29T13:35:59.512000000,BOUNDARY_INTERVAL_ONLY_NOT_EXACT_PASS_TIME,NOT_IN_INHERITED_CANDIDATE_REVIEW,NOT_IN_INHERITED_CANDIDATE_REVIEW,BOUNDARY_TELEMETRY_DOES_NOT_ESTABLISH_PASS,prediction_windows_37.csv.gz + laptime_source_inventory_37.csv,,,FIXED_PAIR_CLASSIFIED_ORDER_REVERSED_AT_NEXT_LAP_BOUNDARY,FALSE,AUTOMATED_PROXY_LINK_UNREVIEWED
7210d0f6c4865a5ba242,2018:Hungarian Grand Prix:Race,train,development_train,RAI,GAS,21,22,2129.603,2212.8,83.197,2018-07-29T13:41:29.780000000,2018-07-29T13:42:52.977000000,,2018:Hungarian Grand Prix:Race|RAI|GAS|21|22,BOUNDARY_PROXY_KEY,OUTSIDE_INHERITED_CANDIDATE_UNIVERSE,OUTSIDE_CANDIDATE_UNIVERSE,AUTOMATED_PROXY_LINK_UNREVIEWED,RAI:5;GAS:4,RAI:4;GAS:5,NOT_AVAILABLE_FROM_BOUNDARY_LAPTIMES,2018-07-29T13:41:29.780000000,2018-07-29T13:42:52.977000000,BOUNDARY_INTERVAL_ONLY_NOT_EXACT_PASS_TIME,NOT_IN_INHERITED_CANDIDATE_REVIEW,NOT_IN_INHERITED_CANDIDATE_REVIEW,BOUNDARY_TELEMETRY_DOES_NOT_ESTABLISH_PASS,prediction_windows_37.csv.gz + laptime_source_inventory_37.csv,,,FIXED_PAIR_CLASSIFIED_ORDER_REVERSED_AT_NEXT_LAP_BOUNDARY,FALSE,AUTOMATED_PROXY_LINK_UNREVIEWED
c7ffcafb711cb6ad4f14,2018:Hungarian Grand Prix:Race,train,development_train,RIC,PER,2,3,515.436,602.717,87.281,2018-07-29T13:14:35.613000000,2018-07-29T13:16:02.894000000,,2018:Hungarian Grand Prix:Race|RIC|PER|2|3,BOUNDARY_PROXY_KEY,OUTSIDE_INHERITED_CANDIDATE_UNIVERSE,OUTSIDE_CANDIDATE_UNIVERSE,AUTOMATED_PROXY_LINK_UNREVIEWED,RIC:16;PER:15,RIC:15;PER:16,NOT_AVAILABLE_FROM_BOUNDARY_LAPTIMES,2018-07-29T13:14:35.613000000,2018-07-29T13:16:02.894000000,BOUNDARY_INTERVAL_ONLY_NOT_EXACT_PASS_TIME,NOT_IN_INHERITED_CANDIDATE_REVIEW,NOT_IN_INHERITED_CANDIDATE_REVIEW,BOUNDARY_TELEMETRY_DOES_NOT_ESTABLISH_PASS,prediction_windows_37.csv.gz + laptime_source_inventory_37.csv,,,FIXED_PAIR_CLASSIFIED_ORDER_REVERSED_AT_NEXT_LAP_BOUNDARY,FALSE,AUTOMATED_PROXY_LINK_UNREVIEWED
8296322d5481c7774c03,2018:Hungarian Grand Prix:Race,train,development_train,RIC,VAN,5,6,775.477,861.797,86.32,2018-07-29T13:18:55.654000000,2018-07-29T13:20:21.974000000,aa731324d024333640b66a75,2018:Hungarian Grand Prix:Race|RIC|VAN|5|6,INHERITED_CANDIDATE_ID,MATCHED_TO_INHERITED_CANDIDATE,UNRESOLVED,AUTOMATED_REVIEW_UNREVIEWED,RIC:14;VAN:13,RIC:12;VAN:13,NOT_AVAILABLE_FROM_FASTF1_POSITION_XYZ,2018-07-29T13:18:55.654000+00:00,2018-07-29T13:20:21.974000+00:00,0.76,NO_RELEVANT_PIT_ROW_FOUND_IN_CONTEXT,RC_RECORD_ON_DECISION_OR_ENDPOINT_LAP,"FastF1 car_data and pos_data present for selected race; pos_data contains XYZ/status, not classified running order or pass timestamp",event_review_37.csv + candidate source,https://raw.githubusercontent.com/TracingInsights/2018/ec6317adac6786e38b5d35e008f4b87926a3a55c/Hungarian%20Grand%20Prix/Race/RIC/laptimes.json|https://raw.githubusercontent.com/TracingInsights/2018/ec6317adac6786e38b5d35e008f4b87926a3a55c/Hungarian%20Grand%20Prix/Race/VAN/laptimes.json,2eb145e5ec88d149a387cf359720544abbd4c55c74a207994555150b5c2575cf|40122729fae53519db604f58317c7d2d20bca89a5b012a4cf76c647a4f5d2c16,FIXED_PAIR_CLASSIFIED_ORDER_REVERSED_AT_NEXT_LAP_BOUNDARY,FALSE,AUTOMATED_REVIEW_UNREVIEWED
b05d319dd122900ae36b,2018:Hungarian Grand Prix:Race,train,development_train,RIC,ALO,8,9,1050.278,1135.429,85.151,2018-07-29T13:23:30.455000000,2018-07-29T13:24:55.606000000,,2018:Hungarian Grand Prix:Race|RIC|ALO|8|9,BOUNDARY_PROXY_KEY,OUTSIDE_INHERITED_CANDIDATE_UNIVERSE,OUTSIDE_CANDIDATE_UNIVERSE,AUTOMATED_PROXY_LINK_UNREVIEWED,RIC:12;ALO:11,RIC:11;ALO:12,NOT_AVAILABLE_FROM_BOUNDARY_LAPTIMES,2018-07-29T13:23:30.455000000,2018-07-29T13:24:55.606000000,BOUNDARY_INTERVAL_ONLY_NOT_EXACT_PASS_TIME,NOT_IN_INHERITED_CANDIDATE_REVIEW,NOT_IN_INHERITED_CANDIDATE_REVIEW,BOUNDARY_TELEMETRY_DOES_NOT_ESTABLISH_PASS,prediction_windows_37.csv.gz + laptime_source_inventory_37.csv,,,FIXED_PAIR_CLASSIFIED_ORDER_REVERSED_AT_NEXT_LAP_BOUNDARY,FALSE,AUTOMATED_PROXY_LINK_UNREVIEWED
648497b5f315c0a7a470,2018:Hungarian Grand Prix:Race,train,development_train,RIC,GRO,10,11,1219.044,1302.596,83.552,2018-07-29T13:26:19.221000000,2018-07-29T13:27:42.773000000,,2018:Hungarian Grand Prix:Race|RIC|GRO|10|11,BOUNDARY_PROXY_KEY,OUTSIDE_INHERITED_CANDIDATE_UNIVERSE,OUTSIDE_CANDIDATE_UNIVERSE,AUTOMATED_PROXY_LINK_UNREVIEWED,RIC:11;GRO:10,RIC:10;GRO:11,NOT_AVAILABLE_FROM_BOUNDARY_LAPTIMES,2018-07-29T13:26:19.221000000,2018-07-29T13:27:42.773000000,BOUNDARY_INTERVAL_ONLY_NOT_EXACT_PASS_TIME,NOT_IN_INHERITED_CANDIDATE_REVIEW,NOT_IN_INHERITED_CANDIDATE_REVIEW,BOUNDARY_TELEMETRY_DOES_NOT_ESTABLISH_PASS,prediction_windows_37.csv.gz + laptime_source_inventory_37.csv,,,FIXED_PAIR_CLASSIFIED_ORDER_REVERSED_AT_NEXT_LAP_BOUNDARY,FALSE,AUTOMATED_PROXY_LINK_UNREVIEWED
0783e76eee157328d31d,2018:Hungarian Grand Prix:Race,train,development_train,RIC,HUL,12,13,1386.11,1470.491,84.381,2018-07-29T13:29:06.287000000,2018-07-29T13:30:30.668000000,,2018:Hungarian Grand Prix:Race|RIC|HUL|12|13,BOUNDARY_PROXY_KEY,OUTSIDE_INHERITED_CANDIDATE_UNIVERSE,OUTSIDE_CANDIDATE_UNIVERSE,AUTOMATED_PROXY_LINK_UNREVIEWED,RIC:10;HUL:9,RIC:9;HUL:10,NOT_AVAILABLE_FROM_BOUNDARY_LAPTIMES,2018-07-29T13:29:06.287000000,2018-07-29T13:30:30.668000000,BOUNDARY_INTERVAL_ONLY_NOT_EXACT_PASS_TIME,NOT_IN_INHERITED_CANDIDATE_REVIEW,NOT_IN_INHERITED_CANDIDATE_REVIEW,BOUNDARY_TELEMETRY_DOES_NOT_ESTABLISH_PASS,prediction_windows_37.csv.gz + laptime_source_inventory_37.csv,,,FIXED_PAIR_CLASSIFIED_ORDER_REVERSED_AT_NEXT_LAP_BOUNDARY,FALSE,AUTOMATED_PROXY_LINK_UNREVIEWED
4b9ab2215b93208ac17d,2018:Hungarian Grand Prix:Race,train,development_train,RIC,HAR,13,14,1470.902,1554.132,83.23,2018-07-29T13:30:31.079000000,2018-07-29T13:31:54.309000000,,2018:Hungarian Grand Prix:Race|RIC|HAR|13|14,BOUNDARY_PROXY_KEY,OUTSIDE_INHERITED_CANDIDATE_UNIVERSE,OUTSIDE_CANDIDATE_UNIVERSE,AUTOMATED_PROXY_LINK_UNREVIEWED,RIC:9;HAR:8,RIC:8;HAR:9,NOT_AVAILABLE_FROM_BOUNDARY_LAPTIMES,2018-07-29T13:30:31.079000000,2018-07-29T13:31:54.309000000,BOUNDARY_INTERVAL_ONLY_NOT_EXACT_PASS_TIME,NOT_IN_INHERITED_CANDIDATE_REVIEW,NOT_IN_INHERITED_CANDIDATE_REVIEW,BOUNDARY_TELEMETRY_DOES_NOT_ESTABLISH_PASS,prediction_windows_37.csv.gz + laptime_source_inventory_37.csv,,,FIXED_PAIR_CLASSIFIED_ORDER_REVERSED_AT_NEXT_LAP_BOUNDARY,FALSE,AUTOMATED_PROXY_LINK_UNREVIEWED
3e7074dd711a43fc4da2,2018:Hungarian Grand Prix:Race,train,development_train,RIC,SAI,15,16,1637.74,1721.55,83.81,2018-07-29T13:33:17.917000000,2018-07-29T13:34:41.727000000,0bb9a338f0bcb3967757ce29,2018:Hungarian Grand Prix:Race|RIC|SAI|15|16,INHERITED_CANDIDATE_ID,MATCHED_TO_INHERITED_CANDIDATE,UNRESOLVED,AUTOMATED_REVIEW_UNREVIEWED,RIC:8;SAI:7,RIC:7;SAI:8,NOT_AVAILABLE_FROM_FASTF1_POSITION_XYZ,2018-07-29T13:33:17.917000+00:00,2018-07-29T13:34:41.727000+00:00,1.824,NO_RELEVANT_PIT_ROW_FOUND_IN_CONTEXT,NO_RC_RECORD_ON_DECISION_OR_ENDPOINT_LAP,"FastF1 car_data and pos_data present for selected race; pos_data contains XYZ/status, not classified running order or pass timestamp",event_review_37.csv + candidate source,https://raw.githubusercontent.com/TracingInsights/2018/ec6317adac6786e38b5d35e008f4b87926a3a55c/Hungarian%20Grand%20Prix/Race/RIC/laptimes.json|https://raw.githubusercontent.com/TracingInsights/2018/ec6317adac6786e38b5d35e008f4b87926a3a55c/Hungarian%20Grand%20Prix/Race/SAI/laptimes.json,2eb145e5ec88d149a387cf359720544abbd4c55c74a207994555150b5c2575cf|f2a42b35377805d223cdfed18a982bb37e5a4e4a5a4f37146ec88554cfccc3e7,FIXED_PAIR_CLASSIFIED_ORDER_REVERSED_AT_NEXT_LAP_BOUNDARY,FALSE,AUTOMATED_REVIEW_UNREVIEWED
7182153f770b0bce2b2b,2018:Hungarian Grand Prix:Race,train,development_train,RIC,MAG,20,21,2054.167,2138.229,84.062,2018-07-29T13:40:14.344000000,2018-07-29T13:41:38.406000000,,2018:Hungarian Grand Prix:Race|RIC|MAG|20|21,BOUNDARY_PROXY_KEY,OUTSIDE_INHERITED_CANDIDATE_UNIVERSE,OUTSIDE_CANDIDATE_UNIVERSE,AUTOMATED_PROXY_LINK_UNREVIEWED,RIC:7;MAG:6,RIC:6;MAG:7,NOT_AVAILABLE_FROM_BOUNDARY_LAPTIMES,2018-07-29T13:40:14.344000000,2018-07-29T13:41:38.406000000,BOUNDARY_INTERVAL_ONLY_NOT_EXACT_PASS_TIME,NOT_IN_INHERITED_CANDIDATE_REVIEW,NOT_IN_INHERITED_CANDIDATE_REVIEW,BOUNDARY_TELEMETRY_DOES_NOT_ESTABLISH_PASS,prediction_windows_37.csv.gz + laptime_source_inventory_37.csv,,,FIXED_PAIR_CLASSIFIED_ORDER_REVERSED_AT_NEXT_LAP_BOUNDARY,FALSE,AUTOMATED_PROXY_LINK_UNREVIEWED
d97df2892c7570784401,2018:Hungarian Grand Prix:Race,train,development_train,STR,ERI,5,6,781.042,866.661,85.619,2018-07-29T13:19:01.219000000,2018-07-29T13:20:26.838000000,,2018:Hungarian Grand Prix:Race|STR|ERI|5|6,BOUNDARY_PROXY_KEY,OUTSIDE_INHERITED_CANDIDATE_UNIVERSE,OUTSIDE_CANDIDATE_UNIVERSE,AUTOMATED_PROXY_LINK_UNREVIEWED,STR:19;ERI:18,STR:17;ERI:18,NOT_AVAILABLE_FROM_BOUNDARY_LAPTIMES,2018-07-29T13:19:01.219000000,2018-07-29T13:20:26.838000000,BOUNDARY_INTERVAL_ONLY_NOT_EXACT_PASS_TIME,NOT_IN_INHERITED_CANDIDATE_REVIEW,NOT_IN_INHERITED_CANDIDATE_REVIEW,BOUNDARY_TELEMETRY_DOES_NOT_ESTABLISH_PASS,prediction_windows_37.csv.gz + laptime_source_inventory_37.csv,,,FIXED_PAIR_CLASSIFIED_ORDER_REVERSED_AT_NEXT_LAP_BOUNDARY,FALSE,AUTOMATED_PROXY_LINK_UNREVIEWED
56f37c923793c1617b8e,2018:Japanese Grand Prix:Race,train,development_train,ALO,VAN,27,28,3861.378,3957.414,96.036,2018-10-07T05:58:59.180000000,2018-10-07T06:00:57.546000000,51099006b71b2554672d416a,2018:Japanese Grand Prix:Race|ALO|VAN|27|28,INHERITED_CANDIDATE_ID,MATCHED_TO_INHERITED_CANDIDATE,UNRESOLVED,AUTOMATED_REVIEW_UNREVIEWED,ALO:19;VAN:18,ALO:18;VAN:19,NOT_AVAILABLE_FROM_FASTF1_POSITION_XYZ,2018-10-07T05:59:21.510000+00:00,2018-10-07T06:00:57.546000+00:00,22.46,NO_RELEVANT_PIT_ROW_FOUND_IN_CONTEXT,NO_RC_RECORD_ON_DECISION_OR_ENDPOINT_LAP,"FastF1 car_data and pos_data present for selected race; pos_data contains XYZ/status, not classified running order or pass timestamp",event_review_37.csv + candidate source,https://raw.githubusercontent.com/TracingInsights/2018/ec6317adac6786e38b5d35e008f4b87926a3a55c/Japanese%20Grand%20Prix/Race/ALO/laptimes.json|https://raw.githubusercontent.com/TracingInsights/2018/ec6317adac6786e38b5d35e008f4b87926a3a55c/Japanese%20Grand%20Prix/Race/VAN/laptimes.json,11f4bac053e7e2f350ebfa71c25715c78464d16e7abc4fb055e731b8366e8120|65db77c0c262011a3a3d4d301f6a39eb1aaf15b27ebd358342c8760be1d3c381,FIXED_PAIR_CLASSIFIED_ORDER_REVERSED_AT_NEXT_LAP_BOUNDARY,FALSE,AUTOMATED_REVIEW_UNREVIEWED
3377e0dd2c8728678a01,2018:Japanese Grand Prix:Race,train,development_train,ERI,SIR,13,14,2475.239,2573.586,98.347,2018-10-07T05:36:15.371000000,2018-10-07T05:37:53.718000000,6cfda5a8543e37a83cc751d0,2018:Japanese Grand Prix:Race|ERI|SIR|13|14,INHERITED_CANDIDATE_ID,MATCHED_TO_INHERITED_CANDIDATE,UNRESOLVED,AUTOMATED_REVIEW_UNREVIEWED,ERI:18;SIR:17,ERI:16;SIR:18,NOT_AVAILABLE_FROM_FASTF1_POSITION_XYZ,2018-10-07T05:36:15.371000+00:00,2018-10-07T05:37:53.718000+00:00,0.652,NO_RELEVANT_PIT_ROW_FOUND_IN_CONTEXT,NO_RC_RECORD_ON_DECISION_OR_ENDPOINT_LAP,"FastF1 car_data and pos_data present for selected race; pos_data contains XYZ/status, not classified running order or pass timestamp",event_review_37.csv + candidate source,https://raw.githubusercontent.com/TracingInsights/2018/ec6317adac6786e38b5d35e008f4b87926a3a55c/Japanese%20Grand%20Prix/Race/ERI/laptimes.json|https://raw.githubusercontent.com/TracingInsights/2018/ec6317adac6786e38b5d35e008f4b87926a3a55c/Japanese%20Grand%20Prix/Race/SIR/laptimes.json,55b9fb0e87335324e9c4492c9c2bff2550c5915a7c650f823740de2824e9ece5|e5ecdc36d8dc5a56ff3ed3b6df9d4f5ae77e161b58ff3b46d67afe38c704e56d,FIXED_PAIR_CLASSIFIED_ORDER_REVERSED_AT_NEXT_LAP_BOUNDARY,FALSE,AUTOMATED_REVIEW_UNREVIEWED
e845b5fd273c1470d9a5,2018:Japanese Grand Prix:Race,train,development_train,ERI,HUL,29,30,4036.786,4135.029,98.243,2018-10-07T06:02:16.918000000,2018-10-07T06:03:55.161000000,0e819d2a4380b5d52d8f9197,2018:Japanese Grand Prix:Race|ERI|HUL|29|30,INHERITED_CANDIDATE_ID,MATCHED_TO_INHERITED_CANDIDATE,OTHER_POSITION_CHANGE,AUTOMATED_REVIEW_UNREVIEWED,ERI:14;HUL:13,ERI:12;HUL:14,NOT_AVAILABLE_FROM_FASTF1_POSITION_XYZ,2018-10-07T06:02:16.918000+00:00,2018-10-07T06:03:55.161000+00:00,2.049,PIT_LAP_OVERLAP_RECORDED_BUT_TIME_OF_DAY_ONLY,NO_RC_RECORD_ON_DECISION_OR_ENDPOINT_LAP,"FastF1 car_data and pos_data present for selected race; pos_data contains XYZ/status, not classified running order or pass timestamp",event_review_37.csv + candidate source,https://raw.githubusercontent.com/TracingInsights/2018/ec6317adac6786e38b5d35e008f4b87926a3a55c/Japanese%20Grand%20Prix/Race/ERI/laptimes.json|https://raw.githubusercontent.com/TracingInsights/2018/ec6317adac6786e38b5d35e008f4b87926a3a55c/Japanese%20Grand%20Prix/Race/HUL/laptimes.json,55b9fb0e87335324e9c4492c9c2bff2550c5915a7c650f823740de2824e9ece5|5b8032bdc03c84d1912de3c8fe1a73074d041cd594d36d43264db1c64bee9e7c,FIXED_PAIR_CLASSIFIED_ORDER_REVERSED_AT_NEXT_LAP_BOUNDARY,FALSE,AUTOMATED_REVIEW_UNREVIEWED
50782b0c5ca0929e8624,2018:Japanese Grand Prix:Race,train,development_train,ERI,LEC,34,35,4525.812,4620.544,94.732,2018-10-07T06:10:25.944000000,2018-10-07T06:12:00.676000000,fdbcca4c4240abbcee15eea8,2018:Japanese Grand Prix:Race|ERI|LEC|34|35,INHERITED_CANDIDATE_ID,MATCHED_TO_INHERITED_CANDIDATE,OTHER_POSITION_CHANGE,AUTOMATED_REVIEW_UNREVIEWED,ERI:12;LEC:11,ERI:12;LEC:13,NOT_AVAILABLE_FROM_FASTF1_POSITION_XYZ,2018-10-07T06:10:25.944000+00:00,2018-10-07T06:12:00.676000+00:00,5.495,PIT_LAP_OVERLAP_RECORDED_BUT_TIME_OF_DAY_ONLY,NO_RC_RECORD_ON_DECISION_OR_ENDPOINT_LAP,"FastF1 car_data and pos_data present for selected race; pos_data contains XYZ/status, not classified running order or pass timestamp",event_review_37.csv + candidate source,https://raw.githubusercontent.com/TracingInsights/2018/ec6317adac6786e38b5d35e008f4b87926a3a55c/Japanese%20Grand%20Prix/Race/ERI/laptimes.json|https://raw.githubusercontent.com/TracingInsights/2018/ec6317adac6786e38b5d35e008f4b87926a3a55c/Japanese%20Grand%20Prix/Race/LEC/laptimes.json,55b9fb0e87335324e9c4492c9c2bff2550c5915a7c650f823740de2824e9ece5|da2459abc34da696a0759a7dbbd3d4303a5678b6042368cbe2cf916f5906d196,FIXED_PAIR_CLASSIFIED_ORDER_REVERSED_AT_NEXT_LAP_BOUNDARY,FALSE,AUTOMATED_REVIEW_UNREVIEWED
7f16bee79d913a2cc662,2018:Japanese Grand Prix:Race,train,development_train,GAS,ERI,32,33,4331.756,4428.27,96.514,2018-10-07T06:07:11.888000000,2018-10-07T06:08:48.402000000,,2018:Japanese Grand Prix:Race|GAS|ERI|32|33,BOUNDARY_PROXY_KEY,OUTSIDE_INHERITED_CANDIDATE_UNIVERSE,OUTSIDE_CANDIDATE_UNIVERSE,AUTOMATED_PROXY_LINK_UNREVIEWED,GAS:13;ERI:12,GAS:11;ERI:12,NOT_AVAILABLE_FROM_BOUNDARY_LAPTIMES,2018-10-07T06:07:11.888000000,2018-10-07T06:08:48.402000000,BOUNDARY_INTERVAL_ONLY_NOT_EXACT_PASS_TIME,NOT_IN_INHERITED_CANDIDATE_REVIEW,NOT_IN_INHERITED_CANDIDATE_REVIEW,BOUNDARY_TELEMETRY_DOES_NOT_ESTABLISH_PASS,prediction_windows_37.csv.gz + laptime_source_inventory_37.csv,,,FIXED_PAIR_CLASSIFIED_ORDER_REVERSED_AT_NEXT_LAP_BOUNDARY,FALSE,AUTOMATED_PROXY_LINK_UNREVIEWED
3f0903aa841ec49e35b1,2018:Japanese Grand Prix:Race,train,development_train,GAS,LEC,33,34,4428.538,4522.41,93.872,2018-10-07T06:08:48.670000000,2018-10-07T06:10:22.542000000,285055a7795276bec44a8f0f,2018:Japanese Grand Prix:Race|GAS|LEC|33|34,INHERITED_CANDIDATE_ID,MATCHED_TO_INHERITED_CANDIDATE,UNRESOLVED,AUTOMATED_REVIEW_UNREVIEWED,GAS:11;LEC:10,GAS:10;LEC:11,NOT_AVAILABLE_FROM_FASTF1_POSITION_XYZ,2018-10-07T06:08:48.670000+00:00,2018-10-07T06:10:22.542000+00:00,3.291,NO_RELEVANT_PIT_ROW_FOUND_IN_CONTEXT,NO_RC_RECORD_ON_DECISION_OR_ENDPOINT_LAP,"FastF1 car_data and pos_data present for selected race; pos_data contains XYZ/status, not classified running order or pass timestamp",event_review_37.csv + candidate source,https://raw.githubusercontent.com/TracingInsights/2018/ec6317adac6786e38b5d35e008f4b87926a3a55c/Japanese%20Grand%20Prix/Race/GAS/laptimes.json|https://raw.githubusercontent.com/TracingInsights/2018/ec6317adac6786e38b5d35e008f4b87926a3a55c/Japanese%20Grand%20Prix/Race/LEC/laptimes.json,7e075a30fade605720dfbb1f00a30f9551a26805644a25c7304963dd9cce5fc4|da2459abc34da696a0759a7dbbd3d4303a5678b6042368cbe2cf916f5906d196,FIXED_PAIR_CLASSIFIED_ORDER_REVERSED_AT_NEXT_LAP_BOUNDARY,FALSE,AUTOMATED_REVIEW_UNREVIEWED
dcfe4534e194dac5048e,2018:Japanese Grand Prix:Race,train,development_train,HAR,STR,34,35,4532.058,4629.154,97.096,2018-10-07T06:10:32.190000000,2018-10-07T06:12:09.286000000,5ea4f3f36a67c4b15b335355,2018:Japanese Grand Prix:Race|HAR|STR|34|35,INHERITED_CANDIDATE_ID,MATCHED_TO_INHERITED_CANDIDATE,UNRESOLVED,AUTOMATED_REVIEW_UNREVIEWED,HAR:16;STR:15,HAR:15;STR:16,NOT_AVAILABLE_FROM_FASTF1_POSITION_XYZ,2018-10-07T06:10:32.190000+00:00,2018-10-07T06:12:09.286000+00:00,0.445,NO_RELEVANT_PIT_ROW_FOUND_IN_CONTEXT,NO_RC_RECORD_ON_DECISION_OR_ENDPOINT_LAP,"FastF1 car_data and pos_data present for selected race; pos_data contains XYZ/status, not classified running order or pass timestamp",event_review_37.csv + candidate source,https://raw.githubusercontent.com/TracingInsights/2018/ec6317adac6786e38b5d35e008f4b87926a3a55c/Japanese%20Grand%20Prix/Race/HAR/laptimes.json|https://raw.githubusercontent.com/TracingInsights/2018/ec6317adac6786e38b5d35e008f4b87926a3a55c/Japanese%20Grand%20Prix/Race/STR/laptimes.json,601a2c302650e523117340220d53808d175b11042c4f9757bf22b0c3f7114a29|ad54311e7c9d70bb95c1114b452d98db4ff3caf2cf25bc1f041bf1f6b5169762,FIXED_PAIR_CLASSIFIED_ORDER_REVERSED_AT_NEXT_LAP_BOUNDARY,FALSE,AUTOMATED_REVIEW_UNREVIEWED
3e5325fc516778c98854,2018:Japanese Grand Prix:Race,train,development_train,HAR,SIR,35,36,4629.254,4725.241,95.987,2018-10-07T06:12:09.386000000,2018-10-07T06:13:45.373000000,3804e192205fc471ebc0ab92,2018:Japanese Grand Prix:Race|HAR|SIR|35|36,INHERITED_CANDIDATE_ID,MATCHED_TO_INHERITED_CANDIDATE,UNRESOLVED,AUTOMATED_REVIEW_UNREVIEWED,HAR:15;SIR:14,HAR:13;SIR:14,NOT_AVAILABLE_FROM_FASTF1_POSITION_XYZ,2018-10-07T06:12:09.386000+00:00,2018-10-07T06:13:45.373000+00:00,2.126,NO_RELEVANT_PIT_ROW_FOUND_IN_CONTEXT,RC_RECORD_ON_DECISION_OR_ENDPOINT_LAP,"FastF1 car_data and pos_data present for selected race; pos_data contains XYZ/status, not classified running order or pass timestamp",event_review_37.csv + candidate source,https://raw.githubusercontent.com/TracingInsights/2018/ec6317adac6786e38b5d35e008f4b87926a3a55c/Japanese%20Grand%20Prix/Race/HAR/laptimes.json|https://raw.githubusercontent.com/TracingInsights/2018/ec6317adac6786e38b5d35e008f4b87926a3a55c/Japanese%20Grand%20Prix/Race/SIR/laptimes.json,601a2c302650e523117340220d53808d175b11042c4f9757bf22b0c3f7114a29|e5ecdc36d8dc5a56ff3ed3b6df9d4f5ae77e161b58ff3b46d67afe38c704e56d,FIXED_PAIR_CLASSIFIED_ORDER_REVERSED_AT_NEXT_LAP_BOUNDARY,FALSE,AUTOMATED_REVIEW_UNREVIEWED
12c329db25c6313668ab,2018:Japanese Grand Prix:Race,train,development_train,HUL,ALO,25,26,3643.229,3738.609,95.38,2018-10-07T05:55:43.361000000,2018-10-07T05:57:18.741000000,,2018:Japanese Grand Prix:Race|HUL|ALO|25|26,BOUNDARY_PROXY_KEY,OUTSIDE_INHERITED_CANDIDATE_UNIVERSE,OUTSIDE_CANDIDATE_UNIVERSE,AUTOMATED_PROXY_LINK_UNREVIEWED,HUL:13;ALO:12,HUL:12;ALO:13,NOT_AVAILABLE_FROM_BOUNDARY_LAPTIMES,2018-10-07T05:55:43.361000000,2018-10-07T05:57:18.741000000,BOUNDARY_INTERVAL_ONLY_NOT_EXACT_PASS_TIME,NOT_IN_INHERITED_CANDIDATE_REVIEW,NOT_IN_INHERITED_CANDIDATE_REVIEW,BOUNDARY_TELEMETRY_DOES_NOT_ESTABLISH_PASS,prediction_windows_37.csv.gz + laptime_source_inventory_37.csv,,,FIXED_PAIR_CLASSIFIED_ORDER_REVERSED_AT_NEXT_LAP_BOUNDARY,FALSE,AUTOMATED_PROXY_LINK_UNREVIEWED
33a52f520e30fcacfd9c,2018:Japanese Grand Prix:Race,train,development_train,LEC,STR,12,13,2374.036,2471.785,97.749,2018-10-07T05:34:34.168000000,2018-10-07T05:36:11.917000000,785b21f1e64db9920cccb21a,2018:Japanese Grand Prix:Race|LEC|STR|12|13,INHERITED_CANDIDATE_ID,MATCHED_TO_INHERITED_CANDIDATE,UNRESOLVED,AUTOMATED_REVIEW_UNREVIEWED,LEC:15;STR:14,LEC:14;STR:16,NOT_AVAILABLE_FROM_FASTF1_POSITION_XYZ,2018-10-07T05:34:34.168000+00:00,2018-10-07T05:36:11.917000+00:00,0.867,NO_RELEVANT_PIT_ROW_FOUND_IN_CONTEXT,NO_RC_RECORD_ON_DECISION_OR_ENDPOINT_LAP,"FastF1 car_data and pos_data present for selected race; pos_data contains XYZ/status, not classified running order or pass timestamp",event_review_37.csv + candidate source,https://raw.githubusercontent.com/TracingInsights/2018/ec6317adac6786e38b5d35e008f4b87926a3a55c/Japanese%20Grand%20Prix/Race/LEC/laptimes.json|https://raw.githubusercontent.com/TracingInsights/2018/ec6317adac6786e38b5d35e008f4b87926a3a55c/Japanese%20Grand%20Prix/Race/STR/laptimes.json,ad54311e7c9d70bb95c1114b452d98db4ff3caf2cf25bc1f041bf1f6b5169762|da2459abc34da696a0759a7dbbd3d4303a5678b6042368cbe2cf916f5906d196,FIXED_PAIR_CLASSIFIED_ORDER_REVERSED_AT_NEXT_LAP_BOUNDARY,FALSE,AUTOMATED_REVIEW_UNREVIEWED
11bffba7d1dd144fc408,2018:Japanese Grand Prix:Race,train,development_train,LEC,HUL,27,28,3839.518,3936.481,96.963,2018-10-07T05:58:59.650000000,2018-10-07T06:00:36.613000000,,2018:Japanese Grand Prix:Race|LEC|HUL|27|28,BOUNDARY_PROXY_KEY,OUTSIDE_INHERITED_CANDIDATE_UNIVERSE,OUTSIDE_CANDIDATE_UNIVERSE,AUTOMATED_PROXY_LINK_UNREVIEWED,LEC:11;HUL:10,LEC:10;HUL:12,NOT_AVAILABLE_FROM_BOUNDARY_LAPTIMES,2018-10-07T05:58:59.650000000,2018-10-07T06:00:36.613000000,BOUNDARY_INTERVAL_ONLY_NOT_EXACT_PASS_TIME,NOT_IN_INHERITED_CANDIDATE_REVIEW,NOT_IN_INHERITED_CANDIDATE_REVIEW,BOUNDARY_TELEMETRY_DOES_NOT_ESTABLISH_PASS,prediction_windows_37.csv.gz + laptime_source_inventory_37.csv,,,FIXED_PAIR_CLASSIFIED_ORDER_REVERSED_AT_NEXT_LAP_BOUNDARY,FALSE,AUTOMATED_PROXY_LINK_UNREVIEWED
27ae5eb76e30f0f02060,2018:Japanese Grand Prix:Race,train,development_train,OCO,SIR,27,28,3843.177,3941.738,98.561,2018-10-07T05:58:47.354000000,2018-10-07T06:00:41.870000000,0f0f5e014607d83a67740df1,2018:Japanese Grand Prix:Race|OCO|SIR|27|28,INHERITED_CANDIDATE_ID,MATCHED_TO_INHERITED_CANDIDATE,UNRESOLVED,AUTOMATED_REVIEW_UNREVIEWED,OCO:15;SIR:14,OCO:14;SIR:16,NOT_AVAILABLE_FROM_FASTF1_POSITION_XYZ,2018-10-07T05:59:03.309000+00:00,2018-10-07T06:00:41.870000+00:00,16.102,NO_RELEVANT_PIT_ROW_FOUND_IN_CONTEXT,NO_RC_RECORD_ON_DECISION_OR_ENDPOINT_LAP,"FastF1 car_data and pos_data present for selected race; pos_data contains XYZ/status, not classified running order or pass timestamp",event_review_37.csv + candidate source,https://raw.githubusercontent.com/TracingInsights/2018/ec6317adac6786e38b5d35e008f4b87926a3a55c/Japanese%20Grand%20Prix/Race/OCO/laptimes.json|https://raw.githubusercontent.com/TracingInsights/2018/ec6317adac6786e38b5d35e008f4b87926a3a55c/Japanese%20Grand%20Prix/Race/SIR/laptimes.json,3d09483b7c7853c708eefe8ac729abf14e238318333ad7c9e6f345a51787343e|e5ecdc36d8dc5a56ff3ed3b6df9d4f5ae77e161b58ff3b46d67afe38c704e56d,FIXED_PAIR_CLASSIFIED_ORDER_REVERSED_AT_NEXT_LAP_BOUNDARY,FALSE,AUTOMATED_REVIEW_UNREVIEWED
fcb552247cc03e6602f2,2018:Japanese Grand Prix:Race,train,development_train,OCO,ERI,28,29,3941.885,4036.786,94.901,2018-10-07T06:00:42.017000000,2018-10-07T06:02:16.918000000,,2018:Japanese Grand Prix:Race|OCO|ERI|28|29,BOUNDARY_PROXY_KEY,OUTSIDE_INHERITED_CANDIDATE_UNIVERSE,OUTSIDE_CANDIDATE_UNIVERSE,AUTOMATED_PROXY_LINK_UNREVIEWED,OCO:14;ERI:13,OCO:11;ERI:14,NOT_AVAILABLE_FROM_BOUNDARY_LAPTIMES,2018-10-07T06:00:42.017000000,2018-10-07T06:02:16.918000000,BOUNDARY_INTERVAL_ONLY_NOT_EXACT_PASS_TIME,NOT_IN_INHERITED_CANDIDATE_REVIEW,NOT_IN_INHERITED_CANDIDATE_REVIEW,BOUNDARY_TELEMETRY_DOES_NOT_ESTABLISH_PASS,prediction_windows_37.csv.gz + laptime_source_inventory_37.csv,,,FIXED_PAIR_CLASSIFIED_ORDER_REVERSED_AT_NEXT_LAP_BOUNDARY,FALSE,AUTOMATED_PROXY_LINK_UNREVIEWED
3b5d6be4885d0ed284a0,2018:Japanese Grand Prix:Race,train,development_train,PER,SIR,26,27,3746.004,3843.177,97.173,2018-10-07T05:57:26.136000000,2018-10-07T05:59:03.309000000,1fe486f3ee26bda10c829ff6,2018:Japanese Grand Prix:Race|PER|SIR|26|27,INHERITED_CANDIDATE_ID,MATCHED_TO_INHERITED_CANDIDATE,UNRESOLVED,AUTOMATED_REVIEW_UNREVIEWED,PER:17;SIR:16,PER:13;SIR:14,NOT_AVAILABLE_FROM_FASTF1_POSITION_XYZ,2018-10-07T05:57:26.136000+00:00,2018-10-07T05:59:03.309000+00:00,0.806,NO_RELEVANT_PIT_ROW_FOUND_IN_CONTEXT,NO_RC_RECORD_ON_DECISION_OR_ENDPOINT_LAP,"FastF1 car_data and pos_data present for selected race; pos_data contains XYZ/status, not classified running order or pass timestamp",event_review_37.csv + candidate source,https://raw.githubusercontent.com/TracingInsights/2018/ec6317adac6786e38b5d35e008f4b87926a3a55c/Japanese%20Grand%20Prix/Race/PER/laptimes.json|https://raw.githubusercontent.com/TracingInsights/2018/ec6317adac6786e38b5d35e008f4b87926a3a55c/Japanese%20Grand%20Prix/Race/SIR/laptimes.json,1d2d11726be22532600368c63fb5d2470bb0ffb864a51530d838a16bf463f51b|e5ecdc36d8dc5a56ff3ed3b6df9d4f5ae77e161b58ff3b46d67afe38c704e56d,FIXED_PAIR_CLASSIFIED_ORDER_REVERSED_AT_NEXT_LAP_BOUNDARY,FALSE,AUTOMATED_REVIEW_UNREVIEWED
050136c2ddb419717cfc,2018:Japanese Grand Prix:Race,train,development_train,PER,ERI,27,28,3843.431,3938.642,95.211,2018-10-07T05:59:03.563000000,2018-10-07T06:00:38.774000000,,2018:Japanese Grand Prix:Race|PER|ERI|27|28,BOUNDARY_PROXY_KEY,OUTSIDE_INHERITED_CANDIDATE_UNIVERSE,OUTSIDE_CANDIDATE_UNIVERSE,AUTOMATED_PROXY_LINK_UNREVIEWED,PER:13;ERI:12,PER:11;ERI:13,NOT_AVAILABLE_FROM_BOUNDARY_LAPTIMES,2018-10-07T05:59:03.563000000,2018-10-07T06:00:38.774000000,BOUNDARY_INTERVAL_ONLY_NOT_EXACT_PASS_TIME,NOT_IN_INHERITED_CANDIDATE_REVIEW,NOT_IN_INHERITED_CANDIDATE_REVIEW,BOUNDARY_TELEMETRY_DOES_NOT_ESTABLISH_PASS,prediction_windows_37.csv.gz + laptime_source_inventory_37.csv,,,FIXED_PAIR_CLASSIFIED_ORDER_REVERSED_AT_NEXT_LAP_BOUNDARY,FALSE,AUTOMATED_PROXY_LINK_UNREVIEWED
ad0213d8e8287d2afbbf,2018:Japanese Grand Prix:Race,train,development_train,PER,LEC,29,30,4035.165,4131.229,96.064,2018-10-07T06:02:15.297000000,2018-10-07T06:03:51.361000000,,2018:Japanese Grand Prix:Race|PER|LEC|29|30,BOUNDARY_PROXY_KEY,OUTSIDE_INHERITED_CANDIDATE_UNIVERSE,OUTSIDE_CANDIDATE_UNIVERSE,AUTOMATED_PROXY_LINK_UNREVIEWED,PER:10;LEC:9,PER:8;LEC:9,NOT_AVAILABLE_FROM_BOUNDARY_LAPTIMES,2018-10-07T06:02:15.297000000,2018-10-07T06:03:51.361000000,BOUNDARY_INTERVAL_ONLY_NOT_EXACT_PASS_TIME,NOT_IN_INHERITED_CANDIDATE_REVIEW,NOT_IN_INHERITED_CANDIDATE_REVIEW,BOUNDARY_TELEMETRY_DOES_NOT_ESTABLISH_PASS,prediction_windows_37.csv.gz + laptime_source_inventory_37.csv,,,FIXED_PAIR_CLASSIFIED_ORDER_REVERSED_AT_NEXT_LAP_BOUNDARY,FALSE,AUTOMATED_PROXY_LINK_UNREVIEWED
5703b5ae7e4e42916979,2018:Japanese Grand Prix:Race,train,development_train,RAI,OCO,19,20,3048.611,3143.288,94.677,2018-10-07T05:45:48.743000000,2018-10-07T05:47:23.420000000,,2018:Japanese Grand Prix:Race|RAI|OCO|19|20,BOUNDARY_PROXY_KEY,OUTSIDE_INHERITED_CANDIDATE_UNIVERSE,OUTSIDE_CANDIDATE_UNIVERSE,AUTOMATED_PROXY_LINK_UNREVIEWED,RAI:9;OCO:8,RAI:8;OCO:9,NOT_AVAILABLE_FROM_BOUNDARY_LAPTIMES,2018-10-07T05:45:48.743000000,2018-10-07T05:47:23.420000000,BOUNDARY_INTERVAL_ONLY_NOT_EXACT_PASS_TIME,NOT_IN_INHERITED_CANDIDATE_REVIEW,NOT_IN_INHERITED_CANDIDATE_REVIEW,BOUNDARY_TELEMETRY_DOES_NOT_ESTABLISH_PASS,prediction_windows_37.csv.gz + laptime_source_inventory_37.csv,,,FIXED_PAIR_CLASSIFIED_ORDER_REVERSED_AT_NEXT_LAP_BOUNDARY,FALSE,AUTOMATED_PROXY_LINK_UNREVIEWED
858c21f59ac1eddde645,2018:Japanese Grand Prix:Race,train,development_train,RAI,PER,20,21,3143.602,3238.704,95.102,2018-10-07T05:47:23.734000000,2018-10-07T05:48:58.836000000,,2018:Japanese Grand Prix:Race|RAI|PER|20|21,BOUNDARY_PROXY_KEY,OUTSIDE_INHERITED_CANDIDATE_UNIVERSE,OUTSIDE_CANDIDATE_UNIVERSE,AUTOMATED_PROXY_LINK_UNREVIEWED,RAI:8;PER:7,RAI:7;PER:8,NOT_AVAILABLE_FROM_BOUNDARY_LAPTIMES,2018-10-07T05:47:23.734000000,2018-10-07T05:48:58.836000000,BOUNDARY_INTERVAL_ONLY_NOT_EXACT_PASS_TIME,NOT_IN_INHERITED_CANDIDATE_REVIEW,NOT_IN_INHERITED_CANDIDATE_REVIEW,BOUNDARY_TELEMETRY_DOES_NOT_ESTABLISH_PASS,prediction_windows_37.csv.gz + laptime_source_inventory_37.csv,,,FIXED_PAIR_CLASSIFIED_ORDER_REVERSED_AT_NEXT_LAP_BOUNDARY,FALSE,AUTOMATED_PROXY_LINK_UNREVIEWED
8e2c14156f66d1916ad1,2018:Japanese Grand Prix:Race,train,development_train,RAI,GAS,21,22,3239.021,3335.601,96.58,2018-10-07T05:48:59.153000000,2018-10-07T05:50:35.733000000,,2018:Japanese Grand Prix:Race|RAI|GAS|21|22,BOUNDARY_PROXY_KEY,OUTSIDE_INHERITED_CANDIDATE_UNIVERSE,OUTSIDE_CANDIDATE_UNIVERSE,AUTOMATED_PROXY_LINK_UNREVIEWED,RAI:7;GAS:6,RAI:6;GAS:7,NOT_AVAILABLE_FROM_BOUNDARY_LAPTIMES,2018-10-07T05:48:59.153000000,2018-10-07T05:50:35.733000000,BOUNDARY_INTERVAL_ONLY_NOT_EXACT_PASS_TIME,NOT_IN_INHERITED_CANDIDATE_REVIEW,NOT_IN_INHERITED_CANDIDATE_REVIEW,BOUNDARY_TELEMETRY_DOES_NOT_ESTABLISH_PASS,prediction_windows_37.csv.gz + laptime_source_inventory_37.csv,,,FIXED_PAIR_CLASSIFIED_ORDER_REVERSED_AT_NEXT_LAP_BOUNDARY,FALSE,AUTOMATED_PROXY_LINK_UNREVIEWED
e260254236f39f87ef76,2018:Japanese Grand Prix:Race,train,development_train,RIC,HAR,2,3,1216.207,1313.231,97.024,2018-10-07T05:15:16.339000000,2018-10-07T05:16:53.363000000,,2018:Japanese Grand Prix:Race|RIC|HAR|2|3,BOUNDARY_PROXY_KEY,OUTSIDE_INHERITED_CANDIDATE_UNIVERSE,OUTSIDE_CANDIDATE_UNIVERSE,AUTOMATED_PROXY_LINK_UNREVIEWED,RIC:11;HAR:10,RIC:10;HAR:11,NOT_AVAILABLE_FROM_BOUNDARY_LAPTIMES,2018-10-07T05:15:16.339000000,2018-10-07T05:16:53.363000000,BOUNDARY_INTERVAL_ONLY_NOT_EXACT_PASS_TIME,NOT_IN_INHERITED_CANDIDATE_REVIEW,NOT_IN_INHERITED_CANDIDATE_REVIEW,BOUNDARY_TELEMETRY_DOES_NOT_ESTABLISH_PASS,prediction_windows_37.csv.gz + laptime_source_inventory_37.csv,,,FIXED_PAIR_CLASSIFIED_ORDER_REVERSED_AT_NEXT_LAP_BOUNDARY,FALSE,AUTOMATED_PROXY_LINK_UNREVIEWED
36240e1a0df1ad28c329,2018:Japanese Grand Prix:Race,train,development_train,RIC,GAS,12,13,2363.85,2459.907,96.057,2018-10-07T05:34:23.982000000,2018-10-07T05:36:00.039000000,,2018:Japanese Grand Prix:Race|RIC|GAS|12|13,BOUNDARY_PROXY_KEY,OUTSIDE_INHERITED_CANDIDATE_UNIVERSE,OUTSIDE_CANDIDATE_UNIVERSE,AUTOMATED_PROXY_LINK_UNREVIEWED,RIC:7;GAS:6,RIC:5;GAS:7,NOT_AVAILABLE_FROM_BOUNDARY_LAPTIMES,2018-10-07T05:34:23.982000000,2018-10-07T05:36:00.039000000,BOUNDARY_INTERVAL_ONLY_NOT_EXACT_PASS_TIME,NOT_IN_INHERITED_CANDIDATE_REVIEW,NOT_IN_INHERITED_CANDIDATE_REVIEW,BOUNDARY_TELEMETRY_DOES_NOT_ESTABLISH_PASS,prediction_windows_37.csv.gz + laptime_source_inventory_37.csv,,,FIXED_PAIR_CLASSIFIED_ORDER_REVERSED_AT_NEXT_LAP_BOUNDARY,FALSE,AUTOMATED_PROXY_LINK_UNREVIEWED
6ab770b92065df1a0c3f,2018:Japanese Grand Prix:Race,train,development_train,SAI,OCO,25,26,3632.32,3727.252,94.932,2018-10-07T05:55:32.452000000,2018-10-07T05:57:07.384000000,,2018:Japanese Grand Prix:Race|SAI|OCO|25|26,BOUNDARY_PROXY_KEY,OUTSIDE_INHERITED_CANDIDATE_UNIVERSE,OUTSIDE_CANDIDATE_UNIVERSE,AUTOMATED_PROXY_LINK_UNREVIEWED,SAI:9;OCO:8,SAI:8;OCO:9,NOT_AVAILABLE_FROM_BOUNDARY_LAPTIMES,2018-10-07T05:55:32.452000000,2018-10-07T05:57:07.384000000,BOUNDARY_INTERVAL_ONLY_NOT_EXACT_PASS_TIME,NOT_IN_INHERITED_CANDIDATE_REVIEW,NOT_IN_INHERITED_CANDIDATE_REVIEW,BOUNDARY_TELEMETRY_DOES_NOT_ESTABLISH_PASS,prediction_windows_37.csv.gz + laptime_source_inventory_37.csv,,,FIXED_PAIR_CLASSIFIED_ORDER_REVERSED_AT_NEXT_LAP_BOUNDARY,FALSE,AUTOMATED_PROXY_LINK_UNREVIEWED
8c4a42ac019c790de188,2018:Japanese Grand Prix:Race,train,development_train,SAI,GAS,28,29,3923.43,4019.372,95.942,2018-10-07T06:00:23.562000000,2018-10-07T06:01:59.504000000,,2018:Japanese Grand Prix:Race|SAI|GAS|28|29,BOUNDARY_PROXY_KEY,OUTSIDE_INHERITED_CANDIDATE_UNIVERSE,OUTSIDE_CANDIDATE_UNIVERSE,AUTOMATED_PROXY_LINK_UNREVIEWED,SAI:8;GAS:7,SAI:7;GAS:8,NOT_AVAILABLE_FROM_BOUNDARY_LAPTIMES,2018-10-07T06:00:23.562000000,2018-10-07T06:01:59.504000000,BOUNDARY_INTERVAL_ONLY_NOT_EXACT_PASS_TIME,NOT_IN_INHERITED_CANDIDATE_REVIEW,NOT_IN_INHERITED_CANDIDATE_REVIEW,BOUNDARY_TELEMETRY_DOES_NOT_ESTABLISH_PASS,prediction_windows_37.csv.gz + laptime_source_inventory_37.csv,,,FIXED_PAIR_CLASSIFIED_ORDER_REVERSED_AT_NEXT_LAP_BOUNDARY,FALSE,AUTOMATED_PROXY_LINK_UNREVIEWED
465cfd37d94f03fabee3,2018:Japanese Grand Prix:Race,train,development_train,SAI,ERI,34,35,4527.986,4622.637,94.651,2018-10-07T06:10:28.118000000,2018-10-07T06:12:02.769000000,,2018:Japanese Grand Prix:Race|SAI|ERI|34|35,BOUNDARY_PROXY_KEY,OUTSIDE_INHERITED_CANDIDATE_UNIVERSE,OUTSIDE_CANDIDATE_UNIVERSE,AUTOMATED_PROXY_LINK_UNREVIEWED,SAI:13;ERI:12,SAI:11;ERI:12,NOT_AVAILABLE_FROM_BOUNDARY_LAPTIMES,2018-10-07T06:10:28.118000000,2018-10-07T06:12:02.769000000,BOUNDARY_INTERVAL_ONLY_NOT_EXACT_PASS_TIME,NOT_IN_INHERITED_CANDIDATE_REVIEW,NOT_IN_INHERITED_CANDIDATE_REVIEW,BOUNDARY_TELEMETRY_DOES_NOT_ESTABLISH_PASS,prediction_windows_37.csv.gz + laptime_source_inventory_37.csv,,,FIXED_PAIR_CLASSIFIED_ORDER_REVERSED_AT_NEXT_LAP_BOUNDARY,FALSE,AUTOMATED_PROXY_LINK_UNREVIEWED
0f25a200feaf43ae6e8b,2018:Japanese Grand Prix:Race,train,development_train,VET,ERI,11,12,2277.352,2376.513,99.161,2018-10-07T05:32:57.484000000,2018-10-07T05:34:36.645000000,,2018:Japanese Grand Prix:Race|VET|ERI|11|12,BOUNDARY_PROXY_KEY,OUTSIDE_INHERITED_CANDIDATE_UNIVERSE,OUTSIDE_CANDIDATE_UNIVERSE,AUTOMATED_PROXY_LINK_UNREVIEWED,VET:18;ERI:17,VET:16;ERI:18,NOT_AVAILABLE_FROM_BOUNDARY_LAPTIMES,2018-10-07T05:32:57.484000000,2018-10-07T05:34:36.645000000,BOUNDARY_INTERVAL_ONLY_NOT_EXACT_PASS_TIME,NOT_IN_INHERITED_CANDIDATE_REVIEW,NOT_IN_INHERITED_CANDIDATE_REVIEW,BOUNDARY_TELEMETRY_DOES_NOT_ESTABLISH_PASS,prediction_windows_37.csv.gz + laptime_source_inventory_37.csv,,,FIXED_PAIR_CLASSIFIED_ORDER_REVERSED_AT_NEXT_LAP_BOUNDARY,FALSE,AUTOMATED_PROXY_LINK_UNREVIEWED
72effb3b2a40ee762ed6,2018:Japanese Grand Prix:Race,train,development_train,VET,LEC,14,15,2571.232,2666.966,95.734,2018-10-07T05:37:51.364000000,2018-10-07T05:39:27.098000000,,2018:Japanese Grand Prix:Race|VET|LEC|14|15,BOUNDARY_PROXY_KEY,OUTSIDE_INHERITED_CANDIDATE_UNIVERSE,OUTSIDE_CANDIDATE_UNIVERSE,AUTOMATED_PROXY_LINK_UNREVIEWED,VET:15;LEC:14,VET:14;LEC:15,NOT_AVAILABLE_FROM_BOUNDARY_LAPTIMES,2018-10-07T05:37:51.364000000,2018-10-07T05:39:27.098000000,BOUNDARY_INTERVAL_ONLY_NOT_EXACT_PASS_TIME,NOT_IN_INHERITED_CANDIDATE_REVIEW,NOT_IN_INHERITED_CANDIDATE_REVIEW,BOUNDARY_TELEMETRY_DOES_NOT_ESTABLISH_PASS,prediction_windows_37.csv.gz + laptime_source_inventory_37.csv,,,FIXED_PAIR_CLASSIFIED_ORDER_REVERSED_AT_NEXT_LAP_BOUNDARY,FALSE,AUTOMATED_PROXY_LINK_UNREVIEWED
0b8fa455f92ae4aa4cd5,2018:Japanese Grand Prix:Race,train,development_train,VET,HUL,15,16,2667.526,2763.621,96.095,2018-10-07T05:39:27.658000000,2018-10-07T05:41:03.753000000,,2018:Japanese Grand Prix:Race|VET|HUL|15|16,BOUNDARY_PROXY_KEY,OUTSIDE_INHERITED_CANDIDATE_UNIVERSE,OUTSIDE_CANDIDATE_UNIVERSE,AUTOMATED_PROXY_LINK_UNREVIEWED,VET:14;HUL:13,VET:13;HUL:14,NOT_AVAILABLE_FROM_BOUNDARY_LAPTIMES,2018-10-07T05:39:27.658000000,2018-10-07T05:41:03.753000000,BOUNDARY_INTERVAL_ONLY_NOT_EXACT_PASS_TIME,NOT_IN_INHERITED_CANDIDATE_REVIEW,NOT_IN_INHERITED_CANDIDATE_REVIEW,BOUNDARY_TELEMETRY_DOES_NOT_ESTABLISH_PASS,prediction_windows_37.csv.gz + laptime_source_inventory_37.csv,,,FIXED_PAIR_CLASSIFIED_ORDER_REVERSED_AT_NEXT_LAP_BOUNDARY,FALSE,AUTOMATED_PROXY_LINK_UNREVIEWED
6ec4b19f36482ee8d55a,2018:Japanese Grand Prix:Race,train,development_train,VET,ALO,18,19,2958.581,3054.947,96.366,2018-10-07T05:44:18.713000000,2018-10-07T05:45:55.079000000,,2018:Japanese Grand Prix:Race|VET|ALO|18|19,BOUNDARY_PROXY_KEY,OUTSIDE_INHERITED_CANDIDATE_UNIVERSE,OUTSIDE_CANDIDATE_UNIVERSE,AUTOMATED_PROXY_LINK_UNREVIEWED,VET:13;ALO:12,VET:12;ALO:13,NOT_AVAILABLE_FROM_BOUNDARY_LAPTIMES,2018-10-07T05:44:18.713000000,2018-10-07T05:45:55.079000000,BOUNDARY_INTERVAL_ONLY_NOT_EXACT_PASS_TIME,NOT_IN_INHERITED_CANDIDATE_REVIEW,NOT_IN_INHERITED_CANDIDATE_REVIEW,BOUNDARY_TELEMETRY_DOES_NOT_ESTABLISH_PASS,prediction_windows_37.csv.gz + laptime_source_inventory_37.csv,,,FIXED_PAIR_CLASSIFIED_ORDER_REVERSED_AT_NEXT_LAP_BOUNDARY,FALSE,AUTOMATED_PROXY_LINK_UNREVIEWED
76a7f536184b29d3be19,2018:Japanese Grand Prix:Race,train,development_train,VET,HAR,20,21,3151.69,3247.817,96.127,2018-10-07T05:47:31.822000000,2018-10-07T05:49:07.949000000,,2018:Japanese Grand Prix:Race|VET|HAR|20|21,BOUNDARY_PROXY_KEY,OUTSIDE_INHERITED_CANDIDATE_UNIVERSE,OUTSIDE_CANDIDATE_UNIVERSE,AUTOMATED_PROXY_LINK_UNREVIEWED,VET:12;HAR:11,VET:11;HAR:12,NOT_AVAILABLE_FROM_BOUNDARY_LAPTIMES,2018-10-07T05:47:31.822000000,2018-10-07T05:49:07.949000000,BOUNDARY_INTERVAL_ONLY_NOT_EXACT_PASS_TIME,NOT_IN_INHERITED_CANDIDATE_REVIEW,NOT_IN_INHERITED_CANDIDATE_REVIEW,BOUNDARY_TELEMETRY_DOES_NOT_ESTABLISH_PASS,prediction_windows_37.csv.gz + laptime_source_inventory_37.csv,,,FIXED_PAIR_CLASSIFIED_ORDER_REVERSED_AT_NEXT_LAP_BOUNDARY,FALSE,AUTOMATED_PROXY_LINK_UNREVIEWED
4d783ee618e38f4a5907,2018:Japanese Grand Prix:Race,train,development_train,VET,OCO,29,30,4038.96,4133.059,94.099,2018-10-07T06:02:19.092000000,2018-10-07T06:03:53.191000000,,2018:Japanese Grand Prix:Race|VET|OCO|29|30,BOUNDARY_PROXY_KEY,OUTSIDE_INHERITED_CANDIDATE_UNIVERSE,OUTSIDE_CANDIDATE_UNIVERSE,AUTOMATED_PROXY_LINK_UNREVIEWED,VET:12;OCO:11,VET:10;OCO:11,NOT_AVAILABLE_FROM_BOUNDARY_LAPTIMES,2018-10-07T06:02:19.092000000,2018-10-07T06:03:53.191000000,BOUNDARY_INTERVAL_ONLY_NOT_EXACT_PASS_TIME,NOT_IN_INHERITED_CANDIDATE_REVIEW,NOT_IN_INHERITED_CANDIDATE_REVIEW,BOUNDARY_TELEMETRY_DOES_NOT_ESTABLISH_PASS,prediction_windows_37.csv.gz + laptime_source_inventory_37.csv,,,FIXED_PAIR_CLASSIFIED_ORDER_REVERSED_AT_NEXT_LAP_BOUNDARY,FALSE,AUTOMATED_PROXY_LINK_UNREVIEWED
849fa12f7ae893e98566,2018:Japanese Grand Prix:Race,train,development_train,VET,LEC,30,31,4134.274,4229.829,95.555,2018-10-07T06:03:54.406000000,2018-10-07T06:05:29.961000000,,2018:Japanese Grand Prix:Race|VET|LEC|30|31,BOUNDARY_PROXY_KEY,OUTSIDE_INHERITED_CANDIDATE_UNIVERSE,OUTSIDE_CANDIDATE_UNIVERSE,AUTOMATED_PROXY_LINK_UNREVIEWED,VET:10;LEC:9,VET:9;LEC:11,NOT_AVAILABLE_FROM_BOUNDARY_LAPTIMES,2018-10-07T06:03:54.406000000,2018-10-07T06:05:29.961000000,BOUNDARY_INTERVAL_ONLY_NOT_EXACT_PASS_TIME,NOT_IN_INHERITED_CANDIDATE_REVIEW,NOT_IN_INHERITED_CANDIDATE_REVIEW,BOUNDARY_TELEMETRY_DOES_NOT_ESTABLISH_PASS,prediction_windows_37.csv.gz + laptime_source_inventory_37.csv,,,FIXED_PAIR_CLASSIFIED_ORDER_REVERSED_AT_NEXT_LAP_BOUNDARY,FALSE,AUTOMATED_PROXY_LINK_UNREVIEWED
2c8785dfddc4b606cd26,2018:Japanese Grand Prix:Race,train,development_train,VET,PER,31,32,4230.38,4323.101,92.721,2018-10-07T06:05:30.512000000,2018-10-07T06:07:03.233000000,,2018:Japanese Grand Prix:Race|VET|PER|31|32,BOUNDARY_PROXY_KEY,OUTSIDE_INHERITED_CANDIDATE_UNIVERSE,OUTSIDE_CANDIDATE_UNIVERSE,AUTOMATED_PROXY_LINK_UNREVIEWED,VET:9;PER:8,VET:8;PER:9,NOT_AVAILABLE_FROM_BOUNDARY_LAPTIMES,2018-10-07T06:05:30.512000000,2018-10-07T06:07:03.233000000,BOUNDARY_INTERVAL_ONLY_NOT_EXACT_PASS_TIME,NOT_IN_INHERITED_CANDIDATE_REVIEW,NOT_IN_INHERITED_CANDIDATE_REVIEW,BOUNDARY_TELEMETRY_DOES_NOT_ESTABLISH_PASS,prediction_windows_37.csv.gz + laptime_source_inventory_37.csv,,,FIXED_PAIR_CLASSIFIED_ORDER_REVERSED_AT_NEXT_LAP_BOUNDARY,FALSE,AUTOMATED_PROXY_LINK_UNREVIEWED
29615338b19f728f5f8a,2018:Japanese Grand Prix:Race,train,development_train,VET,GRO,33,34,4418.542,4511.024,92.482,2018-10-07T06:08:38.674000000,2018-10-07T06:10:11.156000000,,2018:Japanese Grand Prix:Race|VET|GRO|33|34,BOUNDARY_PROXY_KEY,OUTSIDE_INHERITED_CANDIDATE_UNIVERSE,OUTSIDE_CANDIDATE_UNIVERSE,AUTOMATED_PROXY_LINK_UNREVIEWED,VET:7;GRO:6,VET:6;GRO:7,NOT_AVAILABLE_FROM_BOUNDARY_LAPTIMES,2018-10-07T06:08:38.674000000,2018-10-07T06:10:11.156000000,BOUNDARY_INTERVAL_ONLY_NOT_EXACT_PASS_TIME,NOT_IN_INHERITED_CANDIDATE_REVIEW,NOT_IN_INHERITED_CANDIDATE_REVIEW,BOUNDARY_TELEMETRY_DOES_NOT_ESTABLISH_PASS,prediction_windows_37.csv.gz + laptime_source_inventory_37.csv,,,FIXED_PAIR_CLASSIFIED_ORDER_REVERSED_AT_NEXT_LAP_BOUNDARY,FALSE,AUTOMATED_PROXY_LINK_UNREVIEWED
2eb12c09f8086890800b,2018:Mexican Grand Prix:Race,train,development_train,ERI,GRO,43,44,5636.171,5720.246,84.075,2018-10-28T20:13:56.273000000,2018-10-28T20:15:20.348000000,3b9e1c2b0f47ca371b19e1da,2018:Mexican Grand Prix:Race|ERI|GRO|43|44,INHERITED_CANDIDATE_ID,MATCHED_TO_INHERITED_CANDIDATE,OTHER_POSITION_CHANGE,AUTOMATED_REVIEW_UNREVIEWED,ERI:12;GRO:11,ERI:10;GRO:14,NOT_AVAILABLE_FROM_FASTF1_POSITION_XYZ,2018-10-28T20:13:56.273000+00:00,2018-10-28T20:15:20.348000+00:00,1.848,PIT_LAP_OVERLAP_RECORDED_BUT_TIME_OF_DAY_ONLY,RC_RECORD_ON_DECISION_OR_ENDPOINT_LAP,"FastF1 car_data and pos_data present for selected race; pos_data contains XYZ/status, not classified running order or pass timestamp",event_review_37.csv + candidate source,https://raw.githubusercontent.com/TracingInsights/2018/ec6317adac6786e38b5d35e008f4b87926a3a55c/Mexican%20Grand%20Prix/Race/ERI/laptimes.json|https://raw.githubusercontent.com/TracingInsights/2018/ec6317adac6786e38b5d35e008f4b87926a3a55c/Mexican%20Grand%20Prix/Race/GRO/laptimes.json,97794c87c68c622be94c3a4dba1b8322fd92b8c10aa15660c8797b7c3ec6c0f2|a815c4c135d1f6c1269598f9b8df9ce843e6aa4354e87ba758e2d0fb89152254,FIXED_PAIR_CLASSIFIED_ORDER_REVERSED_AT_NEXT_LAP_BOUNDARY,FALSE,AUTOMATED_REVIEW_UNREVIEWED
b9b790ed97a2b05df169,2018:Mexican Grand Prix:Race,train,development_train,GRO,SIR,10,11,2773.401,2857.889,84.488,2018-10-28T19:26:13.503000000,2018-10-28T19:27:37.991000000,fbf467d937fe3e9b1e0971db,2018:Mexican Grand Prix:Race|GRO|SIR|10|11,INHERITED_CANDIDATE_ID,MATCHED_TO_INHERITED_CANDIDATE,OTHER_POSITION_CHANGE,AUTOMATED_REVIEW_UNREVIEWED,GRO:16;SIR:15,GRO:14;SIR:15,NOT_AVAILABLE_FROM_FASTF1_POSITION_XYZ,2018-10-28T19:26:13.503000+00:00,2018-10-28T19:27:37.991000+00:00,1.502,PIT_LAP_OVERLAP_RECORDED_BUT_TIME_OF_DAY_ONLY,NO_RC_RECORD_ON_DECISION_OR_ENDPOINT_LAP,"FastF1 car_data and pos_data present for selected race; pos_data contains XYZ/status, not classified running order or pass timestamp",event_review_37.csv + candidate source,https://raw.githubusercontent.com/TracingInsights/2018/ec6317adac6786e38b5d35e008f4b87926a3a55c/Mexican%20Grand%20Prix/Race/GRO/laptimes.json|https://raw.githubusercontent.com/TracingInsights/2018/ec6317adac6786e38b5d35e008f4b87926a3a55c/Mexican%20Grand%20Prix/Race/SIR/laptimes.json,94a5fa30fc034be4be75a3215b393e5012be749744b66446b098005c70aedabf|97794c87c68c622be94c3a4dba1b8322fd92b8c10aa15660c8797b7c3ec6c0f2,FIXED_PAIR_CLASSIFIED_ORDER_REVERSED_AT_NEXT_LAP_BOUNDARY,FALSE,AUTOMATED_REVIEW_UNREVIEWED
0a8fd6c5518952d9f1d5,2018:Mexican Grand Prix:Race,train,development_train,HAM,RAI,16,17,3248.493,3331.037,82.544,2018-10-28T19:34:08.595000000,2018-10-28T19:35:31.139000000,784485bb46c93c54707105e2,2018:Mexican Grand Prix:Race|HAM|RAI|16|17,INHERITED_CANDIDATE_ID,MATCHED_TO_INHERITED_CANDIDATE,OTHER_POSITION_CHANGE,AUTOMATED_REVIEW_UNREVIEWED,HAM:4;RAI:3,HAM:3;RAI:5,NOT_AVAILABLE_FROM_FASTF1_POSITION_XYZ,2018-10-28T19:34:08.595000+00:00,2018-10-28T19:35:31.139000+00:00,1.277,PIT_LAP_OVERLAP_RECORDED_BUT_TIME_OF_DAY_ONLY,NO_RC_RECORD_ON_DECISION_OR_ENDPOINT_LAP,"FastF1 car_data and pos_data present for selected race; pos_data contains XYZ/status, not classified running order or pass timestamp",event_review_37.csv + candidate source,https://raw.githubusercontent.com/TracingInsights/2018/ec6317adac6786e38b5d35e008f4b87926a3a55c/Mexican%20Grand%20Prix/Race/HAM/laptimes.json|https://raw.githubusercontent.com/TracingInsights/2018/ec6317adac6786e38b5d35e008f4b87926a3a55c/Mexican%20Grand%20Prix/Race/RAI/laptimes.json,1b588b3f0bc43e361a2bf322d64f1269ddc8e50537df14c827dab6f05b78a46c|857f0340418dcc5b68485e7279cb16ffbd8244df3147eb58a225375cc91f0eae,FIXED_PAIR_CLASSIFIED_ORDER_REVERSED_AT_NEXT_LAP_BOUNDARY,FALSE,AUTOMATED_REVIEW_UNREVIEWED
565c6c95c6f12f545ca8,2018:Mexican Grand Prix:Race,train,development_train,HUL,SAI,10,11,2753.819,2835.984,82.165,2018-10-28T19:25:53.921000000,2018-10-28T19:27:16.086000000,95a4086641bd299d42768df0,2018:Mexican Grand Prix:Race|HUL|SAI|10|11,INHERITED_CANDIDATE_ID,MATCHED_TO_INHERITED_CANDIDATE,OTHER_POSITION_CHANGE,AUTOMATED_REVIEW_UNREVIEWED,HUL:8;SAI:7,HUL:7;SAI:8,NOT_AVAILABLE_FROM_FASTF1_POSITION_XYZ,2018-10-28T19:25:53.921000+00:00,2018-10-28T19:27:16.086000+00:00,4.444,PIT_LAP_OVERLAP_RECORDED_BUT_TIME_OF_DAY_ONLY,NO_RC_RECORD_ON_DECISION_OR_ENDPOINT_LAP,"FastF1 car_data and pos_data present for selected race; pos_data contains XYZ/status, not classified running order or pass timestamp",event_review_37.csv + candidate source,https://raw.githubusercontent.com/TracingInsights/2018/ec6317adac6786e38b5d35e008f4b87926a3a55c/Mexican%20Grand%20Prix/Race/HUL/laptimes.json|https://raw.githubusercontent.com/TracingInsights/2018/ec6317adac6786e38b5d35e008f4b87926a3a55c/Mexican%20Grand%20Prix/Race/SAI/laptimes.json,423af5608504d092893a8556c43729d07bc2ce0b2d57cc96e5895dcf7a7c437b|d07a61b534ed2ce79d2aee0828f4c63f992a06e17e7dad6633fac5c8fb7181bc,FIXED_PAIR_CLASSIFIED_ORDER_REVERSED_AT_NEXT_LAP_BOUNDARY,FALSE,AUTOMATED_REVIEW_UNREVIEWED
e2c6fd1086aae81c8c48,2018:Mexican Grand Prix:Race,train,development_train,HUL,GRO,14,15,3114.762,3198.678,83.916,2018-10-28T19:31:54.864000000,2018-10-28T19:33:18.780000000,,2018:Mexican Grand Prix:Race|HUL|GRO|14|15,BOUNDARY_PROXY_KEY,OUTSIDE_INHERITED_CANDIDATE_UNIVERSE,OUTSIDE_CANDIDATE_UNIVERSE,AUTOMATED_PROXY_LINK_UNREVIEWED,HUL:12;GRO:11,HUL:10;GRO:12,NOT_AVAILABLE_FROM_BOUNDARY_LAPTIMES,2018-10-28T19:31:54.864000000,2018-10-28T19:33:18.780000000,BOUNDARY_INTERVAL_ONLY_NOT_EXACT_PASS_TIME,NOT_IN_INHERITED_CANDIDATE_REVIEW,NOT_IN_INHERITED_CANDIDATE_REVIEW,BOUNDARY_TELEMETRY_DOES_NOT_ESTABLISH_PASS,prediction_windows_37.csv.gz + laptime_source_inventory_37.csv,,,FIXED_PAIR_CLASSIFIED_ORDER_REVERSED_AT_NEXT_LAP_BOUNDARY,FALSE,AUTOMATED_PROXY_LINK_UNREVIEWED
2436c6964373b12d2684,2018:Mexican Grand Prix:Race,train,development_train,HUL,ERI,15,16,3198.87,3282.874,84.004,2018-10-28T19:33:18.972000000,2018-10-28T19:34:42.976000000,,2018:Mexican Grand Prix:Race|HUL|ERI|15|16,BOUNDARY_PROXY_KEY,OUTSIDE_INHERITED_CANDIDATE_UNIVERSE,OUTSIDE_CANDIDATE_UNIVERSE,AUTOMATED_PROXY_LINK_UNREVIEWED,HUL:10;ERI:9,HUL:9;ERI:14,NOT_AVAILABLE_FROM_BOUNDARY_LAPTIMES,2018-10-28T19:33:18.972000000,2018-10-28T19:34:42.976000000,BOUNDARY_INTERVAL_ONLY_NOT_EXACT_PASS_TIME,NOT_IN_INHERITED_CANDIDATE_REVIEW,NOT_IN_INHERITED_CANDIDATE_REVIEW,BOUNDARY_TELEMETRY_DOES_NOT_ESTABLISH_PASS,prediction_windows_37.csv.gz + laptime_source_inventory_37.csv,,,FIXED_PAIR_CLASSIFIED_ORDER_REVERSED_AT_NEXT_LAP_BOUNDARY,FALSE,AUTOMATED_PROXY_LINK_UNREVIEWED
c9c1463a7c054d4733ad,2018:Mexican Grand Prix:Race,train,development_train,LEC,OCO,15,16,3204.297,3288.166,83.869,2018-10-28T19:33:24.399000000,2018-10-28T19:34:48.268000000,b91426f7f191f4c66853af50,2018:Mexican Grand Prix:Race|LEC|OCO|15|16,INHERITED_CANDIDATE_ID,MATCHED_TO_INHERITED_CANDIDATE,UNRESOLVED,AUTOMATED_REVIEW_UNREVIEWED,LEC:15;OCO:14,LEC:13;OCO:15,NOT_AVAILABLE_FROM_FASTF1_POSITION_XYZ,2018-10-28T19:33:24.399000+00:00,2018-10-28T19:34:48.268000+00:00,1.423,NO_RELEVANT_PIT_ROW_FOUND_IN_CONTEXT,NO_RC_RECORD_ON_DECISION_OR_ENDPOINT_LAP,"FastF1 car_data and pos_data present for selected race; pos_data contains XYZ/status, not classified running order or pass timestamp",event_review_37.csv + candidate source,https://raw.githubusercontent.com/TracingInsights/2018/ec6317adac6786e38b5d35e008f4b87926a3a55c/Mexican%20Grand%20Prix/Race/LEC/laptimes.json|https://raw.githubusercontent.com/TracingInsights/2018/ec6317adac6786e38b5d35e008f4b87926a3a55c/Mexican%20Grand%20Prix/Race/OCO/laptimes.json,7ccca458fde93a7b9536683494b8ce254f1b21cd326de35f809fa033c813b1d4|7df5865d6271774bd79238972da5dc977e403a6d90ed6f9e111ba8fe46aca60f,FIXED_PAIR_CLASSIFIED_ORDER_REVERSED_AT_NEXT_LAP_BOUNDARY,FALSE,AUTOMATED_REVIEW_UNREVIEWED
ededd25b765e04e0c812,2018:Mexican Grand Prix:Race,train,development_train,LEC,HAR,16,17,3288.619,3372.475,83.856,2018-10-28T19:34:48.721000000,2018-10-28T19:36:12.577000000,,2018:Mexican Grand Prix:Race|LEC|HAR|16|17,BOUNDARY_PROXY_KEY,OUTSIDE_INHERITED_CANDIDATE_UNIVERSE,OUTSIDE_CANDIDATE_UNIVERSE,AUTOMATED_PROXY_LINK_UNREVIEWED,LEC:13;HAR:12,LEC:12;HAR:13,NOT_AVAILABLE_FROM_BOUNDARY_LAPTIMES,2018-10-28T19:34:48.721000000,2018-10-28T19:36:12.577000000,BOUNDARY_INTERVAL_ONLY_NOT_EXACT_PASS_TIME,NOT_IN_INHERITED_CANDIDATE_REVIEW,NOT_IN_INHERITED_CANDIDATE_REVIEW,BOUNDARY_TELEMETRY_DOES_NOT_ESTABLISH_PASS,prediction_windows_37.csv.gz + laptime_source_inventory_37.csv,,,FIXED_PAIR_CLASSIFIED_ORDER_REVERSED_AT_NEXT_LAP_BOUNDARY,FALSE,AUTOMATED_PROXY_LINK_UNREVIEWED
55c8cb745c290ce471f3,2018:Mexican Grand Prix:Race,train,development_train,LEC,GRO,17,18,3372.754,3456.544,83.79,2018-10-28T19:36:12.856000000,2018-10-28T19:37:36.646000000,,2018:Mexican Grand Prix:Race|LEC|GRO|17|18,BOUNDARY_PROXY_KEY,OUTSIDE_INHERITED_CANDIDATE_UNIVERSE,OUTSIDE_CANDIDATE_UNIVERSE,AUTOMATED_PROXY_LINK_UNREVIEWED,LEC:12;GRO:11,LEC:11;GRO:12,NOT_AVAILABLE_FROM_BOUNDARY_LAPTIMES,2018-10-28T19:36:12.856000000,2018-10-28T19:37:36.646000000,BOUNDARY_INTERVAL_ONLY_NOT_EXACT_PASS_TIME,NOT_IN_INHERITED_CANDIDATE_REVIEW,NOT_IN_INHERITED_CANDIDATE_REVIEW,BOUNDARY_TELEMETRY_DOES_NOT_ESTABLISH_PASS,prediction_windows_37.csv.gz + laptime_source_inventory_37.csv,,,FIXED_PAIR_CLASSIFIED_ORDER_REVERSED_AT_NEXT_LAP_BOUNDARY,FALSE,AUTOMATED_PROXY_LINK_UNREVIEWED
5c479140d73bd4d81227,2018:Mexican Grand Prix:Race,train,development_train,MAG,STR,9,10,2682.315,2766.233,83.918,2018-10-28T19:24:42.417000000,2018-10-28T19:26:06.335000000,ce953e636f6a5c6bd79811f9,2018:Mexican Grand Prix:Race|MAG|STR|9|10,INHERITED_CANDIDATE_ID,MATCHED_TO_INHERITED_CANDIDATE,OTHER_POSITION_CHANGE,AUTOMATED_REVIEW_UNREVIEWED,MAG:13;STR:12,MAG:12;STR:14,NOT_AVAILABLE_FROM_FASTF1_POSITION_XYZ,2018-10-28T19:24:42.417000+00:00,2018-10-28T19:26:06.335000+00:00,1.544,PIT_LAP_OVERLAP_RECORDED_BUT_TIME_OF_DAY_ONLY,NO_RC_RECORD_ON_DECISION_OR_ENDPOINT_LAP,"FastF1 car_data and pos_data present for selected race; pos_data contains XYZ/status, not classified running order or pass timestamp",event_review_37.csv + candidate source,https://raw.githubusercontent.com/TracingInsights/2018/ec6317adac6786e38b5d35e008f4b87926a3a55c/Mexican%20Grand%20Prix/Race/MAG/laptimes.json|https://raw.githubusercontent.com/TracingInsights/2018/ec6317adac6786e38b5d35e008f4b87926a3a55c/Mexican%20Grand%20Prix/Race/STR/laptimes.json,16897b3df024c58106c4cfa9304cce027170677011679f355bc105fdecbe6fb5|239a7b993a86c84e01996266a49a16baf02c88af87af8f2d8da06e6e80d75575,FIXED_PAIR_CLASSIFIED_ORDER_REVERSED_AT_NEXT_LAP_BOUNDARY,FALSE,AUTOMATED_REVIEW_UNREVIEWED
821cdad9de04f357e04b,2018:Mexican Grand Prix:Race,train,development_train,OCO,HAR,23,24,3886.137,3970.194,84.057,2018-10-28T19:44:46.239000000,2018-10-28T19:46:10.296000000,,2018:Mexican Grand Prix:Race|OCO|HAR|23|24,BOUNDARY_PROXY_KEY,OUTSIDE_INHERITED_CANDIDATE_UNIVERSE,OUTSIDE_CANDIDATE_UNIVERSE,AUTOMATED_PROXY_LINK_UNREVIEWED,OCO:14;HAR:13,OCO:13;HAR:15,NOT_AVAILABLE_FROM_BOUNDARY_LAPTIMES,2018-10-28T19:44:46.239000000,2018-10-28T19:46:10.296000000,BOUNDARY_INTERVAL_ONLY_NOT_EXACT_PASS_TIME,NOT_IN_INHERITED_CANDIDATE_REVIEW,NOT_IN_INHERITED_CANDIDATE_REVIEW,BOUNDARY_TELEMETRY_DOES_NOT_ESTABLISH_PASS,prediction_windows_37.csv.gz + laptime_source_inventory_37.csv,,,FIXED_PAIR_CLASSIFIED_ORDER_REVERSED_AT_NEXT_LAP_BOUNDARY,FALSE,AUTOMATED_PROXY_LINK_UNREVIEWED
bb890f04b001d6162f74,2018:Mexican Grand Prix:Race,train,development_train,PER,ERI,13,14,3023.419,3109.294,85.875,2018-10-28T19:30:23.521000000,2018-10-28T19:31:49.396000000,,2018:Mexican Grand Prix:Race|PER|ERI|13|14,BOUNDARY_PROXY_KEY,OUTSIDE_INHERITED_CANDIDATE_UNIVERSE,OUTSIDE_CANDIDATE_UNIVERSE,AUTOMATED_PROXY_LINK_UNREVIEWED,PER:9;ERI:8,PER:7;ERI:8,NOT_AVAILABLE_FROM_BOUNDARY_LAPTIMES,2018-10-28T19:30:23.521000000,2018-10-28T19:31:49.396000000,BOUNDARY_INTERVAL_ONLY_NOT_EXACT_PASS_TIME,NOT_IN_INHERITED_CANDIDATE_REVIEW,NOT_IN_INHERITED_CANDIDATE_REVIEW,BOUNDARY_TELEMETRY_DOES_NOT_ESTABLISH_PASS,prediction_windows_37.csv.gz + laptime_source_inventory_37.csv,,,FIXED_PAIR_CLASSIFIED_ORDER_REVERSED_AT_NEXT_LAP_BOUNDARY,FALSE,AUTOMATED_PROXY_LINK_UNREVIEWED
39a2cbe98cb9ea9dde94,2018:Mexican Grand Prix:Race,train,development_train,RAI,BOT,10,11,2745.021,2827.072,82.051,2018-10-28T19:25:45.123000000,2018-10-28T19:27:07.174000000,,2018:Mexican Grand Prix:Race|RAI|BOT|10|11,BOUNDARY_PROXY_KEY,OUTSIDE_INHERITED_CANDIDATE_UNIVERSE,OUTSIDE_CANDIDATE_UNIVERSE,AUTOMATED_PROXY_LINK_UNREVIEWED,RAI:6;BOT:5,RAI:5;BOT:6,NOT_AVAILABLE_FROM_BOUNDARY_LAPTIMES,2018-10-28T19:25:45.123000000,2018-10-28T19:27:07.174000000,BOUNDARY_INTERVAL_ONLY_NOT_EXACT_PASS_TIME,NOT_IN_INHERITED_CANDIDATE_REVIEW,NOT_IN_INHERITED_CANDIDATE_REVIEW,BOUNDARY_TELEMETRY_DOES_NOT_ESTABLISH_PASS,prediction_windows_37.csv.gz + laptime_source_inventory_37.csv,,,FIXED_PAIR_CLASSIFIED_ORDER_REVERSED_AT_NEXT_LAP_BOUNDARY,FALSE,AUTOMATED_PROXY_LINK_UNREVIEWED
83b05a5ef67d5f99b0bd,2018:Mexican Grand Prix:Race,train,development_train,RIC,HAM,10,11,2735.732,2817.26,81.528,2018-10-28T19:25:35.834000000,2018-10-28T19:26:57.362000000,,2018:Mexican Grand Prix:Race|RIC|HAM|10|11,BOUNDARY_PROXY_KEY,OUTSIDE_INHERITED_CANDIDATE_UNIVERSE,OUTSIDE_CANDIDATE_UNIVERSE,AUTOMATED_PROXY_LINK_UNREVIEWED,RIC:3;HAM:2,RIC:2;HAM:4,NOT_AVAILABLE_FROM_BOUNDARY_LAPTIMES,2018-10-28T19:25:35.834000000,2018-10-28T19:26:57.362000000,BOUNDARY_INTERVAL_ONLY_NOT_EXACT_PASS_TIME,NOT_IN_INHERITED_CANDIDATE_REVIEW,NOT_IN_INHERITED_CANDIDATE_REVIEW,BOUNDARY_TELEMETRY_DOES_NOT_ESTABLISH_PASS,prediction_windows_37.csv.gz + laptime_source_inventory_37.csv,,,FIXED_PAIR_CLASSIFIED_ORDER_REVERSED_AT_NEXT_LAP_BOUNDARY,FALSE,AUTOMATED_PROXY_LINK_UNREVIEWED
ea04c4c5e74880c21939,2018:Mexican Grand Prix:Race,train,development_train,SAI,MAG,13,14,3025.876,3110.574,84.698,2018-10-28T19:30:25.978000000,2018-10-28T19:31:50.676000000,,2018:Mexican Grand Prix:Race|SAI|MAG|13|14,BOUNDARY_PROXY_KEY,OUTSIDE_INHERITED_CANDIDATE_UNIVERSE,OUTSIDE_CANDIDATE_UNIVERSE,AUTOMATED_PROXY_LINK_UNREVIEWED,SAI:11;MAG:10,SAI:9;MAG:10,NOT_AVAILABLE_FROM_BOUNDARY_LAPTIMES,2018-10-28T19:30:25.978000000,2018-10-28T19:31:50.676000000,BOUNDARY_INTERVAL_ONLY_NOT_EXACT_PASS_TIME,NOT_IN_INHERITED_CANDIDATE_REVIEW,NOT_IN_INHERITED_CANDIDATE_REVIEW,BOUNDARY_TELEMETRY_DOES_NOT_ESTABLISH_PASS,prediction_windows_37.csv.gz + laptime_source_inventory_37.csv,,,FIXED_PAIR_CLASSIFIED_ORDER_REVERSED_AT_NEXT_LAP_BOUNDARY,FALSE,AUTOMATED_PROXY_LINK_UNREVIEWED
6ec1a322c9c6e65335c2,2018:Mexican Grand Prix:Race,train,development_train,SAI,ERI,14,15,3110.723,3196.12,85.397,2018-10-28T19:31:50.825000000,2018-10-28T19:33:16.222000000,,2018:Mexican Grand Prix:Race|SAI|ERI|14|15,BOUNDARY_PROXY_KEY,OUTSIDE_INHERITED_CANDIDATE_UNIVERSE,OUTSIDE_CANDIDATE_UNIVERSE,AUTOMATED_PROXY_LINK_UNREVIEWED,SAI:9;ERI:8,SAI:8;ERI:9,NOT_AVAILABLE_FROM_BOUNDARY_LAPTIMES,2018-10-28T19:31:50.825000000,2018-10-28T19:33:16.222000000,BOUNDARY_INTERVAL_ONLY_NOT_EXACT_PASS_TIME,NOT_IN_INHERITED_CANDIDATE_REVIEW,NOT_IN_INHERITED_CANDIDATE_REVIEW,BOUNDARY_TELEMETRY_DOES_NOT_ESTABLISH_PASS,prediction_windows_37.csv.gz + laptime_source_inventory_37.csv,,,FIXED_PAIR_CLASSIFIED_ORDER_REVERSED_AT_NEXT_LAP_BOUNDARY,FALSE,AUTOMATED_PROXY_LINK_UNREVIEWED
b11caaca590c55c35f62,2018:Mexican Grand Prix:Race,train,development_train,VAN,STR,13,14,3045.199,3128.772,83.573,2018-10-28T19:30:28.189000000,2018-10-28T19:32:08.874000000,,2018:Mexican Grand Prix:Race|VAN|STR|13|14,BOUNDARY_PROXY_KEY,OUTSIDE_INHERITED_CANDIDATE_UNIVERSE,OUTSIDE_CANDIDATE_UNIVERSE,AUTOMATED_PROXY_LINK_UNREVIEWED,VAN:18;STR:17,VAN:17;STR:18,NOT_AVAILABLE_FROM_BOUNDARY_LAPTIMES,2018-10-28T19:30:28.189000000,2018-10-28T19:32:08.874000000,BOUNDARY_INTERVAL_ONLY_NOT_EXACT_PASS_TIME,NOT_IN_INHERITED_CANDIDATE_REVIEW,NOT_IN_INHERITED_CANDIDATE_REVIEW,BOUNDARY_TELEMETRY_DOES_NOT_ESTABLISH_PASS,prediction_windows_37.csv.gz + laptime_source_inventory_37.csv,,,FIXED_PAIR_CLASSIFIED_ORDER_REVERSED_AT_NEXT_LAP_BOUNDARY,FALSE,AUTOMATED_PROXY_LINK_UNREVIEWED
1a9fd90db67d5b79225a,2018:Mexican Grand Prix:Race,train,development_train,VAN,MAG,42,43,5545.772,5629.718,83.946,2018-10-28T20:12:25.874000000,2018-10-28T20:13:49.820000000,,2018:Mexican Grand Prix:Race|VAN|MAG|42|43,BOUNDARY_PROXY_KEY,OUTSIDE_INHERITED_CANDIDATE_UNIVERSE,OUTSIDE_CANDIDATE_UNIVERSE,AUTOMATED_PROXY_LINK_UNREVIEWED,VAN:10;MAG:9,VAN:9;MAG:10,NOT_AVAILABLE_FROM_BOUNDARY_LAPTIMES,2018-10-28T20:12:25.874000000,2018-10-28T20:13:49.820000000,BOUNDARY_INTERVAL_ONLY_NOT_EXACT_PASS_TIME,NOT_IN_INHERITED_CANDIDATE_REVIEW,NOT_IN_INHERITED_CANDIDATE_REVIEW,BOUNDARY_TELEMETRY_DOES_NOT_ESTABLISH_PASS,prediction_windows_37.csv.gz + laptime_source_inventory_37.csv,,,FIXED_PAIR_CLASSIFIED_ORDER_REVERSED_AT_NEXT_LAP_BOUNDARY,FALSE,AUTOMATED_PROXY_LINK_UNREVIEWED
9b897bde2203e560700c,2018:Mexican Grand Prix:Race,train,development_train,VER,RAI,14,15,3079.698,3163.724,84.026,2018-10-28T19:31:03.080000000,2018-10-28T19:32:43.826000000,,2018:Mexican Grand Prix:Race|VER|RAI|14|15,BOUNDARY_PROXY_KEY,OUTSIDE_INHERITED_CANDIDATE_UNIVERSE,OUTSIDE_CANDIDATE_UNIVERSE,AUTOMATED_PROXY_LINK_UNREVIEWED,VER:3;RAI:2,VER:2;RAI:3,NOT_AVAILABLE_FROM_BOUNDARY_LAPTIMES,2018-10-28T19:31:03.080000000,2018-10-28T19:32:43.826000000,BOUNDARY_INTERVAL_ONLY_NOT_EXACT_PASS_TIME,NOT_IN_INHERITED_CANDIDATE_REVIEW,NOT_IN_INHERITED_CANDIDATE_REVIEW,BOUNDARY_TELEMETRY_DOES_NOT_ESTABLISH_PASS,prediction_windows_37.csv.gz + laptime_source_inventory_37.csv,,,FIXED_PAIR_CLASSIFIED_ORDER_REVERSED_AT_NEXT_LAP_BOUNDARY,FALSE,AUTOMATED_PROXY_LINK_UNREVIEWED
71f93c6cd190a27bed15,2018:Mexican Grand Prix:Race,train,development_train,VET,RIC,11,12,2821.379,2901.675,80.296,2018-10-28T19:27:01.481000000,2018-10-28T19:28:21.777000000,,2018:Mexican Grand Prix:Race|VET|RIC|11|12,BOUNDARY_PROXY_KEY,OUTSIDE_INHERITED_CANDIDATE_UNIVERSE,OUTSIDE_CANDIDATE_UNIVERSE,AUTOMATED_PROXY_LINK_UNREVIEWED,VET:3;RIC:2,VET:2;RIC:3,NOT_AVAILABLE_FROM_BOUNDARY_LAPTIMES,2018-10-28T19:27:01.481000000,2018-10-28T19:28:21.777000000,BOUNDARY_INTERVAL_ONLY_NOT_EXACT_PASS_TIME,NOT_IN_INHERITED_CANDIDATE_REVIEW,NOT_IN_INHERITED_CANDIDATE_REVIEW,BOUNDARY_TELEMETRY_DOES_NOT_ESTABLISH_PASS,prediction_windows_37.csv.gz + laptime_source_inventory_37.csv,,,FIXED_PAIR_CLASSIFIED_ORDER_REVERSED_AT_NEXT_LAP_BOUNDARY,FALSE,AUTOMATED_PROXY_LINK_UNREVIEWED
568144c0c0dffe25cdc6,2018:Mexican Grand Prix:Race,train,development_train,VET,HAM,38,39,5100.43,5180.784,80.354,2018-10-28T20:05:00.532000000,2018-10-28T20:06:20.886000000,,2018:Mexican Grand Prix:Race|VET|HAM|38|39,BOUNDARY_PROXY_KEY,OUTSIDE_INHERITED_CANDIDATE_UNIVERSE,OUTSIDE_CANDIDATE_UNIVERSE,AUTOMATED_PROXY_LINK_UNREVIEWED,VET:3;HAM:2,VET:2;HAM:3,NOT_AVAILABLE_FROM_BOUNDARY_LAPTIMES,2018-10-28T20:05:00.532000000,2018-10-28T20:06:20.886000000,BOUNDARY_INTERVAL_ONLY_NOT_EXACT_PASS_TIME,NOT_IN_INHERITED_CANDIDATE_REVIEW,NOT_IN_INHERITED_CANDIDATE_REVIEW,BOUNDARY_TELEMETRY_DOES_NOT_ESTABLISH_PASS,prediction_windows_37.csv.gz + laptime_source_inventory_37.csv,,,FIXED_PAIR_CLASSIFIED_ORDER_REVERSED_AT_NEXT_LAP_BOUNDARY,FALSE,AUTOMATED_PROXY_LINK_UNREVIEWED
9d97f7028a231ae36848,2019:Abu Dhabi Grand Prix:Race,train,development_validation,BOT,PER,11,12,3076.287,3180.765,104.478,2019-12-01T13:31:16.490000000,2019-12-01T13:33:00.968000000,5ef3a3b5f9993ce502716a72,2019:Abu Dhabi Grand Prix:Race|BOT|PER|11|12,INHERITED_CANDIDATE_ID,MATCHED_TO_INHERITED_CANDIDATE,UNRESOLVED,AUTOMATED_REVIEW_UNREVIEWED,BOT:10;PER:9,BOT:8;PER:9,NOT_AVAILABLE_FROM_FASTF1_POSITION_XYZ,2019-12-01T13:31:16.490000+00:00,2019-12-01T13:33:00.968000+00:00,1.413,NO_RELEVANT_PIT_ROW_FOUND_IN_CONTEXT,NO_RC_RECORD_ON_DECISION_OR_ENDPOINT_LAP,"FastF1 car_data and pos_data present for selected race; pos_data contains XYZ/status, not classified running order or pass timestamp",event_review_37.csv + candidate source,https://raw.githubusercontent.com/TracingInsights/2019/38741496a2d3736954069c3301e33737ffb3d777/Abu%20Dhabi%20Grand%20Prix/Race/BOT/laptimes.json|https://raw.githubusercontent.com/TracingInsights/2019/38741496a2d3736954069c3301e33737ffb3d777/Abu%20Dhabi%20Grand%20Prix/Race/PER/laptimes.json,1054b4759d1b61ae8d1e94af28b733780e20735de0cf33cbf9ac1d00c7f38bff|1ccf727736db80329bdece27e33d233dfbcb05bee24af8678811457d1b8c9ff8,FIXED_PAIR_CLASSIFIED_ORDER_REVERSED_AT_NEXT_LAP_BOUNDARY,FALSE,AUTOMATED_REVIEW_UNREVIEWED
73fecef620df11ee124b,2019:Abu Dhabi Grand Prix:Race,train,development_validation,BOT,HUL,17,18,3702.814,3807.472,104.658,2019-12-01T13:41:43.017000000,2019-12-01T13:43:27.675000000,34641fcbfa10d0807fffd91f,2019:Abu Dhabi Grand Prix:Race|BOT|HUL|17|18,INHERITED_CANDIDATE_ID,MATCHED_TO_INHERITED_CANDIDATE,OTHER_POSITION_CHANGE,AUTOMATED_REVIEW_UNREVIEWED,BOT:5;HUL:4,BOT:4;HUL:7,NOT_AVAILABLE_FROM_FASTF1_POSITION_XYZ,2019-12-01T13:41:43.017000+00:00,2019-12-01T13:43:27.675000+00:00,1.548,PIT_LAP_OVERLAP_RECORDED_BUT_TIME_OF_DAY_ONLY,RC_RECORD_ON_DECISION_OR_ENDPOINT_LAP,"FastF1 car_data and pos_data present for selected race; pos_data contains XYZ/status, not classified running order or pass timestamp",event_review_37.csv + candidate source,https://raw.githubusercontent.com/TracingInsights/2019/38741496a2d3736954069c3301e33737ffb3d777/Abu%20Dhabi%20Grand%20Prix/Race/BOT/laptimes.json|https://raw.githubusercontent.com/TracingInsights/2019/38741496a2d3736954069c3301e33737ffb3d777/Abu%20Dhabi%20Grand%20Prix/Race/HUL/laptimes.json,1ccf727736db80329bdece27e33d233dfbcb05bee24af8678811457d1b8c9ff8|e4b54c59388b31088efaf4950f59c00422fce639846b5906c024312f55d404cc,FIXED_PAIR_CLASSIFIED_ORDER_REVERSED_AT_NEXT_LAP_BOUNDARY,FALSE,AUTOMATED_REVIEW_UNREVIEWED
47342d27c0b129a9d9e0,2019:Abu Dhabi Grand Prix:Race,train,development_validation,GRO,STR,22,23,4276.124,4380.091,103.967,2019-12-01T13:51:16.327000000,2019-12-01T13:53:00.294000000,93ff0c99f4b4dd1cfd3e5190,2019:Abu Dhabi Grand Prix:Race|GRO|STR|22|23,INHERITED_CANDIDATE_ID,MATCHED_TO_INHERITED_CANDIDATE,OTHER_POSITION_CHANGE,AUTOMATED_REVIEW_UNREVIEWED,GRO:19;STR:18,GRO:18;STR:19,NOT_AVAILABLE_FROM_FASTF1_POSITION_XYZ,2019-12-01T13:51:16.327000+00:00,2019-12-01T13:53:00.294000+00:00,5.551,PIT_LAP_OVERLAP_RECORDED_BUT_TIME_OF_DAY_ONLY,RC_RECORD_ON_DECISION_OR_ENDPOINT_LAP,"FastF1 car_data and pos_data present for selected race; pos_data contains XYZ/status, not classified running order or pass timestamp",event_review_37.csv + candidate source,https://raw.githubusercontent.com/TracingInsights/2019/38741496a2d3736954069c3301e33737ffb3d777/Abu%20Dhabi%20Grand%20Prix/Race/GRO/laptimes.json|https://raw.githubusercontent.com/TracingInsights/2019/38741496a2d3736954069c3301e33737ffb3d777/Abu%20Dhabi%20Grand%20Prix/Race/STR/laptimes.json,49b306571c5b8de7a39436fe102f65d622b7a7297a3141f1442b2175fb669eec|c579240d2a7eb654ef68ee2f57ca48f44f316d7b9eb7d624573682b68d3cb9ce,FIXED_PAIR_CLASSIFIED_ORDER_REVERSED_AT_NEXT_LAP_BOUNDARY,FALSE,AUTOMATED_REVIEW_UNREVIEWED
eb1dd51684f4f6c1d728,2019:Abu Dhabi Grand Prix:Race,train,development_validation,HUL,RIC,10,11,2968.684,3073.043,104.359,2019-12-01T13:29:28.887000000,2019-12-01T13:31:13.246000000,9dfe57d2fcded07293ad1552,2019:Abu Dhabi Grand Prix:Race|HUL|RIC|10|11,INHERITED_CANDIDATE_ID,MATCHED_TO_INHERITED_CANDIDATE,OTHER_POSITION_CHANGE,AUTOMATED_REVIEW_UNREVIEWED,HUL:8;RIC:7,HUL:7;RIC:8,NOT_AVAILABLE_FROM_FASTF1_POSITION_XYZ,2019-12-01T13:29:28.887000+00:00,2019-12-01T13:31:13.246000+00:00,2.161,PIT_LAP_OVERLAP_RECORDED_BUT_TIME_OF_DAY_ONLY,NO_RC_RECORD_ON_DECISION_OR_ENDPOINT_LAP,"FastF1 car_data and pos_data present for selected race; pos_data contains XYZ/status, not classified running order or pass timestamp",event_review_37.csv + candidate source,https://raw.githubusercontent.com/TracingInsights/2019/38741496a2d3736954069c3301e33737ffb3d777/Abu%20Dhabi%20Grand%20Prix/Race/HUL/laptimes.json|https://raw.githubusercontent.com/TracingInsights/2019/38741496a2d3736954069c3301e33737ffb3d777/Abu%20Dhabi%20Grand%20Prix/Race/RIC/laptimes.json,dfa7ae298d2ef8adb186756c5369a3f002e39a269f55f44fdaa0ec9fe113fe9d|e4b54c59388b31088efaf4950f59c00422fce639846b5906c024312f55d404cc,FIXED_PAIR_CLASSIFIED_ORDER_REVERSED_AT_NEXT_LAP_BOUNDARY,FALSE,AUTOMATED_REVIEW_UNREVIEWED
07bc671becae70e0392f,2019:Abu Dhabi Grand Prix:Race,train,development_validation,HUL,SAI,11,12,3074.055,3177.511,103.456,2019-12-01T13:31:14.258000000,2019-12-01T13:32:57.714000000,d8c11ab95725c923888af473,2019:Abu Dhabi Grand Prix:Race|HUL|SAI|11|12,INHERITED_CANDIDATE_ID,MATCHED_TO_INHERITED_CANDIDATE,OTHER_POSITION_CHANGE,AUTOMATED_REVIEW_UNREVIEWED,HUL:7;SAI:6,HUL:6;SAI:7,NOT_AVAILABLE_FROM_FASTF1_POSITION_XYZ,2019-12-01T13:31:14.258000+00:00,2019-12-01T13:32:57.714000+00:00,3.807,PIT_LAP_OVERLAP_RECORDED_BUT_TIME_OF_DAY_ONLY,NO_RC_RECORD_ON_DECISION_OR_ENDPOINT_LAP,"FastF1 car_data and pos_data present for selected race; pos_data contains XYZ/status, not classified running order or pass timestamp",event_review_37.csv + candidate source,https://raw.githubusercontent.com/TracingInsights/2019/38741496a2d3736954069c3301e33737ffb3d777/Abu%20Dhabi%20Grand%20Prix/Race/HUL/laptimes.json|https://raw.githubusercontent.com/TracingInsights/2019/38741496a2d3736954069c3301e33737ffb3d777/Abu%20Dhabi%20Grand%20Prix/Race/SAI/laptimes.json,6ec85715e51a64bf2a50654ae5cef4261c3cb84a11d630493c717b171fc5764e|e4b54c59388b31088efaf4950f59c00422fce639846b5906c024312f55d404cc,FIXED_PAIR_CLASSIFIED_ORDER_REVERSED_AT_NEXT_LAP_BOUNDARY,FALSE,AUTOMATED_REVIEW_UNREVIEWED
01cf6d1ca36f3fd98050,2019:Abu Dhabi Grand Prix:Race,train,development_validation,NOR,KUB,9,10,2881.048,2987.667,106.619,2019-12-01T13:27:41.653000000,2019-12-01T13:29:47.870000000,,2019:Abu Dhabi Grand Prix:Race|NOR|KUB|9|10,BOUNDARY_PROXY_KEY,OUTSIDE_INHERITED_CANDIDATE_UNIVERSE,OUTSIDE_CANDIDATE_UNIVERSE,AUTOMATED_PROXY_LINK_UNREVIEWED,NOR:16;KUB:15,NOR:15;KUB:16,NOT_AVAILABLE_FROM_BOUNDARY_LAPTIMES,2019-12-01T13:27:41.653000000,2019-12-01T13:29:47.870000000,BOUNDARY_INTERVAL_ONLY_NOT_EXACT_PASS_TIME,NOT_IN_INHERITED_CANDIDATE_REVIEW,NOT_IN_INHERITED_CANDIDATE_REVIEW,BOUNDARY_TELEMETRY_DOES_NOT_ESTABLISH_PASS,prediction_windows_37.csv.gz + laptime_source_inventory_37.csv,,,FIXED_PAIR_CLASSIFIED_ORDER_REVERSED_AT_NEXT_LAP_BOUNDARY,FALSE,AUTOMATED_PROXY_LINK_UNREVIEWED
e8a3d6afa0ea4a4c9c52,2019:Abu Dhabi Grand Prix:Race,train,development_validation,NOR,GRO,17,18,3724.282,3828.727,104.445,2019-12-01T13:42:04.485000000,2019-12-01T13:43:48.930000000,,2019:Abu Dhabi Grand Prix:Race|NOR|GRO|17|18,BOUNDARY_PROXY_KEY,OUTSIDE_INHERITED_CANDIDATE_UNIVERSE,OUTSIDE_CANDIDATE_UNIVERSE,AUTOMATED_PROXY_LINK_UNREVIEWED,NOR:13;GRO:12,NOR:12;GRO:15,NOT_AVAILABLE_FROM_BOUNDARY_LAPTIMES,2019-12-01T13:42:04.485000000,2019-12-01T13:43:48.930000000,BOUNDARY_INTERVAL_ONLY_NOT_EXACT_PASS_TIME,NOT_IN_INHERITED_CANDIDATE_REVIEW,NOT_IN_INHERITED_CANDIDATE_REVIEW,BOUNDARY_TELEMETRY_DOES_NOT_ESTABLISH_PASS,prediction_windows_37.csv.gz + laptime_source_inventory_37.csv,,,FIXED_PAIR_CLASSIFIED_ORDER_REVERSED_AT_NEXT_LAP_BOUNDARY,FALSE,AUTOMATED_PROXY_LINK_UNREVIEWED
ef10b4520f343a400833,2019:Abu Dhabi Grand Prix:Race,train,development_validation,RAI,MAG,19,20,3928.925,4033.087,104.162,2019-12-01T13:45:29.128000000,2019-12-01T13:47:13.290000000,,2019:Abu Dhabi Grand Prix:Race|RAI|MAG|19|20,BOUNDARY_PROXY_KEY,OUTSIDE_INHERITED_CANDIDATE_UNIVERSE,OUTSIDE_CANDIDATE_UNIVERSE,AUTOMATED_PROXY_LINK_UNREVIEWED,RAI:9;MAG:8,RAI:8;MAG:9,NOT_AVAILABLE_FROM_BOUNDARY_LAPTIMES,2019-12-01T13:45:29.128000000,2019-12-01T13:47:13.290000000,BOUNDARY_INTERVAL_ONLY_NOT_EXACT_PASS_TIME,NOT_IN_INHERITED_CANDIDATE_REVIEW,NOT_IN_INHERITED_CANDIDATE_REVIEW,BOUNDARY_TELEMETRY_DOES_NOT_ESTABLISH_PASS,prediction_windows_37.csv.gz + laptime_source_inventory_37.csv,,,FIXED_PAIR_CLASSIFIED_ORDER_REVERSED_AT_NEXT_LAP_BOUNDARY,FALSE,AUTOMATED_PROXY_LINK_UNREVIEWED
2bc5962a4cde1055842a,2019:Abu Dhabi Grand Prix:Race,train,development_validation,RIC,RAI,48,49,6974.643,7075.311,100.668,2019-12-01T14:36:14.846000000,2019-12-01T14:37:55.514000000,,2019:Abu Dhabi Grand Prix:Race|RIC|RAI|48|49,BOUNDARY_PROXY_KEY,OUTSIDE_INHERITED_CANDIDATE_UNIVERSE,OUTSIDE_CANDIDATE_UNIVERSE,AUTOMATED_PROXY_LINK_UNREVIEWED,RIC:13;RAI:12,RIC:12;RAI:13,NOT_AVAILABLE_FROM_BOUNDARY_LAPTIMES,2019-12-01T14:36:14.846000000,2019-12-01T14:37:55.514000000,BOUNDARY_INTERVAL_ONLY_NOT_EXACT_PASS_TIME,NOT_IN_INHERITED_CANDIDATE_REVIEW,NOT_IN_INHERITED_CANDIDATE_REVIEW,BOUNDARY_TELEMETRY_DOES_NOT_ESTABLISH_PASS,prediction_windows_37.csv.gz + laptime_source_inventory_37.csv,,,FIXED_PAIR_CLASSIFIED_ORDER_REVERSED_AT_NEXT_LAP_BOUNDARY,FALSE,AUTOMATED_PROXY_LINK_UNREVIEWED
4b87876551c96e69c72c,2019:Australian Grand Prix:Race,train,development_train,BOT,VER,24,25,4072.878,4160.556,87.678,2019-03-17T05:47:53.181000000,2019-03-17T05:49:20.859000000,046e0fc4d8419119c679824f,2019:Australian Grand Prix:Race|BOT|VER|24|25,INHERITED_CANDIDATE_ID,MATCHED_TO_INHERITED_CANDIDATE,OTHER_POSITION_CHANGE,AUTOMATED_REVIEW_UNREVIEWED,BOT:2;VER:1,BOT:1;VER:4,NOT_AVAILABLE_FROM_FASTF1_POSITION_XYZ,2019-03-17T05:47:53.181000+00:00,2019-03-17T05:49:20.859000+00:00,8.2,PIT_LAP_OVERLAP_RECORDED_BUT_TIME_OF_DAY_ONLY,NO_RC_RECORD_ON_DECISION_OR_ENDPOINT_LAP,"FastF1 car_data and pos_data present for selected race; pos_data contains XYZ/status, not classified running order or pass timestamp",event_review_37.csv + candidate source,https://raw.githubusercontent.com/TracingInsights/2019/38741496a2d3736954069c3301e33737ffb3d777/Australian%20Grand%20Prix/Race/BOT/laptimes.json|https://raw.githubusercontent.com/TracingInsights/2019/38741496a2d3736954069c3301e33737ffb3d777/Australian%20Grand%20Prix/Race/VER/laptimes.json,6126c9ba102792c16e289d5f39b4f37fa57451418e6f7ff95dfdc91cf891d86c|6ecc7e7243e1c4898e96891eb6c9915b9c208d650050e5183f1736ffb03477c3,FIXED_PAIR_CLASSIFIED_ORDER_REVERSED_AT_NEXT_LAP_BOUNDARY,FALSE,AUTOMATED_REVIEW_UNREVIEWED
3a5c9fb9dc2f8287c3ff,2019:Australian Grand Prix:Race,train,development_train,GAS,KVY,25,26,4198.681,4287.129,88.448,2019-03-17T05:49:58.984000000,2019-03-17T05:51:27.432000000,74cdf80157279edcf7f16e08,2019:Australian Grand Prix:Race|GAS|KVY|25|26,INHERITED_CANDIDATE_ID,MATCHED_TO_INHERITED_CANDIDATE,OTHER_POSITION_CHANGE,AUTOMATED_REVIEW_UNREVIEWED,GAS:8;KVY:7,GAS:7;KVY:11,NOT_AVAILABLE_FROM_FASTF1_POSITION_XYZ,2019-03-17T05:49:58.984000+00:00,2019-03-17T05:51:27.432000+00:00,1.543,PIT_LAP_OVERLAP_RECORDED_BUT_TIME_OF_DAY_ONLY,NO_RC_RECORD_ON_DECISION_OR_ENDPOINT_LAP,"FastF1 car_data and pos_data present for selected race; pos_data contains XYZ/status, not classified running order or pass timestamp",event_review_37.csv + candidate source,https://raw.githubusercontent.com/TracingInsights/2019/38741496a2d3736954069c3301e33737ffb3d777/Australian%20Grand%20Prix/Race/GAS/laptimes.json|https://raw.githubusercontent.com/TracingInsights/2019/38741496a2d3736954069c3301e33737ffb3d777/Australian%20Grand%20Prix/Race/KVY/laptimes.json,67ec03b6dc1af84d3262b1adbc7eca0e74588ba89fe463df185388be6ec3adb9|d61ff710b2c4ee308148344fd2e78c89941f661f8a63ce0381b230124bb2bbc2,FIXED_PAIR_CLASSIFIED_ORDER_REVERSED_AT_NEXT_LAP_BOUNDARY,FALSE,AUTOMATED_REVIEW_UNREVIEWED
ce98c920a9e555c2c8eb,2019:Australian Grand Prix:Race,train,development_train,GAS,STR,26,27,4287.953,4374.285,86.332,2019-03-17T05:51:28.256000000,2019-03-17T05:52:54.588000000,4962bad393e253f136bd2fe9,2019:Australian Grand Prix:Race|GAS|STR|26|27,INHERITED_CANDIDATE_ID,MATCHED_TO_INHERITED_CANDIDATE,OTHER_POSITION_CHANGE,AUTOMATED_REVIEW_UNREVIEWED,GAS:7;STR:6,GAS:6;STR:10,NOT_AVAILABLE_FROM_FASTF1_POSITION_XYZ,2019-03-17T05:51:28.256000+00:00,2019-03-17T05:52:54.588000+00:00,5.496,PIT_LAP_OVERLAP_RECORDED_BUT_TIME_OF_DAY_ONLY,RC_RECORD_ON_DECISION_OR_ENDPOINT_LAP,"FastF1 car_data and pos_data present for selected race; pos_data contains XYZ/status, not classified running order or pass timestamp",event_review_37.csv + candidate source,https://raw.githubusercontent.com/TracingInsights/2019/38741496a2d3736954069c3301e33737ffb3d777/Australian%20Grand%20Prix/Race/GAS/laptimes.json|https://raw.githubusercontent.com/TracingInsights/2019/38741496a2d3736954069c3301e33737ffb3d777/Australian%20Grand%20Prix/Race/STR/laptimes.json,67ec03b6dc1af84d3262b1adbc7eca0e74588ba89fe463df185388be6ec3adb9|ccf59e0780ad3d9bf12f8d85470437456244e76205473dc8f506dcd49cc7022c,FIXED_PAIR_CLASSIFIED_ORDER_REVERSED_AT_NEXT_LAP_BOUNDARY,FALSE,AUTOMATED_REVIEW_UNREVIEWED
7fd8b144e1bbbde21ad8,2019:Australian Grand Prix:Race,train,development_train,MAG,GIO,17,18,3490.858,3581.671,90.813,2019-03-17T05:38:11.161000000,2019-03-17T05:39:41.974000000,,2019:Australian Grand Prix:Race|MAG|GIO|17|18,BOUNDARY_PROXY_KEY,OUTSIDE_INHERITED_CANDIDATE_UNIVERSE,OUTSIDE_CANDIDATE_UNIVERSE,AUTOMATED_PROXY_LINK_UNREVIEWED,MAG:10;GIO:9,MAG:9;GIO:10,NOT_AVAILABLE_FROM_BOUNDARY_LAPTIMES,2019-03-17T05:38:11.161000000,2019-03-17T05:39:41.974000000,BOUNDARY_INTERVAL_ONLY_NOT_EXACT_PASS_TIME,NOT_IN_INHERITED_CANDIDATE_REVIEW,NOT_IN_INHERITED_CANDIDATE_REVIEW,BOUNDARY_TELEMETRY_DOES_NOT_ESTABLISH_PASS,prediction_windows_37.csv.gz + laptime_source_inventory_37.csv,,,FIXED_PAIR_CLASSIFIED_ORDER_REVERSED_AT_NEXT_LAP_BOUNDARY,FALSE,AUTOMATED_PROXY_LINK_UNREVIEWED
feffc9a1dde02866352c,2019:Australian Grand Prix:Race,train,development_train,MAG,GAS,36,37,5188.518,5266.364,77.846,2019-03-17T06:06:28.821000000,2019-03-17T06:07:46.667000000,,2019:Australian Grand Prix:Race|MAG|GAS|36|37,BOUNDARY_PROXY_KEY,OUTSIDE_INHERITED_CANDIDATE_UNIVERSE,OUTSIDE_CANDIDATE_UNIVERSE,AUTOMATED_PROXY_LINK_UNREVIEWED,MAG:7;GAS:6,MAG:6;GAS:10,NOT_AVAILABLE_FROM_BOUNDARY_LAPTIMES,2019-03-17T06:06:28.821000000,2019-03-17T06:07:46.667000000,BOUNDARY_INTERVAL_ONLY_NOT_EXACT_PASS_TIME,NOT_IN_INHERITED_CANDIDATE_REVIEW,NOT_IN_INHERITED_CANDIDATE_REVIEW,BOUNDARY_TELEMETRY_DOES_NOT_ESTABLISH_PASS,prediction_windows_37.csv.gz + laptime_source_inventory_37.csv,,,FIXED_PAIR_CLASSIFIED_ORDER_REVERSED_AT_NEXT_LAP_BOUNDARY,FALSE,AUTOMATED_PROXY_LINK_UNREVIEWED
d3ede85fe7c9a6e571a1,2019:Australian Grand Prix:Race,train,development_train,NOR,HUL,12,13,3023.961,3110.553,86.592,2019-03-17T05:30:24.264000000,2019-03-17T05:31:50.856000000,,2019:Australian Grand Prix:Race|NOR|HUL|12|13,BOUNDARY_PROXY_KEY,OUTSIDE_INHERITED_CANDIDATE_UNIVERSE,OUTSIDE_CANDIDATE_UNIVERSE,AUTOMATED_PROXY_LINK_UNREVIEWED,NOR:9;HUL:8,NOR:8;HUL:14,NOT_AVAILABLE_FROM_BOUNDARY_LAPTIMES,2019-03-17T05:30:24.264000000,2019-03-17T05:31:50.856000000,BOUNDARY_INTERVAL_ONLY_NOT_EXACT_PASS_TIME,NOT_IN_INHERITED_CANDIDATE_REVIEW,NOT_IN_INHERITED_CANDIDATE_REVIEW,BOUNDARY_TELEMETRY_DOES_NOT_ESTABLISH_PASS,prediction_windows_37.csv.gz + laptime_source_inventory_37.csv,,,FIXED_PAIR_CLASSIFIED_ORDER_REVERSED_AT_NEXT_LAP_BOUNDARY,FALSE,AUTOMATED_PROXY_LINK_UNREVIEWED
7b958c90dbf972918381,2019:Australian Grand Prix:Race,train,development_train,NOR,GRO,14,15,3205.735,3290.18,84.445,2019-03-17T05:33:26.038000000,2019-03-17T05:34:50.483000000,,2019:Australian Grand Prix:Race|NOR|GRO|14|15,BOUNDARY_PROXY_KEY,OUTSIDE_INHERITED_CANDIDATE_UNIVERSE,OUTSIDE_CANDIDATE_UNIVERSE,AUTOMATED_PROXY_LINK_UNREVIEWED,NOR:7;GRO:6,NOR:12;GRO:14,NOT_AVAILABLE_FROM_BOUNDARY_LAPTIMES,2019-03-17T05:33:26.038000000,2019-03-17T05:34:50.483000000,BOUNDARY_INTERVAL_ONLY_NOT_EXACT_PASS_TIME,NOT_IN_INHERITED_CANDIDATE_REVIEW,NOT_IN_INHERITED_CANDIDATE_REVIEW,BOUNDARY_TELEMETRY_DOES_NOT_ESTABLISH_PASS,prediction_windows_37.csv.gz + laptime_source_inventory_37.csv,,,FIXED_PAIR_CLASSIFIED_ORDER_REVERSED_AT_NEXT_LAP_BOUNDARY,FALSE,AUTOMATED_PROXY_LINK_UNREVIEWED
dbf8106c4421a692f99e,2019:Australian Grand Prix:Race,train,development_train,NOR,GIO,25,26,4222.781,4313.422,90.641,2019-03-17T05:50:23.084000000,2019-03-17T05:51:53.725000000,,2019:Australian Grand Prix:Race|NOR|GIO|25|26,BOUNDARY_PROXY_KEY,OUTSIDE_INHERITED_CANDIDATE_UNIVERSE,OUTSIDE_CANDIDATE_UNIVERSE,AUTOMATED_PROXY_LINK_UNREVIEWED,NOR:13;GIO:12,NOR:12;GIO:14,NOT_AVAILABLE_FROM_BOUNDARY_LAPTIMES,2019-03-17T05:50:23.084000000,2019-03-17T05:51:53.725000000,BOUNDARY_INTERVAL_ONLY_NOT_EXACT_PASS_TIME,NOT_IN_INHERITED_CANDIDATE_REVIEW,NOT_IN_INHERITED_CANDIDATE_REVIEW,BOUNDARY_TELEMETRY_DOES_NOT_ESTABLISH_PASS,prediction_windows_37.csv.gz + laptime_source_inventory_37.csv,,,FIXED_PAIR_CLASSIFIED_ORDER_REVERSED_AT_NEXT_LAP_BOUNDARY,FALSE,AUTOMATED_PROXY_LINK_UNREVIEWED
ef854244b9bf2c4caf64,2019:Australian Grand Prix:Race,train,development_train,PER,RUS,14,15,3230.567,3322.886,92.319,2019-03-17T05:33:49.434000000,2019-03-17T05:35:23.189000000,c841522aebd7860d63ca4b81,2019:Australian Grand Prix:Race|PER|RUS|14|15,INHERITED_CANDIDATE_ID,MATCHED_TO_INHERITED_CANDIDATE,UNRESOLVED,AUTOMATED_REVIEW_UNREVIEWED,PER:17;RUS:16,PER:16;RUS:17,NOT_AVAILABLE_FROM_FASTF1_POSITION_XYZ,2019-03-17T05:33:50.870000+00:00,2019-03-17T05:35:23.189000+00:00,2.62,NO_RELEVANT_PIT_ROW_FOUND_IN_CONTEXT,RC_RECORD_ON_DECISION_OR_ENDPOINT_LAP,"FastF1 car_data and pos_data present for selected race; pos_data contains XYZ/status, not classified running order or pass timestamp",event_review_37.csv + candidate source,https://raw.githubusercontent.com/TracingInsights/2019/38741496a2d3736954069c3301e33737ffb3d777/Australian%20Grand%20Prix/Race/PER/laptimes.json|https://raw.githubusercontent.com/TracingInsights/2019/38741496a2d3736954069c3301e33737ffb3d777/Australian%20Grand%20Prix/Race/RUS/laptimes.json,3920be13fe6538d2004c086339b2ff67dfe7b3c55b676e5d0986065afbf0d969|dc9c39413c1d36508c7b6cd19687c167520e27e3f1db5afd8c1af295197d7fd9,FIXED_PAIR_CLASSIFIED_ORDER_REVERSED_AT_NEXT_LAP_BOUNDARY,FALSE,AUTOMATED_REVIEW_UNREVIEWED
20116c353b37d94c7301,2019:Australian Grand Prix:Race,train,development_train,PER,ALB,25,26,4224.79,4315.034,90.244,2019-03-17T05:50:25.093000000,2019-03-17T05:51:55.337000000,,2019:Australian Grand Prix:Race|PER|ALB|25|26,BOUNDARY_PROXY_KEY,OUTSIDE_INHERITED_CANDIDATE_UNIVERSE,OUTSIDE_CANDIDATE_UNIVERSE,AUTOMATED_PROXY_LINK_UNREVIEWED,PER:16;ALB:15,PER:15;ALB:16,NOT_AVAILABLE_FROM_BOUNDARY_LAPTIMES,2019-03-17T05:50:25.093000000,2019-03-17T05:51:55.337000000,BOUNDARY_INTERVAL_ONLY_NOT_EXACT_PASS_TIME,NOT_IN_INHERITED_CANDIDATE_REVIEW,NOT_IN_INHERITED_CANDIDATE_REVIEW,BOUNDARY_TELEMETRY_DOES_NOT_ESTABLISH_PASS,prediction_windows_37.csv.gz + laptime_source_inventory_37.csv,,,FIXED_PAIR_CLASSIFIED_ORDER_REVERSED_AT_NEXT_LAP_BOUNDARY,FALSE,AUTOMATED_PROXY_LINK_UNREVIEWED
d3110f0d78547cad2cf5,2019:Australian Grand Prix:Race,train,development_train,PER,GIO,26,27,4315.486,4407.123,91.637,2019-03-17T05:51:55.789000000,2019-03-17T05:53:27.426000000,,2019:Australian Grand Prix:Race|PER|GIO|26|27,BOUNDARY_PROXY_KEY,OUTSIDE_INHERITED_CANDIDATE_UNIVERSE,OUTSIDE_CANDIDATE_UNIVERSE,AUTOMATED_PROXY_LINK_UNREVIEWED,PER:15;GIO:14,PER:14;GIO:17,NOT_AVAILABLE_FROM_BOUNDARY_LAPTIMES,2019-03-17T05:51:55.789000000,2019-03-17T05:53:27.426000000,BOUNDARY_INTERVAL_ONLY_NOT_EXACT_PASS_TIME,NOT_IN_INHERITED_CANDIDATE_REVIEW,NOT_IN_INHERITED_CANDIDATE_REVIEW,BOUNDARY_TELEMETRY_DOES_NOT_ESTABLISH_PASS,prediction_windows_37.csv.gz + laptime_source_inventory_37.csv,,,FIXED_PAIR_CLASSIFIED_ORDER_REVERSED_AT_NEXT_LAP_BOUNDARY,FALSE,AUTOMATED_PROXY_LINK_UNREVIEWED
b9ac5d8f59eb43d490e8,2019:Australian Grand Prix:Race,train,development_train,RIC,KUB,3,4,2259.352,2351.139,91.787,2019-03-17T05:17:39.655000000,2019-03-17T05:19:11.442000000,,2019:Australian Grand Prix:Race|RIC|KUB|3|4,BOUNDARY_PROXY_KEY,OUTSIDE_INHERITED_CANDIDATE_UNIVERSE,OUTSIDE_CANDIDATE_UNIVERSE,AUTOMATED_PROXY_LINK_UNREVIEWED,RIC:20;KUB:19,RIC:19;KUB:20,NOT_AVAILABLE_FROM_BOUNDARY_LAPTIMES,2019-03-17T05:17:39.655000000,2019-03-17T05:19:11.442000000,BOUNDARY_INTERVAL_ONLY_NOT_EXACT_PASS_TIME,NOT_IN_INHERITED_CANDIDATE_REVIEW,NOT_IN_INHERITED_CANDIDATE_REVIEW,BOUNDARY_TELEMETRY_DOES_NOT_ESTABLISH_PASS,prediction_windows_37.csv.gz + laptime_source_inventory_37.csv,,,FIXED_PAIR_CLASSIFIED_ORDER_REVERSED_AT_NEXT_LAP_BOUNDARY,FALSE,AUTOMATED_PROXY_LINK_UNREVIEWED
2acef9b600c4a04563d5,2019:Australian Grand Prix:Race,train,development_train,RIC,RUS,25,26,4247.852,4336.108,88.256,2019-03-17T05:50:48.155000000,2019-03-17T05:52:16.411000000,cdec2e48e5675b8bc75ce9ce,2019:Australian Grand Prix:Race|RIC|RUS|25|26,INHERITED_CANDIDATE_ID,MATCHED_TO_INHERITED_CANDIDATE,OTHER_POSITION_CHANGE,AUTOMATED_REVIEW_UNREVIEWED,RIC:18;RUS:17,RIC:17;RUS:18,NOT_AVAILABLE_FROM_FASTF1_POSITION_XYZ,2019-03-17T05:50:48.155000+00:00,2019-03-17T05:52:16.411000+00:00,5.594,PIT_LAP_OVERLAP_RECORDED_BUT_TIME_OF_DAY_ONLY,NO_RC_RECORD_ON_DECISION_OR_ENDPOINT_LAP,"FastF1 car_data and pos_data present for selected race; pos_data contains XYZ/status, not classified running order or pass timestamp",event_review_37.csv + candidate source,https://raw.githubusercontent.com/TracingInsights/2019/38741496a2d3736954069c3301e33737ffb3d777/Australian%20Grand%20Prix/Race/RIC/laptimes.json|https://raw.githubusercontent.com/TracingInsights/2019/38741496a2d3736954069c3301e33737ffb3d777/Australian%20Grand%20Prix/Race/RUS/laptimes.json,34071ca3ed66185734906edb093ba128e4ceff6d1f41f5d56b5e70ad38b2cf66|dc9c39413c1d36508c7b6cd19687c167520e27e3f1db5afd8c1af295197d7fd9,FIXED_PAIR_CLASSIFIED_ORDER_REVERSED_AT_NEXT_LAP_BOUNDARY,FALSE,AUTOMATED_REVIEW_UNREVIEWED
1e77e718580761fa96c6,2019:Australian Grand Prix:Race,train,development_train,STR,PER,12,13,3029.039,3119.068,90.029,2019-03-17T05:30:29.342000000,2019-03-17T05:31:59.371000000,,2019:Australian Grand Prix:Race|STR|PER|12|13,BOUNDARY_PROXY_KEY,OUTSIDE_INHERITED_CANDIDATE_UNIVERSE,OUTSIDE_CANDIDATE_UNIVERSE,AUTOMATED_PROXY_LINK_UNREVIEWED,STR:12;PER:11,STR:10;PER:16,NOT_AVAILABLE_FROM_BOUNDARY_LAPTIMES,2019-03-17T05:30:29.342000000,2019-03-17T05:31:59.371000000,BOUNDARY_INTERVAL_ONLY_NOT_EXACT_PASS_TIME,NOT_IN_INHERITED_CANDIDATE_REVIEW,NOT_IN_INHERITED_CANDIDATE_REVIEW,BOUNDARY_TELEMETRY_DOES_NOT_ESTABLISH_PASS,prediction_windows_37.csv.gz + laptime_source_inventory_37.csv,,,FIXED_PAIR_CLASSIFIED_ORDER_REVERSED_AT_NEXT_LAP_BOUNDARY,FALSE,AUTOMATED_PROXY_LINK_UNREVIEWED
54d4a51805cfba5bbac2,2019:Australian Grand Prix:Race,train,development_train,STR,NOR,14,15,3210.928,3296.159,85.231,2019-03-17T05:33:31.231000000,2019-03-17T05:34:56.462000000,,2019:Australian Grand Prix:Race|STR|NOR|14|15,BOUNDARY_PROXY_KEY,OUTSIDE_INHERITED_CANDIDATE_UNIVERSE,OUTSIDE_CANDIDATE_UNIVERSE,AUTOMATED_PROXY_LINK_UNREVIEWED,STR:8;NOR:7,STR:6;NOR:12,NOT_AVAILABLE_FROM_BOUNDARY_LAPTIMES,2019-03-17T05:33:31.231000000,2019-03-17T05:34:56.462000000,BOUNDARY_INTERVAL_ONLY_NOT_EXACT_PASS_TIME,NOT_IN_INHERITED_CANDIDATE_REVIEW,NOT_IN_INHERITED_CANDIDATE_REVIEW,BOUNDARY_TELEMETRY_DOES_NOT_ESTABLISH_PASS,prediction_windows_37.csv.gz + laptime_source_inventory_37.csv,,,FIXED_PAIR_CLASSIFIED_ORDER_REVERSED_AT_NEXT_LAP_BOUNDARY,FALSE,AUTOMATED_PROXY_LINK_UNREVIEWED
80b55b59f1a136359959,2019:Australian Grand Prix:Race,train,development_train,VER,HAM,14,15,3182.704,3265.622,82.918,2019-03-17T05:33:03.007000000,2019-03-17T05:34:25.925000000,,2019:Australian Grand Prix:Race|VER|HAM|14|15,BOUNDARY_PROXY_KEY,OUTSIDE_INHERITED_CANDIDATE_UNIVERSE,OUTSIDE_CANDIDATE_UNIVERSE,AUTOMATED_PROXY_LINK_UNREVIEWED,VER:3;HAM:2,VER:2;HAM:4,NOT_AVAILABLE_FROM_BOUNDARY_LAPTIMES,2019-03-17T05:33:03.007000000,2019-03-17T05:34:25.925000000,BOUNDARY_INTERVAL_ONLY_NOT_EXACT_PASS_TIME,NOT_IN_INHERITED_CANDIDATE_REVIEW,NOT_IN_INHERITED_CANDIDATE_REVIEW,BOUNDARY_TELEMETRY_DOES_NOT_ESTABLISH_PASS,prediction_windows_37.csv.gz + laptime_source_inventory_37.csv,,,FIXED_PAIR_CLASSIFIED_ORDER_REVERSED_AT_NEXT_LAP_BOUNDARY,FALSE,AUTOMATED_PROXY_LINK_UNREVIEWED
50671adbf909ccdbb8f0,2019:Austrian Grand Prix:Race,train,development_train,ALB,GRO,9,10,2560.325,2632.879,72.554,2019-06-30T13:22:40.352000000,2019-06-30T13:23:52.906000000,9ada9fd6e121dbe7f1091080,2019:Austrian Grand Prix:Race|ALB|GRO|9|10,INHERITED_CANDIDATE_ID,MATCHED_TO_INHERITED_CANDIDATE,UNRESOLVED,AUTOMATED_REVIEW_UNREVIEWED,ALB:17;GRO:16,ALB:16;GRO:17,NOT_AVAILABLE_FROM_FASTF1_POSITION_XYZ,2019-06-30T13:22:40.352000+00:00,2019-06-30T13:23:52.906000+00:00,0.667,NO_RELEVANT_PIT_ROW_FOUND_IN_CONTEXT,NO_RC_RECORD_ON_DECISION_OR_ENDPOINT_LAP,"FastF1 car_data and pos_data present for selected race; pos_data contains XYZ/status, not classified running order or pass timestamp",event_review_37.csv + candidate source,https://raw.githubusercontent.com/TracingInsights/2019/38741496a2d3736954069c3301e33737ffb3d777/Austrian%20Grand%20Prix/Race/ALB/laptimes.json|https://raw.githubusercontent.com/TracingInsights/2019/38741496a2d3736954069c3301e33737ffb3d777/Austrian%20Grand%20Prix/Race/GRO/laptimes.json,80d9ba65eecc5a23cc979f373a6fc66c4eab2d38b52d181789d1527cfe30db2a|e8168313a0b2d1c7e44d25dd16ddb6a415ace2d6bc8b6ab02891fd6f25dfbe1b,FIXED_PAIR_CLASSIFIED_ORDER_REVERSED_AT_NEXT_LAP_BOUNDARY,FALSE,AUTOMATED_REVIEW_UNREVIEWED
6bf0f768d2e343550473,2019:Austrian Grand Prix:Race,train,development_train,ALB,MAG,10,11,2633.127,2704.676,71.549,2019-06-30T13:23:53.154000000,2019-06-30T13:25:04.703000000,c088d7f63ef6281642fdddcb,2019:Austrian Grand Prix:Race|ALB|MAG|10|11,INHERITED_CANDIDATE_ID,MATCHED_TO_INHERITED_CANDIDATE,OTHER_POSITION_CHANGE,AUTOMATED_REVIEW_UNREVIEWED,ALB:16;MAG:15,ALB:15;MAG:18,NOT_AVAILABLE_FROM_FASTF1_POSITION_XYZ,2019-06-30T13:23:53.154000+00:00,2019-06-30T13:25:04.703000+00:00,1.322,PIT_LAP_OVERLAP_RECORDED_BUT_TIME_OF_DAY_ONLY,NO_RC_RECORD_ON_DECISION_OR_ENDPOINT_LAP,"FastF1 car_data and pos_data present for selected race; pos_data contains XYZ/status, not classified running order or pass timestamp",event_review_37.csv + candidate source,https://raw.githubusercontent.com/TracingInsights/2019/38741496a2d3736954069c3301e33737ffb3d777/Austrian%20Grand%20Prix/Race/ALB/laptimes.json|https://raw.githubusercontent.com/TracingInsights/2019/38741496a2d3736954069c3301e33737ffb3d777/Austrian%20Grand%20Prix/Race/MAG/laptimes.json,335b1b9bb4e11cc25c032b20b937d6544fbd7e9eb812486f75e95a509ff6e5c3|e8168313a0b2d1c7e44d25dd16ddb6a415ace2d6bc8b6ab02891fd6f25dfbe1b,FIXED_PAIR_CLASSIFIED_ORDER_REVERSED_AT_NEXT_LAP_BOUNDARY,FALSE,AUTOMATED_REVIEW_UNREVIEWED
d97bad308944610f984f,2019:Austrian Grand Prix:Race,train,development_train,GAS,RAI,22,23,3465.742,3535.479,69.737,2019-06-30T13:37:45.769000000,2019-06-30T13:38:55.506000000,bb2b0d0a64cba91a468e008c,2019:Austrian Grand Prix:Race|GAS|RAI|22|23,INHERITED_CANDIDATE_ID,MATCHED_TO_INHERITED_CANDIDATE,OTHER_POSITION_CHANGE,AUTOMATED_REVIEW_UNREVIEWED,GAS:7;RAI:6,GAS:7;RAI:8,NOT_AVAILABLE_FROM_FASTF1_POSITION_XYZ,2019-06-30T13:37:45.769000+00:00,2019-06-30T13:38:55.506000+00:00,1.835,PIT_LAP_OVERLAP_RECORDED_BUT_TIME_OF_DAY_ONLY,RC_RECORD_ON_DECISION_OR_ENDPOINT_LAP,"FastF1 car_data and pos_data present for selected race; pos_data contains XYZ/status, not classified running order or pass timestamp",event_review_37.csv + candidate source,https://raw.githubusercontent.com/TracingInsights/2019/38741496a2d3736954069c3301e33737ffb3d777/Austrian%20Grand%20Prix/Race/GAS/laptimes.json|https://raw.githubusercontent.com/TracingInsights/2019/38741496a2d3736954069c3301e33737ffb3d777/Austrian%20Grand%20Prix/Race/RAI/laptimes.json,b14646f168d11140656c966040571f8b17feaa42720607e554df32cf4d5c537f|ff68cea17e2736eceb4ce9fce446ea189376e07d5c3f59cd7a6c29c355288fcc,FIXED_PAIR_CLASSIFIED_ORDER_REVERSED_AT_NEXT_LAP_BOUNDARY,FALSE,AUTOMATED_REVIEW_UNREVIEWED
58054dc18c01678c306c,2019:Austrian Grand Prix:Race,train,development_train,HAM,BOT,20,21,3301.691,3369.57,67.879,2019-06-30T13:35:01.718000000,2019-06-30T13:36:09.597000000,,2019:Austrian Grand Prix:Race|HAM|BOT|20|21,BOUNDARY_PROXY_KEY,OUTSIDE_INHERITED_CANDIDATE_UNIVERSE,OUTSIDE_CANDIDATE_UNIVERSE,AUTOMATED_PROXY_LINK_UNREVIEWED,HAM:3;BOT:2,HAM:2;BOT:3,NOT_AVAILABLE_FROM_BOUNDARY_LAPTIMES,2019-06-30T13:35:01.718000000,2019-06-30T13:36:09.597000000,BOUNDARY_INTERVAL_ONLY_NOT_EXACT_PASS_TIME,NOT_IN_INHERITED_CANDIDATE_REVIEW,NOT_IN_INHERITED_CANDIDATE_REVIEW,BOUNDARY_TELEMETRY_DOES_NOT_ESTABLISH_PASS,prediction_windows_37.csv.gz + laptime_source_inventory_37.csv,,,FIXED_PAIR_CLASSIFIED_ORDER_REVERSED_AT_NEXT_LAP_BOUNDARY,FALSE,AUTOMATED_PROXY_LINK_UNREVIEWED
6d3d77ad1f6e8a1125fa,2019:Austrian Grand Prix:Race,train,development_train,HUL,MAG,4,5,2196.319,2267.657,71.338,2019-06-30T13:16:36.346000000,2019-06-30T13:17:47.684000000,1b03fdb20370cfb9a53078ef,2019:Austrian Grand Prix:Race|HUL|MAG|4|5,INHERITED_CANDIDATE_ID,MATCHED_TO_INHERITED_CANDIDATE,UNRESOLVED,AUTOMATED_REVIEW_UNREVIEWED,HUL:12;MAG:11,HUL:11;MAG:12,NOT_AVAILABLE_FROM_FASTF1_POSITION_XYZ,2019-06-30T13:16:36.346000+00:00,2019-06-30T13:17:47.684000+00:00,1.637,NO_RELEVANT_PIT_ROW_FOUND_IN_CONTEXT,NO_RC_RECORD_ON_DECISION_OR_ENDPOINT_LAP,"FastF1 car_data and pos_data present for selected race; pos_data contains XYZ/status, not classified running order or pass timestamp",event_review_37.csv + candidate source,https://raw.githubusercontent.com/TracingInsights/2019/38741496a2d3736954069c3301e33737ffb3d777/Austrian%20Grand%20Prix/Race/HUL/laptimes.json|https://raw.githubusercontent.com/TracingInsights/2019/38741496a2d3736954069c3301e33737ffb3d777/Austrian%20Grand%20Prix/Race/MAG/laptimes.json,335b1b9bb4e11cc25c032b20b937d6544fbd7e9eb812486f75e95a509ff6e5c3|7469783a894fc2cd315346b85ef4159d5ce0c8c0211b7f157d132e8effca99b1,FIXED_PAIR_CLASSIFIED_ORDER_REVERSED_AT_NEXT_LAP_BOUNDARY,FALSE,AUTOMATED_REVIEW_UNREVIEWED
00f2376c858e8732629a,2019:Austrian Grand Prix:Race,train,development_train,KVY,KUB,3,4,2128.608,2201.409,72.801,2019-06-30T13:15:28.635000000,2019-06-30T13:16:41.436000000,,2019:Austrian Grand Prix:Race|KVY|KUB|3|4,BOUNDARY_PROXY_KEY,OUTSIDE_INHERITED_CANDIDATE_UNIVERSE,OUTSIDE_CANDIDATE_UNIVERSE,AUTOMATED_PROXY_LINK_UNREVIEWED,KVY:19;KUB:18,KVY:19;KUB:20,NOT_AVAILABLE_FROM_BOUNDARY_LAPTIMES,2019-06-30T13:15:28.635000000,2019-06-30T13:16:41.436000000,BOUNDARY_INTERVAL_ONLY_NOT_EXACT_PASS_TIME,NOT_IN_INHERITED_CANDIDATE_REVIEW,NOT_IN_INHERITED_CANDIDATE_REVIEW,BOUNDARY_TELEMETRY_DOES_NOT_ESTABLISH_PASS,prediction_windows_37.csv.gz + laptime_source_inventory_37.csv,,,FIXED_PAIR_CLASSIFIED_ORDER_REVERSED_AT_NEXT_LAP_BOUNDARY,FALSE,AUTOMATED_PROXY_LINK_UNREVIEWED
55f4d096bbb226e37b56,2019:Austrian Grand Prix:Race,train,development_train,KVY,RUS,14,15,2923.646,2994.691,71.045,2019-06-30T13:28:43.673000000,2019-06-30T13:29:54.718000000,04dcdd9ee568f2dfb668afcd,2019:Austrian Grand Prix:Race|KVY|RUS|14|15,INHERITED_CANDIDATE_ID,MATCHED_TO_INHERITED_CANDIDATE,UNRESOLVED,AUTOMATED_REVIEW_UNREVIEWED,KVY:18;RUS:17,KVY:17;RUS:18,NOT_AVAILABLE_FROM_FASTF1_POSITION_XYZ,2019-06-30T13:28:43.673000+00:00,2019-06-30T13:29:54.718000+00:00,1.571,NO_RELEVANT_PIT_ROW_FOUND_IN_CONTEXT,RC_RECORD_ON_DECISION_OR_ENDPOINT_LAP,"FastF1 car_data and pos_data present for selected race; pos_data contains XYZ/status, not classified running order or pass timestamp",event_review_37.csv + candidate source,https://raw.githubusercontent.com/TracingInsights/2019/38741496a2d3736954069c3301e33737ffb3d777/Austrian%20Grand%20Prix/Race/KVY/laptimes.json|https://raw.githubusercontent.com/TracingInsights/2019/38741496a2d3736954069c3301e33737ffb3d777/Austrian%20Grand%20Prix/Race/RUS/laptimes.json,9d841c9bab36d04941c2fcf111c75d5eaaffd64d42aa56c545d1f19fbf40b620|d1ab01202daf4e11fd98812dd28f445548dc9a787e714fe46e92f2e945506975,FIXED_PAIR_CLASSIFIED_ORDER_REVERSED_AT_NEXT_LAP_BOUNDARY,FALSE,AUTOMATED_REVIEW_UNREVIEWED
b89b89031c609bd44bd6,2019:Austrian Grand Prix:Race,train,development_train,MAG,KUB,21,22,3454.224,3524.156,69.932,2019-06-30T13:37:34.251000000,2019-06-30T13:38:44.183000000,,2019:Austrian Grand Prix:Race|MAG|KUB|21|22,BOUNDARY_PROXY_KEY,OUTSIDE_INHERITED_CANDIDATE_UNIVERSE,OUTSIDE_CANDIDATE_UNIVERSE,AUTOMATED_PROXY_LINK_UNREVIEWED,MAG:20;KUB:19,MAG:19;KUB:20,NOT_AVAILABLE_FROM_BOUNDARY_LAPTIMES,2019-06-30T13:37:34.251000000,2019-06-30T13:38:44.183000000,BOUNDARY_INTERVAL_ONLY_NOT_EXACT_PASS_TIME,NOT_IN_INHERITED_CANDIDATE_REVIEW,NOT_IN_INHERITED_CANDIDATE_REVIEW,BOUNDARY_TELEMETRY_DOES_NOT_ESTABLISH_PASS,prediction_windows_37.csv.gz + laptime_source_inventory_37.csv,,,FIXED_PAIR_CLASSIFIED_ORDER_REVERSED_AT_NEXT_LAP_BOUNDARY,FALSE,AUTOMATED_PROXY_LINK_UNREVIEWED
af1b78413425b79dc4cc,2019:Austrian Grand Prix:Race,train,development_train,PER,MAG,3,4,2123.724,2194.999,71.275,2019-06-30T13:15:23.751000000,2019-06-30T13:16:35.026000000,,2019:Austrian Grand Prix:Race|PER|MAG|3|4,BOUNDARY_PROXY_KEY,OUTSIDE_INHERITED_CANDIDATE_UNIVERSE,OUTSIDE_CANDIDATE_UNIVERSE,AUTOMATED_PROXY_LINK_UNREVIEWED,PER:11;MAG:10,PER:10;MAG:11,NOT_AVAILABLE_FROM_BOUNDARY_LAPTIMES,2019-06-30T13:15:23.751000000,2019-06-30T13:16:35.026000000,BOUNDARY_INTERVAL_ONLY_NOT_EXACT_PASS_TIME,NOT_IN_INHERITED_CANDIDATE_REVIEW,NOT_IN_INHERITED_CANDIDATE_REVIEW,BOUNDARY_TELEMETRY_DOES_NOT_ESTABLISH_PASS,prediction_windows_37.csv.gz + laptime_source_inventory_37.csv,,,FIXED_PAIR_CLASSIFIED_ORDER_REVERSED_AT_NEXT_LAP_BOUNDARY,FALSE,AUTOMATED_PROXY_LINK_UNREVIEWED
a1a8e5c8f084ee7727c8,2019:Austrian Grand Prix:Race,train,development_train,RAI,ALB,29,30,3977.53,4046.927,69.397,2019-06-30T13:46:17.557000000,2019-06-30T13:47:26.954000000,,2019:Austrian Grand Prix:Race|RAI|ALB|29|30,BOUNDARY_PROXY_KEY,OUTSIDE_INHERITED_CANDIDATE_UNIVERSE,OUTSIDE_CANDIDATE_UNIVERSE,AUTOMATED_PROXY_LINK_UNREVIEWED,RAI:10;ALB:9,RAI:9;ALB:11,NOT_AVAILABLE_FROM_BOUNDARY_LAPTIMES,2019-06-30T13:46:17.557000000,2019-06-30T13:47:26.954000000,BOUNDARY_INTERVAL_ONLY_NOT_EXACT_PASS_TIME,NOT_IN_INHERITED_CANDIDATE_REVIEW,NOT_IN_INHERITED_CANDIDATE_REVIEW,BOUNDARY_TELEMETRY_DOES_NOT_ESTABLISH_PASS,prediction_windows_37.csv.gz + laptime_source_inventory_37.csv,,,FIXED_PAIR_CLASSIFIED_ORDER_REVERSED_AT_NEXT_LAP_BOUNDARY,FALSE,AUTOMATED_PROXY_LINK_UNREVIEWED
2a65c6d29e563f4963b8,2019:Austrian Grand Prix:Race,train,development_train,RUS,KVY,3,4,2129.23,2201.653,72.423,2019-06-30T13:15:29.257000000,2019-06-30T13:16:41.680000000,,2019:Austrian Grand Prix:Race|RUS|KVY|3|4,BOUNDARY_PROXY_KEY,OUTSIDE_INHERITED_CANDIDATE_UNIVERSE,OUTSIDE_CANDIDATE_UNIVERSE,AUTOMATED_PROXY_LINK_UNREVIEWED,RUS:20;KVY:19,RUS:18;KVY:19,NOT_AVAILABLE_FROM_BOUNDARY_LAPTIMES,2019-06-30T13:15:29.257000000,2019-06-30T13:16:41.680000000,BOUNDARY_INTERVAL_ONLY_NOT_EXACT_PASS_TIME,NOT_IN_INHERITED_CANDIDATE_REVIEW,NOT_IN_INHERITED_CANDIDATE_REVIEW,BOUNDARY_TELEMETRY_DOES_NOT_ESTABLISH_PASS,prediction_windows_37.csv.gz + laptime_source_inventory_37.csv,,,FIXED_PAIR_CLASSIFIED_ORDER_REVERSED_AT_NEXT_LAP_BOUNDARY,FALSE,AUTOMATED_PROXY_LINK_UNREVIEWED
47beff0dcfd4ea630742,2019:Austrian Grand Prix:Race,train,development_train,SAI,RIC,22,23,3476.0,3545.858,69.858,2019-06-30T13:37:56.027000000,2019-06-30T13:39:05.885000000,,2019:Austrian Grand Prix:Race|SAI|RIC|22|23,BOUNDARY_PROXY_KEY,OUTSIDE_INHERITED_CANDIDATE_UNIVERSE,OUTSIDE_CANDIDATE_UNIVERSE,AUTOMATED_PROXY_LINK_UNREVIEWED,SAI:14;RIC:13,SAI:13;RIC:14,NOT_AVAILABLE_FROM_BOUNDARY_LAPTIMES,2019-06-30T13:37:56.027000000,2019-06-30T13:39:05.885000000,BOUNDARY_INTERVAL_ONLY_NOT_EXACT_PASS_TIME,NOT_IN_INHERITED_CANDIDATE_REVIEW,NOT_IN_INHERITED_CANDIDATE_REVIEW,BOUNDARY_TELEMETRY_DOES_NOT_ESTABLISH_PASS,prediction_windows_37.csv.gz + laptime_source_inventory_37.csv,,,FIXED_PAIR_CLASSIFIED_ORDER_REVERSED_AT_NEXT_LAP_BOUNDARY,FALSE,AUTOMATED_PROXY_LINK_UNREVIEWED
b1a64973d7861c723f6e,2019:Austrian Grand Prix:Race,train,development_train,SAI,STR,44,45,5037.026,5105.0,67.974,2019-06-30T14:03:57.053000000,2019-06-30T14:05:05.027000000,fe1f08106ce07e0b7344a16f,2019:Austrian Grand Prix:Race|SAI|STR|44|45,INHERITED_CANDIDATE_ID,MATCHED_TO_INHERITED_CANDIDATE,UNRESOLVED,AUTOMATED_REVIEW_UNREVIEWED,SAI:14;STR:13,SAI:13;STR:14,NOT_AVAILABLE_FROM_FASTF1_POSITION_XYZ,2019-06-30T14:03:57.053000+00:00,2019-06-30T14:05:05.027000+00:00,2.277,NO_RELEVANT_PIT_ROW_FOUND_IN_CONTEXT,RC_RECORD_ON_DECISION_OR_ENDPOINT_LAP,"FastF1 car_data and pos_data present for selected race; pos_data contains XYZ/status, not classified running order or pass timestamp",event_review_37.csv + candidate source,https://raw.githubusercontent.com/TracingInsights/2019/38741496a2d3736954069c3301e33737ffb3d777/Austrian%20Grand%20Prix/Race/SAI/laptimes.json|https://raw.githubusercontent.com/TracingInsights/2019/38741496a2d3736954069c3301e33737ffb3d777/Austrian%20Grand%20Prix/Race/STR/laptimes.json,0c1f528e9db765699439670df5a805ef4d384a80ac1344808e7001d075bbab8e|3097ba17e8ab3c0b0b5c95232cf3e6a0879bd9e6d0110375f39c7a34150faa15,FIXED_PAIR_CLASSIFIED_ORDER_REVERSED_AT_NEXT_LAP_BOUNDARY,FALSE,AUTOMATED_REVIEW_UNREVIEWED
93a5d2465ee0cf86b3f4,2019:Austrian Grand Prix:Race,train,development_train,SAI,GIO,50,51,5451.023,5519.86,68.837,2019-06-30T14:10:51.050000000,2019-06-30T14:11:59.887000000,,2019:Austrian Grand Prix:Race|SAI|GIO|50|51,BOUNDARY_PROXY_KEY,OUTSIDE_INHERITED_CANDIDATE_UNIVERSE,OUTSIDE_CANDIDATE_UNIVERSE,AUTOMATED_PROXY_LINK_UNREVIEWED,SAI:10;GIO:9,SAI:9;GIO:10,NOT_AVAILABLE_FROM_BOUNDARY_LAPTIMES,2019-06-30T14:10:51.050000000,2019-06-30T14:11:59.887000000,BOUNDARY_INTERVAL_ONLY_NOT_EXACT_PASS_TIME,NOT_IN_INHERITED_CANDIDATE_REVIEW,NOT_IN_INHERITED_CANDIDATE_REVIEW,BOUNDARY_TELEMETRY_DOES_NOT_ESTABLISH_PASS,prediction_windows_37.csv.gz + laptime_source_inventory_37.csv,,,FIXED_PAIR_CLASSIFIED_ORDER_REVERSED_AT_NEXT_LAP_BOUNDARY,FALSE,AUTOMATED_PROXY_LINK_UNREVIEWED
be35cb0d4b18775bfcd8,2019:Austrian Grand Prix:Race,train,development_train,STR,MAG,5,6,2268.638,2340.271,71.633,2019-06-30T13:17:48.665000000,2019-06-30T13:19:00.298000000,,2019:Austrian Grand Prix:Race|STR|MAG|5|6,BOUNDARY_PROXY_KEY,OUTSIDE_INHERITED_CANDIDATE_UNIVERSE,OUTSIDE_CANDIDATE_UNIVERSE,AUTOMATED_PROXY_LINK_UNREVIEWED,STR:13;MAG:12,STR:12;MAG:13,NOT_AVAILABLE_FROM_BOUNDARY_LAPTIMES,2019-06-30T13:17:48.665000000,2019-06-30T13:19:00.298000000,BOUNDARY_INTERVAL_ONLY_NOT_EXACT_PASS_TIME,NOT_IN_INHERITED_CANDIDATE_REVIEW,NOT_IN_INHERITED_CANDIDATE_REVIEW,BOUNDARY_TELEMETRY_DOES_NOT_ESTABLISH_PASS,prediction_windows_37.csv.gz + laptime_source_inventory_37.csv,,,FIXED_PAIR_CLASSIFIED_ORDER_REVERSED_AT_NEXT_LAP_BOUNDARY,FALSE,AUTOMATED_PROXY_LINK_UNREVIEWED
94d93f1212c74fc49bde,2019:Austrian Grand Prix:Race,train,development_train,STR,GRO,30,31,4057.82,4126.677,68.857,2019-06-30T13:47:37.847000000,2019-06-30T13:48:46.704000000,,2019:Austrian Grand Prix:Race|STR|GRO|30|31,BOUNDARY_PROXY_KEY,OUTSIDE_INHERITED_CANDIDATE_UNIVERSE,OUTSIDE_CANDIDATE_UNIVERSE,AUTOMATED_PROXY_LINK_UNREVIEWED,STR:16;GRO:15,STR:15;GRO:16,NOT_AVAILABLE_FROM_BOUNDARY_LAPTIMES,2019-06-30T13:47:37.847000000,2019-06-30T13:48:46.704000000,BOUNDARY_INTERVAL_ONLY_NOT_EXACT_PASS_TIME,NOT_IN_INHERITED_CANDIDATE_REVIEW,NOT_IN_INHERITED_CANDIDATE_REVIEW,BOUNDARY_TELEMETRY_DOES_NOT_ESTABLISH_PASS,prediction_windows_37.csv.gz + laptime_source_inventory_37.csv,,,FIXED_PAIR_CLASSIFIED_ORDER_REVERSED_AT_NEXT_LAP_BOUNDARY,FALSE,AUTOMATED_PROXY_LINK_UNREVIEWED
0e1bd7f73653e0c23c5e,2019:Austrian Grand Prix:Race,train,development_train,VET,NOR,3,4,2120.233,2190.59,70.357,2019-06-30T13:15:20.260000000,2019-06-30T13:16:30.617000000,,2019:Austrian Grand Prix:Race|VET|NOR|3|4,BOUNDARY_PROXY_KEY,OUTSIDE_INHERITED_CANDIDATE_UNIVERSE,OUTSIDE_CANDIDATE_UNIVERSE,AUTOMATED_PROXY_LINK_UNREVIEWED,VET:6;NOR:5,VET:5;NOR:6,NOT_AVAILABLE_FROM_BOUNDARY_LAPTIMES,2019-06-30T13:15:20.260000000,2019-06-30T13:16:30.617000000,BOUNDARY_INTERVAL_ONLY_NOT_EXACT_PASS_TIME,NOT_IN_INHERITED_CANDIDATE_REVIEW,NOT_IN_INHERITED_CANDIDATE_REVIEW,BOUNDARY_TELEMETRY_DOES_NOT_ESTABLISH_PASS,prediction_windows_37.csv.gz + laptime_source_inventory_37.csv,,,FIXED_PAIR_CLASSIFIED_ORDER_REVERSED_AT_NEXT_LAP_BOUNDARY,FALSE,AUTOMATED_PROXY_LINK_UNREVIEWED
0136ce7ab3c43bff388a,2019:Austrian Grand Prix:Race,train,development_train,VET,RAI,5,6,2260.916,2330.747,69.831,2019-06-30T13:17:40.943000000,2019-06-30T13:18:50.774000000,,2019:Austrian Grand Prix:Race|VET|RAI|5|6,BOUNDARY_PROXY_KEY,OUTSIDE_INHERITED_CANDIDATE_UNIVERSE,OUTSIDE_CANDIDATE_UNIVERSE,AUTOMATED_PROXY_LINK_UNREVIEWED,VET:5;RAI:4,VET:4;RAI:5,NOT_AVAILABLE_FROM_BOUNDARY_LAPTIMES,2019-06-30T13:17:40.943000000,2019-06-30T13:18:50.774000000,BOUNDARY_INTERVAL_ONLY_NOT_EXACT_PASS_TIME,NOT_IN_INHERITED_CANDIDATE_REVIEW,NOT_IN_INHERITED_CANDIDATE_REVIEW,BOUNDARY_TELEMETRY_DOES_NOT_ESTABLISH_PASS,prediction_windows_37.csv.gz + laptime_source_inventory_37.csv,,,FIXED_PAIR_CLASSIFIED_ORDER_REVERSED_AT_NEXT_LAP_BOUNDARY,FALSE,AUTOMATED_PROXY_LINK_UNREVIEWED
274befd271e3131345d2,2019:Austrian Grand Prix:Race,train,development_train,VET,GAS,22,23,3465.742,3536.492,70.75,2019-06-30T13:37:26.615000000,2019-06-30T13:38:56.519000000,,2019:Austrian Grand Prix:Race|VET|GAS|22|23,BOUNDARY_PROXY_KEY,OUTSIDE_INHERITED_CANDIDATE_UNIVERSE,OUTSIDE_CANDIDATE_UNIVERSE,AUTOMATED_PROXY_LINK_UNREVIEWED,VET:8;GAS:7,VET:6;GAS:7,NOT_AVAILABLE_FROM_BOUNDARY_LAPTIMES,2019-06-30T13:37:26.615000000,2019-06-30T13:38:56.519000000,BOUNDARY_INTERVAL_ONLY_NOT_EXACT_PASS_TIME,NOT_IN_INHERITED_CANDIDATE_REVIEW,NOT_IN_INHERITED_CANDIDATE_REVIEW,BOUNDARY_TELEMETRY_DOES_NOT_ESTABLISH_PASS,prediction_windows_37.csv.gz + laptime_source_inventory_37.csv,,,FIXED_PAIR_CLASSIFIED_ORDER_REVERSED_AT_NEXT_LAP_BOUNDARY,FALSE,AUTOMATED_PROXY_LINK_UNREVIEWED
f32fc4214cb22ecdd4dc,2019:Azerbaijan Grand Prix:Race,train,development_train,ALB,RIC,9,10,2916.316,3029.263,112.947,2019-04-28T12:28:36.563000000,2019-04-28T12:30:29.510000000,0a795cd97f54284b1aa4d028,2019:Azerbaijan Grand Prix:Race|ALB|RIC|9|10,INHERITED_CANDIDATE_ID,MATCHED_TO_INHERITED_CANDIDATE,OTHER_POSITION_CHANGE,AUTOMATED_REVIEW_UNREVIEWED,ALB:11;RIC:10,ALB:9;RIC:12,NOT_AVAILABLE_FROM_FASTF1_POSITION_XYZ,2019-04-28T12:28:36.563000+00:00,2019-04-28T12:30:29.510000+00:00,1.112,PIT_LAP_OVERLAP_RECORDED_BUT_TIME_OF_DAY_ONLY,NO_RC_RECORD_ON_DECISION_OR_ENDPOINT_LAP,"FastF1 car_data and pos_data present for selected race; pos_data contains XYZ/status, not classified running order or pass timestamp",event_review_37.csv + candidate source,https://raw.githubusercontent.com/TracingInsights/2019/38741496a2d3736954069c3301e33737ffb3d777/Azerbaijan%20Grand%20Prix/Race/ALB/laptimes.json|https://raw.githubusercontent.com/TracingInsights/2019/38741496a2d3736954069c3301e33737ffb3d777/Azerbaijan%20Grand%20Prix/Race/RIC/laptimes.json,380411f8ca5e7751b340ea8fecb2887b98f24c3d56080cb4904266d05e4cf222|4fec92523d8b100b0b50540435f7b8a87d4d3bd78ef137edc68ccb3ddb59077f,FIXED_PAIR_CLASSIFIED_ORDER_REVERSED_AT_NEXT_LAP_BOUNDARY,FALSE,AUTOMATED_REVIEW_UNREVIEWED
03983389e822caf5cd5e,2019:Azerbaijan Grand Prix:Race,train,development_train,ALB,RUS,17,18,3830.652,3937.427,106.775,2019-04-28T12:43:50.899000000,2019-04-28T12:45:37.674000000,74bfbea3d958de00c878a2ff,2019:Azerbaijan Grand Prix:Race|ALB|RUS|17|18,INHERITED_CANDIDATE_ID,MATCHED_TO_INHERITED_CANDIDATE,UNRESOLVED,AUTOMATED_REVIEW_UNREVIEWED,ALB:19;RUS:18,ALB:18;RUS:19,NOT_AVAILABLE_FROM_FASTF1_POSITION_XYZ,2019-04-28T12:43:50.899000+00:00,2019-04-28T12:45:37.674000+00:00,6.313,NO_RELEVANT_PIT_ROW_FOUND_IN_CONTEXT,RC_RECORD_ON_DECISION_OR_ENDPOINT_LAP,"FastF1 car_data and pos_data present for selected race; pos_data contains XYZ/status, not classified running order or pass timestamp",event_review_37.csv + candidate source,https://raw.githubusercontent.com/TracingInsights/2019/38741496a2d3736954069c3301e33737ffb3d777/Azerbaijan%20Grand%20Prix/Race/ALB/laptimes.json|https://raw.githubusercontent.com/TracingInsights/2019/38741496a2d3736954069c3301e33737ffb3d777/Azerbaijan%20Grand%20Prix/Race/RUS/laptimes.json,380411f8ca5e7751b340ea8fecb2887b98f24c3d56080cb4904266d05e4cf222|fcfd21ecc35bd766fe6b55148f09910f2dd18e1949703528db73567d703df7fe,FIXED_PAIR_CLASSIFIED_ORDER_REVERSED_AT_NEXT_LAP_BOUNDARY,FALSE,AUTOMATED_REVIEW_UNREVIEWED
51db1b71f2b8895f3c19,2019:Azerbaijan Grand Prix:Race,train,development_train,GAS,RUS,2,3,2144.819,2257.86,113.041,2019-04-28T12:15:45.066000000,2019-04-28T12:17:38.107000000,0185507b5f40f56471a2e5cc,2019:Azerbaijan Grand Prix:Race|GAS|RUS|2|3,INHERITED_CANDIDATE_ID,MATCHED_TO_INHERITED_CANDIDATE,UNRESOLVED,AUTOMATED_REVIEW_UNREVIEWED,GAS:19;RUS:18,GAS:18;RUS:19,NOT_AVAILABLE_FROM_FASTF1_POSITION_XYZ,2019-04-28T12:15:45.066000+00:00,2019-04-28T12:17:38.107000+00:00,0.626,NO_RELEVANT_PIT_ROW_FOUND_IN_CONTEXT,RC_RECORD_ON_DECISION_OR_ENDPOINT_LAP,"FastF1 car_data and pos_data present for selected race; pos_data contains XYZ/status, not classified running order or pass timestamp",event_review_37.csv + candidate source,https://raw.githubusercontent.com/TracingInsights/2019/38741496a2d3736954069c3301e33737ffb3d777/Azerbaijan%20Grand%20Prix/Race/GAS/laptimes.json|https://raw.githubusercontent.com/TracingInsights/2019/38741496a2d3736954069c3301e33737ffb3d777/Azerbaijan%20Grand%20Prix/Race/RUS/laptimes.json,ee60d6b2fa559adea3980facf6ed6fcac2e424309b0d7e1f11c47e2a9d976532|fcfd21ecc35bd766fe6b55148f09910f2dd18e1949703528db73567d703df7fe,FIXED_PAIR_CLASSIFIED_ORDER_REVERSED_AT_NEXT_LAP_BOUNDARY,FALSE,AUTOMATED_REVIEW_UNREVIEWED
fba91a10ac2c8ea3b503,2019:Azerbaijan Grand Prix:Race,train,development_train,GAS,RAI,4,5,2366.387,2474.906,108.519,2019-04-28T12:19:26.634000000,2019-04-28T12:21:15.153000000,3eafa9d2335e16c3f0333b17,2019:Azerbaijan Grand Prix:Race|GAS|RAI|4|5,INHERITED_CANDIDATE_ID,MATCHED_TO_INHERITED_CANDIDATE,UNRESOLVED,AUTOMATED_REVIEW_UNREVIEWED,GAS:18;RAI:17,GAS:15;RAI:17,NOT_AVAILABLE_FROM_FASTF1_POSITION_XYZ,2019-04-28T12:19:26.634000+00:00,2019-04-28T12:21:15.153000+00:00,2.733,NO_RELEVANT_PIT_ROW_FOUND_IN_CONTEXT,NO_RC_RECORD_ON_DECISION_OR_ENDPOINT_LAP,"FastF1 car_data and pos_data present for selected race; pos_data contains XYZ/status, not classified running order or pass timestamp",event_review_37.csv + candidate source,https://raw.githubusercontent.com/TracingInsights/2019/38741496a2d3736954069c3301e33737ffb3d777/Azerbaijan%20Grand%20Prix/Race/GAS/laptimes.json|https://raw.githubusercontent.com/TracingInsights/2019/38741496a2d3736954069c3301e33737ffb3d777/Azerbaijan%20Grand%20Prix/Race/RAI/laptimes.json,dc7d1a18367d479206fd0cbd2b5358656f739a747e1ffde2e469d5fb7dc83a79|ee60d6b2fa559adea3980facf6ed6fcac2e424309b0d7e1f11c47e2a9d976532,FIXED_PAIR_CLASSIFIED_ORDER_REVERSED_AT_NEXT_LAP_BOUNDARY,FALSE,AUTOMATED_REVIEW_UNREVIEWED
73c6aa9c0836a7583e74,2019:Azerbaijan Grand Prix:Race,train,development_train,GAS,GIO,5,6,2474.944,2586.979,112.035,2019-04-28T12:21:15.191000000,2019-04-28T12:23:07.226000000,7d9db6ad5d54746c1a57f8c8,2019:Azerbaijan Grand Prix:Race|GAS|GIO|5|6,INHERITED_CANDIDATE_ID,MATCHED_TO_INHERITED_CANDIDATE,UNRESOLVED,AUTOMATED_REVIEW_UNREVIEWED,GAS:15;GIO:14,GAS:13;GIO:16,NOT_AVAILABLE_FROM_FASTF1_POSITION_XYZ,2019-04-28T12:21:15.191000+00:00,2019-04-28T12:23:07.226000+00:00,2.644,NO_RELEVANT_PIT_ROW_FOUND_IN_CONTEXT,RC_RECORD_ON_DECISION_OR_ENDPOINT_LAP,"FastF1 car_data and pos_data present for selected race; pos_data contains XYZ/status, not classified running order or pass timestamp",event_review_37.csv + candidate source,https://raw.githubusercontent.com/TracingInsights/2019/38741496a2d3736954069c3301e33737ffb3d777/Azerbaijan%20Grand%20Prix/Race/GAS/laptimes.json|https://raw.githubusercontent.com/TracingInsights/2019/38741496a2d3736954069c3301e33737ffb3d777/Azerbaijan%20Grand%20Prix/Race/GIO/laptimes.json,b687d58fd3ce81941748f5237083a3887a003aa4fff3e50ca62ac6c53e8a43fe|ee60d6b2fa559adea3980facf6ed6fcac2e424309b0d7e1f11c47e2a9d976532,FIXED_PAIR_CLASSIFIED_ORDER_REVERSED_AT_NEXT_LAP_BOUNDARY,FALSE,AUTOMATED_REVIEW_UNREVIEWED
963fa0b9ed8bed37b66b,2019:Azerbaijan Grand Prix:Race,train,development_train,GAS,ALB,9,10,2917.926,3029.802,111.876,2019-04-28T12:28:38.173000000,2019-04-28T12:30:30.049000000,,2019:Azerbaijan Grand Prix:Race|GAS|ALB|9|10,BOUNDARY_PROXY_KEY,OUTSIDE_INHERITED_CANDIDATE_UNIVERSE,OUTSIDE_CANDIDATE_UNIVERSE,AUTOMATED_PROXY_LINK_UNREVIEWED,GAS:12;ALB:11,GAS:8;ALB:9,NOT_AVAILABLE_FROM_BOUNDARY_LAPTIMES,2019-04-28T12:28:38.173000000,2019-04-28T12:30:30.049000000,BOUNDARY_INTERVAL_ONLY_NOT_EXACT_PASS_TIME,NOT_IN_INHERITED_CANDIDATE_REVIEW,NOT_IN_INHERITED_CANDIDATE_REVIEW,BOUNDARY_TELEMETRY_DOES_NOT_ESTABLISH_PASS,prediction_windows_37.csv.gz + laptime_source_inventory_37.csv,,,FIXED_PAIR_CLASSIFIED_ORDER_REVERSED_AT_NEXT_LAP_BOUNDARY,FALSE,AUTOMATED_PROXY_LINK_UNREVIEWED
a467b7d679562d5e0d29,2019:Azerbaijan Grand Prix:Race,train,development_train,GAS,SAI,11,12,3141.498,3242.532,101.034,2019-04-28T12:32:21.745000000,2019-04-28T12:34:02.779000000,68b38ca1fbacd521a10a89c4,2019:Azerbaijan Grand Prix:Race|GAS|SAI|11|12,INHERITED_CANDIDATE_ID,MATCHED_TO_INHERITED_CANDIDATE,OTHER_POSITION_CHANGE,AUTOMATED_REVIEW_UNREVIEWED,GAS:7;SAI:6,GAS:6;SAI:7,NOT_AVAILABLE_FROM_FASTF1_POSITION_XYZ,2019-04-28T12:32:21.745000+00:00,2019-04-28T12:34:02.779000+00:00,17.647,PIT_LAP_OVERLAP_RECORDED_BUT_TIME_OF_DAY_ONLY,NO_RC_RECORD_ON_DECISION_OR_ENDPOINT_LAP,"FastF1 car_data and pos_data present for selected race; pos_data contains XYZ/status, not classified running order or pass timestamp",event_review_37.csv + candidate source,https://raw.githubusercontent.com/TracingInsights/2019/38741496a2d3736954069c3301e33737ffb3d777/Azerbaijan%20Grand%20Prix/Race/GAS/laptimes.json|https://raw.githubusercontent.com/TracingInsights/2019/38741496a2d3736954069c3301e33737ffb3d777/Azerbaijan%20Grand%20Prix/Race/SAI/laptimes.json,418b58257a8c9282c74d66787bd1d133e04f03ed0d73ceea7c97c26097e1c0c8|ee60d6b2fa559adea3980facf6ed6fcac2e424309b0d7e1f11c47e2a9d976532,FIXED_PAIR_CLASSIFIED_ORDER_REVERSED_AT_NEXT_LAP_BOUNDARY,FALSE,AUTOMATED_REVIEW_UNREVIEWED
56a6a89fb8705a09bc0d,2019:Azerbaijan Grand Prix:Race,train,development_train,GIO,RUS,16,17,3717.509,3825.774,108.265,2019-04-28T12:41:57.756000000,2019-04-28T12:43:46.021000000,f3ff469cc2fbb5730f0b4be2,2019:Azerbaijan Grand Prix:Race|GIO|RUS|16|17,INHERITED_CANDIDATE_ID,MATCHED_TO_INHERITED_CANDIDATE,UNRESOLVED,AUTOMATED_REVIEW_UNREVIEWED,GIO:18;RUS:17,GIO:17;RUS:18,NOT_AVAILABLE_FROM_FASTF1_POSITION_XYZ,2019-04-28T12:41:57.756000+00:00,2019-04-28T12:43:46.021000+00:00,5.058,NO_RELEVANT_PIT_ROW_FOUND_IN_CONTEXT,NO_RC_RECORD_ON_DECISION_OR_ENDPOINT_LAP,"FastF1 car_data and pos_data present for selected race; pos_data contains XYZ/status, not classified running order or pass timestamp",event_review_37.csv + candidate source,https://raw.githubusercontent.com/TracingInsights/2019/38741496a2d3736954069c3301e33737ffb3d777/Azerbaijan%20Grand%20Prix/Race/GIO/laptimes.json|https://raw.githubusercontent.com/TracingInsights/2019/38741496a2d3736954069c3301e33737ffb3d777/Azerbaijan%20Grand%20Prix/Race/RUS/laptimes.json,b687d58fd3ce81941748f5237083a3887a003aa4fff3e50ca62ac6c53e8a43fe|fcfd21ecc35bd766fe6b55148f09910f2dd18e1949703528db73567d703df7fe,FIXED_PAIR_CLASSIFIED_ORDER_REVERSED_AT_NEXT_LAP_BOUNDARY,FALSE,AUTOMATED_REVIEW_UNREVIEWED
a89038d49131c1b06e99,2019:Azerbaijan Grand Prix:Race,train,development_train,GRO,HUL,7,8,2703.403,2812.751,109.348,2019-04-28T12:25:03.650000000,2019-04-28T12:26:52.998000000,908354716c8757163a3398fc,2019:Azerbaijan Grand Prix:Race|GRO|HUL|7|8,INHERITED_CANDIDATE_ID,MATCHED_TO_INHERITED_CANDIDATE,OTHER_POSITION_CHANGE,AUTOMATED_REVIEW_UNREVIEWED,GRO:14;HUL:13,GRO:13;HUL:15,NOT_AVAILABLE_FROM_FASTF1_POSITION_XYZ,2019-04-28T12:25:03.650000+00:00,2019-04-28T12:26:52.998000+00:00,5.373,PIT_LAP_OVERLAP_RECORDED_BUT_TIME_OF_DAY_ONLY,NO_RC_RECORD_ON_DECISION_OR_ENDPOINT_LAP,"FastF1 car_data and pos_data present for selected race; pos_data contains XYZ/status, not classified running order or pass timestamp",event_review_37.csv + candidate source,https://raw.githubusercontent.com/TracingInsights/2019/38741496a2d3736954069c3301e33737ffb3d777/Azerbaijan%20Grand%20Prix/Race/GRO/laptimes.json|https://raw.githubusercontent.com/TracingInsights/2019/38741496a2d3736954069c3301e33737ffb3d777/Azerbaijan%20Grand%20Prix/Race/HUL/laptimes.json,0bd77f08981558efc95130f6a0a8e13b5c43b01b3a2fee5b1b64b1b8f6b7e4d8|101bdf28504cdeb56214a2b63e8d46514ef817c73eb50636409a5cae75338a18,FIXED_PAIR_CLASSIFIED_ORDER_REVERSED_AT_NEXT_LAP_BOUNDARY,FALSE,AUTOMATED_REVIEW_UNREVIEWED
b5d9b1250aac51062db4,2019:Azerbaijan Grand Prix:Race,train,development_train,GRO,ALB,10,11,3036.514,3144.309,107.795,2019-04-28T12:30:36.761000000,2019-04-28T12:32:24.556000000,,2019:Azerbaijan Grand Prix:Race|GRO|ALB|10|11,BOUNDARY_PROXY_KEY,OUTSIDE_INHERITED_CANDIDATE_UNIVERSE,OUTSIDE_CANDIDATE_UNIVERSE,AUTOMATED_PROXY_LINK_UNREVIEWED,GRO:10;ALB:9,GRO:8;ALB:9,NOT_AVAILABLE_FROM_BOUNDARY_LAPTIMES,2019-04-28T12:30:36.761000000,2019-04-28T12:32:24.556000000,BOUNDARY_INTERVAL_ONLY_NOT_EXACT_PASS_TIME,NOT_IN_INHERITED_CANDIDATE_REVIEW,NOT_IN_INHERITED_CANDIDATE_REVIEW,BOUNDARY_TELEMETRY_DOES_NOT_ESTABLISH_PASS,prediction_windows_37.csv.gz + laptime_source_inventory_37.csv,,,FIXED_PAIR_CLASSIFIED_ORDER_REVERSED_AT_NEXT_LAP_BOUNDARY,FALSE,AUTOMATED_PROXY_LINK_UNREVIEWED
b01157efc8526298ba17,2019:Azerbaijan Grand Prix:Race,train,development_train,HAM,BOT,11,12,3104.571,3211.211,106.64,2019-04-28T12:31:44.818000000,2019-04-28T12:33:31.458000000,,2019:Azerbaijan Grand Prix:Race|HAM|BOT|11|12,BOUNDARY_PROXY_KEY,OUTSIDE_INHERITED_CANDIDATE_UNIVERSE,OUTSIDE_CANDIDATE_UNIVERSE,AUTOMATED_PROXY_LINK_UNREVIEWED,HAM:2;BOT:1,HAM:1;BOT:2,NOT_AVAILABLE_FROM_BOUNDARY_LAPTIMES,2019-04-28T12:31:44.818000000,2019-04-28T12:33:31.458000000,BOUNDARY_INTERVAL_ONLY_NOT_EXACT_PASS_TIME,NOT_IN_INHERITED_CANDIDATE_REVIEW,NOT_IN_INHERITED_CANDIDATE_REVIEW,BOUNDARY_TELEMETRY_DOES_NOT_ESTABLISH_PASS,prediction_windows_37.csv.gz + laptime_source_inventory_37.csv,,,FIXED_PAIR_CLASSIFIED_ORDER_REVERSED_AT_NEXT_LAP_BOUNDARY,FALSE,AUTOMATED_PROXY_LINK_UNREVIEWED
cf340730d810795fe146,2019:Azerbaijan Grand Prix:Race,train,development_train,KVY,KUB,10,11,3048.584,3155.229,106.645,2019-04-28T12:30:48.831000000,2019-04-28T12:32:35.476000000,,2019:Azerbaijan Grand Prix:Race|KVY|KUB|10|11,BOUNDARY_PROXY_KEY,OUTSIDE_INHERITED_CANDIDATE_UNIVERSE,OUTSIDE_CANDIDATE_UNIVERSE,AUTOMATED_PROXY_LINK_UNREVIEWED,KVY:16;KUB:15,KVY:13;KUB:14,NOT_AVAILABLE_FROM_BOUNDARY_LAPTIMES,2019-04-28T12:30:48.831000000,2019-04-28T12:32:35.476000000,BOUNDARY_INTERVAL_ONLY_NOT_EXACT_PASS_TIME,NOT_IN_INHERITED_CANDIDATE_REVIEW,NOT_IN_INHERITED_CANDIDATE_REVIEW,BOUNDARY_TELEMETRY_DOES_NOT_ESTABLISH_PASS,prediction_windows_37.csv.gz + laptime_source_inventory_37.csv,,,FIXED_PAIR_CLASSIFIED_ORDER_REVERSED_AT_NEXT_LAP_BOUNDARY,FALSE,AUTOMATED_PROXY_LINK_UNREVIEWED
e0e718cdb43755c8f381,2019:Azerbaijan Grand Prix:Race,train,development_train,KVY,RUS,11,12,3157.281,3264.753,107.472,2019-04-28T12:32:37.528000000,2019-04-28T12:34:25.000000000,33629fb46ec33014085985fe,2019:Azerbaijan Grand Prix:Race|KVY|RUS|11|12,INHERITED_CANDIDATE_ID,MATCHED_TO_INHERITED_CANDIDATE,UNRESOLVED,AUTOMATED_REVIEW_UNREVIEWED,KVY:13;RUS:12,KVY:11;RUS:12,NOT_AVAILABLE_FROM_FASTF1_POSITION_XYZ,2019-04-28T12:32:37.528000+00:00,2019-04-28T12:34:25+00:00,6.829,NO_RELEVANT_PIT_ROW_FOUND_IN_CONTEXT,NO_RC_RECORD_ON_DECISION_OR_ENDPOINT_LAP,"FastF1 car_data and pos_data present for selected race; pos_data contains XYZ/status, not classified running order or pass timestamp",event_review_37.csv + candidate source,https://raw.githubusercontent.com/TracingInsights/2019/38741496a2d3736954069c3301e33737ffb3d777/Azerbaijan%20Grand%20Prix/Race/KVY/laptimes.json|https://raw.githubusercontent.com/TracingInsights/2019/38741496a2d3736954069c3301e33737ffb3d777/Azerbaijan%20Grand%20Prix/Race/RUS/laptimes.json,07349dd2ffc74340e538b42a1ce87489048693d8b68b89484e00030c624cb477|fcfd21ecc35bd766fe6b55148f09910f2dd18e1949703528db73567d703df7fe,FIXED_PAIR_CLASSIFIED_ORDER_REVERSED_AT_NEXT_LAP_BOUNDARY,FALSE,AUTOMATED_REVIEW_UNREVIEWED
d933503e0ce742ca0f87,2019:Azerbaijan Grand Prix:Race,train,development_train,KVY,GRO,17,18,3810.984,3919.423,108.439,2019-04-28T12:43:31.231000000,2019-04-28T12:45:19.670000000,,2019:Azerbaijan Grand Prix:Race|KVY|GRO|17|18,BOUNDARY_PROXY_KEY,OUTSIDE_INHERITED_CANDIDATE_UNIVERSE,OUTSIDE_CANDIDATE_UNIVERSE,AUTOMATED_PROXY_LINK_UNREVIEWED,KVY:11;GRO:10,KVY:10;GRO:11,NOT_AVAILABLE_FROM_BOUNDARY_LAPTIMES,2019-04-28T12:43:31.231000000,2019-04-28T12:45:19.670000000,BOUNDARY_INTERVAL_ONLY_NOT_EXACT_PASS_TIME,NOT_IN_INHERITED_CANDIDATE_REVIEW,NOT_IN_INHERITED_CANDIDATE_REVIEW,BOUNDARY_TELEMETRY_DOES_NOT_ESTABLISH_PASS,prediction_windows_37.csv.gz + laptime_source_inventory_37.csv,,,FIXED_PAIR_CLASSIFIED_ORDER_REVERSED_AT_NEXT_LAP_BOUNDARY,FALSE,AUTOMATED_PROXY_LINK_UNREVIEWED
71f973c9365a4dd1d486,2019:Azerbaijan Grand Prix:Race,train,development_train,LEC,RIC,2,3,2136.741,2246.926,110.185,2019-04-28T12:15:36.988000000,2019-04-28T12:17:27.173000000,9628f6723465515658369eeb,2019:Azerbaijan Grand Prix:Race|LEC|RIC|2|3,INHERITED_CANDIDATE_ID,MATCHED_TO_INHERITED_CANDIDATE,UNRESOLVED,AUTOMATED_REVIEW_UNREVIEWED,LEC:10;RIC:9,LEC:9;RIC:11,NOT_AVAILABLE_FROM_FASTF1_POSITION_XYZ,2019-04-28T12:15:36.988000+00:00,2019-04-28T12:17:27.173000+00:00,0.69,NO_RELEVANT_PIT_ROW_FOUND_IN_CONTEXT,RC_RECORD_ON_DECISION_OR_ENDPOINT_LAP,"FastF1 car_data and pos_data present for selected race; pos_data contains XYZ/status, not classified running order or pass timestamp",event_review_37.csv + candidate source,https://raw.githubusercontent.com/TracingInsights/2019/38741496a2d3736954069c3301e33737ffb3d777/Azerbaijan%20Grand%20Prix/Race/LEC/laptimes.json|https://raw.githubusercontent.com/TracingInsights/2019/38741496a2d3736954069c3301e33737ffb3d777/Azerbaijan%20Grand%20Prix/Race/RIC/laptimes.json,09361e5c4627135902681322efcfc2ee7ca586cc7e01c8f623a6247af70df1b7|4fec92523d8b100b0b50540435f7b8a87d4d3bd78ef137edc68ccb3ddb59077f,FIXED_PAIR_CLASSIFIED_ORDER_REVERSED_AT_NEXT_LAP_BOUNDARY,FALSE,AUTOMATED_REVIEW_UNREVIEWED
0e7482b43aab9bac82e6,2019:Azerbaijan Grand Prix:Race,train,development_train,LEC,SAI,4,5,2356.506,2465.701,109.195,2019-04-28T12:19:16.753000000,2019-04-28T12:21:05.948000000,cb90f1441dc64970a90ba12a,2019:Azerbaijan Grand Prix:Race|LEC|SAI|4|5,INHERITED_CANDIDATE_ID,MATCHED_TO_INHERITED_CANDIDATE,UNRESOLVED,AUTOMATED_REVIEW_UNREVIEWED,LEC:8;SAI:7,LEC:6;SAI:8,NOT_AVAILABLE_FROM_FASTF1_POSITION_XYZ,2019-04-28T12:19:16.753000+00:00,2019-04-28T12:21:05.948000+00:00,0.712,NO_RELEVANT_PIT_ROW_FOUND_IN_CONTEXT,NO_RC_RECORD_ON_DECISION_OR_ENDPOINT_LAP,"FastF1 car_data and pos_data present for selected race; pos_data contains XYZ/status, not classified running order or pass timestamp",event_review_37.csv + candidate source,https://raw.githubusercontent.com/TracingInsights/2019/38741496a2d3736954069c3301e33737ffb3d777/Azerbaijan%20Grand%20Prix/Race/LEC/laptimes.json|https://raw.githubusercontent.com/TracingInsights/2019/38741496a2d3736954069c3301e33737ffb3d777/Azerbaijan%20Grand%20Prix/Race/SAI/laptimes.json,09361e5c4627135902681322efcfc2ee7ca586cc7e01c8f623a6247af70df1b7|418b58257a8c9282c74d66787bd1d133e04f03ed0d73ceea7c97c26097e1c0c8,FIXED_PAIR_CLASSIFIED_ORDER_REVERSED_AT_NEXT_LAP_BOUNDARY,FALSE,AUTOMATED_REVIEW_UNREVIEWED
76e0d7376f4edc59a312,2019:Azerbaijan Grand Prix:Race,train,development_train,LEC,VER,8,9,2791.316,2897.903,106.587,2019-04-28T12:26:31.563000000,2019-04-28T12:28:18.150000000,1257245a547ad6eaf9c8fcda,2019:Azerbaijan Grand Prix:Race|LEC|VER|8|9,INHERITED_CANDIDATE_ID,MATCHED_TO_INHERITED_CANDIDATE,UNRESOLVED,AUTOMATED_REVIEW_UNREVIEWED,LEC:5;VER:4,LEC:4;VER:5,NOT_AVAILABLE_FROM_FASTF1_POSITION_XYZ,2019-04-28T12:26:31.563000+00:00,2019-04-28T12:28:18.150000+00:00,3.574,NO_RELEVANT_PIT_ROW_FOUND_IN_CONTEXT,NO_RC_RECORD_ON_DECISION_OR_ENDPOINT_LAP,"FastF1 car_data and pos_data present for selected race; pos_data contains XYZ/status, not classified running order or pass timestamp",event_review_37.csv + candidate source,https://raw.githubusercontent.com/TracingInsights/2019/38741496a2d3736954069c3301e33737ffb3d777/Azerbaijan%20Grand%20Prix/Race/LEC/laptimes.json|https://raw.githubusercontent.com/TracingInsights/2019/38741496a2d3736954069c3301e33737ffb3d777/Azerbaijan%20Grand%20Prix/Race/VER/laptimes.json,09361e5c4627135902681322efcfc2ee7ca586cc7e01c8f623a6247af70df1b7|fcbc13526639c75e81f818606f64b943815edf4c4bf1dbbea768ece3e17f0ad7,FIXED_PAIR_CLASSIFIED_ORDER_REVERSED_AT_NEXT_LAP_BOUNDARY,FALSE,AUTOMATED_REVIEW_UNREVIEWED
9c18a659aff109151e52,2019:Azerbaijan Grand Prix:Race,train,development_train,LEC,VET,10,11,3006.852,3112.326,105.474,2019-04-28T12:30:07.099000000,2019-04-28T12:31:52.573000000,61f5dcf6d57c0ab6d9002ad9,2019:Azerbaijan Grand Prix:Race|LEC|VET|10|11,INHERITED_CANDIDATE_ID,MATCHED_TO_INHERITED_CANDIDATE,OTHER_POSITION_CHANGE,AUTOMATED_REVIEW_UNREVIEWED,LEC:4;VET:3,LEC:3;VET:5,NOT_AVAILABLE_FROM_FASTF1_POSITION_XYZ,2019-04-28T12:30:07.099000+00:00,2019-04-28T12:31:52.573000+00:00,6.745,PIT_LAP_OVERLAP_RECORDED_BUT_TIME_OF_DAY_ONLY,NO_RC_RECORD_ON_DECISION_OR_ENDPOINT_LAP,"FastF1 car_data and pos_data present for selected race; pos_data contains XYZ/status, not classified running order or pass timestamp",event_review_37.csv + candidate source,https://raw.githubusercontent.com/TracingInsights/2019/38741496a2d3736954069c3301e33737ffb3d777/Azerbaijan%20Grand%20Prix/Race/LEC/laptimes.json|https://raw.githubusercontent.com/TracingInsights/2019/38741496a2d3736954069c3301e33737ffb3d777/Azerbaijan%20Grand%20Prix/Race/VET/laptimes.json,09361e5c4627135902681322efcfc2ee7ca586cc7e01c8f623a6247af70df1b7|1abf774249aa9184eb7e9c4fa283042e469e38ce0684422135c6242397cf03a4,FIXED_PAIR_CLASSIFIED_ORDER_REVERSED_AT_NEXT_LAP_BOUNDARY,FALSE,AUTOMATED_REVIEW_UNREVIEWED
79087289dde7c51f8ec8,2019:Azerbaijan Grand Prix:Race,train,development_train,MAG,KUB,11,12,3162.04,3266.977,104.937,2019-04-28T12:32:42.287000000,2019-04-28T12:34:27.224000000,,2019:Azerbaijan Grand Prix:Race|MAG|KUB|11|12,BOUNDARY_PROXY_KEY,OUTSIDE_INHERITED_CANDIDATE_UNIVERSE,OUTSIDE_CANDIDATE_UNIVERSE,AUTOMATED_PROXY_LINK_UNREVIEWED,MAG:15;KUB:14,MAG:14;KUB:15,NOT_AVAILABLE_FROM_BOUNDARY_LAPTIMES,2019-04-28T12:32:42.287000000,2019-04-28T12:34:27.224000000,BOUNDARY_INTERVAL_ONLY_NOT_EXACT_PASS_TIME,NOT_IN_INHERITED_CANDIDATE_REVIEW,NOT_IN_INHERITED_CANDIDATE_REVIEW,BOUNDARY_TELEMETRY_DOES_NOT_ESTABLISH_PASS,prediction_windows_37.csv.gz + laptime_source_inventory_37.csv,,,FIXED_PAIR_CLASSIFIED_ORDER_REVERSED_AT_NEXT_LAP_BOUNDARY,FALSE,AUTOMATED_PROXY_LINK_UNREVIEWED
4a218383aa8cc9d645d9,2019:Azerbaijan Grand Prix:Race,train,development_train,NOR,RUS,10,11,3040.993,3152.34,111.347,2019-04-28T12:30:27.055000000,2019-04-28T12:32:32.587000000,97c142a60a685f0695dc2ed0,2019:Azerbaijan Grand Prix:Race|NOR|RUS|10|11,INHERITED_CANDIDATE_ID,MATCHED_TO_INHERITED_CANDIDATE,UNRESOLVED,AUTOMATED_REVIEW_UNREVIEWED,NOR:14;RUS:13,NOR:11;RUS:12,NOT_AVAILABLE_FROM_FASTF1_POSITION_XYZ,2019-04-28T12:30:41.240000+00:00,2019-04-28T12:32:32.587000+00:00,14.413,NO_RELEVANT_PIT_ROW_FOUND_IN_CONTEXT,NO_RC_RECORD_ON_DECISION_OR_ENDPOINT_LAP,"FastF1 car_data and pos_data present for selected race; pos_data contains XYZ/status, not classified running order or pass timestamp",event_review_37.csv + candidate source,https://raw.githubusercontent.com/TracingInsights/2019/38741496a2d3736954069c3301e33737ffb3d777/Azerbaijan%20Grand%20Prix/Race/NOR/laptimes.json|https://raw.githubusercontent.com/TracingInsights/2019/38741496a2d3736954069c3301e33737ffb3d777/Azerbaijan%20Grand%20Prix/Race/RUS/laptimes.json,fa475e6fe73b06b99035b323a71e12870eee8934f46bc2197e21c8cba6d03066|fcfd21ecc35bd766fe6b55148f09910f2dd18e1949703528db73567d703df7fe,FIXED_PAIR_CLASSIFIED_ORDER_REVERSED_AT_NEXT_LAP_BOUNDARY,FALSE,AUTOMATED_REVIEW_UNREVIEWED
0ffa618007506db98d6c,2019:Azerbaijan Grand Prix:Race,train,development_train,PER,ALB,11,12,3144.309,3257.763,113.454,2019-04-28T12:32:14.742000000,2019-04-28T12:34:18.010000000,,2019:Azerbaijan Grand Prix:Race|PER|ALB|11|12,BOUNDARY_PROXY_KEY,OUTSIDE_INHERITED_CANDIDATE_UNIVERSE,OUTSIDE_CANDIDATE_UNIVERSE,AUTOMATED_PROXY_LINK_UNREVIEWED,PER:10;ALB:9,PER:9;ALB:13,NOT_AVAILABLE_FROM_BOUNDARY_LAPTIMES,2019-04-28T12:32:14.742000000,2019-04-28T12:34:18.010000000,BOUNDARY_INTERVAL_ONLY_NOT_EXACT_PASS_TIME,NOT_IN_INHERITED_CANDIDATE_REVIEW,NOT_IN_INHERITED_CANDIDATE_REVIEW,BOUNDARY_TELEMETRY_DOES_NOT_ESTABLISH_PASS,prediction_windows_37.csv.gz + laptime_source_inventory_37.csv,,,FIXED_PAIR_CLASSIFIED_ORDER_REVERSED_AT_NEXT_LAP_BOUNDARY,FALSE,AUTOMATED_PROXY_LINK_UNREVIEWED
3e19f2e8b016ce969581,2019:Azerbaijan Grand Prix:Race,train,development_train,PER,GRO,13,14,3372.166,3478.049,105.883,2019-04-28T12:36:12.413000000,2019-04-28T12:37:58.296000000,,2019:Azerbaijan Grand Prix:Race|PER|GRO|13|14,BOUNDARY_PROXY_KEY,OUTSIDE_INHERITED_CANDIDATE_UNIVERSE,OUTSIDE_CANDIDATE_UNIVERSE,AUTOMATED_PROXY_LINK_UNREVIEWED,PER:8;GRO:7,PER:7;GRO:8,NOT_AVAILABLE_FROM_BOUNDARY_LAPTIMES,2019-04-28T12:36:12.413000000,2019-04-28T12:37:58.296000000,BOUNDARY_INTERVAL_ONLY_NOT_EXACT_PASS_TIME,NOT_IN_INHERITED_CANDIDATE_REVIEW,NOT_IN_INHERITED_CANDIDATE_REVIEW,BOUNDARY_TELEMETRY_DOES_NOT_ESTABLISH_PASS,prediction_windows_37.csv.gz + laptime_source_inventory_37.csv,,,FIXED_PAIR_CLASSIFIED_ORDER_REVERSED_AT_NEXT_LAP_BOUNDARY,FALSE,AUTOMATED_PROXY_LINK_UNREVIEWED
069a1c6f5314e7c0140e,2019:Azerbaijan Grand Prix:Race,train,development_train,RAI,KUB,12,13,3273.327,3379.081,105.754,2019-04-28T12:34:33.574000000,2019-04-28T12:36:19.328000000,,2019:Azerbaijan Grand Prix:Race|RAI|KUB|12|13,BOUNDARY_PROXY_KEY,OUTSIDE_INHERITED_CANDIDATE_UNIVERSE,OUTSIDE_CANDIDATE_UNIVERSE,AUTOMATED_PROXY_LINK_UNREVIEWED,RAI:16;KUB:15,RAI:14;KUB:15,NOT_AVAILABLE_FROM_BOUNDARY_LAPTIMES,2019-04-28T12:34:33.574000000,2019-04-28T12:36:19.328000000,BOUNDARY_INTERVAL_ONLY_NOT_EXACT_PASS_TIME,NOT_IN_INHERITED_CANDIDATE_REVIEW,NOT_IN_INHERITED_CANDIDATE_REVIEW,BOUNDARY_TELEMETRY_DOES_NOT_ESTABLISH_PASS,prediction_windows_37.csv.gz + laptime_source_inventory_37.csv,,,FIXED_PAIR_CLASSIFIED_ORDER_REVERSED_AT_NEXT_LAP_BOUNDARY,FALSE,AUTOMATED_PROXY_LINK_UNREVIEWED
f385de53b13348d5fa2d,2019:Azerbaijan Grand Prix:Race,train,development_train,RAI,RUS,13,14,3382.17,3487.855,105.685,2019-04-28T12:36:22.417000000,2019-04-28T12:38:08.102000000,ecd44c163cddcfabfa89b469,2019:Azerbaijan Grand Prix:Race|RAI|RUS|13|14,INHERITED_CANDIDATE_ID,MATCHED_TO_INHERITED_CANDIDATE,UNRESOLVED,AUTOMATED_REVIEW_UNREVIEWED,RAI:14;RUS:13,RAI:13;RUS:14,NOT_AVAILABLE_FROM_FASTF1_POSITION_XYZ,2019-04-28T12:36:22.417000+00:00,2019-04-28T12:38:08.102000+00:00,9.218,NO_RELEVANT_PIT_ROW_FOUND_IN_CONTEXT,RC_RECORD_ON_DECISION_OR_ENDPOINT_LAP,"FastF1 car_data and pos_data present for selected race; pos_data contains XYZ/status, not classified running order or pass timestamp",event_review_37.csv + candidate source,https://raw.githubusercontent.com/TracingInsights/2019/38741496a2d3736954069c3301e33737ffb3d777/Azerbaijan%20Grand%20Prix/Race/RAI/laptimes.json|https://raw.githubusercontent.com/TracingInsights/2019/38741496a2d3736954069c3301e33737ffb3d777/Azerbaijan%20Grand%20Prix/Race/RUS/laptimes.json,dc7d1a18367d479206fd0cbd2b5358656f739a747e1ffde2e469d5fb7dc83a79|fcfd21ecc35bd766fe6b55148f09910f2dd18e1949703528db73567d703df7fe,FIXED_PAIR_CLASSIFIED_ORDER_REVERSED_AT_NEXT_LAP_BOUNDARY,FALSE,AUTOMATED_REVIEW_UNREVIEWED
d72c3e3c75470e5be236,2019:Azerbaijan Grand Prix:Race,train,development_train,RIC,KVY,4,5,2358.259,2469.853,111.594,2019-04-28T12:19:18.506000000,2019-04-28T12:21:10.100000000,,2019:Azerbaijan Grand Prix:Race|RIC|KVY|4|5,BOUNDARY_PROXY_KEY,OUTSIDE_INHERITED_CANDIDATE_UNIVERSE,OUTSIDE_CANDIDATE_UNIVERSE,AUTOMATED_PROXY_LINK_UNREVIEWED,RIC:11;KVY:10,RIC:10;KVY:19,NOT_AVAILABLE_FROM_BOUNDARY_LAPTIMES,2019-04-28T12:19:18.506000000,2019-04-28T12:21:10.100000000,BOUNDARY_INTERVAL_ONLY_NOT_EXACT_PASS_TIME,NOT_IN_INHERITED_CANDIDATE_REVIEW,NOT_IN_INHERITED_CANDIDATE_REVIEW,BOUNDARY_TELEMETRY_DOES_NOT_ESTABLISH_PASS,prediction_windows_37.csv.gz + laptime_source_inventory_37.csv,,,FIXED_PAIR_CLASSIFIED_ORDER_REVERSED_AT_NEXT_LAP_BOUNDARY,FALSE,AUTOMATED_PROXY_LINK_UNREVIEWED
16f2f0518ca41afa2146,2019:Azerbaijan Grand Prix:Race,train,development_train,RIC,KUB,13,14,3386.972,3491.098,104.126,2019-04-28T12:36:27.219000000,2019-04-28T12:38:11.345000000,,2019:Azerbaijan Grand Prix:Race|RIC|KUB|13|14,BOUNDARY_PROXY_KEY,OUTSIDE_INHERITED_CANDIDATE_UNIVERSE,OUTSIDE_CANDIDATE_UNIVERSE,AUTOMATED_PROXY_LINK_UNREVIEWED,RIC:16;KUB:15,RIC:15;KUB:18,NOT_AVAILABLE_FROM_BOUNDARY_LAPTIMES,2019-04-28T12:36:27.219000000,2019-04-28T12:38:11.345000000,BOUNDARY_INTERVAL_ONLY_NOT_EXACT_PASS_TIME,NOT_IN_INHERITED_CANDIDATE_REVIEW,NOT_IN_INHERITED_CANDIDATE_REVIEW,BOUNDARY_TELEMETRY_DOES_NOT_ESTABLISH_PASS,prediction_windows_37.csv.gz + laptime_source_inventory_37.csv,,,FIXED_PAIR_CLASSIFIED_ORDER_REVERSED_AT_NEXT_LAP_BOUNDARY,FALSE,AUTOMATED_PROXY_LINK_UNREVIEWED
24f61249cdfdeb7ca890,2019:Azerbaijan Grand Prix:Race,train,development_train,RIC,MAG,20,21,4144.582,4251.392,106.81,2019-04-28T12:49:04.829000000,2019-04-28T12:50:51.639000000,,2019:Azerbaijan Grand Prix:Race|RIC|MAG|20|21,BOUNDARY_PROXY_KEY,OUTSIDE_INHERITED_CANDIDATE_UNIVERSE,OUTSIDE_CANDIDATE_UNIVERSE,AUTOMATED_PROXY_LINK_UNREVIEWED,RIC:13;MAG:12,RIC:12;MAG:13,NOT_AVAILABLE_FROM_BOUNDARY_LAPTIMES,2019-04-28T12:49:04.829000000,2019-04-28T12:50:51.639000000,BOUNDARY_INTERVAL_ONLY_NOT_EXACT_PASS_TIME,NOT_IN_INHERITED_CANDIDATE_REVIEW,NOT_IN_INHERITED_CANDIDATE_REVIEW,BOUNDARY_TELEMETRY_DOES_NOT_ESTABLISH_PASS,prediction_windows_37.csv.gz + laptime_source_inventory_37.csv,,,FIXED_PAIR_CLASSIFIED_ORDER_REVERSED_AT_NEXT_LAP_BOUNDARY,FALSE,AUTOMATED_PROXY_LINK_UNREVIEWED
e0ce99794f8ea8d496dc,2019:Azerbaijan Grand Prix:Race,train,development_train,RIC,GRO,23,24,4468.909,4576.023,107.114,2019-04-28T12:54:29.156000000,2019-04-28T12:56:16.270000000,,2019:Azerbaijan Grand Prix:Race|RIC|GRO|23|24,BOUNDARY_PROXY_KEY,OUTSIDE_INHERITED_CANDIDATE_UNIVERSE,OUTSIDE_CANDIDATE_UNIVERSE,AUTOMATED_PROXY_LINK_UNREVIEWED,RIC:12;GRO:11,RIC:11;GRO:17,NOT_AVAILABLE_FROM_BOUNDARY_LAPTIMES,2019-04-28T12:54:29.156000000,2019-04-28T12:56:16.270000000,BOUNDARY_INTERVAL_ONLY_NOT_EXACT_PASS_TIME,NOT_IN_INHERITED_CANDIDATE_REVIEW,NOT_IN_INHERITED_CANDIDATE_REVIEW,BOUNDARY_TELEMETRY_DOES_NOT_ESTABLISH_PASS,prediction_windows_37.csv.gz + laptime_source_inventory_37.csv,,,FIXED_PAIR_CLASSIFIED_ORDER_REVERSED_AT_NEXT_LAP_BOUNDARY,FALSE,AUTOMATED_PROXY_LINK_UNREVIEWED
33d0f0de37644dba994e,2019:Azerbaijan Grand Prix:Race,train,development_train,RUS,RAI,5,6,2480.491,2588.228,107.737,2019-04-28T12:21:20.738000000,2019-04-28T12:23:08.475000000,,2019:Azerbaijan Grand Prix:Race|RUS|RAI|5|6,BOUNDARY_PROXY_KEY,OUTSIDE_INHERITED_CANDIDATE_UNIVERSE,OUTSIDE_CANDIDATE_UNIVERSE,AUTOMATED_PROXY_LINK_UNREVIEWED,RUS:18;RAI:17,RUS:17;RAI:19,NOT_AVAILABLE_FROM_BOUNDARY_LAPTIMES,2019-04-28T12:21:20.738000000,2019-04-28T12:23:08.475000000,BOUNDARY_INTERVAL_ONLY_NOT_EXACT_PASS_TIME,NOT_IN_INHERITED_CANDIDATE_REVIEW,NOT_IN_INHERITED_CANDIDATE_REVIEW,BOUNDARY_TELEMETRY_DOES_NOT_ESTABLISH_PASS,prediction_windows_37.csv.gz + laptime_source_inventory_37.csv,,,FIXED_PAIR_CLASSIFIED_ORDER_REVERSED_AT_NEXT_LAP_BOUNDARY,FALSE,AUTOMATED_PROXY_LINK_UNREVIEWED
d7929d780b30864fc932,2019:Azerbaijan Grand Prix:Race,train,development_train,SAI,KVY,2,3,2134.663,2245.468,110.805,2019-04-28T12:15:34.910000000,2019-04-28T12:17:25.715000000,,2019:Azerbaijan Grand Prix:Race|SAI|KVY|2|3,BOUNDARY_PROXY_KEY,OUTSIDE_INHERITED_CANDIDATE_UNIVERSE,OUTSIDE_CANDIDATE_UNIVERSE,AUTOMATED_PROXY_LINK_UNREVIEWED,SAI:8;KVY:7,SAI:7;KVY:8,NOT_AVAILABLE_FROM_BOUNDARY_LAPTIMES,2019-04-28T12:15:34.910000000,2019-04-28T12:17:25.715000000,BOUNDARY_INTERVAL_ONLY_NOT_EXACT_PASS_TIME,NOT_IN_INHERITED_CANDIDATE_REVIEW,NOT_IN_INHERITED_CANDIDATE_REVIEW,BOUNDARY_TELEMETRY_DOES_NOT_ESTABLISH_PASS,prediction_windows_37.csv.gz + laptime_source_inventory_37.csv,,,FIXED_PAIR_CLASSIFIED_ORDER_REVERSED_AT_NEXT_LAP_BOUNDARY,FALSE,AUTOMATED_PROXY_LINK_UNREVIEWED
5b8adf478508ba5a5480,2019:Azerbaijan Grand Prix:Race,train,development_train,SAI,NOR,7,8,2686.094,2796.068,109.974,2019-04-28T12:24:46.341000000,2019-04-28T12:26:36.315000000,,2019:Azerbaijan Grand Prix:Race|SAI|NOR|7|8,BOUNDARY_PROXY_KEY,OUTSIDE_INHERITED_CANDIDATE_UNIVERSE,OUTSIDE_CANDIDATE_UNIVERSE,AUTOMATED_PROXY_LINK_UNREVIEWED,SAI:8;NOR:7,SAI:7;NOR:8,NOT_AVAILABLE_FROM_BOUNDARY_LAPTIMES,2019-04-28T12:24:46.341000000,2019-04-28T12:26:36.315000000,BOUNDARY_INTERVAL_ONLY_NOT_EXACT_PASS_TIME,NOT_IN_INHERITED_CANDIDATE_REVIEW,NOT_IN_INHERITED_CANDIDATE_REVIEW,BOUNDARY_TELEMETRY_DOES_NOT_ESTABLISH_PASS,prediction_windows_37.csv.gz + laptime_source_inventory_37.csv,,,FIXED_PAIR_CLASSIFIED_ORDER_REVERSED_AT_NEXT_LAP_BOUNDARY,FALSE,AUTOMATED_PROXY_LINK_UNREVIEWED
756048c4cb79be2abe9b,2019:Azerbaijan Grand Prix:Race,train,development_train,SAI,PER,9,10,2908.174,3018.086,109.912,2019-04-28T12:28:28.421000000,2019-04-28T12:30:18.333000000,,2019:Azerbaijan Grand Prix:Race|SAI|PER|9|10,BOUNDARY_PROXY_KEY,OUTSIDE_INHERITED_CANDIDATE_UNIVERSE,OUTSIDE_CANDIDATE_UNIVERSE,AUTOMATED_PROXY_LINK_UNREVIEWED,SAI:7;PER:6,SAI:6;PER:7,NOT_AVAILABLE_FROM_BOUNDARY_LAPTIMES,2019-04-28T12:28:28.421000000,2019-04-28T12:30:18.333000000,BOUNDARY_INTERVAL_ONLY_NOT_EXACT_PASS_TIME,NOT_IN_INHERITED_CANDIDATE_REVIEW,NOT_IN_INHERITED_CANDIDATE_REVIEW,BOUNDARY_TELEMETRY_DOES_NOT_ESTABLISH_PASS,prediction_windows_37.csv.gz + laptime_source_inventory_37.csv,,,FIXED_PAIR_CLASSIFIED_ORDER_REVERSED_AT_NEXT_LAP_BOUNDARY,FALSE,AUTOMATED_PROXY_LINK_UNREVIEWED
cb340aab4c6e3c5afa97,2019:Azerbaijan Grand Prix:Race,train,development_train,SAI,GRO,15,16,3591.677,3698.561,106.884,2019-04-28T12:39:51.924000000,2019-04-28T12:41:38.808000000,,2019:Azerbaijan Grand Prix:Race|SAI|GRO|15|16,BOUNDARY_PROXY_KEY,OUTSIDE_INHERITED_CANDIDATE_UNIVERSE,OUTSIDE_CANDIDATE_UNIVERSE,AUTOMATED_PROXY_LINK_UNREVIEWED,SAI:10;GRO:9,SAI:9;GRO:10,NOT_AVAILABLE_FROM_BOUNDARY_LAPTIMES,2019-04-28T12:39:51.924000000,2019-04-28T12:41:38.808000000,BOUNDARY_INTERVAL_ONLY_NOT_EXACT_PASS_TIME,NOT_IN_INHERITED_CANDIDATE_REVIEW,NOT_IN_INHERITED_CANDIDATE_REVIEW,BOUNDARY_TELEMETRY_DOES_NOT_ESTABLISH_PASS,prediction_windows_37.csv.gz + laptime_source_inventory_37.csv,,,FIXED_PAIR_CLASSIFIED_ORDER_REVERSED_AT_NEXT_LAP_BOUNDARY,FALSE,AUTOMATED_PROXY_LINK_UNREVIEWED
d72a530e96c813c56aa3,2019:Azerbaijan Grand Prix:Race,train,development_train,STR,RUS,15,16,3605.542,3712.843,107.301,2019-04-28T12:40:05.789000000,2019-04-28T12:41:53.090000000,,2019:Azerbaijan Grand Prix:Race|STR|RUS|15|16,BOUNDARY_PROXY_KEY,OUTSIDE_INHERITED_CANDIDATE_UNIVERSE,OUTSIDE_CANDIDATE_UNIVERSE,AUTOMATED_PROXY_LINK_UNREVIEWED,STR:16;RUS:15,STR:15;RUS:17,NOT_AVAILABLE_FROM_BOUNDARY_LAPTIMES,2019-04-28T12:40:05.789000000,2019-04-28T12:41:53.090000000,BOUNDARY_INTERVAL_ONLY_NOT_EXACT_PASS_TIME,NOT_IN_INHERITED_CANDIDATE_REVIEW,NOT_IN_INHERITED_CANDIDATE_REVIEW,BOUNDARY_TELEMETRY_DOES_NOT_ESTABLISH_PASS,prediction_windows_37.csv.gz + laptime_source_inventory_37.csv,,,FIXED_PAIR_CLASSIFIED_ORDER_REVERSED_AT_NEXT_LAP_BOUNDARY,FALSE,AUTOMATED_PROXY_LINK_UNREVIEWED
0041a9e8e5703bfe4bfc,2019:Azerbaijan Grand Prix:Race,train,development_train,STR,RAI,19,20,4038.111,4146.118,108.007,2019-04-28T12:47:18.358000000,2019-04-28T12:49:06.365000000,,2019:Azerbaijan Grand Prix:Race|STR|RAI|19|20,BOUNDARY_PROXY_KEY,OUTSIDE_INHERITED_CANDIDATE_UNIVERSE,OUTSIDE_CANDIDATE_UNIVERSE,AUTOMATED_PROXY_LINK_UNREVIEWED,STR:15;RAI:14,STR:14;RAI:15,NOT_AVAILABLE_FROM_BOUNDARY_LAPTIMES,2019-04-28T12:47:18.358000000,2019-04-28T12:49:06.365000000,BOUNDARY_INTERVAL_ONLY_NOT_EXACT_PASS_TIME,NOT_IN_INHERITED_CANDIDATE_REVIEW,NOT_IN_INHERITED_CANDIDATE_REVIEW,BOUNDARY_TELEMETRY_DOES_NOT_ESTABLISH_PASS,prediction_windows_37.csv.gz + laptime_source_inventory_37.csv,,,FIXED_PAIR_CLASSIFIED_ORDER_REVERSED_AT_NEXT_LAP_BOUNDARY,FALSE,AUTOMATED_PROXY_LINK_UNREVIEWED
6fa2ceb383821df7b7db,2019:Azerbaijan Grand Prix:Race,train,development_train,VER,PER,5,6,2461.63,2571.085,109.455,2019-04-28T12:21:01.877000000,2019-04-28T12:22:51.332000000,,2019:Azerbaijan Grand Prix:Race|VER|PER|5|6,BOUNDARY_PROXY_KEY,OUTSIDE_INHERITED_CANDIDATE_UNIVERSE,OUTSIDE_CANDIDATE_UNIVERSE,AUTOMATED_PROXY_LINK_UNREVIEWED,VER:5;PER:4,VER:4;PER:6,NOT_AVAILABLE_FROM_BOUNDARY_LAPTIMES,2019-04-28T12:21:01.877000000,2019-04-28T12:22:51.332000000,BOUNDARY_INTERVAL_ONLY_NOT_EXACT_PASS_TIME,NOT_IN_INHERITED_CANDIDATE_REVIEW,NOT_IN_INHERITED_CANDIDATE_REVIEW,BOUNDARY_TELEMETRY_DOES_NOT_ESTABLISH_PASS,prediction_windows_37.csv.gz + laptime_source_inventory_37.csv,,,FIXED_PAIR_CLASSIFIED_ORDER_REVERSED_AT_NEXT_LAP_BOUNDARY,FALSE,AUTOMATED_PROXY_LINK_UNREVIEWED
2d6c7fb0a2cba68b3675,2019:Azerbaijan Grand Prix:Race,train,development_train,VER,GAS,16,17,3682.294,3788.116,105.822,2019-04-28T12:41:22.541000000,2019-04-28T12:43:08.363000000,,2019:Azerbaijan Grand Prix:Race|VER|GAS|16|17,BOUNDARY_PROXY_KEY,OUTSIDE_INHERITED_CANDIDATE_UNIVERSE,OUTSIDE_CANDIDATE_UNIVERSE,AUTOMATED_PROXY_LINK_UNREVIEWED,VER:6;GAS:5,VER:5;GAS:6,NOT_AVAILABLE_FROM_BOUNDARY_LAPTIMES,2019-04-28T12:41:22.541000000,2019-04-28T12:43:08.363000000,BOUNDARY_INTERVAL_ONLY_NOT_EXACT_PASS_TIME,NOT_IN_INHERITED_CANDIDATE_REVIEW,NOT_IN_INHERITED_CANDIDATE_REVIEW,BOUNDARY_TELEMETRY_DOES_NOT_ESTABLISH_PASS,prediction_windows_37.csv.gz + laptime_source_inventory_37.csv,,,FIXED_PAIR_CLASSIFIED_ORDER_REVERSED_AT_NEXT_LAP_BOUNDARY,FALSE,AUTOMATED_PROXY_LINK_UNREVIEWED
981864919f60ecd8dbe5,2019:Bahrain Grand Prix:Race,train,development_train,ALB,MAG,17,18,3617.122,3715.339,98.217,2019-03-31T15:40:17.207000000,2019-03-31T15:41:55.424000000,f08b78b3c4584aca41b2dba7,2019:Bahrain Grand Prix:Race|ALB|MAG|17|18,INHERITED_CANDIDATE_ID,MATCHED_TO_INHERITED_CANDIDATE,UNRESOLVED,AUTOMATED_REVIEW_UNREVIEWED,ALB:13;MAG:12,ALB:12;MAG:13,NOT_AVAILABLE_FROM_FASTF1_POSITION_XYZ,2019-03-31T15:40:17.207000+00:00,2019-03-31T15:41:55.424000+00:00,1.823,NO_RELEVANT_PIT_ROW_FOUND_IN_CONTEXT,RC_RECORD_ON_DECISION_OR_ENDPOINT_LAP,"FastF1 car_data and pos_data present for selected race; pos_data contains XYZ/status, not classified running order or pass timestamp",event_review_37.csv + candidate source,https://raw.githubusercontent.com/TracingInsights/2019/38741496a2d3736954069c3301e33737ffb3d777/Bahrain%20Grand%20Prix/Race/ALB/laptimes.json|https://raw.githubusercontent.com/TracingInsights/2019/38741496a2d3736954069c3301e33737ffb3d777/Bahrain%20Grand%20Prix/Race/MAG/laptimes.json,18c9f907b7adc015221df3f422897c49c26b9b9c0a51e0e643a23a4052055647|2a9d85ad7fe3285ade2cacb03d14f49f15d24e4de591d85b18e028b68356dc28,FIXED_PAIR_CLASSIFIED_ORDER_REVERSED_AT_NEXT_LAP_BOUNDARY,FALSE,AUTOMATED_REVIEW_UNREVIEWED
c4dfe2d5f8ec3b8e0231,2019:Bahrain Grand Prix:Race,train,development_train,ALB,KVY,33,34,5210.676,5307.196,96.52,2019-03-31T16:06:50.761000000,2019-03-31T16:08:27.281000000,278b1a4b7718151e1c912f20,2019:Bahrain Grand Prix:Race|ALB|KVY|33|34,INHERITED_CANDIDATE_ID,MATCHED_TO_INHERITED_CANDIDATE,UNRESOLVED,AUTOMATED_REVIEW_UNREVIEWED,ALB:15;KVY:14,ALB:13;KVY:14,NOT_AVAILABLE_FROM_FASTF1_POSITION_XYZ,2019-03-31T16:06:50.761000+00:00,2019-03-31T16:08:27.281000+00:00,2.878,NO_RELEVANT_PIT_ROW_FOUND_IN_CONTEXT,NO_RC_RECORD_ON_DECISION_OR_ENDPOINT_LAP,"FastF1 car_data and pos_data present for selected race; pos_data contains XYZ/status, not classified running order or pass timestamp",event_review_37.csv + candidate source,https://raw.githubusercontent.com/TracingInsights/2019/38741496a2d3736954069c3301e33737ffb3d777/Bahrain%20Grand%20Prix/Race/ALB/laptimes.json|https://raw.githubusercontent.com/TracingInsights/2019/38741496a2d3736954069c3301e33737ffb3d777/Bahrain%20Grand%20Prix/Race/KVY/laptimes.json,2a9d85ad7fe3285ade2cacb03d14f49f15d24e4de591d85b18e028b68356dc28|2c7a7b8c55046c27bc727bd701f699dc9bc5b883c362021b6e35e2e78c1f7160,FIXED_PAIR_CLASSIFIED_ORDER_REVERSED_AT_NEXT_LAP_BOUNDARY,FALSE,AUTOMATED_REVIEW_UNREVIEWED
4c4207962e18fa3f2ab5,2019:Bahrain Grand Prix:Race,train,development_train,BOT,RIC,17,18,3595.332,3691.452,96.12,2019-03-31T15:39:55.417000000,2019-03-31T15:41:31.537000000,0e3fca15264969afa31f0d0a,2019:Bahrain Grand Prix:Race|BOT|RIC|17|18,INHERITED_CANDIDATE_ID,MATCHED_TO_INHERITED_CANDIDATE,UNRESOLVED,AUTOMATED_REVIEW_UNREVIEWED,BOT:5;RIC:4,BOT:4;RIC:6,NOT_AVAILABLE_FROM_FASTF1_POSITION_XYZ,2019-03-31T15:39:55.417000+00:00,2019-03-31T15:41:31.537000+00:00,3.136,NO_RELEVANT_PIT_ROW_FOUND_IN_CONTEXT,RC_RECORD_ON_DECISION_OR_ENDPOINT_LAP,"FastF1 car_data and pos_data present for selected race; pos_data contains XYZ/status, not classified running order or pass timestamp",event_review_37.csv + candidate source,https://raw.githubusercontent.com/TracingInsights/2019/38741496a2d3736954069c3301e33737ffb3d777/Bahrain%20Grand%20Prix/Race/BOT/laptimes.json|https://raw.githubusercontent.com/TracingInsights/2019/38741496a2d3736954069c3301e33737ffb3d777/Bahrain%20Grand%20Prix/Race/RIC/laptimes.json,4a8e132a097baf02822e4eb9503dc4159b330fd57a28b9b7cd3fd2067acb5acb|6bda6b2be7134e1e18146ab65bb99ad190bbf02d71c3b6666cc49fe78439f274,FIXED_PAIR_CLASSIFIED_ORDER_REVERSED_AT_NEXT_LAP_BOUNDARY,FALSE,AUTOMATED_REVIEW_UNREVIEWED
19bf7b72ce863e1b973d,2019:Bahrain Grand Prix:Race,train,development_train,GAS,MAG,16,17,3518.601,3615.715,97.114,2019-03-31T15:38:38.686000000,2019-03-31T15:40:15.800000000,cc819e07860fe6f33e29e63d,2019:Bahrain Grand Prix:Race|GAS|MAG|16|17,INHERITED_CANDIDATE_ID,MATCHED_TO_INHERITED_CANDIDATE,UNRESOLVED,AUTOMATED_REVIEW_UNREVIEWED,GAS:13;MAG:12,GAS:11;MAG:12,NOT_AVAILABLE_FROM_FASTF1_POSITION_XYZ,2019-03-31T15:38:38.686000+00:00,2019-03-31T15:40:15.800000+00:00,1.175,NO_RELEVANT_PIT_ROW_FOUND_IN_CONTEXT,NO_RC_RECORD_ON_DECISION_OR_ENDPOINT_LAP,"FastF1 car_data and pos_data present for selected race; pos_data contains XYZ/status, not classified running order or pass timestamp",event_review_37.csv + candidate source,https://raw.githubusercontent.com/TracingInsights/2019/38741496a2d3736954069c3301e33737ffb3d777/Bahrain%20Grand%20Prix/Race/GAS/laptimes.json|https://raw.githubusercontent.com/TracingInsights/2019/38741496a2d3736954069c3301e33737ffb3d777/Bahrain%20Grand%20Prix/Race/MAG/laptimes.json,10d272363872a07ca529d6554f669f3c5b57d68e582eaa3aa8571d2e6938ddb6|18c9f907b7adc015221df3f422897c49c26b9b9c0a51e0e643a23a4052055647,FIXED_PAIR_CLASSIFIED_ORDER_REVERSED_AT_NEXT_LAP_BOUNDARY,FALSE,AUTOMATED_REVIEW_UNREVIEWED
0f27f2579269418090eb,2019:Bahrain Grand Prix:Race,train,development_train,GAS,PER,21,22,4007.442,4104.433,96.991,2019-03-31T15:46:47.527000000,2019-03-31T15:48:24.518000000,48f3998eb459fe884ab99586,2019:Bahrain Grand Prix:Race|GAS|PER|21|22,INHERITED_CANDIDATE_ID,MATCHED_TO_INHERITED_CANDIDATE,UNRESOLVED,AUTOMATED_REVIEW_UNREVIEWED,GAS:11;PER:10,GAS:10;PER:11,NOT_AVAILABLE_FROM_FASTF1_POSITION_XYZ,2019-03-31T15:46:47.527000+00:00,2019-03-31T15:48:24.518000+00:00,1.888,NO_RELEVANT_PIT_ROW_FOUND_IN_CONTEXT,NO_RC_RECORD_ON_DECISION_OR_ENDPOINT_LAP,"FastF1 car_data and pos_data present for selected race; pos_data contains XYZ/status, not classified running order or pass timestamp",event_review_37.csv + candidate source,https://raw.githubusercontent.com/TracingInsights/2019/38741496a2d3736954069c3301e33737ffb3d777/Bahrain%20Grand%20Prix/Race/GAS/laptimes.json|https://raw.githubusercontent.com/TracingInsights/2019/38741496a2d3736954069c3301e33737ffb3d777/Bahrain%20Grand%20Prix/Race/PER/laptimes.json,10d272363872a07ca529d6554f669f3c5b57d68e582eaa3aa8571d2e6938ddb6|353192b6396bf897c7e0a6ac792661fe4cbe6132acc4c5d0753b84df206647ff,FIXED_PAIR_CLASSIFIED_ORDER_REVERSED_AT_NEXT_LAP_BOUNDARY,FALSE,AUTOMATED_REVIEW_UNREVIEWED
f6d74a246242178f4da3,2019:Bahrain Grand Prix:Race,train,development_train,HAM,VET,37,38,5542.821,5636.971,94.15,2019-03-31T16:12:22.906000000,2019-03-31T16:13:57.056000000,09d48cd9ac4ee78409986056,2019:Bahrain Grand Prix:Race|HAM|VET|37|38,INHERITED_CANDIDATE_ID,MATCHED_TO_INHERITED_CANDIDATE,OTHER_POSITION_CHANGE,AUTOMATED_REVIEW_UNREVIEWED,HAM:3;VET:2,HAM:2;VET:4,NOT_AVAILABLE_FROM_FASTF1_POSITION_XYZ,2019-03-31T16:12:22.906000+00:00,2019-03-31T16:13:57.056000+00:00,1.34,PIT_LAP_OVERLAP_RECORDED_BUT_TIME_OF_DAY_ONLY,RC_RECORD_ON_DECISION_OR_ENDPOINT_LAP,"FastF1 car_data and pos_data present for selected race; pos_data contains XYZ/status, not classified running order or pass timestamp",event_review_37.csv + candidate source,https://raw.githubusercontent.com/TracingInsights/2019/38741496a2d3736954069c3301e33737ffb3d777/Bahrain%20Grand%20Prix/Race/HAM/laptimes.json|https://raw.githubusercontent.com/TracingInsights/2019/38741496a2d3736954069c3301e33737ffb3d777/Bahrain%20Grand%20Prix/Race/VET/laptimes.json,361d152a709d145631b0d71ee6ca1817a30da5efc3ac2245abfd988bd314b93d|506e2cd554f28f58e5dddc77830040761e2e7671567298b96764139233824f01,FIXED_PAIR_CLASSIFIED_ORDER_REVERSED_AT_NEXT_LAP_BOUNDARY,FALSE,AUTOMATED_REVIEW_UNREVIEWED
7cd9a4d96f2641ee097d,2019:Bahrain Grand Prix:Race,train,development_train,HUL,PER,3,4,2214.979,2313.543,98.564,2019-03-31T15:16:55.064000000,2019-03-31T15:18:33.628000000,ad6c4311a1ba511033d30e25,2019:Bahrain Grand Prix:Race|HUL|PER|3|4,INHERITED_CANDIDATE_ID,MATCHED_TO_INHERITED_CANDIDATE,UNRESOLVED,AUTOMATED_REVIEW_UNREVIEWED,HUL:11;PER:10,HUL:9;PER:10,NOT_AVAILABLE_FROM_FASTF1_POSITION_XYZ,2019-03-31T15:16:55.064000+00:00,2019-03-31T15:18:33.628000+00:00,0.888,NO_RELEVANT_PIT_ROW_FOUND_IN_CONTEXT,RC_RECORD_ON_DECISION_OR_ENDPOINT_LAP,"FastF1 car_data and pos_data present for selected race; pos_data contains XYZ/status, not classified running order or pass timestamp",event_review_37.csv + candidate source,https://raw.githubusercontent.com/TracingInsights/2019/38741496a2d3736954069c3301e33737ffb3d777/Bahrain%20Grand%20Prix/Race/HUL/laptimes.json|https://raw.githubusercontent.com/TracingInsights/2019/38741496a2d3736954069c3301e33737ffb3d777/Bahrain%20Grand%20Prix/Race/PER/laptimes.json,353192b6396bf897c7e0a6ac792661fe4cbe6132acc4c5d0753b84df206647ff|ed2970eda8ada43deed1ea73acbe954b6f7f77cb610af8d529ad10452e1f6354,FIXED_PAIR_CLASSIFIED_ORDER_REVERSED_AT_NEXT_LAP_BOUNDARY,FALSE,AUTOMATED_REVIEW_UNREVIEWED
624e9637a2f27fd540dd,2019:Bahrain Grand Prix:Race,train,development_train,HUL,RAI,8,9,2709.367,2806.987,97.62,2019-03-31T15:25:09.452000000,2019-03-31T15:26:47.072000000,fb9bee57b178f877ce5a8bfc,2019:Bahrain Grand Prix:Race|HUL|RAI|8|9,INHERITED_CANDIDATE_ID,MATCHED_TO_INHERITED_CANDIDATE,OTHER_POSITION_CHANGE,AUTOMATED_REVIEW_UNREVIEWED,HUL:8;RAI:7,HUL:7;RAI:8,NOT_AVAILABLE_FROM_FASTF1_POSITION_XYZ,2019-03-31T15:25:09.452000+00:00,2019-03-31T15:26:47.072000+00:00,1.596,PIT_LAP_OVERLAP_RECORDED_BUT_TIME_OF_DAY_ONLY,RC_RECORD_ON_DECISION_OR_ENDPOINT_LAP,"FastF1 car_data and pos_data present for selected race; pos_data contains XYZ/status, not classified running order or pass timestamp",event_review_37.csv + candidate source,https://raw.githubusercontent.com/TracingInsights/2019/38741496a2d3736954069c3301e33737ffb3d777/Bahrain%20Grand%20Prix/Race/HUL/laptimes.json|https://raw.githubusercontent.com/TracingInsights/2019/38741496a2d3736954069c3301e33737ffb3d777/Bahrain%20Grand%20Prix/Race/RAI/laptimes.json,d2593438637c04846b40508d82b2ac924dc1ebb30a925eb28059c2f0b47ae2fe|ed2970eda8ada43deed1ea73acbe954b6f7f77cb610af8d529ad10452e1f6354,FIXED_PAIR_CLASSIFIED_ORDER_REVERSED_AT_NEXT_LAP_BOUNDARY,FALSE,AUTOMATED_REVIEW_UNREVIEWED
8ad83109e7cff460ffb0,2019:Bahrain Grand Prix:Race,train,development_train,HUL,RIC,23,24,4192.444,4289.28,96.836,2019-03-31T15:49:52.529000000,2019-03-31T15:51:29.365000000,4336ea9ff068c486a5dcb682,2019:Bahrain Grand Prix:Race|HUL|RIC|23|24,INHERITED_CANDIDATE_ID,MATCHED_TO_INHERITED_CANDIDATE,OTHER_POSITION_CHANGE,AUTOMATED_REVIEW_UNREVIEWED,HUL:7;RIC:6,HUL:6;RIC:9,NOT_AVAILABLE_FROM_FASTF1_POSITION_XYZ,2019-03-31T15:49:52.529000+00:00,2019-03-31T15:51:29.365000+00:00,4.243,PIT_LAP_OVERLAP_RECORDED_BUT_TIME_OF_DAY_ONLY,RC_RECORD_ON_DECISION_OR_ENDPOINT_LAP,"FastF1 car_data and pos_data present for selected race; pos_data contains XYZ/status, not classified running order or pass timestamp",event_review_37.csv + candidate source,https://raw.githubusercontent.com/TracingInsights/2019/38741496a2d3736954069c3301e33737ffb3d777/Bahrain%20Grand%20Prix/Race/HUL/laptimes.json|https://raw.githubusercontent.com/TracingInsights/2019/38741496a2d3736954069c3301e33737ffb3d777/Bahrain%20Grand%20Prix/Race/RIC/laptimes.json,6bda6b2be7134e1e18146ab65bb99ad190bbf02d71c3b6666cc49fe78439f274|ed2970eda8ada43deed1ea73acbe954b6f7f77cb610af8d529ad10452e1f6354,FIXED_PAIR_CLASSIFIED_ORDER_REVERSED_AT_NEXT_LAP_BOUNDARY,FALSE,AUTOMATED_REVIEW_UNREVIEWED
3ff741d61eacffdd32d7,2019:Bahrain Grand Prix:Race,train,development_train,KVY,ALB,8,9,2714.438,2812.693,98.255,2019-03-31T15:25:14.523000000,2019-03-31T15:26:52.778000000,,2019:Bahrain Grand Prix:Race|KVY|ALB|8|9,BOUNDARY_PROXY_KEY,OUTSIDE_INHERITED_CANDIDATE_UNIVERSE,OUTSIDE_CANDIDATE_UNIVERSE,AUTOMATED_PROXY_LINK_UNREVIEWED,KVY:14;ALB:13,KVY:11;ALB:14,NOT_AVAILABLE_FROM_BOUNDARY_LAPTIMES,2019-03-31T15:25:14.523000000,2019-03-31T15:26:52.778000000,BOUNDARY_INTERVAL_ONLY_NOT_EXACT_PASS_TIME,NOT_IN_INHERITED_CANDIDATE_REVIEW,NOT_IN_INHERITED_CANDIDATE_REVIEW,BOUNDARY_TELEMETRY_DOES_NOT_ESTABLISH_PASS,prediction_windows_37.csv.gz + laptime_source_inventory_37.csv,,,FIXED_PAIR_CLASSIFIED_ORDER_REVERSED_AT_NEXT_LAP_BOUNDARY,FALSE,AUTOMATED_PROXY_LINK_UNREVIEWED
97014ccbe0bb1b90a9c2,2019:Bahrain Grand Prix:Race,train,development_train,KVY,KUB,14,15,3346.554,3441.088,94.534,2019-03-31T15:35:46.639000000,2019-03-31T15:37:21.173000000,,2019:Bahrain Grand Prix:Race|KVY|KUB|14|15,BOUNDARY_PROXY_KEY,OUTSIDE_INHERITED_CANDIDATE_UNIVERSE,OUTSIDE_CANDIDATE_UNIVERSE,AUTOMATED_PROXY_LINK_UNREVIEWED,KVY:16;KUB:15,KVY:15;KUB:16,NOT_AVAILABLE_FROM_BOUNDARY_LAPTIMES,2019-03-31T15:35:46.639000000,2019-03-31T15:37:21.173000000,BOUNDARY_INTERVAL_ONLY_NOT_EXACT_PASS_TIME,NOT_IN_INHERITED_CANDIDATE_REVIEW,NOT_IN_INHERITED_CANDIDATE_REVIEW,BOUNDARY_TELEMETRY_DOES_NOT_ESTABLISH_PASS,prediction_windows_37.csv.gz + laptime_source_inventory_37.csv,,,FIXED_PAIR_CLASSIFIED_ORDER_REVERSED_AT_NEXT_LAP_BOUNDARY,FALSE,AUTOMATED_PROXY_LINK_UNREVIEWED
ff8bd272d154140824e2,2019:Bahrain Grand Prix:Race,train,development_train,KVY,MAG,37,38,5606.206,5704.878,98.672,2019-03-31T16:13:26.291000000,2019-03-31T16:15:04.963000000,033439a86dd06f44b53b8e31,2019:Bahrain Grand Prix:Race|KVY|MAG|37|38,INHERITED_CANDIDATE_ID,MATCHED_TO_INHERITED_CANDIDATE,OTHER_POSITION_CHANGE,AUTOMATED_REVIEW_UNREVIEWED,KVY:14;MAG:13,KVY:13;MAG:15,NOT_AVAILABLE_FROM_FASTF1_POSITION_XYZ,2019-03-31T16:13:26.291000+00:00,2019-03-31T16:15:04.963000+00:00,1.937,PIT_LAP_OVERLAP_RECORDED_BUT_TIME_OF_DAY_ONLY,RC_RECORD_ON_DECISION_OR_ENDPOINT_LAP,"FastF1 car_data and pos_data present for selected race; pos_data contains XYZ/status, not classified running order or pass timestamp",event_review_37.csv + candidate source,https://raw.githubusercontent.com/TracingInsights/2019/38741496a2d3736954069c3301e33737ffb3d777/Bahrain%20Grand%20Prix/Race/KVY/laptimes.json|https://raw.githubusercontent.com/TracingInsights/2019/38741496a2d3736954069c3301e33737ffb3d777/Bahrain%20Grand%20Prix/Race/MAG/laptimes.json,18c9f907b7adc015221df3f422897c49c26b9b9c0a51e0e643a23a4052055647|2c7a7b8c55046c27bc727bd701f699dc9bc5b883c362021b6e35e2e78c1f7160,FIXED_PAIR_CLASSIFIED_ORDER_REVERSED_AT_NEXT_LAP_BOUNDARY,FALSE,AUTOMATED_REVIEW_UNREVIEWED
b893c2fd6b72d1c8b426,2019:Bahrain Grand Prix:Race,train,development_train,LEC,RIC,14,15,3295.727,3394.01,98.283,2019-03-31T15:34:39.089000000,2019-03-31T15:36:34.095000000,0a00818ce30439f96e41430a,2019:Bahrain Grand Prix:Race|LEC|RIC|14|15,INHERITED_CANDIDATE_ID,MATCHED_TO_INHERITED_CANDIDATE,UNRESOLVED,AUTOMATED_REVIEW_UNREVIEWED,LEC:3;RIC:2,LEC:1;RIC:2,NOT_AVAILABLE_FROM_FASTF1_POSITION_XYZ,2019-03-31T15:34:55.812000+00:00,2019-03-31T15:36:34.095000+00:00,17.92,NO_RELEVANT_PIT_ROW_FOUND_IN_CONTEXT,RC_RECORD_ON_DECISION_OR_ENDPOINT_LAP,"FastF1 car_data and pos_data present for selected race; pos_data contains XYZ/status, not classified running order or pass timestamp",event_review_37.csv + candidate source,https://raw.githubusercontent.com/TracingInsights/2019/38741496a2d3736954069c3301e33737ffb3d777/Bahrain%20Grand%20Prix/Race/LEC/laptimes.json|https://raw.githubusercontent.com/TracingInsights/2019/38741496a2d3736954069c3301e33737ffb3d777/Bahrain%20Grand%20Prix/Race/RIC/laptimes.json,6bda6b2be7134e1e18146ab65bb99ad190bbf02d71c3b6666cc49fe78439f274|d9b53df54258e27f0ba809fd0c72e85df97955b203cbc2549af2e8b11a673583,FIXED_PAIR_CLASSIFIED_ORDER_REVERSED_AT_NEXT_LAP_BOUNDARY,FALSE,AUTOMATED_REVIEW_UNREVIEWED
7eb4d1ae6b1188b6afd1,2019:Bahrain Grand Prix:Race,train,development_train,MAG,SAI,3,4,2212.991,2310.805,97.814,2019-03-31T15:16:53.076000000,2019-03-31T15:18:30.890000000,20589be6ac696dc590d43aa7,2019:Bahrain Grand Prix:Race|MAG|SAI|3|4,INHERITED_CANDIDATE_ID,MATCHED_TO_INHERITED_CANDIDATE,OTHER_POSITION_CHANGE,AUTOMATED_REVIEW_UNREVIEWED,MAG:7;SAI:6,MAG:6;SAI:18,NOT_AVAILABLE_FROM_FASTF1_POSITION_XYZ,2019-03-31T15:16:53.076000+00:00,2019-03-31T15:18:30.890000+00:00,1.77,PIT_LAP_OVERLAP_RECORDED_BUT_TIME_OF_DAY_ONLY,RC_RECORD_ON_DECISION_OR_ENDPOINT_LAP,"FastF1 car_data and pos_data present for selected race; pos_data contains XYZ/status, not classified running order or pass timestamp",event_review_37.csv + candidate source,https://raw.githubusercontent.com/TracingInsights/2019/38741496a2d3736954069c3301e33737ffb3d777/Bahrain%20Grand%20Prix/Race/MAG/laptimes.json|https://raw.githubusercontent.com/TracingInsights/2019/38741496a2d3736954069c3301e33737ffb3d777/Bahrain%20Grand%20Prix/Race/SAI/laptimes.json,18c9f907b7adc015221df3f422897c49c26b9b9c0a51e0e643a23a4052055647|45f90b206eb1e9b0b80b602718c3e6db4107b4bc4cbea4b4f5bb44b39d607503,FIXED_PAIR_CLASSIFIED_ORDER_REVERSED_AT_NEXT_LAP_BOUNDARY,FALSE,AUTOMATED_REVIEW_UNREVIEWED
cc36aa6c80ff6adc3858,2019:Bahrain Grand Prix:Race,train,development_train,MAG,PER,7,8,2612.242,2710.553,98.311,2019-03-31T15:23:31.958000000,2019-03-31T15:25:10.638000000,0d5817eae25c405ad6dd2005,2019:Bahrain Grand Prix:Race|MAG|PER|7|8,INHERITED_CANDIDATE_ID,MATCHED_TO_INHERITED_CANDIDATE,OTHER_POSITION_CHANGE,AUTOMATED_REVIEW_UNREVIEWED,MAG:10;PER:9,MAG:9;PER:11,NOT_AVAILABLE_FROM_FASTF1_POSITION_XYZ,2019-03-31T15:23:32.327000+00:00,2019-03-31T15:25:10.638000+00:00,1.522,PIT_LAP_OVERLAP_RECORDED_BUT_TIME_OF_DAY_ONLY,NO_RC_RECORD_ON_DECISION_OR_ENDPOINT_LAP,"FastF1 car_data and pos_data present for selected race; pos_data contains XYZ/status, not classified running order or pass timestamp",event_review_37.csv + candidate source,https://raw.githubusercontent.com/TracingInsights/2019/38741496a2d3736954069c3301e33737ffb3d777/Bahrain%20Grand%20Prix/Race/MAG/laptimes.json|https://raw.githubusercontent.com/TracingInsights/2019/38741496a2d3736954069c3301e33737ffb3d777/Bahrain%20Grand%20Prix/Race/PER/laptimes.json,18c9f907b7adc015221df3f422897c49c26b9b9c0a51e0e643a23a4052055647|353192b6396bf897c7e0a6ac792661fe4cbe6132acc4c5d0753b84df206647ff,FIXED_PAIR_CLASSIFIED_ORDER_REVERSED_AT_NEXT_LAP_BOUNDARY,FALSE,AUTOMATED_REVIEW_UNREVIEWED
70c15524c7a3d4b514d4,2019:Bahrain Grand Prix:Race,train,development_train,NOR,MAG,8,9,2712.441,2810.981,98.54,2019-03-31T15:25:12.526000000,2019-03-31T15:26:51.066000000,,2019:Bahrain Grand Prix:Race|NOR|MAG|8|9,BOUNDARY_PROXY_KEY,OUTSIDE_INHERITED_CANDIDATE_UNIVERSE,OUTSIDE_CANDIDATE_UNIVERSE,AUTOMATED_PROXY_LINK_UNREVIEWED,NOR:10;MAG:9,NOR:9;MAG:10,NOT_AVAILABLE_FROM_BOUNDARY_LAPTIMES,2019-03-31T15:25:12.526000000,2019-03-31T15:26:51.066000000,BOUNDARY_INTERVAL_ONLY_NOT_EXACT_PASS_TIME,NOT_IN_INHERITED_CANDIDATE_REVIEW,NOT_IN_INHERITED_CANDIDATE_REVIEW,BOUNDARY_TELEMETRY_DOES_NOT_ESTABLISH_PASS,prediction_windows_37.csv.gz + laptime_source_inventory_37.csv,,,FIXED_PAIR_CLASSIFIED_ORDER_REVERSED_AT_NEXT_LAP_BOUNDARY,FALSE,AUTOMATED_PROXY_LINK_UNREVIEWED
6868ee1a1ad27821d60a,2019:Bahrain Grand Prix:Race,train,development_train,RAI,GIO,14,15,3314.38,3410.099,95.719,2019-03-31T15:35:14.465000000,2019-03-31T15:36:50.184000000,,2019:Bahrain Grand Prix:Race|RAI|GIO|14|15,BOUNDARY_PROXY_KEY,OUTSIDE_INHERITED_CANDIDATE_UNIVERSE,OUTSIDE_CANDIDATE_UNIVERSE,AUTOMATED_PROXY_LINK_UNREVIEWED,RAI:8;GIO:7,RAI:7;GIO:8,NOT_AVAILABLE_FROM_BOUNDARY_LAPTIMES,2019-03-31T15:35:14.465000000,2019-03-31T15:36:50.184000000,BOUNDARY_INTERVAL_ONLY_NOT_EXACT_PASS_TIME,NOT_IN_INHERITED_CANDIDATE_REVIEW,NOT_IN_INHERITED_CANDIDATE_REVIEW,BOUNDARY_TELEMETRY_DOES_NOT_ESTABLISH_PASS,prediction_windows_37.csv.gz + laptime_source_inventory_37.csv,,,FIXED_PAIR_CLASSIFIED_ORDER_REVERSED_AT_NEXT_LAP_BOUNDARY,FALSE,AUTOMATED_PROXY_LINK_UNREVIEWED
6b395d207d81fba95863,2019:Bahrain Grand Prix:Race,train,development_train,RAI,MAG,34,35,5304.055,5403.352,99.297,2019-03-31T16:08:06.460000000,2019-03-31T16:10:03.437000000,,2019:Bahrain Grand Prix:Race|RAI|MAG|34|35,BOUNDARY_PROXY_KEY,OUTSIDE_INHERITED_CANDIDATE_UNIVERSE,OUTSIDE_CANDIDATE_UNIVERSE,AUTOMATED_PROXY_LINK_UNREVIEWED,RAI:12;MAG:11,RAI:11;MAG:12,NOT_AVAILABLE_FROM_BOUNDARY_LAPTIMES,2019-03-31T16:08:06.460000000,2019-03-31T16:10:03.437000000,BOUNDARY_INTERVAL_ONLY_NOT_EXACT_PASS_TIME,NOT_IN_INHERITED_CANDIDATE_REVIEW,NOT_IN_INHERITED_CANDIDATE_REVIEW,BOUNDARY_TELEMETRY_DOES_NOT_ESTABLISH_PASS,prediction_windows_37.csv.gz + laptime_source_inventory_37.csv,,,FIXED_PAIR_CLASSIFIED_ORDER_REVERSED_AT_NEXT_LAP_BOUNDARY,FALSE,AUTOMATED_PROXY_LINK_UNREVIEWED
7718dbfd9017bafb9c98,2019:Bahrain Grand Prix:Race,train,development_train,RAI,RIC,44,45,6273.182,6370.167,96.985,2019-03-31T16:24:33.267000000,2019-03-31T16:26:10.252000000,fcb4a9e298d2a1defc906cc7,2019:Bahrain Grand Prix:Race|RAI|RIC|44|45,INHERITED_CANDIDATE_ID,MATCHED_TO_INHERITED_CANDIDATE,UNRESOLVED,AUTOMATED_REVIEW_UNREVIEWED,RAI:9;RIC:8,RAI:8;RIC:9,NOT_AVAILABLE_FROM_FASTF1_POSITION_XYZ,2019-03-31T16:24:33.267000+00:00,2019-03-31T16:26:10.252000+00:00,1.593,NO_RELEVANT_PIT_ROW_FOUND_IN_CONTEXT,RC_RECORD_ON_DECISION_OR_ENDPOINT_LAP,"FastF1 car_data and pos_data present for selected race; pos_data contains XYZ/status, not classified running order or pass timestamp",event_review_37.csv + candidate source,https://raw.githubusercontent.com/TracingInsights/2019/38741496a2d3736954069c3301e33737ffb3d777/Bahrain%20Grand%20Prix/Race/RAI/laptimes.json|https://raw.githubusercontent.com/TracingInsights/2019/38741496a2d3736954069c3301e33737ffb3d777/Bahrain%20Grand%20Prix/Race/RIC/laptimes.json,6bda6b2be7134e1e18146ab65bb99ad190bbf02d71c3b6666cc49fe78439f274|d2593438637c04846b40508d82b2ac924dc1ebb30a925eb28059c2f0b47ae2fe,FIXED_PAIR_CLASSIFIED_ORDER_REVERSED_AT_NEXT_LAP_BOUNDARY,FALSE,AUTOMATED_REVIEW_UNREVIEWED
a86b7b097e6785d37787,2019:Bahrain Grand Prix:Race,train,development_train,RIC,RAI,3,4,2214.064,2312.351,98.287,2019-03-31T15:16:54.149000000,2019-03-31T15:18:32.436000000,,2019:Bahrain Grand Prix:Race|RIC|RAI|3|4,BOUNDARY_PROXY_KEY,OUTSIDE_INHERITED_CANDIDATE_UNIVERSE,OUTSIDE_CANDIDATE_UNIVERSE,AUTOMATED_PROXY_LINK_UNREVIEWED,RIC:9;RAI:8,RIC:7;RAI:8,NOT_AVAILABLE_FROM_BOUNDARY_LAPTIMES,2019-03-31T15:16:54.149000000,2019-03-31T15:18:32.436000000,BOUNDARY_INTERVAL_ONLY_NOT_EXACT_PASS_TIME,NOT_IN_INHERITED_CANDIDATE_REVIEW,NOT_IN_INHERITED_CANDIDATE_REVIEW,BOUNDARY_TELEMETRY_DOES_NOT_ESTABLISH_PASS,prediction_windows_37.csv.gz + laptime_source_inventory_37.csv,,,FIXED_PAIR_CLASSIFIED_ORDER_REVERSED_AT_NEXT_LAP_BOUNDARY,FALSE,AUTOMATED_PROXY_LINK_UNREVIEWED
41b11a5c814f501688e5,2019:Bahrain Grand Prix:Race,train,development_train,RIC,MAG,29,30,4805.918,4904.024,98.106,2019-03-31T16:00:06.003000000,2019-03-31T16:01:44.109000000,,2019:Bahrain Grand Prix:Race|RIC|MAG|29|30,BOUNDARY_PROXY_KEY,OUTSIDE_INHERITED_CANDIDATE_UNIVERSE,OUTSIDE_CANDIDATE_UNIVERSE,AUTOMATED_PROXY_LINK_UNREVIEWED,RIC:12;MAG:11,RIC:11;MAG:12,NOT_AVAILABLE_FROM_BOUNDARY_LAPTIMES,2019-03-31T16:00:06.003000000,2019-03-31T16:01:44.109000000,BOUNDARY_INTERVAL_ONLY_NOT_EXACT_PASS_TIME,NOT_IN_INHERITED_CANDIDATE_REVIEW,NOT_IN_INHERITED_CANDIDATE_REVIEW,BOUNDARY_TELEMETRY_DOES_NOT_ESTABLISH_PASS,prediction_windows_37.csv.gz + laptime_source_inventory_37.csv,,,FIXED_PAIR_CLASSIFIED_ORDER_REVERSED_AT_NEXT_LAP_BOUNDARY,FALSE,AUTOMATED_PROXY_LINK_UNREVIEWED
01096f431091672059fe,2019:Bahrain Grand Prix:Race,train,development_train,RUS,KUB,3,4,2220.058,2320.294,100.236,2019-03-31T15:17:00.143000000,2019-03-31T15:18:40.379000000,,2019:Bahrain Grand Prix:Race|RUS|KUB|3|4,BOUNDARY_PROXY_KEY,OUTSIDE_INHERITED_CANDIDATE_UNIVERSE,OUTSIDE_CANDIDATE_UNIVERSE,AUTOMATED_PROXY_LINK_UNREVIEWED,RUS:18;KUB:17,RUS:16;KUB:17,NOT_AVAILABLE_FROM_BOUNDARY_LAPTIMES,2019-03-31T15:17:00.143000000,2019-03-31T15:18:40.379000000,BOUNDARY_INTERVAL_ONLY_NOT_EXACT_PASS_TIME,NOT_IN_INHERITED_CANDIDATE_REVIEW,NOT_IN_INHERITED_CANDIDATE_REVIEW,BOUNDARY_TELEMETRY_DOES_NOT_ESTABLISH_PASS,prediction_windows_37.csv.gz + laptime_source_inventory_37.csv,,,FIXED_PAIR_CLASSIFIED_ORDER_REVERSED_AT_NEXT_LAP_BOUNDARY,FALSE,AUTOMATED_PROXY_LINK_UNREVIEWED
bb62e05ebcedc692a3a8,2019:Bahrain Grand Prix:Race,train,development_train,RUS,KUB,21,22,4038.42,4137.386,98.966,2019-03-31T15:47:18.505000000,2019-03-31T15:48:57.471000000,,2019:Bahrain Grand Prix:Race|RUS|KUB|21|22,BOUNDARY_PROXY_KEY,OUTSIDE_INHERITED_CANDIDATE_UNIVERSE,OUTSIDE_CANDIDATE_UNIVERSE,AUTOMATED_PROXY_LINK_UNREVIEWED,RUS:17;KUB:16,RUS:16;KUB:17,NOT_AVAILABLE_FROM_BOUNDARY_LAPTIMES,2019-03-31T15:47:18.505000000,2019-03-31T15:48:57.471000000,BOUNDARY_INTERVAL_ONLY_NOT_EXACT_PASS_TIME,NOT_IN_INHERITED_CANDIDATE_REVIEW,NOT_IN_INHERITED_CANDIDATE_REVIEW,BOUNDARY_TELEMETRY_DOES_NOT_ESTABLISH_PASS,prediction_windows_37.csv.gz + laptime_source_inventory_37.csv,,,FIXED_PAIR_CLASSIFIED_ORDER_REVERSED_AT_NEXT_LAP_BOUNDARY,FALSE,AUTOMATED_PROXY_LINK_UNREVIEWED
8632854e5dfb9a9caa31,2019:Bahrain Grand Prix:Race,train,development_train,SAI,STR,22,23,4151.523,4247.332,95.809,2019-03-31T15:49:11.608000000,2019-03-31T15:50:47.417000000,e77d5ec78759f3078d37b782,2019:Bahrain Grand Prix:Race|SAI|STR|22|23,INHERITED_CANDIDATE_ID,MATCHED_TO_INHERITED_CANDIDATE,OTHER_POSITION_CHANGE,AUTOMATED_REVIEW_UNREVIEWED,SAI:19;STR:18,SAI:18;STR:19,NOT_AVAILABLE_FROM_FASTF1_POSITION_XYZ,2019-03-31T15:49:11.608000+00:00,2019-03-31T15:50:47.417000+00:00,7.611,PIT_LAP_OVERLAP_RECORDED_BUT_TIME_OF_DAY_ONLY,NO_RC_RECORD_ON_DECISION_OR_ENDPOINT_LAP,"FastF1 car_data and pos_data present for selected race; pos_data contains XYZ/status, not classified running order or pass timestamp",event_review_37.csv + candidate source,https://raw.githubusercontent.com/TracingInsights/2019/38741496a2d3736954069c3301e33737ffb3d777/Bahrain%20Grand%20Prix/Race/SAI/laptimes.json|https://raw.githubusercontent.com/TracingInsights/2019/38741496a2d3736954069c3301e33737ffb3d777/Bahrain%20Grand%20Prix/Race/STR/laptimes.json,45f90b206eb1e9b0b80b602718c3e6db4107b4bc4cbea4b4f5bb44b39d607503|c33c28914af2f9c8897cf4c932c67f07de7e34881685f4324381d7a4925d12d0,FIXED_PAIR_CLASSIFIED_ORDER_REVERSED_AT_NEXT_LAP_BOUNDARY,FALSE,AUTOMATED_REVIEW_UNREVIEWED
351a2e644b12e25fe4f4,2019:Bahrain Grand Prix:Race,train,development_train,SAI,KUB,30,31,4963.339,5061.64,98.301,2019-03-31T16:02:43.424000000,2019-03-31T16:04:21.725000000,,2019:Bahrain Grand Prix:Race|SAI|KUB|30|31,BOUNDARY_PROXY_KEY,OUTSIDE_INHERITED_CANDIDATE_UNIVERSE,OUTSIDE_CANDIDATE_UNIVERSE,AUTOMATED_PROXY_LINK_UNREVIEWED,SAI:19;KUB:18,SAI:18;KUB:19,NOT_AVAILABLE_FROM_BOUNDARY_LAPTIMES,2019-03-31T16:02:43.424000000,2019-03-31T16:04:21.725000000,BOUNDARY_INTERVAL_ONLY_NOT_EXACT_PASS_TIME,NOT_IN_INHERITED_CANDIDATE_REVIEW,NOT_IN_INHERITED_CANDIDATE_REVIEW,BOUNDARY_TELEMETRY_DOES_NOT_ESTABLISH_PASS,prediction_windows_37.csv.gz + laptime_source_inventory_37.csv,,,FIXED_PAIR_CLASSIFIED_ORDER_REVERSED_AT_NEXT_LAP_BOUNDARY,FALSE,AUTOMATED_PROXY_LINK_UNREVIEWED
3a56f21c656251a34d10,2019:Bahrain Grand Prix:Race,train,development_train,VER,GIO,12,13,3110.726,3211.213,100.487,2019-03-31T15:31:34.962000000,2019-03-31T15:33:31.298000000,,2019:Bahrain Grand Prix:Race|VER|GIO|12|13,BOUNDARY_PROXY_KEY,OUTSIDE_INHERITED_CANDIDATE_UNIVERSE,OUTSIDE_CANDIDATE_UNIVERSE,AUTOMATED_PROXY_LINK_UNREVIEWED,VER:8;GIO:7,VER:5;GIO:7,NOT_AVAILABLE_FROM_BOUNDARY_LAPTIMES,2019-03-31T15:31:34.962000000,2019-03-31T15:33:31.298000000,BOUNDARY_INTERVAL_ONLY_NOT_EXACT_PASS_TIME,NOT_IN_INHERITED_CANDIDATE_REVIEW,NOT_IN_INHERITED_CANDIDATE_REVIEW,BOUNDARY_TELEMETRY_DOES_NOT_ESTABLISH_PASS,prediction_windows_37.csv.gz + laptime_source_inventory_37.csv,,,FIXED_PAIR_CLASSIFIED_ORDER_REVERSED_AT_NEXT_LAP_BOUNDARY,FALSE,AUTOMATED_PROXY_LINK_UNREVIEWED
77bbb6cba470e535e142,2019:Bahrain Grand Prix:Race,train,development_train,VER,NOR,33,34,5179.26,5277.986,98.726,2019-03-31T16:06:01.312000000,2019-03-31T16:07:58.071000000,,2019:Bahrain Grand Prix:Race|VER|NOR|33|34,BOUNDARY_PROXY_KEY,OUTSIDE_INHERITED_CANDIDATE_UNIVERSE,OUTSIDE_CANDIDATE_UNIVERSE,AUTOMATED_PROXY_LINK_UNREVIEWED,VER:6;NOR:5,VER:5;NOR:6,NOT_AVAILABLE_FROM_BOUNDARY_LAPTIMES,2019-03-31T16:06:01.312000000,2019-03-31T16:07:58.071000000,BOUNDARY_INTERVAL_ONLY_NOT_EXACT_PASS_TIME,NOT_IN_INHERITED_CANDIDATE_REVIEW,NOT_IN_INHERITED_CANDIDATE_REVIEW,BOUNDARY_TELEMETRY_DOES_NOT_ESTABLISH_PASS,prediction_windows_37.csv.gz + laptime_source_inventory_37.csv,,,FIXED_PAIR_CLASSIFIED_ORDER_REVERSED_AT_NEXT_LAP_BOUNDARY,FALSE,AUTOMATED_PROXY_LINK_UNREVIEWED
77648ed96d878fb9d1a8,2019:Bahrain Grand Prix:Race,train,development_train,VET,HAM,22,23,4069.682,4165.27,95.588,2019-03-31T15:47:49.767000000,2019-03-31T15:49:25.355000000,,2019:Bahrain Grand Prix:Race|VET|HAM|22|23,BOUNDARY_PROXY_KEY,OUTSIDE_INHERITED_CANDIDATE_UNIVERSE,OUTSIDE_CANDIDATE_UNIVERSE,AUTOMATED_PROXY_LINK_UNREVIEWED,VET:3;HAM:2,VET:2;HAM:3,NOT_AVAILABLE_FROM_BOUNDARY_LAPTIMES,2019-03-31T15:47:49.767000000,2019-03-31T15:49:25.355000000,BOUNDARY_INTERVAL_ONLY_NOT_EXACT_PASS_TIME,NOT_IN_INHERITED_CANDIDATE_REVIEW,NOT_IN_INHERITED_CANDIDATE_REVIEW,BOUNDARY_TELEMETRY_DOES_NOT_ESTABLISH_PASS,prediction_windows_37.csv.gz + laptime_source_inventory_37.csv,,,FIXED_PAIR_CLASSIFIED_ORDER_REVERSED_AT_NEXT_LAP_BOUNDARY,FALSE,AUTOMATED_PROXY_LINK_UNREVIEWED
ad1078f1fa4bf9b9b847,2019:Bahrain Grand Prix:Race,train,development_train,VET,NOR,40,41,5886.476,5981.906,95.43,2019-03-31T16:18:06.561000000,2019-03-31T16:19:41.991000000,,2019:Bahrain Grand Prix:Race|VET|NOR|40|41,BOUNDARY_PROXY_KEY,OUTSIDE_INHERITED_CANDIDATE_UNIVERSE,OUTSIDE_CANDIDATE_UNIVERSE,AUTOMATED_PROXY_LINK_UNREVIEWED,VET:8;NOR:7,VET:6;NOR:8,NOT_AVAILABLE_FROM_BOUNDARY_LAPTIMES,2019-03-31T16:18:06.561000000,2019-03-31T16:19:41.991000000,BOUNDARY_INTERVAL_ONLY_NOT_EXACT_PASS_TIME,NOT_IN_INHERITED_CANDIDATE_REVIEW,NOT_IN_INHERITED_CANDIDATE_REVIEW,BOUNDARY_TELEMETRY_DOES_NOT_ESTABLISH_PASS,prediction_windows_37.csv.gz + laptime_source_inventory_37.csv,,,FIXED_PAIR_CLASSIFIED_ORDER_REVERSED_AT_NEXT_LAP_BOUNDARY,FALSE,AUTOMATED_PROXY_LINK_UNREVIEWED
18c6713eff847757354d,2019:Belgian Grand Prix:Race,train,development_train,ALB,STR,28,29,5260.853,5370.569,109.716,2019-09-01T14:07:41.067000000,2019-09-01T14:09:30.783000000,b13b2a67346065786eed9cf4,2019:Belgian Grand Prix:Race|ALB|STR|28|29,INHERITED_CANDIDATE_ID,MATCHED_TO_INHERITED_CANDIDATE,UNRESOLVED,AUTOMATED_REVIEW_UNREVIEWED,ALB:14;STR:13,ALB:13;STR:14,NOT_AVAILABLE_FROM_FASTF1_POSITION_XYZ,2019-09-01T14:07:41.067000+00:00,2019-09-01T14:09:30.783000+00:00,1.159,NO_RELEVANT_PIT_ROW_FOUND_IN_CONTEXT,NO_RC_RECORD_ON_DECISION_OR_ENDPOINT_LAP,"FastF1 car_data and pos_data present for selected race; pos_data contains XYZ/status, not classified running order or pass timestamp",event_review_37.csv + candidate source,https://raw.githubusercontent.com/TracingInsights/2019/38741496a2d3736954069c3301e33737ffb3d777/Belgian%20Grand%20Prix/Race/ALB/laptimes.json|https://raw.githubusercontent.com/TracingInsights/2019/38741496a2d3736954069c3301e33737ffb3d777/Belgian%20Grand%20Prix/Race/STR/laptimes.json,6c42855fec0065db8ea7066aa781948557c46b067c5ea6bf6cab9272e53f1517|e8902dd8e63d53c684a677f47b673df5cb7fc3989535c35c63a2e0ac500eeaae,FIXED_PAIR_CLASSIFIED_ORDER_REVERSED_AT_NEXT_LAP_BOUNDARY,FALSE,AUTOMATED_REVIEW_UNREVIEWED
c1736809b3d20141b038,2019:Belgian Grand Prix:Race,train,development_train,ALB,HUL,30,31,5480.874,5589.804,108.93,2019-09-01T14:11:21.088000000,2019-09-01T14:13:10.018000000,5f8599ac825681251e478a59,2019:Belgian Grand Prix:Race|ALB|HUL|30|31,INHERITED_CANDIDATE_ID,MATCHED_TO_INHERITED_CANDIDATE,OTHER_POSITION_CHANGE,AUTOMATED_REVIEW_UNREVIEWED,ALB:12;HUL:11,ALB:11;HUL:12,NOT_AVAILABLE_FROM_FASTF1_POSITION_XYZ,2019-09-01T14:11:21.088000+00:00,2019-09-01T14:13:10.018000+00:00,2.0,PIT_LAP_OVERLAP_RECORDED_BUT_TIME_OF_DAY_ONLY,NO_RC_RECORD_ON_DECISION_OR_ENDPOINT_LAP,"FastF1 car_data and pos_data present for selected race; pos_data contains XYZ/status, not classified running order or pass timestamp",event_review_37.csv + candidate source,https://raw.githubusercontent.com/TracingInsights/2019/38741496a2d3736954069c3301e33737ffb3d777/Belgian%20Grand%20Prix/Race/ALB/laptimes.json|https://raw.githubusercontent.com/TracingInsights/2019/38741496a2d3736954069c3301e33737ffb3d777/Belgian%20Grand%20Prix/Race/HUL/laptimes.json,61d19019688612c4c30974c9016ed4b6a3fd9f484ab72fba62983719d5cfbcc8|6c42855fec0065db8ea7066aa781948557c46b067c5ea6bf6cab9272e53f1517,FIXED_PAIR_CLASSIFIED_ORDER_REVERSED_AT_NEXT_LAP_BOUNDARY,FALSE,AUTOMATED_REVIEW_UNREVIEWED
d6d65939bf5150b5707e,2019:Belgian Grand Prix:Race,train,development_train,ALB,GAS,31,32,5590.353,5699.364,109.011,2019-09-01T14:13:10.567000000,2019-09-01T14:14:59.578000000,4bd002610a2f45f355ca9165,2019:Belgian Grand Prix:Race|ALB|GAS|31|32,INHERITED_CANDIDATE_ID,MATCHED_TO_INHERITED_CANDIDATE,UNRESOLVED,AUTOMATED_REVIEW_UNREVIEWED,ALB:11;GAS:10,ALB:10;GAS:11,NOT_AVAILABLE_FROM_FASTF1_POSITION_XYZ,2019-09-01T14:13:10.567000+00:00,2019-09-01T14:14:59.578000+00:00,3.255,NO_RELEVANT_PIT_ROW_FOUND_IN_CONTEXT,RC_RECORD_ON_DECISION_OR_ENDPOINT_LAP,"FastF1 car_data and pos_data present for selected race; pos_data contains XYZ/status, not classified running order or pass timestamp",event_review_37.csv + candidate source,https://raw.githubusercontent.com/TracingInsights/2019/38741496a2d3736954069c3301e33737ffb3d777/Belgian%20Grand%20Prix/Race/ALB/laptimes.json|https://raw.githubusercontent.com/TracingInsights/2019/38741496a2d3736954069c3301e33737ffb3d777/Belgian%20Grand%20Prix/Race/GAS/laptimes.json,6c42855fec0065db8ea7066aa781948557c46b067c5ea6bf6cab9272e53f1517|859ba34b4e924369c227c17a44b5bd62d7b2a71ecfeb70748045aed0da0c7e6e,FIXED_PAIR_CLASSIFIED_ORDER_REVERSED_AT_NEXT_LAP_BOUNDARY,FALSE,AUTOMATED_REVIEW_UNREVIEWED
d9eec774b92e3f45d686,2019:Belgian Grand Prix:Race,train,development_train,GAS,RUS,14,15,3704.014,3816.216,112.202,2019-09-01T13:41:35.348000000,2019-09-01T13:43:36.430000000,ebac0409040c7a004b79ca66,2019:Belgian Grand Prix:Race|GAS|RUS|14|15,INHERITED_CANDIDATE_ID,MATCHED_TO_INHERITED_CANDIDATE,UNRESOLVED,AUTOMATED_REVIEW_UNREVIEWED,GAS:16;RUS:15,GAS:14;RUS:15,NOT_AVAILABLE_FROM_FASTF1_POSITION_XYZ,2019-09-01T13:41:44.228000+00:00,2019-09-01T13:43:36.430000+00:00,10.802,NO_RELEVANT_PIT_ROW_FOUND_IN_CONTEXT,NO_RC_RECORD_ON_DECISION_OR_ENDPOINT_LAP,"FastF1 car_data and pos_data present for selected race; pos_data contains XYZ/status, not classified running order or pass timestamp",event_review_37.csv + candidate source,https://raw.githubusercontent.com/TracingInsights/2019/38741496a2d3736954069c3301e33737ffb3d777/Belgian%20Grand%20Prix/Race/GAS/laptimes.json|https://raw.githubusercontent.com/TracingInsights/2019/38741496a2d3736954069c3301e33737ffb3d777/Belgian%20Grand%20Prix/Race/RUS/laptimes.json,859ba34b4e924369c227c17a44b5bd62d7b2a71ecfeb70748045aed0da0c7e6e|d3c6ac711b68d825613f1b581994c36969e1628880c8561a44085de8e1374a64,FIXED_PAIR_CLASSIFIED_ORDER_REVERSED_AT_NEXT_LAP_BOUNDARY,FALSE,AUTOMATED_REVIEW_UNREVIEWED
c59c5322c8a2604efc66,2019:Belgian Grand Prix:Race,train,development_train,GAS,GRO,33,34,5810.781,5921.522,110.741,2019-09-01T14:16:50.995000000,2019-09-01T14:18:41.736000000,2c69a56641818ab1a4ba550c,2019:Belgian Grand Prix:Race|GAS|GRO|33|34,INHERITED_CANDIDATE_ID,MATCHED_TO_INHERITED_CANDIDATE,UNRESOLVED,AUTOMATED_REVIEW_UNREVIEWED,GAS:11;GRO:10,GAS:10;GRO:11,NOT_AVAILABLE_FROM_FASTF1_POSITION_XYZ,2019-09-01T14:16:50.995000+00:00,2019-09-01T14:18:41.736000+00:00,2.705,NO_RELEVANT_PIT_ROW_FOUND_IN_CONTEXT,NO_RC_RECORD_ON_DECISION_OR_ENDPOINT_LAP,"FastF1 car_data and pos_data present for selected race; pos_data contains XYZ/status, not classified running order or pass timestamp",event_review_37.csv + candidate source,https://raw.githubusercontent.com/TracingInsights/2019/38741496a2d3736954069c3301e33737ffb3d777/Belgian%20Grand%20Prix/Race/GAS/laptimes.json|https://raw.githubusercontent.com/TracingInsights/2019/38741496a2d3736954069c3301e33737ffb3d777/Belgian%20Grand%20Prix/Race/GRO/laptimes.json,859ba34b4e924369c227c17a44b5bd62d7b2a71ecfeb70748045aed0da0c7e6e|9995ec142d1980f4a2884586691aefa07c22907b2b894761fe6bfeda4fbe775a,FIXED_PAIR_CLASSIFIED_ORDER_REVERSED_AT_NEXT_LAP_BOUNDARY,FALSE,AUTOMATED_REVIEW_UNREVIEWED
53c41ac5a70a0a146c58,2019:Belgian Grand Prix:Race,train,development_train,GIO,MAG,13,14,3585.672,3696.771,111.099,2019-09-01T13:39:45.886000000,2019-09-01T13:41:36.985000000,29fba0eb63b72acce7b9c25f,2019:Belgian Grand Prix:Race|GIO|MAG|13|14,INHERITED_CANDIDATE_ID,MATCHED_TO_INHERITED_CANDIDATE,UNRESOLVED,AUTOMATED_REVIEW_UNREVIEWED,GIO:12;MAG:11,GIO:9;MAG:12,NOT_AVAILABLE_FROM_FASTF1_POSITION_XYZ,2019-09-01T13:39:45.886000+00:00,2019-09-01T13:41:36.985000+00:00,2.076,NO_RELEVANT_PIT_ROW_FOUND_IN_CONTEXT,NO_RC_RECORD_ON_DECISION_OR_ENDPOINT_LAP,"FastF1 car_data and pos_data present for selected race; pos_data contains XYZ/status, not classified running order or pass timestamp",event_review_37.csv + candidate source,https://raw.githubusercontent.com/TracingInsights/2019/38741496a2d3736954069c3301e33737ffb3d777/Belgian%20Grand%20Prix/Race/GIO/laptimes.json|https://raw.githubusercontent.com/TracingInsights/2019/38741496a2d3736954069c3301e33737ffb3d777/Belgian%20Grand%20Prix/Race/MAG/laptimes.json,8b2091ad82bdaeba1aa5ef030fa040b4c73d51bd86aba572df3233ecfa118f5d|a13e8b8ad876531ed217474b0e8da3bdf181fa1417d5e14a59b5577f13a4f051,FIXED_PAIR_CLASSIFIED_ORDER_REVERSED_AT_NEXT_LAP_BOUNDARY,FALSE,AUTOMATED_REVIEW_UNREVIEWED
52ba3fcf8c7d423b4e6b,2019:Belgian Grand Prix:Race,train,development_train,GIO,KVY,23,24,4695.738,4804.411,108.673,2019-09-01T13:58:15.952000000,2019-09-01T14:00:04.625000000,e92197cac6ae551cd6afbc6e,2019:Belgian Grand Prix:Race|GIO|KVY|23|24,INHERITED_CANDIDATE_ID,MATCHED_TO_INHERITED_CANDIDATE,OTHER_POSITION_CHANGE,AUTOMATED_REVIEW_UNREVIEWED,GIO:7;KVY:6,GIO:6;KVY:7,NOT_AVAILABLE_FROM_FASTF1_POSITION_XYZ,2019-09-01T13:58:15.952000+00:00,2019-09-01T14:00:04.625000+00:00,4.151,PIT_LAP_OVERLAP_RECORDED_BUT_TIME_OF_DAY_ONLY,NO_RC_RECORD_ON_DECISION_OR_ENDPOINT_LAP,"FastF1 car_data and pos_data present for selected race; pos_data contains XYZ/status, not classified running order or pass timestamp",event_review_37.csv + candidate source,https://raw.githubusercontent.com/TracingInsights/2019/38741496a2d3736954069c3301e33737ffb3d777/Belgian%20Grand%20Prix/Race/GIO/laptimes.json|https://raw.githubusercontent.com/TracingInsights/2019/38741496a2d3736954069c3301e33737ffb3d777/Belgian%20Grand%20Prix/Race/KVY/laptimes.json,8b2091ad82bdaeba1aa5ef030fa040b4c73d51bd86aba572df3233ecfa118f5d|90b2d30f431c9abee7bbc98d469c8f3c383247a608ba8244ab5bf6b957958437,FIXED_PAIR_CLASSIFIED_ORDER_REVERSED_AT_NEXT_LAP_BOUNDARY,FALSE,AUTOMATED_REVIEW_UNREVIEWED
96f94c97a9efba18e726,2019:Belgian Grand Prix:Race,train,development_train,GIO,GRO,34,35,5922.888,6033.256,110.368,2019-09-01T14:18:43.102000000,2019-09-01T14:20:33.470000000,46bdf6e6c0722d8f45403d69,2019:Belgian Grand Prix:Race|GIO|GRO|34|35,INHERITED_CANDIDATE_ID,MATCHED_TO_INHERITED_CANDIDATE,UNRESOLVED,AUTOMATED_REVIEW_UNREVIEWED,GIO:12;GRO:11,GIO:11;GRO:12,NOT_AVAILABLE_FROM_FASTF1_POSITION_XYZ,2019-09-01T14:18:43.102000+00:00,2019-09-01T14:20:33.470000+00:00,1.65,NO_RELEVANT_PIT_ROW_FOUND_IN_CONTEXT,NO_RC_RECORD_ON_DECISION_OR_ENDPOINT_LAP,"FastF1 car_data and pos_data present for selected race; pos_data contains XYZ/status, not classified running order or pass timestamp",event_review_37.csv + candidate source,https://raw.githubusercontent.com/TracingInsights/2019/38741496a2d3736954069c3301e33737ffb3d777/Belgian%20Grand%20Prix/Race/GIO/laptimes.json|https://raw.githubusercontent.com/TracingInsights/2019/38741496a2d3736954069c3301e33737ffb3d777/Belgian%20Grand%20Prix/Race/GRO/laptimes.json,8b2091ad82bdaeba1aa5ef030fa040b4c73d51bd86aba572df3233ecfa118f5d|9995ec142d1980f4a2884586691aefa07c22907b2b894761fe6bfeda4fbe775a,FIXED_PAIR_CLASSIFIED_ORDER_REVERSED_AT_NEXT_LAP_BOUNDARY,FALSE,AUTOMATED_REVIEW_UNREVIEWED
f87f81b6073a26ab974c,2019:Belgian Grand Prix:Race,train,development_train,GRO,MAG,17,18,4036.161,4148.283,112.122,2019-09-01T13:47:03.744000000,2019-09-01T13:49:08.497000000,92d4bd67780561567b6de1b3,2019:Belgian Grand Prix:Race|GRO|MAG|17|18,INHERITED_CANDIDATE_ID,MATCHED_TO_INHERITED_CANDIDATE,UNRESOLVED,AUTOMATED_REVIEW_UNREVIEWED,GRO:11;MAG:10,GRO:10;MAG:13,NOT_AVAILABLE_FROM_FASTF1_POSITION_XYZ,2019-09-01T13:47:16.375000+00:00,2019-09-01T13:49:08.497000+00:00,12.934,NO_RELEVANT_PIT_ROW_FOUND_IN_CONTEXT,NO_RC_RECORD_ON_DECISION_OR_ENDPOINT_LAP,"FastF1 car_data and pos_data present for selected race; pos_data contains XYZ/status, not classified running order or pass timestamp",event_review_37.csv + candidate source,https://raw.githubusercontent.com/TracingInsights/2019/38741496a2d3736954069c3301e33737ffb3d777/Belgian%20Grand%20Prix/Race/GRO/laptimes.json|https://raw.githubusercontent.com/TracingInsights/2019/38741496a2d3736954069c3301e33737ffb3d777/Belgian%20Grand%20Prix/Race/MAG/laptimes.json,9995ec142d1980f4a2884586691aefa07c22907b2b894761fe6bfeda4fbe775a|a13e8b8ad876531ed217474b0e8da3bdf181fa1417d5e14a59b5577f13a4f051,FIXED_PAIR_CLASSIFIED_ORDER_REVERSED_AT_NEXT_LAP_BOUNDARY,FALSE,AUTOMATED_REVIEW_UNREVIEWED
46e115c72ae0e50796ed,2019:Belgian Grand Prix:Race,train,development_train,HAM,VET,14,15,3669.087,3777.082,107.995,2019-09-01T13:41:09.301000000,2019-09-01T13:42:57.296000000,17a9d047ce59b46ec9b92358,2019:Belgian Grand Prix:Race|HAM|VET|14|15,INHERITED_CANDIDATE_ID,MATCHED_TO_INHERITED_CANDIDATE,OTHER_POSITION_CHANGE,AUTOMATED_REVIEW_UNREVIEWED,HAM:3;VET:2,HAM:2;VET:4,NOT_AVAILABLE_FROM_FASTF1_POSITION_XYZ,2019-09-01T13:41:09.301000+00:00,2019-09-01T13:42:57.296000+00:00,2.585,PIT_LAP_OVERLAP_RECORDED_BUT_TIME_OF_DAY_ONLY,NO_RC_RECORD_ON_DECISION_OR_ENDPOINT_LAP,"FastF1 car_data and pos_data present for selected race; pos_data contains XYZ/status, not classified running order or pass timestamp",event_review_37.csv + candidate source,https://raw.githubusercontent.com/TracingInsights/2019/38741496a2d3736954069c3301e33737ffb3d777/Belgian%20Grand%20Prix/Race/HAM/laptimes.json|https://raw.githubusercontent.com/TracingInsights/2019/38741496a2d3736954069c3301e33737ffb3d777/Belgian%20Grand%20Prix/Race/VET/laptimes.json,9e849f6ae9a1c45ce712f9690a9ef899d9940a16331fb738dff086ddbd8bdb1d|a4da830e819f1666d4352cb8d463f6c2c7bec8c347b35e39ea57b8fd36528c69,FIXED_PAIR_CLASSIFIED_ORDER_REVERSED_AT_NEXT_LAP_BOUNDARY,FALSE,AUTOMATED_REVIEW_UNREVIEWED
9bc32d224e64bd55b5a6,2019:Belgian Grand Prix:Race,train,development_train,HAM,VET,31,32,5527.744,5635.986,108.242,2019-09-01T14:12:07.958000000,2019-09-01T14:13:56.200000000,07cc60062298fa812f99d284,2019:Belgian Grand Prix:Race|HAM|VET|31|32,INHERITED_CANDIDATE_ID,MATCHED_TO_INHERITED_CANDIDATE,UNRESOLVED,AUTOMATED_REVIEW_UNREVIEWED,HAM:3;VET:2,HAM:2;VET:3,NOT_AVAILABLE_FROM_FASTF1_POSITION_XYZ,2019-09-01T14:12:07.958000+00:00,2019-09-01T14:13:56.200000+00:00,0.945,NO_RELEVANT_PIT_ROW_FOUND_IN_CONTEXT,RC_RECORD_ON_DECISION_OR_ENDPOINT_LAP,"FastF1 car_data and pos_data present for selected race; pos_data contains XYZ/status, not classified running order or pass timestamp",event_review_37.csv + candidate source,https://raw.githubusercontent.com/TracingInsights/2019/38741496a2d3736954069c3301e33737ffb3d777/Belgian%20Grand%20Prix/Race/HAM/laptimes.json|https://raw.githubusercontent.com/TracingInsights/2019/38741496a2d3736954069c3301e33737ffb3d777/Belgian%20Grand%20Prix/Race/VET/laptimes.json,9e849f6ae9a1c45ce712f9690a9ef899d9940a16331fb738dff086ddbd8bdb1d|a4da830e819f1666d4352cb8d463f6c2c7bec8c347b35e39ea57b8fd36528c69,FIXED_PAIR_CLASSIFIED_ORDER_REVERSED_AT_NEXT_LAP_BOUNDARY,FALSE,AUTOMATED_REVIEW_UNREVIEWED
ff54d00a6a82a93415c4,2019:Belgian Grand Prix:Race,train,development_train,HUL,KUB,13,14,3601.208,3708.115,106.907,2019-09-01T13:40:01.422000000,2019-09-01T13:41:48.329000000,1791c988fda45a3308442169,2019:Belgian Grand Prix:Race|HUL|KUB|13|14,INHERITED_CANDIDATE_ID,MATCHED_TO_INHERITED_CANDIDATE,UNRESOLVED,AUTOMATED_REVIEW_UNREVIEWED,HUL:18;KUB:17,HUL:17;KUB:18,NOT_AVAILABLE_FROM_FASTF1_POSITION_XYZ,2019-09-01T13:40:01.422000+00:00,2019-09-01T13:41:48.329000+00:00,8.32,NO_RELEVANT_PIT_ROW_FOUND_IN_CONTEXT,NO_RC_RECORD_ON_DECISION_OR_ENDPOINT_LAP,"FastF1 car_data and pos_data present for selected race; pos_data contains XYZ/status, not classified running order or pass timestamp",event_review_37.csv + candidate source,https://raw.githubusercontent.com/TracingInsights/2019/38741496a2d3736954069c3301e33737ffb3d777/Belgian%20Grand%20Prix/Race/HUL/laptimes.json|https://raw.githubusercontent.com/TracingInsights/2019/38741496a2d3736954069c3301e33737ffb3d777/Belgian%20Grand%20Prix/Race/KUB/laptimes.json,61d19019688612c4c30974c9016ed4b6a3fd9f484ab72fba62983719d5cfbcc8|bd9f863bf118172a19e8a1ff0ce722be9569ac148996dc2bdb771729a3ee641d,FIXED_PAIR_CLASSIFIED_ORDER_REVERSED_AT_NEXT_LAP_BOUNDARY,FALSE,AUTOMATED_REVIEW_UNREVIEWED
eb4b5c33fa25f8363169,2019:Belgian Grand Prix:Race,train,development_train,HUL,RUS,16,17,3931.236,4041.129,109.893,2019-09-01T13:45:31.450000000,2019-09-01T13:47:21.343000000,2cd792255fdfa68108e81850,2019:Belgian Grand Prix:Race|HUL|RUS|16|17,INHERITED_CANDIDATE_ID,MATCHED_TO_INHERITED_CANDIDATE,UNRESOLVED,AUTOMATED_REVIEW_UNREVIEWED,HUL:16;RUS:15,HUL:15;RUS:17,NOT_AVAILABLE_FROM_FASTF1_POSITION_XYZ,2019-09-01T13:45:31.450000+00:00,2019-09-01T13:47:21.343000+00:00,3.081,NO_RELEVANT_PIT_ROW_FOUND_IN_CONTEXT,NO_RC_RECORD_ON_DECISION_OR_ENDPOINT_LAP,"FastF1 car_data and pos_data present for selected race; pos_data contains XYZ/status, not classified running order or pass timestamp",event_review_37.csv + candidate source,https://raw.githubusercontent.com/TracingInsights/2019/38741496a2d3736954069c3301e33737ffb3d777/Belgian%20Grand%20Prix/Race/HUL/laptimes.json|https://raw.githubusercontent.com/TracingInsights/2019/38741496a2d3736954069c3301e33737ffb3d777/Belgian%20Grand%20Prix/Race/RUS/laptimes.json,61d19019688612c4c30974c9016ed4b6a3fd9f484ab72fba62983719d5cfbcc8|d3c6ac711b68d825613f1b581994c36969e1628880c8561a44085de8e1374a64,FIXED_PAIR_CLASSIFIED_ORDER_REVERSED_AT_NEXT_LAP_BOUNDARY,FALSE,AUTOMATED_REVIEW_UNREVIEWED
892f74721af925b7e4c1,2019:Belgian Grand Prix:Race,train,development_train,HUL,RAI,17,18,4041.73,4153.295,111.565,2019-09-01T13:47:21.944000000,2019-09-01T13:49:13.509000000,b92c0f13a7aabde0db48eef5,2019:Belgian Grand Prix:Race|HUL|RAI|17|18,INHERITED_CANDIDATE_ID,MATCHED_TO_INHERITED_CANDIDATE,UNRESOLVED,AUTOMATED_REVIEW_UNREVIEWED,HUL:15;RAI:14,HUL:14;RAI:15,NOT_AVAILABLE_FROM_FASTF1_POSITION_XYZ,2019-09-01T13:47:21.944000+00:00,2019-09-01T13:49:13.509000+00:00,2.759,NO_RELEVANT_PIT_ROW_FOUND_IN_CONTEXT,NO_RC_RECORD_ON_DECISION_OR_ENDPOINT_LAP,"FastF1 car_data and pos_data present for selected race; pos_data contains XYZ/status, not classified running order or pass timestamp",event_review_37.csv + candidate source,https://raw.githubusercontent.com/TracingInsights/2019/38741496a2d3736954069c3301e33737ffb3d777/Belgian%20Grand%20Prix/Race/HUL/laptimes.json|https://raw.githubusercontent.com/TracingInsights/2019/38741496a2d3736954069c3301e33737ffb3d777/Belgian%20Grand%20Prix/Race/RAI/laptimes.json,61d19019688612c4c30974c9016ed4b6a3fd9f484ab72fba62983719d5cfbcc8|cbd3fa3212c711c579c80e7fe1e248a1d00adab874c0529fd0bfe4f88d2d2a78,FIXED_PAIR_CLASSIFIED_ORDER_REVERSED_AT_NEXT_LAP_BOUNDARY,FALSE,AUTOMATED_REVIEW_UNREVIEWED
a3eabc782703bc84c5dd,2019:Belgian Grand Prix:Race,train,development_train,HUL,MAG,19,20,4264.355,4376.262,111.907,2019-09-01T13:51:04.569000000,2019-09-01T13:52:56.476000000,fd0091c412ac650e53d61ac8,2019:Belgian Grand Prix:Race|HUL|MAG|19|20,INHERITED_CANDIDATE_ID,MATCHED_TO_INHERITED_CANDIDATE,UNRESOLVED,AUTOMATED_REVIEW_UNREVIEWED,HUL:14;MAG:13,HUL:13;MAG:14,NOT_AVAILABLE_FROM_FASTF1_POSITION_XYZ,2019-09-01T13:51:04.569000+00:00,2019-09-01T13:52:56.476000+00:00,2.057,NO_RELEVANT_PIT_ROW_FOUND_IN_CONTEXT,RC_RECORD_ON_DECISION_OR_ENDPOINT_LAP,"FastF1 car_data and pos_data present for selected race; pos_data contains XYZ/status, not classified running order or pass timestamp",event_review_37.csv + candidate source,https://raw.githubusercontent.com/TracingInsights/2019/38741496a2d3736954069c3301e33737ffb3d777/Belgian%20Grand%20Prix/Race/HUL/laptimes.json|https://raw.githubusercontent.com/TracingInsights/2019/38741496a2d3736954069c3301e33737ffb3d777/Belgian%20Grand%20Prix/Race/MAG/laptimes.json,61d19019688612c4c30974c9016ed4b6a3fd9f484ab72fba62983719d5cfbcc8|a13e8b8ad876531ed217474b0e8da3bdf181fa1417d5e14a59b5577f13a4f051,FIXED_PAIR_CLASSIFIED_ORDER_REVERSED_AT_NEXT_LAP_BOUNDARY,FALSE,AUTOMATED_REVIEW_UNREVIEWED
00745c71375a93f2520d,2019:Belgian Grand Prix:Race,train,development_train,HUL,GRO,39,40,6480.967,6591.305,110.338,2019-09-01T14:28:01.181000000,2019-09-01T14:29:51.519000000,,2019:Belgian Grand Prix:Race|HUL|GRO|39|40,BOUNDARY_PROXY_KEY,OUTSIDE_INHERITED_CANDIDATE_UNIVERSE,OUTSIDE_CANDIDATE_UNIVERSE,AUTOMATED_PROXY_LINK_UNREVIEWED,HUL:13;GRO:12,HUL:11;GRO:14,NOT_AVAILABLE_FROM_BOUNDARY_LAPTIMES,2019-09-01T14:28:01.181000000,2019-09-01T14:29:51.519000000,BOUNDARY_INTERVAL_ONLY_NOT_EXACT_PASS_TIME,NOT_IN_INHERITED_CANDIDATE_REVIEW,NOT_IN_INHERITED_CANDIDATE_REVIEW,BOUNDARY_TELEMETRY_DOES_NOT_ESTABLISH_PASS,prediction_windows_37.csv.gz + laptime_source_inventory_37.csv,,,FIXED_PAIR_CLASSIFIED_ORDER_REVERSED_AT_NEXT_LAP_BOUNDARY,FALSE,AUTOMATED_PROXY_LINK_UNREVIEWED
1677894adc520d96dbbb,2019:Belgian Grand Prix:Race,train,development_train,KUB,RUS,29,30,5397.358,5507.208,109.85,2019-09-01T14:09:57.572000000,2019-09-01T14:11:47.422000000,542a4d879dcfd797bf75519a,2019:Belgian Grand Prix:Race|KUB|RUS|29|30,INHERITED_CANDIDATE_ID,MATCHED_TO_INHERITED_CANDIDATE,OTHER_POSITION_CHANGE,AUTOMATED_REVIEW_UNREVIEWED,KUB:18;RUS:17,KUB:17;RUS:18,NOT_AVAILABLE_FROM_FASTF1_POSITION_XYZ,2019-09-01T14:09:57.572000+00:00,2019-09-01T14:11:47.422000+00:00,5.848,PIT_LAP_OVERLAP_RECORDED_BUT_TIME_OF_DAY_ONLY,NO_RC_RECORD_ON_DECISION_OR_ENDPOINT_LAP,"FastF1 car_data and pos_data present for selected race; pos_data contains XYZ/status, not classified running order or pass timestamp",event_review_37.csv + candidate source,https://raw.githubusercontent.com/TracingInsights/2019/38741496a2d3736954069c3301e33737ffb3d777/Belgian%20Grand%20Prix/Race/KUB/laptimes.json|https://raw.githubusercontent.com/TracingInsights/2019/38741496a2d3736954069c3301e33737ffb3d777/Belgian%20Grand%20Prix/Race/RUS/laptimes.json,bd9f863bf118172a19e8a1ff0ce722be9569ac148996dc2bdb771729a3ee641d|d3c6ac711b68d825613f1b581994c36969e1628880c8561a44085de8e1374a64,FIXED_PAIR_CLASSIFIED_ORDER_REVERSED_AT_NEXT_LAP_BOUNDARY,FALSE,AUTOMATED_REVIEW_UNREVIEWED
186357352bbf5e245edd,2019:Belgian Grand Prix:Race,train,development_train,KVY,MAG,12,13,3472.573,3584.329,111.756,2019-09-01T13:37:52.787000000,2019-09-01T13:39:44.543000000,d80656328a51b30d53b8cfbf,2019:Belgian Grand Prix:Race|KVY|MAG|12|13,INHERITED_CANDIDATE_ID,MATCHED_TO_INHERITED_CANDIDATE,UNRESOLVED,AUTOMATED_REVIEW_UNREVIEWED,KVY:11;MAG:10,KVY:10;MAG:11,NOT_AVAILABLE_FROM_FASTF1_POSITION_XYZ,2019-09-01T13:37:52.787000+00:00,2019-09-01T13:39:44.543000+00:00,2.047,NO_RELEVANT_PIT_ROW_FOUND_IN_CONTEXT,NO_RC_RECORD_ON_DECISION_OR_ENDPOINT_LAP,"FastF1 car_data and pos_data present for selected race; pos_data contains XYZ/status, not classified running order or pass timestamp",event_review_37.csv + candidate source,https://raw.githubusercontent.com/TracingInsights/2019/38741496a2d3736954069c3301e33737ffb3d777/Belgian%20Grand%20Prix/Race/KVY/laptimes.json|https://raw.githubusercontent.com/TracingInsights/2019/38741496a2d3736954069c3301e33737ffb3d777/Belgian%20Grand%20Prix/Race/MAG/laptimes.json,90b2d30f431c9abee7bbc98d469c8f3c383247a608ba8244ab5bf6b957958437|a13e8b8ad876531ed217474b0e8da3bdf181fa1417d5e14a59b5577f13a4f051,FIXED_PAIR_CLASSIFIED_ORDER_REVERSED_AT_NEXT_LAP_BOUNDARY,FALSE,AUTOMATED_REVIEW_UNREVIEWED
224ca60ad8d07c0c94db,2019:Belgian Grand Prix:Race,train,development_train,KVY,STR,26,27,5041.826,5149.571,107.745,2019-09-01T14:04:02.040000000,2019-09-01T14:05:49.785000000,034500678b8995564adb75d4,2019:Belgian Grand Prix:Race|KVY|STR|26|27,INHERITED_CANDIDATE_ID,MATCHED_TO_INHERITED_CANDIDATE,UNRESOLVED,AUTOMATED_REVIEW_UNREVIEWED,KVY:13;STR:12,KVY:12;STR:13,NOT_AVAILABLE_FROM_FASTF1_POSITION_XYZ,2019-09-01T14:04:02.040000+00:00,2019-09-01T14:05:49.785000+00:00,2.397,NO_RELEVANT_PIT_ROW_FOUND_IN_CONTEXT,NO_RC_RECORD_ON_DECISION_OR_ENDPOINT_LAP,"FastF1 car_data and pos_data present for selected race; pos_data contains XYZ/status, not classified running order or pass timestamp",event_review_37.csv + candidate source,https://raw.githubusercontent.com/TracingInsights/2019/38741496a2d3736954069c3301e33737ffb3d777/Belgian%20Grand%20Prix/Race/KVY/laptimes.json|https://raw.githubusercontent.com/TracingInsights/2019/38741496a2d3736954069c3301e33737ffb3d777/Belgian%20Grand%20Prix/Race/STR/laptimes.json,90b2d30f431c9abee7bbc98d469c8f3c383247a608ba8244ab5bf6b957958437|e8902dd8e63d53c684a677f47b673df5cb7fc3989535c35c63a2e0ac500eeaae,FIXED_PAIR_CLASSIFIED_ORDER_REVERSED_AT_NEXT_LAP_BOUNDARY,FALSE,AUTOMATED_REVIEW_UNREVIEWED
d8198623c51b1fd61582,2019:Belgian Grand Prix:Race,train,development_train,KVY,HUL,28,29,5258.691,5368.236,109.545,2019-09-01T14:07:38.905000000,2019-09-01T14:09:28.450000000,,2019:Belgian Grand Prix:Race|KVY|HUL|28|29,BOUNDARY_PROXY_KEY,OUTSIDE_INHERITED_CANDIDATE_UNIVERSE,OUTSIDE_CANDIDATE_UNIVERSE,AUTOMATED_PROXY_LINK_UNREVIEWED,KVY:12;HUL:11,KVY:11;HUL:12,NOT_AVAILABLE_FROM_BOUNDARY_LAPTIMES,2019-09-01T14:07:38.905000000,2019-09-01T14:09:28.450000000,BOUNDARY_INTERVAL_ONLY_NOT_EXACT_PASS_TIME,NOT_IN_INHERITED_CANDIDATE_REVIEW,NOT_IN_INHERITED_CANDIDATE_REVIEW,BOUNDARY_TELEMETRY_DOES_NOT_ESTABLISH_PASS,prediction_windows_37.csv.gz + laptime_source_inventory_37.csv,,,FIXED_PAIR_CLASSIFIED_ORDER_REVERSED_AT_NEXT_LAP_BOUNDARY,FALSE,AUTOMATED_PROXY_LINK_UNREVIEWED
20ff0040470cafe55a7c,2019:Belgian Grand Prix:Race,train,development_train,KVY,GAS,30,31,5477.793,5587.425,109.632,2019-09-01T14:11:18.007000000,2019-09-01T14:13:07.639000000,,2019:Belgian Grand Prix:Race|KVY|GAS|30|31,BOUNDARY_PROXY_KEY,OUTSIDE_INHERITED_CANDIDATE_UNIVERSE,OUTSIDE_CANDIDATE_UNIVERSE,AUTOMATED_PROXY_LINK_UNREVIEWED,KVY:10;GAS:9,KVY:9;GAS:10,NOT_AVAILABLE_FROM_BOUNDARY_LAPTIMES,2019-09-01T14:11:18.007000000,2019-09-01T14:13:07.639000000,BOUNDARY_INTERVAL_ONLY_NOT_EXACT_PASS_TIME,NOT_IN_INHERITED_CANDIDATE_REVIEW,NOT_IN_INHERITED_CANDIDATE_REVIEW,BOUNDARY_TELEMETRY_DOES_NOT_ESTABLISH_PASS,prediction_windows_37.csv.gz + laptime_source_inventory_37.csv,,,FIXED_PAIR_CLASSIFIED_ORDER_REVERSED_AT_NEXT_LAP_BOUNDARY,FALSE,AUTOMATED_PROXY_LINK_UNREVIEWED
e831b9b90ec13e664688,2019:Belgian Grand Prix:Race,train,development_train,KVY,RIC,33,34,5809.1,5918.885,109.785,2019-09-01T14:16:49.314000000,2019-09-01T14:18:39.099000000,a8ab01376c9497eb36c8c689,2019:Belgian Grand Prix:Race|KVY|RIC|33|34,INHERITED_CANDIDATE_ID,MATCHED_TO_INHERITED_CANDIDATE,UNRESOLVED,AUTOMATED_REVIEW_UNREVIEWED,KVY:8;RIC:7,KVY:7;RIC:9,NOT_AVAILABLE_FROM_FASTF1_POSITION_XYZ,2019-09-01T14:16:49.314000+00:00,2019-09-01T14:18:39.099000+00:00,1.864,NO_RELEVANT_PIT_ROW_FOUND_IN_CONTEXT,NO_RC_RECORD_ON_DECISION_OR_ENDPOINT_LAP,"FastF1 car_data and pos_data present for selected race; pos_data contains XYZ/status, not classified running order or pass timestamp",event_review_37.csv + candidate source,https://raw.githubusercontent.com/TracingInsights/2019/38741496a2d3736954069c3301e33737ffb3d777/Belgian%20Grand%20Prix/Race/KVY/laptimes.json|https://raw.githubusercontent.com/TracingInsights/2019/38741496a2d3736954069c3301e33737ffb3d777/Belgian%20Grand%20Prix/Race/RIC/laptimes.json,90b2d30f431c9abee7bbc98d469c8f3c383247a608ba8244ab5bf6b957958437|bff8d6252f283797c64113a398d887fd4a6cab43bead12f34f4905b15052e1cb,FIXED_PAIR_CLASSIFIED_ORDER_REVERSED_AT_NEXT_LAP_BOUNDARY,FALSE,AUTOMATED_REVIEW_UNREVIEWED
510ecc137fc45bb8c5e6,2019:Belgian Grand Prix:Race,train,development_train,LEC,VET,26,27,4985.5,5092.995,107.495,2019-09-01T14:03:05.714000000,2019-09-01T14:04:53.209000000,a8b9085ae3ed9a5b19f1684b,2019:Belgian Grand Prix:Race|LEC|VET|26|27,INHERITED_CANDIDATE_ID,MATCHED_TO_INHERITED_CANDIDATE,UNRESOLVED,AUTOMATED_REVIEW_UNREVIEWED,LEC:2;VET:1,LEC:1;VET:2,NOT_AVAILABLE_FROM_FASTF1_POSITION_XYZ,2019-09-01T14:03:05.714000+00:00,2019-09-01T14:04:53.209000+00:00,1.844,NO_RELEVANT_PIT_ROW_FOUND_IN_CONTEXT,NO_RC_RECORD_ON_DECISION_OR_ENDPOINT_LAP,"FastF1 car_data and pos_data present for selected race; pos_data contains XYZ/status, not classified running order or pass timestamp",event_review_37.csv + candidate source,https://raw.githubusercontent.com/TracingInsights/2019/38741496a2d3736954069c3301e33737ffb3d777/Belgian%20Grand%20Prix/Race/LEC/laptimes.json|https://raw.githubusercontent.com/TracingInsights/2019/38741496a2d3736954069c3301e33737ffb3d777/Belgian%20Grand%20Prix/Race/VET/laptimes.json,6a9860b18b08e28f194ce76b591da043c8660604f55226ae90c575a285a19e4c|a4da830e819f1666d4352cb8d463f6c2c7bec8c347b35e39ea57b8fd36528c69,FIXED_PAIR_CLASSIFIED_ORDER_REVERSED_AT_NEXT_LAP_BOUNDARY,FALSE,AUTOMATED_REVIEW_UNREVIEWED
5c7618148baa9b30b15b,2019:Belgian Grand Prix:Race,train,development_train,MAG,KUB,27,28,5175.722,5283.912,108.19,2019-09-01T14:06:15.936000000,2019-09-01T14:08:04.126000000,,2019:Belgian Grand Prix:Race|MAG|KUB|27|28,BOUNDARY_PROXY_KEY,OUTSIDE_INHERITED_CANDIDATE_UNIVERSE,OUTSIDE_CANDIDATE_UNIVERSE,AUTOMATED_PROXY_LINK_UNREVIEWED,MAG:18;KUB:17,MAG:17;KUB:18,NOT_AVAILABLE_FROM_BOUNDARY_LAPTIMES,2019-09-01T14:06:15.936000000,2019-09-01T14:08:04.126000000,BOUNDARY_INTERVAL_ONLY_NOT_EXACT_PASS_TIME,NOT_IN_INHERITED_CANDIDATE_REVIEW,NOT_IN_INHERITED_CANDIDATE_REVIEW,BOUNDARY_TELEMETRY_DOES_NOT_ESTABLISH_PASS,prediction_windows_37.csv.gz + laptime_source_inventory_37.csv,,,FIXED_PAIR_CLASSIFIED_ORDER_REVERSED_AT_NEXT_LAP_BOUNDARY,FALSE,AUTOMATED_PROXY_LINK_UNREVIEWED
9305410bf6821fc02cc3,2019:Belgian Grand Prix:Race,train,development_train,MAG,RUS,28,29,5284.466,5393.875,109.409,2019-09-01T14:08:04.680000000,2019-09-01T14:09:54.089000000,d63c6fe8624d138281423c53,2019:Belgian Grand Prix:Race|MAG|RUS|28|29,INHERITED_CANDIDATE_ID,MATCHED_TO_INHERITED_CANDIDATE,UNRESOLVED,AUTOMATED_REVIEW_UNREVIEWED,MAG:17;RUS:16,MAG:15;RUS:17,NOT_AVAILABLE_FROM_FASTF1_POSITION_XYZ,2019-09-01T14:08:04.680000+00:00,2019-09-01T14:09:54.089000+00:00,4.052,NO_RELEVANT_PIT_ROW_FOUND_IN_CONTEXT,NO_RC_RECORD_ON_DECISION_OR_ENDPOINT_LAP,"FastF1 car_data and pos_data present for selected race; pos_data contains XYZ/status, not classified running order or pass timestamp",event_review_37.csv + candidate source,https://raw.githubusercontent.com/TracingInsights/2019/38741496a2d3736954069c3301e33737ffb3d777/Belgian%20Grand%20Prix/Race/MAG/laptimes.json|https://raw.githubusercontent.com/TracingInsights/2019/38741496a2d3736954069c3301e33737ffb3d777/Belgian%20Grand%20Prix/Race/RUS/laptimes.json,a13e8b8ad876531ed217474b0e8da3bdf181fa1417d5e14a59b5577f13a4f051|d3c6ac711b68d825613f1b581994c36969e1628880c8561a44085de8e1374a64,FIXED_PAIR_CLASSIFIED_ORDER_REVERSED_AT_NEXT_LAP_BOUNDARY,FALSE,AUTOMATED_REVIEW_UNREVIEWED
b10a058d70d8a63bd33a,2019:Belgian Grand Prix:Race,train,development_train,MAG,GRO,40,41,6595.071,6704.655,109.584,2019-09-01T14:29:55.285000000,2019-09-01T14:31:44.869000000,,2019:Belgian Grand Prix:Race|MAG|GRO|40|41,BOUNDARY_PROXY_KEY,OUTSIDE_INHERITED_CANDIDATE_UNIVERSE,OUTSIDE_CANDIDATE_UNIVERSE,AUTOMATED_PROXY_LINK_UNREVIEWED,MAG:15;GRO:14,MAG:14;GRO:15,NOT_AVAILABLE_FROM_BOUNDARY_LAPTIMES,2019-09-01T14:29:55.285000000,2019-09-01T14:31:44.869000000,BOUNDARY_INTERVAL_ONLY_NOT_EXACT_PASS_TIME,NOT_IN_INHERITED_CANDIDATE_REVIEW,NOT_IN_INHERITED_CANDIDATE_REVIEW,BOUNDARY_TELEMETRY_DOES_NOT_ESTABLISH_PASS,prediction_windows_37.csv.gz + laptime_source_inventory_37.csv,,,FIXED_PAIR_CLASSIFIED_ORDER_REVERSED_AT_NEXT_LAP_BOUNDARY,FALSE,AUTOMATED_PROXY_LINK_UNREVIEWED
1c9a2faaf35f4133aff5,2019:Belgian Grand Prix:Race,train,development_train,PER,RAI,16,17,3926.83,4039.224,112.394,2019-09-01T13:45:13.522000000,2019-09-01T13:47:19.438000000,9ab25d0d26b4e503b05c4948,2019:Belgian Grand Prix:Race|PER|RAI|16|17,INHERITED_CANDIDATE_ID,MATCHED_TO_INHERITED_CANDIDATE,UNRESOLVED,AUTOMATED_REVIEW_UNREVIEWED,PER:13;RAI:12,PER:12;RAI:14,NOT_AVAILABLE_FROM_FASTF1_POSITION_XYZ,2019-09-01T13:45:27.044000+00:00,2019-09-01T13:47:19.432000+00:00,13.528,NO_RELEVANT_PIT_ROW_FOUND_IN_CONTEXT,NO_RC_RECORD_ON_DECISION_OR_ENDPOINT_LAP,"FastF1 car_data and pos_data present for selected race; pos_data contains XYZ/status, not classified running order or pass timestamp",event_review_37.csv + candidate source,https://raw.githubusercontent.com/TracingInsights/2019/38741496a2d3736954069c3301e33737ffb3d777/Belgian%20Grand%20Prix/Race/PER/laptimes.json|https://raw.githubusercontent.com/TracingInsights/2019/38741496a2d3736954069c3301e33737ffb3d777/Belgian%20Grand%20Prix/Race/RAI/laptimes.json,cbd3fa3212c711c579c80e7fe1e248a1d00adab874c0529fd0bfe4f88d2d2a78|f10edf1a18e55709914320f027a44ea6d28d93b5dfbd7671aa6dcb290a2c2bcf,FIXED_PAIR_CLASSIFIED_ORDER_REVERSED_AT_NEXT_LAP_BOUNDARY,FALSE,AUTOMATED_REVIEW_UNREVIEWED
ccf682d7a6db17b0974a,2019:Belgian Grand Prix:Race,train,development_train,PER,GRO,23,24,4700.196,4810.37,110.174,2019-09-01T13:58:20.410000000,2019-09-01T14:00:10.584000000,,2019:Belgian Grand Prix:Race|PER|GRO|23|24,BOUNDARY_PROXY_KEY,OUTSIDE_INHERITED_CANDIDATE_UNIVERSE,OUTSIDE_CANDIDATE_UNIVERSE,AUTOMATED_PROXY_LINK_UNREVIEWED,PER:10;GRO:9,PER:9;GRO:10,NOT_AVAILABLE_FROM_BOUNDARY_LAPTIMES,2019-09-01T13:58:20.410000000,2019-09-01T14:00:10.584000000,BOUNDARY_INTERVAL_ONLY_NOT_EXACT_PASS_TIME,NOT_IN_INHERITED_CANDIDATE_REVIEW,NOT_IN_INHERITED_CANDIDATE_REVIEW,BOUNDARY_TELEMETRY_DOES_NOT_ESTABLISH_PASS,prediction_windows_37.csv.gz + laptime_source_inventory_37.csv,,,FIXED_PAIR_CLASSIFIED_ORDER_REVERSED_AT_NEXT_LAP_BOUNDARY,FALSE,AUTOMATED_PROXY_LINK_UNREVIEWED
e2d898b263d2a984993b,2019:Belgian Grand Prix:Race,train,development_train,PER,RIC,25,26,4921.035,5031.134,110.099,2019-09-01T14:02:01.249000000,2019-09-01T14:03:51.348000000,ca68ff5e47e4ae9d0c7bf8eb,2019:Belgian Grand Prix:Race|PER|RIC|25|26,INHERITED_CANDIDATE_ID,MATCHED_TO_INHERITED_CANDIDATE,UNRESOLVED,AUTOMATED_REVIEW_UNREVIEWED,PER:8;RIC:7,PER:7;RIC:8,NOT_AVAILABLE_FROM_FASTF1_POSITION_XYZ,2019-09-01T14:02:01.249000+00:00,2019-09-01T14:03:51.348000+00:00,1.517,NO_RELEVANT_PIT_ROW_FOUND_IN_CONTEXT,NO_RC_RECORD_ON_DECISION_OR_ENDPOINT_LAP,"FastF1 car_data and pos_data present for selected race; pos_data contains XYZ/status, not classified running order or pass timestamp",event_review_37.csv + candidate source,https://raw.githubusercontent.com/TracingInsights/2019/38741496a2d3736954069c3301e33737ffb3d777/Belgian%20Grand%20Prix/Race/PER/laptimes.json|https://raw.githubusercontent.com/TracingInsights/2019/38741496a2d3736954069c3301e33737ffb3d777/Belgian%20Grand%20Prix/Race/RIC/laptimes.json,bff8d6252f283797c64113a398d887fd4a6cab43bead12f34f4905b15052e1cb|f10edf1a18e55709914320f027a44ea6d28d93b5dfbd7671aa6dcb290a2c2bcf,FIXED_PAIR_CLASSIFIED_ORDER_REVERSED_AT_NEXT_LAP_BOUNDARY,FALSE,AUTOMATED_REVIEW_UNREVIEWED
25f48f23f4ead97dc48d,2019:Belgian Grand Prix:Race,train,development_train,PER,GIO,28,29,5250.863,5359.719,108.856,2019-09-01T14:07:31.077000000,2019-09-01T14:09:19.933000000,,2019:Belgian Grand Prix:Race|PER|GIO|28|29,BOUNDARY_PROXY_KEY,OUTSIDE_INHERITED_CANDIDATE_UNIVERSE,OUTSIDE_CANDIDATE_UNIVERSE,AUTOMATED_PROXY_LINK_UNREVIEWED,PER:7;GIO:6,PER:6;GIO:8,NOT_AVAILABLE_FROM_BOUNDARY_LAPTIMES,2019-09-01T14:07:31.077000000,2019-09-01T14:09:19.933000000,BOUNDARY_INTERVAL_ONLY_NOT_EXACT_PASS_TIME,NOT_IN_INHERITED_CANDIDATE_REVIEW,NOT_IN_INHERITED_CANDIDATE_REVIEW,BOUNDARY_TELEMETRY_DOES_NOT_ESTABLISH_PASS,prediction_windows_37.csv.gz + laptime_source_inventory_37.csv,,,FIXED_PAIR_CLASSIFIED_ORDER_REVERSED_AT_NEXT_LAP_BOUNDARY,FALSE,AUTOMATED_PROXY_LINK_UNREVIEWED
cb05220b841dfab251cb,2019:Belgian Grand Prix:Race,train,development_train,RAI,KUB,5,6,2688.292,2802.756,114.464,2019-09-01T13:24:48.506000000,2019-09-01T13:26:42.970000000,,2019:Belgian Grand Prix:Race|RAI|KUB|5|6,BOUNDARY_PROXY_KEY,OUTSIDE_INHERITED_CANDIDATE_UNIVERSE,OUTSIDE_CANDIDATE_UNIVERSE,AUTOMATED_PROXY_LINK_UNREVIEWED,RAI:18;KUB:17,RAI:17;KUB:18,NOT_AVAILABLE_FROM_BOUNDARY_LAPTIMES,2019-09-01T13:24:48.506000000,2019-09-01T13:26:42.970000000,BOUNDARY_INTERVAL_ONLY_NOT_EXACT_PASS_TIME,NOT_IN_INHERITED_CANDIDATE_REVIEW,NOT_IN_INHERITED_CANDIDATE_REVIEW,BOUNDARY_TELEMETRY_DOES_NOT_ESTABLISH_PASS,prediction_windows_37.csv.gz + laptime_source_inventory_37.csv,,,FIXED_PAIR_CLASSIFIED_ORDER_REVERSED_AT_NEXT_LAP_BOUNDARY,FALSE,AUTOMATED_PROXY_LINK_UNREVIEWED
ba06fee7ebf493e90703,2019:Belgian Grand Prix:Race,train,development_train,RIC,RUS,5,6,2687.53,2801.397,113.867,2019-09-01T13:24:47.744000000,2019-09-01T13:26:41.611000000,d94db06d83ea18d7c3ecc557,2019:Belgian Grand Prix:Race|RIC|RUS|5|6,INHERITED_CANDIDATE_ID,MATCHED_TO_INHERITED_CANDIDATE,UNRESOLVED,AUTOMATED_REVIEW_UNREVIEWED,RIC:16;RUS:15,RIC:15;RUS:16,NOT_AVAILABLE_FROM_FASTF1_POSITION_XYZ,2019-09-01T13:24:47.744000+00:00,2019-09-01T13:26:41.611000+00:00,1.202,NO_RELEVANT_PIT_ROW_FOUND_IN_CONTEXT,RC_RECORD_ON_DECISION_OR_ENDPOINT_LAP,"FastF1 car_data and pos_data present for selected race; pos_data contains XYZ/status, not classified running order or pass timestamp",event_review_37.csv + candidate source,https://raw.githubusercontent.com/TracingInsights/2019/38741496a2d3736954069c3301e33737ffb3d777/Belgian%20Grand%20Prix/Race/RIC/laptimes.json|https://raw.githubusercontent.com/TracingInsights/2019/38741496a2d3736954069c3301e33737ffb3d777/Belgian%20Grand%20Prix/Race/RUS/laptimes.json,bff8d6252f283797c64113a398d887fd4a6cab43bead12f34f4905b15052e1cb|d3c6ac711b68d825613f1b581994c36969e1628880c8561a44085de8e1374a64,FIXED_PAIR_CLASSIFIED_ORDER_REVERSED_AT_NEXT_LAP_BOUNDARY,FALSE,AUTOMATED_REVIEW_UNREVIEWED
07ab951f012900874f9b,2019:Belgian Grand Prix:Race,train,development_train,RIC,MAG,15,16,3811.533,3923.051,111.518,2019-09-01T13:43:31.747000000,2019-09-01T13:45:23.265000000,,2019:Belgian Grand Prix:Race|RIC|MAG|15|16,BOUNDARY_PROXY_KEY,OUTSIDE_INHERITED_CANDIDATE_UNIVERSE,OUTSIDE_CANDIDATE_UNIVERSE,AUTOMATED_PROXY_LINK_UNREVIEWED,RIC:12;MAG:11,RIC:10;MAG:11,NOT_AVAILABLE_FROM_BOUNDARY_LAPTIMES,2019-09-01T13:43:31.747000000,2019-09-01T13:45:23.265000000,BOUNDARY_INTERVAL_ONLY_NOT_EXACT_PASS_TIME,NOT_IN_INHERITED_CANDIDATE_REVIEW,NOT_IN_INHERITED_CANDIDATE_REVIEW,BOUNDARY_TELEMETRY_DOES_NOT_ESTABLISH_PASS,prediction_windows_37.csv.gz + laptime_source_inventory_37.csv,,,FIXED_PAIR_CLASSIFIED_ORDER_REVERSED_AT_NEXT_LAP_BOUNDARY,FALSE,AUTOMATED_PROXY_LINK_UNREVIEWED
2b3927ad852f2c11e6b9,2019:Belgian Grand Prix:Race,train,development_train,STR,GAS,12,13,3471.815,3580.246,108.431,2019-09-01T13:37:52.029000000,2019-09-01T13:39:40.460000000,,2019:Belgian Grand Prix:Race|STR|GAS|12|13,BOUNDARY_PROXY_KEY,OUTSIDE_INHERITED_CANDIDATE_UNIVERSE,OUTSIDE_CANDIDATE_UNIVERSE,AUTOMATED_PROXY_LINK_UNREVIEWED,STR:9;GAS:8,STR:8;GAS:9,NOT_AVAILABLE_FROM_BOUNDARY_LAPTIMES,2019-09-01T13:37:52.029000000,2019-09-01T13:39:40.460000000,BOUNDARY_INTERVAL_ONLY_NOT_EXACT_PASS_TIME,NOT_IN_INHERITED_CANDIDATE_REVIEW,NOT_IN_INHERITED_CANDIDATE_REVIEW,BOUNDARY_TELEMETRY_DOES_NOT_ESTABLISH_PASS,prediction_windows_37.csv.gz + laptime_source_inventory_37.csv,,,FIXED_PAIR_CLASSIFIED_ORDER_REVERSED_AT_NEXT_LAP_BOUNDARY,FALSE,AUTOMATED_PROXY_LINK_UNREVIEWED
cd642dc2583394092a94,2019:Belgian Grand Prix:Race,train,development_train,STR,RAI,18,19,4154.096,4267.3,113.204,2019-09-01T13:49:14.310000000,2019-09-01T13:51:07.514000000,,2019:Belgian Grand Prix:Race|STR|RAI|18|19,BOUNDARY_PROXY_KEY,OUTSIDE_INHERITED_CANDIDATE_UNIVERSE,OUTSIDE_CANDIDATE_UNIVERSE,AUTOMATED_PROXY_LINK_UNREVIEWED,STR:16;RAI:15,STR:15;RAI:16,NOT_AVAILABLE_FROM_BOUNDARY_LAPTIMES,2019-09-01T13:49:14.310000000,2019-09-01T13:51:07.514000000,BOUNDARY_INTERVAL_ONLY_NOT_EXACT_PASS_TIME,NOT_IN_INHERITED_CANDIDATE_REVIEW,NOT_IN_INHERITED_CANDIDATE_REVIEW,BOUNDARY_TELEMETRY_DOES_NOT_ESTABLISH_PASS,prediction_windows_37.csv.gz + laptime_source_inventory_37.csv,,,FIXED_PAIR_CLASSIFIED_ORDER_REVERSED_AT_NEXT_LAP_BOUNDARY,FALSE,AUTOMATED_PROXY_LINK_UNREVIEWED
776bfbb8f0f1612ff550,2019:Belgian Grand Prix:Race,train,development_train,VET,NOR,16,17,3901.757,4012.029,110.272,2019-09-01T13:44:51.125000000,2019-09-01T13:46:52.243000000,,2019:Belgian Grand Prix:Race|VET|NOR|16|17,BOUNDARY_PROXY_KEY,OUTSIDE_INHERITED_CANDIDATE_UNIVERSE,OUTSIDE_CANDIDATE_UNIVERSE,AUTOMATED_PROXY_LINK_UNREVIEWED,VET:5;NOR:4,VET:4;NOR:5,NOT_AVAILABLE_FROM_BOUNDARY_LAPTIMES,2019-09-01T13:44:51.125000000,2019-09-01T13:46:52.243000000,BOUNDARY_INTERVAL_ONLY_NOT_EXACT_PASS_TIME,NOT_IN_INHERITED_CANDIDATE_REVIEW,NOT_IN_INHERITED_CANDIDATE_REVIEW,BOUNDARY_TELEMETRY_DOES_NOT_ESTABLISH_PASS,prediction_windows_37.csv.gz + laptime_source_inventory_37.csv,,,FIXED_PAIR_CLASSIFIED_ORDER_REVERSED_AT_NEXT_LAP_BOUNDARY,FALSE,AUTOMATED_PROXY_LINK_UNREVIEWED
8e545f0dc22ae32095f1,2019:Brazilian Grand Prix:Race,train,development_train,ALB,HAM,65,66,6912.132,6982.377,70.245,2019-11-17T18:35:12.948000000,2019-11-17T18:36:23.193000000,eb7da33af6b0d4d77296217e,2019:Brazilian Grand Prix:Race|ALB|HAM|65|66,INHERITED_CANDIDATE_ID,MATCHED_TO_INHERITED_CANDIDATE,OTHER_POSITION_CHANGE,AUTOMATED_REVIEW_UNREVIEWED,ALB:3;HAM:2,ALB:2;HAM:3,NOT_AVAILABLE_FROM_FASTF1_POSITION_XYZ,2019-11-17T18:35:12.948000+00:00,2019-11-17T18:36:23.193000+00:00,2.502,PIT_LAP_OVERLAP_RECORDED_BUT_TIME_OF_DAY_ONLY,RC_RECORD_ON_DECISION_OR_ENDPOINT_LAP,"FastF1 car_data and pos_data present for selected race; pos_data contains XYZ/status, not classified running order or pass timestamp",event_review_37.csv + candidate source,https://raw.githubusercontent.com/TracingInsights/2019/38741496a2d3736954069c3301e33737ffb3d777/Brazilian%20Grand%20Prix/Race/ALB/laptimes.json|https://raw.githubusercontent.com/TracingInsights/2019/38741496a2d3736954069c3301e33737ffb3d777/Brazilian%20Grand%20Prix/Race/HAM/laptimes.json,0d3f05295e370e8cf322414ab063d1e694ca8f451ff0e0b61c9b9cf66b41308d|f5a3ae981cebeedf2e06403458f1fe49101c24c9f4ac2ec8944e4cc7c39d4863,FIXED_PAIR_CLASSIFIED_ORDER_REVERSED_AT_NEXT_LAP_BOUNDARY,FALSE,AUTOMATED_REVIEW_UNREVIEWED
fe6a44981dd85f23f3f2,2019:Brazilian Grand Prix:Race,train,development_train,GAS,SAI,28,29,4024.034,4096.523,72.489,2019-11-17T17:47:04.850000000,2019-11-17T17:48:17.339000000,31d6ea182539115ceaf99f68,2019:Brazilian Grand Prix:Race|GAS|SAI|28|29,INHERITED_CANDIDATE_ID,MATCHED_TO_INHERITED_CANDIDATE,OTHER_POSITION_CHANGE,AUTOMATED_REVIEW_UNREVIEWED,GAS:8;SAI:7,GAS:7;SAI:8,NOT_AVAILABLE_FROM_FASTF1_POSITION_XYZ,2019-11-17T17:47:04.850000+00:00,2019-11-17T17:48:17.339000+00:00,4.361,PIT_LAP_OVERLAP_RECORDED_BUT_TIME_OF_DAY_ONLY,RC_RECORD_ON_DECISION_OR_ENDPOINT_LAP,"FastF1 car_data and pos_data present for selected race; pos_data contains XYZ/status, not classified running order or pass timestamp",event_review_37.csv + candidate source,https://raw.githubusercontent.com/TracingInsights/2019/38741496a2d3736954069c3301e33737ffb3d777/Brazilian%20Grand%20Prix/Race/GAS/laptimes.json|https://raw.githubusercontent.com/TracingInsights/2019/38741496a2d3736954069c3301e33737ffb3d777/Brazilian%20Grand%20Prix/Race/SAI/laptimes.json,9ac707dcdaf85e50c926d24ee45588c90ca4461ca755184acc64df55899fe78a|9c3d69f0f629598a0b17c937b72af23b0f6c1849abd7633f521bcc41ad79f6ec,FIXED_PAIR_CLASSIFIED_ORDER_REVERSED_AT_NEXT_LAP_BOUNDARY,FALSE,AUTOMATED_REVIEW_UNREVIEWED
1944a3e95ccaf14c4837,2019:Brazilian Grand Prix:Race,train,development_train,GIO,MAG,4,5,2213.256,2288.001,74.745,2019-11-17T17:16:54.072000000,2019-11-17T17:18:08.817000000,3f6f326c4a47dcad6bd79002,2019:Brazilian Grand Prix:Race|GIO|MAG|4|5,INHERITED_CANDIDATE_ID,MATCHED_TO_INHERITED_CANDIDATE,UNRESOLVED,AUTOMATED_REVIEW_UNREVIEWED,GIO:11;MAG:10,GIO:10;MAG:11,NOT_AVAILABLE_FROM_FASTF1_POSITION_XYZ,2019-11-17T17:16:54.072000+00:00,2019-11-17T17:18:08.817000+00:00,1.235,NO_RELEVANT_PIT_ROW_FOUND_IN_CONTEXT,NO_RC_RECORD_ON_DECISION_OR_ENDPOINT_LAP,"FastF1 car_data and pos_data present for selected race; pos_data contains XYZ/status, not classified running order or pass timestamp",event_review_37.csv + candidate source,https://raw.githubusercontent.com/TracingInsights/2019/38741496a2d3736954069c3301e33737ffb3d777/Brazilian%20Grand%20Prix/Race/GIO/laptimes.json|https://raw.githubusercontent.com/TracingInsights/2019/38741496a2d3736954069c3301e33737ffb3d777/Brazilian%20Grand%20Prix/Race/MAG/laptimes.json,c2af56e13b8106767742682661f11b1f84e1d36383bc8b74e40168b2d1553886|fce11e3210c6959ca7f6e3507f23fcbcf1d319f256e5f32f1b14aec9a984a358,FIXED_PAIR_CLASSIFIED_ORDER_REVERSED_AT_NEXT_LAP_BOUNDARY,FALSE,AUTOMATED_REVIEW_UNREVIEWED
c59bdeba84322ea8a780,2019:Brazilian Grand Prix:Race,train,development_train,GRO,RAI,20,21,3414.772,3486.283,71.511,2019-11-17T17:36:55.588000000,2019-11-17T17:38:07.099000000,60f16a4d55effffe7a2b134a,2019:Brazilian Grand Prix:Race|GRO|RAI|20|21,INHERITED_CANDIDATE_ID,MATCHED_TO_INHERITED_CANDIDATE,OTHER_POSITION_CHANGE,AUTOMATED_REVIEW_UNREVIEWED,GRO:9;RAI:8,GRO:8;RAI:9,NOT_AVAILABLE_FROM_FASTF1_POSITION_XYZ,2019-11-17T17:36:55.588000+00:00,2019-11-17T17:38:07.099000+00:00,7.554,PIT_LAP_OVERLAP_RECORDED_BUT_TIME_OF_DAY_ONLY,RC_RECORD_ON_DECISION_OR_ENDPOINT_LAP,"FastF1 car_data and pos_data present for selected race; pos_data contains XYZ/status, not classified running order or pass timestamp",event_review_37.csv + candidate source,https://raw.githubusercontent.com/TracingInsights/2019/38741496a2d3736954069c3301e33737ffb3d777/Brazilian%20Grand%20Prix/Race/GRO/laptimes.json|https://raw.githubusercontent.com/TracingInsights/2019/38741496a2d3736954069c3301e33737ffb3d777/Brazilian%20Grand%20Prix/Race/RAI/laptimes.json,514b7c5763271b0d748c12eceb40240f8d0ef3286f3d8aaefb38ae81f47aed23|c663792d149371690825870ce911d24c42b7d323732214cfc13d820ea29909cc,FIXED_PAIR_CLASSIFIED_ORDER_REVERSED_AT_NEXT_LAP_BOUNDARY,FALSE,AUTOMATED_REVIEW_UNREVIEWED
62013eabffe8c4606fef,2019:Brazilian Grand Prix:Race,train,development_train,HAM,ALB,23,24,3621.44,3695.246,73.806,2019-11-17T17:40:22.256000000,2019-11-17T17:41:36.062000000,,2019:Brazilian Grand Prix:Race|HAM|ALB|23|24,BOUNDARY_PROXY_KEY,OUTSIDE_INHERITED_CANDIDATE_UNIVERSE,OUTSIDE_CANDIDATE_UNIVERSE,AUTOMATED_PROXY_LINK_UNREVIEWED,HAM:5;ALB:4,HAM:4;ALB:6,NOT_AVAILABLE_FROM_BOUNDARY_LAPTIMES,2019-11-17T17:40:22.256000000,2019-11-17T17:41:36.062000000,BOUNDARY_INTERVAL_ONLY_NOT_EXACT_PASS_TIME,NOT_IN_INHERITED_CANDIDATE_REVIEW,NOT_IN_INHERITED_CANDIDATE_REVIEW,BOUNDARY_TELEMETRY_DOES_NOT_ESTABLISH_PASS,prediction_windows_37.csv.gz + laptime_source_inventory_37.csv,,,FIXED_PAIR_CLASSIFIED_ORDER_REVERSED_AT_NEXT_LAP_BOUNDARY,FALSE,AUTOMATED_PROXY_LINK_UNREVIEWED
3d6821a7e9c671d26631,2019:Brazilian Grand Prix:Race,train,development_train,HUL,PER,16,17,3122.381,3196.11,73.729,2019-11-17T17:32:03.197000000,2019-11-17T17:33:16.926000000,d93b7425ef93c613bc45e5fd,2019:Brazilian Grand Prix:Race|HUL|PER|16|17,INHERITED_CANDIDATE_ID,MATCHED_TO_INHERITED_CANDIDATE,OTHER_POSITION_CHANGE,AUTOMATED_REVIEW_UNREVIEWED,HUL:15;PER:14,HUL:14;PER:16,NOT_AVAILABLE_FROM_FASTF1_POSITION_XYZ,2019-11-17T17:32:03.197000+00:00,2019-11-17T17:33:16.926000+00:00,2.761,PIT_LAP_OVERLAP_RECORDED_BUT_TIME_OF_DAY_ONLY,NO_RC_RECORD_ON_DECISION_OR_ENDPOINT_LAP,"FastF1 car_data and pos_data present for selected race; pos_data contains XYZ/status, not classified running order or pass timestamp",event_review_37.csv + candidate source,https://raw.githubusercontent.com/TracingInsights/2019/38741496a2d3736954069c3301e33737ffb3d777/Brazilian%20Grand%20Prix/Race/HUL/laptimes.json|https://raw.githubusercontent.com/TracingInsights/2019/38741496a2d3736954069c3301e33737ffb3d777/Brazilian%20Grand%20Prix/Race/PER/laptimes.json,22f2863e9a881402c3d0281970ce5627db1d0c54caf01c4e6337502ea2f09b82|9a744414b2019b438fedbaf06bb8578eaa01dff7845a6c6154da75ee5281b457,FIXED_PAIR_CLASSIFIED_ORDER_REVERSED_AT_NEXT_LAP_BOUNDARY,FALSE,AUTOMATED_REVIEW_UNREVIEWED
b0aeb1b4af9ed67cf5ed,2019:Brazilian Grand Prix:Race,train,development_train,KVY,GRO,64,65,6857.086,6931.412,74.326,2019-11-17T18:34:17.902000000,2019-11-17T18:35:32.228000000,,2019:Brazilian Grand Prix:Race|KVY|GRO|64|65,BOUNDARY_PROXY_KEY,OUTSIDE_INHERITED_CANDIDATE_UNIVERSE,OUTSIDE_CANDIDATE_UNIVERSE,AUTOMATED_PROXY_LINK_UNREVIEWED,KVY:17;GRO:16,KVY:16;GRO:18,NOT_AVAILABLE_FROM_BOUNDARY_LAPTIMES,2019-11-17T18:34:17.902000000,2019-11-17T18:35:32.228000000,BOUNDARY_INTERVAL_ONLY_NOT_EXACT_PASS_TIME,NOT_IN_INHERITED_CANDIDATE_REVIEW,NOT_IN_INHERITED_CANDIDATE_REVIEW,BOUNDARY_TELEMETRY_DOES_NOT_ESTABLISH_PASS,prediction_windows_37.csv.gz + laptime_source_inventory_37.csv,,,FIXED_PAIR_CLASSIFIED_ORDER_REVERSED_AT_NEXT_LAP_BOUNDARY,FALSE,AUTOMATED_PROXY_LINK_UNREVIEWED
cad58b28c4dde33eb13c,2019:Brazilian Grand Prix:Race,train,development_train,LEC,MAG,2,3,2062.745,2137.336,74.591,2019-11-17T17:14:23.561000000,2019-11-17T17:15:38.152000000,d379c937a398528ed4c360a6,2019:Brazilian Grand Prix:Race|LEC|MAG|2|3,INHERITED_CANDIDATE_ID,MATCHED_TO_INHERITED_CANDIDATE,UNRESOLVED,AUTOMATED_REVIEW_UNREVIEWED,LEC:10;MAG:9,LEC:9;MAG:10,NOT_AVAILABLE_FROM_FASTF1_POSITION_XYZ,2019-11-17T17:14:23.561000+00:00,2019-11-17T17:15:38.152000+00:00,1.612,NO_RELEVANT_PIT_ROW_FOUND_IN_CONTEXT,RC_RECORD_ON_DECISION_OR_ENDPOINT_LAP,"FastF1 car_data and pos_data present for selected race; pos_data contains XYZ/status, not classified running order or pass timestamp",event_review_37.csv + candidate source,https://raw.githubusercontent.com/TracingInsights/2019/38741496a2d3736954069c3301e33737ffb3d777/Brazilian%20Grand%20Prix/Race/LEC/laptimes.json|https://raw.githubusercontent.com/TracingInsights/2019/38741496a2d3736954069c3301e33737ffb3d777/Brazilian%20Grand%20Prix/Race/MAG/laptimes.json,6a93e3941dabaf9ac77905fc4987afae193b8f85fbc426a7684e9332ef7aca47|c2af56e13b8106767742682661f11b1f84e1d36383bc8b74e40168b2d1553886,FIXED_PAIR_CLASSIFIED_ORDER_REVERSED_AT_NEXT_LAP_BOUNDARY,FALSE,AUTOMATED_REVIEW_UNREVIEWED
00daf15c773070285342,2019:Brazilian Grand Prix:Race,train,development_train,LEC,GRO,4,5,2212.427,2286.076,73.649,2019-11-17T17:16:53.243000000,2019-11-17T17:18:06.892000000,,2019:Brazilian Grand Prix:Race|LEC|GRO|4|5,BOUNDARY_PROXY_KEY,OUTSIDE_INHERITED_CANDIDATE_UNIVERSE,OUTSIDE_CANDIDATE_UNIVERSE,AUTOMATED_PROXY_LINK_UNREVIEWED,LEC:9;GRO:8,LEC:8;GRO:9,NOT_AVAILABLE_FROM_BOUNDARY_LAPTIMES,2019-11-17T17:16:53.243000000,2019-11-17T17:18:06.892000000,BOUNDARY_INTERVAL_ONLY_NOT_EXACT_PASS_TIME,NOT_IN_INHERITED_CANDIDATE_REVIEW,NOT_IN_INHERITED_CANDIDATE_REVIEW,BOUNDARY_TELEMETRY_DOES_NOT_ESTABLISH_PASS,prediction_windows_37.csv.gz + laptime_source_inventory_37.csv,,,FIXED_PAIR_CLASSIFIED_ORDER_REVERSED_AT_NEXT_LAP_BOUNDARY,FALSE,AUTOMATED_PROXY_LINK_UNREVIEWED
f40ef0f1c70c1ace629a,2019:Brazilian Grand Prix:Race,train,development_train,LEC,RAI,6,7,2360.452,2434.62,74.168,2019-11-17T17:19:21.268000000,2019-11-17T17:20:35.436000000,971eb373bfc153e434c5fcde,2019:Brazilian Grand Prix:Race|LEC|RAI|6|7,INHERITED_CANDIDATE_ID,MATCHED_TO_INHERITED_CANDIDATE,UNRESOLVED,AUTOMATED_REVIEW_UNREVIEWED,LEC:8;RAI:7,LEC:7;RAI:8,NOT_AVAILABLE_FROM_FASTF1_POSITION_XYZ,2019-11-17T17:19:21.268000+00:00,2019-11-17T17:20:35.436000+00:00,0.849,NO_RELEVANT_PIT_ROW_FOUND_IN_CONTEXT,NO_RC_RECORD_ON_DECISION_OR_ENDPOINT_LAP,"FastF1 car_data and pos_data present for selected race; pos_data contains XYZ/status, not classified running order or pass timestamp",event_review_37.csv + candidate source,https://raw.githubusercontent.com/TracingInsights/2019/38741496a2d3736954069c3301e33737ffb3d777/Brazilian%20Grand%20Prix/Race/LEC/laptimes.json|https://raw.githubusercontent.com/TracingInsights/2019/38741496a2d3736954069c3301e33737ffb3d777/Brazilian%20Grand%20Prix/Race/RAI/laptimes.json,514b7c5763271b0d748c12eceb40240f8d0ef3286f3d8aaefb38ae81f47aed23|6a93e3941dabaf9ac77905fc4987afae193b8f85fbc426a7684e9332ef7aca47,FIXED_PAIR_CLASSIFIED_ORDER_REVERSED_AT_NEXT_LAP_BOUNDARY,FALSE,AUTOMATED_REVIEW_UNREVIEWED
8a81473a827f68163682,2019:Brazilian Grand Prix:Race,train,development_train,NOR,MAG,5,6,2288.938,2440.888,151.95,2019-11-17T17:18:09.754000000,2019-11-17T17:20:41.704000000,,2019:Brazilian Grand Prix:Race|NOR|MAG|5|6,BOUNDARY_PROXY_KEY,OUTSIDE_INHERITED_CANDIDATE_UNIVERSE,OUTSIDE_CANDIDATE_UNIVERSE,AUTOMATED_PROXY_LINK_UNREVIEWED,NOR:12;MAG:11,NOR:11;MAG:12,NOT_AVAILABLE_FROM_BOUNDARY_LAPTIMES,2019-11-17T17:18:09.754000000,2019-11-17T17:20:41.704000000,BOUNDARY_INTERVAL_ONLY_NOT_EXACT_PASS_TIME,NOT_IN_INHERITED_CANDIDATE_REVIEW,NOT_IN_INHERITED_CANDIDATE_REVIEW,BOUNDARY_TELEMETRY_DOES_NOT_ESTABLISH_PASS,prediction_windows_37.csv.gz + laptime_source_inventory_37.csv,,,FIXED_PAIR_CLASSIFIED_ORDER_REVERSED_AT_NEXT_LAP_BOUNDARY,FALSE,AUTOMATED_PROXY_LINK_UNREVIEWED
aefc961df49bcf4e160e,2019:Brazilian Grand Prix:Race,train,development_train,NOR,GIO,19,20,3341.942,3416.029,74.087,2019-11-17T17:35:42.758000000,2019-11-17T17:36:56.845000000,,2019:Brazilian Grand Prix:Race|NOR|GIO|19|20,BOUNDARY_PROXY_KEY,OUTSIDE_INHERITED_CANDIDATE_UNIVERSE,OUTSIDE_CANDIDATE_UNIVERSE,AUTOMATED_PROXY_LINK_UNREVIEWED,NOR:11;GIO:10,NOR:10;GIO:12,NOT_AVAILABLE_FROM_BOUNDARY_LAPTIMES,2019-11-17T17:35:42.758000000,2019-11-17T17:36:56.845000000,BOUNDARY_INTERVAL_ONLY_NOT_EXACT_PASS_TIME,NOT_IN_INHERITED_CANDIDATE_REVIEW,NOT_IN_INHERITED_CANDIDATE_REVIEW,BOUNDARY_TELEMETRY_DOES_NOT_ESTABLISH_PASS,prediction_windows_37.csv.gz + laptime_source_inventory_37.csv,,,FIXED_PAIR_CLASSIFIED_ORDER_REVERSED_AT_NEXT_LAP_BOUNDARY,FALSE,AUTOMATED_PROXY_LINK_UNREVIEWED
afe5eeca1494610f1cea,2019:Brazilian Grand Prix:Race,train,development_train,PER,GRO,62,63,6706.32,6780.299,73.979,2019-11-17T18:31:47.136000000,2019-11-17T18:33:01.115000000,,2019:Brazilian Grand Prix:Race|PER|GRO|62|63,BOUNDARY_PROXY_KEY,OUTSIDE_INHERITED_CANDIDATE_UNIVERSE,OUTSIDE_CANDIDATE_UNIVERSE,AUTOMATED_PROXY_LINK_UNREVIEWED,PER:13;GRO:12,PER:12;GRO:13,NOT_AVAILABLE_FROM_BOUNDARY_LAPTIMES,2019-11-17T18:31:47.136000000,2019-11-17T18:33:01.115000000,BOUNDARY_INTERVAL_ONLY_NOT_EXACT_PASS_TIME,NOT_IN_INHERITED_CANDIDATE_REVIEW,NOT_IN_INHERITED_CANDIDATE_REVIEW,BOUNDARY_TELEMETRY_DOES_NOT_ESTABLISH_PASS,prediction_windows_37.csv.gz + laptime_source_inventory_37.csv,,,FIXED_PAIR_CLASSIFIED_ORDER_REVERSED_AT_NEXT_LAP_BOUNDARY,FALSE,AUTOMATED_PROXY_LINK_UNREVIEWED
9dabaeee154fc84acf20,2019:Brazilian Grand Prix:Race,train,development_train,RIC,MAG,7,8,2443.794,2517.412,73.618,2019-11-17T17:20:42.405000000,2019-11-17T17:21:58.228000000,,2019:Brazilian Grand Prix:Race|RIC|MAG|7|8,BOUNDARY_PROXY_KEY,OUTSIDE_INHERITED_CANDIDATE_UNIVERSE,OUTSIDE_CANDIDATE_UNIVERSE,AUTOMATED_PROXY_LINK_UNREVIEWED,RIC:14;MAG:13,RIC:17;MAG:19,NOT_AVAILABLE_FROM_BOUNDARY_LAPTIMES,2019-11-17T17:20:42.405000000,2019-11-17T17:21:58.228000000,BOUNDARY_INTERVAL_ONLY_NOT_EXACT_PASS_TIME,NOT_IN_INHERITED_CANDIDATE_REVIEW,NOT_IN_INHERITED_CANDIDATE_REVIEW,BOUNDARY_TELEMETRY_DOES_NOT_ESTABLISH_PASS,prediction_windows_37.csv.gz + laptime_source_inventory_37.csv,,,FIXED_PAIR_CLASSIFIED_ORDER_REVERSED_AT_NEXT_LAP_BOUNDARY,FALSE,AUTOMATED_PROXY_LINK_UNREVIEWED
c0bcc9dea3fe9d83c81a,2019:Brazilian Grand Prix:Race,train,development_train,RIC,KUB,16,17,3142.667,3217.679,75.012,2019-11-17T17:32:23.483000000,2019-11-17T17:33:38.495000000,,2019:Brazilian Grand Prix:Race|RIC|KUB|16|17,BOUNDARY_PROXY_KEY,OUTSIDE_INHERITED_CANDIDATE_UNIVERSE,OUTSIDE_CANDIDATE_UNIVERSE,AUTOMATED_PROXY_LINK_UNREVIEWED,RIC:19;KUB:18,RIC:18;KUB:19,NOT_AVAILABLE_FROM_BOUNDARY_LAPTIMES,2019-11-17T17:32:23.483000000,2019-11-17T17:33:38.495000000,BOUNDARY_INTERVAL_ONLY_NOT_EXACT_PASS_TIME,NOT_IN_INHERITED_CANDIDATE_REVIEW,NOT_IN_INHERITED_CANDIDATE_REVIEW,BOUNDARY_TELEMETRY_DOES_NOT_ESTABLISH_PASS,prediction_windows_37.csv.gz + laptime_source_inventory_37.csv,,,FIXED_PAIR_CLASSIFIED_ORDER_REVERSED_AT_NEXT_LAP_BOUNDARY,FALSE,AUTOMATED_PROXY_LINK_UNREVIEWED
e073cc77e512b672bec5,2019:Brazilian Grand Prix:Race,train,development_train,RUS,KUB,19,20,3373.573,3449.336,75.763,2019-11-17T17:36:14.389000000,2019-11-17T17:37:30.152000000,,2019:Brazilian Grand Prix:Race|RUS|KUB|19|20,BOUNDARY_PROXY_KEY,OUTSIDE_INHERITED_CANDIDATE_UNIVERSE,OUTSIDE_CANDIDATE_UNIVERSE,AUTOMATED_PROXY_LINK_UNREVIEWED,RUS:20;KUB:19,RUS:19;KUB:20,NOT_AVAILABLE_FROM_BOUNDARY_LAPTIMES,2019-11-17T17:36:14.389000000,2019-11-17T17:37:30.152000000,BOUNDARY_INTERVAL_ONLY_NOT_EXACT_PASS_TIME,NOT_IN_INHERITED_CANDIDATE_REVIEW,NOT_IN_INHERITED_CANDIDATE_REVIEW,BOUNDARY_TELEMETRY_DOES_NOT_ESTABLISH_PASS,prediction_windows_37.csv.gz + laptime_source_inventory_37.csv,,,FIXED_PAIR_CLASSIFIED_ORDER_REVERSED_AT_NEXT_LAP_BOUNDARY,FALSE,AUTOMATED_PROXY_LINK_UNREVIEWED
aba39fa5f2f582d142a9,2019:Brazilian Grand Prix:Race,train,development_train,SAI,HUL,2,3,2064.986,2141.075,76.089,2019-11-17T17:14:25.802000000,2019-11-17T17:15:41.891000000,,2019:Brazilian Grand Prix:Race|SAI|HUL|2|3,BOUNDARY_PROXY_KEY,OUTSIDE_INHERITED_CANDIDATE_UNIVERSE,OUTSIDE_CANDIDATE_UNIVERSE,AUTOMATED_PROXY_LINK_UNREVIEWED,SAI:17;HUL:16,SAI:16;HUL:17,NOT_AVAILABLE_FROM_BOUNDARY_LAPTIMES,2019-11-17T17:14:25.802000000,2019-11-17T17:15:41.891000000,BOUNDARY_INTERVAL_ONLY_NOT_EXACT_PASS_TIME,NOT_IN_INHERITED_CANDIDATE_REVIEW,NOT_IN_INHERITED_CANDIDATE_REVIEW,BOUNDARY_TELEMETRY_DOES_NOT_ESTABLISH_PASS,prediction_windows_37.csv.gz + laptime_source_inventory_37.csv,,,FIXED_PAIR_CLASSIFIED_ORDER_REVERSED_AT_NEXT_LAP_BOUNDARY,FALSE,AUTOMATED_PROXY_LINK_UNREVIEWED
bcccba9db377f3c06743,2019:Brazilian Grand Prix:Race,train,development_train,SAI,RIC,7,8,2442.239,2517.753,75.514,2019-11-17T17:20:43.055000000,2019-11-17T17:21:58.569000000,,2019:Brazilian Grand Prix:Race|SAI|RIC|7|8,BOUNDARY_PROXY_KEY,OUTSIDE_INHERITED_CANDIDATE_UNIVERSE,OUTSIDE_CANDIDATE_UNIVERSE,AUTOMATED_PROXY_LINK_UNREVIEWED,SAI:15;RIC:14,SAI:13;RIC:17,NOT_AVAILABLE_FROM_BOUNDARY_LAPTIMES,2019-11-17T17:20:43.055000000,2019-11-17T17:21:58.569000000,BOUNDARY_INTERVAL_ONLY_NOT_EXACT_PASS_TIME,NOT_IN_INHERITED_CANDIDATE_REVIEW,NOT_IN_INHERITED_CANDIDATE_REVIEW,BOUNDARY_TELEMETRY_DOES_NOT_ESTABLISH_PASS,prediction_windows_37.csv.gz + laptime_source_inventory_37.csv,,,FIXED_PAIR_CLASSIFIED_ORDER_REVERSED_AT_NEXT_LAP_BOUNDARY,FALSE,AUTOMATED_PROXY_LINK_UNREVIEWED
1d296cce9eea117d9d9d,2019:Brazilian Grand Prix:Race,train,development_train,STR,MAG,6,7,2440.888,2443.794,2.906,2019-11-17T17:19:26.533000000,2019-11-17T17:20:44.610000000,,2019:Brazilian Grand Prix:Race|STR|MAG|6|7,BOUNDARY_PROXY_KEY,OUTSIDE_INHERITED_CANDIDATE_UNIVERSE,OUTSIDE_CANDIDATE_UNIVERSE,AUTOMATED_PROXY_LINK_UNREVIEWED,STR:13;MAG:12,STR:12;MAG:13,NOT_AVAILABLE_FROM_BOUNDARY_LAPTIMES,2019-11-17T17:19:26.533000000,2019-11-17T17:20:44.610000000,BOUNDARY_INTERVAL_ONLY_NOT_EXACT_PASS_TIME,NOT_IN_INHERITED_CANDIDATE_REVIEW,NOT_IN_INHERITED_CANDIDATE_REVIEW,BOUNDARY_TELEMETRY_DOES_NOT_ESTABLISH_PASS,prediction_windows_37.csv.gz + laptime_source_inventory_37.csv,,,FIXED_PAIR_CLASSIFIED_ORDER_REVERSED_AT_NEXT_LAP_BOUNDARY,FALSE,AUTOMATED_PROXY_LINK_UNREVIEWED
7c18de02829ffe2f573d,2019:Brazilian Grand Prix:Race,train,development_train,VET,LEC,28,29,4000.354,4072.485,72.131,2019-11-17T17:46:41.170000000,2019-11-17T17:47:53.301000000,,2019:Brazilian Grand Prix:Race|VET|LEC|28|29,BOUNDARY_PROXY_KEY,OUTSIDE_INHERITED_CANDIDATE_UNIVERSE,OUTSIDE_CANDIDATE_UNIVERSE,AUTOMATED_PROXY_LINK_UNREVIEWED,VET:4;LEC:3,VET:3;LEC:4,NOT_AVAILABLE_FROM_BOUNDARY_LAPTIMES,2019-11-17T17:46:41.170000000,2019-11-17T17:47:53.301000000,BOUNDARY_INTERVAL_ONLY_NOT_EXACT_PASS_TIME,NOT_IN_INHERITED_CANDIDATE_REVIEW,NOT_IN_INHERITED_CANDIDATE_REVIEW,BOUNDARY_TELEMETRY_DOES_NOT_ESTABLISH_PASS,prediction_windows_37.csv.gz + laptime_source_inventory_37.csv,,,FIXED_PAIR_CLASSIFIED_ORDER_REVERSED_AT_NEXT_LAP_BOUNDARY,FALSE,AUTOMATED_PROXY_LINK_UNREVIEWED
2c462a9e790a781acc25,2019:British Grand Prix:Race,train,development_train,ALB,HUL,11,12,2926.136,3018.153,92.017,2019-07-14T13:28:46.403000000,2019-07-14T13:30:18.420000000,f9952f350e1e9d5798c9fa6d,2019:British Grand Prix:Race|ALB|HUL|11|12,INHERITED_CANDIDATE_ID,MATCHED_TO_INHERITED_CANDIDATE,UNRESOLVED,AUTOMATED_REVIEW_UNREVIEWED,ALB:10;HUL:9,ALB:9;HUL:10,NOT_AVAILABLE_FROM_FASTF1_POSITION_XYZ,2019-07-14T13:28:46.403000+00:00,2019-07-14T13:30:18.420000+00:00,1.396,NO_RELEVANT_PIT_ROW_FOUND_IN_CONTEXT,NO_RC_RECORD_ON_DECISION_OR_ENDPOINT_LAP,"FastF1 car_data and pos_data present for selected race; pos_data contains XYZ/status, not classified running order or pass timestamp",event_review_37.csv + candidate source,https://raw.githubusercontent.com/TracingInsights/2019/38741496a2d3736954069c3301e33737ffb3d777/British%20Grand%20Prix/Race/ALB/laptimes.json|https://raw.githubusercontent.com/TracingInsights/2019/38741496a2d3736954069c3301e33737ffb3d777/British%20Grand%20Prix/Race/HUL/laptimes.json,73da671c144a827ada394160a173a9e7d9cf8d974c20f86cf5b438689df64e28|7e1c0304b41eaabc98e0c2d9728ceda68263fbec38d22342778b080695915073,FIXED_PAIR_CLASSIFIED_ORDER_REVERSED_AT_NEXT_LAP_BOUNDARY,FALSE,AUTOMATED_REVIEW_UNREVIEWED
738dc86c8e8dff180516,2019:British Grand Prix:Race,train,development_train,ALB,RUS,14,15,3222.0,3315.801,93.801,2019-07-14T13:33:24.788000000,2019-07-14T13:35:16.068000000,d40bdd96c34e2acaaea9439c,2019:British Grand Prix:Race|ALB|RUS|14|15,INHERITED_CANDIDATE_ID,MATCHED_TO_INHERITED_CANDIDATE,UNRESOLVED,AUTOMATED_REVIEW_UNREVIEWED,ALB:14;RUS:13,ALB:13;RUS:14,NOT_AVAILABLE_FROM_FASTF1_POSITION_XYZ,2019-07-14T13:33:42.267000+00:00,2019-07-14T13:35:16.068000+00:00,19.134,NO_RELEVANT_PIT_ROW_FOUND_IN_CONTEXT,NO_RC_RECORD_ON_DECISION_OR_ENDPOINT_LAP,"FastF1 car_data and pos_data present for selected race; pos_data contains XYZ/status, not classified running order or pass timestamp",event_review_37.csv + candidate source,https://raw.githubusercontent.com/TracingInsights/2019/38741496a2d3736954069c3301e33737ffb3d777/British%20Grand%20Prix/Race/ALB/laptimes.json|https://raw.githubusercontent.com/TracingInsights/2019/38741496a2d3736954069c3301e33737ffb3d777/British%20Grand%20Prix/Race/RUS/laptimes.json,7e1c0304b41eaabc98e0c2d9728ceda68263fbec38d22342778b080695915073|b0bc66fb4f9d016ad30248a857550d3610930f26d90eb71aace166189cbf46fc,FIXED_PAIR_CLASSIFIED_ORDER_REVERSED_AT_NEXT_LAP_BOUNDARY,FALSE,AUTOMATED_REVIEW_UNREVIEWED
01a1632b4010353195d9,2019:British Grand Prix:Race,train,development_train,GAS,VET,11,12,2912.585,3004.396,91.811,2019-07-14T13:28:32.852000000,2019-07-14T13:30:04.663000000,b67f8743a04c04a1ba7a81d9,2019:British Grand Prix:Race|GAS|VET|11|12,INHERITED_CANDIDATE_ID,MATCHED_TO_INHERITED_CANDIDATE,OTHER_POSITION_CHANGE,AUTOMATED_REVIEW_UNREVIEWED,GAS:6;VET:5,GAS:5;VET:6,NOT_AVAILABLE_FROM_FASTF1_POSITION_XYZ,2019-07-14T13:28:32.852000+00:00,2019-07-14T13:30:04.663000+00:00,1.352,PIT_LAP_OVERLAP_RECORDED_BUT_TIME_OF_DAY_ONLY,NO_RC_RECORD_ON_DECISION_OR_ENDPOINT_LAP,"FastF1 car_data and pos_data present for selected race; pos_data contains XYZ/status, not classified running order or pass timestamp",event_review_37.csv + candidate source,https://raw.githubusercontent.com/TracingInsights/2019/38741496a2d3736954069c3301e33737ffb3d777/British%20Grand%20Prix/Race/GAS/laptimes.json|https://raw.githubusercontent.com/TracingInsights/2019/38741496a2d3736954069c3301e33737ffb3d777/British%20Grand%20Prix/Race/VET/laptimes.json,4f5305a68ef8f296da4677245b02e6066fa2f0e64b9301a0e819d92ec4fd4196|aae421a3c5ef0910f8c233d07f3038c96489e3bd286f3cfb4acb04cfd007436d,FIXED_PAIR_CLASSIFIED_ORDER_REVERSED_AT_NEXT_LAP_BOUNDARY,FALSE,AUTOMATED_REVIEW_UNREVIEWED
de89d206e33b1cf924aa,2019:British Grand Prix:Race,train,development_train,HUL,RUS,15,16,3319.291,3410.558,91.267,2019-07-14T13:35:19.558000000,2019-07-14T13:36:50.825000000,6deb5ff3d10207b3c778f419,2019:British Grand Prix:Race|HUL|RUS|15|16,INHERITED_CANDIDATE_ID,MATCHED_TO_INHERITED_CANDIDATE,UNRESOLVED,AUTOMATED_REVIEW_UNREVIEWED,HUL:15;RUS:14,HUL:14;RUS:15,NOT_AVAILABLE_FROM_FASTF1_POSITION_XYZ,2019-07-14T13:35:19.558000+00:00,2019-07-14T13:36:50.825000+00:00,4.518,NO_RELEVANT_PIT_ROW_FOUND_IN_CONTEXT,NO_RC_RECORD_ON_DECISION_OR_ENDPOINT_LAP,"FastF1 car_data and pos_data present for selected race; pos_data contains XYZ/status, not classified running order or pass timestamp",event_review_37.csv + candidate source,https://raw.githubusercontent.com/TracingInsights/2019/38741496a2d3736954069c3301e33737ffb3d777/British%20Grand%20Prix/Race/HUL/laptimes.json|https://raw.githubusercontent.com/TracingInsights/2019/38741496a2d3736954069c3301e33737ffb3d777/British%20Grand%20Prix/Race/RUS/laptimes.json,73da671c144a827ada394160a173a9e7d9cf8d974c20f86cf5b438689df64e28|b0bc66fb4f9d016ad30248a857550d3610930f26d90eb71aace166189cbf46fc,FIXED_PAIR_CLASSIFIED_ORDER_REVERSED_AT_NEXT_LAP_BOUNDARY,FALSE,AUTOMATED_REVIEW_UNREVIEWED
7ef40ffa4de7d4a449e3,2019:British Grand Prix:Race,train,development_train,HUL,ALB,50,51,6659.635,6748.727,89.092,2019-07-14T14:30:59.902000000,2019-07-14T14:32:28.994000000,,2019:British Grand Prix:Race|HUL|ALB|50|51,BOUNDARY_PROXY_KEY,OUTSIDE_INHERITED_CANDIDATE_UNIVERSE,OUTSIDE_CANDIDATE_UNIVERSE,AUTOMATED_PROXY_LINK_UNREVIEWED,HUL:11;ALB:10,HUL:10;ALB:11,NOT_AVAILABLE_FROM_BOUNDARY_LAPTIMES,2019-07-14T14:30:59.902000000,2019-07-14T14:32:28.994000000,BOUNDARY_INTERVAL_ONLY_NOT_EXACT_PASS_TIME,NOT_IN_INHERITED_CANDIDATE_REVIEW,NOT_IN_INHERITED_CANDIDATE_REVIEW,BOUNDARY_TELEMETRY_DOES_NOT_ESTABLISH_PASS,prediction_windows_37.csv.gz + laptime_source_inventory_37.csv,,,FIXED_PAIR_CLASSIFIED_ORDER_REVERSED_AT_NEXT_LAP_BOUNDARY,FALSE,AUTOMATED_PROXY_LINK_UNREVIEWED
52c36724e55d914578f0,2019:British Grand Prix:Race,train,development_train,KVY,KUB,15,16,3323.97,3415.506,91.536,2019-07-14T13:35:24.237000000,2019-07-14T13:36:55.773000000,,2019:British Grand Prix:Race|KVY|KUB|15|16,BOUNDARY_PROXY_KEY,OUTSIDE_INHERITED_CANDIDATE_UNIVERSE,OUTSIDE_CANDIDATE_UNIVERSE,AUTOMATED_PROXY_LINK_UNREVIEWED,KVY:17;KUB:16,KVY:16;KUB:18,NOT_AVAILABLE_FROM_BOUNDARY_LAPTIMES,2019-07-14T13:35:24.237000000,2019-07-14T13:36:55.773000000,BOUNDARY_INTERVAL_ONLY_NOT_EXACT_PASS_TIME,NOT_IN_INHERITED_CANDIDATE_REVIEW,NOT_IN_INHERITED_CANDIDATE_REVIEW,BOUNDARY_TELEMETRY_DOES_NOT_ESTABLISH_PASS,prediction_windows_37.csv.gz + laptime_source_inventory_37.csv,,,FIXED_PAIR_CLASSIFIED_ORDER_REVERSED_AT_NEXT_LAP_BOUNDARY,FALSE,AUTOMATED_PROXY_LINK_UNREVIEWED
a8840f7dd98016c17b89,2019:British Grand Prix:Race,train,development_train,KVY,RAI,18,19,3600.461,3692.872,92.411,2019-07-14T13:40:00.728000000,2019-07-14T13:41:33.139000000,93dad98f7c758b9d26b4b104,2019:British Grand Prix:Race|KVY|RAI|18|19,INHERITED_CANDIDATE_ID,MATCHED_TO_INHERITED_CANDIDATE,UNRESOLVED,AUTOMATED_REVIEW_UNREVIEWED,KVY:16;RAI:15,KVY:13;RAI:15,NOT_AVAILABLE_FROM_FASTF1_POSITION_XYZ,2019-07-14T13:40:00.728000+00:00,2019-07-14T13:41:33.139000+00:00,20.777,NO_RELEVANT_PIT_ROW_FOUND_IN_CONTEXT,RC_RECORD_ON_DECISION_OR_ENDPOINT_LAP,"FastF1 car_data and pos_data present for selected race; pos_data contains XYZ/status, not classified running order or pass timestamp",event_review_37.csv + candidate source,https://raw.githubusercontent.com/TracingInsights/2019/38741496a2d3736954069c3301e33737ffb3d777/British%20Grand%20Prix/Race/KVY/laptimes.json|https://raw.githubusercontent.com/TracingInsights/2019/38741496a2d3736954069c3301e33737ffb3d777/British%20Grand%20Prix/Race/RAI/laptimes.json,0a92d838c0c46a11968c9b4e7731644e5713f11c71db0e3ddda88b463cd476c3|7529de69490d8fe0aad0333438fe4ba2bc4294c15255accf4bdcecd441167cca,FIXED_PAIR_CLASSIFIED_ORDER_REVERSED_AT_NEXT_LAP_BOUNDARY,FALSE,AUTOMATED_REVIEW_UNREVIEWED
92a27ead6551a92a36dc,2019:British Grand Prix:Race,train,development_train,KVY,HUL,42,43,5929.859,6019.729,89.87,2019-07-14T14:18:50.126000000,2019-07-14T14:20:19.996000000,,2019:British Grand Prix:Race|KVY|HUL|42|43,BOUNDARY_PROXY_KEY,OUTSIDE_INHERITED_CANDIDATE_UNIVERSE,OUTSIDE_CANDIDATE_UNIVERSE,AUTOMATED_PROXY_LINK_UNREVIEWED,KVY:11;HUL:10,KVY:10;HUL:11,NOT_AVAILABLE_FROM_BOUNDARY_LAPTIMES,2019-07-14T14:18:50.126000000,2019-07-14T14:20:19.996000000,BOUNDARY_INTERVAL_ONLY_NOT_EXACT_PASS_TIME,NOT_IN_INHERITED_CANDIDATE_REVIEW,NOT_IN_INHERITED_CANDIDATE_REVIEW,BOUNDARY_TELEMETRY_DOES_NOT_ESTABLISH_PASS,prediction_windows_37.csv.gz + laptime_source_inventory_37.csv,,,FIXED_PAIR_CLASSIFIED_ORDER_REVERSED_AT_NEXT_LAP_BOUNDARY,FALSE,AUTOMATED_PROXY_LINK_UNREVIEWED
fa62889cb5d5b92d3964,2019:British Grand Prix:Race,train,development_train,LEC,GAS,35,36,5273.066,5362.136,89.07,2019-07-14T14:07:53.333000000,2019-07-14T14:09:22.403000000,,2019:British Grand Prix:Race|LEC|GAS|35|36,BOUNDARY_PROXY_KEY,OUTSIDE_INHERITED_CANDIDATE_UNIVERSE,OUTSIDE_CANDIDATE_UNIVERSE,AUTOMATED_PROXY_LINK_UNREVIEWED,LEC:6;GAS:5,LEC:5;GAS:6,NOT_AVAILABLE_FROM_BOUNDARY_LAPTIMES,2019-07-14T14:07:53.333000000,2019-07-14T14:09:22.403000000,BOUNDARY_INTERVAL_ONLY_NOT_EXACT_PASS_TIME,NOT_IN_INHERITED_CANDIDATE_REVIEW,NOT_IN_INHERITED_CANDIDATE_REVIEW,BOUNDARY_TELEMETRY_DOES_NOT_ESTABLISH_PASS,prediction_windows_37.csv.gz + laptime_source_inventory_37.csv,,,FIXED_PAIR_CLASSIFIED_ORDER_REVERSED_AT_NEXT_LAP_BOUNDARY,FALSE,AUTOMATED_PROXY_LINK_UNREVIEWED
e93e99981c8005301891,2019:British Grand Prix:Race,train,development_train,LEC,VER,36,37,5362.64,5447.568,84.928,2019-07-14T14:09:22.907000000,2019-07-14T14:10:47.835000000,ea61e161021eeca127e9b059,2019:British Grand Prix:Race|LEC|VER|36|37,INHERITED_CANDIDATE_ID,MATCHED_TO_INHERITED_CANDIDATE,UNRESOLVED,AUTOMATED_REVIEW_UNREVIEWED,LEC:5;VER:4,LEC:3;VER:6,NOT_AVAILABLE_FROM_FASTF1_POSITION_XYZ,2019-07-14T14:09:22.907000+00:00,2019-07-14T14:10:47.835000+00:00,9.013,NO_RELEVANT_PIT_ROW_FOUND_IN_CONTEXT,NO_RC_RECORD_ON_DECISION_OR_ENDPOINT_LAP,"FastF1 car_data and pos_data present for selected race; pos_data contains XYZ/status, not classified running order or pass timestamp",event_review_37.csv + candidate source,https://raw.githubusercontent.com/TracingInsights/2019/38741496a2d3736954069c3301e33737ffb3d777/British%20Grand%20Prix/Race/LEC/laptimes.json|https://raw.githubusercontent.com/TracingInsights/2019/38741496a2d3736954069c3301e33737ffb3d777/British%20Grand%20Prix/Race/VER/laptimes.json,26dbcc3465b341bdeac453e076e44ade90f03a0dc552fbd15a72e36745ae7806|d367375a77a41c6baeb6cb18a7857a10636bc8c501d857f5d21908b153cf649b,FIXED_PAIR_CLASSIFIED_ORDER_REVERSED_AT_NEXT_LAP_BOUNDARY,FALSE,AUTOMATED_REVIEW_UNREVIEWED
47318687f49746ff4567,2019:British Grand Prix:Race,train,development_train,NOR,ALB,51,52,6750.776,6840.672,89.896,2019-07-14T14:32:31.043000000,2019-07-14T14:34:00.939000000,,2019:British Grand Prix:Race|NOR|ALB|51|52,BOUNDARY_PROXY_KEY,OUTSIDE_INHERITED_CANDIDATE_UNIVERSE,OUTSIDE_CANDIDATE_UNIVERSE,AUTOMATED_PROXY_LINK_UNREVIEWED,NOR:12;ALB:11,NOR:11;ALB:12,NOT_AVAILABLE_FROM_BOUNDARY_LAPTIMES,2019-07-14T14:32:31.043000000,2019-07-14T14:34:00.939000000,BOUNDARY_INTERVAL_ONLY_NOT_EXACT_PASS_TIME,NOT_IN_INHERITED_CANDIDATE_REVIEW,NOT_IN_INHERITED_CANDIDATE_REVIEW,BOUNDARY_TELEMETRY_DOES_NOT_ESTABLISH_PASS,prediction_windows_37.csv.gz + laptime_source_inventory_37.csv,,,FIXED_PAIR_CLASSIFIED_ORDER_REVERSED_AT_NEXT_LAP_BOUNDARY,FALSE,AUTOMATED_PROXY_LINK_UNREVIEWED
e586216ee666efedb5f8,2019:British Grand Prix:Race,train,development_train,RAI,ALB,42,43,5927.845,6018.561,90.716,2019-07-14T14:18:48.112000000,2019-07-14T14:20:18.828000000,,2019:British Grand Prix:Race|RAI|ALB|42|43,BOUNDARY_PROXY_KEY,OUTSIDE_INHERITED_CANDIDATE_UNIVERSE,OUTSIDE_CANDIDATE_UNIVERSE,AUTOMATED_PROXY_LINK_UNREVIEWED,RAI:9;ALB:8,RAI:8;ALB:9,NOT_AVAILABLE_FROM_BOUNDARY_LAPTIMES,2019-07-14T14:18:48.112000000,2019-07-14T14:20:18.828000000,BOUNDARY_INTERVAL_ONLY_NOT_EXACT_PASS_TIME,NOT_IN_INHERITED_CANDIDATE_REVIEW,NOT_IN_INHERITED_CANDIDATE_REVIEW,BOUNDARY_TELEMETRY_DOES_NOT_ESTABLISH_PASS,prediction_windows_37.csv.gz + laptime_source_inventory_37.csv,,,FIXED_PAIR_CLASSIFIED_ORDER_REVERSED_AT_NEXT_LAP_BOUNDARY,FALSE,AUTOMATED_PROXY_LINK_UNREVIEWED
1f757d5d3cbb9c3ba073,2019:British Grand Prix:Race,train,development_train,VER,VET,37,38,5447.568,5546.094,98.526,2019-07-14T14:10:47.835000000,2019-07-14T14:12:26.361000000,6f322f976e90d8e87a71ee4d,2019:British Grand Prix:Race|VER|VET|37|38,INHERITED_CANDIDATE_ID,MATCHED_TO_INHERITED_CANDIDATE,OTHER_POSITION_CHANGE,AUTOMATED_REVIEW_UNREVIEWED,VER:6;VET:5,VER:5;VET:14,NOT_AVAILABLE_FROM_FASTF1_POSITION_XYZ,2019-07-14T14:10:47.835000+00:00,2019-07-14T14:12:26.361000+00:00,4.963,PIT_LAP_OVERLAP_RECORDED_BUT_TIME_OF_DAY_ONLY,RC_RECORD_ON_DECISION_OR_ENDPOINT_LAP,"FastF1 car_data and pos_data present for selected race; pos_data contains XYZ/status, not classified running order or pass timestamp",event_review_37.csv + candidate source,https://raw.githubusercontent.com/TracingInsights/2019/38741496a2d3736954069c3301e33737ffb3d777/British%20Grand%20Prix/Race/VER/laptimes.json|https://raw.githubusercontent.com/TracingInsights/2019/38741496a2d3736954069c3301e33737ffb3d777/British%20Grand%20Prix/Race/VET/laptimes.json,4f5305a68ef8f296da4677245b02e6066fa2f0e64b9301a0e819d92ec4fd4196|d367375a77a41c6baeb6cb18a7857a10636bc8c501d857f5d21908b153cf649b,FIXED_PAIR_CLASSIFIED_ORDER_REVERSED_AT_NEXT_LAP_BOUNDARY,FALSE,AUTOMATED_REVIEW_UNREVIEWED
3aa6333e39dc35c9f01c,2019:British Grand Prix:Race,train,development_train,VET,KUB,48,49,6516.915,6605.146,88.231,2019-07-14T14:28:37.182000000,2019-07-14T14:30:05.413000000,,2019:British Grand Prix:Race|VET|KUB|48|49,BOUNDARY_PROXY_KEY,OUTSIDE_INHERITED_CANDIDATE_UNIVERSE,OUTSIDE_CANDIDATE_UNIVERSE,AUTOMATED_PROXY_LINK_UNREVIEWED,VET:16;KUB:15,VET:15;KUB:16,NOT_AVAILABLE_FROM_BOUNDARY_LAPTIMES,2019-07-14T14:28:37.182000000,2019-07-14T14:30:05.413000000,BOUNDARY_INTERVAL_ONLY_NOT_EXACT_PASS_TIME,NOT_IN_INHERITED_CANDIDATE_REVIEW,NOT_IN_INHERITED_CANDIDATE_REVIEW,BOUNDARY_TELEMETRY_DOES_NOT_ESTABLISH_PASS,prediction_windows_37.csv.gz + laptime_source_inventory_37.csv,,,FIXED_PAIR_CLASSIFIED_ORDER_REVERSED_AT_NEXT_LAP_BOUNDARY,FALSE,AUTOMATED_PROXY_LINK_UNREVIEWED
043ae6d48a42fcdc29a2,2019:Canadian Grand Prix:Race,train,development_train,ALB,RUS,24,25,3849.328,3927.504,78.176,2019-06-09T18:44:09.406000000,2019-06-09T18:45:27.582000000,58b708d0e9a1a88464e23feb,2019:Canadian Grand Prix:Race|ALB|RUS|24|25,INHERITED_CANDIDATE_ID,MATCHED_TO_INHERITED_CANDIDATE,UNRESOLVED,AUTOMATED_REVIEW_UNREVIEWED,ALB:18;RUS:17,ALB:17;RUS:18,NOT_AVAILABLE_FROM_FASTF1_POSITION_XYZ,2019-06-09T18:44:09.406000+00:00,2019-06-09T18:45:27.582000+00:00,1.204,NO_RELEVANT_PIT_ROW_FOUND_IN_CONTEXT,RC_RECORD_ON_DECISION_OR_ENDPOINT_LAP,"FastF1 car_data and pos_data present for selected race; pos_data contains XYZ/status, not classified running order or pass timestamp",event_review_37.csv + candidate source,https://raw.githubusercontent.com/TracingInsights/2019/38741496a2d3736954069c3301e33737ffb3d777/Canadian%20Grand%20Prix/Race/ALB/laptimes.json|https://raw.githubusercontent.com/TracingInsights/2019/38741496a2d3736954069c3301e33737ffb3d777/Canadian%20Grand%20Prix/Race/RUS/laptimes.json,bac37a8e735f4fd98cf90c3642481e7798e375ad9134204f46e7bee528a2d115|d19a28a8eace5d461f1fe7598200b49a61e8e53107f8bfebf0941f957b1f15dd,FIXED_PAIR_CLASSIFIED_ORDER_REVERSED_AT_NEXT_LAP_BOUNDARY,FALSE,AUTOMATED_REVIEW_UNREVIEWED
46db028172bdbfc8e0e2,2019:Canadian Grand Prix:Race,train,development_train,GAS,GIO,10,11,2711.25,2789.64,78.39,2019-06-09T18:25:11.328000000,2019-06-09T18:26:29.718000000,0472db4b3777abfc2c94ad3a,2019:Canadian Grand Prix:Race|GAS|GIO|10|11,INHERITED_CANDIDATE_ID,MATCHED_TO_INHERITED_CANDIDATE,UNRESOLVED,AUTOMATED_REVIEW_UNREVIEWED,GAS:12;GIO:11,GAS:10;GIO:11,NOT_AVAILABLE_FROM_FASTF1_POSITION_XYZ,2019-06-09T18:25:11.328000+00:00,2019-06-09T18:26:29.718000+00:00,1.338,NO_RELEVANT_PIT_ROW_FOUND_IN_CONTEXT,NO_RC_RECORD_ON_DECISION_OR_ENDPOINT_LAP,"FastF1 car_data and pos_data present for selected race; pos_data contains XYZ/status, not classified running order or pass timestamp",event_review_37.csv + candidate source,https://raw.githubusercontent.com/TracingInsights/2019/38741496a2d3736954069c3301e33737ffb3d777/Canadian%20Grand%20Prix/Race/GAS/laptimes.json|https://raw.githubusercontent.com/TracingInsights/2019/38741496a2d3736954069c3301e33737ffb3d777/Canadian%20Grand%20Prix/Race/GIO/laptimes.json,04f102766230d7d3dd48bb9d4b0ff5e874f3b48bc925e272086512999215a362|1e4a468301b3d7da7c6b560b4d152f23d51639f47c32a31250222865d8bef87e,FIXED_PAIR_CLASSIFIED_ORDER_REVERSED_AT_NEXT_LAP_BOUNDARY,FALSE,AUTOMATED_REVIEW_UNREVIEWED
8dc0463cf14897d93932,2019:Canadian Grand Prix:Race,train,development_train,GRO,RUS,5,6,2319.309,2397.884,78.575,2019-06-09T18:18:39.387000000,2019-06-09T18:19:57.962000000,dda4fe84a2e7cf32054e3e19,2019:Canadian Grand Prix:Race|GRO|RUS|5|6,INHERITED_CANDIDATE_ID,MATCHED_TO_INHERITED_CANDIDATE,UNRESOLVED,AUTOMATED_REVIEW_UNREVIEWED,GRO:16;RUS:15,GRO:14;RUS:15,NOT_AVAILABLE_FROM_FASTF1_POSITION_XYZ,2019-06-09T18:18:39.387000+00:00,2019-06-09T18:19:57.962000+00:00,2.26,NO_RELEVANT_PIT_ROW_FOUND_IN_CONTEXT,RC_RECORD_ON_DECISION_OR_ENDPOINT_LAP,"FastF1 car_data and pos_data present for selected race; pos_data contains XYZ/status, not classified running order or pass timestamp",event_review_37.csv + candidate source,https://raw.githubusercontent.com/TracingInsights/2019/38741496a2d3736954069c3301e33737ffb3d777/Canadian%20Grand%20Prix/Race/GRO/laptimes.json|https://raw.githubusercontent.com/TracingInsights/2019/38741496a2d3736954069c3301e33737ffb3d777/Canadian%20Grand%20Prix/Race/RUS/laptimes.json,1c5fa54d340eedd47e76f5f72986e3b9015c1b46ca38ba6dd4f2afb8baa1980e|d19a28a8eace5d461f1fe7598200b49a61e8e53107f8bfebf0941f957b1f15dd,FIXED_PAIR_CLASSIFIED_ORDER_REVERSED_AT_NEXT_LAP_BOUNDARY,FALSE,AUTOMATED_REVIEW_UNREVIEWED
eb8e719b24ee63009198,2019:Canadian Grand Prix:Race,train,development_train,HUL,RIC,7,8,2461.362,2536.771,75.409,2019-06-09T18:21:01.440000000,2019-06-09T18:22:16.849000000,bd5e3521410a1a7acfcc2535,2019:Canadian Grand Prix:Race|HUL|RIC|7|8,INHERITED_CANDIDATE_ID,MATCHED_TO_INHERITED_CANDIDATE,OTHER_POSITION_CHANGE,AUTOMATED_REVIEW_UNREVIEWED,HUL:5;RIC:4,HUL:4;RIC:11,NOT_AVAILABLE_FROM_FASTF1_POSITION_XYZ,2019-06-09T18:21:01.440000+00:00,2019-06-09T18:22:16.849000+00:00,5.485,PIT_LAP_OVERLAP_RECORDED_BUT_TIME_OF_DAY_ONLY,RC_RECORD_ON_DECISION_OR_ENDPOINT_LAP,"FastF1 car_data and pos_data present for selected race; pos_data contains XYZ/status, not classified running order or pass timestamp",event_review_37.csv + candidate source,https://raw.githubusercontent.com/TracingInsights/2019/38741496a2d3736954069c3301e33737ffb3d777/Canadian%20Grand%20Prix/Race/HUL/laptimes.json|https://raw.githubusercontent.com/TracingInsights/2019/38741496a2d3736954069c3301e33737ffb3d777/Canadian%20Grand%20Prix/Race/RIC/laptimes.json,9a7082b7b43d405c58443e9201f8c6c97d4fc5482fa81f4bd5cfa12ddc8a459a|bfc44e543f3089046c06423ded1414f9f6109a953c71e075d11599b9ecc916a4,FIXED_PAIR_CLASSIFIED_ORDER_REVERSED_AT_NEXT_LAP_BOUNDARY,FALSE,AUTOMATED_REVIEW_UNREVIEWED
7fa591b18d3a82d95f81,2019:Canadian Grand Prix:Race,train,development_train,KVY,NOR,7,8,2469.087,2543.829,74.742,2019-06-09T18:21:09.165000000,2019-06-09T18:22:23.907000000,747b1ec6d66406a782b3a97d,2019:Canadian Grand Prix:Race|KVY|NOR|7|8,INHERITED_CANDIDATE_ID,MATCHED_TO_INHERITED_CANDIDATE,UNRESOLVED,AUTOMATED_REVIEW_UNREVIEWED,KVY:9;NOR:8,KVY:7;NOR:10,NOT_AVAILABLE_FROM_FASTF1_POSITION_XYZ,2019-06-09T18:21:09.165000+00:00,2019-06-09T18:22:23.907000+00:00,9.229,NO_RELEVANT_PIT_ROW_FOUND_IN_CONTEXT,RC_RECORD_ON_DECISION_OR_ENDPOINT_LAP,"FastF1 car_data and pos_data present for selected race; pos_data contains XYZ/status, not classified running order or pass timestamp",event_review_37.csv + candidate source,https://raw.githubusercontent.com/TracingInsights/2019/38741496a2d3736954069c3301e33737ffb3d777/Canadian%20Grand%20Prix/Race/KVY/laptimes.json|https://raw.githubusercontent.com/TracingInsights/2019/38741496a2d3736954069c3301e33737ffb3d777/Canadian%20Grand%20Prix/Race/NOR/laptimes.json,3c09007eacb0a7ca86be54ef19995c259ddc2d96bf17b7d4a4c4be84e9377d39|cb1b124f6ef8401064383f2ecef3eff9a2f70d0bf3a93da513efd91b8261526c,FIXED_PAIR_CLASSIFIED_ORDER_REVERSED_AT_NEXT_LAP_BOUNDARY,FALSE,AUTOMATED_REVIEW_UNREVIEWED
4429a16941a37cf189d5,2019:Canadian Grand Prix:Race,train,development_train,KVY,GRO,26,27,3975.325,4051.477,76.152,2019-06-09T18:46:15.403000000,2019-06-09T18:47:31.555000000,,2019:Canadian Grand Prix:Race|KVY|GRO|26|27,BOUNDARY_PROXY_KEY,OUTSIDE_INHERITED_CANDIDATE_UNIVERSE,OUTSIDE_CANDIDATE_UNIVERSE,AUTOMATED_PROXY_LINK_UNREVIEWED,KVY:13;GRO:12,KVY:12;GRO:13,NOT_AVAILABLE_FROM_BOUNDARY_LAPTIMES,2019-06-09T18:46:15.403000000,2019-06-09T18:47:31.555000000,BOUNDARY_INTERVAL_ONLY_NOT_EXACT_PASS_TIME,NOT_IN_INHERITED_CANDIDATE_REVIEW,NOT_IN_INHERITED_CANDIDATE_REVIEW,BOUNDARY_TELEMETRY_DOES_NOT_ESTABLISH_PASS,prediction_windows_37.csv.gz + laptime_source_inventory_37.csv,,,FIXED_PAIR_CLASSIFIED_ORDER_REVERSED_AT_NEXT_LAP_BOUNDARY,FALSE,AUTOMATED_PROXY_LINK_UNREVIEWED
6b25a7e29c62fe514495,2019:Canadian Grand Prix:Race,train,development_train,MAG,RUS,7,8,2480.109,2559.162,79.053,2019-06-09T18:21:20.187000000,2019-06-09T18:22:39.240000000,0ef233a7c3ada4d0ed50936d,2019:Canadian Grand Prix:Race|MAG|RUS|7|8,INHERITED_CANDIDATE_ID,MATCHED_TO_INHERITED_CANDIDATE,UNRESOLVED,AUTOMATED_REVIEW_UNREVIEWED,MAG:16;RUS:15,MAG:15;RUS:16,NOT_AVAILABLE_FROM_FASTF1_POSITION_XYZ,2019-06-09T18:21:20.187000+00:00,2019-06-09T18:22:39.240000+00:00,1.735,NO_RELEVANT_PIT_ROW_FOUND_IN_CONTEXT,RC_RECORD_ON_DECISION_OR_ENDPOINT_LAP,"FastF1 car_data and pos_data present for selected race; pos_data contains XYZ/status, not classified running order or pass timestamp",event_review_37.csv + candidate source,https://raw.githubusercontent.com/TracingInsights/2019/38741496a2d3736954069c3301e33737ffb3d777/Canadian%20Grand%20Prix/Race/MAG/laptimes.json|https://raw.githubusercontent.com/TracingInsights/2019/38741496a2d3736954069c3301e33737ffb3d777/Canadian%20Grand%20Prix/Race/RUS/laptimes.json,a0855250e4168a70bb9402a4322b2b5eee526392a098986d57d76fcca0ee95f3|d19a28a8eace5d461f1fe7598200b49a61e8e53107f8bfebf0941f957b1f15dd,FIXED_PAIR_CLASSIFIED_ORDER_REVERSED_AT_NEXT_LAP_BOUNDARY,FALSE,AUTOMATED_REVIEW_UNREVIEWED
f773be5413980267fd9a,2019:Canadian Grand Prix:Race,train,development_train,RAI,KUB,7,8,2493.315,2566.254,72.939,2019-06-09T18:21:33.393000000,2019-06-09T18:22:46.332000000,,2019:Canadian Grand Prix:Race|RAI|KUB|7|8,BOUNDARY_PROXY_KEY,OUTSIDE_INHERITED_CANDIDATE_UNIVERSE,OUTSIDE_CANDIDATE_UNIVERSE,AUTOMATED_PROXY_LINK_UNREVIEWED,RAI:19;KUB:18,RAI:18;KUB:19,NOT_AVAILABLE_FROM_BOUNDARY_LAPTIMES,2019-06-09T18:21:33.393000000,2019-06-09T18:22:46.332000000,BOUNDARY_INTERVAL_ONLY_NOT_EXACT_PASS_TIME,NOT_IN_INHERITED_CANDIDATE_REVIEW,NOT_IN_INHERITED_CANDIDATE_REVIEW,BOUNDARY_TELEMETRY_DOES_NOT_ESTABLISH_PASS,prediction_windows_37.csv.gz + laptime_source_inventory_37.csv,,,FIXED_PAIR_CLASSIFIED_ORDER_REVERSED_AT_NEXT_LAP_BOUNDARY,FALSE,AUTOMATED_PROXY_LINK_UNREVIEWED
6e9cecf40052d703f319,2019:Canadian Grand Prix:Race,train,development_train,RIC,PER,10,11,2710.828,2787.992,77.164,2019-06-09T18:25:10.906000000,2019-06-09T18:26:28.070000000,,2019:Canadian Grand Prix:Race|RIC|PER|10|11,BOUNDARY_PROXY_KEY,OUTSIDE_INHERITED_CANDIDATE_UNIVERSE,OUTSIDE_CANDIDATE_UNIVERSE,AUTOMATED_PROXY_LINK_UNREVIEWED,RIC:10;PER:9,RIC:9;PER:15,NOT_AVAILABLE_FROM_BOUNDARY_LAPTIMES,2019-06-09T18:25:10.906000000,2019-06-09T18:26:28.070000000,BOUNDARY_INTERVAL_ONLY_NOT_EXACT_PASS_TIME,NOT_IN_INHERITED_CANDIDATE_REVIEW,NOT_IN_INHERITED_CANDIDATE_REVIEW,BOUNDARY_TELEMETRY_DOES_NOT_ESTABLISH_PASS,prediction_windows_37.csv.gz + laptime_source_inventory_37.csv,,,FIXED_PAIR_CLASSIFIED_ORDER_REVERSED_AT_NEXT_LAP_BOUNDARY,FALSE,AUTOMATED_PROXY_LINK_UNREVIEWED
3176f2ccfa1105047726,2019:Canadian Grand Prix:Race,train,development_train,RIC,STR,11,12,2789.063,2866.055,76.992,2019-06-09T18:26:29.141000000,2019-06-09T18:27:46.133000000,19ae2dd51b5401bfdb4186e8,2019:Canadian Grand Prix:Race|RIC|STR|11|12,INHERITED_CANDIDATE_ID,MATCHED_TO_INHERITED_CANDIDATE,UNRESOLVED,AUTOMATED_REVIEW_UNREVIEWED,RIC:9;STR:8,RIC:7;STR:8,NOT_AVAILABLE_FROM_FASTF1_POSITION_XYZ,2019-06-09T18:26:29.141000+00:00,2019-06-09T18:27:46.133000+00:00,3.236,NO_RELEVANT_PIT_ROW_FOUND_IN_CONTEXT,RC_RECORD_ON_DECISION_OR_ENDPOINT_LAP,"FastF1 car_data and pos_data present for selected race; pos_data contains XYZ/status, not classified running order or pass timestamp",event_review_37.csv + candidate source,https://raw.githubusercontent.com/TracingInsights/2019/38741496a2d3736954069c3301e33737ffb3d777/Canadian%20Grand%20Prix/Race/RIC/laptimes.json|https://raw.githubusercontent.com/TracingInsights/2019/38741496a2d3736954069c3301e33737ffb3d777/Canadian%20Grand%20Prix/Race/STR/laptimes.json,4fa7bd2a3132591684cf4336582576a69f2a5f5ab28a8d660ceb3391237f2d0a|9a7082b7b43d405c58443e9201f8c6c97d4fc5482fa81f4bd5cfa12ddc8a459a,FIXED_PAIR_CLASSIFIED_ORDER_REVERSED_AT_NEXT_LAP_BOUNDARY,FALSE,AUTOMATED_REVIEW_UNREVIEWED
f20a9016f5a7a2f7588f,2019:Canadian Grand Prix:Race,train,development_train,RUS,RAI,5,6,2317.515,2396.16,78.645,2019-06-09T18:18:37.593000000,2019-06-09T18:19:56.238000000,,2019:Canadian Grand Prix:Race|RUS|RAI|5|6,BOUNDARY_PROXY_KEY,OUTSIDE_INHERITED_CANDIDATE_UNIVERSE,OUTSIDE_CANDIDATE_UNIVERSE,AUTOMATED_PROXY_LINK_UNREVIEWED,RUS:15;RAI:14,RUS:15;RAI:19,NOT_AVAILABLE_FROM_BOUNDARY_LAPTIMES,2019-06-09T18:18:37.593000000,2019-06-09T18:19:56.238000000,BOUNDARY_INTERVAL_ONLY_NOT_EXACT_PASS_TIME,NOT_IN_INHERITED_CANDIDATE_REVIEW,NOT_IN_INHERITED_CANDIDATE_REVIEW,BOUNDARY_TELEMETRY_DOES_NOT_ESTABLISH_PASS,prediction_windows_37.csv.gz + laptime_source_inventory_37.csv,,,FIXED_PAIR_CLASSIFIED_ORDER_REVERSED_AT_NEXT_LAP_BOUNDARY,FALSE,AUTOMATED_PROXY_LINK_UNREVIEWED
b762c1f95548eb852ed9,2019:Canadian Grand Prix:Race,train,development_train,SAI,KUB,5,6,2329.297,2403.953,74.656,2019-06-09T18:18:49.375000000,2019-06-09T18:20:04.031000000,,2019:Canadian Grand Prix:Race|SAI|KUB|5|6,BOUNDARY_PROXY_KEY,OUTSIDE_INHERITED_CANDIDATE_UNIVERSE,OUTSIDE_CANDIDATE_UNIVERSE,AUTOMATED_PROXY_LINK_UNREVIEWED,SAI:19;KUB:18,SAI:17;KUB:18,NOT_AVAILABLE_FROM_BOUNDARY_LAPTIMES,2019-06-09T18:18:49.375000000,2019-06-09T18:20:04.031000000,BOUNDARY_INTERVAL_ONLY_NOT_EXACT_PASS_TIME,NOT_IN_INHERITED_CANDIDATE_REVIEW,NOT_IN_INHERITED_CANDIDATE_REVIEW,BOUNDARY_TELEMETRY_DOES_NOT_ESTABLISH_PASS,prediction_windows_37.csv.gz + laptime_source_inventory_37.csv,,,FIXED_PAIR_CLASSIFIED_ORDER_REVERSED_AT_NEXT_LAP_BOUNDARY,FALSE,AUTOMATED_PROXY_LINK_UNREVIEWED
322ee70838722ae0bc83,2019:Canadian Grand Prix:Race,train,development_train,SAI,GIO,26,27,3965.113,4041.196,76.083,2019-06-09T18:46:05.191000000,2019-06-09T18:47:21.274000000,,2019:Canadian Grand Prix:Race|SAI|GIO|26|27,BOUNDARY_PROXY_KEY,OUTSIDE_INHERITED_CANDIDATE_UNIVERSE,OUTSIDE_CANDIDATE_UNIVERSE,AUTOMATED_PROXY_LINK_UNREVIEWED,SAI:11;GIO:10,SAI:10;GIO:11,NOT_AVAILABLE_FROM_BOUNDARY_LAPTIMES,2019-06-09T18:46:05.191000000,2019-06-09T18:47:21.274000000,BOUNDARY_INTERVAL_ONLY_NOT_EXACT_PASS_TIME,NOT_IN_INHERITED_CANDIDATE_REVIEW,NOT_IN_INHERITED_CANDIDATE_REVIEW,BOUNDARY_TELEMETRY_DOES_NOT_ESTABLISH_PASS,prediction_windows_37.csv.gz + laptime_source_inventory_37.csv,,,FIXED_PAIR_CLASSIFIED_ORDER_REVERSED_AT_NEXT_LAP_BOUNDARY,FALSE,AUTOMATED_PROXY_LINK_UNREVIEWED
5d40b6c92a66c00f06d1,2019:Canadian Grand Prix:Race,train,development_train,STR,GIO,5,6,2313.525,2391.781,78.256,2019-06-09T18:18:33.603000000,2019-06-09T18:19:51.859000000,,2019:Canadian Grand Prix:Race|STR|GIO|5|6,BOUNDARY_PROXY_KEY,OUTSIDE_INHERITED_CANDIDATE_UNIVERSE,OUTSIDE_CANDIDATE_UNIVERSE,AUTOMATED_PROXY_LINK_UNREVIEWED,STR:13;GIO:12,STR:12;GIO:13,NOT_AVAILABLE_FROM_BOUNDARY_LAPTIMES,2019-06-09T18:18:33.603000000,2019-06-09T18:19:51.859000000,BOUNDARY_INTERVAL_ONLY_NOT_EXACT_PASS_TIME,NOT_IN_INHERITED_CANDIDATE_REVIEW,NOT_IN_INHERITED_CANDIDATE_REVIEW,BOUNDARY_TELEMETRY_DOES_NOT_ESTABLISH_PASS,prediction_windows_37.csv.gz + laptime_source_inventory_37.csv,,,FIXED_PAIR_CLASSIFIED_ORDER_REVERSED_AT_NEXT_LAP_BOUNDARY,FALSE,AUTOMATED_PROXY_LINK_UNREVIEWED
f703b367ba3de63606fd,2019:Canadian Grand Prix:Race,train,development_train,STR,KVY,11,12,2787.093,2865.011,77.918,2019-06-09T18:26:27.171000000,2019-06-09T18:27:45.089000000,,2019:Canadian Grand Prix:Race|STR|KVY|11|12,BOUNDARY_PROXY_KEY,OUTSIDE_INHERITED_CANDIDATE_UNIVERSE,OUTSIDE_CANDIDATE_UNIVERSE,AUTOMATED_PROXY_LINK_UNREVIEWED,STR:8;KVY:7,STR:8;KVY:13,NOT_AVAILABLE_FROM_BOUNDARY_LAPTIMES,2019-06-09T18:26:27.171000000,2019-06-09T18:27:45.089000000,BOUNDARY_INTERVAL_ONLY_NOT_EXACT_PASS_TIME,NOT_IN_INHERITED_CANDIDATE_REVIEW,NOT_IN_INHERITED_CANDIDATE_REVIEW,BOUNDARY_TELEMETRY_DOES_NOT_ESTABLISH_PASS,prediction_windows_37.csv.gz + laptime_source_inventory_37.csv,,,FIXED_PAIR_CLASSIFIED_ORDER_REVERSED_AT_NEXT_LAP_BOUNDARY,FALSE,AUTOMATED_PROXY_LINK_UNREVIEWED
14ecffea6956fa085e45,2019:Canadian Grand Prix:Race,train,development_train,VER,NOR,5,6,2307.351,2385.528,78.177,2019-06-09T18:18:27.429000000,2019-06-09T18:19:45.606000000,,2019:Canadian Grand Prix:Race|VER|NOR|5|6,BOUNDARY_PROXY_KEY,OUTSIDE_INHERITED_CANDIDATE_UNIVERSE,OUTSIDE_CANDIDATE_UNIVERSE,AUTOMATED_PROXY_LINK_UNREVIEWED,VER:9;NOR:8,VER:8;NOR:9,NOT_AVAILABLE_FROM_BOUNDARY_LAPTIMES,2019-06-09T18:18:27.429000000,2019-06-09T18:19:45.606000000,BOUNDARY_INTERVAL_ONLY_NOT_EXACT_PASS_TIME,NOT_IN_INHERITED_CANDIDATE_REVIEW,NOT_IN_INHERITED_CANDIDATE_REVIEW,BOUNDARY_TELEMETRY_DOES_NOT_ESTABLISH_PASS,prediction_windows_37.csv.gz + laptime_source_inventory_37.csv,,,FIXED_PAIR_CLASSIFIED_ORDER_REVERSED_AT_NEXT_LAP_BOUNDARY,FALSE,AUTOMATED_PROXY_LINK_UNREVIEWED
84d3a4e24ca7e2c4930f,2019:Chinese Grand Prix:Race,train,development_train,ALB,GIO,4,5,2340.077,2440.775,100.698,2019-04-14T06:19:01.952000000,2019-04-14T06:20:42.650000000,def2f72330518d010f5f7fde,2019:Chinese Grand Prix:Race|ALB|GIO|4|5,INHERITED_CANDIDATE_ID,MATCHED_TO_INHERITED_CANDIDATE,UNRESOLVED,AUTOMATED_REVIEW_UNREVIEWED,ALB:16;GIO:15,ALB:15;GIO:16,NOT_AVAILABLE_FROM_FASTF1_POSITION_XYZ,2019-04-14T06:19:01.952000+00:00,2019-04-14T06:20:42.650000+00:00,1.842,NO_RELEVANT_PIT_ROW_FOUND_IN_CONTEXT,RC_RECORD_ON_DECISION_OR_ENDPOINT_LAP,"FastF1 car_data and pos_data present for selected race; pos_data contains XYZ/status, not classified running order or pass timestamp",event_review_37.csv + candidate source,https://raw.githubusercontent.com/TracingInsights/2019/38741496a2d3736954069c3301e33737ffb3d777/Chinese%20Grand%20Prix/Race/ALB/laptimes.json|https://raw.githubusercontent.com/TracingInsights/2019/38741496a2d3736954069c3301e33737ffb3d777/Chinese%20Grand%20Prix/Race/GIO/laptimes.json,b716b6a997e412e90d884abef9609c9e30b8639fe96058c43e95bf324dc852cb|f5ee32b2bc4acae40c702dc9b9d93b3b6dac866b2dd29de1e5b6b57a77af342a,FIXED_PAIR_CLASSIFIED_ORDER_REVERSED_AT_NEXT_LAP_BOUNDARY,FALSE,AUTOMATED_REVIEW_UNREVIEWED
fed990adfe656c09daa8,2019:Chinese Grand Prix:Race,train,development_train,ALB,RUS,20,21,3975.797,4078.731,102.934,2019-04-14T06:46:04.470000000,2019-04-14T06:48:00.606000000,6344e224ae63968a92f1fc0d,2019:Chinese Grand Prix:Race|ALB|RUS|20|21,INHERITED_CANDIDATE_ID,MATCHED_TO_INHERITED_CANDIDATE,UNRESOLVED,AUTOMATED_REVIEW_UNREVIEWED,ALB:16;RUS:15,ALB:14;RUS:16,NOT_AVAILABLE_FROM_FASTF1_POSITION_XYZ,2019-04-14T06:46:17.672000+00:00,2019-04-14T06:48:00.606000+00:00,14.761,NO_RELEVANT_PIT_ROW_FOUND_IN_CONTEXT,NO_RC_RECORD_ON_DECISION_OR_ENDPOINT_LAP,"FastF1 car_data and pos_data present for selected race; pos_data contains XYZ/status, not classified running order or pass timestamp",event_review_37.csv + candidate source,https://raw.githubusercontent.com/TracingInsights/2019/38741496a2d3736954069c3301e33737ffb3d777/Chinese%20Grand%20Prix/Race/ALB/laptimes.json|https://raw.githubusercontent.com/TracingInsights/2019/38741496a2d3736954069c3301e33737ffb3d777/Chinese%20Grand%20Prix/Race/RUS/laptimes.json,86480a158639fe2ddeecfd42545c1f4551b12bb22f9c2f339249f9f428f20019|f5ee32b2bc4acae40c702dc9b9d93b3b6dac866b2dd29de1e5b6b57a77af342a,FIXED_PAIR_CLASSIFIED_ORDER_REVERSED_AT_NEXT_LAP_BOUNDARY,FALSE,AUTOMATED_REVIEW_UNREVIEWED
d8e87c93eb007eda9813,2019:Chinese Grand Prix:Race,train,development_train,GAS,RAI,22,23,4147.951,4246.177,98.226,2019-04-14T06:49:09.826000000,2019-04-14T06:50:48.052000000,4c1753f9fdc936b934c11df7,2019:Chinese Grand Prix:Race|GAS|RAI|22|23,INHERITED_CANDIDATE_ID,MATCHED_TO_INHERITED_CANDIDATE,UNRESOLVED,AUTOMATED_REVIEW_UNREVIEWED,GAS:7;RAI:6,GAS:6;RAI:7,NOT_AVAILABLE_FROM_FASTF1_POSITION_XYZ,2019-04-14T06:49:09.826000+00:00,2019-04-14T06:50:48.052000+00:00,3.081,NO_RELEVANT_PIT_ROW_FOUND_IN_CONTEXT,RC_RECORD_ON_DECISION_OR_ENDPOINT_LAP,"FastF1 car_data and pos_data present for selected race; pos_data contains XYZ/status, not classified running order or pass timestamp",event_review_37.csv + candidate source,https://raw.githubusercontent.com/TracingInsights/2019/38741496a2d3736954069c3301e33737ffb3d777/Chinese%20Grand%20Prix/Race/GAS/laptimes.json|https://raw.githubusercontent.com/TracingInsights/2019/38741496a2d3736954069c3301e33737ffb3d777/Chinese%20Grand%20Prix/Race/RAI/laptimes.json,8ce67b777a516784a9ca88d36780e965e7c7b7e579f6fc4ad4b75c80a3af2a88|fe7f1de574b1d59f4ba583b8bf3936800405ddbecbb231fb3361344694f4aec3,FIXED_PAIR_CLASSIFIED_ORDER_REVERSED_AT_NEXT_LAP_BOUNDARY,FALSE,AUTOMATED_REVIEW_UNREVIEWED
8ee988f91442155a9715,2019:Chinese Grand Prix:Race,train,development_train,GIO,KUB,13,14,3271.237,3368.242,97.005,2019-04-14T06:34:33.112000000,2019-04-14T06:36:10.117000000,18eeed9f0c19c902b003326b,2019:Chinese Grand Prix:Race|GIO|KUB|13|14,INHERITED_CANDIDATE_ID,MATCHED_TO_INHERITED_CANDIDATE,UNRESOLVED,AUTOMATED_REVIEW_UNREVIEWED,GIO:18;KUB:17,GIO:17;KUB:18,NOT_AVAILABLE_FROM_FASTF1_POSITION_XYZ,2019-04-14T06:34:33.112000+00:00,2019-04-14T06:36:10.117000+00:00,10.66,NO_RELEVANT_PIT_ROW_FOUND_IN_CONTEXT,NO_RC_RECORD_ON_DECISION_OR_ENDPOINT_LAP,"FastF1 car_data and pos_data present for selected race; pos_data contains XYZ/status, not classified running order or pass timestamp",event_review_37.csv + candidate source,https://raw.githubusercontent.com/TracingInsights/2019/38741496a2d3736954069c3301e33737ffb3d777/Chinese%20Grand%20Prix/Race/GIO/laptimes.json|https://raw.githubusercontent.com/TracingInsights/2019/38741496a2d3736954069c3301e33737ffb3d777/Chinese%20Grand%20Prix/Race/KUB/laptimes.json,6d4ac8e67550cfa026a7d4beb7454212e508ab8a87f460a8a819ecc131e20afc|b716b6a997e412e90d884abef9609c9e30b8639fe96058c43e95bf324dc852cb,FIXED_PAIR_CLASSIFIED_ORDER_REVERSED_AT_NEXT_LAP_BOUNDARY,FALSE,AUTOMATED_REVIEW_UNREVIEWED
74658d688ad0d9eec648,2019:Chinese Grand Prix:Race,train,development_train,GIO,RUS,17,18,3671.247,3769.68,98.433,2019-04-14T06:41:13.122000000,2019-04-14T06:42:51.555000000,aee24b30726de7e5cea7ef02,2019:Chinese Grand Prix:Race|GIO|RUS|17|18,INHERITED_CANDIDATE_ID,MATCHED_TO_INHERITED_CANDIDATE,UNRESOLVED,AUTOMATED_REVIEW_UNREVIEWED,GIO:16;RUS:15,GIO:15;RUS:16,NOT_AVAILABLE_FROM_FASTF1_POSITION_XYZ,2019-04-14T06:41:13.122000+00:00,2019-04-14T06:42:51.555000+00:00,8.693,NO_RELEVANT_PIT_ROW_FOUND_IN_CONTEXT,RC_RECORD_ON_DECISION_OR_ENDPOINT_LAP,"FastF1 car_data and pos_data present for selected race; pos_data contains XYZ/status, not classified running order or pass timestamp",event_review_37.csv + candidate source,https://raw.githubusercontent.com/TracingInsights/2019/38741496a2d3736954069c3301e33737ffb3d777/Chinese%20Grand%20Prix/Race/GIO/laptimes.json|https://raw.githubusercontent.com/TracingInsights/2019/38741496a2d3736954069c3301e33737ffb3d777/Chinese%20Grand%20Prix/Race/RUS/laptimes.json,86480a158639fe2ddeecfd42545c1f4551b12bb22f9c2f339249f9f428f20019|b716b6a997e412e90d884abef9609c9e30b8639fe96058c43e95bf324dc852cb,FIXED_PAIR_CLASSIFIED_ORDER_REVERSED_AT_NEXT_LAP_BOUNDARY,FALSE,AUTOMATED_REVIEW_UNREVIEWED
186c37a89cc53e617ea7,2019:Chinese Grand Prix:Race,train,development_train,GRO,KVY,21,22,4068.555,4168.301,99.746,2019-04-14T06:47:50.430000000,2019-04-14T06:49:30.176000000,868da7fc3a8fa8e65a9699c5,2019:Chinese Grand Prix:Race|GRO|KVY|21|22,INHERITED_CANDIDATE_ID,MATCHED_TO_INHERITED_CANDIDATE,UNRESOLVED,AUTOMATED_REVIEW_UNREVIEWED,GRO:11;KVY:10,GRO:10;KVY:11,NOT_AVAILABLE_FROM_FASTF1_POSITION_XYZ,2019-04-14T06:47:50.430000+00:00,2019-04-14T06:49:30.176000+00:00,2.125,NO_RELEVANT_PIT_ROW_FOUND_IN_CONTEXT,NO_RC_RECORD_ON_DECISION_OR_ENDPOINT_LAP,"FastF1 car_data and pos_data present for selected race; pos_data contains XYZ/status, not classified running order or pass timestamp",event_review_37.csv + candidate source,https://raw.githubusercontent.com/TracingInsights/2019/38741496a2d3736954069c3301e33737ffb3d777/Chinese%20Grand%20Prix/Race/GRO/laptimes.json|https://raw.githubusercontent.com/TracingInsights/2019/38741496a2d3736954069c3301e33737ffb3d777/Chinese%20Grand%20Prix/Race/KVY/laptimes.json,31ac3f8d6001291f8a072d6779a0080b50585b391d603e011d55634f11ca6121|ac3cff143e6b09ada9b989be7c88495adb1b60d32b75138f91940d79d5fd1c3f,FIXED_PAIR_CLASSIFIED_ORDER_REVERSED_AT_NEXT_LAP_BOUNDARY,FALSE,AUTOMATED_REVIEW_UNREVIEWED
05959899b30612d4a98e,2019:Chinese Grand Prix:Race,train,development_train,KVY,KUB,12,13,3163.682,3263.444,99.762,2019-04-14T06:32:45.557000000,2019-04-14T06:34:25.319000000,,2019:Chinese Grand Prix:Race|KVY|KUB|12|13,BOUNDARY_PROXY_KEY,OUTSIDE_INHERITED_CANDIDATE_UNIVERSE,OUTSIDE_CANDIDATE_UNIVERSE,AUTOMATED_PROXY_LINK_UNREVIEWED,KVY:14;KUB:13,KVY:13;KUB:17,NOT_AVAILABLE_FROM_BOUNDARY_LAPTIMES,2019-04-14T06:32:45.557000000,2019-04-14T06:34:25.319000000,BOUNDARY_INTERVAL_ONLY_NOT_EXACT_PASS_TIME,NOT_IN_INHERITED_CANDIDATE_REVIEW,NOT_IN_INHERITED_CANDIDATE_REVIEW,BOUNDARY_TELEMETRY_DOES_NOT_ESTABLISH_PASS,prediction_windows_37.csv.gz + laptime_source_inventory_37.csv,,,FIXED_PAIR_CLASSIFIED_ORDER_REVERSED_AT_NEXT_LAP_BOUNDARY,FALSE,AUTOMATED_PROXY_LINK_UNREVIEWED
e17e7030bbf8e7d8307e,2019:Chinese Grand Prix:Race,train,development_train,KVY,RUS,16,17,3564.454,3664.584,100.13,2019-04-14T06:39:26.329000000,2019-04-14T06:41:06.459000000,308078cbdf7cb9091e70cad5,2019:Chinese Grand Prix:Race|KVY|RUS|16|17,INHERITED_CANDIDATE_ID,MATCHED_TO_INHERITED_CANDIDATE,UNRESOLVED,AUTOMATED_REVIEW_UNREVIEWED,KVY:13;RUS:12,KVY:12;RUS:15,NOT_AVAILABLE_FROM_FASTF1_POSITION_XYZ,2019-04-14T06:39:26.329000+00:00,2019-04-14T06:41:06.459000+00:00,2.488,NO_RELEVANT_PIT_ROW_FOUND_IN_CONTEXT,NO_RC_RECORD_ON_DECISION_OR_ENDPOINT_LAP,"FastF1 car_data and pos_data present for selected race; pos_data contains XYZ/status, not classified running order or pass timestamp",event_review_37.csv + candidate source,https://raw.githubusercontent.com/TracingInsights/2019/38741496a2d3736954069c3301e33737ffb3d777/Chinese%20Grand%20Prix/Race/KVY/laptimes.json|https://raw.githubusercontent.com/TracingInsights/2019/38741496a2d3736954069c3301e33737ffb3d777/Chinese%20Grand%20Prix/Race/RUS/laptimes.json,31ac3f8d6001291f8a072d6779a0080b50585b391d603e011d55634f11ca6121|86480a158639fe2ddeecfd42545c1f4551b12bb22f9c2f339249f9f428f20019,FIXED_PAIR_CLASSIFIED_ORDER_REVERSED_AT_NEXT_LAP_BOUNDARY,FALSE,AUTOMATED_REVIEW_UNREVIEWED
ae949e7aaf79309e9868,2019:Chinese Grand Prix:Race,train,development_train,LEC,VET,17,18,3615.984,3714.37,98.386,2019-04-14T06:40:17.859000000,2019-04-14T06:41:56.245000000,9248bdc2bbe6991e9641e116,2019:Chinese Grand Prix:Race|LEC|VET|17|18,INHERITED_CANDIDATE_ID,MATCHED_TO_INHERITED_CANDIDATE,OTHER_POSITION_CHANGE,AUTOMATED_REVIEW_UNREVIEWED,LEC:4;VET:3,LEC:3;VET:4,NOT_AVAILABLE_FROM_FASTF1_POSITION_XYZ,2019-04-14T06:40:17.859000+00:00,2019-04-14T06:41:56.245000+00:00,3.003,PIT_LAP_OVERLAP_RECORDED_BUT_TIME_OF_DAY_ONLY,RC_RECORD_ON_DECISION_OR_ENDPOINT_LAP,"FastF1 car_data and pos_data present for selected race; pos_data contains XYZ/status, not classified running order or pass timestamp",event_review_37.csv + candidate source,https://raw.githubusercontent.com/TracingInsights/2019/38741496a2d3736954069c3301e33737ffb3d777/Chinese%20Grand%20Prix/Race/LEC/laptimes.json|https://raw.githubusercontent.com/TracingInsights/2019/38741496a2d3736954069c3301e33737ffb3d777/Chinese%20Grand%20Prix/Race/VET/laptimes.json,ae2c2216142fcd2a5a0f0c4ab5911d298711189e2631f8835a0507a68ad5fe79|d7efe4dd767be6ee6af7b61e96f69dcec683fda230ed9806345e6a38c3e25b93,FIXED_PAIR_CLASSIFIED_ORDER_REVERSED_AT_NEXT_LAP_BOUNDARY,FALSE,AUTOMATED_REVIEW_UNREVIEWED
9837795872505d3c06b7,2019:Chinese Grand Prix:Race,train,development_train,MAG,GRO,7,8,2642.051,2741.42,99.369,2019-04-14T06:24:03.926000000,2019-04-14T06:25:43.295000000,,2019:Chinese Grand Prix:Race|MAG|GRO|7|8,BOUNDARY_PROXY_KEY,OUTSIDE_INHERITED_CANDIDATE_UNIVERSE,OUTSIDE_CANDIDATE_UNIVERSE,AUTOMATED_PROXY_LINK_UNREVIEWED,MAG:12;GRO:11,MAG:11;GRO:13,NOT_AVAILABLE_FROM_BOUNDARY_LAPTIMES,2019-04-14T06:24:03.926000000,2019-04-14T06:25:43.295000000,BOUNDARY_INTERVAL_ONLY_NOT_EXACT_PASS_TIME,NOT_IN_INHERITED_CANDIDATE_REVIEW,NOT_IN_INHERITED_CANDIDATE_REVIEW,BOUNDARY_TELEMETRY_DOES_NOT_ESTABLISH_PASS,prediction_windows_37.csv.gz + laptime_source_inventory_37.csv,,,FIXED_PAIR_CLASSIFIED_ORDER_REVERSED_AT_NEXT_LAP_BOUNDARY,FALSE,AUTOMATED_PROXY_LINK_UNREVIEWED
7e4bbdcb854fab2fe693,2019:Chinese Grand Prix:Race,train,development_train,MAG,HUL,15,16,3467.958,3567.737,99.779,2019-04-14T06:37:49.833000000,2019-04-14T06:39:29.612000000,,2019:Chinese Grand Prix:Race|MAG|HUL|15|16,BOUNDARY_PROXY_KEY,OUTSIDE_INHERITED_CANDIDATE_UNIVERSE,OUTSIDE_CANDIDATE_UNIVERSE,AUTOMATED_PROXY_LINK_UNREVIEWED,MAG:16;HUL:15,MAG:15;HUL:17,NOT_AVAILABLE_FROM_BOUNDARY_LAPTIMES,2019-04-14T06:37:49.833000000,2019-04-14T06:39:29.612000000,BOUNDARY_INTERVAL_ONLY_NOT_EXACT_PASS_TIME,NOT_IN_INHERITED_CANDIDATE_REVIEW,NOT_IN_INHERITED_CANDIDATE_REVIEW,BOUNDARY_TELEMETRY_DOES_NOT_ESTABLISH_PASS,prediction_windows_37.csv.gz + laptime_source_inventory_37.csv,,,FIXED_PAIR_CLASSIFIED_ORDER_REVERSED_AT_NEXT_LAP_BOUNDARY,FALSE,AUTOMATED_PROXY_LINK_UNREVIEWED
5aafdba822a1ab160a77,2019:Chinese Grand Prix:Race,train,development_train,MAG,KVY,24,25,4372.326,4472.853,100.527,2019-04-14T06:52:54.201000000,2019-04-14T06:54:34.728000000,,2019:Chinese Grand Prix:Race|MAG|KVY|24|25,BOUNDARY_PROXY_KEY,OUTSIDE_INHERITED_CANDIDATE_UNIVERSE,OUTSIDE_CANDIDATE_UNIVERSE,AUTOMATED_PROXY_LINK_UNREVIEWED,MAG:12;KVY:11,MAG:11;KVY:14,NOT_AVAILABLE_FROM_BOUNDARY_LAPTIMES,2019-04-14T06:52:54.201000000,2019-04-14T06:54:34.728000000,BOUNDARY_INTERVAL_ONLY_NOT_EXACT_PASS_TIME,NOT_IN_INHERITED_CANDIDATE_REVIEW,NOT_IN_INHERITED_CANDIDATE_REVIEW,BOUNDARY_TELEMETRY_DOES_NOT_ESTABLISH_PASS,prediction_windows_37.csv.gz + laptime_source_inventory_37.csv,,,FIXED_PAIR_CLASSIFIED_ORDER_REVERSED_AT_NEXT_LAP_BOUNDARY,FALSE,AUTOMATED_PROXY_LINK_UNREVIEWED
840d2cae0cb73c0fc023,2019:Chinese Grand Prix:Race,train,development_train,MAG,SAI,35,36,5502.809,5593.959,91.15,2019-04-14T07:11:44.684000000,2019-04-14T07:13:15.834000000,58e11c45e14ec097a241e87b,2019:Chinese Grand Prix:Race|MAG|SAI|35|36,INHERITED_CANDIDATE_ID,MATCHED_TO_INHERITED_CANDIDATE,OTHER_POSITION_CHANGE,AUTOMATED_REVIEW_UNREVIEWED,MAG:14;SAI:13,MAG:13;SAI:14,NOT_AVAILABLE_FROM_FASTF1_POSITION_XYZ,2019-04-14T07:11:44.684000+00:00,2019-04-14T07:13:15.834000+00:00,15.686,PIT_LAP_OVERLAP_RECORDED_BUT_TIME_OF_DAY_ONLY,RC_RECORD_ON_DECISION_OR_ENDPOINT_LAP,"FastF1 car_data and pos_data present for selected race; pos_data contains XYZ/status, not classified running order or pass timestamp",event_review_37.csv + candidate source,https://raw.githubusercontent.com/TracingInsights/2019/38741496a2d3736954069c3301e33737ffb3d777/Chinese%20Grand%20Prix/Race/MAG/laptimes.json|https://raw.githubusercontent.com/TracingInsights/2019/38741496a2d3736954069c3301e33737ffb3d777/Chinese%20Grand%20Prix/Race/SAI/laptimes.json,bb86275c985455de9ba5b1572e6eb32ebd520c1506e8da8f37d554550dccc570|d908641630c27245d2b73577045ff2719ac193a3fe582a3e78b65f1ded0780a0,FIXED_PAIR_CLASSIFIED_ORDER_REVERSED_AT_NEXT_LAP_BOUNDARY,FALSE,AUTOMATED_REVIEW_UNREVIEWED
98e38e61cc6f10b1111c,2019:Chinese Grand Prix:Race,train,development_train,PER,RIC,17,18,3638.747,3737.074,98.327,2019-04-14T06:40:40.622000000,2019-04-14T06:42:18.949000000,fb7c63720ac3fa3420f93598,2019:Chinese Grand Prix:Race|PER|RIC|17|18,INHERITED_CANDIDATE_ID,MATCHED_TO_INHERITED_CANDIDATE,OTHER_POSITION_CHANGE,AUTOMATED_REVIEW_UNREVIEWED,PER:8;RIC:7,PER:7;RIC:8,NOT_AVAILABLE_FROM_FASTF1_POSITION_XYZ,2019-04-14T06:40:40.622000+00:00,2019-04-14T06:42:18.949000+00:00,4.641,PIT_LAP_OVERLAP_RECORDED_BUT_TIME_OF_DAY_ONLY,RC_RECORD_ON_DECISION_OR_ENDPOINT_LAP,"FastF1 car_data and pos_data present for selected race; pos_data contains XYZ/status, not classified running order or pass timestamp",event_review_37.csv + candidate source,https://raw.githubusercontent.com/TracingInsights/2019/38741496a2d3736954069c3301e33737ffb3d777/Chinese%20Grand%20Prix/Race/PER/laptimes.json|https://raw.githubusercontent.com/TracingInsights/2019/38741496a2d3736954069c3301e33737ffb3d777/Chinese%20Grand%20Prix/Race/RIC/laptimes.json,50e2edc5be85d2d761e008f836ff7846b864a00a39d3f53311b16bb8ba0db839|ff2049619538dfbf1084f40a902df4dd5488be1db56da8abe3ebe55d907e8b51,FIXED_PAIR_CLASSIFIED_ORDER_REVERSED_AT_NEXT_LAP_BOUNDARY,FALSE,AUTOMATED_REVIEW_UNREVIEWED
b8381cde4c37c133f99c,2019:Chinese Grand Prix:Race,train,development_train,RAI,HUL,9,10,2837.616,2937.444,99.828,2019-04-14T06:27:19.491000000,2019-04-14T06:28:59.319000000,,2019:Chinese Grand Prix:Race|RAI|HUL|9|10,BOUNDARY_PROXY_KEY,OUTSIDE_INHERITED_CANDIDATE_UNIVERSE,OUTSIDE_CANDIDATE_UNIVERSE,AUTOMATED_PROXY_LINK_UNREVIEWED,RAI:10;HUL:9,RAI:9;HUL:10,NOT_AVAILABLE_FROM_BOUNDARY_LAPTIMES,2019-04-14T06:27:19.491000000,2019-04-14T06:28:59.319000000,BOUNDARY_INTERVAL_ONLY_NOT_EXACT_PASS_TIME,NOT_IN_INHERITED_CANDIDATE_REVIEW,NOT_IN_INHERITED_CANDIDATE_REVIEW,BOUNDARY_TELEMETRY_DOES_NOT_ESTABLISH_PASS,prediction_windows_37.csv.gz + laptime_source_inventory_37.csv,,,FIXED_PAIR_CLASSIFIED_ORDER_REVERSED_AT_NEXT_LAP_BOUNDARY,FALSE,AUTOMATED_PROXY_LINK_UNREVIEWED
0a951a32c3e98ad73f75,2019:Chinese Grand Prix:Race,train,development_train,SAI,RUS,21,22,4085.617,4182.46,96.843,2019-04-14T06:48:07.492000000,2019-04-14T06:49:44.335000000,,2019:Chinese Grand Prix:Race|SAI|RUS|21|22,BOUNDARY_PROXY_KEY,OUTSIDE_INHERITED_CANDIDATE_UNIVERSE,OUTSIDE_CANDIDATE_UNIVERSE,AUTOMATED_PROXY_LINK_UNREVIEWED,SAI:17;RUS:16,SAI:16;RUS:17,NOT_AVAILABLE_FROM_BOUNDARY_LAPTIMES,2019-04-14T06:48:07.492000000,2019-04-14T06:49:44.335000000,BOUNDARY_INTERVAL_ONLY_NOT_EXACT_PASS_TIME,NOT_IN_INHERITED_CANDIDATE_REVIEW,NOT_IN_INHERITED_CANDIDATE_REVIEW,BOUNDARY_TELEMETRY_DOES_NOT_ESTABLISH_PASS,prediction_windows_37.csv.gz + laptime_source_inventory_37.csv,,,FIXED_PAIR_CLASSIFIED_ORDER_REVERSED_AT_NEXT_LAP_BOUNDARY,FALSE,AUTOMATED_PROXY_LINK_UNREVIEWED
38b49b0ed7a838cf55f2,2019:Chinese Grand Prix:Race,train,development_train,STR,MAG,8,9,2744.465,2845.295,100.83,2019-04-14T06:25:46.340000000,2019-04-14T06:27:27.170000000,,2019:Chinese Grand Prix:Race|STR|MAG|8|9,BOUNDARY_PROXY_KEY,OUTSIDE_INHERITED_CANDIDATE_UNIVERSE,OUTSIDE_CANDIDATE_UNIVERSE,AUTOMATED_PROXY_LINK_UNREVIEWED,STR:12;MAG:11,STR:11;MAG:13,NOT_AVAILABLE_FROM_BOUNDARY_LAPTIMES,2019-04-14T06:25:46.340000000,2019-04-14T06:27:27.170000000,BOUNDARY_INTERVAL_ONLY_NOT_EXACT_PASS_TIME,NOT_IN_INHERITED_CANDIDATE_REVIEW,NOT_IN_INHERITED_CANDIDATE_REVIEW,BOUNDARY_TELEMETRY_DOES_NOT_ESTABLISH_PASS,prediction_windows_37.csv.gz + laptime_source_inventory_37.csv,,,FIXED_PAIR_CLASSIFIED_ORDER_REVERSED_AT_NEXT_LAP_BOUNDARY,FALSE,AUTOMATED_PROXY_LINK_UNREVIEWED
a372ca9264608189bebf,2019:Chinese Grand Prix:Race,train,development_train,STR,MAG,30,31,4979.603,5078.774,99.171,2019-04-14T07:03:01.478000000,2019-04-14T07:04:40.649000000,,2019:Chinese Grand Prix:Race|STR|MAG|30|31,BOUNDARY_PROXY_KEY,OUTSIDE_INHERITED_CANDIDATE_UNIVERSE,OUTSIDE_CANDIDATE_UNIVERSE,AUTOMATED_PROXY_LINK_UNREVIEWED,STR:13;MAG:12,STR:12;MAG:13,NOT_AVAILABLE_FROM_BOUNDARY_LAPTIMES,2019-04-14T07:03:01.478000000,2019-04-14T07:04:40.649000000,BOUNDARY_INTERVAL_ONLY_NOT_EXACT_PASS_TIME,NOT_IN_INHERITED_CANDIDATE_REVIEW,NOT_IN_INHERITED_CANDIDATE_REVIEW,BOUNDARY_TELEMETRY_DOES_NOT_ESTABLISH_PASS,prediction_windows_37.csv.gz + laptime_source_inventory_37.csv,,,FIXED_PAIR_CLASSIFIED_ORDER_REVERSED_AT_NEXT_LAP_BOUNDARY,FALSE,AUTOMATED_PROXY_LINK_UNREVIEWED
a1ad2f909e89434b2032,2019:Chinese Grand Prix:Race,train,development_train,VET,LEC,10,11,2918.347,3016.435,98.088,2019-04-14T06:28:40.222000000,2019-04-14T06:30:18.310000000,,2019:Chinese Grand Prix:Race|VET|LEC|10|11,BOUNDARY_PROXY_KEY,OUTSIDE_INHERITED_CANDIDATE_UNIVERSE,OUTSIDE_CANDIDATE_UNIVERSE,AUTOMATED_PROXY_LINK_UNREVIEWED,VET:4;LEC:3,VET:3;LEC:4,NOT_AVAILABLE_FROM_BOUNDARY_LAPTIMES,2019-04-14T06:28:40.222000000,2019-04-14T06:30:18.310000000,BOUNDARY_INTERVAL_ONLY_NOT_EXACT_PASS_TIME,NOT_IN_INHERITED_CANDIDATE_REVIEW,NOT_IN_INHERITED_CANDIDATE_REVIEW,BOUNDARY_TELEMETRY_DOES_NOT_ESTABLISH_PASS,prediction_windows_37.csv.gz + laptime_source_inventory_37.csv,,,FIXED_PAIR_CLASSIFIED_ORDER_REVERSED_AT_NEXT_LAP_BOUNDARY,FALSE,AUTOMATED_PROXY_LINK_UNREVIEWED
980e8602ea260201e112,2019:French Grand Prix:Race,train,development_train,ALB,MAG,13,14,3206.724,3305.205,98.481,2019-06-23T13:33:26.930000000,2019-06-23T13:35:05.411000000,16eb4982eefa78df2933a6b1,2019:French Grand Prix:Race|ALB|MAG|13|14,INHERITED_CANDIDATE_ID,MATCHED_TO_INHERITED_CANDIDATE,UNRESOLVED,AUTOMATED_REVIEW_UNREVIEWED,ALB:15;MAG:14,ALB:14;MAG:15,NOT_AVAILABLE_FROM_FASTF1_POSITION_XYZ,2019-06-23T13:33:26.930000+00:00,2019-06-23T13:35:05.411000+00:00,1.002,NO_RELEVANT_PIT_ROW_FOUND_IN_CONTEXT,NO_RC_RECORD_ON_DECISION_OR_ENDPOINT_LAP,"FastF1 car_data and pos_data present for selected race; pos_data contains XYZ/status, not classified running order or pass timestamp",event_review_37.csv + candidate source,https://raw.githubusercontent.com/TracingInsights/2019/38741496a2d3736954069c3301e33737ffb3d777/French%20Grand%20Prix/Race/ALB/laptimes.json|https://raw.githubusercontent.com/TracingInsights/2019/38741496a2d3736954069c3301e33737ffb3d777/French%20Grand%20Prix/Race/MAG/laptimes.json,2f6a5601906f848bf38d7365d9f4a7a480ba1d8240c4c502f7180d6b3250d30f|3e32a7b71786c781fa55d447ba2a4c4a46d0a4b428aa0f4687fd1ddbe30493b6,FIXED_PAIR_CLASSIFIED_ORDER_REVERSED_AT_NEXT_LAP_BOUNDARY,FALSE,AUTOMATED_REVIEW_UNREVIEWED
c8bcfed22c71bf99551f,2019:French Grand Prix:Race,train,development_train,BOT,VET,24,25,4239.386,4329.717,90.331,2019-06-23T13:50:39.592000000,2019-06-23T13:52:09.923000000,f028dfb8fa8a46fef79715f0,2019:French Grand Prix:Race|BOT|VET|24|25,INHERITED_CANDIDATE_ID,MATCHED_TO_INHERITED_CANDIDATE,OTHER_POSITION_CHANGE,AUTOMATED_REVIEW_UNREVIEWED,BOT:3;VET:2,BOT:2;VET:5,NOT_AVAILABLE_FROM_FASTF1_POSITION_XYZ,2019-06-23T13:50:39.592000+00:00,2019-06-23T13:52:09.923000+00:00,14.852,PIT_LAP_OVERLAP_RECORDED_BUT_TIME_OF_DAY_ONLY,NO_RC_RECORD_ON_DECISION_OR_ENDPOINT_LAP,"FastF1 car_data and pos_data present for selected race; pos_data contains XYZ/status, not classified running order or pass timestamp",event_review_37.csv + candidate source,https://raw.githubusercontent.com/TracingInsights/2019/38741496a2d3736954069c3301e33737ffb3d777/French%20Grand%20Prix/Race/BOT/laptimes.json|https://raw.githubusercontent.com/TracingInsights/2019/38741496a2d3736954069c3301e33737ffb3d777/French%20Grand%20Prix/Race/VET/laptimes.json,47822ce362cb78ce2553382f0e40c4574fcbaaa95282acff9e24037b848d5ea0|51e16e63c291479ec393750a0cee519a6205f3608bfe1c87a4f37abb78da0af7,FIXED_PAIR_CLASSIFIED_ORDER_REVERSED_AT_NEXT_LAP_BOUNDARY,FALSE,AUTOMATED_REVIEW_UNREVIEWED
00c8c04d132d985f7f47,2019:French Grand Prix:Race,train,development_train,GIO,RUS,14,15,3325.28,3422.768,97.488,2019-06-23T13:35:25.486000000,2019-06-23T13:37:02.974000000,a3d6e9ad7f02d061f3f0030e,2019:French Grand Prix:Race|GIO|RUS|14|15,INHERITED_CANDIDATE_ID,MATCHED_TO_INHERITED_CANDIDATE,UNRESOLVED,AUTOMATED_REVIEW_UNREVIEWED,GIO:20;RUS:19,GIO:19;RUS:20,NOT_AVAILABLE_FROM_FASTF1_POSITION_XYZ,2019-06-23T13:35:25.486000+00:00,2019-06-23T13:37:02.974000+00:00,2.499,NO_RELEVANT_PIT_ROW_FOUND_IN_CONTEXT,NO_RC_RECORD_ON_DECISION_OR_ENDPOINT_LAP,"FastF1 car_data and pos_data present for selected race; pos_data contains XYZ/status, not classified running order or pass timestamp",event_review_37.csv + candidate source,https://raw.githubusercontent.com/TracingInsights/2019/38741496a2d3736954069c3301e33737ffb3d777/French%20Grand%20Prix/Race/GIO/laptimes.json|https://raw.githubusercontent.com/TracingInsights/2019/38741496a2d3736954069c3301e33737ffb3d777/French%20Grand%20Prix/Race/RUS/laptimes.json,03d0845086fff567cbf41b8873a720cbd6c43c6c41b126111812fda86d4289c8|2feb0475717d7c3dd36e87fc6292c5c5e5870e97f7fab6db931681fce6476de8,FIXED_PAIR_CLASSIFIED_ORDER_REVERSED_AT_NEXT_LAP_BOUNDARY,FALSE,AUTOMATED_REVIEW_UNREVIEWED
e6747c7ae05630fffa87,2019:French Grand Prix:Race,train,development_train,GIO,KUB,15,16,3423.504,3521.332,97.828,2019-06-23T13:37:03.710000000,2019-06-23T13:38:41.538000000,564961beb3f209a9b9adc94f,2019:French Grand Prix:Race|GIO|KUB|15|16,INHERITED_CANDIDATE_ID,MATCHED_TO_INHERITED_CANDIDATE,UNRESOLVED,AUTOMATED_REVIEW_UNREVIEWED,GIO:19;KUB:18,GIO:17;KUB:18,NOT_AVAILABLE_FROM_FASTF1_POSITION_XYZ,2019-06-23T13:37:03.710000+00:00,2019-06-23T13:38:41.538000+00:00,2.177,NO_RELEVANT_PIT_ROW_FOUND_IN_CONTEXT,NO_RC_RECORD_ON_DECISION_OR_ENDPOINT_LAP,"FastF1 car_data and pos_data present for selected race; pos_data contains XYZ/status, not classified running order or pass timestamp",event_review_37.csv + candidate source,https://raw.githubusercontent.com/TracingInsights/2019/38741496a2d3736954069c3301e33737ffb3d777/French%20Grand%20Prix/Race/GIO/laptimes.json|https://raw.githubusercontent.com/TracingInsights/2019/38741496a2d3736954069c3301e33737ffb3d777/French%20Grand%20Prix/Race/KUB/laptimes.json,2feb0475717d7c3dd36e87fc6292c5c5e5870e97f7fab6db931681fce6476de8|73fc16dad947ebf4f7c4075d71a71feefce7d6f00085b80b5697933993573e15,FIXED_PAIR_CLASSIFIED_ORDER_REVERSED_AT_NEXT_LAP_BOUNDARY,FALSE,AUTOMATED_REVIEW_UNREVIEWED
b990a57f9acaa42d1814,2019:French Grand Prix:Race,train,development_train,GRO,KUB,2,3,2120.518,2221.487,100.969,2019-06-23T13:15:20.724000000,2019-06-23T13:17:01.693000000,5ae7e71f49fc6ade8a7f643e,2019:French Grand Prix:Race|GRO|KUB|2|3,INHERITED_CANDIDATE_ID,MATCHED_TO_INHERITED_CANDIDATE,UNRESOLVED,AUTOMATED_REVIEW_UNREVIEWED,GRO:18;KUB:17,GRO:17;KUB:18,NOT_AVAILABLE_FROM_FASTF1_POSITION_XYZ,2019-06-23T13:15:20.724000+00:00,2019-06-23T13:17:01.693000+00:00,0.953,NO_RELEVANT_PIT_ROW_FOUND_IN_CONTEXT,RC_RECORD_ON_DECISION_OR_ENDPOINT_LAP,"FastF1 car_data and pos_data present for selected race; pos_data contains XYZ/status, not classified running order or pass timestamp",event_review_37.csv + candidate source,https://raw.githubusercontent.com/TracingInsights/2019/38741496a2d3736954069c3301e33737ffb3d777/French%20Grand%20Prix/Race/GRO/laptimes.json|https://raw.githubusercontent.com/TracingInsights/2019/38741496a2d3736954069c3301e33737ffb3d777/French%20Grand%20Prix/Race/KUB/laptimes.json,1380d7eb789348ffb8d0f47f2ffac6d2bb6b8c54e6f3692bf70685291bb4d071|73fc16dad947ebf4f7c4075d71a71feefce7d6f00085b80b5697933993573e15,FIXED_PAIR_CLASSIFIED_ORDER_REVERSED_AT_NEXT_LAP_BOUNDARY,FALSE,AUTOMATED_REVIEW_UNREVIEWED
e6db7d8d2691f926fd31,2019:French Grand Prix:Race,train,development_train,GRO,MAG,15,16,3405.813,3504.184,98.371,2019-06-23T13:36:46.019000000,2019-06-23T13:38:24.390000000,cc569f7b9083a9ee6e0400a7,2019:French Grand Prix:Race|GRO|MAG|15|16,INHERITED_CANDIDATE_ID,MATCHED_TO_INHERITED_CANDIDATE,OTHER_POSITION_CHANGE,AUTOMATED_REVIEW_UNREVIEWED,GRO:17;MAG:16,GRO:15;MAG:20,NOT_AVAILABLE_FROM_FASTF1_POSITION_XYZ,2019-06-23T13:36:46.019000+00:00,2019-06-23T13:38:24.390000+00:00,1.858,PIT_LAP_OVERLAP_RECORDED_BUT_TIME_OF_DAY_ONLY,NO_RC_RECORD_ON_DECISION_OR_ENDPOINT_LAP,"FastF1 car_data and pos_data present for selected race; pos_data contains XYZ/status, not classified running order or pass timestamp",event_review_37.csv + candidate source,https://raw.githubusercontent.com/TracingInsights/2019/38741496a2d3736954069c3301e33737ffb3d777/French%20Grand%20Prix/Race/GRO/laptimes.json|https://raw.githubusercontent.com/TracingInsights/2019/38741496a2d3736954069c3301e33737ffb3d777/French%20Grand%20Prix/Race/MAG/laptimes.json,1380d7eb789348ffb8d0f47f2ffac6d2bb6b8c54e6f3692bf70685291bb4d071|3e32a7b71786c781fa55d447ba2a4c4a46d0a4b428aa0f4687fd1ddbe30493b6,FIXED_PAIR_CLASSIFIED_ORDER_REVERSED_AT_NEXT_LAP_BOUNDARY,FALSE,AUTOMATED_REVIEW_UNREVIEWED
6dae75ac5a41d574a69a,2019:French Grand Prix:Race,train,development_train,KUB,RUS,32,33,5134.039,5225.408,91.369,2019-06-23T14:05:34.245000000,2019-06-23T14:07:05.614000000,e52a8fcdb484a24548844d78,2019:French Grand Prix:Race|KUB|RUS|32|33,INHERITED_CANDIDATE_ID,MATCHED_TO_INHERITED_CANDIDATE,OTHER_POSITION_CHANGE,AUTOMATED_REVIEW_UNREVIEWED,KUB:20;RUS:19,KUB:19;RUS:20,NOT_AVAILABLE_FROM_FASTF1_POSITION_XYZ,2019-06-23T14:05:34.245000+00:00,2019-06-23T14:07:05.614000+00:00,12.938,PIT_LAP_OVERLAP_RECORDED_BUT_TIME_OF_DAY_ONLY,RC_RECORD_ON_DECISION_OR_ENDPOINT_LAP,"FastF1 car_data and pos_data present for selected race; pos_data contains XYZ/status, not classified running order or pass timestamp",event_review_37.csv + candidate source,https://raw.githubusercontent.com/TracingInsights/2019/38741496a2d3736954069c3301e33737ffb3d777/French%20Grand%20Prix/Race/KUB/laptimes.json|https://raw.githubusercontent.com/TracingInsights/2019/38741496a2d3736954069c3301e33737ffb3d777/French%20Grand%20Prix/Race/RUS/laptimes.json,03d0845086fff567cbf41b8873a720cbd6c43c6c41b126111812fda86d4289c8|73fc16dad947ebf4f7c4075d71a71feefce7d6f00085b80b5697933993573e15,FIXED_PAIR_CLASSIFIED_ORDER_REVERSED_AT_NEXT_LAP_BOUNDARY,FALSE,AUTOMATED_REVIEW_UNREVIEWED
175ee634a5886f1b2dbb,2019:French Grand Prix:Race,train,development_train,KVY,RUS,2,3,2121.826,2222.723,100.897,2019-06-23T13:15:22.032000000,2019-06-23T13:17:02.929000000,f10e6e69a7491e9f2915940a,2019:French Grand Prix:Race|KVY|RUS|2|3,INHERITED_CANDIDATE_ID,MATCHED_TO_INHERITED_CANDIDATE,UNRESOLVED,AUTOMATED_REVIEW_UNREVIEWED,KVY:20;RUS:19,KVY:19;RUS:20,NOT_AVAILABLE_FROM_FASTF1_POSITION_XYZ,2019-06-23T13:15:22.032000+00:00,2019-06-23T13:17:02.929000+00:00,0.997,NO_RELEVANT_PIT_ROW_FOUND_IN_CONTEXT,RC_RECORD_ON_DECISION_OR_ENDPOINT_LAP,"FastF1 car_data and pos_data present for selected race; pos_data contains XYZ/status, not classified running order or pass timestamp",event_review_37.csv + candidate source,https://raw.githubusercontent.com/TracingInsights/2019/38741496a2d3736954069c3301e33737ffb3d777/French%20Grand%20Prix/Race/KVY/laptimes.json|https://raw.githubusercontent.com/TracingInsights/2019/38741496a2d3736954069c3301e33737ffb3d777/French%20Grand%20Prix/Race/RUS/laptimes.json,03d0845086fff567cbf41b8873a720cbd6c43c6c41b126111812fda86d4289c8|1f8481fd0b8296a506dabca152714165f792a39e8ecfb918814bb400632dc638,FIXED_PAIR_CLASSIFIED_ORDER_REVERSED_AT_NEXT_LAP_BOUNDARY,FALSE,AUTOMATED_REVIEW_UNREVIEWED
74baaf93d582e33efaff,2019:French Grand Prix:Race,train,development_train,KVY,GRO,7,8,2618.266,2715.929,97.663,2019-06-23T13:23:38.472000000,2019-06-23T13:25:16.135000000,,2019:French Grand Prix:Race|KVY|GRO|7|8,BOUNDARY_PROXY_KEY,OUTSIDE_INHERITED_CANDIDATE_UNIVERSE,OUTSIDE_CANDIDATE_UNIVERSE,AUTOMATED_PROXY_LINK_UNREVIEWED,KVY:17;GRO:16,KVY:16;GRO:17,NOT_AVAILABLE_FROM_BOUNDARY_LAPTIMES,2019-06-23T13:23:38.472000000,2019-06-23T13:25:16.135000000,BOUNDARY_INTERVAL_ONLY_NOT_EXACT_PASS_TIME,NOT_IN_INHERITED_CANDIDATE_REVIEW,NOT_IN_INHERITED_CANDIDATE_REVIEW,BOUNDARY_TELEMETRY_DOES_NOT_ESTABLISH_PASS,prediction_windows_37.csv.gz + laptime_source_inventory_37.csv,,,FIXED_PAIR_CLASSIFIED_ORDER_REVERSED_AT_NEXT_LAP_BOUNDARY,FALSE,AUTOMATED_PROXY_LINK_UNREVIEWED
7ab4fe5a6a084408a844,2019:French Grand Prix:Race,train,development_train,KVY,MAG,14,15,3306.362,3404.471,98.109,2019-06-23T13:35:06.568000000,2019-06-23T13:36:44.677000000,b1ab67822cfecf1654dc9e14,2019:French Grand Prix:Race|KVY|MAG|14|15,INHERITED_CANDIDATE_ID,MATCHED_TO_INHERITED_CANDIDATE,UNRESOLVED,AUTOMATED_REVIEW_UNREVIEWED,KVY:16;MAG:15,KVY:15;MAG:16,NOT_AVAILABLE_FROM_FASTF1_POSITION_XYZ,2019-06-23T13:35:06.568000+00:00,2019-06-23T13:36:44.677000+00:00,1.711,NO_RELEVANT_PIT_ROW_FOUND_IN_CONTEXT,NO_RC_RECORD_ON_DECISION_OR_ENDPOINT_LAP,"FastF1 car_data and pos_data present for selected race; pos_data contains XYZ/status, not classified running order or pass timestamp",event_review_37.csv + candidate source,https://raw.githubusercontent.com/TracingInsights/2019/38741496a2d3736954069c3301e33737ffb3d777/French%20Grand%20Prix/Race/KVY/laptimes.json|https://raw.githubusercontent.com/TracingInsights/2019/38741496a2d3736954069c3301e33737ffb3d777/French%20Grand%20Prix/Race/MAG/laptimes.json,1f8481fd0b8296a506dabca152714165f792a39e8ecfb918814bb400632dc638|3e32a7b71786c781fa55d447ba2a4c4a46d0a4b428aa0f4687fd1ddbe30493b6,FIXED_PAIR_CLASSIFIED_ORDER_REVERSED_AT_NEXT_LAP_BOUNDARY,FALSE,AUTOMATED_REVIEW_UNREVIEWED
8353e498f3f44e9b8f8f,2019:French Grand Prix:Race,train,development_train,MAG,KUB,19,20,3822.539,3921.076,98.537,2019-06-23T13:43:42.745000000,2019-06-23T13:45:21.282000000,,2019:French Grand Prix:Race|MAG|KUB|19|20,BOUNDARY_PROXY_KEY,OUTSIDE_INHERITED_CANDIDATE_UNIVERSE,OUTSIDE_CANDIDATE_UNIVERSE,AUTOMATED_PROXY_LINK_UNREVIEWED,MAG:20;KUB:19,MAG:19;KUB:20,NOT_AVAILABLE_FROM_BOUNDARY_LAPTIMES,2019-06-23T13:43:42.745000000,2019-06-23T13:45:21.282000000,BOUNDARY_INTERVAL_ONLY_NOT_EXACT_PASS_TIME,NOT_IN_INHERITED_CANDIDATE_REVIEW,NOT_IN_INHERITED_CANDIDATE_REVIEW,BOUNDARY_TELEMETRY_DOES_NOT_ESTABLISH_PASS,prediction_windows_37.csv.gz + laptime_source_inventory_37.csv,,,FIXED_PAIR_CLASSIFIED_ORDER_REVERSED_AT_NEXT_LAP_BOUNDARY,FALSE,AUTOMATED_PROXY_LINK_UNREVIEWED
ce8efb0b3546e9f538f6,2019:French Grand Prix:Race,train,development_train,NOR,KVY,19,20,3796.789,3894.375,97.586,2019-06-23T13:43:14.406000000,2019-06-23T13:44:54.581000000,,2019:French Grand Prix:Race|NOR|KVY|19|20,BOUNDARY_PROXY_KEY,OUTSIDE_INHERITED_CANDIDATE_UNIVERSE,OUTSIDE_CANDIDATE_UNIVERSE,AUTOMATED_PROXY_LINK_UNREVIEWED,NOR:12;KVY:11,NOR:11;KVY:12,NOT_AVAILABLE_FROM_BOUNDARY_LAPTIMES,2019-06-23T13:43:14.406000000,2019-06-23T13:44:54.581000000,BOUNDARY_INTERVAL_ONLY_NOT_EXACT_PASS_TIME,NOT_IN_INHERITED_CANDIDATE_REVIEW,NOT_IN_INHERITED_CANDIDATE_REVIEW,BOUNDARY_TELEMETRY_DOES_NOT_ESTABLISH_PASS,prediction_windows_37.csv.gz + laptime_source_inventory_37.csv,,,FIXED_PAIR_CLASSIFIED_ORDER_REVERSED_AT_NEXT_LAP_BOUNDARY,FALSE,AUTOMATED_PROXY_LINK_UNREVIEWED
d338bab00ebb0e2132ef,2019:French Grand Prix:Race,train,development_train,RAI,RIC,15,16,3393.12,3488.795,95.675,2019-06-23T13:36:33.326000000,2019-06-23T13:38:09.001000000,b8e5430bbc5900b42eb457c0,2019:French Grand Prix:Race|RAI|RIC|15|16,INHERITED_CANDIDATE_ID,MATCHED_TO_INHERITED_CANDIDATE,OTHER_POSITION_CHANGE,AUTOMATED_REVIEW_UNREVIEWED,RAI:10;RIC:9,RAI:9;RIC:16,NOT_AVAILABLE_FROM_FASTF1_POSITION_XYZ,2019-06-23T13:36:33.326000+00:00,2019-06-23T13:38:09.001000+00:00,3.568,PIT_LAP_OVERLAP_RECORDED_BUT_TIME_OF_DAY_ONLY,NO_RC_RECORD_ON_DECISION_OR_ENDPOINT_LAP,"FastF1 car_data and pos_data present for selected race; pos_data contains XYZ/status, not classified running order or pass timestamp",event_review_37.csv + candidate source,https://raw.githubusercontent.com/TracingInsights/2019/38741496a2d3736954069c3301e33737ffb3d777/French%20Grand%20Prix/Race/RAI/laptimes.json|https://raw.githubusercontent.com/TracingInsights/2019/38741496a2d3736954069c3301e33737ffb3d777/French%20Grand%20Prix/Race/RIC/laptimes.json,530433350e27dc427219f2724e86c538c8b16f309c138dc26105f254335e5aa4|e919d9ace5ec7c7f3f5b024d0901eea235322f8c17fd5c5df25ec744d77abefe,FIXED_PAIR_CLASSIFIED_ORDER_REVERSED_AT_NEXT_LAP_BOUNDARY,FALSE,AUTOMATED_REVIEW_UNREVIEWED
2e2c2c48d34a5b31775d,2019:French Grand Prix:Race,train,development_train,RAI,GAS,16,17,3490.651,3585.471,94.82,2019-06-23T13:38:10.857000000,2019-06-23T13:39:45.677000000,,2019:French Grand Prix:Race|RAI|GAS|16|17,BOUNDARY_PROXY_KEY,OUTSIDE_INHERITED_CANDIDATE_UNIVERSE,OUTSIDE_CANDIDATE_UNIVERSE,AUTOMATED_PROXY_LINK_UNREVIEWED,RAI:9;GAS:8,RAI:8;GAS:15,NOT_AVAILABLE_FROM_BOUNDARY_LAPTIMES,2019-06-23T13:38:10.857000000,2019-06-23T13:39:45.677000000,BOUNDARY_INTERVAL_ONLY_NOT_EXACT_PASS_TIME,NOT_IN_INHERITED_CANDIDATE_REVIEW,NOT_IN_INHERITED_CANDIDATE_REVIEW,BOUNDARY_TELEMETRY_DOES_NOT_ESTABLISH_PASS,prediction_windows_37.csv.gz + laptime_source_inventory_37.csv,,,FIXED_PAIR_CLASSIFIED_ORDER_REVERSED_AT_NEXT_LAP_BOUNDARY,FALSE,AUTOMATED_PROXY_LINK_UNREVIEWED
2729eed205d078a62465,2019:French Grand Prix:Race,train,development_train,RAI,NOR,17,18,3588.164,3677.213,89.049,2019-06-23T13:39:48.370000000,2019-06-23T13:41:17.419000000,,2019:French Grand Prix:Race|RAI|NOR|17|18,BOUNDARY_PROXY_KEY,OUTSIDE_INHERITED_CANDIDATE_UNIVERSE,OUTSIDE_CANDIDATE_UNIVERSE,AUTOMATED_PROXY_LINK_UNREVIEWED,RAI:8;NOR:7,RAI:7;NOR:11,NOT_AVAILABLE_FROM_BOUNDARY_LAPTIMES,2019-06-23T13:39:48.370000000,2019-06-23T13:41:17.419000000,BOUNDARY_INTERVAL_ONLY_NOT_EXACT_PASS_TIME,NOT_IN_INHERITED_CANDIDATE_REVIEW,NOT_IN_INHERITED_CANDIDATE_REVIEW,BOUNDARY_TELEMETRY_DOES_NOT_ESTABLISH_PASS,prediction_windows_37.csv.gz + laptime_source_inventory_37.csv,,,FIXED_PAIR_CLASSIFIED_ORDER_REVERSED_AT_NEXT_LAP_BOUNDARY,FALSE,AUTOMATED_PROXY_LINK_UNREVIEWED
5d904c5e0713f1d9f59d,2019:French Grand Prix:Race,train,development_train,RAI,SAI,18,19,3685.376,3772.682,87.306,2019-06-23T13:41:25.582000000,2019-06-23T13:42:52.888000000,8effb570a9caffd871f11d19,2019:French Grand Prix:Race|RAI|SAI|18|19,INHERITED_CANDIDATE_ID,MATCHED_TO_INHERITED_CANDIDATE,OTHER_POSITION_CHANGE,AUTOMATED_REVIEW_UNREVIEWED,RAI:7;SAI:6,RAI:6;SAI:9,NOT_AVAILABLE_FROM_FASTF1_POSITION_XYZ,2019-06-23T13:41:25.582000+00:00,2019-06-23T13:42:52.888000+00:00,19.363,PIT_LAP_OVERLAP_RECORDED_BUT_TIME_OF_DAY_ONLY,NO_RC_RECORD_ON_DECISION_OR_ENDPOINT_LAP,"FastF1 car_data and pos_data present for selected race; pos_data contains XYZ/status, not classified running order or pass timestamp",event_review_37.csv + candidate source,https://raw.githubusercontent.com/TracingInsights/2019/38741496a2d3736954069c3301e33737ffb3d777/French%20Grand%20Prix/Race/RAI/laptimes.json|https://raw.githubusercontent.com/TracingInsights/2019/38741496a2d3736954069c3301e33737ffb3d777/French%20Grand%20Prix/Race/SAI/laptimes.json,cc289e8c1f2005773f2f9209f2e329281d3edf8e27393d4acfd88ba04f413125|e919d9ace5ec7c7f3f5b024d0901eea235322f8c17fd5c5df25ec744d77abefe,FIXED_PAIR_CLASSIFIED_ORDER_REVERSED_AT_NEXT_LAP_BOUNDARY,FALSE,AUTOMATED_REVIEW_UNREVIEWED
644d101aac8bda183e0e,2019:French Grand Prix:Race,train,development_train,RIC,GIO,5,6,2412.606,2511.323,98.717,2019-06-23T13:20:12.812000000,2019-06-23T13:21:51.529000000,,2019:French Grand Prix:Race|RIC|GIO|5|6,BOUNDARY_PROXY_KEY,OUTSIDE_INHERITED_CANDIDATE_UNIVERSE,OUTSIDE_CANDIDATE_UNIVERSE,AUTOMATED_PROXY_LINK_UNREVIEWED,RIC:10;GIO:9,RIC:9;GIO:11,NOT_AVAILABLE_FROM_BOUNDARY_LAPTIMES,2019-06-23T13:20:12.812000000,2019-06-23T13:21:51.529000000,BOUNDARY_INTERVAL_ONLY_NOT_EXACT_PASS_TIME,NOT_IN_INHERITED_CANDIDATE_REVIEW,NOT_IN_INHERITED_CANDIDATE_REVIEW,BOUNDARY_TELEMETRY_DOES_NOT_ESTABLISH_PASS,prediction_windows_37.csv.gz + laptime_source_inventory_37.csv,,,FIXED_PAIR_CLASSIFIED_ORDER_REVERSED_AT_NEXT_LAP_BOUNDARY,FALSE,AUTOMATED_PROXY_LINK_UNREVIEWED
7b0be3a765eb87c80414,2019:French Grand Prix:Race,train,development_train,RUS,KUB,17,18,3622.42,3721.366,98.946,2019-06-23T13:40:22.626000000,2019-06-23T13:42:01.572000000,,2019:French Grand Prix:Race|RUS|KUB|17|18,BOUNDARY_PROXY_KEY,OUTSIDE_INHERITED_CANDIDATE_UNIVERSE,OUTSIDE_CANDIDATE_UNIVERSE,AUTOMATED_PROXY_LINK_UNREVIEWED,RUS:19;KUB:18,RUS:18;KUB:19,NOT_AVAILABLE_FROM_BOUNDARY_LAPTIMES,2019-06-23T13:40:22.626000000,2019-06-23T13:42:01.572000000,BOUNDARY_INTERVAL_ONLY_NOT_EXACT_PASS_TIME,NOT_IN_INHERITED_CANDIDATE_REVIEW,NOT_IN_INHERITED_CANDIDATE_REVIEW,BOUNDARY_TELEMETRY_DOES_NOT_ESTABLISH_PASS,prediction_windows_37.csv.gz + laptime_source_inventory_37.csv,,,FIXED_PAIR_CLASSIFIED_ORDER_REVERSED_AT_NEXT_LAP_BOUNDARY,FALSE,AUTOMATED_PROXY_LINK_UNREVIEWED
976b17edcc417082195b,2019:French Grand Prix:Race,train,development_train,SAI,ALB,24,25,4281.073,4376.224,95.151,2019-06-23T13:51:21.279000000,2019-06-23T13:52:56.430000000,,2019:French Grand Prix:Race|SAI|ALB|24|25,BOUNDARY_PROXY_KEY,OUTSIDE_INHERITED_CANDIDATE_UNIVERSE,OUTSIDE_CANDIDATE_UNIVERSE,AUTOMATED_PROXY_LINK_UNREVIEWED,SAI:10;ALB:9,SAI:9;ALB:16,NOT_AVAILABLE_FROM_BOUNDARY_LAPTIMES,2019-06-23T13:51:21.279000000,2019-06-23T13:52:56.430000000,BOUNDARY_INTERVAL_ONLY_NOT_EXACT_PASS_TIME,NOT_IN_INHERITED_CANDIDATE_REVIEW,NOT_IN_INHERITED_CANDIDATE_REVIEW,BOUNDARY_TELEMETRY_DOES_NOT_ESTABLISH_PASS,prediction_windows_37.csv.gz + laptime_source_inventory_37.csv,,,FIXED_PAIR_CLASSIFIED_ORDER_REVERSED_AT_NEXT_LAP_BOUNDARY,FALSE,AUTOMATED_PROXY_LINK_UNREVIEWED
9d36b04a2bec1774cb0d,2019:French Grand Prix:Race,train,development_train,STR,MAG,11,12,3009.088,3106.859,97.771,2019-06-23T13:30:09.294000000,2019-06-23T13:31:47.065000000,,2019:French Grand Prix:Race|STR|MAG|11|12,BOUNDARY_PROXY_KEY,OUTSIDE_INHERITED_CANDIDATE_UNIVERSE,OUTSIDE_CANDIDATE_UNIVERSE,AUTOMATED_PROXY_LINK_UNREVIEWED,STR:14;MAG:13,STR:13;MAG:14,NOT_AVAILABLE_FROM_BOUNDARY_LAPTIMES,2019-06-23T13:30:09.294000000,2019-06-23T13:31:47.065000000,BOUNDARY_INTERVAL_ONLY_NOT_EXACT_PASS_TIME,NOT_IN_INHERITED_CANDIDATE_REVIEW,NOT_IN_INHERITED_CANDIDATE_REVIEW,BOUNDARY_TELEMETRY_DOES_NOT_ESTABLISH_PASS,prediction_windows_37.csv.gz + laptime_source_inventory_37.csv,,,FIXED_PAIR_CLASSIFIED_ORDER_REVERSED_AT_NEXT_LAP_BOUNDARY,FALSE,AUTOMATED_PROXY_LINK_UNREVIEWED
4dd884d1f6442e828d03,2019:French Grand Prix:Race,train,development_train,STR,PER,17,18,3594.609,3687.725,93.116,2019-06-23T13:39:54.815000000,2019-06-23T13:41:27.931000000,,2019:French Grand Prix:Race|STR|PER|17|18,BOUNDARY_PROXY_KEY,OUTSIDE_INHERITED_CANDIDATE_UNIVERSE,OUTSIDE_CANDIDATE_UNIVERSE,AUTOMATED_PROXY_LINK_UNREVIEWED,STR:11;PER:10,STR:9;PER:16,NOT_AVAILABLE_FROM_BOUNDARY_LAPTIMES,2019-06-23T13:39:54.815000000,2019-06-23T13:41:27.931000000,BOUNDARY_INTERVAL_ONLY_NOT_EXACT_PASS_TIME,NOT_IN_INHERITED_CANDIDATE_REVIEW,NOT_IN_INHERITED_CANDIDATE_REVIEW,BOUNDARY_TELEMETRY_DOES_NOT_ESTABLISH_PASS,prediction_windows_37.csv.gz + laptime_source_inventory_37.csv,,,FIXED_PAIR_CLASSIFIED_ORDER_REVERSED_AT_NEXT_LAP_BOUNDARY,FALSE,AUTOMATED_PROXY_LINK_UNREVIEWED
ed850cec638532a9dae0,2019:French Grand Prix:Race,train,development_train,VET,NOR,4,5,2311.52,2409.192,97.672,2019-06-23T13:18:31.726000000,2019-06-23T13:20:09.398000000,,2019:French Grand Prix:Race|VET|NOR|4|5,BOUNDARY_PROXY_KEY,OUTSIDE_INHERITED_CANDIDATE_UNIVERSE,OUTSIDE_CANDIDATE_UNIVERSE,AUTOMATED_PROXY_LINK_UNREVIEWED,VET:7;NOR:6,VET:6;NOR:7,NOT_AVAILABLE_FROM_BOUNDARY_LAPTIMES,2019-06-23T13:18:31.726000000,2019-06-23T13:20:09.398000000,BOUNDARY_INTERVAL_ONLY_NOT_EXACT_PASS_TIME,NOT_IN_INHERITED_CANDIDATE_REVIEW,NOT_IN_INHERITED_CANDIDATE_REVIEW,BOUNDARY_TELEMETRY_DOES_NOT_ESTABLISH_PASS,prediction_windows_37.csv.gz + laptime_source_inventory_37.csv,,,FIXED_PAIR_CLASSIFIED_ORDER_REVERSED_AT_NEXT_LAP_BOUNDARY,FALSE,AUTOMATED_PROXY_LINK_UNREVIEWED
d6ea2c919c944603656d,2019:French Grand Prix:Race,train,development_train,VET,VER,19,20,3754.492,3847.044,92.552,2019-06-23T13:42:34.698000000,2019-06-23T13:44:07.250000000,,2019:French Grand Prix:Race|VET|VER|19|20,BOUNDARY_PROXY_KEY,OUTSIDE_INHERITED_CANDIDATE_UNIVERSE,OUTSIDE_CANDIDATE_UNIVERSE,AUTOMATED_PROXY_LINK_UNREVIEWED,VET:5;VER:4,VET:4;VER:5,NOT_AVAILABLE_FROM_BOUNDARY_LAPTIMES,2019-06-23T13:42:34.698000000,2019-06-23T13:44:07.250000000,BOUNDARY_INTERVAL_ONLY_NOT_EXACT_PASS_TIME,NOT_IN_INHERITED_CANDIDATE_REVIEW,NOT_IN_INHERITED_CANDIDATE_REVIEW,BOUNDARY_TELEMETRY_DOES_NOT_ESTABLISH_PASS,prediction_windows_37.csv.gz + laptime_source_inventory_37.csv,,,FIXED_PAIR_CLASSIFIED_ORDER_REVERSED_AT_NEXT_LAP_BOUNDARY,FALSE,AUTOMATED_PROXY_LINK_UNREVIEWED
a31db0c61f111d1df1fd,2019:French Grand Prix:Race,train,development_train,VET,LEC,20,21,3850.391,3936.914,86.523,2019-06-23T13:44:10.597000000,2019-06-23T13:45:37.120000000,,2019:French Grand Prix:Race|VET|LEC|20|21,BOUNDARY_PROXY_KEY,OUTSIDE_INHERITED_CANDIDATE_UNIVERSE,OUTSIDE_CANDIDATE_UNIVERSE,AUTOMATED_PROXY_LINK_UNREVIEWED,VET:4;LEC:3,VET:3;LEC:4,NOT_AVAILABLE_FROM_BOUNDARY_LAPTIMES,2019-06-23T13:44:10.597000000,2019-06-23T13:45:37.120000000,BOUNDARY_INTERVAL_ONLY_NOT_EXACT_PASS_TIME,NOT_IN_INHERITED_CANDIDATE_REVIEW,NOT_IN_INHERITED_CANDIDATE_REVIEW,BOUNDARY_TELEMETRY_DOES_NOT_ESTABLISH_PASS,prediction_windows_37.csv.gz + laptime_source_inventory_37.csv,,,FIXED_PAIR_CLASSIFIED_ORDER_REVERSED_AT_NEXT_LAP_BOUNDARY,FALSE,AUTOMATED_PROXY_LINK_UNREVIEWED
b1a7ac23be0ed003d14e,2019:German Grand Prix:Race,train,development_train,ALB,RUS,5,6,2872.44,2972.215,99.775,2019-07-28T13:27:52.602000000,2019-07-28T13:29:32.377000000,97c85d789f7d81369f09fb3f,2019:German Grand Prix:Race|ALB|RUS|5|6,INHERITED_CANDIDATE_ID,MATCHED_TO_INHERITED_CANDIDATE,UNRESOLVED,AUTOMATED_REVIEW_UNREVIEWED,ALB:13;RUS:12,ALB:11;RUS:14,NOT_AVAILABLE_FROM_FASTF1_POSITION_XYZ,2019-07-28T13:27:52.602000+00:00,2019-07-28T13:29:32.377000+00:00,3.697,NO_RELEVANT_PIT_ROW_FOUND_IN_CONTEXT,NO_RC_RECORD_ON_DECISION_OR_ENDPOINT_LAP,"FastF1 car_data and pos_data present for selected race; pos_data contains XYZ/status, not classified running order or pass timestamp",event_review_37.csv + candidate source,https://raw.githubusercontent.com/TracingInsights/2019/38741496a2d3736954069c3301e33737ffb3d777/German%20Grand%20Prix/Race/ALB/laptimes.json|https://raw.githubusercontent.com/TracingInsights/2019/38741496a2d3736954069c3301e33737ffb3d777/German%20Grand%20Prix/Race/RUS/laptimes.json,6bcff8cd371a365ac516bde1c87fbe05a44ecc9287c59119c759ec37746dee1e|6f446b9fc809f53de05a1370c5fa0e7a406735868d711e04bfc39c87e0bc3dcf,FIXED_PAIR_CLASSIFIED_ORDER_REVERSED_AT_NEXT_LAP_BOUNDARY,FALSE,AUTOMATED_REVIEW_UNREVIEWED
259ccf64e7fc1a937fe6,2019:German Grand Prix:Race,train,development_train,ALB,VET,22,23,4475.751,4563.898,88.147,2019-07-28T13:54:35.913000000,2019-07-28T13:56:04.060000000,cb91436e16f624367b0d9df2,2019:German Grand Prix:Race|ALB|VET|22|23,INHERITED_CANDIDATE_ID,MATCHED_TO_INHERITED_CANDIDATE,OTHER_POSITION_CHANGE,AUTOMATED_REVIEW_UNREVIEWED,ALB:8;VET:7,ALB:7;VET:8,NOT_AVAILABLE_FROM_FASTF1_POSITION_XYZ,2019-07-28T13:54:35.913000+00:00,2019-07-28T13:56:04.060000+00:00,11.788,PIT_LAP_OVERLAP_RECORDED_BUT_TIME_OF_DAY_ONLY,RC_RECORD_ON_DECISION_OR_ENDPOINT_LAP,"FastF1 car_data and pos_data present for selected race; pos_data contains XYZ/status, not classified running order or pass timestamp",event_review_37.csv + candidate source,https://raw.githubusercontent.com/TracingInsights/2019/38741496a2d3736954069c3301e33737ffb3d777/German%20Grand%20Prix/Race/ALB/laptimes.json|https://raw.githubusercontent.com/TracingInsights/2019/38741496a2d3736954069c3301e33737ffb3d777/German%20Grand%20Prix/Race/VET/laptimes.json,6f446b9fc809f53de05a1370c5fa0e7a406735868d711e04bfc39c87e0bc3dcf|b0fb79f882ed6f5b8fd99f35bcdfbfa8f19d15abafa16eb3940d3e18f2bdbba6,FIXED_PAIR_CLASSIFIED_ORDER_REVERSED_AT_NEXT_LAP_BOUNDARY,FALSE,AUTOMATED_REVIEW_UNREVIEWED
eb024d6b5eaff9fa90f5,2019:German Grand Prix:Race,train,development_train,ALB,MAG,49,50,7311.759,7390.851,79.092,2019-07-28T14:41:51.921000000,2019-07-28T14:43:11.013000000,9c34279802ee2983b39f645d,2019:German Grand Prix:Race|ALB|MAG|49|50,INHERITED_CANDIDATE_ID,MATCHED_TO_INHERITED_CANDIDATE,UNRESOLVED,AUTOMATED_REVIEW_UNREVIEWED,ALB:7;MAG:6,ALB:6;MAG:7,NOT_AVAILABLE_FROM_FASTF1_POSITION_XYZ,2019-07-28T14:41:51.921000+00:00,2019-07-28T14:43:11.013000+00:00,1.982,NO_RELEVANT_PIT_ROW_FOUND_IN_CONTEXT,NO_RC_RECORD_ON_DECISION_OR_ENDPOINT_LAP,"FastF1 car_data and pos_data present for selected race; pos_data contains XYZ/status, not classified running order or pass timestamp",event_review_37.csv + candidate source,https://raw.githubusercontent.com/TracingInsights/2019/38741496a2d3736954069c3301e33737ffb3d777/German%20Grand%20Prix/Race/ALB/laptimes.json|https://raw.githubusercontent.com/TracingInsights/2019/38741496a2d3736954069c3301e33737ffb3d777/German%20Grand%20Prix/Race/MAG/laptimes.json,6f446b9fc809f53de05a1370c5fa0e7a406735868d711e04bfc39c87e0bc3dcf|ecaf4d5401b4ada34c3cb189b63854ecbbbee02fbcb440fba010208d44a8e233,FIXED_PAIR_CLASSIFIED_ORDER_REVERSED_AT_NEXT_LAP_BOUNDARY,FALSE,AUTOMATED_REVIEW_UNREVIEWED
c4f2bd42a0f8fbfd330c,2019:German Grand Prix:Race,train,development_train,GAS,MAG,51,52,7472.493,7552.671,80.178,2019-07-28T14:44:32.655000000,2019-07-28T14:45:52.833000000,dc498ed1cc65b491a5cbfe63,2019:German Grand Prix:Race|GAS|MAG|51|52,INHERITED_CANDIDATE_ID,MATCHED_TO_INHERITED_CANDIDATE,UNRESOLVED,AUTOMATED_REVIEW_UNREVIEWED,GAS:9;MAG:8,GAS:8;MAG:9,NOT_AVAILABLE_FROM_FASTF1_POSITION_XYZ,2019-07-28T14:44:32.655000+00:00,2019-07-28T14:45:52.833000+00:00,1.035,NO_RELEVANT_PIT_ROW_FOUND_IN_CONTEXT,NO_RC_RECORD_ON_DECISION_OR_ENDPOINT_LAP,"FastF1 car_data and pos_data present for selected race; pos_data contains XYZ/status, not classified running order or pass timestamp",event_review_37.csv + candidate source,https://raw.githubusercontent.com/TracingInsights/2019/38741496a2d3736954069c3301e33737ffb3d777/German%20Grand%20Prix/Race/GAS/laptimes.json|https://raw.githubusercontent.com/TracingInsights/2019/38741496a2d3736954069c3301e33737ffb3d777/German%20Grand%20Prix/Race/MAG/laptimes.json,8a85eee1efc81ae7212dc5f10689643f200cc7ad9e68bc9f128dafa84dc3a9aa|ecaf4d5401b4ada34c3cb189b63854ecbbbee02fbcb440fba010208d44a8e233,FIXED_PAIR_CLASSIFIED_ORDER_REVERSED_AT_NEXT_LAP_BOUNDARY,FALSE,AUTOMATED_REVIEW_UNREVIEWED
cdeaeb8d955108a691d6,2019:German Grand Prix:Race,train,development_train,GIO,GRO,5,6,2874.055,2974.396,100.341,2019-07-28T13:27:54.217000000,2019-07-28T13:29:34.558000000,8926f565a03a15978f04de5d,2019:German Grand Prix:Race|GIO|GRO|5|6,INHERITED_CANDIDATE_ID,MATCHED_TO_INHERITED_CANDIDATE,UNRESOLVED,AUTOMATED_REVIEW_UNREVIEWED,GIO:16;GRO:15,GIO:12;GRO:15,NOT_AVAILABLE_FROM_FASTF1_POSITION_XYZ,2019-07-28T13:27:54.217000+00:00,2019-07-28T13:29:34.558000+00:00,1.601,NO_RELEVANT_PIT_ROW_FOUND_IN_CONTEXT,NO_RC_RECORD_ON_DECISION_OR_ENDPOINT_LAP,"FastF1 car_data and pos_data present for selected race; pos_data contains XYZ/status, not classified running order or pass timestamp",event_review_37.csv + candidate source,https://raw.githubusercontent.com/TracingInsights/2019/38741496a2d3736954069c3301e33737ffb3d777/German%20Grand%20Prix/Race/GIO/laptimes.json|https://raw.githubusercontent.com/TracingInsights/2019/38741496a2d3736954069c3301e33737ffb3d777/German%20Grand%20Prix/Race/GRO/laptimes.json,b7b6f78f7eeed56aa6b2980df0fa4eb3414f8d279e891a2a60ab48b71e42bf41|ef720f3ee5d464447d263ff7d4c6ed8751875c730b0eeceded0819ebcd1f46c2,FIXED_PAIR_CLASSIFIED_ORDER_REVERSED_AT_NEXT_LAP_BOUNDARY,FALSE,AUTOMATED_REVIEW_UNREVIEWED
b7e7f49d72aa33e09cb3,2019:German Grand Prix:Race,train,development_train,GIO,HAM,52,53,7563.195,7638.329,75.134,2019-07-28T14:46:03.357000000,2019-07-28T14:47:18.491000000,4b0c096bf86695816442ad67,2019:German Grand Prix:Race|GIO|HAM|52|53,INHERITED_CANDIDATE_ID,MATCHED_TO_INHERITED_CANDIDATE,OTHER_POSITION_CHANGE,AUTOMATED_REVIEW_UNREVIEWED,GIO:13;HAM:12,GIO:12;HAM:14,NOT_AVAILABLE_FROM_FASTF1_POSITION_XYZ,2019-07-28T14:46:03.357000+00:00,2019-07-28T14:47:18.491000+00:00,5.778,PIT_LAP_OVERLAP_RECORDED_BUT_TIME_OF_DAY_ONLY,RC_RECORD_ON_DECISION_OR_ENDPOINT_LAP,"FastF1 car_data and pos_data present for selected race; pos_data contains XYZ/status, not classified running order or pass timestamp",event_review_37.csv + candidate source,https://raw.githubusercontent.com/TracingInsights/2019/38741496a2d3736954069c3301e33737ffb3d777/German%20Grand%20Prix/Race/GIO/laptimes.json|https://raw.githubusercontent.com/TracingInsights/2019/38741496a2d3736954069c3301e33737ffb3d777/German%20Grand%20Prix/Race/HAM/laptimes.json,ef720f3ee5d464447d263ff7d4c6ed8751875c730b0eeceded0819ebcd1f46c2|f0a8320486730578bb7529e5419f4e64b310b8409c3fc3ada230ab327c78e466,FIXED_PAIR_CLASSIFIED_ORDER_REVERSED_AT_NEXT_LAP_BOUNDARY,FALSE,AUTOMATED_REVIEW_UNREVIEWED
784f9cf9c7d30352ad5b,2019:German Grand Prix:Race,train,development_train,GIO,MAG,55,56,7798.328,7877.414,79.086,2019-07-28T14:49:58.490000000,2019-07-28T14:51:17.576000000,adf6a9dfd31f5e5da52f9d98,2019:German Grand Prix:Race|GIO|MAG|55|56,INHERITED_CANDIDATE_ID,MATCHED_TO_INHERITED_CANDIDATE,UNRESOLVED,AUTOMATED_REVIEW_UNREVIEWED,GIO:12;MAG:11,GIO:11;MAG:12,NOT_AVAILABLE_FROM_FASTF1_POSITION_XYZ,2019-07-28T14:49:58.490000+00:00,2019-07-28T14:51:17.576000+00:00,1.657,NO_RELEVANT_PIT_ROW_FOUND_IN_CONTEXT,NO_RC_RECORD_ON_DECISION_OR_ENDPOINT_LAP,"FastF1 car_data and pos_data present for selected race; pos_data contains XYZ/status, not classified running order or pass timestamp",event_review_37.csv + candidate source,https://raw.githubusercontent.com/TracingInsights/2019/38741496a2d3736954069c3301e33737ffb3d777/German%20Grand%20Prix/Race/GIO/laptimes.json|https://raw.githubusercontent.com/TracingInsights/2019/38741496a2d3736954069c3301e33737ffb3d777/German%20Grand%20Prix/Race/MAG/laptimes.json,ecaf4d5401b4ada34c3cb189b63854ecbbbee02fbcb440fba010208d44a8e233|ef720f3ee5d464447d263ff7d4c6ed8751875c730b0eeceded0819ebcd1f46c2,FIXED_PAIR_CLASSIFIED_ORDER_REVERSED_AT_NEXT_LAP_BOUNDARY,FALSE,AUTOMATED_REVIEW_UNREVIEWED
8f44ea5ec28701c917d5,2019:German Grand Prix:Race,train,development_train,GRO,KUB,5,6,2872.88,2974.234,101.354,2019-07-28T13:27:53.042000000,2019-07-28T13:29:34.396000000,d066cb5a80d1e2bbb3d7f246,2019:German Grand Prix:Race|GRO|KUB|5|6,INHERITED_CANDIDATE_ID,MATCHED_TO_INHERITED_CANDIDATE,UNRESOLVED,AUTOMATED_REVIEW_UNREVIEWED,GRO:15;KUB:14,GRO:15;KUB:17,NOT_AVAILABLE_FROM_FASTF1_POSITION_XYZ,2019-07-28T13:27:53.042000+00:00,2019-07-28T13:29:34.396000+00:00,2.946,NO_RELEVANT_PIT_ROW_FOUND_IN_CONTEXT,NO_RC_RECORD_ON_DECISION_OR_ENDPOINT_LAP,"FastF1 car_data and pos_data present for selected race; pos_data contains XYZ/status, not classified running order or pass timestamp",event_review_37.csv + candidate source,https://raw.githubusercontent.com/TracingInsights/2019/38741496a2d3736954069c3301e33737ffb3d777/German%20Grand%20Prix/Race/GRO/laptimes.json|https://raw.githubusercontent.com/TracingInsights/2019/38741496a2d3736954069c3301e33737ffb3d777/German%20Grand%20Prix/Race/KUB/laptimes.json,aafce652f1505a52be41eb450824fa50041a12bb72cecc85e0e78ca0ede630bb|b7b6f78f7eeed56aa6b2980df0fa4eb3414f8d279e891a2a60ab48b71e42bf41,FIXED_PAIR_CLASSIFIED_ORDER_REVERSED_AT_NEXT_LAP_BOUNDARY,FALSE,AUTOMATED_REVIEW_UNREVIEWED
837a1dddcd06d3f92aa9,2019:German Grand Prix:Race,train,development_train,GRO,RUS,6,7,2974.396,3073.388,98.992,2019-07-28T13:29:34.558000000,2019-07-28T13:31:13.550000000,7b5ee138daca1ce8374df222,2019:German Grand Prix:Race|GRO|RUS|6|7,INHERITED_CANDIDATE_ID,MATCHED_TO_INHERITED_CANDIDATE,OTHER_POSITION_CHANGE,AUTOMATED_REVIEW_UNREVIEWED,GRO:15;RUS:14,GRO:12;RUS:17,NOT_AVAILABLE_FROM_FASTF1_POSITION_XYZ,2019-07-28T13:29:34.558000+00:00,2019-07-28T13:31:13.550000+00:00,2.415,PIT_LAP_OVERLAP_RECORDED_BUT_TIME_OF_DAY_ONLY,NO_RC_RECORD_ON_DECISION_OR_ENDPOINT_LAP,"FastF1 car_data and pos_data present for selected race; pos_data contains XYZ/status, not classified running order or pass timestamp",event_review_37.csv + candidate source,https://raw.githubusercontent.com/TracingInsights/2019/38741496a2d3736954069c3301e33737ffb3d777/German%20Grand%20Prix/Race/GRO/laptimes.json|https://raw.githubusercontent.com/TracingInsights/2019/38741496a2d3736954069c3301e33737ffb3d777/German%20Grand%20Prix/Race/RUS/laptimes.json,6bcff8cd371a365ac516bde1c87fbe05a44ecc9287c59119c759ec37746dee1e|b7b6f78f7eeed56aa6b2980df0fa4eb3414f8d279e891a2a60ab48b71e42bf41,FIXED_PAIR_CLASSIFIED_ORDER_REVERSED_AT_NEXT_LAP_BOUNDARY,FALSE,AUTOMATED_REVIEW_UNREVIEWED
233c848002673aff8bac,2019:German Grand Prix:Race,train,development_train,HAM,ALB,35,36,5901.6,5991.624,90.024,2019-07-28T14:18:21.762000000,2019-07-28T14:19:51.786000000,,2019:German Grand Prix:Race|HAM|ALB|35|36,BOUNDARY_PROXY_KEY,OUTSIDE_INHERITED_CANDIDATE_UNIVERSE,OUTSIDE_CANDIDATE_UNIVERSE,AUTOMATED_PROXY_LINK_UNREVIEWED,HAM:5;ALB:4,HAM:4;ALB:5,NOT_AVAILABLE_FROM_BOUNDARY_LAPTIMES,2019-07-28T14:18:21.762000000,2019-07-28T14:19:51.786000000,BOUNDARY_INTERVAL_ONLY_NOT_EXACT_PASS_TIME,NOT_IN_INHERITED_CANDIDATE_REVIEW,NOT_IN_INHERITED_CANDIDATE_REVIEW,BOUNDARY_TELEMETRY_DOES_NOT_ESTABLISH_PASS,prediction_windows_37.csv.gz + laptime_source_inventory_37.csv,,,FIXED_PAIR_CLASSIFIED_ORDER_REVERSED_AT_NEXT_LAP_BOUNDARY,FALSE,AUTOMATED_PROXY_LINK_UNREVIEWED
6c9c71566b129e6e2dfc,2019:German Grand Prix:Race,train,development_train,HAM,HUL,37,38,6080.395,6168.136,87.741,2019-07-28T14:21:20.557000000,2019-07-28T14:22:48.298000000,a23ab76faec701acf625429f,2019:German Grand Prix:Race|HAM|HUL|37|38,INHERITED_CANDIDATE_ID,MATCHED_TO_INHERITED_CANDIDATE,UNRESOLVED,AUTOMATED_REVIEW_UNREVIEWED,HAM:4;HUL:3,HAM:3;HUL:4,NOT_AVAILABLE_FROM_FASTF1_POSITION_XYZ,2019-07-28T14:21:20.557000+00:00,2019-07-28T14:22:48.298000+00:00,3.975,NO_RELEVANT_PIT_ROW_FOUND_IN_CONTEXT,NO_RC_RECORD_ON_DECISION_OR_ENDPOINT_LAP,"FastF1 car_data and pos_data present for selected race; pos_data contains XYZ/status, not classified running order or pass timestamp",event_review_37.csv + candidate source,https://raw.githubusercontent.com/TracingInsights/2019/38741496a2d3736954069c3301e33737ffb3d777/German%20Grand%20Prix/Race/HAM/laptimes.json|https://raw.githubusercontent.com/TracingInsights/2019/38741496a2d3736954069c3301e33737ffb3d777/German%20Grand%20Prix/Race/HUL/laptimes.json,77623abd8885a7358d178321a9779fc3635c31c6256395687e9fa4bb9f9c10c2|f0a8320486730578bb7529e5419f4e64b310b8409c3fc3ada230ab327c78e466,FIXED_PAIR_CLASSIFIED_ORDER_REVERSED_AT_NEXT_LAP_BOUNDARY,FALSE,AUTOMATED_REVIEW_UNREVIEWED
3e86e0c577061adb7bbd,2019:German Grand Prix:Race,train,development_train,KUB,RUS,50,51,7413.047,7491.643,78.596,2019-07-28T14:43:33.209000000,2019-07-28T14:44:51.805000000,337e5ab8e54603c1dde02334,2019:German Grand Prix:Race|KUB|RUS|50|51,INHERITED_CANDIDATE_ID,MATCHED_TO_INHERITED_CANDIDATE,UNRESOLVED,AUTOMATED_REVIEW_UNREVIEWED,KUB:15;RUS:14,KUB:14;RUS:15,NOT_AVAILABLE_FROM_FASTF1_POSITION_XYZ,2019-07-28T14:43:33.209000+00:00,2019-07-28T14:44:51.805000+00:00,4.037,NO_RELEVANT_PIT_ROW_FOUND_IN_CONTEXT,NO_RC_RECORD_ON_DECISION_OR_ENDPOINT_LAP,"FastF1 car_data and pos_data present for selected race; pos_data contains XYZ/status, not classified running order or pass timestamp",event_review_37.csv + candidate source,https://raw.githubusercontent.com/TracingInsights/2019/38741496a2d3736954069c3301e33737ffb3d777/German%20Grand%20Prix/Race/KUB/laptimes.json|https://raw.githubusercontent.com/TracingInsights/2019/38741496a2d3736954069c3301e33737ffb3d777/German%20Grand%20Prix/Race/RUS/laptimes.json,6bcff8cd371a365ac516bde1c87fbe05a44ecc9287c59119c759ec37746dee1e|aafce652f1505a52be41eb450824fa50041a12bb72cecc85e0e78ca0ede630bb,FIXED_PAIR_CLASSIFIED_ORDER_REVERSED_AT_NEXT_LAP_BOUNDARY,FALSE,AUTOMATED_REVIEW_UNREVIEWED
d20115763d62e6ff91fc,2019:German Grand Prix:Race,train,development_train,KVY,GAS,5,6,2876.565,2975.53,98.965,2019-07-28T13:27:56.727000000,2019-07-28T13:29:35.692000000,,2019:German Grand Prix:Race|KVY|GAS|5|6,BOUNDARY_PROXY_KEY,OUTSIDE_INHERITED_CANDIDATE_UNIVERSE,OUTSIDE_CANDIDATE_UNIVERSE,AUTOMATED_PROXY_LINK_UNREVIEWED,KVY:19;GAS:18,KVY:18;GAS:19,NOT_AVAILABLE_FROM_BOUNDARY_LAPTIMES,2019-07-28T13:27:56.727000000,2019-07-28T13:29:35.692000000,BOUNDARY_INTERVAL_ONLY_NOT_EXACT_PASS_TIME,NOT_IN_INHERITED_CANDIDATE_REVIEW,NOT_IN_INHERITED_CANDIDATE_REVIEW,BOUNDARY_TELEMETRY_DOES_NOT_ESTABLISH_PASS,prediction_windows_37.csv.gz + laptime_source_inventory_37.csv,,,FIXED_PAIR_CLASSIFIED_ORDER_REVERSED_AT_NEXT_LAP_BOUNDARY,FALSE,AUTOMATED_PROXY_LINK_UNREVIEWED
74fd66dbe2eaf47ddffa,2019:German Grand Prix:Race,train,development_train,KVY,KUB,6,7,2976.044,3076.271,100.227,2019-07-28T13:29:36.206000000,2019-07-28T13:31:16.433000000,,2019:German Grand Prix:Race|KVY|KUB|6|7,BOUNDARY_PROXY_KEY,OUTSIDE_INHERITED_CANDIDATE_UNIVERSE,OUTSIDE_CANDIDATE_UNIVERSE,AUTOMATED_PROXY_LINK_UNREVIEWED,KVY:18;KUB:17,KVY:15;KUB:19,NOT_AVAILABLE_FROM_BOUNDARY_LAPTIMES,2019-07-28T13:29:36.206000000,2019-07-28T13:31:16.433000000,BOUNDARY_INTERVAL_ONLY_NOT_EXACT_PASS_TIME,NOT_IN_INHERITED_CANDIDATE_REVIEW,NOT_IN_INHERITED_CANDIDATE_REVIEW,BOUNDARY_TELEMETRY_DOES_NOT_ESTABLISH_PASS,prediction_windows_37.csv.gz + laptime_source_inventory_37.csv,,,FIXED_PAIR_CLASSIFIED_ORDER_REVERSED_AT_NEXT_LAP_BOUNDARY,FALSE,AUTOMATED_PROXY_LINK_UNREVIEWED
972860d8a8c374663388,2019:German Grand Prix:Race,train,development_train,KVY,STR,50,51,7381.624,7462.438,80.814,2019-07-28T14:43:01.786000000,2019-07-28T14:44:22.600000000,6da0574b07b1bdde5c32c603,2019:German Grand Prix:Race|KVY|STR|50|51,INHERITED_CANDIDATE_ID,MATCHED_TO_INHERITED_CANDIDATE,UNRESOLVED,AUTOMATED_REVIEW_UNREVIEWED,KVY:3;STR:2,KVY:2;STR:3,NOT_AVAILABLE_FROM_FASTF1_POSITION_XYZ,2019-07-28T14:43:01.786000+00:00,2019-07-28T14:44:22.600000+00:00,1.86,NO_RELEVANT_PIT_ROW_FOUND_IN_CONTEXT,NO_RC_RECORD_ON_DECISION_OR_ENDPOINT_LAP,"FastF1 car_data and pos_data present for selected race; pos_data contains XYZ/status, not classified running order or pass timestamp",event_review_37.csv + candidate source,https://raw.githubusercontent.com/TracingInsights/2019/38741496a2d3736954069c3301e33737ffb3d777/German%20Grand%20Prix/Race/KVY/laptimes.json|https://raw.githubusercontent.com/TracingInsights/2019/38741496a2d3736954069c3301e33737ffb3d777/German%20Grand%20Prix/Race/STR/laptimes.json,1bbbe1bdeea853ccc2fb29d03c2e504a6f629a62b4059b9fdb4fe81ba7952b40|3c6437059c0c8eae0322fd90aa74ec9598214f07a14894ff46cd120aa2c96073,FIXED_PAIR_CLASSIFIED_ORDER_REVERSED_AT_NEXT_LAP_BOUNDARY,FALSE,AUTOMATED_REVIEW_UNREVIEWED
8cda98331e20275cc4d3,2019:German Grand Prix:Race,train,development_train,LEC,MAG,5,6,2866.99,2962.648,95.658,2019-07-28T13:27:47.152000000,2019-07-28T13:29:22.810000000,7b03d26a1928df9dd44d6898,2019:German Grand Prix:Race|LEC|MAG|5|6,INHERITED_CANDIDATE_ID,MATCHED_TO_INHERITED_CANDIDATE,UNRESOLVED,AUTOMATED_REVIEW_UNREVIEWED,LEC:5;MAG:4,LEC:4;MAG:6,NOT_AVAILABLE_FROM_FASTF1_POSITION_XYZ,2019-07-28T13:27:47.152000+00:00,2019-07-28T13:29:22.810000+00:00,3.076,NO_RELEVANT_PIT_ROW_FOUND_IN_CONTEXT,NO_RC_RECORD_ON_DECISION_OR_ENDPOINT_LAP,"FastF1 car_data and pos_data present for selected race; pos_data contains XYZ/status, not classified running order or pass timestamp",event_review_37.csv + candidate source,https://raw.githubusercontent.com/TracingInsights/2019/38741496a2d3736954069c3301e33737ffb3d777/German%20Grand%20Prix/Race/LEC/laptimes.json|https://raw.githubusercontent.com/TracingInsights/2019/38741496a2d3736954069c3301e33737ffb3d777/German%20Grand%20Prix/Race/MAG/laptimes.json,5e96c4e0846c55f59134cd0425cda207ddf2df1bcd71d3c10899c4192b40edb9|ecaf4d5401b4ada34c3cb189b63854ecbbbee02fbcb440fba010208d44a8e233,FIXED_PAIR_CLASSIFIED_ORDER_REVERSED_AT_NEXT_LAP_BOUNDARY,FALSE,AUTOMATED_REVIEW_UNREVIEWED
635a3e68b6265a13a4f4,2019:German Grand Prix:Race,train,development_train,MAG,SAI,2,3,2511.174,2617.62,106.446,2019-07-28T13:21:51.336000000,2019-07-28T13:23:37.782000000,0f9ffbdbc72a79f873ba976c,2019:German Grand Prix:Race|MAG|SAI|2|3,INHERITED_CANDIDATE_ID,MATCHED_TO_INHERITED_CANDIDATE,OTHER_POSITION_CHANGE,AUTOMATED_REVIEW_UNREVIEWED,MAG:10;SAI:9,MAG:8;SAI:10,NOT_AVAILABLE_FROM_FASTF1_POSITION_XYZ,2019-07-28T13:21:51.336000+00:00,2019-07-28T13:23:37.782000+00:00,0.856,PIT_LAP_OVERLAP_RECORDED_BUT_TIME_OF_DAY_ONLY,RC_RECORD_ON_DECISION_OR_ENDPOINT_LAP,"FastF1 car_data and pos_data present for selected race; pos_data contains XYZ/status, not classified running order or pass timestamp",event_review_37.csv + candidate source,https://raw.githubusercontent.com/TracingInsights/2019/38741496a2d3736954069c3301e33737ffb3d777/German%20Grand%20Prix/Race/MAG/laptimes.json|https://raw.githubusercontent.com/TracingInsights/2019/38741496a2d3736954069c3301e33737ffb3d777/German%20Grand%20Prix/Race/SAI/laptimes.json,0219fb0c51fa158a8675a41604a705527276124039084e23fbe99dcb8cd8a585|ecaf4d5401b4ada34c3cb189b63854ecbbbee02fbcb440fba010208d44a8e233,FIXED_PAIR_CLASSIFIED_ORDER_REVERSED_AT_NEXT_LAP_BOUNDARY,FALSE,AUTOMATED_REVIEW_UNREVIEWED
c56643c576d059ea9fcd,2019:German Grand Prix:Race,train,development_train,NOR,KVY,2,3,2516.7,2624.172,107.472,2019-07-28T13:21:56.862000000,2019-07-28T13:23:44.334000000,,2019:German Grand Prix:Race|NOR|KVY|2|3,BOUNDARY_PROXY_KEY,OUTSIDE_INHERITED_CANDIDATE_UNIVERSE,OUTSIDE_CANDIDATE_UNIVERSE,AUTOMATED_PROXY_LINK_UNREVIEWED,NOR:17;KVY:16,NOR:14;KVY:16,NOT_AVAILABLE_FROM_BOUNDARY_LAPTIMES,2019-07-28T13:21:56.862000000,2019-07-28T13:23:44.334000000,BOUNDARY_INTERVAL_ONLY_NOT_EXACT_PASS_TIME,NOT_IN_INHERITED_CANDIDATE_REVIEW,NOT_IN_INHERITED_CANDIDATE_REVIEW,BOUNDARY_TELEMETRY_DOES_NOT_ESTABLISH_PASS,prediction_windows_37.csv.gz + laptime_source_inventory_37.csv,,,FIXED_PAIR_CLASSIFIED_ORDER_REVERSED_AT_NEXT_LAP_BOUNDARY,FALSE,AUTOMATED_PROXY_LINK_UNREVIEWED
775066d6a7821f2d36ce,2019:German Grand Prix:Race,train,development_train,RAI,STR,5,6,2870.381,2966.294,95.913,2019-07-28T13:27:50.543000000,2019-07-28T13:29:26.456000000,fab9cc3b6ef938d62a2121d1,2019:German Grand Prix:Race|RAI|STR|5|6,INHERITED_CANDIDATE_ID,MATCHED_TO_INHERITED_CANDIDATE,UNRESOLVED,AUTOMATED_REVIEW_UNREVIEWED,RAI:8;STR:7,RAI:7;STR:9,NOT_AVAILABLE_FROM_FASTF1_POSITION_XYZ,2019-07-28T13:27:50.543000+00:00,2019-07-28T13:29:26.456000+00:00,5.683,NO_RELEVANT_PIT_ROW_FOUND_IN_CONTEXT,NO_RC_RECORD_ON_DECISION_OR_ENDPOINT_LAP,"FastF1 car_data and pos_data present for selected race; pos_data contains XYZ/status, not classified running order or pass timestamp",event_review_37.csv + candidate source,https://raw.githubusercontent.com/TracingInsights/2019/38741496a2d3736954069c3301e33737ffb3d777/German%20Grand%20Prix/Race/RAI/laptimes.json|https://raw.githubusercontent.com/TracingInsights/2019/38741496a2d3736954069c3301e33737ffb3d777/German%20Grand%20Prix/Race/STR/laptimes.json,1bbbe1bdeea853ccc2fb29d03c2e504a6f629a62b4059b9fdb4fe81ba7952b40|eee14471c232844d4e35ec314566e143f0570b0c9030530347b72b6f9be37023,FIXED_PAIR_CLASSIFIED_ORDER_REVERSED_AT_NEXT_LAP_BOUNDARY,FALSE,AUTOMATED_REVIEW_UNREVIEWED
862b66e0d04bba9d5174,2019:German Grand Prix:Race,train,development_train,RAI,MAG,7,8,3061.43,3158.714,97.284,2019-07-28T13:31:01.592000000,2019-07-28T13:32:38.876000000,,2019:German Grand Prix:Race|RAI|MAG|7|8,BOUNDARY_PROXY_KEY,OUTSIDE_INHERITED_CANDIDATE_UNIVERSE,OUTSIDE_CANDIDATE_UNIVERSE,AUTOMATED_PROXY_LINK_UNREVIEWED,RAI:7;MAG:6,RAI:6;MAG:12,NOT_AVAILABLE_FROM_BOUNDARY_LAPTIMES,2019-07-28T13:31:01.592000000,2019-07-28T13:32:38.876000000,BOUNDARY_INTERVAL_ONLY_NOT_EXACT_PASS_TIME,NOT_IN_INHERITED_CANDIDATE_REVIEW,NOT_IN_INHERITED_CANDIDATE_REVIEW,BOUNDARY_TELEMETRY_DOES_NOT_ESTABLISH_PASS,prediction_windows_37.csv.gz + laptime_source_inventory_37.csv,,,FIXED_PAIR_CLASSIFIED_ORDER_REVERSED_AT_NEXT_LAP_BOUNDARY,FALSE,AUTOMATED_PROXY_LINK_UNREVIEWED
05c42d1a94dcc4c73292,2019:German Grand Prix:Race,train,development_train,RAI,GRO,54,55,7715.537,7794.3,78.763,2019-07-28T14:48:35.699000000,2019-07-28T14:49:54.462000000,,2019:German Grand Prix:Race|RAI|GRO|54|55,BOUNDARY_PROXY_KEY,OUTSIDE_INHERITED_CANDIDATE_UNIVERSE,OUTSIDE_CANDIDATE_UNIVERSE,AUTOMATED_PROXY_LINK_UNREVIEWED,RAI:10;GRO:9,RAI:9;GRO:10,NOT_AVAILABLE_FROM_BOUNDARY_LAPTIMES,2019-07-28T14:48:35.699000000,2019-07-28T14:49:54.462000000,BOUNDARY_INTERVAL_ONLY_NOT_EXACT_PASS_TIME,NOT_IN_INHERITED_CANDIDATE_REVIEW,NOT_IN_INHERITED_CANDIDATE_REVIEW,BOUNDARY_TELEMETRY_DOES_NOT_ESTABLISH_PASS,prediction_windows_37.csv.gz + laptime_source_inventory_37.csv,,,FIXED_PAIR_CLASSIFIED_ORDER_REVERSED_AT_NEXT_LAP_BOUNDARY,FALSE,AUTOMATED_PROXY_LINK_UNREVIEWED
5c4bdefef1fcdfa4200d,2019:German Grand Prix:Race,train,development_train,SAI,STR,6,7,2970.269,3065.731,95.462,2019-07-28T13:29:30.431000000,2019-07-28T13:31:05.893000000,c1f5e243fc73a99343fbe4ba,2019:German Grand Prix:Race|SAI|STR|6|7,INHERITED_CANDIDATE_ID,MATCHED_TO_INHERITED_CANDIDATE,OTHER_POSITION_CHANGE,AUTOMATED_REVIEW_UNREVIEWED,SAI:10;STR:9,SAI:9;STR:13,NOT_AVAILABLE_FROM_FASTF1_POSITION_XYZ,2019-07-28T13:29:30.431000+00:00,2019-07-28T13:31:05.893000+00:00,4.153,PIT_LAP_OVERLAP_RECORDED_BUT_TIME_OF_DAY_ONLY,NO_RC_RECORD_ON_DECISION_OR_ENDPOINT_LAP,"FastF1 car_data and pos_data present for selected race; pos_data contains XYZ/status, not classified running order or pass timestamp",event_review_37.csv + candidate source,https://raw.githubusercontent.com/TracingInsights/2019/38741496a2d3736954069c3301e33737ffb3d777/German%20Grand%20Prix/Race/SAI/laptimes.json|https://raw.githubusercontent.com/TracingInsights/2019/38741496a2d3736954069c3301e33737ffb3d777/German%20Grand%20Prix/Race/STR/laptimes.json,0219fb0c51fa158a8675a41604a705527276124039084e23fbe99dcb8cd8a585|1bbbe1bdeea853ccc2fb29d03c2e504a6f629a62b4059b9fdb4fe81ba7952b40,FIXED_PAIR_CLASSIFIED_ORDER_REVERSED_AT_NEXT_LAP_BOUNDARY,FALSE,AUTOMATED_REVIEW_UNREVIEWED
2ef946151ff3f51c0280,2019:German Grand Prix:Race,train,development_train,STR,RIC,2,3,2514.269,2621.778,107.509,2019-07-28T13:21:54.431000000,2019-07-28T13:23:41.940000000,,2019:German Grand Prix:Race|STR|RIC|2|3,BOUNDARY_PROXY_KEY,OUTSIDE_INHERITED_CANDIDATE_UNIVERSE,OUTSIDE_CANDIDATE_UNIVERSE,AUTOMATED_PROXY_LINK_UNREVIEWED,STR:14;RIC:13,STR:11;RIC:13,NOT_AVAILABLE_FROM_BOUNDARY_LAPTIMES,2019-07-28T13:21:54.431000000,2019-07-28T13:23:41.940000000,BOUNDARY_INTERVAL_ONLY_NOT_EXACT_PASS_TIME,NOT_IN_INHERITED_CANDIDATE_REVIEW,NOT_IN_INHERITED_CANDIDATE_REVIEW,BOUNDARY_TELEMETRY_DOES_NOT_ESTABLISH_PASS,prediction_windows_37.csv.gz + laptime_source_inventory_37.csv,,,FIXED_PAIR_CLASSIFIED_ORDER_REVERSED_AT_NEXT_LAP_BOUNDARY,FALSE,AUTOMATED_PROXY_LINK_UNREVIEWED
e1600730da2afc204cb6,2019:German Grand Prix:Race,train,development_train,STR,RUS,39,40,6306.299,6395.421,89.122,2019-07-28T14:25:06.461000000,2019-07-28T14:26:35.583000000,,2019:German Grand Prix:Race|STR|RUS|39|40,BOUNDARY_PROXY_KEY,OUTSIDE_INHERITED_CANDIDATE_UNIVERSE,OUTSIDE_CANDIDATE_UNIVERSE,AUTOMATED_PROXY_LINK_UNREVIEWED,STR:15;RUS:14,STR:13;RUS:14,NOT_AVAILABLE_FROM_BOUNDARY_LAPTIMES,2019-07-28T14:25:06.461000000,2019-07-28T14:26:35.583000000,BOUNDARY_INTERVAL_ONLY_NOT_EXACT_PASS_TIME,NOT_IN_INHERITED_CANDIDATE_REVIEW,NOT_IN_INHERITED_CANDIDATE_REVIEW,BOUNDARY_TELEMETRY_DOES_NOT_ESTABLISH_PASS,prediction_windows_37.csv.gz + laptime_source_inventory_37.csv,,,FIXED_PAIR_CLASSIFIED_ORDER_REVERSED_AT_NEXT_LAP_BOUNDARY,FALSE,AUTOMATED_PROXY_LINK_UNREVIEWED
d81569b4a12eac04d6b1,2019:German Grand Prix:Race,train,development_train,STR,RUS,46,47,7043.29,7130.378,87.088,2019-07-28T14:37:23.452000000,2019-07-28T14:38:50.540000000,,2019:German Grand Prix:Race|STR|RUS|46|47,BOUNDARY_PROXY_KEY,OUTSIDE_INHERITED_CANDIDATE_UNIVERSE,OUTSIDE_CANDIDATE_UNIVERSE,AUTOMATED_PROXY_LINK_UNREVIEWED,STR:11;RUS:10,STR:4;RUS:9,NOT_AVAILABLE_FROM_BOUNDARY_LAPTIMES,2019-07-28T14:37:23.452000000,2019-07-28T14:38:50.540000000,BOUNDARY_INTERVAL_ONLY_NOT_EXACT_PASS_TIME,NOT_IN_INHERITED_CANDIDATE_REVIEW,NOT_IN_INHERITED_CANDIDATE_REVIEW,BOUNDARY_TELEMETRY_DOES_NOT_ESTABLISH_PASS,prediction_windows_37.csv.gz + laptime_source_inventory_37.csv,,,FIXED_PAIR_CLASSIFIED_ORDER_REVERSED_AT_NEXT_LAP_BOUNDARY,FALSE,AUTOMATED_PROXY_LINK_UNREVIEWED
19aad83d60adc3258dbd,2019:German Grand Prix:Race,train,development_train,VET,NOR,5,6,2870.882,2968.388,97.506,2019-07-28T13:27:51.044000000,2019-07-28T13:29:28.550000000,,2019:German Grand Prix:Race|VET|NOR|5|6,BOUNDARY_PROXY_KEY,OUTSIDE_INHERITED_CANDIDATE_UNIVERSE,OUTSIDE_CANDIDATE_UNIVERSE,AUTOMATED_PROXY_LINK_UNREVIEWED,VET:10;NOR:9,VET:8;NOR:13,NOT_AVAILABLE_FROM_BOUNDARY_LAPTIMES,2019-07-28T13:27:51.044000000,2019-07-28T13:29:28.550000000,BOUNDARY_INTERVAL_ONLY_NOT_EXACT_PASS_TIME,NOT_IN_INHERITED_CANDIDATE_REVIEW,NOT_IN_INHERITED_CANDIDATE_REVIEW,BOUNDARY_TELEMETRY_DOES_NOT_ESTABLISH_PASS,prediction_windows_37.csv.gz + laptime_source_inventory_37.csv,,,FIXED_PAIR_CLASSIFIED_ORDER_REVERSED_AT_NEXT_LAP_BOUNDARY,FALSE,AUTOMATED_PROXY_LINK_UNREVIEWED
08e69b2f47c959b6c6c7,2019:German Grand Prix:Race,train,development_train,VET,RAI,38,39,6178.192,6266.884,88.692,2019-07-28T14:22:58.354000000,2019-07-28T14:24:27.046000000,,2019:German Grand Prix:Race|VET|RAI|38|39,BOUNDARY_PROXY_KEY,OUTSIDE_INHERITED_CANDIDATE_UNIVERSE,OUTSIDE_CANDIDATE_UNIVERSE,AUTOMATED_PROXY_LINK_UNREVIEWED,VET:8;RAI:7,VET:7;RAI:9,NOT_AVAILABLE_FROM_BOUNDARY_LAPTIMES,2019-07-28T14:22:58.354000000,2019-07-28T14:24:27.046000000,BOUNDARY_INTERVAL_ONLY_NOT_EXACT_PASS_TIME,NOT_IN_INHERITED_CANDIDATE_REVIEW,NOT_IN_INHERITED_CANDIDATE_REVIEW,BOUNDARY_TELEMETRY_DOES_NOT_ESTABLISH_PASS,prediction_windows_37.csv.gz + laptime_source_inventory_37.csv,,,FIXED_PAIR_CLASSIFIED_ORDER_REVERSED_AT_NEXT_LAP_BOUNDARY,FALSE,AUTOMATED_PROXY_LINK_UNREVIEWED
959e52f7e4ea88efd5cd,2019:German Grand Prix:Race,train,development_train,VET,GAS,50,51,7393.634,7472.493,78.859,2019-07-28T14:43:13.796000000,2019-07-28T14:44:32.655000000,,2019:German Grand Prix:Race|VET|GAS|50|51,BOUNDARY_PROXY_KEY,OUTSIDE_INHERITED_CANDIDATE_UNIVERSE,OUTSIDE_CANDIDATE_UNIVERSE,AUTOMATED_PROXY_LINK_UNREVIEWED,VET:9;GAS:8,VET:7;GAS:9,NOT_AVAILABLE_FROM_BOUNDARY_LAPTIMES,2019-07-28T14:43:13.796000000,2019-07-28T14:44:32.655000000,BOUNDARY_INTERVAL_ONLY_NOT_EXACT_PASS_TIME,NOT_IN_INHERITED_CANDIDATE_REVIEW,NOT_IN_INHERITED_CANDIDATE_REVIEW,BOUNDARY_TELEMETRY_DOES_NOT_ESTABLISH_PASS,prediction_windows_37.csv.gz + laptime_source_inventory_37.csv,,,FIXED_PAIR_CLASSIFIED_ORDER_REVERSED_AT_NEXT_LAP_BOUNDARY,FALSE,AUTOMATED_PROXY_LINK_UNREVIEWED
5445af98816efadf8937,2019:Hungarian Grand Prix:Race,train,development_train,ALB,KVY,60,61,6921.267,7003.262,81.995,2019-08-04T14:35:21.296000000,2019-08-04T14:36:43.291000000,8275b21d9c6443b1547b068b,2019:Hungarian Grand Prix:Race|ALB|KVY|60|61,INHERITED_CANDIDATE_ID,MATCHED_TO_INHERITED_CANDIDATE,UNRESOLVED,AUTOMATED_REVIEW_UNREVIEWED,ALB:12;KVY:11,ALB:11;KVY:12,NOT_AVAILABLE_FROM_FASTF1_POSITION_XYZ,2019-08-04T14:35:21.296000+00:00,2019-08-04T14:36:43.291000+00:00,2.544,NO_RELEVANT_PIT_ROW_FOUND_IN_CONTEXT,RC_RECORD_ON_DECISION_OR_ENDPOINT_LAP,"FastF1 car_data and pos_data present for selected race; pos_data contains XYZ/status, not classified running order or pass timestamp",event_review_37.csv + candidate source,https://raw.githubusercontent.com/TracingInsights/2019/38741496a2d3736954069c3301e33737ffb3d777/Hungarian%20Grand%20Prix/Race/ALB/laptimes.json|https://raw.githubusercontent.com/TracingInsights/2019/38741496a2d3736954069c3301e33737ffb3d777/Hungarian%20Grand%20Prix/Race/KVY/laptimes.json,8e2c3b43da57f86975b2bb112a709a7f49a7e7dec617f3963642611b82446e86|a17b3447043131055c97c33e4469f3b19d6a4fa85209965083f4a0adc9c2bb3a,FIXED_PAIR_CLASSIFIED_ORDER_REVERSED_AT_NEXT_LAP_BOUNDARY,FALSE,AUTOMATED_REVIEW_UNREVIEWED
c9e8baccae7e8f40d1cf,2019:Hungarian Grand Prix:Race,train,development_train,BOT,KUB,10,11,2757.166,2840.906,83.74,2019-08-04T13:25:57.195000000,2019-08-04T13:27:20.935000000,bcf795eef543e0ba99df0c32,2019:Hungarian Grand Prix:Race|BOT|KUB|10|11,INHERITED_CANDIDATE_ID,MATCHED_TO_INHERITED_CANDIDATE,UNRESOLVED,AUTOMATED_REVIEW_UNREVIEWED,BOT:20;KUB:19,BOT:19;KUB:20,NOT_AVAILABLE_FROM_FASTF1_POSITION_XYZ,2019-08-04T13:25:57.195000+00:00,2019-08-04T13:27:20.935000+00:00,2.072,NO_RELEVANT_PIT_ROW_FOUND_IN_CONTEXT,NO_RC_RECORD_ON_DECISION_OR_ENDPOINT_LAP,"FastF1 car_data and pos_data present for selected race; pos_data contains XYZ/status, not classified running order or pass timestamp",event_review_37.csv + candidate source,https://raw.githubusercontent.com/TracingInsights/2019/38741496a2d3736954069c3301e33737ffb3d777/Hungarian%20Grand%20Prix/Race/BOT/laptimes.json|https://raw.githubusercontent.com/TracingInsights/2019/38741496a2d3736954069c3301e33737ffb3d777/Hungarian%20Grand%20Prix/Race/KUB/laptimes.json,273eaa722120500f3cc4b9c50e3143d418bb69d9c2667bd11620b73bce6221bb|33dff9f0891570f7263b6fe421016496c0fd84cb6f129362f1f418608893b745,FIXED_PAIR_CLASSIFIED_ORDER_REVERSED_AT_NEXT_LAP_BOUNDARY,FALSE,AUTOMATED_REVIEW_UNREVIEWED
9e66afdf7d1f6729aa72,2019:Hungarian Grand Prix:Race,train,development_train,BOT,GIO,12,13,2923.521,3007.34,83.819,2019-08-04T13:28:43.550000000,2019-08-04T13:30:07.369000000,c6e04be75884baa3634dffbe,2019:Hungarian Grand Prix:Race|BOT|GIO|12|13,INHERITED_CANDIDATE_ID,MATCHED_TO_INHERITED_CANDIDATE,UNRESOLVED,AUTOMATED_REVIEW_UNREVIEWED,BOT:19;GIO:18,BOT:18;GIO:19,NOT_AVAILABLE_FROM_FASTF1_POSITION_XYZ,2019-08-04T13:28:43.550000+00:00,2019-08-04T13:30:07.369000+00:00,1.922,NO_RELEVANT_PIT_ROW_FOUND_IN_CONTEXT,NO_RC_RECORD_ON_DECISION_OR_ENDPOINT_LAP,"FastF1 car_data and pos_data present for selected race; pos_data contains XYZ/status, not classified running order or pass timestamp",event_review_37.csv + candidate source,https://raw.githubusercontent.com/TracingInsights/2019/38741496a2d3736954069c3301e33737ffb3d777/Hungarian%20Grand%20Prix/Race/BOT/laptimes.json|https://raw.githubusercontent.com/TracingInsights/2019/38741496a2d3736954069c3301e33737ffb3d777/Hungarian%20Grand%20Prix/Race/GIO/laptimes.json,273eaa722120500f3cc4b9c50e3143d418bb69d9c2667bd11620b73bce6221bb|89aa4c13343a14e18c033ded0b707f61b8b889d709e2b61a40fa1c3bca6992ff,FIXED_PAIR_CLASSIFIED_ORDER_REVERSED_AT_NEXT_LAP_BOUNDARY,FALSE,AUTOMATED_REVIEW_UNREVIEWED
50e703c4141667ee6dd0,2019:Hungarian Grand Prix:Race,train,development_train,BOT,STR,13,14,3007.573,3092.28,84.707,2019-08-04T13:30:07.602000000,2019-08-04T13:31:32.309000000,3395d2020b7e74840f573879,2019:Hungarian Grand Prix:Race|BOT|STR|13|14,INHERITED_CANDIDATE_ID,MATCHED_TO_INHERITED_CANDIDATE,UNRESOLVED,AUTOMATED_REVIEW_UNREVIEWED,BOT:18;STR:17,BOT:17;STR:18,NOT_AVAILABLE_FROM_FASTF1_POSITION_XYZ,2019-08-04T13:30:07.602000+00:00,2019-08-04T13:31:32.309000+00:00,1.239,NO_RELEVANT_PIT_ROW_FOUND_IN_CONTEXT,NO_RC_RECORD_ON_DECISION_OR_ENDPOINT_LAP,"FastF1 car_data and pos_data present for selected race; pos_data contains XYZ/status, not classified running order or pass timestamp",event_review_37.csv + candidate source,https://raw.githubusercontent.com/TracingInsights/2019/38741496a2d3736954069c3301e33737ffb3d777/Hungarian%20Grand%20Prix/Race/BOT/laptimes.json|https://raw.githubusercontent.com/TracingInsights/2019/38741496a2d3736954069c3301e33737ffb3d777/Hungarian%20Grand%20Prix/Race/STR/laptimes.json,273eaa722120500f3cc4b9c50e3143d418bb69d9c2667bd11620b73bce6221bb|365a7542f5dcbab1584efac4f1b73bdf2c07575f0203467e3645884ff7ccd710,FIXED_PAIR_CLASSIFIED_ORDER_REVERSED_AT_NEXT_LAP_BOUNDARY,FALSE,AUTOMATED_REVIEW_UNREVIEWED
fa746bd023948a644ccc,2019:Hungarian Grand Prix:Race,train,development_train,BOT,RUS,14,15,3092.646,3176.242,83.596,2019-08-04T13:31:32.675000000,2019-08-04T13:32:56.271000000,0cfa6c7b4711f0457618e693,2019:Hungarian Grand Prix:Race|BOT|RUS|14|15,INHERITED_CANDIDATE_ID,MATCHED_TO_INHERITED_CANDIDATE,UNRESOLVED,AUTOMATED_REVIEW_UNREVIEWED,BOT:17;RUS:16,BOT:16;RUS:17,NOT_AVAILABLE_FROM_FASTF1_POSITION_XYZ,2019-08-04T13:31:32.675000+00:00,2019-08-04T13:32:56.271000+00:00,3.104,NO_RELEVANT_PIT_ROW_FOUND_IN_CONTEXT,NO_RC_RECORD_ON_DECISION_OR_ENDPOINT_LAP,"FastF1 car_data and pos_data present for selected race; pos_data contains XYZ/status, not classified running order or pass timestamp",event_review_37.csv + candidate source,https://raw.githubusercontent.com/TracingInsights/2019/38741496a2d3736954069c3301e33737ffb3d777/Hungarian%20Grand%20Prix/Race/BOT/laptimes.json|https://raw.githubusercontent.com/TracingInsights/2019/38741496a2d3736954069c3301e33737ffb3d777/Hungarian%20Grand%20Prix/Race/RUS/laptimes.json,273eaa722120500f3cc4b9c50e3143d418bb69d9c2667bd11620b73bce6221bb|534e3655efb038c4630ea060eab4aef5db6049fc3fd8202a78234215525dc9f5,FIXED_PAIR_CLASSIFIED_ORDER_REVERSED_AT_NEXT_LAP_BOUNDARY,FALSE,AUTOMATED_REVIEW_UNREVIEWED
703a4d34d0400717f063,2019:Hungarian Grand Prix:Race,train,development_train,HAM,VER,66,67,7268.407,7348.97,80.563,2019-08-04T14:41:08.436000000,2019-08-04T14:42:28.999000000,3b82db30edb9fd93bd27e798,2019:Hungarian Grand Prix:Race|HAM|VER|66|67,INHERITED_CANDIDATE_ID,MATCHED_TO_INHERITED_CANDIDATE,OTHER_POSITION_CHANGE,AUTOMATED_REVIEW_UNREVIEWED,HAM:2;VER:1,HAM:1;VER:2,NOT_AVAILABLE_FROM_FASTF1_POSITION_XYZ,2019-08-04T14:41:08.436000+00:00,2019-08-04T14:42:28.999000+00:00,1.406,PIT_LAP_OVERLAP_RECORDED_BUT_TIME_OF_DAY_ONLY,RC_RECORD_ON_DECISION_OR_ENDPOINT_LAP,"FastF1 car_data and pos_data present for selected race; pos_data contains XYZ/status, not classified running order or pass timestamp",event_review_37.csv + candidate source,https://raw.githubusercontent.com/TracingInsights/2019/38741496a2d3736954069c3301e33737ffb3d777/Hungarian%20Grand%20Prix/Race/HAM/laptimes.json|https://raw.githubusercontent.com/TracingInsights/2019/38741496a2d3736954069c3301e33737ffb3d777/Hungarian%20Grand%20Prix/Race/VER/laptimes.json,2d2cfefcdcd630f5da99d90465d2ab169bffdcaccd1bdbad439f74125f65bc03|b933f6baa0fee0e2dc5f6a8405a1edb7a75eeabd9ac4394a5ebcdd5ae8dda999,FIXED_PAIR_CLASSIFIED_ORDER_REVERSED_AT_NEXT_LAP_BOUNDARY,FALSE,AUTOMATED_REVIEW_UNREVIEWED
01dff550b06404b8be7c,2019:Hungarian Grand Prix:Race,train,development_train,HUL,GRO,18,19,3418.03,3501.034,83.004,2019-08-04T13:36:58.059000000,2019-08-04T13:38:21.063000000,,2019:Hungarian Grand Prix:Race|HUL|GRO|18|19,BOUNDARY_PROXY_KEY,OUTSIDE_INHERITED_CANDIDATE_UNIVERSE,OUTSIDE_CANDIDATE_UNIVERSE,AUTOMATED_PROXY_LINK_UNREVIEWED,HUL:10;GRO:9,HUL:9;GRO:10,NOT_AVAILABLE_FROM_BOUNDARY_LAPTIMES,2019-08-04T13:36:58.059000000,2019-08-04T13:38:21.063000000,BOUNDARY_INTERVAL_ONLY_NOT_EXACT_PASS_TIME,NOT_IN_INHERITED_CANDIDATE_REVIEW,NOT_IN_INHERITED_CANDIDATE_REVIEW,BOUNDARY_TELEMETRY_DOES_NOT_ESTABLISH_PASS,prediction_windows_37.csv.gz + laptime_source_inventory_37.csv,,,FIXED_PAIR_CLASSIFIED_ORDER_REVERSED_AT_NEXT_LAP_BOUNDARY,FALSE,AUTOMATED_PROXY_LINK_UNREVIEWED
69420def3d7b7de4002f,2019:Hungarian Grand Prix:Race,train,development_train,KVY,RUS,7,8,2492.915,2577.397,84.482,2019-08-04T13:21:32.944000000,2019-08-04T13:22:57.426000000,5f4532141065f0b0e0d9109f,2019:Hungarian Grand Prix:Race|KVY|RUS|7|8,INHERITED_CANDIDATE_ID,MATCHED_TO_INHERITED_CANDIDATE,UNRESOLVED,AUTOMATED_REVIEW_UNREVIEWED,KVY:14;RUS:13,KVY:13;RUS:14,NOT_AVAILABLE_FROM_FASTF1_POSITION_XYZ,2019-08-04T13:21:32.944000+00:00,2019-08-04T13:22:57.426000+00:00,1.303,NO_RELEVANT_PIT_ROW_FOUND_IN_CONTEXT,NO_RC_RECORD_ON_DECISION_OR_ENDPOINT_LAP,"FastF1 car_data and pos_data present for selected race; pos_data contains XYZ/status, not classified running order or pass timestamp",event_review_37.csv + candidate source,https://raw.githubusercontent.com/TracingInsights/2019/38741496a2d3736954069c3301e33737ffb3d777/Hungarian%20Grand%20Prix/Race/KVY/laptimes.json|https://raw.githubusercontent.com/TracingInsights/2019/38741496a2d3736954069c3301e33737ffb3d777/Hungarian%20Grand%20Prix/Race/RUS/laptimes.json,534e3655efb038c4630ea060eab4aef5db6049fc3fd8202a78234215525dc9f5|8e2c3b43da57f86975b2bb112a709a7f49a7e7dec617f3963642611b82446e86,FIXED_PAIR_CLASSIFIED_ORDER_REVERSED_AT_NEXT_LAP_BOUNDARY,FALSE,AUTOMATED_REVIEW_UNREVIEWED
8f426abfcb976daa78d4,2019:Hungarian Grand Prix:Race,train,development_train,KVY,ALB,17,18,3336.483,3420.283,83.8,2019-08-04T13:35:36.512000000,2019-08-04T13:37:00.312000000,,2019:Hungarian Grand Prix:Race|KVY|ALB|17|18,BOUNDARY_PROXY_KEY,OUTSIDE_INHERITED_CANDIDATE_UNIVERSE,OUTSIDE_CANDIDATE_UNIVERSE,AUTOMATED_PROXY_LINK_UNREVIEWED,KVY:13;ALB:12,KVY:11;ALB:13,NOT_AVAILABLE_FROM_BOUNDARY_LAPTIMES,2019-08-04T13:35:36.512000000,2019-08-04T13:37:00.312000000,BOUNDARY_INTERVAL_ONLY_NOT_EXACT_PASS_TIME,NOT_IN_INHERITED_CANDIDATE_REVIEW,NOT_IN_INHERITED_CANDIDATE_REVIEW,BOUNDARY_TELEMETRY_DOES_NOT_ESTABLISH_PASS,prediction_windows_37.csv.gz + laptime_source_inventory_37.csv,,,FIXED_PAIR_CLASSIFIED_ORDER_REVERSED_AT_NEXT_LAP_BOUNDARY,FALSE,AUTOMATED_PROXY_LINK_UNREVIEWED
b8b5886541f502cc8e4b,2019:Hungarian Grand Prix:Race,train,development_train,KVY,GRO,23,24,3860.752,3943.02,82.268,2019-08-04T13:44:20.781000000,2019-08-04T13:45:43.049000000,,2019:Hungarian Grand Prix:Race|KVY|GRO|23|24,BOUNDARY_PROXY_KEY,OUTSIDE_INHERITED_CANDIDATE_UNIVERSE,OUTSIDE_CANDIDATE_UNIVERSE,AUTOMATED_PROXY_LINK_UNREVIEWED,KVY:16;GRO:15,KVY:15;GRO:16,NOT_AVAILABLE_FROM_BOUNDARY_LAPTIMES,2019-08-04T13:44:20.781000000,2019-08-04T13:45:43.049000000,BOUNDARY_INTERVAL_ONLY_NOT_EXACT_PASS_TIME,NOT_IN_INHERITED_CANDIDATE_REVIEW,NOT_IN_INHERITED_CANDIDATE_REVIEW,BOUNDARY_TELEMETRY_DOES_NOT_ESTABLISH_PASS,prediction_windows_37.csv.gz + laptime_source_inventory_37.csv,,,FIXED_PAIR_CLASSIFIED_ORDER_REVERSED_AT_NEXT_LAP_BOUNDARY,FALSE,AUTOMATED_PROXY_LINK_UNREVIEWED
1a25267964fab8bee880,2019:Hungarian Grand Prix:Race,train,development_train,MAG,RUS,11,12,2833.823,2917.778,83.955,2019-08-04T13:27:13.852000000,2019-08-04T13:28:37.807000000,398449997f70cad1d4aa2244,2019:Hungarian Grand Prix:Race|MAG|RUS|11|12,INHERITED_CANDIDATE_ID,MATCHED_TO_INHERITED_CANDIDATE,UNRESOLVED,AUTOMATED_REVIEW_UNREVIEWED,MAG:15;RUS:14,MAG:14;RUS:15,NOT_AVAILABLE_FROM_FASTF1_POSITION_XYZ,2019-08-04T13:27:13.852000+00:00,2019-08-04T13:28:37.807000+00:00,1.672,NO_RELEVANT_PIT_ROW_FOUND_IN_CONTEXT,NO_RC_RECORD_ON_DECISION_OR_ENDPOINT_LAP,"FastF1 car_data and pos_data present for selected race; pos_data contains XYZ/status, not classified running order or pass timestamp",event_review_37.csv + candidate source,https://raw.githubusercontent.com/TracingInsights/2019/38741496a2d3736954069c3301e33737ffb3d777/Hungarian%20Grand%20Prix/Race/MAG/laptimes.json|https://raw.githubusercontent.com/TracingInsights/2019/38741496a2d3736954069c3301e33737ffb3d777/Hungarian%20Grand%20Prix/Race/RUS/laptimes.json,534e3655efb038c4630ea060eab4aef5db6049fc3fd8202a78234215525dc9f5|7b708155ab8c1d2e86400e3fc0b7c7a1081676b37eac970327a8e5efa7bfc495,FIXED_PAIR_CLASSIFIED_ORDER_REVERSED_AT_NEXT_LAP_BOUNDARY,FALSE,AUTOMATED_REVIEW_UNREVIEWED
a1285ecca10c91d7e5bd,2019:Hungarian Grand Prix:Race,train,development_train,MAG,KVY,66,67,7423.732,7506.026,82.294,2019-08-04T14:43:43.761000000,2019-08-04T14:45:06.055000000,,2019:Hungarian Grand Prix:Race|MAG|KVY|66|67,BOUNDARY_PROXY_KEY,OUTSIDE_INHERITED_CANDIDATE_UNIVERSE,OUTSIDE_CANDIDATE_UNIVERSE,AUTOMATED_PROXY_LINK_UNREVIEWED,MAG:14;KVY:13,MAG:13;KVY:15,NOT_AVAILABLE_FROM_BOUNDARY_LAPTIMES,2019-08-04T14:43:43.761000000,2019-08-04T14:45:06.055000000,BOUNDARY_INTERVAL_ONLY_NOT_EXACT_PASS_TIME,NOT_IN_INHERITED_CANDIDATE_REVIEW,NOT_IN_INHERITED_CANDIDATE_REVIEW,BOUNDARY_TELEMETRY_DOES_NOT_ESTABLISH_PASS,prediction_windows_37.csv.gz + laptime_source_inventory_37.csv,,,FIXED_PAIR_CLASSIFIED_ORDER_REVERSED_AT_NEXT_LAP_BOUNDARY,FALSE,AUTOMATED_PROXY_LINK_UNREVIEWED
acb0dc51e0ca1b133354,2019:Hungarian Grand Prix:Race,train,development_train,NOR,RIC,30,31,4428.871,4512.17,83.299,2019-08-04T13:53:48.900000000,2019-08-04T13:55:12.199000000,413dde27a068cb7f6ac09d96,2019:Hungarian Grand Prix:Race|NOR|RIC|30|31,INHERITED_CANDIDATE_ID,MATCHED_TO_INHERITED_CANDIDATE,UNRESOLVED,AUTOMATED_REVIEW_UNREVIEWED,NOR:11;RIC:10,NOR:10;RIC:11,NOT_AVAILABLE_FROM_FASTF1_POSITION_XYZ,2019-08-04T13:53:48.900000+00:00,2019-08-04T13:55:12.199000+00:00,0.593,NO_RELEVANT_PIT_ROW_FOUND_IN_CONTEXT,RC_RECORD_ON_DECISION_OR_ENDPOINT_LAP,"FastF1 car_data and pos_data present for selected race; pos_data contains XYZ/status, not classified running order or pass timestamp",event_review_37.csv + candidate source,https://raw.githubusercontent.com/TracingInsights/2019/38741496a2d3736954069c3301e33737ffb3d777/Hungarian%20Grand%20Prix/Race/NOR/laptimes.json|https://raw.githubusercontent.com/TracingInsights/2019/38741496a2d3736954069c3301e33737ffb3d777/Hungarian%20Grand%20Prix/Race/RIC/laptimes.json,9f5c88eb6fc0f71b4f62cca97db3b3fca020a4d2a623cf2304e58ca4ab961706|e0ab053e91cd6ead97f6bd83674e16d2ebd41d2695275a423924f9dbc0ba254e,FIXED_PAIR_CLASSIFIED_ORDER_REVERSED_AT_NEXT_LAP_BOUNDARY,FALSE,AUTOMATED_REVIEW_UNREVIEWED
e4d797ebd7bcfbe2fa75,2019:Hungarian Grand Prix:Race,train,development_train,RIC,GIO,7,8,2496.266,2580.997,84.731,2019-08-04T13:21:36.295000000,2019-08-04T13:23:01.026000000,,2019:Hungarian Grand Prix:Race|RIC|GIO|7|8,BOUNDARY_PROXY_KEY,OUTSIDE_INHERITED_CANDIDATE_UNIVERSE,OUTSIDE_CANDIDATE_UNIVERSE,AUTOMATED_PROXY_LINK_UNREVIEWED,RIC:18;GIO:17,RIC:17;GIO:18,NOT_AVAILABLE_FROM_BOUNDARY_LAPTIMES,2019-08-04T13:21:36.295000000,2019-08-04T13:23:01.026000000,BOUNDARY_INTERVAL_ONLY_NOT_EXACT_PASS_TIME,NOT_IN_INHERITED_CANDIDATE_REVIEW,NOT_IN_INHERITED_CANDIDATE_REVIEW,BOUNDARY_TELEMETRY_DOES_NOT_ESTABLISH_PASS,prediction_windows_37.csv.gz + laptime_source_inventory_37.csv,,,FIXED_PAIR_CLASSIFIED_ORDER_REVERSED_AT_NEXT_LAP_BOUNDARY,FALSE,AUTOMATED_PROXY_LINK_UNREVIEWED
121f123524786f77e799,2019:Hungarian Grand Prix:Race,train,development_train,RIC,RUS,13,14,3005.736,3089.979,84.243,2019-08-04T13:30:05.765000000,2019-08-04T13:31:30.008000000,b9d07c705e69a1ebbc92c9f0,2019:Hungarian Grand Prix:Race|RIC|RUS|13|14,INHERITED_CANDIDATE_ID,MATCHED_TO_INHERITED_CANDIDATE,UNRESOLVED,AUTOMATED_REVIEW_UNREVIEWED,RIC:16;RUS:15,RIC:15;RUS:16,NOT_AVAILABLE_FROM_FASTF1_POSITION_XYZ,2019-08-04T13:30:05.765000+00:00,2019-08-04T13:31:30.008000+00:00,1.341,NO_RELEVANT_PIT_ROW_FOUND_IN_CONTEXT,NO_RC_RECORD_ON_DECISION_OR_ENDPOINT_LAP,"FastF1 car_data and pos_data present for selected race; pos_data contains XYZ/status, not classified running order or pass timestamp",event_review_37.csv + candidate source,https://raw.githubusercontent.com/TracingInsights/2019/38741496a2d3736954069c3301e33737ffb3d777/Hungarian%20Grand%20Prix/Race/RIC/laptimes.json|https://raw.githubusercontent.com/TracingInsights/2019/38741496a2d3736954069c3301e33737ffb3d777/Hungarian%20Grand%20Prix/Race/RUS/laptimes.json,534e3655efb038c4630ea060eab4aef5db6049fc3fd8202a78234215525dc9f5|9f5c88eb6fc0f71b4f62cca97db3b3fca020a4d2a623cf2304e58ca4ab961706,FIXED_PAIR_CLASSIFIED_ORDER_REVERSED_AT_NEXT_LAP_BOUNDARY,FALSE,AUTOMATED_REVIEW_UNREVIEWED
ec65872b7d4e43b90e3d,2019:Hungarian Grand Prix:Race,train,development_train,SAI,BOT,4,5,2230.766,2314.126,83.36,2019-08-04T13:17:10.795000000,2019-08-04T13:18:34.155000000,,2019:Hungarian Grand Prix:Race|SAI|BOT|4|5,BOUNDARY_PROXY_KEY,OUTSIDE_INHERITED_CANDIDATE_UNIVERSE,OUTSIDE_CANDIDATE_UNIVERSE,AUTOMATED_PROXY_LINK_UNREVIEWED,SAI:6;BOT:5,SAI:5;BOT:6,NOT_AVAILABLE_FROM_BOUNDARY_LAPTIMES,2019-08-04T13:17:10.795000000,2019-08-04T13:18:34.155000000,BOUNDARY_INTERVAL_ONLY_NOT_EXACT_PASS_TIME,NOT_IN_INHERITED_CANDIDATE_REVIEW,NOT_IN_INHERITED_CANDIDATE_REVIEW,BOUNDARY_TELEMETRY_DOES_NOT_ESTABLISH_PASS,prediction_windows_37.csv.gz + laptime_source_inventory_37.csv,,,FIXED_PAIR_CLASSIFIED_ORDER_REVERSED_AT_NEXT_LAP_BOUNDARY,FALSE,AUTOMATED_PROXY_LINK_UNREVIEWED
293807521a8b2d27ff60,2019:Italian Grand Prix:Race,train,development_train,ALB,GIO,14,15,3130.774,3216.032,85.258,2019-09-08T13:32:12.101000000,2019-09-08T13:33:37.359000000,e08dc8b1975577a6be9ca6d6,2019:Italian Grand Prix:Race|ALB|GIO|14|15,INHERITED_CANDIDATE_ID,MATCHED_TO_INHERITED_CANDIDATE,UNRESOLVED,AUTOMATED_REVIEW_UNREVIEWED,ALB:8;GIO:7,ALB:7;GIO:8,NOT_AVAILABLE_FROM_FASTF1_POSITION_XYZ,2019-09-08T13:32:12.101000+00:00,2019-09-08T13:33:37.359000+00:00,1.821,NO_RELEVANT_PIT_ROW_FOUND_IN_CONTEXT,RC_RECORD_ON_DECISION_OR_ENDPOINT_LAP,"FastF1 car_data and pos_data present for selected race; pos_data contains XYZ/status, not classified running order or pass timestamp",event_review_37.csv + candidate source,https://raw.githubusercontent.com/TracingInsights/2019/38741496a2d3736954069c3301e33737ffb3d777/Italian%20Grand%20Prix/Race/ALB/laptimes.json|https://raw.githubusercontent.com/TracingInsights/2019/38741496a2d3736954069c3301e33737ffb3d777/Italian%20Grand%20Prix/Race/GIO/laptimes.json,1e1a77d8376e357ad7c9e86619633586069a92bc803b1bbfa9fe04f78b560d42|9c651f959c2339fa435fe1474d80d7a03b1b2dca3a0b9caad6e074ab27eca05c,FIXED_PAIR_CLASSIFIED_ORDER_REVERSED_AT_NEXT_LAP_BOUNDARY,FALSE,AUTOMATED_REVIEW_UNREVIEWED
0a5f5de358dadf7959cb,2019:Italian Grand Prix:Race,train,development_train,GAS,VER,26,27,4180.115,4263.417,83.302,2019-09-08T13:49:41.442000000,2019-09-08T13:51:04.744000000,efa89073d04850f92032c6a4,2019:Italian Grand Prix:Race|GAS|VER|26|27,INHERITED_CANDIDATE_ID,MATCHED_TO_INHERITED_CANDIDATE,OTHER_POSITION_CHANGE,AUTOMATED_REVIEW_UNREVIEWED,GAS:11;VER:10,GAS:9;VER:10,NOT_AVAILABLE_FROM_FASTF1_POSITION_XYZ,2019-09-08T13:49:41.442000+00:00,2019-09-08T13:51:04.744000+00:00,5.586,PIT_LAP_OVERLAP_RECORDED_BUT_TIME_OF_DAY_ONLY,NO_RC_RECORD_ON_DECISION_OR_ENDPOINT_LAP,"FastF1 car_data and pos_data present for selected race; pos_data contains XYZ/status, not classified running order or pass timestamp",event_review_37.csv + candidate source,https://raw.githubusercontent.com/TracingInsights/2019/38741496a2d3736954069c3301e33737ffb3d777/Italian%20Grand%20Prix/Race/GAS/laptimes.json|https://raw.githubusercontent.com/TracingInsights/2019/38741496a2d3736954069c3301e33737ffb3d777/Italian%20Grand%20Prix/Race/VER/laptimes.json,c4edbba2f65b165c010379749a298578dba6d2c286cdaad9af3522cbab0ffc45|e351a51360a1881085f0f7a217edf4c556b23b70d1ffdce4248117e707060703,FIXED_PAIR_CLASSIFIED_ORDER_REVERSED_AT_NEXT_LAP_BOUNDARY,FALSE,AUTOMATED_REVIEW_UNREVIEWED
38bd78fdfcb77210486c,2019:Italian Grand Prix:Race,train,development_train,GIO,ALB,2,3,2092.994,2179.472,86.478,2019-09-08T13:14:54.321000000,2019-09-08T13:16:20.799000000,,2019:Italian Grand Prix:Race|GIO|ALB|2|3,BOUNDARY_PROXY_KEY,OUTSIDE_INHERITED_CANDIDATE_UNIVERSE,OUTSIDE_CANDIDATE_UNIVERSE,AUTOMATED_PROXY_LINK_UNREVIEWED,GIO:10;ALB:9,GIO:9;ALB:11,NOT_AVAILABLE_FROM_BOUNDARY_LAPTIMES,2019-09-08T13:14:54.321000000,2019-09-08T13:16:20.799000000,BOUNDARY_INTERVAL_ONLY_NOT_EXACT_PASS_TIME,NOT_IN_INHERITED_CANDIDATE_REVIEW,NOT_IN_INHERITED_CANDIDATE_REVIEW,BOUNDARY_TELEMETRY_DOES_NOT_ESTABLISH_PASS,prediction_windows_37.csv.gz + laptime_source_inventory_37.csv,,,FIXED_PAIR_CLASSIFIED_ORDER_REVERSED_AT_NEXT_LAP_BOUNDARY,FALSE,AUTOMATED_PROXY_LINK_UNREVIEWED
616844405ba988a61d53,2019:Italian Grand Prix:Race,train,development_train,GRO,KUB,5,6,2362.091,2449.35,87.259,2019-09-08T13:19:23.418000000,2019-09-08T13:20:50.677000000,c1d9759ee514d1f9dc194a92,2019:Italian Grand Prix:Race|GRO|KUB|5|6,INHERITED_CANDIDATE_ID,MATCHED_TO_INHERITED_CANDIDATE,UNRESOLVED,AUTOMATED_REVIEW_UNREVIEWED,GRO:16;KUB:15,GRO:13;KUB:15,NOT_AVAILABLE_FROM_FASTF1_POSITION_XYZ,2019-09-08T13:19:23.418000+00:00,2019-09-08T13:20:50.677000+00:00,1.882,NO_RELEVANT_PIT_ROW_FOUND_IN_CONTEXT,RC_RECORD_ON_DECISION_OR_ENDPOINT_LAP,"FastF1 car_data and pos_data present for selected race; pos_data contains XYZ/status, not classified running order or pass timestamp",event_review_37.csv + candidate source,https://raw.githubusercontent.com/TracingInsights/2019/38741496a2d3736954069c3301e33737ffb3d777/Italian%20Grand%20Prix/Race/GRO/laptimes.json|https://raw.githubusercontent.com/TracingInsights/2019/38741496a2d3736954069c3301e33737ffb3d777/Italian%20Grand%20Prix/Race/KUB/laptimes.json,bbb721ae6f80a54849f70d50b8249b0a5a9b5dd35fa7a66c56372ce40f94cd40|d97d5d541a76c28e8f92be41585f1122bcc037cf8f8530417141954299944bdf,FIXED_PAIR_CLASSIFIED_ORDER_REVERSED_AT_NEXT_LAP_BOUNDARY,FALSE,AUTOMATED_REVIEW_UNREVIEWED
36e965ed078754fe037c,2019:Italian Grand Prix:Race,train,development_train,LEC,HUL,21,22,3722.39,3808.187,85.797,2019-09-08T13:41:46.474000000,2019-09-08T13:43:29.514000000,,2019:Italian Grand Prix:Race|LEC|HUL|21|22,BOUNDARY_PROXY_KEY,OUTSIDE_INHERITED_CANDIDATE_UNIVERSE,OUTSIDE_CANDIDATE_UNIVERSE,AUTOMATED_PROXY_LINK_UNREVIEWED,LEC:4;HUL:3,LEC:3;HUL:4,NOT_AVAILABLE_FROM_BOUNDARY_LAPTIMES,2019-09-08T13:41:46.474000000,2019-09-08T13:43:29.514000000,BOUNDARY_INTERVAL_ONLY_NOT_EXACT_PASS_TIME,NOT_IN_INHERITED_CANDIDATE_REVIEW,NOT_IN_INHERITED_CANDIDATE_REVIEW,BOUNDARY_TELEMETRY_DOES_NOT_ESTABLISH_PASS,prediction_windows_37.csv.gz + laptime_source_inventory_37.csv,,,FIXED_PAIR_CLASSIFIED_ORDER_REVERSED_AT_NEXT_LAP_BOUNDARY,FALSE,AUTOMATED_PROXY_LINK_UNREVIEWED
7158f07c482a1209fad3,2019:Italian Grand Prix:Race,train,development_train,LEC,RIC,25,26,4062.642,4146.96,84.318,2019-09-08T13:47:43.969000000,2019-09-08T13:49:08.287000000,598bd5aafb89829e15e52f50,2019:Italian Grand Prix:Race|LEC|RIC|25|26,INHERITED_CANDIDATE_ID,MATCHED_TO_INHERITED_CANDIDATE,UNRESOLVED,AUTOMATED_REVIEW_UNREVIEWED,LEC:3;RIC:2,LEC:2;RIC:4,NOT_AVAILABLE_FROM_FASTF1_POSITION_XYZ,2019-09-08T13:47:43.969000+00:00,2019-09-08T13:49:08.287000+00:00,1.515,NO_RELEVANT_PIT_ROW_FOUND_IN_CONTEXT,NO_RC_RECORD_ON_DECISION_OR_ENDPOINT_LAP,"FastF1 car_data and pos_data present for selected race; pos_data contains XYZ/status, not classified running order or pass timestamp",event_review_37.csv + candidate source,https://raw.githubusercontent.com/TracingInsights/2019/38741496a2d3736954069c3301e33737ffb3d777/Italian%20Grand%20Prix/Race/LEC/laptimes.json|https://raw.githubusercontent.com/TracingInsights/2019/38741496a2d3736954069c3301e33737ffb3d777/Italian%20Grand%20Prix/Race/RIC/laptimes.json,291db4401ef4e5a9c4fd406543f2a6c4eb1b573a6a43cc94e23af704c28dee29|d932959fdb6bbe2eb109f62015b347444e4ddb8971834058143ed4de7a3685af,FIXED_PAIR_CLASSIFIED_ORDER_REVERSED_AT_NEXT_LAP_BOUNDARY,FALSE,AUTOMATED_REVIEW_UNREVIEWED
e33cd01b0f7fa23f0d5e,2019:Italian Grand Prix:Race,train,development_train,MAG,STR,21,22,3765.48,3851.429,85.949,2019-09-08T13:42:30.415000000,2019-09-08T13:44:12.756000000,1f7fcfdf7835e974a8751659,2019:Italian Grand Prix:Race|MAG|STR|21|22,INHERITED_CANDIDATE_ID,MATCHED_TO_INHERITED_CANDIDATE,OTHER_POSITION_CHANGE,AUTOMATED_REVIEW_UNREVIEWED,MAG:16;STR:15,MAG:15;STR:16,NOT_AVAILABLE_FROM_FASTF1_POSITION_XYZ,2019-09-08T13:42:46.807000+00:00,2019-09-08T13:44:12.756000+00:00,19.28,PIT_LAP_OVERLAP_RECORDED_BUT_TIME_OF_DAY_ONLY,RC_RECORD_ON_DECISION_OR_ENDPOINT_LAP,"FastF1 car_data and pos_data present for selected race; pos_data contains XYZ/status, not classified running order or pass timestamp",event_review_37.csv + candidate source,https://raw.githubusercontent.com/TracingInsights/2019/38741496a2d3736954069c3301e33737ffb3d777/Italian%20Grand%20Prix/Race/MAG/laptimes.json|https://raw.githubusercontent.com/TracingInsights/2019/38741496a2d3736954069c3301e33737ffb3d777/Italian%20Grand%20Prix/Race/STR/laptimes.json,3ca7404d304053cc1b865e1006f2f86914b070eebcba32fc199ac0b367fe020f|a1f45838aae7f2292cd1bd7574e6e00b79a0befdfc94eb28afbf067c93ae0d44,FIXED_PAIR_CLASSIFIED_ORDER_REVERSED_AT_NEXT_LAP_BOUNDARY,FALSE,AUTOMATED_REVIEW_UNREVIEWED
2d7a737311eccf484bbd,2019:Italian Grand Prix:Race,train,development_train,NOR,STR,14,15,3143.353,3228.381,85.028,2019-09-08T13:32:24.680000000,2019-09-08T13:33:49.708000000,fbd0972f9d55b5c34ca80bb2,2019:Italian Grand Prix:Race|NOR|STR|14|15,INHERITED_CANDIDATE_ID,MATCHED_TO_INHERITED_CANDIDATE,OTHER_POSITION_CHANGE,AUTOMATED_REVIEW_UNREVIEWED,NOR:13;STR:12,NOR:12;STR:14,NOT_AVAILABLE_FROM_FASTF1_POSITION_XYZ,2019-09-08T13:32:24.680000+00:00,2019-09-08T13:33:49.708000+00:00,3.207,PIT_LAP_OVERLAP_RECORDED_BUT_TIME_OF_DAY_ONLY,RC_RECORD_ON_DECISION_OR_ENDPOINT_LAP,"FastF1 car_data and pos_data present for selected race; pos_data contains XYZ/status, not classified running order or pass timestamp",event_review_37.csv + candidate source,https://raw.githubusercontent.com/TracingInsights/2019/38741496a2d3736954069c3301e33737ffb3d777/Italian%20Grand%20Prix/Race/NOR/laptimes.json|https://raw.githubusercontent.com/TracingInsights/2019/38741496a2d3736954069c3301e33737ffb3d777/Italian%20Grand%20Prix/Race/STR/laptimes.json,3ca7404d304053cc1b865e1006f2f86914b070eebcba32fc199ac0b367fe020f|cb7bb16e065eed8e1296fe47f7c5dab6c0363a03a51b25f5ddc9400f19952128,FIXED_PAIR_CLASSIFIED_ORDER_REVERSED_AT_NEXT_LAP_BOUNDARY,FALSE,AUTOMATED_REVIEW_UNREVIEWED
3da659160a80b615f2c3,2019:Italian Grand Prix:Race,train,development_train,PER,GRO,2,3,2096.492,2184.991,88.499,2019-09-08T13:14:57.819000000,2019-09-08T13:16:26.318000000,,2019:Italian Grand Prix:Race|PER|GRO|2|3,BOUNDARY_PROXY_KEY,OUTSIDE_INHERITED_CANDIDATE_UNIVERSE,OUTSIDE_CANDIDATE_UNIVERSE,AUTOMATED_PROXY_LINK_UNREVIEWED,PER:17;GRO:16,PER:16;GRO:17,NOT_AVAILABLE_FROM_BOUNDARY_LAPTIMES,2019-09-08T13:14:57.819000000,2019-09-08T13:16:26.318000000,BOUNDARY_INTERVAL_ONLY_NOT_EXACT_PASS_TIME,NOT_IN_INHERITED_CANDIDATE_REVIEW,NOT_IN_INHERITED_CANDIDATE_REVIEW,BOUNDARY_TELEMETRY_DOES_NOT_ESTABLISH_PASS,prediction_windows_37.csv.gz + laptime_source_inventory_37.csv,,,FIXED_PAIR_CLASSIFIED_ORDER_REVERSED_AT_NEXT_LAP_BOUNDARY,FALSE,AUTOMATED_PROXY_LINK_UNREVIEWED
dc4d1bbde8c868593d5d,2019:Italian Grand Prix:Race,train,development_train,PER,GAS,5,6,2361.104,2443.501,82.397,2019-09-08T13:19:22.431000000,2019-09-08T13:20:44.828000000,,2019:Italian Grand Prix:Race|PER|GAS|5|6,BOUNDARY_PROXY_KEY,OUTSIDE_INHERITED_CANDIDATE_UNIVERSE,OUTSIDE_CANDIDATE_UNIVERSE,AUTOMATED_PROXY_LINK_UNREVIEWED,PER:14;GAS:13,PER:11;GAS:14,NOT_AVAILABLE_FROM_BOUNDARY_LAPTIMES,2019-09-08T13:19:22.431000000,2019-09-08T13:20:44.828000000,BOUNDARY_INTERVAL_ONLY_NOT_EXACT_PASS_TIME,NOT_IN_INHERITED_CANDIDATE_REVIEW,NOT_IN_INHERITED_CANDIDATE_REVIEW,BOUNDARY_TELEMETRY_DOES_NOT_ESTABLISH_PASS,prediction_windows_37.csv.gz + laptime_source_inventory_37.csv,,,FIXED_PAIR_CLASSIFIED_ORDER_REVERSED_AT_NEXT_LAP_BOUNDARY,FALSE,AUTOMATED_PROXY_LINK_UNREVIEWED
acee8fc82bfffa09b51c,2019:Italian Grand Prix:Race,train,development_train,RAI,RUS,5,6,2363.043,2451.345,88.302,2019-09-08T13:19:24.370000000,2019-09-08T13:20:52.672000000,a9f0270bd21fc3dac5e088e9,2019:Italian Grand Prix:Race|RAI|RUS|5|6,INHERITED_CANDIDATE_ID,MATCHED_TO_INHERITED_CANDIDATE,UNRESOLVED,AUTOMATED_REVIEW_UNREVIEWED,RAI:19;RUS:18,RAI:17;RUS:18,NOT_AVAILABLE_FROM_FASTF1_POSITION_XYZ,2019-09-08T13:19:24.370000+00:00,2019-09-08T13:20:52.672000+00:00,1.769,NO_RELEVANT_PIT_ROW_FOUND_IN_CONTEXT,RC_RECORD_ON_DECISION_OR_ENDPOINT_LAP,"FastF1 car_data and pos_data present for selected race; pos_data contains XYZ/status, not classified running order or pass timestamp",event_review_37.csv + candidate source,https://raw.githubusercontent.com/TracingInsights/2019/38741496a2d3736954069c3301e33737ffb3d777/Italian%20Grand%20Prix/Race/RAI/laptimes.json|https://raw.githubusercontent.com/TracingInsights/2019/38741496a2d3736954069c3301e33737ffb3d777/Italian%20Grand%20Prix/Race/RUS/laptimes.json,4f738c7a3bc0c2844ae86d070b570146ad6bdf94f9e9f55078aaa9b01293e82f|f9703e9da75e6db48b8db43e13657097950cd77dc791d43e7194b2954e74d9eb,FIXED_PAIR_CLASSIFIED_ORDER_REVERSED_AT_NEXT_LAP_BOUNDARY,FALSE,AUTOMATED_REVIEW_UNREVIEWED
7767db5e4494950984a2,2019:Italian Grand Prix:Race,train,development_train,RIC,VET,5,6,2348.868,2430.452,81.584,2019-09-08T13:19:10.195000000,2019-09-08T13:20:31.779000000,46d6476cc89c531345568373,2019:Italian Grand Prix:Race|RIC|VET|5|6,INHERITED_CANDIDATE_ID,MATCHED_TO_INHERITED_CANDIDATE,OTHER_POSITION_CHANGE,AUTOMATED_REVIEW_UNREVIEWED,RIC:5;VET:4,RIC:4;VET:19,NOT_AVAILABLE_FROM_FASTF1_POSITION_XYZ,2019-09-08T13:19:10.195000+00:00,2019-09-08T13:20:31.779000+00:00,7.295,PIT_LAP_OVERLAP_RECORDED_BUT_TIME_OF_DAY_ONLY,RC_RECORD_ON_DECISION_OR_ENDPOINT_LAP,"FastF1 car_data and pos_data present for selected race; pos_data contains XYZ/status, not classified running order or pass timestamp",event_review_37.csv + candidate source,https://raw.githubusercontent.com/TracingInsights/2019/38741496a2d3736954069c3301e33737ffb3d777/Italian%20Grand%20Prix/Race/RIC/laptimes.json|https://raw.githubusercontent.com/TracingInsights/2019/38741496a2d3736954069c3301e33737ffb3d777/Italian%20Grand%20Prix/Race/VET/laptimes.json,291db4401ef4e5a9c4fd406543f2a6c4eb1b573a6a43cc94e23af704c28dee29|e0390dc4520b6748509b4cdbca8968f3ef6ff1296b78478f50f00a25d19ef9c9,FIXED_PAIR_CLASSIFIED_ORDER_REVERSED_AT_NEXT_LAP_BOUNDARY,FALSE,AUTOMATED_REVIEW_UNREVIEWED
7dd2b974a94c0da1e36b,2019:Italian Grand Prix:Race,train,development_train,RUS,KUB,9,10,2716.732,2804.877,88.145,2019-09-08T13:25:18.059000000,2019-09-08T13:26:46.204000000,,2019:Italian Grand Prix:Race|RUS|KUB|9|10,BOUNDARY_PROXY_KEY,OUTSIDE_INHERITED_CANDIDATE_UNIVERSE,OUTSIDE_CANDIDATE_UNIVERSE,AUTOMATED_PROXY_LINK_UNREVIEWED,RUS:17;KUB:16,RUS:16;KUB:18,NOT_AVAILABLE_FROM_BOUNDARY_LAPTIMES,2019-09-08T13:25:18.059000000,2019-09-08T13:26:46.204000000,BOUNDARY_INTERVAL_ONLY_NOT_EXACT_PASS_TIME,NOT_IN_INHERITED_CANDIDATE_REVIEW,NOT_IN_INHERITED_CANDIDATE_REVIEW,BOUNDARY_TELEMETRY_DOES_NOT_ESTABLISH_PASS,prediction_windows_37.csv.gz + laptime_source_inventory_37.csv,,,FIXED_PAIR_CLASSIFIED_ORDER_REVERSED_AT_NEXT_LAP_BOUNDARY,FALSE,AUTOMATED_PROXY_LINK_UNREVIEWED
ee6822f5dca77f87ff7d,2019:Italian Grand Prix:Race,train,development_train,RUS,VET,40,41,5457.792,5539.479,81.687,2019-09-08T14:10:59.119000000,2019-09-08T14:12:20.806000000,38b285a0eb39395aaef9365b,2019:Italian Grand Prix:Race|RUS|VET|40|41,INHERITED_CANDIDATE_ID,MATCHED_TO_INHERITED_CANDIDATE,OTHER_POSITION_CHANGE,AUTOMATED_REVIEW_UNREVIEWED,RUS:14;VET:13,RUS:13;VET:14,NOT_AVAILABLE_FROM_FASTF1_POSITION_XYZ,2019-09-08T14:10:59.119000+00:00,2019-09-08T14:12:20.806000+00:00,7.303,PIT_LAP_OVERLAP_RECORDED_BUT_TIME_OF_DAY_ONLY,RC_RECORD_ON_DECISION_OR_ENDPOINT_LAP,"FastF1 car_data and pos_data present for selected race; pos_data contains XYZ/status, not classified running order or pass timestamp",event_review_37.csv + candidate source,https://raw.githubusercontent.com/TracingInsights/2019/38741496a2d3736954069c3301e33737ffb3d777/Italian%20Grand%20Prix/Race/RUS/laptimes.json|https://raw.githubusercontent.com/TracingInsights/2019/38741496a2d3736954069c3301e33737ffb3d777/Italian%20Grand%20Prix/Race/VET/laptimes.json,e0390dc4520b6748509b4cdbca8968f3ef6ff1296b78478f50f00a25d19ef9c9|f9703e9da75e6db48b8db43e13657097950cd77dc791d43e7194b2954e74d9eb,FIXED_PAIR_CLASSIFIED_ORDER_REVERSED_AT_NEXT_LAP_BOUNDARY,FALSE,AUTOMATED_REVIEW_UNREVIEWED
8ead80b575f5206588ec,2019:Italian Grand Prix:Race,train,development_train,SAI,STR,5,6,2352.423,2436.565,84.142,2019-09-08T13:19:13.750000000,2019-09-08T13:20:37.892000000,2efa3f9c35cf7649bce893cb,2019:Italian Grand Prix:Race|SAI|STR|5|6,INHERITED_CANDIDATE_ID,MATCHED_TO_INHERITED_CANDIDATE,UNRESOLVED,AUTOMATED_REVIEW_UNREVIEWED,SAI:8;STR:7,SAI:6;STR:12,NOT_AVAILABLE_FROM_FASTF1_POSITION_XYZ,2019-09-08T13:19:13.750000+00:00,2019-09-08T13:20:37.892000+00:00,3.494,NO_RELEVANT_PIT_ROW_FOUND_IN_CONTEXT,RC_RECORD_ON_DECISION_OR_ENDPOINT_LAP,"FastF1 car_data and pos_data present for selected race; pos_data contains XYZ/status, not classified running order or pass timestamp",event_review_37.csv + candidate source,https://raw.githubusercontent.com/TracingInsights/2019/38741496a2d3736954069c3301e33737ffb3d777/Italian%20Grand%20Prix/Race/SAI/laptimes.json|https://raw.githubusercontent.com/TracingInsights/2019/38741496a2d3736954069c3301e33737ffb3d777/Italian%20Grand%20Prix/Race/STR/laptimes.json,3ca7404d304053cc1b865e1006f2f86914b070eebcba32fc199ac0b367fe020f|a15e185417f82f06e928da35ed396f62ea17996927306053b11d79c75bc4fbcd,FIXED_PAIR_CLASSIFIED_ORDER_REVERSED_AT_NEXT_LAP_BOUNDARY,FALSE,AUTOMATED_REVIEW_UNREVIEWED
f965f8140ddea2a9d7c2,2019:Italian Grand Prix:Race,train,development_train,VER,RAI,14,15,3149.592,3235.196,85.604,2019-09-08T13:32:30.919000000,2019-09-08T13:33:56.523000000,,2019:Italian Grand Prix:Race|VER|RAI|14|15,BOUNDARY_PROXY_KEY,OUTSIDE_INHERITED_CANDIDATE_UNIVERSE,OUTSIDE_CANDIDATE_UNIVERSE,AUTOMATED_PROXY_LINK_UNREVIEWED,VER:16;RAI:15,VER:15;RAI:16,NOT_AVAILABLE_FROM_BOUNDARY_LAPTIMES,2019-09-08T13:32:30.919000000,2019-09-08T13:33:56.523000000,BOUNDARY_INTERVAL_ONLY_NOT_EXACT_PASS_TIME,NOT_IN_INHERITED_CANDIDATE_REVIEW,NOT_IN_INHERITED_CANDIDATE_REVIEW,BOUNDARY_TELEMETRY_DOES_NOT_ESTABLISH_PASS,prediction_windows_37.csv.gz + laptime_source_inventory_37.csv,,,FIXED_PAIR_CLASSIFIED_ORDER_REVERSED_AT_NEXT_LAP_BOUNDARY,FALSE,AUTOMATED_PROXY_LINK_UNREVIEWED
03aec36776354e3a837b,2019:Italian Grand Prix:Race,train,development_train,VER,GAS,17,18,3405.379,3489.822,84.443,2019-09-08T13:36:46.706000000,2019-09-08T13:38:11.149000000,,2019:Italian Grand Prix:Race|VER|GAS|17|18,BOUNDARY_PROXY_KEY,OUTSIDE_INHERITED_CANDIDATE_UNIVERSE,OUTSIDE_CANDIDATE_UNIVERSE,AUTOMATED_PROXY_LINK_UNREVIEWED,VER:14;GAS:13,VER:13;GAS:14,NOT_AVAILABLE_FROM_BOUNDARY_LAPTIMES,2019-09-08T13:36:46.706000000,2019-09-08T13:38:11.149000000,BOUNDARY_INTERVAL_ONLY_NOT_EXACT_PASS_TIME,NOT_IN_INHERITED_CANDIDATE_REVIEW,NOT_IN_INHERITED_CANDIDATE_REVIEW,BOUNDARY_TELEMETRY_DOES_NOT_ESTABLISH_PASS,prediction_windows_37.csv.gz + laptime_source_inventory_37.csv,,,FIXED_PAIR_CLASSIFIED_ORDER_REVERSED_AT_NEXT_LAP_BOUNDARY,FALSE,AUTOMATED_PROXY_LINK_UNREVIEWED
2d486661afbaa4c11bc4,2019:Italian Grand Prix:Race,train,development_train,VER,NOR,21,22,3747.053,3833.037,85.984,2019-09-08T13:42:28.380000000,2019-09-08T13:43:54.364000000,,2019:Italian Grand Prix:Race|VER|NOR|21|22,BOUNDARY_PROXY_KEY,OUTSIDE_INHERITED_CANDIDATE_UNIVERSE,OUTSIDE_CANDIDATE_UNIVERSE,AUTOMATED_PROXY_LINK_UNREVIEWED,VER:12;NOR:11,VER:10;NOR:11,NOT_AVAILABLE_FROM_BOUNDARY_LAPTIMES,2019-09-08T13:42:28.380000000,2019-09-08T13:43:54.364000000,BOUNDARY_INTERVAL_ONLY_NOT_EXACT_PASS_TIME,NOT_IN_INHERITED_CANDIDATE_REVIEW,NOT_IN_INHERITED_CANDIDATE_REVIEW,BOUNDARY_TELEMETRY_DOES_NOT_ESTABLISH_PASS,prediction_windows_37.csv.gz + laptime_source_inventory_37.csv,,,FIXED_PAIR_CLASSIFIED_ORDER_REVERSED_AT_NEXT_LAP_BOUNDARY,FALSE,AUTOMATED_PROXY_LINK_UNREVIEWED
b258ac72c5725becd58e,2019:Italian Grand Prix:Race,train,development_train,VER,GIO,40,41,5425.617,5509.269,83.652,2019-09-08T14:10:26.944000000,2019-09-08T14:11:50.596000000,,2019:Italian Grand Prix:Race|VER|GIO|40|41,BOUNDARY_PROXY_KEY,OUTSIDE_INHERITED_CANDIDATE_UNIVERSE,OUTSIDE_CANDIDATE_UNIVERSE,AUTOMATED_PROXY_LINK_UNREVIEWED,VER:9;GIO:8,VER:8;GIO:9,NOT_AVAILABLE_FROM_BOUNDARY_LAPTIMES,2019-09-08T14:10:26.944000000,2019-09-08T14:11:50.596000000,BOUNDARY_INTERVAL_ONLY_NOT_EXACT_PASS_TIME,NOT_IN_INHERITED_CANDIDATE_REVIEW,NOT_IN_INHERITED_CANDIDATE_REVIEW,BOUNDARY_TELEMETRY_DOES_NOT_ESTABLISH_PASS,prediction_windows_37.csv.gz + laptime_source_inventory_37.csv,,,FIXED_PAIR_CLASSIFIED_ORDER_REVERSED_AT_NEXT_LAP_BOUNDARY,FALSE,AUTOMATED_PROXY_LINK_UNREVIEWED
27a2877237028a96439f,2020:70th Anniversary Grand Prix:Race,train,development_validation,ALB,NOR,28,29,4534.559,4625.612,91.053,2020-08-09T13:55:34.605000000,2020-08-09T13:57:05.658000000,4427d2cefcf4bfd3f988d109,2020:70th Anniversary Grand Prix:Race|ALB|NOR|28|29,INHERITED_CANDIDATE_ID,MATCHED_TO_INHERITED_CANDIDATE,OTHER_POSITION_CHANGE,AUTOMATED_REVIEW_UNREVIEWED,ALB:8;NOR:7,ALB:7;NOR:8,NOT_AVAILABLE_FROM_FASTF1_POSITION_XYZ,2020-08-09T13:55:34.605000+00:00,2020-08-09T13:57:05.658000+00:00,1.516,PIT_LAP_OVERLAP_RECORDED_BUT_TIME_OF_DAY_ONLY,NO_RC_RECORD_ON_DECISION_OR_ENDPOINT_LAP,"FastF1 car_data and pos_data present for selected race; pos_data contains XYZ/status, not classified running order or pass timestamp",event_review_37.csv + candidate source,https://raw.githubusercontent.com/TracingInsights/2020/264ae1db8f1381540fb839c89f7b249ae2d8957d/70th%20Anniversary%20Grand%20Prix/Race/ALB/laptimes.json|https://raw.githubusercontent.com/TracingInsights/2020/264ae1db8f1381540fb839c89f7b249ae2d8957d/70th%20Anniversary%20Grand%20Prix/Race/NOR/laptimes.json,1793758065beeadd5031efd3b3bb7b8d9e75c6b2476eb30e1df0457026e50d24|92c22603b015431d4f1c0d24c01623e15d47b70f749e7adf7417b8ac3dc11337,FIXED_PAIR_CLASSIFIED_ORDER_REVERSED_AT_NEXT_LAP_BOUNDARY,FALSE,AUTOMATED_REVIEW_UNREVIEWED
67aa91d8de3d872d7ad8,2020:70th Anniversary Grand Prix:Race,train,development_validation,ALB,STR,49,50,6455.424,6544.944,89.52,2020-08-09T14:27:35.470000000,2020-08-09T14:29:04.990000000,f5fa07dbae7af9a7cd8f0863,2020:70th Anniversary Grand Prix:Race|ALB|STR|49|50,INHERITED_CANDIDATE_ID,MATCHED_TO_INHERITED_CANDIDATE,UNRESOLVED,AUTOMATED_REVIEW_UNREVIEWED,ALB:6;STR:5,ALB:5;STR:6,NOT_AVAILABLE_FROM_FASTF1_POSITION_XYZ,2020-08-09T14:27:35.470000+00:00,2020-08-09T14:29:04.990000+00:00,2.309,NO_RELEVANT_PIT_ROW_FOUND_IN_CONTEXT,RC_RECORD_ON_DECISION_OR_ENDPOINT_LAP,"FastF1 car_data and pos_data present for selected race; pos_data contains XYZ/status, not classified running order or pass timestamp",event_review_37.csv + candidate source,https://raw.githubusercontent.com/TracingInsights/2020/264ae1db8f1381540fb839c89f7b249ae2d8957d/70th%20Anniversary%20Grand%20Prix/Race/ALB/laptimes.json|https://raw.githubusercontent.com/TracingInsights/2020/264ae1db8f1381540fb839c89f7b249ae2d8957d/70th%20Anniversary%20Grand%20Prix/Race/STR/laptimes.json,92c22603b015431d4f1c0d24c01623e15d47b70f749e7adf7417b8ac3dc11337|cdbfceb2d78610695206cd4abbde16b0a4933ad25946c6f9ee4a48ba8d85144c,FIXED_PAIR_CLASSIFIED_ORDER_REVERSED_AT_NEXT_LAP_BOUNDARY,FALSE,AUTOMATED_REVIEW_UNREVIEWED
1e73b8510c0b261c101b,2020:70th Anniversary Grand Prix:Race,train,development_validation,GAS,RAI,9,10,2768.835,2861.428,92.593,2020-08-09T13:26:08.881000000,2020-08-09T13:27:41.474000000,445065a4f810aca0099f671f,2020:70th Anniversary Grand Prix:Race|GAS|RAI|9|10,INHERITED_CANDIDATE_ID,MATCHED_TO_INHERITED_CANDIDATE,UNRESOLVED,AUTOMATED_REVIEW_UNREVIEWED,GAS:17;RAI:16,GAS:14;RAI:15,NOT_AVAILABLE_FROM_FASTF1_POSITION_XYZ,2020-08-09T13:26:08.881000+00:00,2020-08-09T13:27:41.474000+00:00,2.811,NO_RELEVANT_PIT_ROW_FOUND_IN_CONTEXT,NO_RC_RECORD_ON_DECISION_OR_ENDPOINT_LAP,"FastF1 car_data and pos_data present for selected race; pos_data contains XYZ/status, not classified running order or pass timestamp",event_review_37.csv + candidate source,https://raw.githubusercontent.com/TracingInsights/2020/264ae1db8f1381540fb839c89f7b249ae2d8957d/70th%20Anniversary%20Grand%20Prix/Race/GAS/laptimes.json|https://raw.githubusercontent.com/TracingInsights/2020/264ae1db8f1381540fb839c89f7b249ae2d8957d/70th%20Anniversary%20Grand%20Prix/Race/RAI/laptimes.json,9ae9ebd18b9c1de49490500398ec66eb0169a049d117762905cdc5841322b8d7|fee874e340f1fbb9f11e64bacc33e71b950731a2d9b95b28f05384e0991e396d,FIXED_PAIR_CLASSIFIED_ORDER_REVERSED_AT_NEXT_LAP_BOUNDARY,FALSE,AUTOMATED_REVIEW_UNREVIEWED
974dd9a037c5c12f3cc7,2020:70th Anniversary Grand Prix:Race,train,development_validation,GAS,GRO,28,29,4564.174,4655.08,90.906,2020-08-09T13:56:04.220000000,2020-08-09T13:57:35.126000000,e1554cfba70f3733c7ac4b1c,2020:70th Anniversary Grand Prix:Race|GAS|GRO|28|29,INHERITED_CANDIDATE_ID,MATCHED_TO_INHERITED_CANDIDATE,UNRESOLVED,AUTOMATED_REVIEW_UNREVIEWED,GAS:16;GRO:15,GAS:15;GRO:16,NOT_AVAILABLE_FROM_FASTF1_POSITION_XYZ,2020-08-09T13:56:04.220000+00:00,2020-08-09T13:57:35.126000+00:00,3.412,NO_RELEVANT_PIT_ROW_FOUND_IN_CONTEXT,NO_RC_RECORD_ON_DECISION_OR_ENDPOINT_LAP,"FastF1 car_data and pos_data present for selected race; pos_data contains XYZ/status, not classified running order or pass timestamp",event_review_37.csv + candidate source,https://raw.githubusercontent.com/TracingInsights/2020/264ae1db8f1381540fb839c89f7b249ae2d8957d/70th%20Anniversary%20Grand%20Prix/Race/GAS/laptimes.json|https://raw.githubusercontent.com/TracingInsights/2020/264ae1db8f1381540fb839c89f7b249ae2d8957d/70th%20Anniversary%20Grand%20Prix/Race/GRO/laptimes.json,9ae9ebd18b9c1de49490500398ec66eb0169a049d117762905cdc5841322b8d7|b20ebbc16474271617ec8d653693aa060bfc193c6d84af994a8bf05b9dd91e2a,FIXED_PAIR_CLASSIFIED_ORDER_REVERSED_AT_NEXT_LAP_BOUNDARY,FALSE,AUTOMATED_REVIEW_UNREVIEWED
4d15a73af92472d48562,2020:70th Anniversary Grand Prix:Race,train,development_validation,GAS,GIO,29,30,4656.41,4747.633,91.223,2020-08-09T13:57:36.456000000,2020-08-09T13:59:07.679000000,784446130269a4ae7d20466d,2020:70th Anniversary Grand Prix:Race|GAS|GIO|29|30,INHERITED_CANDIDATE_ID,MATCHED_TO_INHERITED_CANDIDATE,UNRESOLVED,AUTOMATED_REVIEW_UNREVIEWED,GAS:15;GIO:14,GAS:14;GIO:15,NOT_AVAILABLE_FROM_FASTF1_POSITION_XYZ,2020-08-09T13:57:36.456000+00:00,2020-08-09T13:59:07.679000+00:00,3.006,NO_RELEVANT_PIT_ROW_FOUND_IN_CONTEXT,RC_RECORD_ON_DECISION_OR_ENDPOINT_LAP,"FastF1 car_data and pos_data present for selected race; pos_data contains XYZ/status, not classified running order or pass timestamp",event_review_37.csv + candidate source,https://raw.githubusercontent.com/TracingInsights/2020/264ae1db8f1381540fb839c89f7b249ae2d8957d/70th%20Anniversary%20Grand%20Prix/Race/GAS/laptimes.json|https://raw.githubusercontent.com/TracingInsights/2020/264ae1db8f1381540fb839c89f7b249ae2d8957d/70th%20Anniversary%20Grand%20Prix/Race/GIO/laptimes.json,58a89a3da23a62a0dc486ebe5d5677963b783d611683a227461b8934437885e7|9ae9ebd18b9c1de49490500398ec66eb0169a049d117762905cdc5841322b8d7,FIXED_PAIR_CLASSIFIED_ORDER_REVERSED_AT_NEXT_LAP_BOUNDARY,FALSE,AUTOMATED_REVIEW_UNREVIEWED
6fb69b7187a46084a4e3,2020:70th Anniversary Grand Prix:Race,train,development_validation,HAM,BOT,49,50,6427.886,6517.433,89.547,2020-08-09T14:27:07.932000000,2020-08-09T14:28:37.479000000,,2020:70th Anniversary Grand Prix:Race|HAM|BOT|49|50,BOUNDARY_PROXY_KEY,OUTSIDE_INHERITED_CANDIDATE_UNIVERSE,OUTSIDE_CANDIDATE_UNIVERSE,AUTOMATED_PROXY_LINK_UNREVIEWED,HAM:3;BOT:2,HAM:2;BOT:3,NOT_AVAILABLE_FROM_BOUNDARY_LAPTIMES,2020-08-09T14:27:07.932000000,2020-08-09T14:28:37.479000000,BOUNDARY_INTERVAL_ONLY_NOT_EXACT_PASS_TIME,NOT_IN_INHERITED_CANDIDATE_REVIEW,NOT_IN_INHERITED_CANDIDATE_REVIEW,BOUNDARY_TELEMETRY_DOES_NOT_ESTABLISH_PASS,prediction_windows_37.csv.gz + laptime_source_inventory_37.csv,,,FIXED_PAIR_CLASSIFIED_ORDER_REVERSED_AT_NEXT_LAP_BOUNDARY,FALSE,AUTOMATED_PROXY_LINK_UNREVIEWED
eb158edee0aad6203aed,2020:70th Anniversary Grand Prix:Race,train,development_validation,LAT,RAI,8,9,2674.0,2767.275,93.275,2020-08-09T13:24:34.046000000,2020-08-09T13:26:07.321000000,946c49e5a137003c872b5a2c,2020:70th Anniversary Grand Prix:Race|LAT|RAI|8|9,INHERITED_CANDIDATE_ID,MATCHED_TO_INHERITED_CANDIDATE,OTHER_POSITION_CHANGE,AUTOMATED_REVIEW_UNREVIEWED,LAT:17;RAI:16,LAT:15;RAI:16,NOT_AVAILABLE_FROM_FASTF1_POSITION_XYZ,2020-08-09T13:24:34.046000+00:00,2020-08-09T13:26:07.321000+00:00,1.63,PIT_LAP_OVERLAP_RECORDED_BUT_TIME_OF_DAY_ONLY,NO_RC_RECORD_ON_DECISION_OR_ENDPOINT_LAP,"FastF1 car_data and pos_data present for selected race; pos_data contains XYZ/status, not classified running order or pass timestamp",event_review_37.csv + candidate source,https://raw.githubusercontent.com/TracingInsights/2020/264ae1db8f1381540fb839c89f7b249ae2d8957d/70th%20Anniversary%20Grand%20Prix/Race/LAT/laptimes.json|https://raw.githubusercontent.com/TracingInsights/2020/264ae1db8f1381540fb839c89f7b249ae2d8957d/70th%20Anniversary%20Grand%20Prix/Race/RAI/laptimes.json,7c5f3d99d990d2cdf04efc9f70dd399d0ad0a72d0d87bf86d4b7efc5b4a5be37|fee874e340f1fbb9f11e64bacc33e71b950731a2d9b95b28f05384e0991e396d,FIXED_PAIR_CLASSIFIED_ORDER_REVERSED_AT_NEXT_LAP_BOUNDARY,FALSE,AUTOMATED_REVIEW_UNREVIEWED
9e830e9a780cd663ba7c,2020:70th Anniversary Grand Prix:Race,train,development_validation,LAT,MAG,19,20,3719.693,3813.342,93.649,2020-08-09T13:41:59.739000000,2020-08-09T13:43:33.388000000,76ec3e696b02d477cc9e55ee,2020:70th Anniversary Grand Prix:Race|LAT|MAG|19|20,INHERITED_CANDIDATE_ID,MATCHED_TO_INHERITED_CANDIDATE,OTHER_POSITION_CHANGE,AUTOMATED_REVIEW_UNREVIEWED,LAT:19;MAG:18,LAT:18;MAG:20,NOT_AVAILABLE_FROM_FASTF1_POSITION_XYZ,2020-08-09T13:41:59.739000+00:00,2020-08-09T13:43:33.388000+00:00,1.033,PIT_LAP_OVERLAP_RECORDED_BUT_TIME_OF_DAY_ONLY,RC_RECORD_ON_DECISION_OR_ENDPOINT_LAP,"FastF1 car_data and pos_data present for selected race; pos_data contains XYZ/status, not classified running order or pass timestamp",event_review_37.csv + candidate source,https://raw.githubusercontent.com/TracingInsights/2020/264ae1db8f1381540fb839c89f7b249ae2d8957d/70th%20Anniversary%20Grand%20Prix/Race/LAT/laptimes.json|https://raw.githubusercontent.com/TracingInsights/2020/264ae1db8f1381540fb839c89f7b249ae2d8957d/70th%20Anniversary%20Grand%20Prix/Race/MAG/laptimes.json,7c5f3d99d990d2cdf04efc9f70dd399d0ad0a72d0d87bf86d4b7efc5b4a5be37|dc5dcb597ab299a41a1c1dae9e4e353c9e8d70db070484c16f94e6fcc27d408f,FIXED_PAIR_CLASSIFIED_ORDER_REVERSED_AT_NEXT_LAP_BOUNDARY,FALSE,AUTOMATED_REVIEW_UNREVIEWED
bded90a5a83633f94bf9,2020:70th Anniversary Grand Prix:Race,train,development_validation,LAT,GIO,25,26,4280.54,4372.77,92.23,2020-08-09T13:51:20.586000000,2020-08-09T13:52:52.816000000,,2020:70th Anniversary Grand Prix:Race|LAT|GIO|25|26,BOUNDARY_PROXY_KEY,OUTSIDE_INHERITED_CANDIDATE_UNIVERSE,OUTSIDE_CANDIDATE_UNIVERSE,AUTOMATED_PROXY_LINK_UNREVIEWED,LAT:16;GIO:15,LAT:15;GIO:16,NOT_AVAILABLE_FROM_BOUNDARY_LAPTIMES,2020-08-09T13:51:20.586000000,2020-08-09T13:52:52.816000000,BOUNDARY_INTERVAL_ONLY_NOT_EXACT_PASS_TIME,NOT_IN_INHERITED_CANDIDATE_REVIEW,NOT_IN_INHERITED_CANDIDATE_REVIEW,BOUNDARY_TELEMETRY_DOES_NOT_ESTABLISH_PASS,prediction_windows_37.csv.gz + laptime_source_inventory_37.csv,,,FIXED_PAIR_CLASSIFIED_ORDER_REVERSED_AT_NEXT_LAP_BOUNDARY,FALSE,AUTOMATED_PROXY_LINK_UNREVIEWED
8876d4e9040647bbfe38,2020:70th Anniversary Grand Prix:Race,train,development_validation,LEC,NOR,19,20,3699.848,3793.036,93.188,2020-08-09T13:41:19.809000000,2020-08-09T13:43:13.082000000,9fbff0a153e752884c97dd5f,2020:70th Anniversary Grand Prix:Race|LEC|NOR|19|20,INHERITED_CANDIDATE_ID,MATCHED_TO_INHERITED_CANDIDATE,UNRESOLVED,AUTOMATED_REVIEW_UNREVIEWED,LEC:12;NOR:11,LEC:10;NOR:11,NOT_AVAILABLE_FROM_FASTF1_POSITION_XYZ,2020-08-09T13:41:39.894000+00:00,2020-08-09T13:43:13.082000+00:00,20.681,NO_RELEVANT_PIT_ROW_FOUND_IN_CONTEXT,RC_RECORD_ON_DECISION_OR_ENDPOINT_LAP,"FastF1 car_data and pos_data present for selected race; pos_data contains XYZ/status, not classified running order or pass timestamp",event_review_37.csv + candidate source,https://raw.githubusercontent.com/TracingInsights/2020/264ae1db8f1381540fb839c89f7b249ae2d8957d/70th%20Anniversary%20Grand%20Prix/Race/LEC/laptimes.json|https://raw.githubusercontent.com/TracingInsights/2020/264ae1db8f1381540fb839c89f7b249ae2d8957d/70th%20Anniversary%20Grand%20Prix/Race/NOR/laptimes.json,1793758065beeadd5031efd3b3bb7b8d9e75c6b2476eb30e1df0457026e50d24|184211ecd8115240087b7fbc2badfba4914555cae82b4a4dad94434204c7df79,FIXED_PAIR_CLASSIFIED_ORDER_REVERSED_AT_NEXT_LAP_BOUNDARY,FALSE,AUTOMATED_REVIEW_UNREVIEWED
270ef9c707315fe87133,2020:70th Anniversary Grand Prix:Race,train,development_validation,VET,RAI,3,4,2198.321,2292.785,94.464,2020-08-09T13:16:38.367000000,2020-08-09T13:18:12.831000000,,2020:70th Anniversary Grand Prix:Race|VET|RAI|3|4,BOUNDARY_PROXY_KEY,OUTSIDE_INHERITED_CANDIDATE_UNIVERSE,OUTSIDE_CANDIDATE_UNIVERSE,AUTOMATED_PROXY_LINK_UNREVIEWED,VET:19;RAI:18,VET:18;RAI:19,NOT_AVAILABLE_FROM_BOUNDARY_LAPTIMES,2020-08-09T13:16:38.367000000,2020-08-09T13:18:12.831000000,BOUNDARY_INTERVAL_ONLY_NOT_EXACT_PASS_TIME,NOT_IN_INHERITED_CANDIDATE_REVIEW,NOT_IN_INHERITED_CANDIDATE_REVIEW,BOUNDARY_TELEMETRY_DOES_NOT_ESTABLISH_PASS,prediction_windows_37.csv.gz + laptime_source_inventory_37.csv,,,FIXED_PAIR_CLASSIFIED_ORDER_REVERSED_AT_NEXT_LAP_BOUNDARY,FALSE,AUTOMATED_PROXY_LINK_UNREVIEWED
10d9318b706a17942647,2020:70th Anniversary Grand Prix:Race,train,development_validation,VET,GRO,16,17,3420.015,3512.805,92.79,2020-08-09T13:37:00.061000000,2020-08-09T13:38:32.851000000,,2020:70th Anniversary Grand Prix:Race|VET|GRO|16|17,BOUNDARY_PROXY_KEY,OUTSIDE_INHERITED_CANDIDATE_UNIVERSE,OUTSIDE_CANDIDATE_UNIVERSE,AUTOMATED_PROXY_LINK_UNREVIEWED,VET:12;GRO:11,VET:11;GRO:12,NOT_AVAILABLE_FROM_BOUNDARY_LAPTIMES,2020-08-09T13:37:00.061000000,2020-08-09T13:38:32.851000000,BOUNDARY_INTERVAL_ONLY_NOT_EXACT_PASS_TIME,NOT_IN_INHERITED_CANDIDATE_REVIEW,NOT_IN_INHERITED_CANDIDATE_REVIEW,BOUNDARY_TELEMETRY_DOES_NOT_ESTABLISH_PASS,prediction_windows_37.csv.gz + laptime_source_inventory_37.csv,,,FIXED_PAIR_CLASSIFIED_ORDER_REVERSED_AT_NEXT_LAP_BOUNDARY,FALSE,AUTOMATED_PROXY_LINK_UNREVIEWED
c14fc21ffc0a21d5771b,2020:Bahrain Grand Prix:Race,train,development_test,ALB,LEC,21,22,9180.764,9276.181,95.417,2020-11-29T16:13:00.816000000,2020-11-29T16:14:36.233000000,372c90243ac37df50c1c2353,2020:Bahrain Grand Prix:Race|ALB|LEC|21|22,INHERITED_CANDIDATE_ID,MATCHED_TO_INHERITED_CANDIDATE,UNRESOLVED,AUTOMATED_REVIEW_UNREVIEWED,ALB:7;LEC:6,ALB:5;LEC:6,NOT_AVAILABLE_FROM_FASTF1_POSITION_XYZ,2020-11-29T16:13:00.816000+00:00,2020-11-29T16:14:36.233000+00:00,2.646,NO_RELEVANT_PIT_ROW_FOUND_IN_CONTEXT,NO_RC_RECORD_ON_DECISION_OR_ENDPOINT_LAP,"FastF1 car_data and pos_data present for selected race; pos_data contains XYZ/status, not classified running order or pass timestamp",event_review_37.csv + candidate source,https://raw.githubusercontent.com/TracingInsights/2020/264ae1db8f1381540fb839c89f7b249ae2d8957d/Bahrain%20Grand%20Prix/Race/ALB/laptimes.json|https://raw.githubusercontent.com/TracingInsights/2020/264ae1db8f1381540fb839c89f7b249ae2d8957d/Bahrain%20Grand%20Prix/Race/LEC/laptimes.json,40f1bf6df81fd21681feaf645e5aa3fa7c1cde359f012f770f180d41012c65fe|7881cd7329a3c2a0e039aaabfa418984be0acfc655d48e7fbd3a5f339060cc92,FIXED_PAIR_CLASSIFIED_ORDER_REVERSED_AT_NEXT_LAP_BOUNDARY,FALSE,AUTOMATED_REVIEW_UNREVIEWED
3e072a6e6f29a666b52e,2020:Bahrain Grand Prix:Race,train,development_test,ALB,GAS,23,24,9371.049,9466.235,95.186,2020-11-29T16:16:11.101000000,2020-11-29T16:17:46.287000000,15a95745e9876cd733d79ec0,2020:Bahrain Grand Prix:Race|ALB|GAS|23|24,INHERITED_CANDIDATE_ID,MATCHED_TO_INHERITED_CANDIDATE,UNRESOLVED,AUTOMATED_REVIEW_UNREVIEWED,ALB:5;GAS:4,ALB:4;GAS:5,NOT_AVAILABLE_FROM_FASTF1_POSITION_XYZ,2020-11-29T16:16:11.101000+00:00,2020-11-29T16:17:46.287000+00:00,3.347,NO_RELEVANT_PIT_ROW_FOUND_IN_CONTEXT,NO_RC_RECORD_ON_DECISION_OR_ENDPOINT_LAP,"FastF1 car_data and pos_data present for selected race; pos_data contains XYZ/status, not classified running order or pass timestamp",event_review_37.csv + candidate source,https://raw.githubusercontent.com/TracingInsights/2020/264ae1db8f1381540fb839c89f7b249ae2d8957d/Bahrain%20Grand%20Prix/Race/ALB/laptimes.json|https://raw.githubusercontent.com/TracingInsights/2020/264ae1db8f1381540fb839c89f7b249ae2d8957d/Bahrain%20Grand%20Prix/Race/GAS/laptimes.json,04cfb6d4579868155f3c10000ede2d703dbf0953f583cc0efbbf3efaf28ba103|7881cd7329a3c2a0e039aaabfa418984be0acfc655d48e7fbd3a5f339060cc92,FIXED_PAIR_CLASSIFIED_ORDER_REVERSED_AT_NEXT_LAP_BOUNDARY,FALSE,AUTOMATED_REVIEW_UNREVIEWED
2360b2de36ca49ca3d7f,2020:Bahrain Grand Prix:Race,train,development_test,ALB,SAI,38,39,10816.376,10909.741,93.365,2020-11-29T16:40:16.428000000,2020-11-29T16:41:49.793000000,8bc64142223c89bc296842a3,2020:Bahrain Grand Prix:Race|ALB|SAI|38|39,INHERITED_CANDIDATE_ID,MATCHED_TO_INHERITED_CANDIDATE,OTHER_POSITION_CHANGE,AUTOMATED_REVIEW_UNREVIEWED,ALB:6;SAI:5,ALB:4;SAI:5,NOT_AVAILABLE_FROM_FASTF1_POSITION_XYZ,2020-11-29T16:40:16.428000+00:00,2020-11-29T16:41:49.793000+00:00,3.676,PIT_LAP_OVERLAP_RECORDED_BUT_TIME_OF_DAY_ONLY,RC_RECORD_ON_DECISION_OR_ENDPOINT_LAP,"FastF1 car_data and pos_data present for selected race; pos_data contains XYZ/status, not classified running order or pass timestamp",event_review_37.csv + candidate source,https://raw.githubusercontent.com/TracingInsights/2020/264ae1db8f1381540fb839c89f7b249ae2d8957d/Bahrain%20Grand%20Prix/Race/ALB/laptimes.json|https://raw.githubusercontent.com/TracingInsights/2020/264ae1db8f1381540fb839c89f7b249ae2d8957d/Bahrain%20Grand%20Prix/Race/SAI/laptimes.json,1765fdef87fc938fe6c76c6a4f43924a8a8c99b060248bc1fd008545e8215918|7881cd7329a3c2a0e039aaabfa418984be0acfc655d48e7fbd3a5f339060cc92,FIXED_PAIR_CLASSIFIED_ORDER_REVERSED_AT_NEXT_LAP_BOUNDARY,FALSE,AUTOMATED_REVIEW_UNREVIEWED
38ae084d69b0d37987b8,2020:Bahrain Grand Prix:Race,train,development_test,BOT,VET,11,12,8209.457,8307.258,97.801,2020-11-29T15:56:49.509000000,2020-11-29T15:58:27.310000000,ebe319e832f06cf190184c39,2020:Bahrain Grand Prix:Race|BOT|VET|11|12,INHERITED_CANDIDATE_ID,MATCHED_TO_INHERITED_CANDIDATE,UNRESOLVED,AUTOMATED_REVIEW_UNREVIEWED,BOT:16;VET:15,BOT:15;VET:18,NOT_AVAILABLE_FROM_FASTF1_POSITION_XYZ,2020-11-29T15:56:49.509000+00:00,2020-11-29T15:58:27.310000+00:00,0.527,NO_RELEVANT_PIT_ROW_FOUND_IN_CONTEXT,NO_RC_RECORD_ON_DECISION_OR_ENDPOINT_LAP,"FastF1 car_data and pos_data present for selected race; pos_data contains XYZ/status, not classified running order or pass timestamp",event_review_37.csv + candidate source,https://raw.githubusercontent.com/TracingInsights/2020/264ae1db8f1381540fb839c89f7b249ae2d8957d/Bahrain%20Grand%20Prix/Race/BOT/laptimes.json|https://raw.githubusercontent.com/TracingInsights/2020/264ae1db8f1381540fb839c89f7b249ae2d8957d/Bahrain%20Grand%20Prix/Race/VET/laptimes.json,13314ce2bf3088d425b6690861079cfa0947c63e8f30342ab6a3e1df7bc45b4f|564d84ae53dde312b78e6c8023236a09b520aadaeb0aad5cdb2886fd1c4ad622,FIXED_PAIR_CLASSIFIED_ORDER_REVERSED_AT_NEXT_LAP_BOUNDARY,FALSE,AUTOMATED_REVIEW_UNREVIEWED
0e6933b7df0be5e73d71,2020:Bahrain Grand Prix:Race,train,development_test,BOT,RAI,16,17,8697.942,8795.468,97.526,2020-11-29T16:04:57.994000000,2020-11-29T16:06:35.520000000,be27b3c48072ed585c00f01c,2020:Bahrain Grand Prix:Race|BOT|RAI|16|17,INHERITED_CANDIDATE_ID,MATCHED_TO_INHERITED_CANDIDATE,OTHER_POSITION_CHANGE,AUTOMATED_REVIEW_UNREVIEWED,BOT:14;RAI:13,BOT:12;RAI:13,NOT_AVAILABLE_FROM_FASTF1_POSITION_XYZ,2020-11-29T16:04:57.994000+00:00,2020-11-29T16:06:35.520000+00:00,0.892,PIT_LAP_OVERLAP_RECORDED_BUT_TIME_OF_DAY_ONLY,NO_RC_RECORD_ON_DECISION_OR_ENDPOINT_LAP,"FastF1 car_data and pos_data present for selected race; pos_data contains XYZ/status, not classified running order or pass timestamp",event_review_37.csv + candidate source,https://raw.githubusercontent.com/TracingInsights/2020/264ae1db8f1381540fb839c89f7b249ae2d8957d/Bahrain%20Grand%20Prix/Race/BOT/laptimes.json|https://raw.githubusercontent.com/TracingInsights/2020/264ae1db8f1381540fb839c89f7b249ae2d8957d/Bahrain%20Grand%20Prix/Race/RAI/laptimes.json,13314ce2bf3088d425b6690861079cfa0947c63e8f30342ab6a3e1df7bc45b4f|ed267c3b8cb5d9f89c1c38f0f5188add3301fd11ed50d44187f77d02aeef59ff,FIXED_PAIR_CLASSIFIED_ORDER_REVERSED_AT_NEXT_LAP_BOUNDARY,FALSE,AUTOMATED_REVIEW_UNREVIEWED
a34f9371132aaf7b0396,2020:Bahrain Grand Prix:Race,train,development_test,BOT,RUS,19,20,8990.862,9088.103,97.241,2020-11-29T16:09:50.914000000,2020-11-29T16:11:28.155000000,0f2c2423a5735687cb168e6c,2020:Bahrain Grand Prix:Race|BOT|RUS|19|20,INHERITED_CANDIDATE_ID,MATCHED_TO_INHERITED_CANDIDATE,OTHER_POSITION_CHANGE,AUTOMATED_REVIEW_UNREVIEWED,BOT:9;RUS:8,BOT:8;RUS:9,NOT_AVAILABLE_FROM_FASTF1_POSITION_XYZ,2020-11-29T16:09:50.914000+00:00,2020-11-29T16:11:28.155000+00:00,1.612,PIT_LAP_OVERLAP_RECORDED_BUT_TIME_OF_DAY_ONLY,NO_RC_RECORD_ON_DECISION_OR_ENDPOINT_LAP,"FastF1 car_data and pos_data present for selected race; pos_data contains XYZ/status, not classified running order or pass timestamp",event_review_37.csv + candidate source,https://raw.githubusercontent.com/TracingInsights/2020/264ae1db8f1381540fb839c89f7b249ae2d8957d/Bahrain%20Grand%20Prix/Race/BOT/laptimes.json|https://raw.githubusercontent.com/TracingInsights/2020/264ae1db8f1381540fb839c89f7b249ae2d8957d/Bahrain%20Grand%20Prix/Race/RUS/laptimes.json,13314ce2bf3088d425b6690861079cfa0947c63e8f30342ab6a3e1df7bc45b4f|c193d49ef4aef5745d64ef452256fc6057fd2a80029e5cba92c5bc4a8faed67b,FIXED_PAIR_CLASSIFIED_ORDER_REVERSED_AT_NEXT_LAP_BOUNDARY,FALSE,AUTOMATED_REVIEW_UNREVIEWED
beac40782cb46cbbab51,2020:Bahrain Grand Prix:Race,train,development_test,BOT,LEC,22,23,9282.554,9374.74,92.186,2020-11-29T16:14:42.606000000,2020-11-29T16:16:14.792000000,57eb66e1fcbbadbac0ddb30f,2020:Bahrain Grand Prix:Race|BOT|LEC|22|23,INHERITED_CANDIDATE_ID,MATCHED_TO_INHERITED_CANDIDATE,OTHER_POSITION_CHANGE,AUTOMATED_REVIEW_UNREVIEWED,BOT:7;LEC:6,BOT:6;LEC:7,NOT_AVAILABLE_FROM_FASTF1_POSITION_XYZ,2020-11-29T16:14:42.606000+00:00,2020-11-29T16:16:14.792000+00:00,10.319,PIT_LAP_OVERLAP_RECORDED_BUT_TIME_OF_DAY_ONLY,NO_RC_RECORD_ON_DECISION_OR_ENDPOINT_LAP,"FastF1 car_data and pos_data present for selected race; pos_data contains XYZ/status, not classified running order or pass timestamp",event_review_37.csv + candidate source,https://raw.githubusercontent.com/TracingInsights/2020/264ae1db8f1381540fb839c89f7b249ae2d8957d/Bahrain%20Grand%20Prix/Race/BOT/laptimes.json|https://raw.githubusercontent.com/TracingInsights/2020/264ae1db8f1381540fb839c89f7b249ae2d8957d/Bahrain%20Grand%20Prix/Race/LEC/laptimes.json,13314ce2bf3088d425b6690861079cfa0947c63e8f30342ab6a3e1df7bc45b4f|40f1bf6df81fd21681feaf645e5aa3fa7c1cde359f012f770f180d41012c65fe,FIXED_PAIR_CLASSIFIED_ORDER_REVERSED_AT_NEXT_LAP_BOUNDARY,FALSE,AUTOMATED_REVIEW_UNREVIEWED
5b123dece34b9cb8d0e3,2020:Bahrain Grand Prix:Race,train,development_test,BOT,RUS,26,27,9691.14,9787.79,96.65,2020-11-29T16:21:11.708000000,2020-11-29T16:23:07.842000000,006656556ec7d77f8ecea898,2020:Bahrain Grand Prix:Race|BOT|RUS|26|27,INHERITED_CANDIDATE_ID,MATCHED_TO_INHERITED_CANDIDATE,UNRESOLVED,AUTOMATED_REVIEW_UNREVIEWED,BOT:13;RUS:12,BOT:11;RUS:12,NOT_AVAILABLE_FROM_FASTF1_POSITION_XYZ,2020-11-29T16:21:31.192000+00:00,2020-11-29T16:23:07.842000+00:00,19.955,NO_RELEVANT_PIT_ROW_FOUND_IN_CONTEXT,NO_RC_RECORD_ON_DECISION_OR_ENDPOINT_LAP,"FastF1 car_data and pos_data present for selected race; pos_data contains XYZ/status, not classified running order or pass timestamp",event_review_37.csv + candidate source,https://raw.githubusercontent.com/TracingInsights/2020/264ae1db8f1381540fb839c89f7b249ae2d8957d/Bahrain%20Grand%20Prix/Race/BOT/laptimes.json|https://raw.githubusercontent.com/TracingInsights/2020/264ae1db8f1381540fb839c89f7b249ae2d8957d/Bahrain%20Grand%20Prix/Race/RUS/laptimes.json,13314ce2bf3088d425b6690861079cfa0947c63e8f30342ab6a3e1df7bc45b4f|c193d49ef4aef5745d64ef452256fc6057fd2a80029e5cba92c5bc4a8faed67b,FIXED_PAIR_CLASSIFIED_ORDER_REVERSED_AT_NEXT_LAP_BOUNDARY,FALSE,AUTOMATED_REVIEW_UNREVIEWED
0d6b48f417766b305509,2020:Bahrain Grand Prix:Race,train,development_test,BOT,OCO,42,43,11228.13,11321.909,93.779,2020-11-29T16:47:08.182000000,2020-11-29T16:48:41.961000000,0cbd71565951b6f47c705fbc,2020:Bahrain Grand Prix:Race|BOT|OCO|42|43,INHERITED_CANDIDATE_ID,MATCHED_TO_INHERITED_CANDIDATE,UNRESOLVED,AUTOMATED_REVIEW_UNREVIEWED,BOT:10;OCO:9,BOT:9;OCO:10,NOT_AVAILABLE_FROM_FASTF1_POSITION_XYZ,2020-11-29T16:47:08.182000+00:00,2020-11-29T16:48:41.961000+00:00,1.507,NO_RELEVANT_PIT_ROW_FOUND_IN_CONTEXT,RC_RECORD_ON_DECISION_OR_ENDPOINT_LAP,"FastF1 car_data and pos_data present for selected race; pos_data contains XYZ/status, not classified running order or pass timestamp",event_review_37.csv + candidate source,https://raw.githubusercontent.com/TracingInsights/2020/264ae1db8f1381540fb839c89f7b249ae2d8957d/Bahrain%20Grand%20Prix/Race/BOT/laptimes.json|https://raw.githubusercontent.com/TracingInsights/2020/264ae1db8f1381540fb839c89f7b249ae2d8957d/Bahrain%20Grand%20Prix/Race/OCO/laptimes.json,13314ce2bf3088d425b6690861079cfa0947c63e8f30342ab6a3e1df7bc45b4f|739a0464b32832212ce06c250ddf18c5ead9bfbeca90ef94ba5d85bcc8bc9209,FIXED_PAIR_CLASSIFIED_ORDER_REVERSED_AT_NEXT_LAP_BOUNDARY,FALSE,AUTOMATED_REVIEW_UNREVIEWED
677e97ffce4d42c58539,2020:Bahrain Grand Prix:Race,train,development_test,GAS,LEC,12,13,8301.107,8399.041,97.934,2020-11-29T15:58:21.159000000,2020-11-29T15:59:59.093000000,a96d6a6e450eb95992b792a6,2020:Bahrain Grand Prix:Race|GAS|LEC|12|13,INHERITED_CANDIDATE_ID,MATCHED_TO_INHERITED_CANDIDATE,UNRESOLVED,AUTOMATED_REVIEW_UNREVIEWED,GAS:10;LEC:9,GAS:9;LEC:10,NOT_AVAILABLE_FROM_FASTF1_POSITION_XYZ,2020-11-29T15:58:21.159000+00:00,2020-11-29T15:59:59.093000+00:00,2.491,NO_RELEVANT_PIT_ROW_FOUND_IN_CONTEXT,RC_RECORD_ON_DECISION_OR_ENDPOINT_LAP,"FastF1 car_data and pos_data present for selected race; pos_data contains XYZ/status, not classified running order or pass timestamp",event_review_37.csv + candidate source,https://raw.githubusercontent.com/TracingInsights/2020/264ae1db8f1381540fb839c89f7b249ae2d8957d/Bahrain%20Grand%20Prix/Race/GAS/laptimes.json|https://raw.githubusercontent.com/TracingInsights/2020/264ae1db8f1381540fb839c89f7b249ae2d8957d/Bahrain%20Grand%20Prix/Race/LEC/laptimes.json,04cfb6d4579868155f3c10000ede2d703dbf0953f583cc0efbbf3efaf28ba103|40f1bf6df81fd21681feaf645e5aa3fa7c1cde359f012f770f180d41012c65fe,FIXED_PAIR_CLASSIFIED_ORDER_REVERSED_AT_NEXT_LAP_BOUNDARY,FALSE,AUTOMATED_REVIEW_UNREVIEWED
956a62b581718dc40204,2020:Bahrain Grand Prix:Race,train,development_test,GAS,RIC,15,16,8592.947,8688.216,95.269,2020-11-29T16:03:12.999000000,2020-11-29T16:04:48.268000000,5cbe56ac0665c73dcfccb307,2020:Bahrain Grand Prix:Race|GAS|RIC|15|16,INHERITED_CANDIDATE_ID,MATCHED_TO_INHERITED_CANDIDATE,OTHER_POSITION_CHANGE,AUTOMATED_REVIEW_UNREVIEWED,GAS:9;RIC:8,GAS:8;RIC:9,NOT_AVAILABLE_FROM_FASTF1_POSITION_XYZ,2020-11-29T16:03:12.999000+00:00,2020-11-29T16:04:48.268000+00:00,3.328,PIT_LAP_OVERLAP_RECORDED_BUT_TIME_OF_DAY_ONLY,NO_RC_RECORD_ON_DECISION_OR_ENDPOINT_LAP,"FastF1 car_data and pos_data present for selected race; pos_data contains XYZ/status, not classified running order or pass timestamp",event_review_37.csv + candidate source,https://raw.githubusercontent.com/TracingInsights/2020/264ae1db8f1381540fb839c89f7b249ae2d8957d/Bahrain%20Grand%20Prix/Race/GAS/laptimes.json|https://raw.githubusercontent.com/TracingInsights/2020/264ae1db8f1381540fb839c89f7b249ae2d8957d/Bahrain%20Grand%20Prix/Race/RIC/laptimes.json,0292b48f2d8280075546fe53d69a74b60052bddb05fc099081fba46967ba5585|04cfb6d4579868155f3c10000ede2d703dbf0953f583cc0efbbf3efaf28ba103,FIXED_PAIR_CLASSIFIED_ORDER_REVERSED_AT_NEXT_LAP_BOUNDARY,FALSE,AUTOMATED_REVIEW_UNREVIEWED
6bcc683bb0b896c3b36a,2020:Bahrain Grand Prix:Race,train,development_test,GAS,RIC,35,36,10541.19,10633.712,92.522,2020-11-29T16:35:41.242000000,2020-11-29T16:37:13.764000000,e58d8ca0f44c587afd15d1a0,2020:Bahrain Grand Prix:Race|GAS|RIC|35|36,INHERITED_CANDIDATE_ID,MATCHED_TO_INHERITED_CANDIDATE,OTHER_POSITION_CHANGE,AUTOMATED_REVIEW_UNREVIEWED,GAS:8;RIC:7,GAS:7;RIC:9,NOT_AVAILABLE_FROM_FASTF1_POSITION_XYZ,2020-11-29T16:35:41.242000+00:00,2020-11-29T16:37:13.764000+00:00,7.442,PIT_LAP_OVERLAP_RECORDED_BUT_TIME_OF_DAY_ONLY,NO_RC_RECORD_ON_DECISION_OR_ENDPOINT_LAP,"FastF1 car_data and pos_data present for selected race; pos_data contains XYZ/status, not classified running order or pass timestamp",event_review_37.csv + candidate source,https://raw.githubusercontent.com/TracingInsights/2020/264ae1db8f1381540fb839c89f7b249ae2d8957d/Bahrain%20Grand%20Prix/Race/GAS/laptimes.json|https://raw.githubusercontent.com/TracingInsights/2020/264ae1db8f1381540fb839c89f7b249ae2d8957d/Bahrain%20Grand%20Prix/Race/RIC/laptimes.json,0292b48f2d8280075546fe53d69a74b60052bddb05fc099081fba46967ba5585|04cfb6d4579868155f3c10000ede2d703dbf0953f583cc0efbbf3efaf28ba103,FIXED_PAIR_CLASSIFIED_ORDER_REVERSED_AT_NEXT_LAP_BOUNDARY,FALSE,AUTOMATED_REVIEW_UNREVIEWED
4004f25960e77206db38,2020:Bahrain Grand Prix:Race,train,development_test,GIO,RAI,27,28,9791.997,9888.426,96.429,2020-11-29T16:23:12.049000000,2020-11-29T16:24:48.478000000,b7eb7807a258bd39ea70402c,2020:Bahrain Grand Prix:Race|GIO|RAI|27|28,INHERITED_CANDIDATE_ID,MATCHED_TO_INHERITED_CANDIDATE,UNRESOLVED,AUTOMATED_REVIEW_UNREVIEWED,GIO:16;RAI:15,GIO:14;RAI:15,NOT_AVAILABLE_FROM_FASTF1_POSITION_XYZ,2020-11-29T16:23:12.049000+00:00,2020-11-29T16:24:48.478000+00:00,1.294,NO_RELEVANT_PIT_ROW_FOUND_IN_CONTEXT,NO_RC_RECORD_ON_DECISION_OR_ENDPOINT_LAP,"FastF1 car_data and pos_data present for selected race; pos_data contains XYZ/status, not classified running order or pass timestamp",event_review_37.csv + candidate source,https://raw.githubusercontent.com/TracingInsights/2020/264ae1db8f1381540fb839c89f7b249ae2d8957d/Bahrain%20Grand%20Prix/Race/GIO/laptimes.json|https://raw.githubusercontent.com/TracingInsights/2020/264ae1db8f1381540fb839c89f7b249ae2d8957d/Bahrain%20Grand%20Prix/Race/RAI/laptimes.json,226679313cbbb4e1bbdf54ce5b86ffc531b110804b1509234326c7e09585a633|ed267c3b8cb5d9f89c1c38f0f5188add3301fd11ed50d44187f77d02aeef59ff,FIXED_PAIR_CLASSIFIED_ORDER_REVERSED_AT_NEXT_LAP_BOUNDARY,FALSE,AUTOMATED_REVIEW_UNREVIEWED
96726b78033291e3563a,2020:Bahrain Grand Prix:Race,train,development_test,GIO,KVY,32,33,10276.266,10372.101,95.835,2020-11-29T16:31:16.318000000,2020-11-29T16:32:52.153000000,cdbfafc4b822158be3c38477,2020:Bahrain Grand Prix:Race|GIO|KVY|32|33,INHERITED_CANDIDATE_ID,MATCHED_TO_INHERITED_CANDIDATE,OTHER_POSITION_CHANGE,AUTOMATED_REVIEW_UNREVIEWED,GIO:14;KVY:13,GIO:13;KVY:14,NOT_AVAILABLE_FROM_FASTF1_POSITION_XYZ,2020-11-29T16:31:16.318000+00:00,2020-11-29T16:32:52.153000+00:00,1.905,PIT_LAP_OVERLAP_RECORDED_BUT_TIME_OF_DAY_ONLY,RC_RECORD_ON_DECISION_OR_ENDPOINT_LAP,"FastF1 car_data and pos_data present for selected race; pos_data contains XYZ/status, not classified running order or pass timestamp",event_review_37.csv + candidate source,https://raw.githubusercontent.com/TracingInsights/2020/264ae1db8f1381540fb839c89f7b249ae2d8957d/Bahrain%20Grand%20Prix/Race/GIO/laptimes.json|https://raw.githubusercontent.com/TracingInsights/2020/264ae1db8f1381540fb839c89f7b249ae2d8957d/Bahrain%20Grand%20Prix/Race/KVY/laptimes.json,226679313cbbb4e1bbdf54ce5b86ffc531b110804b1509234326c7e09585a633|6ee492d8bee39f620300a19e233af16929f91457d77b5fbeceb845509cce4a52,FIXED_PAIR_CLASSIFIED_ORDER_REVERSED_AT_NEXT_LAP_BOUNDARY,FALSE,AUTOMATED_REVIEW_UNREVIEWED
4fa463f51f4ca25babad,2020:Bahrain Grand Prix:Race,train,development_test,GIO,RUS,38,39,10855.949,10951.569,95.62,2020-11-29T16:40:56.001000000,2020-11-29T16:42:31.621000000,d21ac29b80301700c9f3d6f4,2020:Bahrain Grand Prix:Race|GIO|RUS|38|39,INHERITED_CANDIDATE_ID,MATCHED_TO_INHERITED_CANDIDATE,OTHER_POSITION_CHANGE,AUTOMATED_REVIEW_UNREVIEWED,GIO:13;RUS:12,GIO:12;RUS:13,NOT_AVAILABLE_FROM_FASTF1_POSITION_XYZ,2020-11-29T16:40:56.001000+00:00,2020-11-29T16:42:31.621000+00:00,3.176,PIT_LAP_OVERLAP_RECORDED_BUT_TIME_OF_DAY_ONLY,RC_RECORD_ON_DECISION_OR_ENDPOINT_LAP,"FastF1 car_data and pos_data present for selected race; pos_data contains XYZ/status, not classified running order or pass timestamp",event_review_37.csv + candidate source,https://raw.githubusercontent.com/TracingInsights/2020/264ae1db8f1381540fb839c89f7b249ae2d8957d/Bahrain%20Grand%20Prix/Race/GIO/laptimes.json|https://raw.githubusercontent.com/TracingInsights/2020/264ae1db8f1381540fb839c89f7b249ae2d8957d/Bahrain%20Grand%20Prix/Race/RUS/laptimes.json,226679313cbbb4e1bbdf54ce5b86ffc531b110804b1509234326c7e09585a633|c193d49ef4aef5745d64ef452256fc6057fd2a80029e5cba92c5bc4a8faed67b,FIXED_PAIR_CLASSIFIED_ORDER_REVERSED_AT_NEXT_LAP_BOUNDARY,FALSE,AUTOMATED_REVIEW_UNREVIEWED
f91a7d37240032048a1c,2020:Bahrain Grand Prix:Race,train,development_test,KVY,MAG,34,35,10489.398,10585.131,95.733,2020-11-29T16:34:31.239000000,2020-11-29T16:36:25.183000000,104ac30f8b43c0ee30e2d4ad,2020:Bahrain Grand Prix:Race|KVY|MAG|34|35,INHERITED_CANDIDATE_ID,MATCHED_TO_INHERITED_CANDIDATE,UNRESOLVED,AUTOMATED_REVIEW_UNREVIEWED,KVY:18;MAG:17,KVY:17;MAG:18,NOT_AVAILABLE_FROM_FASTF1_POSITION_XYZ,2020-11-29T16:34:49.450000+00:00,2020-11-29T16:36:25.183000+00:00,19.069,NO_RELEVANT_PIT_ROW_FOUND_IN_CONTEXT,NO_RC_RECORD_ON_DECISION_OR_ENDPOINT_LAP,"FastF1 car_data and pos_data present for selected race; pos_data contains XYZ/status, not classified running order or pass timestamp",event_review_37.csv + candidate source,https://raw.githubusercontent.com/TracingInsights/2020/264ae1db8f1381540fb839c89f7b249ae2d8957d/Bahrain%20Grand%20Prix/Race/KVY/laptimes.json|https://raw.githubusercontent.com/TracingInsights/2020/264ae1db8f1381540fb839c89f7b249ae2d8957d/Bahrain%20Grand%20Prix/Race/MAG/laptimes.json,6ee492d8bee39f620300a19e233af16929f91457d77b5fbeceb845509cce4a52|8ff95862a91c49f6080a4d94e27051d62dee5ff2bdbb11a66d4e96abcf42fef6,FIXED_PAIR_CLASSIFIED_ORDER_REVERSED_AT_NEXT_LAP_BOUNDARY,FALSE,AUTOMATED_REVIEW_UNREVIEWED
04fbe7795c33a0ac979c,2020:Bahrain Grand Prix:Race,train,development_test,LEC,MAG,24,25,9491.559,9589.394,97.835,2020-11-29T16:17:55.584000000,2020-11-29T16:19:49.446000000,5adb08208b79c8595b9acc17,2020:Bahrain Grand Prix:Race|LEC|MAG|24|25,INHERITED_CANDIDATE_ID,MATCHED_TO_INHERITED_CANDIDATE,UNRESOLVED,AUTOMATED_REVIEW_UNREVIEWED,LEC:12;MAG:11,LEC:11;MAG:12,NOT_AVAILABLE_FROM_FASTF1_POSITION_XYZ,2020-11-29T16:18:11.611000+00:00,2020-11-29T16:19:49.446000+00:00,17.388,NO_RELEVANT_PIT_ROW_FOUND_IN_CONTEXT,NO_RC_RECORD_ON_DECISION_OR_ENDPOINT_LAP,"FastF1 car_data and pos_data present for selected race; pos_data contains XYZ/status, not classified running order or pass timestamp",event_review_37.csv + candidate source,https://raw.githubusercontent.com/TracingInsights/2020/264ae1db8f1381540fb839c89f7b249ae2d8957d/Bahrain%20Grand%20Prix/Race/LEC/laptimes.json|https://raw.githubusercontent.com/TracingInsights/2020/264ae1db8f1381540fb839c89f7b249ae2d8957d/Bahrain%20Grand%20Prix/Race/MAG/laptimes.json,40f1bf6df81fd21681feaf645e5aa3fa7c1cde359f012f770f180d41012c65fe|8ff95862a91c49f6080a4d94e27051d62dee5ff2bdbb11a66d4e96abcf42fef6,FIXED_PAIR_CLASSIFIED_ORDER_REVERSED_AT_NEXT_LAP_BOUNDARY,FALSE,AUTOMATED_REVIEW_UNREVIEWED
f3a342500986258f472a,2020:Bahrain Grand Prix:Race,train,development_test,LEC,GIO,41,42,11146.952,11243.551,96.599,2020-11-29T16:45:29.993000000,2020-11-29T16:47:23.603000000,,2020:Bahrain Grand Prix:Race|LEC|GIO|41|42,BOUNDARY_PROXY_KEY,OUTSIDE_INHERITED_CANDIDATE_UNIVERSE,OUTSIDE_CANDIDATE_UNIVERSE,AUTOMATED_PROXY_LINK_UNREVIEWED,LEC:12;GIO:11,LEC:11;GIO:12,NOT_AVAILABLE_FROM_BOUNDARY_LAPTIMES,2020-11-29T16:45:29.993000000,2020-11-29T16:47:23.603000000,BOUNDARY_INTERVAL_ONLY_NOT_EXACT_PASS_TIME,NOT_IN_INHERITED_CANDIDATE_REVIEW,NOT_IN_INHERITED_CANDIDATE_REVIEW,BOUNDARY_TELEMETRY_DOES_NOT_ESTABLISH_PASS,prediction_windows_37.csv.gz + laptime_source_inventory_37.csv,,,FIXED_PAIR_CLASSIFIED_ORDER_REVERSED_AT_NEXT_LAP_BOUNDARY,FALSE,AUTOMATED_PROXY_LINK_UNREVIEWED
f8d6d6a16a66c322d2b3,2020:Bahrain Grand Prix:Race,train,development_test,MAG,LAT,20,21,9097.933,9195.53,97.597,2020-11-29T16:11:37.985000000,2020-11-29T16:13:15.582000000,,2020:Bahrain Grand Prix:Race|MAG|LAT|20|21,BOUNDARY_PROXY_KEY,OUTSIDE_INHERITED_CANDIDATE_UNIVERSE,OUTSIDE_CANDIDATE_UNIVERSE,AUTOMATED_PROXY_LINK_UNREVIEWED,MAG:14;LAT:13,MAG:12;LAT:13,NOT_AVAILABLE_FROM_BOUNDARY_LAPTIMES,2020-11-29T16:11:37.985000000,2020-11-29T16:13:15.582000000,BOUNDARY_INTERVAL_ONLY_NOT_EXACT_PASS_TIME,NOT_IN_INHERITED_CANDIDATE_REVIEW,NOT_IN_INHERITED_CANDIDATE_REVIEW,BOUNDARY_TELEMETRY_DOES_NOT_ESTABLISH_PASS,prediction_windows_37.csv.gz + laptime_source_inventory_37.csv,,,FIXED_PAIR_CLASSIFIED_ORDER_REVERSED_AT_NEXT_LAP_BOUNDARY,FALSE,AUTOMATED_PROXY_LINK_UNREVIEWED
1ee1d2fe3ee953f7abbb,2020:Bahrain Grand Prix:Race,train,development_test,NOR,BOT,24,25,9476.165,9571.351,95.186,2020-11-29T16:17:56.217000000,2020-11-29T16:19:31.403000000,,2020:Bahrain Grand Prix:Race|NOR|BOT|24|25,BOUNDARY_PROXY_KEY,OUTSIDE_INHERITED_CANDIDATE_UNIVERSE,OUTSIDE_CANDIDATE_UNIVERSE,AUTOMATED_PROXY_LINK_UNREVIEWED,NOR:7;BOT:6,NOR:6;BOT:7,NOT_AVAILABLE_FROM_BOUNDARY_LAPTIMES,2020-11-29T16:17:56.217000000,2020-11-29T16:19:31.403000000,BOUNDARY_INTERVAL_ONLY_NOT_EXACT_PASS_TIME,NOT_IN_INHERITED_CANDIDATE_REVIEW,NOT_IN_INHERITED_CANDIDATE_REVIEW,BOUNDARY_TELEMETRY_DOES_NOT_ESTABLISH_PASS,prediction_windows_37.csv.gz + laptime_source_inventory_37.csv,,,FIXED_PAIR_CLASSIFIED_ORDER_REVERSED_AT_NEXT_LAP_BOUNDARY,FALSE,AUTOMATED_PROXY_LINK_UNREVIEWED
addf44f15b24c5dc3cd3,2020:Bahrain Grand Prix:Race,train,development_test,OCO,MAG,18,19,8899.471,8997.915,98.444,2020-11-29T16:08:01.175000000,2020-11-29T16:09:57.967000000,,2020:Bahrain Grand Prix:Race|OCO|MAG|18|19,BOUNDARY_PROXY_KEY,OUTSIDE_INHERITED_CANDIDATE_UNIVERSE,OUTSIDE_CANDIDATE_UNIVERSE,AUTOMATED_PROXY_LINK_UNREVIEWED,OCO:14;MAG:13,OCO:13;MAG:15,NOT_AVAILABLE_FROM_BOUNDARY_LAPTIMES,2020-11-29T16:08:01.175000000,2020-11-29T16:09:57.967000000,BOUNDARY_INTERVAL_ONLY_NOT_EXACT_PASS_TIME,NOT_IN_INHERITED_CANDIDATE_REVIEW,NOT_IN_INHERITED_CANDIDATE_REVIEW,BOUNDARY_TELEMETRY_DOES_NOT_ESTABLISH_PASS,prediction_windows_37.csv.gz + laptime_source_inventory_37.csv,,,FIXED_PAIR_CLASSIFIED_ORDER_REVERSED_AT_NEXT_LAP_BOUNDARY,FALSE,AUTOMATED_PROXY_LINK_UNREVIEWED
dab08fc15be6fc4bb99a,2020:Bahrain Grand Prix:Race,train,development_test,OCO,GIO,19,20,8998.991,9095.482,96.491,2020-11-29T16:09:59.043000000,2020-11-29T16:11:35.534000000,,2020:Bahrain Grand Prix:Race|OCO|GIO|19|20,BOUNDARY_PROXY_KEY,OUTSIDE_INHERITED_CANDIDATE_UNIVERSE,OUTSIDE_CANDIDATE_UNIVERSE,AUTOMATED_PROXY_LINK_UNREVIEWED,OCO:13;GIO:12,OCO:11;GIO:15,NOT_AVAILABLE_FROM_BOUNDARY_LAPTIMES,2020-11-29T16:09:59.043000000,2020-11-29T16:11:35.534000000,BOUNDARY_INTERVAL_ONLY_NOT_EXACT_PASS_TIME,NOT_IN_INHERITED_CANDIDATE_REVIEW,NOT_IN_INHERITED_CANDIDATE_REVIEW,BOUNDARY_TELEMETRY_DOES_NOT_ESTABLISH_PASS,prediction_windows_37.csv.gz + laptime_source_inventory_37.csv,,,FIXED_PAIR_CLASSIFIED_ORDER_REVERSED_AT_NEXT_LAP_BOUNDARY,FALSE,AUTOMATED_PROXY_LINK_UNREVIEWED
26b2d3a074292ecab6a3,2020:Bahrain Grand Prix:Race,train,development_test,OCO,RUS,35,36,10562.378,10658.951,96.573,2020-11-29T16:35:43.286000000,2020-11-29T16:37:39.003000000,980ff83180b7dbf7c3ceba71,2020:Bahrain Grand Prix:Race|OCO|RUS|35|36,INHERITED_CANDIDATE_ID,MATCHED_TO_INHERITED_CANDIDATE,UNRESOLVED,AUTOMATED_REVIEW_UNREVIEWED,OCO:12;RUS:11,OCO:11;RUS:12,NOT_AVAILABLE_FROM_FASTF1_POSITION_XYZ,2020-11-29T16:36:02.430000+00:00,2020-11-29T16:37:39.003000+00:00,19.591,NO_RELEVANT_PIT_ROW_FOUND_IN_CONTEXT,NO_RC_RECORD_ON_DECISION_OR_ENDPOINT_LAP,"FastF1 car_data and pos_data present for selected race; pos_data contains XYZ/status, not classified running order or pass timestamp",event_review_37.csv + candidate source,https://raw.githubusercontent.com/TracingInsights/2020/264ae1db8f1381540fb839c89f7b249ae2d8957d/Bahrain%20Grand%20Prix/Race/OCO/laptimes.json|https://raw.githubusercontent.com/TracingInsights/2020/264ae1db8f1381540fb839c89f7b249ae2d8957d/Bahrain%20Grand%20Prix/Race/RUS/laptimes.json,739a0464b32832212ce06c250ddf18c5ead9bfbeca90ef94ba5d85bcc8bc9209|c193d49ef4aef5745d64ef452256fc6057fd2a80029e5cba92c5bc4a8faed67b,FIXED_PAIR_CLASSIFIED_ORDER_REVERSED_AT_NEXT_LAP_BOUNDARY,FALSE,AUTOMATED_REVIEW_UNREVIEWED
b95d6422641d487eda97,2020:Bahrain Grand Prix:Race,train,development_test,PER,GAS,22,23,9272.269,9368.15,95.881,2020-11-29T16:14:32.321000000,2020-11-29T16:16:08.202000000,,2020:Bahrain Grand Prix:Race|PER|GAS|22|23,BOUNDARY_PROXY_KEY,OUTSIDE_INHERITED_CANDIDATE_UNIVERSE,OUTSIDE_CANDIDATE_UNIVERSE,AUTOMATED_PROXY_LINK_UNREVIEWED,PER:4;GAS:3,PER:3;GAS:4,NOT_AVAILABLE_FROM_BOUNDARY_LAPTIMES,2020-11-29T16:14:32.321000000,2020-11-29T16:16:08.202000000,BOUNDARY_INTERVAL_ONLY_NOT_EXACT_PASS_TIME,NOT_IN_INHERITED_CANDIDATE_REVIEW,NOT_IN_INHERITED_CANDIDATE_REVIEW,BOUNDARY_TELEMETRY_DOES_NOT_ESTABLISH_PASS,prediction_windows_37.csv.gz + laptime_source_inventory_37.csv,,,FIXED_PAIR_CLASSIFIED_ORDER_REVERSED_AT_NEXT_LAP_BOUNDARY,FALSE,AUTOMATED_PROXY_LINK_UNREVIEWED
139a0c788f8206f960bb,2020:Bahrain Grand Prix:Race,train,development_test,PER,SAI,37,38,10717.911,10813.267,95.356,2020-11-29T16:38:18.708000000,2020-11-29T16:40:13.319000000,402737fbae9aba153cb66183,2020:Bahrain Grand Prix:Race|PER|SAI|37|38,INHERITED_CANDIDATE_ID,MATCHED_TO_INHERITED_CANDIDATE,UNRESOLVED,AUTOMATED_REVIEW_UNREVIEWED,PER:5;SAI:4,PER:3;SAI:5,NOT_AVAILABLE_FROM_FASTF1_POSITION_XYZ,2020-11-29T16:38:37.963000+00:00,2020-11-29T16:40:13.319000+00:00,19.632,NO_RELEVANT_PIT_ROW_FOUND_IN_CONTEXT,NO_RC_RECORD_ON_DECISION_OR_ENDPOINT_LAP,"FastF1 car_data and pos_data present for selected race; pos_data contains XYZ/status, not classified running order or pass timestamp",event_review_37.csv + candidate source,https://raw.githubusercontent.com/TracingInsights/2020/264ae1db8f1381540fb839c89f7b249ae2d8957d/Bahrain%20Grand%20Prix/Race/PER/laptimes.json|https://raw.githubusercontent.com/TracingInsights/2020/264ae1db8f1381540fb839c89f7b249ae2d8957d/Bahrain%20Grand%20Prix/Race/SAI/laptimes.json,1765fdef87fc938fe6c76c6a4f43924a8a8c99b060248bc1fd008545e8215918|3be317fdc196b129382fe3d7793435f81a5e91ae2bd6a3fe62686e874c4ea08a,FIXED_PAIR_CLASSIFIED_ORDER_REVERSED_AT_NEXT_LAP_BOUNDARY,FALSE,AUTOMATED_REVIEW_UNREVIEWED
b5b00df147c39a8f91c6,2020:Bahrain Grand Prix:Race,train,development_test,RAI,MAG,44,45,11465.085,11558.982,93.897,2020-11-29T16:51:05.137000000,2020-11-29T16:52:39.034000000,,2020:Bahrain Grand Prix:Race|RAI|MAG|44|45,BOUNDARY_PROXY_KEY,OUTSIDE_INHERITED_CANDIDATE_UNIVERSE,OUTSIDE_CANDIDATE_UNIVERSE,AUTOMATED_PROXY_LINK_UNREVIEWED,RAI:18;MAG:17,RAI:17;MAG:18,NOT_AVAILABLE_FROM_BOUNDARY_LAPTIMES,2020-11-29T16:51:05.137000000,2020-11-29T16:52:39.034000000,BOUNDARY_INTERVAL_ONLY_NOT_EXACT_PASS_TIME,NOT_IN_INHERITED_CANDIDATE_REVIEW,NOT_IN_INHERITED_CANDIDATE_REVIEW,BOUNDARY_TELEMETRY_DOES_NOT_ESTABLISH_PASS,prediction_windows_37.csv.gz + laptime_source_inventory_37.csv,,,FIXED_PAIR_CLASSIFIED_ORDER_REVERSED_AT_NEXT_LAP_BOUNDARY,FALSE,AUTOMATED_PROXY_LINK_UNREVIEWED
c3f7ee8c5498673122f3,2020:Bahrain Grand Prix:Race,train,development_test,RIC,VET,17,18,8802.522,8900.903,98.381,2020-11-29T16:06:28.003000000,2020-11-29T16:08:20.955000000,2be170967c2f1872798d4fa1,2020:Bahrain Grand Prix:Race|RIC|VET|17|18,INHERITED_CANDIDATE_ID,MATCHED_TO_INHERITED_CANDIDATE,UNRESOLVED,AUTOMATED_REVIEW_UNREVIEWED,RIC:18;VET:17,RIC:15;VET:16,NOT_AVAILABLE_FROM_FASTF1_POSITION_XYZ,2020-11-29T16:06:42.574000+00:00,2020-11-29T16:08:20.955000+00:00,16.609,NO_RELEVANT_PIT_ROW_FOUND_IN_CONTEXT,NO_RC_RECORD_ON_DECISION_OR_ENDPOINT_LAP,"FastF1 car_data and pos_data present for selected race; pos_data contains XYZ/status, not classified running order or pass timestamp",event_review_37.csv + candidate source,https://raw.githubusercontent.com/TracingInsights/2020/264ae1db8f1381540fb839c89f7b249ae2d8957d/Bahrain%20Grand%20Prix/Race/RIC/laptimes.json|https://raw.githubusercontent.com/TracingInsights/2020/264ae1db8f1381540fb839c89f7b249ae2d8957d/Bahrain%20Grand%20Prix/Race/VET/laptimes.json,0292b48f2d8280075546fe53d69a74b60052bddb05fc099081fba46967ba5585|564d84ae53dde312b78e6c8023236a09b520aadaeb0aad5cdb2886fd1c4ad622,FIXED_PAIR_CLASSIFIED_ORDER_REVERSED_AT_NEXT_LAP_BOUNDARY,FALSE,AUTOMATED_REVIEW_UNREVIEWED
ffe9ce1d2607768e3246,2020:Bahrain Grand Prix:Race,train,development_test,RIC,OCO,28,29,9866.017,9961.308,95.291,2020-11-29T16:24:26.069000000,2020-11-29T16:26:01.360000000,,2020:Bahrain Grand Prix:Race|RIC|OCO|28|29,BOUNDARY_PROXY_KEY,OUTSIDE_INHERITED_CANDIDATE_UNIVERSE,OUTSIDE_CANDIDATE_UNIVERSE,AUTOMATED_PROXY_LINK_UNREVIEWED,RIC:8;OCO:7,RIC:7;OCO:8,NOT_AVAILABLE_FROM_BOUNDARY_LAPTIMES,2020-11-29T16:24:26.069000000,2020-11-29T16:26:01.360000000,BOUNDARY_INTERVAL_ONLY_NOT_EXACT_PASS_TIME,NOT_IN_INHERITED_CANDIDATE_REVIEW,NOT_IN_INHERITED_CANDIDATE_REVIEW,BOUNDARY_TELEMETRY_DOES_NOT_ESTABLISH_PASS,prediction_windows_37.csv.gz + laptime_source_inventory_37.csv,,,FIXED_PAIR_CLASSIFIED_ORDER_REVERSED_AT_NEXT_LAP_BOUNDARY,FALSE,AUTOMATED_PROXY_LINK_UNREVIEWED
fb74c45e35e2fc9bf86b,2020:Bahrain Grand Prix:Race,train,development_test,RIC,OCO,37,38,10753.895,10848.249,94.354,2020-11-29T16:38:53.118000000,2020-11-29T16:40:48.301000000,,2020:Bahrain Grand Prix:Race|RIC|OCO|37|38,BOUNDARY_PROXY_KEY,OUTSIDE_INHERITED_CANDIDATE_UNIVERSE,OUTSIDE_CANDIDATE_UNIVERSE,AUTOMATED_PROXY_LINK_UNREVIEWED,RIC:11;OCO:10,RIC:10;OCO:11,NOT_AVAILABLE_FROM_BOUNDARY_LAPTIMES,2020-11-29T16:38:53.118000000,2020-11-29T16:40:48.301000000,BOUNDARY_INTERVAL_ONLY_NOT_EXACT_PASS_TIME,NOT_IN_INHERITED_CANDIDATE_REVIEW,NOT_IN_INHERITED_CANDIDATE_REVIEW,BOUNDARY_TELEMETRY_DOES_NOT_ESTABLISH_PASS,prediction_windows_37.csv.gz + laptime_source_inventory_37.csv,,,FIXED_PAIR_CLASSIFIED_ORDER_REVERSED_AT_NEXT_LAP_BOUNDARY,FALSE,AUTOMATED_PROXY_LINK_UNREVIEWED
479306115fcc8b4b2994,2020:Bahrain Grand Prix:Race,train,development_test,RUS,RAI,9,10,8010.464,8108.618,98.154,2020-11-29T15:53:30.516000000,2020-11-29T15:55:08.670000000,,2020:Bahrain Grand Prix:Race|RUS|RAI|9|10,BOUNDARY_PROXY_KEY,OUTSIDE_INHERITED_CANDIDATE_UNIVERSE,OUTSIDE_CANDIDATE_UNIVERSE,AUTOMATED_PROXY_LINK_UNREVIEWED,RUS:13;RAI:12,RUS:12;RAI:13,NOT_AVAILABLE_FROM_BOUNDARY_LAPTIMES,2020-11-29T15:53:30.516000000,2020-11-29T15:55:08.670000000,BOUNDARY_INTERVAL_ONLY_NOT_EXACT_PASS_TIME,NOT_IN_INHERITED_CANDIDATE_REVIEW,NOT_IN_INHERITED_CANDIDATE_REVIEW,BOUNDARY_TELEMETRY_DOES_NOT_ESTABLISH_PASS,prediction_windows_37.csv.gz + laptime_source_inventory_37.csv,,,FIXED_PAIR_CLASSIFIED_ORDER_REVERSED_AT_NEXT_LAP_BOUNDARY,FALSE,AUTOMATED_PROXY_LINK_UNREVIEWED
4d2fa30f4566e5fa3247,2020:Bahrain Grand Prix:Race,train,development_test,RUS,MAG,26,27,9691.14,9786.331,95.191,2020-11-29T16:21:31.192000000,2020-11-29T16:23:06.383000000,,2020:Bahrain Grand Prix:Race|RUS|MAG|26|27,BOUNDARY_PROXY_KEY,OUTSIDE_INHERITED_CANDIDATE_UNIVERSE,OUTSIDE_CANDIDATE_UNIVERSE,AUTOMATED_PROXY_LINK_UNREVIEWED,RUS:12;MAG:11,RUS:12;MAG:14,NOT_AVAILABLE_FROM_BOUNDARY_LAPTIMES,2020-11-29T16:21:31.192000000,2020-11-29T16:23:06.383000000,BOUNDARY_INTERVAL_ONLY_NOT_EXACT_PASS_TIME,NOT_IN_INHERITED_CANDIDATE_REVIEW,NOT_IN_INHERITED_CANDIDATE_REVIEW,BOUNDARY_TELEMETRY_DOES_NOT_ESTABLISH_PASS,prediction_windows_37.csv.gz + laptime_source_inventory_37.csv,,,FIXED_PAIR_CLASSIFIED_ORDER_REVERSED_AT_NEXT_LAP_BOUNDARY,FALSE,AUTOMATED_PROXY_LINK_UNREVIEWED
a33f0fa91b596d799b9d,2020:Bahrain Grand Prix:Race,train,development_test,RUS,MAG,41,42,11169.274,11264.62,95.346,2020-11-29T16:46:09.326000000,2020-11-29T16:47:44.672000000,,2020:Bahrain Grand Prix:Race|RUS|MAG|41|42,BOUNDARY_PROXY_KEY,OUTSIDE_INHERITED_CANDIDATE_UNIVERSE,OUTSIDE_CANDIDATE_UNIVERSE,AUTOMATED_PROXY_LINK_UNREVIEWED,RUS:15;MAG:14,RUS:14;MAG:15,NOT_AVAILABLE_FROM_BOUNDARY_LAPTIMES,2020-11-29T16:46:09.326000000,2020-11-29T16:47:44.672000000,BOUNDARY_INTERVAL_ONLY_NOT_EXACT_PASS_TIME,NOT_IN_INHERITED_CANDIDATE_REVIEW,NOT_IN_INHERITED_CANDIDATE_REVIEW,BOUNDARY_TELEMETRY_DOES_NOT_ESTABLISH_PASS,prediction_windows_37.csv.gz + laptime_source_inventory_37.csv,,,FIXED_PAIR_CLASSIFIED_ORDER_REVERSED_AT_NEXT_LAP_BOUNDARY,FALSE,AUTOMATED_PROXY_LINK_UNREVIEWED
a49601c6e086af6ca52f,2020:Bahrain Grand Prix:Race,train,development_test,RUS,GIO,52,53,12219.895,12315.386,95.491,2020-11-29T17:03:39.947000000,2020-11-29T17:05:15.438000000,,2020:Bahrain Grand Prix:Race|RUS|GIO|52|53,BOUNDARY_PROXY_KEY,OUTSIDE_INHERITED_CANDIDATE_UNIVERSE,OUTSIDE_CANDIDATE_UNIVERSE,AUTOMATED_PROXY_LINK_UNREVIEWED,RUS:14;GIO:13,RUS:13;GIO:15,NOT_AVAILABLE_FROM_BOUNDARY_LAPTIMES,2020-11-29T17:03:39.947000000,2020-11-29T17:05:15.438000000,BOUNDARY_INTERVAL_ONLY_NOT_EXACT_PASS_TIME,NOT_IN_INHERITED_CANDIDATE_REVIEW,NOT_IN_INHERITED_CANDIDATE_REVIEW,BOUNDARY_TELEMETRY_DOES_NOT_ESTABLISH_PASS,prediction_windows_37.csv.gz + laptime_source_inventory_37.csv,,,FIXED_PAIR_CLASSIFIED_ORDER_REVERSED_AT_NEXT_LAP_BOUNDARY,FALSE,AUTOMATED_PROXY_LINK_UNREVIEWED
fe37f391d16d60aac029,2020:Bahrain Grand Prix:Race,train,development_test,SAI,LEC,11,12,8202.704,8299.092,96.388,2020-11-29T15:56:42.756000000,2020-11-29T15:58:19.144000000,,2020:Bahrain Grand Prix:Race|SAI|LEC|11|12,BOUNDARY_PROXY_KEY,OUTSIDE_INHERITED_CANDIDATE_UNIVERSE,OUTSIDE_CANDIDATE_UNIVERSE,AUTOMATED_PROXY_LINK_UNREVIEWED,SAI:8;LEC:7,SAI:7;LEC:9,NOT_AVAILABLE_FROM_BOUNDARY_LAPTIMES,2020-11-29T15:56:42.756000000,2020-11-29T15:58:19.144000000,BOUNDARY_INTERVAL_ONLY_NOT_EXACT_PASS_TIME,NOT_IN_INHERITED_CANDIDATE_REVIEW,NOT_IN_INHERITED_CANDIDATE_REVIEW,BOUNDARY_TELEMETRY_DOES_NOT_ESTABLISH_PASS,prediction_windows_37.csv.gz + laptime_source_inventory_37.csv,,,FIXED_PAIR_CLASSIFIED_ORDER_REVERSED_AT_NEXT_LAP_BOUNDARY,FALSE,AUTOMATED_PROXY_LINK_UNREVIEWED
bb028b5ff9ebc96ab6d2,2020:Bahrain Grand Prix:Race,train,development_test,SAI,OCO,16,17,8686.413,8781.319,94.906,2020-11-29T16:04:46.465000000,2020-11-29T16:06:21.371000000,,2020:Bahrain Grand Prix:Race|SAI|OCO|16|17,BOUNDARY_PROXY_KEY,OUTSIDE_INHERITED_CANDIDATE_UNIVERSE,OUTSIDE_CANDIDATE_UNIVERSE,AUTOMATED_PROXY_LINK_UNREVIEWED,SAI:7;OCO:6,SAI:6;OCO:7,NOT_AVAILABLE_FROM_BOUNDARY_LAPTIMES,2020-11-29T16:04:46.465000000,2020-11-29T16:06:21.371000000,BOUNDARY_INTERVAL_ONLY_NOT_EXACT_PASS_TIME,NOT_IN_INHERITED_CANDIDATE_REVIEW,NOT_IN_INHERITED_CANDIDATE_REVIEW,BOUNDARY_TELEMETRY_DOES_NOT_ESTABLISH_PASS,prediction_windows_37.csv.gz + laptime_source_inventory_37.csv,,,FIXED_PAIR_CLASSIFIED_ORDER_REVERSED_AT_NEXT_LAP_BOUNDARY,FALSE,AUTOMATED_PROXY_LINK_UNREVIEWED
bcba4396dfebb42173c8,2020:Bahrain Grand Prix:Race,train,development_test,SAI,RIC,25,26,9578.218,9672.786,94.568,2020-11-29T16:19:38.270000000,2020-11-29T16:21:12.838000000,,2020:Bahrain Grand Prix:Race|SAI|RIC|25|26,BOUNDARY_PROXY_KEY,OUTSIDE_INHERITED_CANDIDATE_UNIVERSE,OUTSIDE_CANDIDATE_UNIVERSE,AUTOMATED_PROXY_LINK_UNREVIEWED,SAI:10;RIC:9,SAI:7;RIC:8,NOT_AVAILABLE_FROM_BOUNDARY_LAPTIMES,2020-11-29T16:19:38.270000000,2020-11-29T16:21:12.838000000,BOUNDARY_INTERVAL_ONLY_NOT_EXACT_PASS_TIME,NOT_IN_INHERITED_CANDIDATE_REVIEW,NOT_IN_INHERITED_CANDIDATE_REVIEW,BOUNDARY_TELEMETRY_DOES_NOT_ESTABLISH_PASS,prediction_windows_37.csv.gz + laptime_source_inventory_37.csv,,,FIXED_PAIR_CLASSIFIED_ORDER_REVERSED_AT_NEXT_LAP_BOUNDARY,FALSE,AUTOMATED_PROXY_LINK_UNREVIEWED
307b9be8685b30e0009e,2020:Bahrain Grand Prix:Race,train,development_test,SAI,OCO,26,27,9673.194,9767.65,94.456,2020-11-29T16:21:13.246000000,2020-11-29T16:22:47.702000000,,2020:Bahrain Grand Prix:Race|SAI|OCO|26|27,BOUNDARY_PROXY_KEY,OUTSIDE_INHERITED_CANDIDATE_UNIVERSE,OUTSIDE_CANDIDATE_UNIVERSE,AUTOMATED_PROXY_LINK_UNREVIEWED,SAI:7;OCO:6,SAI:6;OCO:7,NOT_AVAILABLE_FROM_BOUNDARY_LAPTIMES,2020-11-29T16:21:13.246000000,2020-11-29T16:22:47.702000000,BOUNDARY_INTERVAL_ONLY_NOT_EXACT_PASS_TIME,NOT_IN_INHERITED_CANDIDATE_REVIEW,NOT_IN_INHERITED_CANDIDATE_REVIEW,BOUNDARY_TELEMETRY_DOES_NOT_ESTABLISH_PASS,prediction_windows_37.csv.gz + laptime_source_inventory_37.csv,,,FIXED_PAIR_CLASSIFIED_ORDER_REVERSED_AT_NEXT_LAP_BOUNDARY,FALSE,AUTOMATED_PROXY_LINK_UNREVIEWED
2979bc20ec56836d0ecd,2020:Bahrain Grand Prix:Race,train,development_test,VER,PER,35,36,10504.901,10600.121,95.22,2020-11-29T16:34:50.036000000,2020-11-29T16:36:40.173000000,,2020:Bahrain Grand Prix:Race|VER|PER|35|36,BOUNDARY_PROXY_KEY,OUTSIDE_INHERITED_CANDIDATE_UNIVERSE,OUTSIDE_CANDIDATE_UNIVERSE,AUTOMATED_PROXY_LINK_UNREVIEWED,VER:3;PER:2,VER:2;PER:3,NOT_AVAILABLE_FROM_BOUNDARY_LAPTIMES,2020-11-29T16:34:50.036000000,2020-11-29T16:36:40.173000000,BOUNDARY_INTERVAL_ONLY_NOT_EXACT_PASS_TIME,NOT_IN_INHERITED_CANDIDATE_REVIEW,NOT_IN_INHERITED_CANDIDATE_REVIEW,BOUNDARY_TELEMETRY_DOES_NOT_ESTABLISH_PASS,prediction_windows_37.csv.gz + laptime_source_inventory_37.csv,,,FIXED_PAIR_CLASSIFIED_ORDER_REVERSED_AT_NEXT_LAP_BOUNDARY,FALSE,AUTOMATED_PROXY_LINK_UNREVIEWED
6b1e6e82761cb5b85a7f,2020:Bahrain Grand Prix:Race,train,development_test,VET,RAI,29,30,9987.45,10083.575,96.125,2020-11-29T16:26:27.502000000,2020-11-29T16:28:03.627000000,,2020:Bahrain Grand Prix:Race|VET|RAI|29|30,BOUNDARY_PROXY_KEY,OUTSIDE_INHERITED_CANDIDATE_UNIVERSE,OUTSIDE_CANDIDATE_UNIVERSE,AUTOMATED_PROXY_LINK_UNREVIEWED,VET:16;RAI:15,VET:15;RAI:16,NOT_AVAILABLE_FROM_BOUNDARY_LAPTIMES,2020-11-29T16:26:27.502000000,2020-11-29T16:28:03.627000000,BOUNDARY_INTERVAL_ONLY_NOT_EXACT_PASS_TIME,NOT_IN_INHERITED_CANDIDATE_REVIEW,NOT_IN_INHERITED_CANDIDATE_REVIEW,BOUNDARY_TELEMETRY_DOES_NOT_ESTABLISH_PASS,prediction_windows_37.csv.gz + laptime_source_inventory_37.csv,,,FIXED_PAIR_CLASSIFIED_ORDER_REVERSED_AT_NEXT_LAP_BOUNDARY,FALSE,AUTOMATED_PROXY_LINK_UNREVIEWED
601cd870067328128781,2020:Bahrain Grand Prix:Race,train,development_test,VET,MAG,42,43,11266.402,11362.775,96.373,2020-11-29T16:47:46.454000000,2020-11-29T16:49:22.827000000,,2020:Bahrain Grand Prix:Race|VET|MAG|42|43,BOUNDARY_PROXY_KEY,OUTSIDE_INHERITED_CANDIDATE_UNIVERSE,OUTSIDE_CANDIDATE_UNIVERSE,AUTOMATED_PROXY_LINK_UNREVIEWED,VET:16;MAG:15,VET:15;MAG:16,NOT_AVAILABLE_FROM_BOUNDARY_LAPTIMES,2020-11-29T16:47:46.454000000,2020-11-29T16:49:22.827000000,BOUNDARY_INTERVAL_ONLY_NOT_EXACT_PASS_TIME,NOT_IN_INHERITED_CANDIDATE_REVIEW,NOT_IN_INHERITED_CANDIDATE_REVIEW,BOUNDARY_TELEMETRY_DOES_NOT_ESTABLISH_PASS,prediction_windows_37.csv.gz + laptime_source_inventory_37.csv,,,FIXED_PAIR_CLASSIFIED_ORDER_REVERSED_AT_NEXT_LAP_BOUNDARY,FALSE,AUTOMATED_PROXY_LINK_UNREVIEWED
8f53d39f067a41351af1,2020:Eifel Grand Prix:Race,train,development_test,GAS,LEC,50,51,4775.265,4867.734,92.469,2020-10-11T13:32:49.856000000,2020-10-11T13:34:22.325000000,689d97214b939fccc091d84a,2020:Eifel Grand Prix:Race|GAS|LEC|50|51,INHERITED_CANDIDATE_ID,MATCHED_TO_INHERITED_CANDIDATE,UNRESOLVED,AUTOMATED_REVIEW_UNREVIEWED,GAS:7;LEC:6,GAS:6;LEC:7,NOT_AVAILABLE_FROM_FASTF1_POSITION_XYZ,2020-10-11T13:32:49.856000+00:00,2020-10-11T13:34:22.325000+00:00,1.159,NO_RELEVANT_PIT_ROW_FOUND_IN_CONTEXT,NO_RC_RECORD_ON_DECISION_OR_ENDPOINT_LAP,"FastF1 car_data and pos_data present for selected race; pos_data contains XYZ/status, not classified running order or pass timestamp",event_review_37.csv + candidate source,https://raw.githubusercontent.com/TracingInsights/2020/264ae1db8f1381540fb839c89f7b249ae2d8957d/Eifel%20Grand%20Prix/Race/GAS/laptimes.json|https://raw.githubusercontent.com/TracingInsights/2020/264ae1db8f1381540fb839c89f7b249ae2d8957d/Eifel%20Grand%20Prix/Race/LEC/laptimes.json,0cbc7eaaf89da26b20dc0f354691ef90f92d54209e5307e6105bfea0e87dc671|fa3dc6979bcd5080fbf2358dcec9a20435702aca76d2e5edad5b56384d0abce9,FIXED_PAIR_CLASSIFIED_ORDER_REVERSED_AT_NEXT_LAP_BOUNDARY,FALSE,AUTOMATED_REVIEW_UNREVIEWED
d7f234d38e9648217e26,2020:Eifel Grand Prix:Race,train,development_test,GIO,GRO,27,28,2496.471,2585.23,88.759,2020-10-11T12:54:51.062000000,2020-10-11T12:56:19.821000000,d49074ddf4e19038dd6d2865,2020:Eifel Grand Prix:Race|GIO|GRO|27|28,INHERITED_CANDIDATE_ID,MATCHED_TO_INHERITED_CANDIDATE,OTHER_POSITION_CHANGE,AUTOMATED_REVIEW_UNREVIEWED,GIO:11;GRO:10,GIO:10;GRO:11,NOT_AVAILABLE_FROM_FASTF1_POSITION_XYZ,2020-10-11T12:54:51.062000+00:00,2020-10-11T12:56:19.821000+00:00,8.893,PIT_LAP_OVERLAP_RECORDED_BUT_TIME_OF_DAY_ONLY,RC_RECORD_ON_DECISION_OR_ENDPOINT_LAP,"FastF1 car_data and pos_data present for selected race; pos_data contains XYZ/status, not classified running order or pass timestamp",event_review_37.csv + candidate source,https://raw.githubusercontent.com/TracingInsights/2020/264ae1db8f1381540fb839c89f7b249ae2d8957d/Eifel%20Grand%20Prix/Race/GIO/laptimes.json|https://raw.githubusercontent.com/TracingInsights/2020/264ae1db8f1381540fb839c89f7b249ae2d8957d/Eifel%20Grand%20Prix/Race/GRO/laptimes.json,786d6fb90ea7acb51798191aac6a4028cef97e1992fd9a8929aa7b519b797481|868b650268592a89b1361918d550d2c1383fa446f6cf82bd44454687f8d4abc9,FIXED_PAIR_CLASSIFIED_ORDER_REVERSED_AT_NEXT_LAP_BOUNDARY,FALSE,AUTOMATED_REVIEW_UNREVIEWED
d22c03c7ea300a66d8e3,2020:Eifel Grand Prix:Race,train,development_test,GRO,RAI,9,10,777.113,871.831,94.718,2020-10-11T12:26:11.704000000,2020-10-11T12:27:46.422000000,864e371b65b916010dbe350e,2020:Eifel Grand Prix:Race|GRO|RAI|9|10,INHERITED_CANDIDATE_ID,MATCHED_TO_INHERITED_CANDIDATE,OTHER_POSITION_CHANGE,AUTOMATED_REVIEW_UNREVIEWED,GRO:19;RAI:18,GRO:18;RAI:20,NOT_AVAILABLE_FROM_FASTF1_POSITION_XYZ,2020-10-11T12:26:11.704000+00:00,2020-10-11T12:27:46.422000+00:00,1.349,PIT_LAP_OVERLAP_RECORDED_BUT_TIME_OF_DAY_ONLY,RC_RECORD_ON_DECISION_OR_ENDPOINT_LAP,"FastF1 car_data and pos_data present for selected race; pos_data contains XYZ/status, not classified running order or pass timestamp",event_review_37.csv + candidate source,https://raw.githubusercontent.com/TracingInsights/2020/264ae1db8f1381540fb839c89f7b249ae2d8957d/Eifel%20Grand%20Prix/Race/GRO/laptimes.json|https://raw.githubusercontent.com/TracingInsights/2020/264ae1db8f1381540fb839c89f7b249ae2d8957d/Eifel%20Grand%20Prix/Race/RAI/laptimes.json,29ba7dd13a73c8452e2433924665a85b66d4230f03583083dd6fe3538ad4dfb7|868b650268592a89b1361918d550d2c1383fa446f6cf82bd44454687f8d4abc9,FIXED_PAIR_CLASSIFIED_ORDER_REVERSED_AT_NEXT_LAP_BOUNDARY,FALSE,AUTOMATED_REVIEW_UNREVIEWED
bc746a6e6ed20dee5fdd,2020:Eifel Grand Prix:Race,train,development_test,HUL,RAI,38,39,3530.993,3623.34,92.347,2020-10-11T13:12:05.584000000,2020-10-11T13:13:37.931000000,0abae300a22aca21f97aa062,2020:Eifel Grand Prix:Race|HUL|RAI|38|39,INHERITED_CANDIDATE_ID,MATCHED_TO_INHERITED_CANDIDATE,UNRESOLVED,AUTOMATED_REVIEW_UNREVIEWED,HUL:11;RAI:10,HUL:10;RAI:11,NOT_AVAILABLE_FROM_FASTF1_POSITION_XYZ,2020-10-11T13:12:05.584000+00:00,2020-10-11T13:13:37.931000+00:00,3.352,NO_RELEVANT_PIT_ROW_FOUND_IN_CONTEXT,RC_RECORD_ON_DECISION_OR_ENDPOINT_LAP,"FastF1 car_data and pos_data present for selected race; pos_data contains XYZ/status, not classified running order or pass timestamp",event_review_37.csv + candidate source,https://raw.githubusercontent.com/TracingInsights/2020/264ae1db8f1381540fb839c89f7b249ae2d8957d/Eifel%20Grand%20Prix/Race/HUL/laptimes.json|https://raw.githubusercontent.com/TracingInsights/2020/264ae1db8f1381540fb839c89f7b249ae2d8957d/Eifel%20Grand%20Prix/Race/RAI/laptimes.json,29ba7dd13a73c8452e2433924665a85b66d4230f03583083dd6fe3538ad4dfb7|5c2135a904d9ed5fed8e408a914dc72fa085549dfef8ebf7a918a9d426b4643f,FIXED_PAIR_CLASSIFIED_ORDER_REVERSED_AT_NEXT_LAP_BOUNDARY,FALSE,AUTOMATED_REVIEW_UNREVIEWED
914208a3f217c529d344,2020:Eifel Grand Prix:Race,train,development_test,HUL,VET,40,41,3715.801,3808.246,92.445,2020-10-11T13:15:10.392000000,2020-10-11T13:16:42.837000000,1e0e1185878d3626ddc50ae7,2020:Eifel Grand Prix:Race|HUL|VET|40|41,INHERITED_CANDIDATE_ID,MATCHED_TO_INHERITED_CANDIDATE,OTHER_POSITION_CHANGE,AUTOMATED_REVIEW_UNREVIEWED,HUL:10;VET:9,HUL:9;VET:12,NOT_AVAILABLE_FROM_FASTF1_POSITION_XYZ,2020-10-11T13:15:10.392000+00:00,2020-10-11T13:16:42.837000+00:00,2.49,PIT_LAP_OVERLAP_RECORDED_BUT_TIME_OF_DAY_ONLY,NO_RC_RECORD_ON_DECISION_OR_ENDPOINT_LAP,"FastF1 car_data and pos_data present for selected race; pos_data contains XYZ/status, not classified running order or pass timestamp",event_review_37.csv + candidate source,https://raw.githubusercontent.com/TracingInsights/2020/264ae1db8f1381540fb839c89f7b249ae2d8957d/Eifel%20Grand%20Prix/Race/HUL/laptimes.json|https://raw.githubusercontent.com/TracingInsights/2020/264ae1db8f1381540fb839c89f7b249ae2d8957d/Eifel%20Grand%20Prix/Race/VET/laptimes.json,3caeae13785386f9c89d1161221b5ecf1805aac973d317aaf7be48d9982248cc|5c2135a904d9ed5fed8e408a914dc72fa085549dfef8ebf7a918a9d426b4643f,FIXED_PAIR_CLASSIFIED_ORDER_REVERSED_AT_NEXT_LAP_BOUNDARY,FALSE,AUTOMATED_REVIEW_UNREVIEWED
0b73109567c283d8d9d6,2020:Eifel Grand Prix:Race,train,development_test,LEC,HUL,19,20,1738.251,1831.474,93.223,2020-10-11T12:42:12.842000000,2020-10-11T12:43:46.065000000,,2020:Eifel Grand Prix:Race|LEC|HUL|19|20,BOUNDARY_PROXY_KEY,OUTSIDE_INHERITED_CANDIDATE_UNIVERSE,OUTSIDE_CANDIDATE_UNIVERSE,AUTOMATED_PROXY_LINK_UNREVIEWED,LEC:11;HUL:10,LEC:10;HUL:11,NOT_AVAILABLE_FROM_BOUNDARY_LAPTIMES,2020-10-11T12:42:12.842000000,2020-10-11T12:43:46.065000000,BOUNDARY_INTERVAL_ONLY_NOT_EXACT_PASS_TIME,NOT_IN_INHERITED_CANDIDATE_REVIEW,NOT_IN_INHERITED_CANDIDATE_REVIEW,BOUNDARY_TELEMETRY_DOES_NOT_ESTABLISH_PASS,prediction_windows_37.csv.gz + laptime_source_inventory_37.csv,,,FIXED_PAIR_CLASSIFIED_ORDER_REVERSED_AT_NEXT_LAP_BOUNDARY,FALSE,AUTOMATED_PROXY_LINK_UNREVIEWED
d529d95acbb44055789e,2020:Eifel Grand Prix:Race,train,development_test,LEC,ALB,22,23,2017.642,2108.362,90.72,2020-10-11T12:46:52.233000000,2020-10-11T12:48:22.953000000,,2020:Eifel Grand Prix:Race|LEC|ALB|22|23,BOUNDARY_PROXY_KEY,OUTSIDE_INHERITED_CANDIDATE_UNIVERSE,OUTSIDE_CANDIDATE_UNIVERSE,AUTOMATED_PROXY_LINK_UNREVIEWED,LEC:9;ALB:8,LEC:8;ALB:9,NOT_AVAILABLE_FROM_BOUNDARY_LAPTIMES,2020-10-11T12:46:52.233000000,2020-10-11T12:48:22.953000000,BOUNDARY_INTERVAL_ONLY_NOT_EXACT_PASS_TIME,NOT_IN_INHERITED_CANDIDATE_REVIEW,NOT_IN_INHERITED_CANDIDATE_REVIEW,BOUNDARY_TELEMETRY_DOES_NOT_ESTABLISH_PASS,prediction_windows_37.csv.gz + laptime_source_inventory_37.csv,,,FIXED_PAIR_CLASSIFIED_ORDER_REVERSED_AT_NEXT_LAP_BOUNDARY,FALSE,AUTOMATED_PROXY_LINK_UNREVIEWED
ca37ba89cdd74098ab10,2020:Eifel Grand Prix:Race,train,development_test,LEC,GAS,27,28,2482.326,2574.854,92.528,2020-10-11T12:54:36.917000000,2020-10-11T12:56:09.445000000,,2020:Eifel Grand Prix:Race|LEC|GAS|27|28,BOUNDARY_PROXY_KEY,OUTSIDE_INHERITED_CANDIDATE_UNIVERSE,OUTSIDE_CANDIDATE_UNIVERSE,AUTOMATED_PROXY_LINK_UNREVIEWED,LEC:8;GAS:7,LEC:7;GAS:8,NOT_AVAILABLE_FROM_BOUNDARY_LAPTIMES,2020-10-11T12:54:36.917000000,2020-10-11T12:56:09.445000000,BOUNDARY_INTERVAL_ONLY_NOT_EXACT_PASS_TIME,NOT_IN_INHERITED_CANDIDATE_REVIEW,NOT_IN_INHERITED_CANDIDATE_REVIEW,BOUNDARY_TELEMETRY_DOES_NOT_ESTABLISH_PASS,prediction_windows_37.csv.gz + laptime_source_inventory_37.csv,,,FIXED_PAIR_CLASSIFIED_ORDER_REVERSED_AT_NEXT_LAP_BOUNDARY,FALSE,AUTOMATED_PROXY_LINK_UNREVIEWED
17c32605b7bc5074d9b9,2020:Eifel Grand Prix:Race,train,development_test,LEC,VET,38,39,3528.449,3619.252,90.803,2020-10-11T13:12:03.040000000,2020-10-11T13:13:33.843000000,f0396529f6195b218caa8848,2020:Eifel Grand Prix:Race|LEC|VET|38|39,INHERITED_CANDIDATE_ID,MATCHED_TO_INHERITED_CANDIDATE,UNRESOLVED,AUTOMATED_REVIEW_UNREVIEWED,LEC:8;VET:7,LEC:7;VET:8,NOT_AVAILABLE_FROM_FASTF1_POSITION_XYZ,2020-10-11T13:12:03.040000+00:00,2020-10-11T13:13:33.843000+00:00,2.661,NO_RELEVANT_PIT_ROW_FOUND_IN_CONTEXT,RC_RECORD_ON_DECISION_OR_ENDPOINT_LAP,"FastF1 car_data and pos_data present for selected race; pos_data contains XYZ/status, not classified running order or pass timestamp",event_review_37.csv + candidate source,https://raw.githubusercontent.com/TracingInsights/2020/264ae1db8f1381540fb839c89f7b249ae2d8957d/Eifel%20Grand%20Prix/Race/LEC/laptimes.json|https://raw.githubusercontent.com/TracingInsights/2020/264ae1db8f1381540fb839c89f7b249ae2d8957d/Eifel%20Grand%20Prix/Race/VET/laptimes.json,0cbc7eaaf89da26b20dc0f354691ef90f92d54209e5307e6105bfea0e87dc671|3caeae13785386f9c89d1161221b5ecf1805aac973d317aaf7be48d9982248cc,FIXED_PAIR_CLASSIFIED_ORDER_REVERSED_AT_NEXT_LAP_BOUNDARY,FALSE,AUTOMATED_REVIEW_UNREVIEWED
fd5b94a4e148cf51b2ac,2020:Eifel Grand Prix:Race,train,development_test,MAG,GAS,1,2,7.171,104.036,96.865,2020-10-11T12:13:21.762000000,2020-10-11T12:14:58.627000000,,2020:Eifel Grand Prix:Race|MAG|GAS|1|2,BOUNDARY_PROXY_KEY,OUTSIDE_INHERITED_CANDIDATE_UNIVERSE,OUTSIDE_CANDIDATE_UNIVERSE,AUTOMATED_PROXY_LINK_UNREVIEWED,MAG:14;GAS:13,MAG:13;GAS:14,NOT_AVAILABLE_FROM_BOUNDARY_LAPTIMES,2020-10-11T12:13:21.762000000,2020-10-11T12:14:58.627000000,BOUNDARY_INTERVAL_ONLY_NOT_EXACT_PASS_TIME,NOT_IN_INHERITED_CANDIDATE_REVIEW,NOT_IN_INHERITED_CANDIDATE_REVIEW,BOUNDARY_TELEMETRY_DOES_NOT_ESTABLISH_PASS,prediction_windows_37.csv.gz + laptime_source_inventory_37.csv,,,FIXED_PAIR_CLASSIFIED_ORDER_REVERSED_AT_NEXT_LAP_BOUNDARY,FALSE,AUTOMATED_PROXY_LINK_UNREVIEWED
8f81b165706dc2ddfb5a,2020:Eifel Grand Prix:Race,train,development_test,NOR,LEC,9,10,759.808,853.399,93.591,2020-10-11T12:25:54.399000000,2020-10-11T12:27:27.990000000,,2020:Eifel Grand Prix:Race|NOR|LEC|9|10,BOUNDARY_PROXY_KEY,OUTSIDE_INHERITED_CANDIDATE_UNIVERSE,OUTSIDE_CANDIDATE_UNIVERSE,AUTOMATED_PROXY_LINK_UNREVIEWED,NOR:6;LEC:5,NOR:5;LEC:8,NOT_AVAILABLE_FROM_BOUNDARY_LAPTIMES,2020-10-11T12:25:54.399000000,2020-10-11T12:27:27.990000000,BOUNDARY_INTERVAL_ONLY_NOT_EXACT_PASS_TIME,NOT_IN_INHERITED_CANDIDATE_REVIEW,NOT_IN_INHERITED_CANDIDATE_REVIEW,BOUNDARY_TELEMETRY_DOES_NOT_ESTABLISH_PASS,prediction_windows_37.csv.gz + laptime_source_inventory_37.csv,,,FIXED_PAIR_CLASSIFIED_ORDER_REVERSED_AT_NEXT_LAP_BOUNDARY,FALSE,AUTOMATED_PROXY_LINK_UNREVIEWED
26105eb50a36c5d75b49,2020:Eifel Grand Prix:Race,train,development_test,RIC,SAI,27,28,2471.178,2562.429,91.251,2020-10-11T12:54:25.769000000,2020-10-11T12:55:57.020000000,86751bd290596e562158e47e,2020:Eifel Grand Prix:Race|RIC|SAI|27|28,INHERITED_CANDIDATE_ID,MATCHED_TO_INHERITED_CANDIDATE,OTHER_POSITION_CHANGE,AUTOMATED_REVIEW_UNREVIEWED,RIC:6;SAI:5,RIC:5;SAI:6,NOT_AVAILABLE_FROM_FASTF1_POSITION_XYZ,2020-10-11T12:54:25.769000+00:00,2020-10-11T12:55:57.020000+00:00,3.176,PIT_LAP_OVERLAP_RECORDED_BUT_TIME_OF_DAY_ONLY,RC_RECORD_ON_DECISION_OR_ENDPOINT_LAP,"FastF1 car_data and pos_data present for selected race; pos_data contains XYZ/status, not classified running order or pass timestamp",event_review_37.csv + candidate source,https://raw.githubusercontent.com/TracingInsights/2020/264ae1db8f1381540fb839c89f7b249ae2d8957d/Eifel%20Grand%20Prix/Race/RIC/laptimes.json|https://raw.githubusercontent.com/TracingInsights/2020/264ae1db8f1381540fb839c89f7b249ae2d8957d/Eifel%20Grand%20Prix/Race/SAI/laptimes.json,311029deb05a38578292f5bbe60ffa7be9f29fc64d26f0122f49468edde5a5ee|f1c864674607aa4986705167de358232d9746d08dce1547b4aa7d425ba96ee4e,FIXED_PAIR_CLASSIFIED_ORDER_REVERSED_AT_NEXT_LAP_BOUNDARY,FALSE,AUTOMATED_REVIEW_UNREVIEWED
960ad36e42944d32f3ee,2020:Eifel Grand Prix:Race,train,development_test,SAI,OCO,21,22,1910.493,2001.506,91.013,2020-10-11T12:45:05.084000000,2020-10-11T12:46:36.097000000,,2020:Eifel Grand Prix:Race|SAI|OCO|21|22,BOUNDARY_PROXY_KEY,OUTSIDE_INHERITED_CANDIDATE_UNIVERSE,OUTSIDE_CANDIDATE_UNIVERSE,AUTOMATED_PROXY_LINK_UNREVIEWED,SAI:6;OCO:5,SAI:5;OCO:10,NOT_AVAILABLE_FROM_BOUNDARY_LAPTIMES,2020-10-11T12:45:05.084000000,2020-10-11T12:46:36.097000000,BOUNDARY_INTERVAL_ONLY_NOT_EXACT_PASS_TIME,NOT_IN_INHERITED_CANDIDATE_REVIEW,NOT_IN_INHERITED_CANDIDATE_REVIEW,BOUNDARY_TELEMETRY_DOES_NOT_ESTABLISH_PASS,prediction_windows_37.csv.gz + laptime_source_inventory_37.csv,,,FIXED_PAIR_CLASSIFIED_ORDER_REVERSED_AT_NEXT_LAP_BOUNDARY,FALSE,AUTOMATED_PROXY_LINK_UNREVIEWED
adff19d58dd7353db54f,2020:Emilia Romagna Grand Prix:Race,train,development_test,ALB,LEC,12,13,2888.367,2967.043,78.676,2020-11-01T12:28:10.642000000,2020-11-01T12:29:29.318000000,d78449eb36647223bdf75d0a,2020:Emilia Romagna Grand Prix:Race|ALB|LEC|12|13,INHERITED_CANDIDATE_ID,MATCHED_TO_INHERITED_CANDIDATE,OTHER_POSITION_CHANGE,AUTOMATED_REVIEW_UNREVIEWED,ALB:6;LEC:5,ALB:5;LEC:7,NOT_AVAILABLE_FROM_FASTF1_POSITION_XYZ,2020-11-01T12:28:10.642000+00:00,2020-11-01T12:29:29.318000+00:00,3.623,PIT_LAP_OVERLAP_RECORDED_BUT_TIME_OF_DAY_ONLY,RC_RECORD_ON_DECISION_OR_ENDPOINT_LAP,"FastF1 car_data and pos_data present for selected race; pos_data contains XYZ/status, not classified running order or pass timestamp",event_review_37.csv + candidate source,https://raw.githubusercontent.com/TracingInsights/2020/264ae1db8f1381540fb839c89f7b249ae2d8957d/Emilia%20Romagna%20Grand%20Prix/Race/ALB/laptimes.json|https://raw.githubusercontent.com/TracingInsights/2020/264ae1db8f1381540fb839c89f7b249ae2d8957d/Emilia%20Romagna%20Grand%20Prix/Race/LEC/laptimes.json,02929fe86ea052e1bedd826ce64c6a2cb85ef335c1b422c49ad6236b8b3ea686|3210b4d36bde5f1c6d5bbe853aa8459f04299cf7f1e0975533fbb9a947d60cfd,FIXED_PAIR_CLASSIFIED_ORDER_REVERSED_AT_NEXT_LAP_BOUNDARY,FALSE,AUTOMATED_REVIEW_UNREVIEWED
76f4a94ecfae1b50c294,2020:Emilia Romagna Grand Prix:Race,train,development_test,GIO,VET,50,51,5968.923,6049.416,80.493,2020-11-01T13:19:31.198000000,2020-11-01T13:20:51.691000000,077ba98419f635940bed29b7,2020:Emilia Romagna Grand Prix:Race|GIO|VET|50|51,INHERITED_CANDIDATE_ID,MATCHED_TO_INHERITED_CANDIDATE,OTHER_POSITION_CHANGE,AUTOMATED_REVIEW_UNREVIEWED,GIO:14;VET:13,GIO:12;VET:14,NOT_AVAILABLE_FROM_FASTF1_POSITION_XYZ,2020-11-01T13:19:31.198000+00:00,2020-11-01T13:20:51.691000+00:00,7.159,PIT_LAP_OVERLAP_RECORDED_BUT_TIME_OF_DAY_ONLY,RC_RECORD_ON_DECISION_OR_ENDPOINT_LAP,"FastF1 car_data and pos_data present for selected race; pos_data contains XYZ/status, not classified running order or pass timestamp",event_review_37.csv + candidate source,https://raw.githubusercontent.com/TracingInsights/2020/264ae1db8f1381540fb839c89f7b249ae2d8957d/Emilia%20Romagna%20Grand%20Prix/Race/GIO/laptimes.json|https://raw.githubusercontent.com/TracingInsights/2020/264ae1db8f1381540fb839c89f7b249ae2d8957d/Emilia%20Romagna%20Grand%20Prix/Race/VET/laptimes.json,a5a05df41ad0a915c0f0b0782554b3c005c2b041be505a73159ce27da3684da0|ab45b06dbdb5763dc02d9ee15631d1d21b260c6790afccec4080163b54d25afb,FIXED_PAIR_CLASSIFIED_ORDER_REVERSED_AT_NEXT_LAP_BOUNDARY,FALSE,AUTOMATED_REVIEW_UNREVIEWED
44172fad7e43c786ec1c,2020:Emilia Romagna Grand Prix:Race,train,development_test,HAM,VER,17,18,3268.282,3345.609,77.327,2020-11-01T12:34:30.557000000,2020-11-01T12:35:47.884000000,4c40ef4d907e754d0f60225d,2020:Emilia Romagna Grand Prix:Race|HAM|VER|17|18,INHERITED_CANDIDATE_ID,MATCHED_TO_INHERITED_CANDIDATE,OTHER_POSITION_CHANGE,AUTOMATED_REVIEW_UNREVIEWED,HAM:3;VER:2,HAM:2;VER:3,NOT_AVAILABLE_FROM_FASTF1_POSITION_XYZ,2020-11-01T12:34:30.557000+00:00,2020-11-01T12:35:47.884000+00:00,3.429,PIT_LAP_OVERLAP_RECORDED_BUT_TIME_OF_DAY_ONLY,NO_RC_RECORD_ON_DECISION_OR_ENDPOINT_LAP,"FastF1 car_data and pos_data present for selected race; pos_data contains XYZ/status, not classified running order or pass timestamp",event_review_37.csv + candidate source,https://raw.githubusercontent.com/TracingInsights/2020/264ae1db8f1381540fb839c89f7b249ae2d8957d/Emilia%20Romagna%20Grand%20Prix/Race/HAM/laptimes.json|https://raw.githubusercontent.com/TracingInsights/2020/264ae1db8f1381540fb839c89f7b249ae2d8957d/Emilia%20Romagna%20Grand%20Prix/Race/VER/laptimes.json,16839eb08af2183c5f225cca0d979f997dbe987133240c6dc86b3a1f3276eba0|e43ee7241f333a204580341c784f934932d91b191d0b6fad9242f586b6594806,FIXED_PAIR_CLASSIFIED_ORDER_REVERSED_AT_NEXT_LAP_BOUNDARY,FALSE,AUTOMATED_REVIEW_UNREVIEWED
054b84f757e59b7d1b91,2020:Emilia Romagna Grand Prix:Race,train,development_test,HAM,BOT,18,19,3347.415,3421.982,74.567,2020-11-01T12:35:49.690000000,2020-11-01T12:37:04.257000000,,2020:Emilia Romagna Grand Prix:Race|HAM|BOT|18|19,BOUNDARY_PROXY_KEY,OUTSIDE_INHERITED_CANDIDATE_UNIVERSE,OUTSIDE_CANDIDATE_UNIVERSE,AUTOMATED_PROXY_LINK_UNREVIEWED,HAM:2;BOT:1,HAM:1;BOT:2,NOT_AVAILABLE_FROM_BOUNDARY_LAPTIMES,2020-11-01T12:35:49.690000000,2020-11-01T12:37:04.257000000,BOUNDARY_INTERVAL_ONLY_NOT_EXACT_PASS_TIME,NOT_IN_INHERITED_CANDIDATE_REVIEW,NOT_IN_INHERITED_CANDIDATE_REVIEW,BOUNDARY_TELEMETRY_DOES_NOT_ESTABLISH_PASS,prediction_windows_37.csv.gz + laptime_source_inventory_37.csv,,,FIXED_PAIR_CLASSIFIED_ORDER_REVERSED_AT_NEXT_LAP_BOUNDARY,FALSE,AUTOMATED_PROXY_LINK_UNREVIEWED
136e2439f344fae8b913,2020:Emilia Romagna Grand Prix:Race,train,development_test,LAT,GRO,8,9,2577.844,2657.959,80.115,2020-11-01T12:23:00.119000000,2020-11-01T12:24:20.234000000,,2020:Emilia Romagna Grand Prix:Race|LAT|GRO|8|9,BOUNDARY_PROXY_KEY,OUTSIDE_INHERITED_CANDIDATE_UNIVERSE,OUTSIDE_CANDIDATE_UNIVERSE,AUTOMATED_PROXY_LINK_UNREVIEWED,LAT:18;GRO:17,LAT:16;GRO:17,NOT_AVAILABLE_FROM_BOUNDARY_LAPTIMES,2020-11-01T12:23:00.119000000,2020-11-01T12:24:20.234000000,BOUNDARY_INTERVAL_ONLY_NOT_EXACT_PASS_TIME,NOT_IN_INHERITED_CANDIDATE_REVIEW,NOT_IN_INHERITED_CANDIDATE_REVIEW,BOUNDARY_TELEMETRY_DOES_NOT_ESTABLISH_PASS,prediction_windows_37.csv.gz + laptime_source_inventory_37.csv,,,FIXED_PAIR_CLASSIFIED_ORDER_REVERSED_AT_NEXT_LAP_BOUNDARY,FALSE,AUTOMATED_PROXY_LINK_UNREVIEWED
b218a283d91589dcec7f,2020:Emilia Romagna Grand Prix:Race,train,development_test,LEC,GAS,7,8,2483.606,2562.246,78.64,2020-11-01T12:21:25.881000000,2020-11-01T12:22:44.521000000,,2020:Emilia Romagna Grand Prix:Race|LEC|GAS|7|8,BOUNDARY_PROXY_KEY,OUTSIDE_INHERITED_CANDIDATE_UNIVERSE,OUTSIDE_CANDIDATE_UNIVERSE,AUTOMATED_PROXY_LINK_UNREVIEWED,LEC:6;GAS:5,LEC:5;GAS:7,NOT_AVAILABLE_FROM_BOUNDARY_LAPTIMES,2020-11-01T12:21:25.881000000,2020-11-01T12:22:44.521000000,BOUNDARY_INTERVAL_ONLY_NOT_EXACT_PASS_TIME,NOT_IN_INHERITED_CANDIDATE_REVIEW,NOT_IN_INHERITED_CANDIDATE_REVIEW,BOUNDARY_TELEMETRY_DOES_NOT_ESTABLISH_PASS,prediction_windows_37.csv.gz + laptime_source_inventory_37.csv,,,FIXED_PAIR_CLASSIFIED_ORDER_REVERSED_AT_NEXT_LAP_BOUNDARY,FALSE,AUTOMATED_PROXY_LINK_UNREVIEWED
7e389a74809ecd2de83b,2020:Emilia Romagna Grand Prix:Race,train,development_test,NOR,SAI,50,51,5951.618,6027.83,76.212,2020-11-01T13:19:13.893000000,2020-11-01T13:20:30.105000000,93562f6d2be22c7c152eafe3,2020:Emilia Romagna Grand Prix:Race|NOR|SAI|50|51,INHERITED_CANDIDATE_ID,MATCHED_TO_INHERITED_CANDIDATE,OTHER_POSITION_CHANGE,AUTOMATED_REVIEW_UNREVIEWED,NOR:10;SAI:9,NOR:7;SAI:9,NOT_AVAILABLE_FROM_FASTF1_POSITION_XYZ,2020-11-01T13:19:13.893000+00:00,2020-11-01T13:20:30.105000+00:00,4.224,PIT_LAP_OVERLAP_RECORDED_BUT_TIME_OF_DAY_ONLY,RC_RECORD_ON_DECISION_OR_ENDPOINT_LAP,"FastF1 car_data and pos_data present for selected race; pos_data contains XYZ/status, not classified running order or pass timestamp",event_review_37.csv + candidate source,https://raw.githubusercontent.com/TracingInsights/2020/264ae1db8f1381540fb839c89f7b249ae2d8957d/Emilia%20Romagna%20Grand%20Prix/Race/NOR/laptimes.json|https://raw.githubusercontent.com/TracingInsights/2020/264ae1db8f1381540fb839c89f7b249ae2d8957d/Emilia%20Romagna%20Grand%20Prix/Race/SAI/laptimes.json,359df198d692ebd38f8e5edded9a5a3c11707105b63ae7a718d2c8d985f3210e|e3df554c483c7c692d75cf83bf9117c08dff0bfc433f34a127e24d70cf348288,FIXED_PAIR_CLASSIFIED_ORDER_REVERSED_AT_NEXT_LAP_BOUNDARY,FALSE,AUTOMATED_REVIEW_UNREVIEWED
780158b67656dc586f65,2020:Emilia Romagna Grand Prix:Race,train,development_test,PER,NOR,12,13,2893.682,2973.692,80.01,2020-11-01T12:28:15.957000000,2020-11-01T12:29:35.967000000,,2020:Emilia Romagna Grand Prix:Race|PER|NOR|12|13,BOUNDARY_PROXY_KEY,OUTSIDE_INHERITED_CANDIDATE_UNIVERSE,OUTSIDE_CANDIDATE_UNIVERSE,AUTOMATED_PROXY_LINK_UNREVIEWED,PER:10;NOR:9,PER:9;NOR:10,NOT_AVAILABLE_FROM_BOUNDARY_LAPTIMES,2020-11-01T12:28:15.957000000,2020-11-01T12:29:35.967000000,BOUNDARY_INTERVAL_ONLY_NOT_EXACT_PASS_TIME,NOT_IN_INHERITED_CANDIDATE_REVIEW,NOT_IN_INHERITED_CANDIDATE_REVIEW,BOUNDARY_TELEMETRY_DOES_NOT_ESTABLISH_PASS,prediction_windows_37.csv.gz + laptime_source_inventory_37.csv,,,FIXED_PAIR_CLASSIFIED_ORDER_REVERSED_AT_NEXT_LAP_BOUNDARY,FALSE,AUTOMATED_PROXY_LINK_UNREVIEWED
8958e23d2cd1b4fd4a56,2020:Emilia Romagna Grand Prix:Race,train,development_test,PER,LAT,33,34,4597.378,4674.363,76.985,2020-11-01T12:56:39.653000000,2020-11-01T12:57:56.638000000,,2020:Emilia Romagna Grand Prix:Race|PER|LAT|33|34,BOUNDARY_PROXY_KEY,OUTSIDE_INHERITED_CANDIDATE_UNIVERSE,OUTSIDE_CANDIDATE_UNIVERSE,AUTOMATED_PROXY_LINK_UNREVIEWED,PER:7;LAT:6,PER:6;LAT:7,NOT_AVAILABLE_FROM_BOUNDARY_LAPTIMES,2020-11-01T12:56:39.653000000,2020-11-01T12:57:56.638000000,BOUNDARY_INTERVAL_ONLY_NOT_EXACT_PASS_TIME,NOT_IN_INHERITED_CANDIDATE_REVIEW,NOT_IN_INHERITED_CANDIDATE_REVIEW,BOUNDARY_TELEMETRY_DOES_NOT_ESTABLISH_PASS,prediction_windows_37.csv.gz + laptime_source_inventory_37.csv,,,FIXED_PAIR_CLASSIFIED_ORDER_REVERSED_AT_NEXT_LAP_BOUNDARY,FALSE,AUTOMATED_PROXY_LINK_UNREVIEWED
e4e5b9874f67b1e204af,2020:Emilia Romagna Grand Prix:Race,train,development_test,PER,RAI,47,48,5700.227,5778.056,77.829,2020-11-01T13:15:02.502000000,2020-11-01T13:16:20.331000000,0bff05d905ecc4c7a0d20c96,2020:Emilia Romagna Grand Prix:Race|PER|RAI|47|48,INHERITED_CANDIDATE_ID,MATCHED_TO_INHERITED_CANDIDATE,OTHER_POSITION_CHANGE,AUTOMATED_REVIEW_UNREVIEWED,PER:5;RAI:4,PER:4;RAI:5,NOT_AVAILABLE_FROM_FASTF1_POSITION_XYZ,2020-11-01T13:15:02.502000+00:00,2020-11-01T13:16:20.331000+00:00,2.05,PIT_LAP_OVERLAP_RECORDED_BUT_TIME_OF_DAY_ONLY,RC_RECORD_ON_DECISION_OR_ENDPOINT_LAP,"FastF1 car_data and pos_data present for selected race; pos_data contains XYZ/status, not classified running order or pass timestamp",event_review_37.csv + candidate source,https://raw.githubusercontent.com/TracingInsights/2020/264ae1db8f1381540fb839c89f7b249ae2d8957d/Emilia%20Romagna%20Grand%20Prix/Race/PER/laptimes.json|https://raw.githubusercontent.com/TracingInsights/2020/264ae1db8f1381540fb839c89f7b249ae2d8957d/Emilia%20Romagna%20Grand%20Prix/Race/RAI/laptimes.json,3e66a9ea0d05109e664be0b2f7731f23b9113e4d61723f6f615429fae6dc8bec|ca86a1452892c25f4063313b0e06a4228819d6600b635a464e32b6baa9570595,FIXED_PAIR_CLASSIFIED_ORDER_REVERSED_AT_NEXT_LAP_BOUNDARY,FALSE,AUTOMATED_REVIEW_UNREVIEWED
066f894661de5e368868,2020:Emilia Romagna Grand Prix:Race,train,development_test,STR,MAG,35,36,4804.519,4883.211,78.692,2020-11-01T13:00:06.794000000,2020-11-01T13:01:25.486000000,,2020:Emilia Romagna Grand Prix:Race|STR|MAG|35|36,BOUNDARY_PROXY_KEY,OUTSIDE_INHERITED_CANDIDATE_UNIVERSE,OUTSIDE_CANDIDATE_UNIVERSE,AUTOMATED_PROXY_LINK_UNREVIEWED,STR:18;MAG:17,STR:17;MAG:18,NOT_AVAILABLE_FROM_BOUNDARY_LAPTIMES,2020-11-01T13:00:06.794000000,2020-11-01T13:01:25.486000000,BOUNDARY_INTERVAL_ONLY_NOT_EXACT_PASS_TIME,NOT_IN_INHERITED_CANDIDATE_REVIEW,NOT_IN_INHERITED_CANDIDATE_REVIEW,BOUNDARY_TELEMETRY_DOES_NOT_ESTABLISH_PASS,prediction_windows_37.csv.gz + laptime_source_inventory_37.csv,,,FIXED_PAIR_CLASSIFIED_ORDER_REVERSED_AT_NEXT_LAP_BOUNDARY,FALSE,AUTOMATED_PROXY_LINK_UNREVIEWED
e8272c24a4a80b098396,2020:Emilia Romagna Grand Prix:Race,train,development_test,VER,BOT,42,43,5271.439,5350.444,79.005,2020-11-01T13:07:53.714000000,2020-11-01T13:09:12.719000000,,2020:Emilia Romagna Grand Prix:Race|VER|BOT|42|43,BOUNDARY_PROXY_KEY,OUTSIDE_INHERITED_CANDIDATE_UNIVERSE,OUTSIDE_CANDIDATE_UNIVERSE,AUTOMATED_PROXY_LINK_UNREVIEWED,VER:3;BOT:2,VER:2;BOT:3,NOT_AVAILABLE_FROM_BOUNDARY_LAPTIMES,2020-11-01T13:07:53.714000000,2020-11-01T13:09:12.719000000,BOUNDARY_INTERVAL_ONLY_NOT_EXACT_PASS_TIME,NOT_IN_INHERITED_CANDIDATE_REVIEW,NOT_IN_INHERITED_CANDIDATE_REVIEW,BOUNDARY_TELEMETRY_DOES_NOT_ESTABLISH_PASS,prediction_windows_37.csv.gz + laptime_source_inventory_37.csv,,,FIXED_PAIR_CLASSIFIED_ORDER_REVERSED_AT_NEXT_LAP_BOUNDARY,FALSE,AUTOMATED_PROXY_LINK_UNREVIEWED
414a940e1cf7ce69f1f4,2020:Emilia Romagna Grand Prix:Race,train,development_test,VET,OCO,12,13,2899.466,2976.061,76.595,2020-11-01T12:28:21.741000000,2020-11-01T12:29:38.336000000,,2020:Emilia Romagna Grand Prix:Race|VET|OCO|12|13,BOUNDARY_PROXY_KEY,OUTSIDE_INHERITED_CANDIDATE_UNIVERSE,OUTSIDE_CANDIDATE_UNIVERSE,AUTOMATED_PROXY_LINK_UNREVIEWED,VET:12;OCO:11,VET:11;OCO:12,NOT_AVAILABLE_FROM_BOUNDARY_LAPTIMES,2020-11-01T12:28:21.741000000,2020-11-01T12:29:38.336000000,BOUNDARY_INTERVAL_ONLY_NOT_EXACT_PASS_TIME,NOT_IN_INHERITED_CANDIDATE_REVIEW,NOT_IN_INHERITED_CANDIDATE_REVIEW,BOUNDARY_TELEMETRY_DOES_NOT_ESTABLISH_PASS,prediction_windows_37.csv.gz + laptime_source_inventory_37.csv,,,FIXED_PAIR_CLASSIFIED_ORDER_REVERSED_AT_NEXT_LAP_BOUNDARY,FALSE,AUTOMATED_PROXY_LINK_UNREVIEWED
46060087d2ed76879f83,2020:Hungarian Grand Prix:Race,train,development_validation,ALB,LAT,2,3,2085.189,2180.77,95.581,2020-07-19T13:14:45.389000000,2020-07-19T13:16:20.970000000,05328a7c5c825a25c939d579,2020:Hungarian Grand Prix:Race|ALB|LAT|2|3,INHERITED_CANDIDATE_ID,MATCHED_TO_INHERITED_CANDIDATE,OTHER_POSITION_CHANGE,AUTOMATED_REVIEW_UNREVIEWED,ALB:11;LAT:10,ALB:9;LAT:11,NOT_AVAILABLE_FROM_FASTF1_POSITION_XYZ,2020-07-19T13:14:45.389000+00:00,2020-07-19T13:16:20.970000+00:00,1.119,PIT_LAP_OVERLAP_RECORDED_BUT_TIME_OF_DAY_ONLY,NO_RC_RECORD_ON_DECISION_OR_ENDPOINT_LAP,"FastF1 car_data and pos_data present for selected race; pos_data contains XYZ/status, not classified running order or pass timestamp",event_review_37.csv + candidate source,https://raw.githubusercontent.com/TracingInsights/2020/264ae1db8f1381540fb839c89f7b249ae2d8957d/Hungarian%20Grand%20Prix/Race/ALB/laptimes.json|https://raw.githubusercontent.com/TracingInsights/2020/264ae1db8f1381540fb839c89f7b249ae2d8957d/Hungarian%20Grand%20Prix/Race/LAT/laptimes.json,1927f1547c1348886a96ca0d7b1bc0491bd24e5b289a36812ec8dca05fd58f85|daf1f3615bcba048995032f0bfc3283eea259220aafa83dc4923f8fc939c5c69,FIXED_PAIR_CLASSIFIED_ORDER_REVERSED_AT_NEXT_LAP_BOUNDARY,FALSE,AUTOMATED_REVIEW_UNREVIEWED
0f3ebaa49da6f7ec4b1d,2020:Hungarian Grand Prix:Race,train,development_validation,ALB,LEC,17,18,3407.706,3491.572,83.866,2020-07-19T13:36:47.906000000,2020-07-19T13:38:11.772000000,a01bab6ee003a211739c332d,2020:Hungarian Grand Prix:Race|ALB|LEC|17|18,INHERITED_CANDIDATE_ID,MATCHED_TO_INHERITED_CANDIDATE,UNRESOLVED,AUTOMATED_REVIEW_UNREVIEWED,ALB:8;LEC:7,ALB:7;LEC:8,NOT_AVAILABLE_FROM_FASTF1_POSITION_XYZ,2020-07-19T13:36:47.906000+00:00,2020-07-19T13:38:11.772000+00:00,1.099,NO_RELEVANT_PIT_ROW_FOUND_IN_CONTEXT,NO_RC_RECORD_ON_DECISION_OR_ENDPOINT_LAP,"FastF1 car_data and pos_data present for selected race; pos_data contains XYZ/status, not classified running order or pass timestamp",event_review_37.csv + candidate source,https://raw.githubusercontent.com/TracingInsights/2020/264ae1db8f1381540fb839c89f7b249ae2d8957d/Hungarian%20Grand%20Prix/Race/ALB/laptimes.json|https://raw.githubusercontent.com/TracingInsights/2020/264ae1db8f1381540fb839c89f7b249ae2d8957d/Hungarian%20Grand%20Prix/Race/LEC/laptimes.json,35419919293ee519b622caf5adf24af2a5268c609ad00873ebdd1787a810d407|daf1f3615bcba048995032f0bfc3283eea259220aafa83dc4923f8fc939c5c69,FIXED_PAIR_CLASSIFIED_ORDER_REVERSED_AT_NEXT_LAP_BOUNDARY,FALSE,AUTOMATED_REVIEW_UNREVIEWED
093a746b8c369d627b7c,2020:Hungarian Grand Prix:Race,train,development_validation,ALB,GRO,28,29,4321.155,4404.264,83.109,2020-07-19T13:52:01.355000000,2020-07-19T13:53:24.464000000,3343f6e48d8a207a558bde34,2020:Hungarian Grand Prix:Race|ALB|GRO|28|29,INHERITED_CANDIDATE_ID,MATCHED_TO_INHERITED_CANDIDATE,UNRESOLVED,AUTOMATED_REVIEW_UNREVIEWED,ALB:7;GRO:6,ALB:6;GRO:7,NOT_AVAILABLE_FROM_FASTF1_POSITION_XYZ,2020-07-19T13:52:01.355000+00:00,2020-07-19T13:53:24.464000+00:00,1.321,NO_RELEVANT_PIT_ROW_FOUND_IN_CONTEXT,RC_RECORD_ON_DECISION_OR_ENDPOINT_LAP,"FastF1 car_data and pos_data present for selected race; pos_data contains XYZ/status, not classified running order or pass timestamp",event_review_37.csv + candidate source,https://raw.githubusercontent.com/TracingInsights/2020/264ae1db8f1381540fb839c89f7b249ae2d8957d/Hungarian%20Grand%20Prix/Race/ALB/laptimes.json|https://raw.githubusercontent.com/TracingInsights/2020/264ae1db8f1381540fb839c89f7b249ae2d8957d/Hungarian%20Grand%20Prix/Race/GRO/laptimes.json,53fc92e10064d3b6c97269235dd80b484198ebcf9b2cbcc34afc240562d1ac14|daf1f3615bcba048995032f0bfc3283eea259220aafa83dc4923f8fc939c5c69,FIXED_PAIR_CLASSIFIED_ORDER_REVERSED_AT_NEXT_LAP_BOUNDARY,FALSE,AUTOMATED_REVIEW_UNREVIEWED
c4ab78d21efb5675dd13,2020:Hungarian Grand Prix:Race,train,development_validation,ALB,VET,65,66,7348.628,7428.204,79.576,2020-07-19T14:42:28.828000000,2020-07-19T14:43:48.404000000,e917cb6d78a672ff5e211e38,2020:Hungarian Grand Prix:Race|ALB|VET|65|66,INHERITED_CANDIDATE_ID,MATCHED_TO_INHERITED_CANDIDATE,UNRESOLVED,AUTOMATED_REVIEW_UNREVIEWED,ALB:6;VET:5,ALB:5;VET:6,NOT_AVAILABLE_FROM_FASTF1_POSITION_XYZ,2020-07-19T14:42:28.828000+00:00,2020-07-19T14:43:48.404000+00:00,1.924,NO_RELEVANT_PIT_ROW_FOUND_IN_CONTEXT,RC_RECORD_ON_DECISION_OR_ENDPOINT_LAP,"FastF1 car_data and pos_data present for selected race; pos_data contains XYZ/status, not classified running order or pass timestamp",event_review_37.csv + candidate source,https://raw.githubusercontent.com/TracingInsights/2020/264ae1db8f1381540fb839c89f7b249ae2d8957d/Hungarian%20Grand%20Prix/Race/ALB/laptimes.json|https://raw.githubusercontent.com/TracingInsights/2020/264ae1db8f1381540fb839c89f7b249ae2d8957d/Hungarian%20Grand%20Prix/Race/VET/laptimes.json,aa2d4dcd3a9544b1b500421e648f9f6550163b0aaca0f7f178ae4c06be50ba54|daf1f3615bcba048995032f0bfc3283eea259220aafa83dc4923f8fc939c5c69,FIXED_PAIR_CLASSIFIED_ORDER_REVERSED_AT_NEXT_LAP_BOUNDARY,FALSE,AUTOMATED_REVIEW_UNREVIEWED
c737310cfe430b66fce3,2020:Hungarian Grand Prix:Race,train,development_validation,BOT,LEC,9,10,2733.756,2816.613,82.857,2020-07-19T13:25:33.956000000,2020-07-19T13:26:56.813000000,4bcc046cc2b12e09a6bc2fd7,2020:Hungarian Grand Prix:Race|BOT|LEC|9|10,INHERITED_CANDIDATE_ID,MATCHED_TO_INHERITED_CANDIDATE,UNRESOLVED,AUTOMATED_REVIEW_UNREVIEWED,BOT:7;LEC:6,BOT:6;LEC:7,NOT_AVAILABLE_FROM_FASTF1_POSITION_XYZ,2020-07-19T13:25:33.956000+00:00,2020-07-19T13:26:56.813000+00:00,2.061,NO_RELEVANT_PIT_ROW_FOUND_IN_CONTEXT,RC_RECORD_ON_DECISION_OR_ENDPOINT_LAP,"FastF1 car_data and pos_data present for selected race; pos_data contains XYZ/status, not classified running order or pass timestamp",event_review_37.csv + candidate source,https://raw.githubusercontent.com/TracingInsights/2020/264ae1db8f1381540fb839c89f7b249ae2d8957d/Hungarian%20Grand%20Prix/Race/BOT/laptimes.json|https://raw.githubusercontent.com/TracingInsights/2020/264ae1db8f1381540fb839c89f7b249ae2d8957d/Hungarian%20Grand%20Prix/Race/LEC/laptimes.json,35419919293ee519b622caf5adf24af2a5268c609ad00873ebdd1787a810d407|4cf99122b9a6e3b343b9f9166e9b7afaf2b8b116ba3305d44ea39d7a0f36f4a1,FIXED_PAIR_CLASSIFIED_ORDER_REVERSED_AT_NEXT_LAP_BOUNDARY,FALSE,AUTOMATED_REVIEW_UNREVIEWED
ff3fc41714dcc5265bd7,2020:Hungarian Grand Prix:Race,train,development_validation,BOT,GRO,11,12,2899.046,2981.472,82.426,2020-07-19T13:28:19.246000000,2020-07-19T13:29:41.672000000,197d3a3cee9591a589042aee,2020:Hungarian Grand Prix:Race|BOT|GRO|11|12,INHERITED_CANDIDATE_ID,MATCHED_TO_INHERITED_CANDIDATE,UNRESOLVED,AUTOMATED_REVIEW_UNREVIEWED,BOT:6;GRO:5,BOT:5;GRO:6,NOT_AVAILABLE_FROM_FASTF1_POSITION_XYZ,2020-07-19T13:28:19.246000+00:00,2020-07-19T13:29:41.672000+00:00,1.703,NO_RELEVANT_PIT_ROW_FOUND_IN_CONTEXT,RC_RECORD_ON_DECISION_OR_ENDPOINT_LAP,"FastF1 car_data and pos_data present for selected race; pos_data contains XYZ/status, not classified running order or pass timestamp",event_review_37.csv + candidate source,https://raw.githubusercontent.com/TracingInsights/2020/264ae1db8f1381540fb839c89f7b249ae2d8957d/Hungarian%20Grand%20Prix/Race/BOT/laptimes.json|https://raw.githubusercontent.com/TracingInsights/2020/264ae1db8f1381540fb839c89f7b249ae2d8957d/Hungarian%20Grand%20Prix/Race/GRO/laptimes.json,4cf99122b9a6e3b343b9f9166e9b7afaf2b8b116ba3305d44ea39d7a0f36f4a1|53fc92e10064d3b6c97269235dd80b484198ebcf9b2cbcc34afc240562d1ac14,FIXED_PAIR_CLASSIFIED_ORDER_REVERSED_AT_NEXT_LAP_BOUNDARY,FALSE,AUTOMATED_REVIEW_UNREVIEWED
4065252612b580c063ab,2020:Hungarian Grand Prix:Race,train,development_validation,BOT,MAG,16,17,3309.772,3392.466,82.694,2020-07-19T13:35:09.972000000,2020-07-19T13:36:32.666000000,ea4f5699f08b731189050f38,2020:Hungarian Grand Prix:Race|BOT|MAG|16|17,INHERITED_CANDIDATE_ID,MATCHED_TO_INHERITED_CANDIDATE,UNRESOLVED,AUTOMATED_REVIEW_UNREVIEWED,BOT:5;MAG:4,BOT:4;MAG:5,NOT_AVAILABLE_FROM_FASTF1_POSITION_XYZ,2020-07-19T13:35:09.972000+00:00,2020-07-19T13:36:32.666000+00:00,2.335,NO_RELEVANT_PIT_ROW_FOUND_IN_CONTEXT,NO_RC_RECORD_ON_DECISION_OR_ENDPOINT_LAP,"FastF1 car_data and pos_data present for selected race; pos_data contains XYZ/status, not classified running order or pass timestamp",event_review_37.csv + candidate source,https://raw.githubusercontent.com/TracingInsights/2020/264ae1db8f1381540fb839c89f7b249ae2d8957d/Hungarian%20Grand%20Prix/Race/BOT/laptimes.json|https://raw.githubusercontent.com/TracingInsights/2020/264ae1db8f1381540fb839c89f7b249ae2d8957d/Hungarian%20Grand%20Prix/Race/MAG/laptimes.json,4cf99122b9a6e3b343b9f9166e9b7afaf2b8b116ba3305d44ea39d7a0f36f4a1|cd50300e8e9530d2aaf12e1cc65693c7fa8b465b22c265101905f06387343d51,FIXED_PAIR_CLASSIFIED_ORDER_REVERSED_AT_NEXT_LAP_BOUNDARY,FALSE,AUTOMATED_REVIEW_UNREVIEWED
6ee7d1f9630f45bbef1d,2020:Hungarian Grand Prix:Race,train,development_validation,LEC,RAI,32,33,4680.949,4760.913,79.964,2020-07-19T13:58:01.149000000,2020-07-19T13:59:21.113000000,6512a8cc2353e7e1b8c5544e,2020:Hungarian Grand Prix:Race|LEC|RAI|32|33,INHERITED_CANDIDATE_ID,MATCHED_TO_INHERITED_CANDIDATE,OTHER_POSITION_CHANGE,AUTOMATED_REVIEW_UNREVIEWED,LEC:13;RAI:12,LEC:12;RAI:13,NOT_AVAILABLE_FROM_FASTF1_POSITION_XYZ,2020-07-19T13:58:01.149000+00:00,2020-07-19T13:59:21.113000+00:00,5.266,PIT_LAP_OVERLAP_RECORDED_BUT_TIME_OF_DAY_ONLY,RC_RECORD_ON_DECISION_OR_ENDPOINT_LAP,"FastF1 car_data and pos_data present for selected race; pos_data contains XYZ/status, not classified running order or pass timestamp",event_review_37.csv + candidate source,https://raw.githubusercontent.com/TracingInsights/2020/264ae1db8f1381540fb839c89f7b249ae2d8957d/Hungarian%20Grand%20Prix/Race/LEC/laptimes.json|https://raw.githubusercontent.com/TracingInsights/2020/264ae1db8f1381540fb839c89f7b249ae2d8957d/Hungarian%20Grand%20Prix/Race/RAI/laptimes.json,35419919293ee519b622caf5adf24af2a5268c609ad00873ebdd1787a810d407|acb5331e09a8ee8286bdd3c350964d89b90d29ada17f4250513ae2091802812f,FIXED_PAIR_CLASSIFIED_ORDER_REVERSED_AT_NEXT_LAP_BOUNDARY,FALSE,AUTOMATED_REVIEW_UNREVIEWED
b5898f2aefe2f2800c9e,2020:Hungarian Grand Prix:Race,train,development_validation,MAG,GIO,3,4,2193.302,2287.318,94.016,2020-07-19T13:16:33.502000000,2020-07-19T13:18:07.518000000,,2020:Hungarian Grand Prix:Race|MAG|GIO|3|4,BOUNDARY_PROXY_KEY,OUTSIDE_INHERITED_CANDIDATE_UNIVERSE,OUTSIDE_CANDIDATE_UNIVERSE,AUTOMATED_PROXY_LINK_UNREVIEWED,MAG:16;GIO:15,MAG:5;GIO:15,NOT_AVAILABLE_FROM_BOUNDARY_LAPTIMES,2020-07-19T13:16:33.502000000,2020-07-19T13:18:07.518000000,BOUNDARY_INTERVAL_ONLY_NOT_EXACT_PASS_TIME,NOT_IN_INHERITED_CANDIDATE_REVIEW,NOT_IN_INHERITED_CANDIDATE_REVIEW,BOUNDARY_TELEMETRY_DOES_NOT_ESTABLISH_PASS,prediction_windows_37.csv.gz + laptime_source_inventory_37.csv,,,FIXED_PAIR_CLASSIFIED_ORDER_REVERSED_AT_NEXT_LAP_BOUNDARY,FALSE,AUTOMATED_PROXY_LINK_UNREVIEWED
293d32eed76119b5729c,2020:Hungarian Grand Prix:Race,train,development_validation,NOR,GAS,2,3,2086.6,2182.36,95.76,2020-07-19T13:14:46.800000000,2020-07-19T13:16:22.560000000,,2020:Hungarian Grand Prix:Race|NOR|GAS|2|3,BOUNDARY_PROXY_KEY,OUTSIDE_INHERITED_CANDIDATE_UNIVERSE,OUTSIDE_CANDIDATE_UNIVERSE,AUTOMATED_PROXY_LINK_UNREVIEWED,NOR:13;GAS:12,NOR:10;GAS:12,NOT_AVAILABLE_FROM_BOUNDARY_LAPTIMES,2020-07-19T13:14:46.800000000,2020-07-19T13:16:22.560000000,BOUNDARY_INTERVAL_ONLY_NOT_EXACT_PASS_TIME,NOT_IN_INHERITED_CANDIDATE_REVIEW,NOT_IN_INHERITED_CANDIDATE_REVIEW,BOUNDARY_TELEMETRY_DOES_NOT_ESTABLISH_PASS,prediction_windows_37.csv.gz + laptime_source_inventory_37.csv,,,FIXED_PAIR_CLASSIFIED_ORDER_REVERSED_AT_NEXT_LAP_BOUNDARY,FALSE,AUTOMATED_PROXY_LINK_UNREVIEWED
c6fcfe7d8a6b93321afb,2020:Hungarian Grand Prix:Race,train,development_validation,NOR,RUS,14,15,3173.037,3258.804,85.767,2020-07-19T13:32:53.237000000,2020-07-19T13:34:19.004000000,11495380b3df84f25df5d0b2,2020:Hungarian Grand Prix:Race|NOR|RUS|14|15,INHERITED_CANDIDATE_ID,MATCHED_TO_INHERITED_CANDIDATE,UNRESOLVED,AUTOMATED_REVIEW_UNREVIEWED,NOR:18;RUS:17,NOR:16;RUS:17,NOT_AVAILABLE_FROM_FASTF1_POSITION_XYZ,2020-07-19T13:32:53.237000+00:00,2020-07-19T13:34:19.004000+00:00,1.007,NO_RELEVANT_PIT_ROW_FOUND_IN_CONTEXT,RC_RECORD_ON_DECISION_OR_ENDPOINT_LAP,"FastF1 car_data and pos_data present for selected race; pos_data contains XYZ/status, not classified running order or pass timestamp",event_review_37.csv + candidate source,https://raw.githubusercontent.com/TracingInsights/2020/264ae1db8f1381540fb839c89f7b249ae2d8957d/Hungarian%20Grand%20Prix/Race/NOR/laptimes.json|https://raw.githubusercontent.com/TracingInsights/2020/264ae1db8f1381540fb839c89f7b249ae2d8957d/Hungarian%20Grand%20Prix/Race/RUS/laptimes.json,a3ad90694770a3b0dff94dd2ad4253fefbd9d1bd7e8f1277be19d1d10e8f4a26|f566364ee8d05943be82ca4877acaec5981dd796a7c634bed9583257f81cf673,FIXED_PAIR_CLASSIFIED_ORDER_REVERSED_AT_NEXT_LAP_BOUNDARY,FALSE,AUTOMATED_REVIEW_UNREVIEWED
bddc728a35d5763f6e4e,2020:Hungarian Grand Prix:Race,train,development_validation,NOR,GRO,47,48,5927.551,6008.241,80.69,2020-07-19T14:18:47.751000000,2020-07-19T14:20:08.441000000,,2020:Hungarian Grand Prix:Race|NOR|GRO|47|48,BOUNDARY_PROXY_KEY,OUTSIDE_INHERITED_CANDIDATE_UNIVERSE,OUTSIDE_CANDIDATE_UNIVERSE,AUTOMATED_PROXY_LINK_UNREVIEWED,NOR:15;GRO:14,NOR:14;GRO:15,NOT_AVAILABLE_FROM_BOUNDARY_LAPTIMES,2020-07-19T14:18:47.751000000,2020-07-19T14:20:08.441000000,BOUNDARY_INTERVAL_ONLY_NOT_EXACT_PASS_TIME,NOT_IN_INHERITED_CANDIDATE_REVIEW,NOT_IN_INHERITED_CANDIDATE_REVIEW,BOUNDARY_TELEMETRY_DOES_NOT_ESTABLISH_PASS,prediction_windows_37.csv.gz + laptime_source_inventory_37.csv,,,FIXED_PAIR_CLASSIFIED_ORDER_REVERSED_AT_NEXT_LAP_BOUNDARY,FALSE,AUTOMATED_PROXY_LINK_UNREVIEWED
5d9f4b41c64493de7259,2020:Hungarian Grand Prix:Race,train,development_validation,OCO,NOR,2,3,2088.173,2184.069,95.896,2020-07-19T13:14:48.373000000,2020-07-19T13:16:24.269000000,,2020:Hungarian Grand Prix:Race|OCO|NOR|2|3,BOUNDARY_PROXY_KEY,OUTSIDE_INHERITED_CANDIDATE_UNIVERSE,OUTSIDE_CANDIDATE_UNIVERSE,AUTOMATED_PROXY_LINK_UNREVIEWED,OCO:14;NOR:13,OCO:8;NOR:10,NOT_AVAILABLE_FROM_BOUNDARY_LAPTIMES,2020-07-19T13:14:48.373000000,2020-07-19T13:16:24.269000000,BOUNDARY_INTERVAL_ONLY_NOT_EXACT_PASS_TIME,NOT_IN_INHERITED_CANDIDATE_REVIEW,NOT_IN_INHERITED_CANDIDATE_REVIEW,BOUNDARY_TELEMETRY_DOES_NOT_ESTABLISH_PASS,prediction_windows_37.csv.gz + laptime_source_inventory_37.csv,,,FIXED_PAIR_CLASSIFIED_ORDER_REVERSED_AT_NEXT_LAP_BOUNDARY,FALSE,AUTOMATED_PROXY_LINK_UNREVIEWED
a7ee60a0617a618aa78f,2020:Hungarian Grand Prix:Race,train,development_validation,OCO,GAS,14,15,3171.394,3257.426,86.032,2020-07-19T13:32:51.594000000,2020-07-19T13:34:17.626000000,,2020:Hungarian Grand Prix:Race|OCO|GAS|14|15,BOUNDARY_PROXY_KEY,OUTSIDE_INHERITED_CANDIDATE_UNIVERSE,OUTSIDE_CANDIDATE_UNIVERSE,AUTOMATED_PROXY_LINK_UNREVIEWED,OCO:16;GAS:15,OCO:15;GAS:18,NOT_AVAILABLE_FROM_BOUNDARY_LAPTIMES,2020-07-19T13:32:51.594000000,2020-07-19T13:34:17.626000000,BOUNDARY_INTERVAL_ONLY_NOT_EXACT_PASS_TIME,NOT_IN_INHERITED_CANDIDATE_REVIEW,NOT_IN_INHERITED_CANDIDATE_REVIEW,BOUNDARY_TELEMETRY_DOES_NOT_ESTABLISH_PASS,prediction_windows_37.csv.gz + laptime_source_inventory_37.csv,,,FIXED_PAIR_CLASSIFIED_ORDER_REVERSED_AT_NEXT_LAP_BOUNDARY,FALSE,AUTOMATED_PROXY_LINK_UNREVIEWED
86dd7fb6ce9ee641b51e,2020:Hungarian Grand Prix:Race,train,development_validation,PER,VET,28,29,4324.275,4405.681,81.406,2020-07-19T13:52:04.475000000,2020-07-19T13:53:25.881000000,e9e4b375973ae2bf7a9d8fdc,2020:Hungarian Grand Prix:Race|PER|VET|28|29,INHERITED_CANDIDATE_ID,MATCHED_TO_INHERITED_CANDIDATE,OTHER_POSITION_CHANGE,AUTOMATED_REVIEW_UNREVIEWED,PER:9;VET:8,PER:8;VET:9,NOT_AVAILABLE_FROM_FASTF1_POSITION_XYZ,2020-07-19T13:52:04.475000+00:00,2020-07-19T13:53:25.881000+00:00,3.7,PIT_LAP_OVERLAP_RECORDED_BUT_TIME_OF_DAY_ONLY,RC_RECORD_ON_DECISION_OR_ENDPOINT_LAP,"FastF1 car_data and pos_data present for selected race; pos_data contains XYZ/status, not classified running order or pass timestamp",event_review_37.csv + candidate source,https://raw.githubusercontent.com/TracingInsights/2020/264ae1db8f1381540fb839c89f7b249ae2d8957d/Hungarian%20Grand%20Prix/Race/PER/laptimes.json|https://raw.githubusercontent.com/TracingInsights/2020/264ae1db8f1381540fb839c89f7b249ae2d8957d/Hungarian%20Grand%20Prix/Race/VET/laptimes.json,8268d529d9d707695f45b95cf300af983a2b6dec340237e89b253500e6d8f8da|aa2d4dcd3a9544b1b500421e648f9f6550163b0aaca0f7f178ae4c06be50ba54,FIXED_PAIR_CLASSIFIED_ORDER_REVERSED_AT_NEXT_LAP_BOUNDARY,FALSE,AUTOMATED_REVIEW_UNREVIEWED
295a0ed9b9804cf90a1c,2020:Hungarian Grand Prix:Race,train,development_validation,RAI,GAS,13,14,3084.121,3170.263,86.142,2020-07-19T13:31:24.321000000,2020-07-19T13:32:50.463000000,,2020:Hungarian Grand Prix:Race|RAI|GAS|13|14,BOUNDARY_PROXY_KEY,OUTSIDE_INHERITED_CANDIDATE_UNIVERSE,OUTSIDE_CANDIDATE_UNIVERSE,AUTOMATED_PROXY_LINK_UNREVIEWED,RAI:15;GAS:14,RAI:14;GAS:15,NOT_AVAILABLE_FROM_BOUNDARY_LAPTIMES,2020-07-19T13:31:24.321000000,2020-07-19T13:32:50.463000000,BOUNDARY_INTERVAL_ONLY_NOT_EXACT_PASS_TIME,NOT_IN_INHERITED_CANDIDATE_REVIEW,NOT_IN_INHERITED_CANDIDATE_REVIEW,BOUNDARY_TELEMETRY_DOES_NOT_ESTABLISH_PASS,prediction_windows_37.csv.gz + laptime_source_inventory_37.csv,,,FIXED_PAIR_CLASSIFIED_ORDER_REVERSED_AT_NEXT_LAP_BOUNDARY,FALSE,AUTOMATED_PROXY_LINK_UNREVIEWED
eaf87616a52e8b22a803,2020:Hungarian Grand Prix:Race,train,development_validation,RAI,KVY,17,18,3422.1,3507.025,84.925,2020-07-19T13:37:02.300000000,2020-07-19T13:38:27.225000000,,2020:Hungarian Grand Prix:Race|RAI|KVY|17|18,BOUNDARY_PROXY_KEY,OUTSIDE_INHERITED_CANDIDATE_UNIVERSE,OUTSIDE_CANDIDATE_UNIVERSE,AUTOMATED_PROXY_LINK_UNREVIEWED,RAI:14;KVY:13,RAI:13;KVY:14,NOT_AVAILABLE_FROM_BOUNDARY_LAPTIMES,2020-07-19T13:37:02.300000000,2020-07-19T13:38:27.225000000,BOUNDARY_INTERVAL_ONLY_NOT_EXACT_PASS_TIME,NOT_IN_INHERITED_CANDIDATE_REVIEW,NOT_IN_INHERITED_CANDIDATE_REVIEW,BOUNDARY_TELEMETRY_DOES_NOT_ESTABLISH_PASS,prediction_windows_37.csv.gz + laptime_source_inventory_37.csv,,,FIXED_PAIR_CLASSIFIED_ORDER_REVERSED_AT_NEXT_LAP_BOUNDARY,FALSE,AUTOMATED_PROXY_LINK_UNREVIEWED
bb68731550eef9bdc9ca,2020:Hungarian Grand Prix:Race,train,development_validation,RIC,GRO,32,33,4661.078,4743.621,82.543,2020-07-19T13:57:41.278000000,2020-07-19T13:59:03.821000000,,2020:Hungarian Grand Prix:Race|RIC|GRO|32|33,BOUNDARY_PROXY_KEY,OUTSIDE_INHERITED_CANDIDATE_UNIVERSE,OUTSIDE_CANDIDATE_UNIVERSE,AUTOMATED_PROXY_LINK_UNREVIEWED,RIC:9;GRO:8,RIC:8;GRO:9,NOT_AVAILABLE_FROM_BOUNDARY_LAPTIMES,2020-07-19T13:57:41.278000000,2020-07-19T13:59:03.821000000,BOUNDARY_INTERVAL_ONLY_NOT_EXACT_PASS_TIME,NOT_IN_INHERITED_CANDIDATE_REVIEW,NOT_IN_INHERITED_CANDIDATE_REVIEW,BOUNDARY_TELEMETRY_DOES_NOT_ESTABLISH_PASS,prediction_windows_37.csv.gz + laptime_source_inventory_37.csv,,,FIXED_PAIR_CLASSIFIED_ORDER_REVERSED_AT_NEXT_LAP_BOUNDARY,FALSE,AUTOMATED_PROXY_LINK_UNREVIEWED
c49dc16dd0e3b21cd503,2020:Hungarian Grand Prix:Race,train,development_validation,RUS,RAI,2,3,2087.902,2185.774,97.872,2020-07-19T13:14:48.102000000,2020-07-19T13:16:25.974000000,,2020:Hungarian Grand Prix:Race|RUS|RAI|2|3,BOUNDARY_PROXY_KEY,OUTSIDE_INHERITED_CANDIDATE_UNIVERSE,OUTSIDE_CANDIDATE_UNIVERSE,AUTOMATED_PROXY_LINK_UNREVIEWED,RUS:16;RAI:15,RUS:13;RAI:14,NOT_AVAILABLE_FROM_BOUNDARY_LAPTIMES,2020-07-19T13:14:48.102000000,2020-07-19T13:16:25.974000000,BOUNDARY_INTERVAL_ONLY_NOT_EXACT_PASS_TIME,NOT_IN_INHERITED_CANDIDATE_REVIEW,NOT_IN_INHERITED_CANDIDATE_REVIEW,BOUNDARY_TELEMETRY_DOES_NOT_ESTABLISH_PASS,prediction_windows_37.csv.gz + laptime_source_inventory_37.csv,,,FIXED_PAIR_CLASSIFIED_ORDER_REVERSED_AT_NEXT_LAP_BOUNDARY,FALSE,AUTOMATED_PROXY_LINK_UNREVIEWED
cd1b81b56e04b013a495,2020:Hungarian Grand Prix:Race,train,development_validation,VER,STR,2,3,2077.184,2170.137,92.953,2020-07-19T13:14:37.384000000,2020-07-19T13:16:10.337000000,,2020:Hungarian Grand Prix:Race|VER|STR|2|3,BOUNDARY_PROXY_KEY,OUTSIDE_INHERITED_CANDIDATE_UNIVERSE,OUTSIDE_CANDIDATE_UNIVERSE,AUTOMATED_PROXY_LINK_UNREVIEWED,VER:3;STR:2,VER:2;STR:3,NOT_AVAILABLE_FROM_BOUNDARY_LAPTIMES,2020-07-19T13:14:37.384000000,2020-07-19T13:16:10.337000000,BOUNDARY_INTERVAL_ONLY_NOT_EXACT_PASS_TIME,NOT_IN_INHERITED_CANDIDATE_REVIEW,NOT_IN_INHERITED_CANDIDATE_REVIEW,BOUNDARY_TELEMETRY_DOES_NOT_ESTABLISH_PASS,prediction_windows_37.csv.gz + laptime_source_inventory_37.csv,,,FIXED_PAIR_CLASSIFIED_ORDER_REVERSED_AT_NEXT_LAP_BOUNDARY,FALSE,AUTOMATED_PROXY_LINK_UNREVIEWED
6268181d2439d514bba3,2020:Hungarian Grand Prix:Race,train,development_validation,VET,LEC,18,19,3492.772,3577.465,84.693,2020-07-19T13:38:12.972000000,2020-07-19T13:39:37.665000000,,2020:Hungarian Grand Prix:Race|VET|LEC|18|19,BOUNDARY_PROXY_KEY,OUTSIDE_INHERITED_CANDIDATE_UNIVERSE,OUTSIDE_CANDIDATE_UNIVERSE,AUTOMATED_PROXY_LINK_UNREVIEWED,VET:9;LEC:8,VET:8;LEC:9,NOT_AVAILABLE_FROM_BOUNDARY_LAPTIMES,2020-07-19T13:38:12.972000000,2020-07-19T13:39:37.665000000,BOUNDARY_INTERVAL_ONLY_NOT_EXACT_PASS_TIME,NOT_IN_INHERITED_CANDIDATE_REVIEW,NOT_IN_INHERITED_CANDIDATE_REVIEW,BOUNDARY_TELEMETRY_DOES_NOT_ESTABLISH_PASS,prediction_windows_37.csv.gz + laptime_source_inventory_37.csv,,,FIXED_PAIR_CLASSIFIED_ORDER_REVERSED_AT_NEXT_LAP_BOUNDARY,FALSE,AUTOMATED_PROXY_LINK_UNREVIEWED
fa64e3f8dde64f919218,2020:Hungarian Grand Prix:Race,train,development_validation,VET,SAI,39,40,5245.655,5322.977,77.322,2020-07-19T14:07:25.855000000,2020-07-19T14:08:43.177000000,,2020:Hungarian Grand Prix:Race|VET|SAI|39|40,BOUNDARY_PROXY_KEY,OUTSIDE_INHERITED_CANDIDATE_UNIVERSE,OUTSIDE_CANDIDATE_UNIVERSE,AUTOMATED_PROXY_LINK_UNREVIEWED,VET:7;SAI:6,VET:6;SAI:7,NOT_AVAILABLE_FROM_BOUNDARY_LAPTIMES,2020-07-19T14:07:25.855000000,2020-07-19T14:08:43.177000000,BOUNDARY_INTERVAL_ONLY_NOT_EXACT_PASS_TIME,NOT_IN_INHERITED_CANDIDATE_REVIEW,NOT_IN_INHERITED_CANDIDATE_REVIEW,BOUNDARY_TELEMETRY_DOES_NOT_ESTABLISH_PASS,prediction_windows_37.csv.gz + laptime_source_inventory_37.csv,,,FIXED_PAIR_CLASSIFIED_ORDER_REVERSED_AT_NEXT_LAP_BOUNDARY,FALSE,AUTOMATED_PROXY_LINK_UNREVIEWED
eb008bb1320ea57de295,2020:Italian Grand Prix:Race,train,development_validation,BOT,RAI,36,37,6922.159,7006.955,84.796,2020-09-06T14:35:22.355000000,2020-09-06T14:36:47.151000000,ef17f57de03d47b7f67ad995,2020:Italian Grand Prix:Race|BOT|RAI|36|37,INHERITED_CANDIDATE_ID,MATCHED_TO_INHERITED_CANDIDATE,UNRESOLVED,AUTOMATED_REVIEW_UNREVIEWED,BOT:6;RAI:5,BOT:5;RAI:6,NOT_AVAILABLE_FROM_FASTF1_POSITION_XYZ,2020-09-06T14:35:22.355000+00:00,2020-09-06T14:36:47.151000+00:00,1.559,NO_RELEVANT_PIT_ROW_FOUND_IN_CONTEXT,NO_RC_RECORD_ON_DECISION_OR_ENDPOINT_LAP,"FastF1 car_data and pos_data present for selected race; pos_data contains XYZ/status, not classified running order or pass timestamp",event_review_37.csv + candidate source,https://raw.githubusercontent.com/TracingInsights/2020/264ae1db8f1381540fb839c89f7b249ae2d8957d/Italian%20Grand%20Prix/Race/BOT/laptimes.json|https://raw.githubusercontent.com/TracingInsights/2020/264ae1db8f1381540fb839c89f7b249ae2d8957d/Italian%20Grand%20Prix/Race/RAI/laptimes.json,49b18253f782bf9e9464074efc5cecfa4d62719d5967e5907101b382fb12e771|7db6a316a8e099508d6ea640389ce4656b65a05e63729e8b99fb6c5746bcfade,FIXED_PAIR_CLASSIFIED_ORDER_REVERSED_AT_NEXT_LAP_BOUNDARY,FALSE,AUTOMATED_REVIEW_UNREVIEWED
5a281aeb46200b933cdc,2020:Italian Grand Prix:Race,train,development_validation,GRO,GIO,19,20,3580.589,3665.465,84.876,2020-09-06T13:39:40.785000000,2020-09-06T13:41:05.661000000,,2020:Italian Grand Prix:Race|GRO|GIO|19|20,BOUNDARY_PROXY_KEY,OUTSIDE_INHERITED_CANDIDATE_UNIVERSE,OUTSIDE_CANDIDATE_UNIVERSE,AUTOMATED_PROXY_LINK_UNREVIEWED,GRO:14;GIO:13,GRO:12;GIO:13,NOT_AVAILABLE_FROM_BOUNDARY_LAPTIMES,2020-09-06T13:39:40.785000000,2020-09-06T13:41:05.661000000,BOUNDARY_INTERVAL_ONLY_NOT_EXACT_PASS_TIME,NOT_IN_INHERITED_CANDIDATE_REVIEW,NOT_IN_INHERITED_CANDIDATE_REVIEW,BOUNDARY_TELEMETRY_DOES_NOT_ESTABLISH_PASS,prediction_windows_37.csv.gz + laptime_source_inventory_37.csv,,,FIXED_PAIR_CLASSIFIED_ORDER_REVERSED_AT_NEXT_LAP_BOUNDARY,FALSE,AUTOMATED_PROXY_LINK_UNREVIEWED
21add9f98bc169a48729,2020:Italian Grand Prix:Race,train,development_validation,GRO,RAI,52,53,8297.812,8383.369,85.557,2020-09-06T14:58:18.008000000,2020-09-06T14:59:43.565000000,e0a2f7def33135f4182122f5,2020:Italian Grand Prix:Race|GRO|RAI|52|53,INHERITED_CANDIDATE_ID,MATCHED_TO_INHERITED_CANDIDATE,UNRESOLVED,AUTOMATED_REVIEW_UNREVIEWED,GRO:13;RAI:12,GRO:12;RAI:13,NOT_AVAILABLE_FROM_FASTF1_POSITION_XYZ,2020-09-06T14:58:18.008000+00:00,2020-09-06T14:59:43.565000+00:00,2.513,NO_RELEVANT_PIT_ROW_FOUND_IN_CONTEXT,RC_RECORD_ON_DECISION_OR_ENDPOINT_LAP,"FastF1 car_data and pos_data present for selected race; pos_data contains XYZ/status, not classified running order or pass timestamp",event_review_37.csv + candidate source,https://raw.githubusercontent.com/TracingInsights/2020/264ae1db8f1381540fb839c89f7b249ae2d8957d/Italian%20Grand%20Prix/Race/GRO/laptimes.json|https://raw.githubusercontent.com/TracingInsights/2020/264ae1db8f1381540fb839c89f7b249ae2d8957d/Italian%20Grand%20Prix/Race/RAI/laptimes.json,29161302e017a9d027d60ad298bbc68ade3057d13d06021c0124c4ecee10bfc5|49b18253f782bf9e9464074efc5cecfa4d62719d5967e5907101b382fb12e771,FIXED_PAIR_CLASSIFIED_ORDER_REVERSED_AT_NEXT_LAP_BOUNDARY,FALSE,AUTOMATED_REVIEW_UNREVIEWED
f818114a0d0eaa222613,2020:Italian Grand Prix:Race,train,development_validation,HAM,ALB,39,40,7189.242,7273.658,84.416,2020-09-06T14:39:49.438000000,2020-09-06T14:41:13.854000000,,2020:Italian Grand Prix:Race|HAM|ALB|39|40,BOUNDARY_PROXY_KEY,OUTSIDE_INHERITED_CANDIDATE_UNIVERSE,OUTSIDE_CANDIDATE_UNIVERSE,AUTOMATED_PROXY_LINK_UNREVIEWED,HAM:15;ALB:14,HAM:14;ALB:15,NOT_AVAILABLE_FROM_BOUNDARY_LAPTIMES,2020-09-06T14:39:49.438000000,2020-09-06T14:41:13.854000000,BOUNDARY_INTERVAL_ONLY_NOT_EXACT_PASS_TIME,NOT_IN_INHERITED_CANDIDATE_REVIEW,NOT_IN_INHERITED_CANDIDATE_REVIEW,BOUNDARY_TELEMETRY_DOES_NOT_ESTABLISH_PASS,prediction_windows_37.csv.gz + laptime_source_inventory_37.csv,,,FIXED_PAIR_CLASSIFIED_ORDER_REVERSED_AT_NEXT_LAP_BOUNDARY,FALSE,AUTOMATED_PROXY_LINK_UNREVIEWED
440762ac962e719e603d,2020:Italian Grand Prix:Race,train,development_validation,HAM,PER,48,49,7948.911,8032.825,83.914,2020-09-06T14:52:29.107000000,2020-09-06T14:53:53.021000000,d28b8504aa9eb18775ee88b6,2020:Italian Grand Prix:Race|HAM|PER|48|49,INHERITED_CANDIDATE_ID,MATCHED_TO_INHERITED_CANDIDATE,UNRESOLVED,AUTOMATED_REVIEW_UNREVIEWED,HAM:10;PER:9,HAM:9;PER:10,NOT_AVAILABLE_FROM_FASTF1_POSITION_XYZ,2020-09-06T14:52:29.107000+00:00,2020-09-06T14:53:53.021000+00:00,0.89,NO_RELEVANT_PIT_ROW_FOUND_IN_CONTEXT,NO_RC_RECORD_ON_DECISION_OR_ENDPOINT_LAP,"FastF1 car_data and pos_data present for selected race; pos_data contains XYZ/status, not classified running order or pass timestamp",event_review_37.csv + candidate source,https://raw.githubusercontent.com/TracingInsights/2020/264ae1db8f1381540fb839c89f7b249ae2d8957d/Italian%20Grand%20Prix/Race/HAM/laptimes.json|https://raw.githubusercontent.com/TracingInsights/2020/264ae1db8f1381540fb839c89f7b249ae2d8957d/Italian%20Grand%20Prix/Race/PER/laptimes.json,b4da322e85a303533648ee066c6352411a571bdfa9e480fa311d0ba708ecd461|c70445988f1e459228ed1830b2e4a985c802a7fa0d1937f0b6782147c32c115b,FIXED_PAIR_CLASSIFIED_ORDER_REVERSED_AT_NEXT_LAP_BOUNDARY,FALSE,AUTOMATED_REVIEW_UNREVIEWED
f064027321d6ff8e70b0,2020:Italian Grand Prix:Race,train,development_validation,HAM,KVY,50,51,8116.05,8199.654,83.604,2020-09-06T14:55:16.246000000,2020-09-06T14:56:39.850000000,646f5a230ab14228a74b2d89,2020:Italian Grand Prix:Race|HAM|KVY|50|51,INHERITED_CANDIDATE_ID,MATCHED_TO_INHERITED_CANDIDATE,UNRESOLVED,AUTOMATED_REVIEW_UNREVIEWED,HAM:9;KVY:8,HAM:8;KVY:9,NOT_AVAILABLE_FROM_FASTF1_POSITION_XYZ,2020-09-06T14:55:16.246000+00:00,2020-09-06T14:56:39.850000+00:00,1.651,NO_RELEVANT_PIT_ROW_FOUND_IN_CONTEXT,RC_RECORD_ON_DECISION_OR_ENDPOINT_LAP,"FastF1 car_data and pos_data present for selected race; pos_data contains XYZ/status, not classified running order or pass timestamp",event_review_37.csv + candidate source,https://raw.githubusercontent.com/TracingInsights/2020/264ae1db8f1381540fb839c89f7b249ae2d8957d/Italian%20Grand%20Prix/Race/HAM/laptimes.json|https://raw.githubusercontent.com/TracingInsights/2020/264ae1db8f1381540fb839c89f7b249ae2d8957d/Italian%20Grand%20Prix/Race/KVY/laptimes.json,39764172a464ff40e7c77d3e351fe3979a1f2a92ae748f9f4447e25d9e5d8fe0|c70445988f1e459228ed1830b2e4a985c802a7fa0d1937f0b6782147c32c115b,FIXED_PAIR_CLASSIFIED_ORDER_REVERSED_AT_NEXT_LAP_BOUNDARY,FALSE,AUTOMATED_REVIEW_UNREVIEWED
84d7f6cc9af6bd44c138,2020:Italian Grand Prix:Race,train,development_validation,HAM,OCO,52,53,8283.903,8366.949,83.046,2020-09-06T14:58:04.099000000,2020-09-06T14:59:27.145000000,7933631048962966de6124ba,2020:Italian Grand Prix:Race|HAM|OCO|52|53,INHERITED_CANDIDATE_ID,MATCHED_TO_INHERITED_CANDIDATE,UNRESOLVED,AUTOMATED_REVIEW_UNREVIEWED,HAM:8;OCO:7,HAM:7;OCO:8,NOT_AVAILABLE_FROM_FASTF1_POSITION_XYZ,2020-09-06T14:58:04.099000+00:00,2020-09-06T14:59:27.145000+00:00,1.844,NO_RELEVANT_PIT_ROW_FOUND_IN_CONTEXT,RC_RECORD_ON_DECISION_OR_ENDPOINT_LAP,"FastF1 car_data and pos_data present for selected race; pos_data contains XYZ/status, not classified running order or pass timestamp",event_review_37.csv + candidate source,https://raw.githubusercontent.com/TracingInsights/2020/264ae1db8f1381540fb839c89f7b249ae2d8957d/Italian%20Grand%20Prix/Race/HAM/laptimes.json|https://raw.githubusercontent.com/TracingInsights/2020/264ae1db8f1381540fb839c89f7b249ae2d8957d/Italian%20Grand%20Prix/Race/OCO/laptimes.json,c70445988f1e459228ed1830b2e4a985c802a7fa0d1937f0b6782147c32c115b|ce13d6de5d48ebc0f9b19ab6b526a078b57427f7528392d642da1454279d9058,FIXED_PAIR_CLASSIFIED_ORDER_REVERSED_AT_NEXT_LAP_BOUNDARY,FALSE,AUTOMATED_REVIEW_UNREVIEWED
0ceacc284ffb294be700,2020:Italian Grand Prix:Race,train,development_validation,OCO,RAI,42,43,7434.907,7519.575,84.668,2020-09-06T14:43:55.103000000,2020-09-06T14:45:19.771000000,1a5c03dbb55b15b0d56bd59d,2020:Italian Grand Prix:Race|OCO|RAI|42|43,INHERITED_CANDIDATE_ID,MATCHED_TO_INHERITED_CANDIDATE,UNRESOLVED,AUTOMATED_REVIEW_UNREVIEWED,OCO:8;RAI:7,OCO:7;RAI:8,NOT_AVAILABLE_FROM_FASTF1_POSITION_XYZ,2020-09-06T14:43:55.103000+00:00,2020-09-06T14:45:19.771000+00:00,1.133,NO_RELEVANT_PIT_ROW_FOUND_IN_CONTEXT,RC_RECORD_ON_DECISION_OR_ENDPOINT_LAP,"FastF1 car_data and pos_data present for selected race; pos_data contains XYZ/status, not classified running order or pass timestamp",event_review_37.csv + candidate source,https://raw.githubusercontent.com/TracingInsights/2020/264ae1db8f1381540fb839c89f7b249ae2d8957d/Italian%20Grand%20Prix/Race/OCO/laptimes.json|https://raw.githubusercontent.com/TracingInsights/2020/264ae1db8f1381540fb839c89f7b249ae2d8957d/Italian%20Grand%20Prix/Race/RAI/laptimes.json,49b18253f782bf9e9464074efc5cecfa4d62719d5967e5907101b382fb12e771|ce13d6de5d48ebc0f9b19ab6b526a078b57427f7528392d642da1454279d9058,FIXED_PAIR_CLASSIFIED_ORDER_REVERSED_AT_NEXT_LAP_BOUNDARY,FALSE,AUTOMATED_REVIEW_UNREVIEWED
c1ebda5c7ae9b433a4d1,2020:Italian Grand Prix:Race,train,development_validation,RIC,RAI,37,38,7008.258,7093.124,84.866,2020-09-06T14:36:48.454000000,2020-09-06T14:38:13.320000000,,2020:Italian Grand Prix:Race|RIC|RAI|37|38,BOUNDARY_PROXY_KEY,OUTSIDE_INHERITED_CANDIDATE_UNIVERSE,OUTSIDE_CANDIDATE_UNIVERSE,AUTOMATED_PROXY_LINK_UNREVIEWED,RIC:7;RAI:6,RIC:6;RAI:7,NOT_AVAILABLE_FROM_BOUNDARY_LAPTIMES,2020-09-06T14:36:48.454000000,2020-09-06T14:38:13.320000000,BOUNDARY_INTERVAL_ONLY_NOT_EXACT_PASS_TIME,NOT_IN_INHERITED_CANDIDATE_REVIEW,NOT_IN_INHERITED_CANDIDATE_REVIEW,BOUNDARY_TELEMETRY_DOES_NOT_ESTABLISH_PASS,prediction_windows_37.csv.gz + laptime_source_inventory_37.csv,,,FIXED_PAIR_CLASSIFIED_ORDER_REVERSED_AT_NEXT_LAP_BOUNDARY,FALSE,AUTOMATED_PROXY_LINK_UNREVIEWED
ee384f4e74fc893e4dfd,2020:Portuguese Grand Prix:Race,train,development_test,ALB,OCO,2,3,2091.287,2181.248,89.961,2020-10-25T13:14:51.052000000,2020-10-25T13:16:22.325000000,23629f3c98c6cc81983c57fa,2020:Portuguese Grand Prix:Race|ALB|OCO|2|3,INHERITED_CANDIDATE_ID,MATCHED_TO_INHERITED_CANDIDATE,UNRESOLVED,AUTOMATED_REVIEW_UNREVIEWED,ALB:12;OCO:11,ALB:11;OCO:12,NOT_AVAILABLE_FROM_FASTF1_POSITION_XYZ,2020-10-25T13:14:52.364000+00:00,2020-10-25T13:16:22.325000+00:00,1.572,NO_RELEVANT_PIT_ROW_FOUND_IN_CONTEXT,RC_RECORD_ON_DECISION_OR_ENDPOINT_LAP,"FastF1 car_data and pos_data present for selected race; pos_data contains XYZ/status, not classified running order or pass timestamp",event_review_37.csv + candidate source,https://raw.githubusercontent.com/TracingInsights/2020/264ae1db8f1381540fb839c89f7b249ae2d8957d/Portuguese%20Grand%20Prix/Race/ALB/laptimes.json|https://raw.githubusercontent.com/TracingInsights/2020/264ae1db8f1381540fb839c89f7b249ae2d8957d/Portuguese%20Grand%20Prix/Race/OCO/laptimes.json,54339a9bc972057b8cf5a67011227b412dcf4b0b567ccef7a0158f7d2bb2a954|60443e48528ecfbb84358b40749708446e01c7a4946f5127bc7bbc99c5269e78,FIXED_PAIR_CLASSIFIED_ORDER_REVERSED_AT_NEXT_LAP_BOUNDARY,FALSE,AUTOMATED_REVIEW_UNREVIEWED
339b3e3fe8bf6eb6a10e,2020:Portuguese Grand Prix:Race,train,development_test,BOT,SAI,5,6,2340.174,2422.944,82.77,2020-10-25T13:19:01.251000000,2020-10-25T13:20:24.021000000,c00e217d36b60073d291ba29,2020:Portuguese Grand Prix:Race|BOT|SAI|5|6,INHERITED_CANDIDATE_ID,MATCHED_TO_INHERITED_CANDIDATE,UNRESOLVED,AUTOMATED_REVIEW_UNREVIEWED,BOT:2;SAI:1,BOT:1;SAI:2,NOT_AVAILABLE_FROM_FASTF1_POSITION_XYZ,2020-10-25T13:19:01.251000+00:00,2020-10-25T13:20:24.021000+00:00,1.503,NO_RELEVANT_PIT_ROW_FOUND_IN_CONTEXT,RC_RECORD_ON_DECISION_OR_ENDPOINT_LAP,"FastF1 car_data and pos_data present for selected race; pos_data contains XYZ/status, not classified running order or pass timestamp",event_review_37.csv + candidate source,https://raw.githubusercontent.com/TracingInsights/2020/264ae1db8f1381540fb839c89f7b249ae2d8957d/Portuguese%20Grand%20Prix/Race/BOT/laptimes.json|https://raw.githubusercontent.com/TracingInsights/2020/264ae1db8f1381540fb839c89f7b249ae2d8957d/Portuguese%20Grand%20Prix/Race/SAI/laptimes.json,b2e54aafe014094b223f433754ae6f204f60dab0b2ca5e5ba49d652f1a226080|c3af0de83286626378a76cb35611c2e96715ddbed4e8e681222a4e4c02203c1b,FIXED_PAIR_CLASSIFIED_ORDER_REVERSED_AT_NEXT_LAP_BOUNDARY,FALSE,AUTOMATED_REVIEW_UNREVIEWED
fe03725c0324c83d5bc6,2020:Portuguese Grand Prix:Race,train,development_test,KVY,MAG,4,5,2272.72,2357.591,84.871,2020-10-25T13:17:53.797000000,2020-10-25T13:19:18.668000000,d2ecd691d6ff9fdb3faebf63,2020:Portuguese Grand Prix:Race|KVY|MAG|4|5,INHERITED_CANDIDATE_ID,MATCHED_TO_INHERITED_CANDIDATE,UNRESOLVED,AUTOMATED_REVIEW_UNREVIEWED,KVY:19;MAG:18,KVY:18;MAG:19,NOT_AVAILABLE_FROM_FASTF1_POSITION_XYZ,2020-10-25T13:17:53.797000+00:00,2020-10-25T13:19:18.668000+00:00,1.076,NO_RELEVANT_PIT_ROW_FOUND_IN_CONTEXT,NO_RC_RECORD_ON_DECISION_OR_ENDPOINT_LAP,"FastF1 car_data and pos_data present for selected race; pos_data contains XYZ/status, not classified running order or pass timestamp",event_review_37.csv + candidate source,https://raw.githubusercontent.com/TracingInsights/2020/264ae1db8f1381540fb839c89f7b249ae2d8957d/Portuguese%20Grand%20Prix/Race/KVY/laptimes.json|https://raw.githubusercontent.com/TracingInsights/2020/264ae1db8f1381540fb839c89f7b249ae2d8957d/Portuguese%20Grand%20Prix/Race/MAG/laptimes.json,1ba9e85afe843e2685ee576e363aa6b24ed2738b6403756e1531e7e063807dab|b49c8af4dd499319e55aa2d9b7da85ca1ff215e92f654b109234d1edd907c51b,FIXED_PAIR_CLASSIFIED_ORDER_REVERSED_AT_NEXT_LAP_BOUNDARY,FALSE,AUTOMATED_REVIEW_UNREVIEWED
3835f1becae56fb473f5,2020:Portuguese Grand Prix:Race,train,development_test,KVY,GIO,23,24,3867.494,3950.512,83.018,2020-10-25T13:44:28.571000000,2020-10-25T13:45:51.589000000,,2020:Portuguese Grand Prix:Race|KVY|GIO|23|24,BOUNDARY_PROXY_KEY,OUTSIDE_INHERITED_CANDIDATE_UNIVERSE,OUTSIDE_CANDIDATE_UNIVERSE,AUTOMATED_PROXY_LINK_UNREVIEWED,KVY:12;GIO:11,KVY:11;GIO:12,NOT_AVAILABLE_FROM_BOUNDARY_LAPTIMES,2020-10-25T13:44:28.571000000,2020-10-25T13:45:51.589000000,BOUNDARY_INTERVAL_ONLY_NOT_EXACT_PASS_TIME,NOT_IN_INHERITED_CANDIDATE_REVIEW,NOT_IN_INHERITED_CANDIDATE_REVIEW,BOUNDARY_TELEMETRY_DOES_NOT_ESTABLISH_PASS,prediction_windows_37.csv.gz + laptime_source_inventory_37.csv,,,FIXED_PAIR_CLASSIFIED_ORDER_REVERSED_AT_NEXT_LAP_BOUNDARY,FALSE,AUTOMATED_PROXY_LINK_UNREVIEWED
15ee2d2efc2221c54cd6,2020:Portuguese Grand Prix:Race,train,development_test,LEC,RIC,5,6,2347.156,2430.248,83.092,2020-10-25T13:19:08.233000000,2020-10-25T13:20:31.325000000,2daa486af4bb4c65f55ab871,2020:Portuguese Grand Prix:Race|LEC|RIC|5|6,INHERITED_CANDIDATE_ID,MATCHED_TO_INHERITED_CANDIDATE,UNRESOLVED,AUTOMATED_REVIEW_UNREVIEWED,LEC:8;RIC:7,LEC:7;RIC:8,NOT_AVAILABLE_FROM_FASTF1_POSITION_XYZ,2020-10-25T13:19:08.233000+00:00,2020-10-25T13:20:31.325000+00:00,1.049,NO_RELEVANT_PIT_ROW_FOUND_IN_CONTEXT,RC_RECORD_ON_DECISION_OR_ENDPOINT_LAP,"FastF1 car_data and pos_data present for selected race; pos_data contains XYZ/status, not classified running order or pass timestamp",event_review_37.csv + candidate source,https://raw.githubusercontent.com/TracingInsights/2020/264ae1db8f1381540fb839c89f7b249ae2d8957d/Portuguese%20Grand%20Prix/Race/LEC/laptimes.json|https://raw.githubusercontent.com/TracingInsights/2020/264ae1db8f1381540fb839c89f7b249ae2d8957d/Portuguese%20Grand%20Prix/Race/RIC/laptimes.json,87140f909c57b8905db055daae25e34c54c622f64a0b688bdeafe57e29a283d5|8dda890358d282b8bdcac0764142c158348890924b7fd01eb99805a1111806fd,FIXED_PAIR_CLASSIFIED_ORDER_REVERSED_AT_NEXT_LAP_BOUNDARY,FALSE,AUTOMATED_REVIEW_UNREVIEWED
ba676bf745a4d3d66d77,2020:Portuguese Grand Prix:Race,train,development_test,LEC,RAI,7,8,2513.692,2596.959,83.267,2020-10-25T13:21:54.769000000,2020-10-25T13:23:18.036000000,008a5e18959235fea271321b,2020:Portuguese Grand Prix:Race|LEC|RAI|7|8,INHERITED_CANDIDATE_ID,MATCHED_TO_INHERITED_CANDIDATE,UNRESOLVED,AUTOMATED_REVIEW_UNREVIEWED,LEC:7;RAI:6,LEC:6;RAI:7,NOT_AVAILABLE_FROM_FASTF1_POSITION_XYZ,2020-10-25T13:21:54.769000+00:00,2020-10-25T13:23:18.036000+00:00,1.167,NO_RELEVANT_PIT_ROW_FOUND_IN_CONTEXT,RC_RECORD_ON_DECISION_OR_ENDPOINT_LAP,"FastF1 car_data and pos_data present for selected race; pos_data contains XYZ/status, not classified running order or pass timestamp",event_review_37.csv + candidate source,https://raw.githubusercontent.com/TracingInsights/2020/264ae1db8f1381540fb839c89f7b249ae2d8957d/Portuguese%20Grand%20Prix/Race/LEC/laptimes.json|https://raw.githubusercontent.com/TracingInsights/2020/264ae1db8f1381540fb839c89f7b249ae2d8957d/Portuguese%20Grand%20Prix/Race/RAI/laptimes.json,03bcc2c023733346a7397af56af9bdab59fb6e00c63185d985353babf8473ca4|87140f909c57b8905db055daae25e34c54c622f64a0b688bdeafe57e29a283d5,FIXED_PAIR_CLASSIFIED_ORDER_REVERSED_AT_NEXT_LAP_BOUNDARY,FALSE,AUTOMATED_REVIEW_UNREVIEWED
7bee96caf2b74f98e589,2020:Portuguese Grand Prix:Race,train,development_test,LEC,SAI,11,12,2845.298,2928.223,82.925,2020-10-25T13:27:26.375000000,2020-10-25T13:28:49.300000000,b792cb9b5985e8e591bcf23a,2020:Portuguese Grand Prix:Race|LEC|SAI|11|12,INHERITED_CANDIDATE_ID,MATCHED_TO_INHERITED_CANDIDATE,UNRESOLVED,AUTOMATED_REVIEW_UNREVIEWED,LEC:5;SAI:4,LEC:4;SAI:5,NOT_AVAILABLE_FROM_FASTF1_POSITION_XYZ,2020-10-25T13:27:26.375000+00:00,2020-10-25T13:28:49.300000+00:00,0.853,NO_RELEVANT_PIT_ROW_FOUND_IN_CONTEXT,RC_RECORD_ON_DECISION_OR_ENDPOINT_LAP,"FastF1 car_data and pos_data present for selected race; pos_data contains XYZ/status, not classified running order or pass timestamp",event_review_37.csv + candidate source,https://raw.githubusercontent.com/TracingInsights/2020/264ae1db8f1381540fb839c89f7b249ae2d8957d/Portuguese%20Grand%20Prix/Race/LEC/laptimes.json|https://raw.githubusercontent.com/TracingInsights/2020/264ae1db8f1381540fb839c89f7b249ae2d8957d/Portuguese%20Grand%20Prix/Race/SAI/laptimes.json,87140f909c57b8905db055daae25e34c54c622f64a0b688bdeafe57e29a283d5|c3af0de83286626378a76cb35611c2e96715ddbed4e8e681222a4e4c02203c1b,FIXED_PAIR_CLASSIFIED_ORDER_REVERSED_AT_NEXT_LAP_BOUNDARY,FALSE,AUTOMATED_REVIEW_UNREVIEWED
bc32688a30e234b060f4,2020:Portuguese Grand Prix:Race,train,development_test,LEC,VER,22,23,3751.562,3830.831,79.269,2020-10-25T13:42:32.639000000,2020-10-25T13:43:51.908000000,d432da07d2c76ad9c3a6051f,2020:Portuguese Grand Prix:Race|LEC|VER|22|23,INHERITED_CANDIDATE_ID,MATCHED_TO_INHERITED_CANDIDATE,OTHER_POSITION_CHANGE,AUTOMATED_REVIEW_UNREVIEWED,LEC:4;VER:3,LEC:3;VER:4,NOT_AVAILABLE_FROM_FASTF1_POSITION_XYZ,2020-10-25T13:42:32.639000+00:00,2020-10-25T13:43:51.908000+00:00,6.264,PIT_LAP_OVERLAP_RECORDED_BUT_TIME_OF_DAY_ONLY,NO_RC_RECORD_ON_DECISION_OR_ENDPOINT_LAP,"FastF1 car_data and pos_data present for selected race; pos_data contains XYZ/status, not classified running order or pass timestamp",event_review_37.csv + candidate source,https://raw.githubusercontent.com/TracingInsights/2020/264ae1db8f1381540fb839c89f7b249ae2d8957d/Portuguese%20Grand%20Prix/Race/LEC/laptimes.json|https://raw.githubusercontent.com/TracingInsights/2020/264ae1db8f1381540fb839c89f7b249ae2d8957d/Portuguese%20Grand%20Prix/Race/VER/laptimes.json,5af36be20fbdbd09c7724ccb64e569f329bbc0c74ce7d4b141f462844d4a2303|87140f909c57b8905db055daae25e34c54c622f64a0b688bdeafe57e29a283d5,FIXED_PAIR_CLASSIFIED_ORDER_REVERSED_AT_NEXT_LAP_BOUNDARY,FALSE,AUTOMATED_REVIEW_UNREVIEWED
9744a8f75434463432a5,2020:Portuguese Grand Prix:Race,train,development_test,NOR,RUS,57,58,6712.222,6792.413,80.191,2020-10-25T14:31:53.299000000,2020-10-25T14:33:13.490000000,9b0f47c5fd1d10f5820bd53a,2020:Portuguese Grand Prix:Race|NOR|RUS|57|58,INHERITED_CANDIDATE_ID,MATCHED_TO_INHERITED_CANDIDATE,UNRESOLVED,AUTOMATED_REVIEW_UNREVIEWED,NOR:14;RUS:13,NOR:13;RUS:14,NOT_AVAILABLE_FROM_FASTF1_POSITION_XYZ,2020-10-25T14:31:53.299000+00:00,2020-10-25T14:33:13.490000+00:00,1.907,NO_RELEVANT_PIT_ROW_FOUND_IN_CONTEXT,RC_RECORD_ON_DECISION_OR_ENDPOINT_LAP,"FastF1 car_data and pos_data present for selected race; pos_data contains XYZ/status, not classified running order or pass timestamp",event_review_37.csv + candidate source,https://raw.githubusercontent.com/TracingInsights/2020/264ae1db8f1381540fb839c89f7b249ae2d8957d/Portuguese%20Grand%20Prix/Race/NOR/laptimes.json|https://raw.githubusercontent.com/TracingInsights/2020/264ae1db8f1381540fb839c89f7b249ae2d8957d/Portuguese%20Grand%20Prix/Race/RUS/laptimes.json,2f9616fc8a1870eb595f5c57745b01aa7cd529c4b5c8cd941d8b8efbfefcfd5a|b6f3591b6d816979c72a3c153699d09b82d573cab7b8b66f3924cbc23397fe9e,FIXED_PAIR_CLASSIFIED_ORDER_REVERSED_AT_NEXT_LAP_BOUNDARY,FALSE,AUTOMATED_REVIEW_UNREVIEWED
073d324aadaccaebe487,2020:Portuguese Grand Prix:Race,train,development_test,OCO,ALB,11,12,2854.423,2938.303,83.88,2020-10-25T13:27:35.500000000,2020-10-25T13:28:59.380000000,,2020:Portuguese Grand Prix:Race|OCO|ALB|11|12,BOUNDARY_PROXY_KEY,OUTSIDE_INHERITED_CANDIDATE_UNIVERSE,OUTSIDE_CANDIDATE_UNIVERSE,AUTOMATED_PROXY_LINK_UNREVIEWED,OCO:11;ALB:10,OCO:10;ALB:11,NOT_AVAILABLE_FROM_BOUNDARY_LAPTIMES,2020-10-25T13:27:35.500000000,2020-10-25T13:28:59.380000000,BOUNDARY_INTERVAL_ONLY_NOT_EXACT_PASS_TIME,NOT_IN_INHERITED_CANDIDATE_REVIEW,NOT_IN_INHERITED_CANDIDATE_REVIEW,BOUNDARY_TELEMETRY_DOES_NOT_ESTABLISH_PASS,prediction_windows_37.csv.gz + laptime_source_inventory_37.csv,,,FIXED_PAIR_CLASSIFIED_ORDER_REVERSED_AT_NEXT_LAP_BOUNDARY,FALSE,AUTOMATED_PROXY_LINK_UNREVIEWED
004f5cc744cd9d2db682,2020:Portuguese Grand Prix:Race,train,development_test,OCO,STR,17,18,3354.816,3436.002,81.186,2020-10-25T13:35:55.893000000,2020-10-25T13:37:17.079000000,80741687fda7f279d0297f2a,2020:Portuguese Grand Prix:Race|OCO|STR|17|18,INHERITED_CANDIDATE_ID,MATCHED_TO_INHERITED_CANDIDATE,OTHER_POSITION_CHANGE,AUTOMATED_REVIEW_UNREVIEWED,OCO:9;STR:8,OCO:7;STR:16,NOT_AVAILABLE_FROM_FASTF1_POSITION_XYZ,2020-10-25T13:35:55.893000+00:00,2020-10-25T13:37:17.079000+00:00,4.146,PIT_LAP_OVERLAP_RECORDED_BUT_TIME_OF_DAY_ONLY,RC_RECORD_ON_DECISION_OR_ENDPOINT_LAP,"FastF1 car_data and pos_data present for selected race; pos_data contains XYZ/status, not classified running order or pass timestamp",event_review_37.csv + candidate source,https://raw.githubusercontent.com/TracingInsights/2020/264ae1db8f1381540fb839c89f7b249ae2d8957d/Portuguese%20Grand%20Prix/Race/OCO/laptimes.json|https://raw.githubusercontent.com/TracingInsights/2020/264ae1db8f1381540fb839c89f7b249ae2d8957d/Portuguese%20Grand%20Prix/Race/STR/laptimes.json,367834fd11b24e380d71757fd8d5bc2cbe3df9179a19c6b2068cd6eb9bd494e1|60443e48528ecfbb84358b40749708446e01c7a4946f5127bc7bbc99c5269e78,FIXED_PAIR_CLASSIFIED_ORDER_REVERSED_AT_NEXT_LAP_BOUNDARY,FALSE,AUTOMATED_REVIEW_UNREVIEWED
21b717906f6f50cbc097,2020:Portuguese Grand Prix:Race,train,development_test,PER,GRO,15,16,3199.75,3282.022,82.272,2020-10-25T13:33:20.827000000,2020-10-25T13:34:43.099000000,,2020:Portuguese Grand Prix:Race|PER|GRO|15|16,BOUNDARY_PROXY_KEY,OUTSIDE_INHERITED_CANDIDATE_UNIVERSE,OUTSIDE_CANDIDATE_UNIVERSE,AUTOMATED_PROXY_LINK_UNREVIEWED,PER:16;GRO:15,PER:15;GRO:16,NOT_AVAILABLE_FROM_BOUNDARY_LAPTIMES,2020-10-25T13:33:20.827000000,2020-10-25T13:34:43.099000000,BOUNDARY_INTERVAL_ONLY_NOT_EXACT_PASS_TIME,NOT_IN_INHERITED_CANDIDATE_REVIEW,NOT_IN_INHERITED_CANDIDATE_REVIEW,BOUNDARY_TELEMETRY_DOES_NOT_ESTABLISH_PASS,prediction_windows_37.csv.gz + laptime_source_inventory_37.csv,,,FIXED_PAIR_CLASSIFIED_ORDER_REVERSED_AT_NEXT_LAP_BOUNDARY,FALSE,AUTOMATED_PROXY_LINK_UNREVIEWED
8dcbb5f7a437063e74d3,2020:Portuguese Grand Prix:Race,train,development_test,PER,KVY,20,21,3616.437,3699.69,83.253,2020-10-25T13:40:17.514000000,2020-10-25T13:41:40.767000000,,2020:Portuguese Grand Prix:Race|PER|KVY|20|21,BOUNDARY_PROXY_KEY,OUTSIDE_INHERITED_CANDIDATE_UNIVERSE,OUTSIDE_CANDIDATE_UNIVERSE,AUTOMATED_PROXY_LINK_UNREVIEWED,PER:12;KVY:11,PER:11;KVY:12,NOT_AVAILABLE_FROM_BOUNDARY_LAPTIMES,2020-10-25T13:40:17.514000000,2020-10-25T13:41:40.767000000,BOUNDARY_INTERVAL_ONLY_NOT_EXACT_PASS_TIME,NOT_IN_INHERITED_CANDIDATE_REVIEW,NOT_IN_INHERITED_CANDIDATE_REVIEW,BOUNDARY_TELEMETRY_DOES_NOT_ESTABLISH_PASS,prediction_windows_37.csv.gz + laptime_source_inventory_37.csv,,,FIXED_PAIR_CLASSIFIED_ORDER_REVERSED_AT_NEXT_LAP_BOUNDARY,FALSE,AUTOMATED_PROXY_LINK_UNREVIEWED
0719db407f35f410a7f6,2020:Portuguese Grand Prix:Race,train,development_test,PER,GIO,22,23,3783.33,3865.753,82.423,2020-10-25T13:43:04.407000000,2020-10-25T13:44:26.830000000,,2020:Portuguese Grand Prix:Race|PER|GIO|22|23,BOUNDARY_PROXY_KEY,OUTSIDE_INHERITED_CANDIDATE_UNIVERSE,OUTSIDE_CANDIDATE_UNIVERSE,AUTOMATED_PROXY_LINK_UNREVIEWED,PER:11;GIO:10,PER:10;GIO:11,NOT_AVAILABLE_FROM_BOUNDARY_LAPTIMES,2020-10-25T13:43:04.407000000,2020-10-25T13:44:26.830000000,BOUNDARY_INTERVAL_ONLY_NOT_EXACT_PASS_TIME,NOT_IN_INHERITED_CANDIDATE_REVIEW,NOT_IN_INHERITED_CANDIDATE_REVIEW,BOUNDARY_TELEMETRY_DOES_NOT_ESTABLISH_PASS,prediction_windows_37.csv.gz + laptime_source_inventory_37.csv,,,FIXED_PAIR_CLASSIFIED_ORDER_REVERSED_AT_NEXT_LAP_BOUNDARY,FALSE,AUTOMATED_PROXY_LINK_UNREVIEWED
aaae729231cdce7c001b,2020:Portuguese Grand Prix:Race,train,development_test,RIC,LAT,23,24,3876.668,3957.608,80.94,2020-10-25T13:44:37.745000000,2020-10-25T13:45:58.685000000,,2020:Portuguese Grand Prix:Race|RIC|LAT|23|24,BOUNDARY_PROXY_KEY,OUTSIDE_INHERITED_CANDIDATE_UNIVERSE,OUTSIDE_CANDIDATE_UNIVERSE,AUTOMATED_PROXY_LINK_UNREVIEWED,RIC:16;LAT:15,RIC:15;LAT:17,NOT_AVAILABLE_FROM_BOUNDARY_LAPTIMES,2020-10-25T13:44:37.745000000,2020-10-25T13:45:58.685000000,BOUNDARY_INTERVAL_ONLY_NOT_EXACT_PASS_TIME,NOT_IN_INHERITED_CANDIDATE_REVIEW,NOT_IN_INHERITED_CANDIDATE_REVIEW,BOUNDARY_TELEMETRY_DOES_NOT_ESTABLISH_PASS,prediction_windows_37.csv.gz + laptime_source_inventory_37.csv,,,FIXED_PAIR_CLASSIFIED_ORDER_REVERSED_AT_NEXT_LAP_BOUNDARY,FALSE,AUTOMATED_PROXY_LINK_UNREVIEWED
7a4e49cc7118f5cc97f9,2020:Portuguese Grand Prix:Race,train,development_test,SAI,RIC,46,47,5776.876,5858.372,81.496,2020-10-25T14:16:17.953000000,2020-10-25T14:17:39.449000000,,2020:Portuguese Grand Prix:Race|SAI|RIC|46|47,BOUNDARY_PROXY_KEY,OUTSIDE_INHERITED_CANDIDATE_UNIVERSE,OUTSIDE_CANDIDATE_UNIVERSE,AUTOMATED_PROXY_LINK_UNREVIEWED,SAI:9;RIC:8,SAI:8;RIC:9,NOT_AVAILABLE_FROM_BOUNDARY_LAPTIMES,2020-10-25T14:16:17.953000000,2020-10-25T14:17:39.449000000,BOUNDARY_INTERVAL_ONLY_NOT_EXACT_PASS_TIME,NOT_IN_INHERITED_CANDIDATE_REVIEW,NOT_IN_INHERITED_CANDIDATE_REVIEW,BOUNDARY_TELEMETRY_DOES_NOT_ESTABLISH_PASS,prediction_windows_37.csv.gz + laptime_source_inventory_37.csv,,,FIXED_PAIR_CLASSIFIED_ORDER_REVERSED_AT_NEXT_LAP_BOUNDARY,FALSE,AUTOMATED_PROXY_LINK_UNREVIEWED
085cc7df11b863e53c05,2020:Portuguese Grand Prix:Race,train,development_test,VER,NOR,4,5,2259.826,2343.039,83.213,2020-10-25T13:17:40.903000000,2020-10-25T13:19:04.116000000,,2020:Portuguese Grand Prix:Race|VER|NOR|4|5,BOUNDARY_PROXY_KEY,OUTSIDE_INHERITED_CANDIDATE_UNIVERSE,OUTSIDE_CANDIDATE_UNIVERSE,AUTOMATED_PROXY_LINK_UNREVIEWED,VER:5;NOR:4,VER:4;NOR:5,NOT_AVAILABLE_FROM_BOUNDARY_LAPTIMES,2020-10-25T13:17:40.903000000,2020-10-25T13:19:04.116000000,BOUNDARY_INTERVAL_ONLY_NOT_EXACT_PASS_TIME,NOT_IN_INHERITED_CANDIDATE_REVIEW,NOT_IN_INHERITED_CANDIDATE_REVIEW,BOUNDARY_TELEMETRY_DOES_NOT_ESTABLISH_PASS,prediction_windows_37.csv.gz + laptime_source_inventory_37.csv,,,FIXED_PAIR_CLASSIFIED_ORDER_REVERSED_AT_NEXT_LAP_BOUNDARY,FALSE,AUTOMATED_PROXY_LINK_UNREVIEWED
5ca846eff5915a5c2c0b,2020:Portuguese Grand Prix:Race,train,development_test,VER,SAI,7,8,2508.446,2592.295,83.849,2020-10-25T13:21:49.523000000,2020-10-25T13:23:13.372000000,,2020:Portuguese Grand Prix:Race|VER|SAI|7|8,BOUNDARY_PROXY_KEY,OUTSIDE_INHERITED_CANDIDATE_UNIVERSE,OUTSIDE_CANDIDATE_UNIVERSE,AUTOMATED_PROXY_LINK_UNREVIEWED,VER:4;SAI:3,VER:3;SAI:4,NOT_AVAILABLE_FROM_BOUNDARY_LAPTIMES,2020-10-25T13:21:49.523000000,2020-10-25T13:23:13.372000000,BOUNDARY_INTERVAL_ONLY_NOT_EXACT_PASS_TIME,NOT_IN_INHERITED_CANDIDATE_REVIEW,NOT_IN_INHERITED_CANDIDATE_REVIEW,BOUNDARY_TELEMETRY_DOES_NOT_ESTABLISH_PASS,prediction_windows_37.csv.gz + laptime_source_inventory_37.csv,,,FIXED_PAIR_CLASSIFIED_ORDER_REVERSED_AT_NEXT_LAP_BOUNDARY,FALSE,AUTOMATED_PROXY_LINK_UNREVIEWED
9d04ac6273447e27152e,2020:Portuguese Grand Prix:Race,train,development_test,VET,GIO,11,12,2858.103,2942.063,83.96,2020-10-25T13:27:39.180000000,2020-10-25T13:29:03.140000000,,2020:Portuguese Grand Prix:Race|VET|GIO|11|12,BOUNDARY_PROXY_KEY,OUTSIDE_INHERITED_CANDIDATE_UNIVERSE,OUTSIDE_CANDIDATE_UNIVERSE,AUTOMATED_PROXY_LINK_UNREVIEWED,VET:15;GIO:14,VET:13;GIO:14,NOT_AVAILABLE_FROM_BOUNDARY_LAPTIMES,2020-10-25T13:27:39.180000000,2020-10-25T13:29:03.140000000,BOUNDARY_INTERVAL_ONLY_NOT_EXACT_PASS_TIME,NOT_IN_INHERITED_CANDIDATE_REVIEW,NOT_IN_INHERITED_CANDIDATE_REVIEW,BOUNDARY_TELEMETRY_DOES_NOT_ESTABLISH_PASS,prediction_windows_37.csv.gz + laptime_source_inventory_37.csv,,,FIXED_PAIR_CLASSIFIED_ORDER_REVERSED_AT_NEXT_LAP_BOUNDARY,FALSE,AUTOMATED_PROXY_LINK_UNREVIEWED
f8d44cae79792a32a012,2020:Russian Grand Prix:Race,train,development_validation,ALB,RUS,11,12,3381.048,3484.791,103.743,2020-09-27T11:36:21.102000000,2020-09-27T11:38:04.845000000,862c63b823ea69152e7ffd3b,2020:Russian Grand Prix:Race|ALB|RUS|11|12,INHERITED_CANDIDATE_ID,MATCHED_TO_INHERITED_CANDIDATE,UNRESOLVED,AUTOMATED_REVIEW_UNREVIEWED,ALB:17;RUS:16,ALB:16;RUS:17,NOT_AVAILABLE_FROM_FASTF1_POSITION_XYZ,2020-09-27T11:36:21.102000+00:00,2020-09-27T11:38:04.845000+00:00,0.837,NO_RELEVANT_PIT_ROW_FOUND_IN_CONTEXT,NO_RC_RECORD_ON_DECISION_OR_ENDPOINT_LAP,"FastF1 car_data and pos_data present for selected race; pos_data contains XYZ/status, not classified running order or pass timestamp",event_review_37.csv + candidate source,https://raw.githubusercontent.com/TracingInsights/2020/264ae1db8f1381540fb839c89f7b249ae2d8957d/Russian%20Grand%20Prix/Race/ALB/laptimes.json|https://raw.githubusercontent.com/TracingInsights/2020/264ae1db8f1381540fb839c89f7b249ae2d8957d/Russian%20Grand%20Prix/Race/RUS/laptimes.json,73d8b83a4c17701486a52e6b50c85521f82ccfcc63f6759774f34d70f0b3c2c5|92ee6ef085554697f69e0358456732c37e0f7e93268ec48df82d1fa027eb2e0c,FIXED_PAIR_CLASSIFIED_ORDER_REVERSED_AT_NEXT_LAP_BOUNDARY,FALSE,AUTOMATED_REVIEW_UNREVIEWED
77e3f6a8837e2916ecba,2020:Russian Grand Prix:Race,train,development_validation,ALB,LAT,15,16,3792.602,3894.136,101.534,2020-09-27T11:43:12.656000000,2020-09-27T11:44:54.190000000,92bd8972d7c7673e7c68fe30,2020:Russian Grand Prix:Race|ALB|LAT|15|16,INHERITED_CANDIDATE_ID,MATCHED_TO_INHERITED_CANDIDATE,UNRESOLVED,AUTOMATED_REVIEW_UNREVIEWED,ALB:16;LAT:15,ALB:15;LAT:17,NOT_AVAILABLE_FROM_FASTF1_POSITION_XYZ,2020-09-27T11:43:12.656000+00:00,2020-09-27T11:44:54.190000+00:00,2.016,NO_RELEVANT_PIT_ROW_FOUND_IN_CONTEXT,NO_RC_RECORD_ON_DECISION_OR_ENDPOINT_LAP,"FastF1 car_data and pos_data present for selected race; pos_data contains XYZ/status, not classified running order or pass timestamp",event_review_37.csv + candidate source,https://raw.githubusercontent.com/TracingInsights/2020/264ae1db8f1381540fb839c89f7b249ae2d8957d/Russian%20Grand%20Prix/Race/ALB/laptimes.json|https://raw.githubusercontent.com/TracingInsights/2020/264ae1db8f1381540fb839c89f7b249ae2d8957d/Russian%20Grand%20Prix/Race/LAT/laptimes.json,6f9daafc491ea501d44f43c3716819dcff41ea4367d10c06531917467b0c3dbd|92ee6ef085554697f69e0358456732c37e0f7e93268ec48df82d1fa027eb2e0c,FIXED_PAIR_CLASSIFIED_ORDER_REVERSED_AT_NEXT_LAP_BOUNDARY,FALSE,AUTOMATED_REVIEW_UNREVIEWED
a4c8e4c43e8cd433c088,2020:Russian Grand Prix:Race,train,development_validation,ALB,GIO,36,37,5937.865,6037.582,99.717,2020-09-27T12:18:57.919000000,2020-09-27T12:20:37.636000000,38df2cad0088a48ae5a5bdb2,2020:Russian Grand Prix:Race|ALB|GIO|36|37,INHERITED_CANDIDATE_ID,MATCHED_TO_INHERITED_CANDIDATE,UNRESOLVED,AUTOMATED_REVIEW_UNREVIEWED,ALB:14;GIO:13,ALB:13;GIO:14,NOT_AVAILABLE_FROM_FASTF1_POSITION_XYZ,2020-09-27T12:18:57.919000+00:00,2020-09-27T12:20:37.636000+00:00,2.307,NO_RELEVANT_PIT_ROW_FOUND_IN_CONTEXT,RC_RECORD_ON_DECISION_OR_ENDPOINT_LAP,"FastF1 car_data and pos_data present for selected race; pos_data contains XYZ/status, not classified running order or pass timestamp",event_review_37.csv + candidate source,https://raw.githubusercontent.com/TracingInsights/2020/264ae1db8f1381540fb839c89f7b249ae2d8957d/Russian%20Grand%20Prix/Race/ALB/laptimes.json|https://raw.githubusercontent.com/TracingInsights/2020/264ae1db8f1381540fb839c89f7b249ae2d8957d/Russian%20Grand%20Prix/Race/GIO/laptimes.json,92ee6ef085554697f69e0358456732c37e0f7e93268ec48df82d1fa027eb2e0c|d40353d7562e8e828d5134d692bd51dc1de3d0898d684001e439a29a7bf109dd,FIXED_PAIR_CLASSIFIED_ORDER_REVERSED_AT_NEXT_LAP_BOUNDARY,FALSE,AUTOMATED_REVIEW_UNREVIEWED
1f42b11a2448e0911a57,2020:Russian Grand Prix:Race,train,development_validation,BOT,HAM,15,16,3756.457,3853.753,97.296,2020-09-27T11:42:36.511000000,2020-09-27T11:44:13.807000000,5571cc0f7a912c6631f9ca0d,2020:Russian Grand Prix:Race|BOT|HAM|15|16,INHERITED_CANDIDATE_ID,MATCHED_TO_INHERITED_CANDIDATE,OTHER_POSITION_CHANGE,AUTOMATED_REVIEW_UNREVIEWED,BOT:2;HAM:1,BOT:1;HAM:2,NOT_AVAILABLE_FROM_FASTF1_POSITION_XYZ,2020-09-27T11:42:36.511000+00:00,2020-09-27T11:44:13.807000+00:00,5.16,PIT_LAP_OVERLAP_RECORDED_BUT_TIME_OF_DAY_ONLY,NO_RC_RECORD_ON_DECISION_OR_ENDPOINT_LAP,"FastF1 car_data and pos_data present for selected race; pos_data contains XYZ/status, not classified running order or pass timestamp",event_review_37.csv + candidate source,https://raw.githubusercontent.com/TracingInsights/2020/264ae1db8f1381540fb839c89f7b249ae2d8957d/Russian%20Grand%20Prix/Race/BOT/laptimes.json|https://raw.githubusercontent.com/TracingInsights/2020/264ae1db8f1381540fb839c89f7b249ae2d8957d/Russian%20Grand%20Prix/Race/HAM/laptimes.json,2c23cb7a97a843961f317d2f5c59c9bf85c1703396d54921d95b3bf19b71f2d9|8a42d8d32acbb838583496235620adfb1439320d4349c4a5779893941ebedf8a,FIXED_PAIR_CLASSIFIED_ORDER_REVERSED_AT_NEXT_LAP_BOUNDARY,FALSE,AUTOMATED_REVIEW_UNREVIEWED
794143b97ebb2acdf773,2020:Russian Grand Prix:Race,train,development_validation,GAS,RAI,33,34,5621.752,5722.7,100.948,2020-09-27T12:13:41.806000000,2020-09-27T12:15:22.754000000,2aa318b5214f6c78e88a3b6a,2020:Russian Grand Prix:Race|GAS|RAI|33|34,INHERITED_CANDIDATE_ID,MATCHED_TO_INHERITED_CANDIDATE,UNRESOLVED,AUTOMATED_REVIEW_UNREVIEWED,GAS:10;RAI:9,GAS:9;RAI:10,NOT_AVAILABLE_FROM_FASTF1_POSITION_XYZ,2020-09-27T12:13:41.806000+00:00,2020-09-27T12:15:22.754000+00:00,1.517,NO_RELEVANT_PIT_ROW_FOUND_IN_CONTEXT,NO_RC_RECORD_ON_DECISION_OR_ENDPOINT_LAP,"FastF1 car_data and pos_data present for selected race; pos_data contains XYZ/status, not classified running order or pass timestamp",event_review_37.csv + candidate source,https://raw.githubusercontent.com/TracingInsights/2020/264ae1db8f1381540fb839c89f7b249ae2d8957d/Russian%20Grand%20Prix/Race/GAS/laptimes.json|https://raw.githubusercontent.com/TracingInsights/2020/264ae1db8f1381540fb839c89f7b249ae2d8957d/Russian%20Grand%20Prix/Race/RAI/laptimes.json,4690deb2cfbf175c3438ce806fd0fd19325aab7a2ada93cdb8a21f2b5b9d66fd|62da74e5948b229da48108822e0251769b227bcabd37e0e6ef51a8f6b2a961a9,FIXED_PAIR_CLASSIFIED_ORDER_REVERSED_AT_NEXT_LAP_BOUNDARY,FALSE,AUTOMATED_REVIEW_UNREVIEWED
35aa5373ee9f9d8f6c20,2020:Russian Grand Prix:Race,train,development_validation,GIO,GRO,39,40,6241.661,6343.006,101.345,2020-09-27T12:24:01.715000000,2020-09-27T12:25:43.060000000,9ea45d7526c6e7a753dd9337,2020:Russian Grand Prix:Race|GIO|GRO|39|40,INHERITED_CANDIDATE_ID,MATCHED_TO_INHERITED_CANDIDATE,UNRESOLVED,AUTOMATED_REVIEW_UNREVIEWED,GIO:14;GRO:13,GIO:13;GRO:14,NOT_AVAILABLE_FROM_FASTF1_POSITION_XYZ,2020-09-27T12:24:01.715000+00:00,2020-09-27T12:25:43.060000+00:00,2.913,NO_RELEVANT_PIT_ROW_FOUND_IN_CONTEXT,RC_RECORD_ON_DECISION_OR_ENDPOINT_LAP,"FastF1 car_data and pos_data present for selected race; pos_data contains XYZ/status, not classified running order or pass timestamp",event_review_37.csv + candidate source,https://raw.githubusercontent.com/TracingInsights/2020/264ae1db8f1381540fb839c89f7b249ae2d8957d/Russian%20Grand%20Prix/Race/GIO/laptimes.json|https://raw.githubusercontent.com/TracingInsights/2020/264ae1db8f1381540fb839c89f7b249ae2d8957d/Russian%20Grand%20Prix/Race/GRO/laptimes.json,d40353d7562e8e828d5134d692bd51dc1de3d0898d684001e439a29a7bf109dd|f7c7ac2cedb99969a5c977bdc1e51e17ec206912ba872d838bad4067792dd3a5,FIXED_PAIR_CLASSIFIED_ORDER_REVERSED_AT_NEXT_LAP_BOUNDARY,FALSE,AUTOMATED_REVIEW_UNREVIEWED
e9b02ed9fbae47eb7f8f,2020:Russian Grand Prix:Race,train,development_validation,HAM,VET,18,19,4091.405,4191.103,99.698,2020-09-27T11:48:11.459000000,2020-09-27T11:49:51.157000000,3a79d9c583d22b38da003350,2020:Russian Grand Prix:Race|HAM|VET|18|19,INHERITED_CANDIDATE_ID,MATCHED_TO_INHERITED_CANDIDATE,UNRESOLVED,AUTOMATED_REVIEW_UNREVIEWED,HAM:10;VET:9,HAM:7;VET:8,NOT_AVAILABLE_FROM_FASTF1_POSITION_XYZ,2020-09-27T11:48:11.459000+00:00,2020-09-27T11:49:51.157000+00:00,2.273,NO_RELEVANT_PIT_ROW_FOUND_IN_CONTEXT,NO_RC_RECORD_ON_DECISION_OR_ENDPOINT_LAP,"FastF1 car_data and pos_data present for selected race; pos_data contains XYZ/status, not classified running order or pass timestamp",event_review_37.csv + candidate source,https://raw.githubusercontent.com/TracingInsights/2020/264ae1db8f1381540fb839c89f7b249ae2d8957d/Russian%20Grand%20Prix/Race/HAM/laptimes.json|https://raw.githubusercontent.com/TracingInsights/2020/264ae1db8f1381540fb839c89f7b249ae2d8957d/Russian%20Grand%20Prix/Race/VET/laptimes.json,4521d9ea18ad5c48a5876b3a7b3a4e39686b9a56083b56fd5119ffee74dd27b5|8a42d8d32acbb838583496235620adfb1439320d4349c4a5779893941ebedf8a,FIXED_PAIR_CLASSIFIED_ORDER_REVERSED_AT_NEXT_LAP_BOUNDARY,FALSE,AUTOMATED_REVIEW_UNREVIEWED
eceaf764f298222cf722,2020:Russian Grand Prix:Race,train,development_validation,HAM,KVY,29,30,5191.04,5289.832,98.792,2020-09-27T12:06:31.094000000,2020-09-27T12:08:09.886000000,63072b77f4cf89eed1cc5f7c,2020:Russian Grand Prix:Race|HAM|KVY|29|30,INHERITED_CANDIDATE_ID,MATCHED_TO_INHERITED_CANDIDATE,OTHER_POSITION_CHANGE,AUTOMATED_REVIEW_UNREVIEWED,HAM:4;KVY:3,HAM:3;KVY:4,NOT_AVAILABLE_FROM_FASTF1_POSITION_XYZ,2020-09-27T12:06:31.094000+00:00,2020-09-27T12:08:09.886000+00:00,2.839,PIT_LAP_OVERLAP_RECORDED_BUT_TIME_OF_DAY_ONLY,NO_RC_RECORD_ON_DECISION_OR_ENDPOINT_LAP,"FastF1 car_data and pos_data present for selected race; pos_data contains XYZ/status, not classified running order or pass timestamp",event_review_37.csv + candidate source,https://raw.githubusercontent.com/TracingInsights/2020/264ae1db8f1381540fb839c89f7b249ae2d8957d/Russian%20Grand%20Prix/Race/HAM/laptimes.json|https://raw.githubusercontent.com/TracingInsights/2020/264ae1db8f1381540fb839c89f7b249ae2d8957d/Russian%20Grand%20Prix/Race/KVY/laptimes.json,606c894652610c97cd90e674261dfd59e8cad61a7c7ff030b2e82b77e1d1f7f5|8a42d8d32acbb838583496235620adfb1439320d4349c4a5779893941ebedf8a,FIXED_PAIR_CLASSIFIED_ORDER_REVERSED_AT_NEXT_LAP_BOUNDARY,FALSE,AUTOMATED_REVIEW_UNREVIEWED
3ab934f2e36b2307f7bd,2020:Russian Grand Prix:Race,train,development_validation,KVY,MAG,12,13,3469.012,3570.171,101.159,2020-09-27T11:37:49.066000000,2020-09-27T11:39:30.225000000,a98425e7a9e473177c738beb,2020:Russian Grand Prix:Race|KVY|MAG|12|13,INHERITED_CANDIDATE_ID,MATCHED_TO_INHERITED_CANDIDATE,UNRESOLVED,AUTOMATED_REVIEW_UNREVIEWED,KVY:10;MAG:9,KVY:9;MAG:10,NOT_AVAILABLE_FROM_FASTF1_POSITION_XYZ,2020-09-27T11:37:49.066000+00:00,2020-09-27T11:39:30.225000+00:00,1.999,NO_RELEVANT_PIT_ROW_FOUND_IN_CONTEXT,NO_RC_RECORD_ON_DECISION_OR_ENDPOINT_LAP,"FastF1 car_data and pos_data present for selected race; pos_data contains XYZ/status, not classified running order or pass timestamp",event_review_37.csv + candidate source,https://raw.githubusercontent.com/TracingInsights/2020/264ae1db8f1381540fb839c89f7b249ae2d8957d/Russian%20Grand%20Prix/Race/KVY/laptimes.json|https://raw.githubusercontent.com/TracingInsights/2020/264ae1db8f1381540fb839c89f7b249ae2d8957d/Russian%20Grand%20Prix/Race/MAG/laptimes.json,48920618c5e092f032b147da1d2bc4a3c35449ff90716af59f4876c970f8768b|606c894652610c97cd90e674261dfd59e8cad61a7c7ff030b2e82b77e1d1f7f5,FIXED_PAIR_CLASSIFIED_ORDER_REVERSED_AT_NEXT_LAP_BOUNDARY,FALSE,AUTOMATED_REVIEW_UNREVIEWED
b1c13305f975fa9a1801,2020:Russian Grand Prix:Race,train,development_validation,LEC,GAS,17,18,3973.371,4073.564,100.193,2020-09-27T11:46:13.425000000,2020-09-27T11:47:53.618000000,,2020:Russian Grand Prix:Race|LEC|GAS|17|18,BOUNDARY_PROXY_KEY,OUTSIDE_INHERITED_CANDIDATE_UNIVERSE,OUTSIDE_CANDIDATE_UNIVERSE,AUTOMATED_PROXY_LINK_UNREVIEWED,LEC:6;GAS:5,LEC:5;GAS:7,NOT_AVAILABLE_FROM_BOUNDARY_LAPTIMES,2020-09-27T11:46:13.425000000,2020-09-27T11:47:53.618000000,BOUNDARY_INTERVAL_ONLY_NOT_EXACT_PASS_TIME,NOT_IN_INHERITED_CANDIDATE_REVIEW,NOT_IN_INHERITED_CANDIDATE_REVIEW,BOUNDARY_TELEMETRY_DOES_NOT_ESTABLISH_PASS,prediction_windows_37.csv.gz + laptime_source_inventory_37.csv,,,FIXED_PAIR_CLASSIFIED_ORDER_REVERSED_AT_NEXT_LAP_BOUNDARY,FALSE,AUTOMATED_PROXY_LINK_UNREVIEWED
be989e0d03b96ac971bb,2020:Russian Grand Prix:Race,train,development_validation,NOR,RUS,12,13,3486.231,3590.133,103.902,2020-09-27T11:38:06.285000000,2020-09-27T11:39:50.187000000,a9661e270e3d0854910c49e5,2020:Russian Grand Prix:Race|NOR|RUS|12|13,INHERITED_CANDIDATE_ID,MATCHED_TO_INHERITED_CANDIDATE,UNRESOLVED,AUTOMATED_REVIEW_UNREVIEWED,NOR:18;RUS:17,NOR:17;RUS:18,NOT_AVAILABLE_FROM_FASTF1_POSITION_XYZ,2020-09-27T11:38:06.285000+00:00,2020-09-27T11:39:50.187000+00:00,1.829,NO_RELEVANT_PIT_ROW_FOUND_IN_CONTEXT,NO_RC_RECORD_ON_DECISION_OR_ENDPOINT_LAP,"FastF1 car_data and pos_data present for selected race; pos_data contains XYZ/status, not classified running order or pass timestamp",event_review_37.csv + candidate source,https://raw.githubusercontent.com/TracingInsights/2020/264ae1db8f1381540fb839c89f7b249ae2d8957d/Russian%20Grand%20Prix/Race/NOR/laptimes.json|https://raw.githubusercontent.com/TracingInsights/2020/264ae1db8f1381540fb839c89f7b249ae2d8957d/Russian%20Grand%20Prix/Race/RUS/laptimes.json,73d8b83a4c17701486a52e6b50c85521f82ccfcc63f6759774f34d70f0b3c2c5|d63a0c2115b9cc993561d0a02dab580f95ece9ce65eedfac0f361408c60cb655,FIXED_PAIR_CLASSIFIED_ORDER_REVERSED_AT_NEXT_LAP_BOUNDARY,FALSE,AUTOMATED_REVIEW_UNREVIEWED
71e024596f1e9fe21735,2020:Russian Grand Prix:Race,train,development_validation,NOR,RAI,34,35,5726.779,5825.194,98.415,2020-09-27T12:15:26.833000000,2020-09-27T12:17:05.248000000,6f061c65723c809ff6e01c4a,2020:Russian Grand Prix:Race|NOR|RAI|34|35,INHERITED_CANDIDATE_ID,MATCHED_TO_INHERITED_CANDIDATE,OTHER_POSITION_CHANGE,AUTOMATED_REVIEW_UNREVIEWED,NOR:11;RAI:10,NOR:10;RAI:12,NOT_AVAILABLE_FROM_FASTF1_POSITION_XYZ,2020-09-27T12:15:26.833000+00:00,2020-09-27T12:17:05.248000+00:00,6.721,PIT_LAP_OVERLAP_RECORDED_BUT_TIME_OF_DAY_ONLY,NO_RC_RECORD_ON_DECISION_OR_ENDPOINT_LAP,"FastF1 car_data and pos_data present for selected race; pos_data contains XYZ/status, not classified running order or pass timestamp",event_review_37.csv + candidate source,https://raw.githubusercontent.com/TracingInsights/2020/264ae1db8f1381540fb839c89f7b249ae2d8957d/Russian%20Grand%20Prix/Race/NOR/laptimes.json|https://raw.githubusercontent.com/TracingInsights/2020/264ae1db8f1381540fb839c89f7b249ae2d8957d/Russian%20Grand%20Prix/Race/RAI/laptimes.json,62da74e5948b229da48108822e0251769b227bcabd37e0e6ef51a8f6b2a961a9|d63a0c2115b9cc993561d0a02dab580f95ece9ce65eedfac0f361408c60cb655,FIXED_PAIR_CLASSIFIED_ORDER_REVERSED_AT_NEXT_LAP_BOUNDARY,FALSE,AUTOMATED_REVIEW_UNREVIEWED
3f15bed51defe250e8b7,2020:Russian Grand Prix:Race,train,development_validation,OCO,VET,27,28,5007.378,5109.277,101.899,2020-09-27T12:03:27.432000000,2020-09-27T12:05:09.331000000,912395c54790f20a6d0345d6,2020:Russian Grand Prix:Race|OCO|VET|27|28,INHERITED_CANDIDATE_ID,MATCHED_TO_INHERITED_CANDIDATE,UNRESOLVED,AUTOMATED_REVIEW_UNREVIEWED,OCO:9;VET:8,OCO:8;VET:9,NOT_AVAILABLE_FROM_FASTF1_POSITION_XYZ,2020-09-27T12:03:27.432000+00:00,2020-09-27T12:05:09.331000+00:00,3.048,NO_RELEVANT_PIT_ROW_FOUND_IN_CONTEXT,RC_RECORD_ON_DECISION_OR_ENDPOINT_LAP,"FastF1 car_data and pos_data present for selected race; pos_data contains XYZ/status, not classified running order or pass timestamp",event_review_37.csv + candidate source,https://raw.githubusercontent.com/TracingInsights/2020/264ae1db8f1381540fb839c89f7b249ae2d8957d/Russian%20Grand%20Prix/Race/OCO/laptimes.json|https://raw.githubusercontent.com/TracingInsights/2020/264ae1db8f1381540fb839c89f7b249ae2d8957d/Russian%20Grand%20Prix/Race/VET/laptimes.json,3989b7a00076c9583e93b2fc0c8fe670f176f392579d97589618cabfc3c957f6|4521d9ea18ad5c48a5876b3a7b3a4e39686b9a56083b56fd5119ffee74dd27b5,FIXED_PAIR_CLASSIFIED_ORDER_REVERSED_AT_NEXT_LAP_BOUNDARY,FALSE,AUTOMATED_REVIEW_UNREVIEWED
ccd9186278a199472931,2020:Russian Grand Prix:Race,train,development_validation,PER,RIC,14,15,3662.213,3763.786,101.573,2020-09-27T11:41:02.267000000,2020-09-27T11:42:43.840000000,5b64e58ae1d232c02cd67b11,2020:Russian Grand Prix:Race|PER|RIC|14|15,INHERITED_CANDIDATE_ID,MATCHED_TO_INHERITED_CANDIDATE,OTHER_POSITION_CHANGE,AUTOMATED_REVIEW_UNREVIEWED,PER:6;RIC:5,PER:5;RIC:8,NOT_AVAILABLE_FROM_FASTF1_POSITION_XYZ,2020-09-27T11:41:02.267000+00:00,2020-09-27T11:42:43.840000+00:00,1.29,PIT_LAP_OVERLAP_RECORDED_BUT_TIME_OF_DAY_ONLY,NO_RC_RECORD_ON_DECISION_OR_ENDPOINT_LAP,"FastF1 car_data and pos_data present for selected race; pos_data contains XYZ/status, not classified running order or pass timestamp",event_review_37.csv + candidate source,https://raw.githubusercontent.com/TracingInsights/2020/264ae1db8f1381540fb839c89f7b249ae2d8957d/Russian%20Grand%20Prix/Race/PER/laptimes.json|https://raw.githubusercontent.com/TracingInsights/2020/264ae1db8f1381540fb839c89f7b249ae2d8957d/Russian%20Grand%20Prix/Race/RIC/laptimes.json,273a3b60b35f0ae3cd7dc8e6776e897d363c92f683fc42ff6a1f8cc7bd7aec79|2a06497f369b0eb965aefdddd97907cdeeb2a0f8941255d3b9b4fb88ed356daa,FIXED_PAIR_CLASSIFIED_ORDER_REVERSED_AT_NEXT_LAP_BOUNDARY,FALSE,AUTOMATED_REVIEW_UNREVIEWED
cbca265723e54f545410,2020:Russian Grand Prix:Race,train,development_validation,PER,OCO,17,18,3967.278,4066.013,98.735,2020-09-27T11:46:07.332000000,2020-09-27T11:47:46.067000000,,2020:Russian Grand Prix:Race|PER|OCO|17|18,BOUNDARY_PROXY_KEY,OUTSIDE_INHERITED_CANDIDATE_UNIVERSE,OUTSIDE_CANDIDATE_UNIVERSE,AUTOMATED_PROXY_LINK_UNREVIEWED,PER:4;OCO:3,PER:3;OCO:4,NOT_AVAILABLE_FROM_BOUNDARY_LAPTIMES,2020-09-27T11:46:07.332000000,2020-09-27T11:47:46.067000000,BOUNDARY_INTERVAL_ONLY_NOT_EXACT_PASS_TIME,NOT_IN_INHERITED_CANDIDATE_REVIEW,NOT_IN_INHERITED_CANDIDATE_REVIEW,BOUNDARY_TELEMETRY_DOES_NOT_ESTABLISH_PASS,prediction_windows_37.csv.gz + laptime_source_inventory_37.csv,,,FIXED_PAIR_CLASSIFIED_ORDER_REVERSED_AT_NEXT_LAP_BOUNDARY,FALSE,AUTOMATED_PROXY_LINK_UNREVIEWED
481ca72a04248db6a97d,2020:Russian Grand Prix:Race,train,development_validation,RAI,VET,29,30,5215.311,5314.677,99.366,2020-09-27T12:06:55.365000000,2020-09-27T12:08:34.731000000,5f9c03de94fd98c5b72f0928,2020:Russian Grand Prix:Race|RAI|VET|29|30,INHERITED_CANDIDATE_ID,MATCHED_TO_INHERITED_CANDIDATE,OTHER_POSITION_CHANGE,AUTOMATED_REVIEW_UNREVIEWED,RAI:10;VET:9,RAI:9;VET:11,NOT_AVAILABLE_FROM_FASTF1_POSITION_XYZ,2020-09-27T12:06:55.365000+00:00,2020-09-27T12:08:34.731000+00:00,4.759,PIT_LAP_OVERLAP_RECORDED_BUT_TIME_OF_DAY_ONLY,NO_RC_RECORD_ON_DECISION_OR_ENDPOINT_LAP,"FastF1 car_data and pos_data present for selected race; pos_data contains XYZ/status, not classified running order or pass timestamp",event_review_37.csv + candidate source,https://raw.githubusercontent.com/TracingInsights/2020/264ae1db8f1381540fb839c89f7b249ae2d8957d/Russian%20Grand%20Prix/Race/RAI/laptimes.json|https://raw.githubusercontent.com/TracingInsights/2020/264ae1db8f1381540fb839c89f7b249ae2d8957d/Russian%20Grand%20Prix/Race/VET/laptimes.json,4521d9ea18ad5c48a5876b3a7b3a4e39686b9a56083b56fd5119ffee74dd27b5|62da74e5948b229da48108822e0251769b227bcabd37e0e6ef51a8f6b2a961a9,FIXED_PAIR_CLASSIFIED_ORDER_REVERSED_AT_NEXT_LAP_BOUNDARY,FALSE,AUTOMATED_REVIEW_UNREVIEWED
44c14f8323fc25f71157,2020:Russian Grand Prix:Race,train,development_validation,RIC,RAI,19,20,4197.797,4298.849,101.052,2020-09-27T11:49:57.851000000,2020-09-27T11:51:38.903000000,,2020:Russian Grand Prix:Race|RIC|RAI|19|20,BOUNDARY_PROXY_KEY,OUTSIDE_INHERITED_CANDIDATE_UNIVERSE,OUTSIDE_CANDIDATE_UNIVERSE,AUTOMATED_PROXY_LINK_UNREVIEWED,RIC:11;RAI:10,RIC:9;RAI:10,NOT_AVAILABLE_FROM_BOUNDARY_LAPTIMES,2020-09-27T11:49:57.851000000,2020-09-27T11:51:38.903000000,BOUNDARY_INTERVAL_ONLY_NOT_EXACT_PASS_TIME,NOT_IN_INHERITED_CANDIDATE_REVIEW,NOT_IN_INHERITED_CANDIDATE_REVIEW,BOUNDARY_TELEMETRY_DOES_NOT_ESTABLISH_PASS,prediction_windows_37.csv.gz + laptime_source_inventory_37.csv,,,FIXED_PAIR_CLASSIFIED_ORDER_REVERSED_AT_NEXT_LAP_BOUNDARY,FALSE,AUTOMATED_PROXY_LINK_UNREVIEWED
631f562518dc6ef9f056,2020:Russian Grand Prix:Race,train,development_validation,RIC,OCO,24,25,4702.961,4802.987,100.026,2020-09-27T11:58:23.015000000,2020-09-27T12:00:03.041000000,,2020:Russian Grand Prix:Race|RIC|OCO|24|25,BOUNDARY_PROXY_KEY,OUTSIDE_INHERITED_CANDIDATE_UNIVERSE,OUTSIDE_CANDIDATE_UNIVERSE,AUTOMATED_PROXY_LINK_UNREVIEWED,RIC:9;OCO:8,RIC:8;OCO:9,NOT_AVAILABLE_FROM_BOUNDARY_LAPTIMES,2020-09-27T11:58:23.015000000,2020-09-27T12:00:03.041000000,BOUNDARY_INTERVAL_ONLY_NOT_EXACT_PASS_TIME,NOT_IN_INHERITED_CANDIDATE_REVIEW,NOT_IN_INHERITED_CANDIDATE_REVIEW,BOUNDARY_TELEMETRY_DOES_NOT_ESTABLISH_PASS,prediction_windows_37.csv.gz + laptime_source_inventory_37.csv,,,FIXED_PAIR_CLASSIFIED_ORDER_REVERSED_AT_NEXT_LAP_BOUNDARY,FALSE,AUTOMATED_PROXY_LINK_UNREVIEWED
a2509cefedc110e360b1,2020:Russian Grand Prix:Race,train,development_validation,VER,LEC,27,28,4986.015,5083.02,97.005,2020-09-27T12:03:06.069000000,2020-09-27T12:04:43.074000000,,2020:Russian Grand Prix:Race|VER|LEC|27|28,BOUNDARY_PROXY_KEY,OUTSIDE_INHERITED_CANDIDATE_UNIVERSE,OUTSIDE_CANDIDATE_UNIVERSE,AUTOMATED_PROXY_LINK_UNREVIEWED,VER:3;LEC:2,VER:2;LEC:3,NOT_AVAILABLE_FROM_BOUNDARY_LAPTIMES,2020-09-27T12:03:06.069000000,2020-09-27T12:04:43.074000000,BOUNDARY_INTERVAL_ONLY_NOT_EXACT_PASS_TIME,NOT_IN_INHERITED_CANDIDATE_REVIEW,NOT_IN_INHERITED_CANDIDATE_REVIEW,BOUNDARY_TELEMETRY_DOES_NOT_ESTABLISH_PASS,prediction_windows_37.csv.gz + laptime_source_inventory_37.csv,,,FIXED_PAIR_CLASSIFIED_ORDER_REVERSED_AT_NEXT_LAP_BOUNDARY,FALSE,AUTOMATED_PROXY_LINK_UNREVIEWED
1052d41ccd0d00133158,2020:Russian Grand Prix:Race,train,development_validation,VET,GIO,15,16,3783.056,3884.922,101.866,2020-09-27T11:43:03.110000000,2020-09-27T11:44:44.976000000,,2020:Russian Grand Prix:Race|VET|GIO|15|16,BOUNDARY_PROXY_KEY,OUTSIDE_INHERITED_CANDIDATE_UNIVERSE,OUTSIDE_CANDIDATE_UNIVERSE,AUTOMATED_PROXY_LINK_UNREVIEWED,VET:13;GIO:12,VET:11;GIO:12,NOT_AVAILABLE_FROM_BOUNDARY_LAPTIMES,2020-09-27T11:43:03.110000000,2020-09-27T11:44:44.976000000,BOUNDARY_INTERVAL_ONLY_NOT_EXACT_PASS_TIME,NOT_IN_INHERITED_CANDIDATE_REVIEW,NOT_IN_INHERITED_CANDIDATE_REVIEW,BOUNDARY_TELEMETRY_DOES_NOT_ESTABLISH_PASS,prediction_windows_37.csv.gz + laptime_source_inventory_37.csv,,,FIXED_PAIR_CLASSIFIED_ORDER_REVERSED_AT_NEXT_LAP_BOUNDARY,FALSE,AUTOMATED_PROXY_LINK_UNREVIEWED
973398756a3d78775006,2020:Russian Grand Prix:Race,train,development_validation,VET,GRO,16,17,3885.629,3985.699,100.07,2020-09-27T11:44:45.683000000,2020-09-27T11:46:25.753000000,,2020:Russian Grand Prix:Race|VET|GRO|16|17,BOUNDARY_PROXY_KEY,OUTSIDE_INHERITED_CANDIDATE_UNIVERSE,OUTSIDE_CANDIDATE_UNIVERSE,AUTOMATED_PROXY_LINK_UNREVIEWED,VET:11;GRO:10,VET:9;GRO:11,NOT_AVAILABLE_FROM_BOUNDARY_LAPTIMES,2020-09-27T11:44:45.683000000,2020-09-27T11:46:25.753000000,BOUNDARY_INTERVAL_ONLY_NOT_EXACT_PASS_TIME,NOT_IN_INHERITED_CANDIDATE_REVIEW,NOT_IN_INHERITED_CANDIDATE_REVIEW,BOUNDARY_TELEMETRY_DOES_NOT_ESTABLISH_PASS,prediction_windows_37.csv.gz + laptime_source_inventory_37.csv,,,FIXED_PAIR_CLASSIFIED_ORDER_REVERSED_AT_NEXT_LAP_BOUNDARY,FALSE,AUTOMATED_PROXY_LINK_UNREVIEWED
4b00efee59d12f3f03f9,2020:Sakhir Grand Prix:Race,train,development_test,ALB,MAG,4,5,2239.865,2328.148,88.283,2020-12-06T17:17:19.898000000,2020-12-06T17:18:48.181000000,a2aeda79fb8accefdd8253e6,2020:Sakhir Grand Prix:Race|ALB|MAG|4|5,INHERITED_CANDIDATE_ID,MATCHED_TO_INHERITED_CANDIDATE,UNRESOLVED,AUTOMATED_REVIEW_UNREVIEWED,ALB:12;MAG:11,ALB:11;MAG:12,NOT_AVAILABLE_FROM_FASTF1_POSITION_XYZ,2020-12-06T17:17:19.898000+00:00,2020-12-06T17:18:48.181000+00:00,3.035,NO_RELEVANT_PIT_ROW_FOUND_IN_CONTEXT,NO_RC_RECORD_ON_DECISION_OR_ENDPOINT_LAP,"FastF1 car_data and pos_data present for selected race; pos_data contains XYZ/status, not classified running order or pass timestamp",event_review_37.csv + candidate source,https://raw.githubusercontent.com/TracingInsights/2020/264ae1db8f1381540fb839c89f7b249ae2d8957d/Sakhir%20Grand%20Prix/Race/ALB/laptimes.json|https://raw.githubusercontent.com/TracingInsights/2020/264ae1db8f1381540fb839c89f7b249ae2d8957d/Sakhir%20Grand%20Prix/Race/MAG/laptimes.json,68bf6aaa233dde5325eaa077cf4816962edaba17cfb111920bde26b62ade2b23|af78b50eafa3f11e44adb5dab71f8be800ef4267d8671cb25b8681fb24efd347,FIXED_PAIR_CLASSIFIED_ORDER_REVERSED_AT_NEXT_LAP_BOUNDARY,FALSE,AUTOMATED_REVIEW_UNREVIEWED
e4f1bfb6e0fad438856b,2020:Sakhir Grand Prix:Race,train,development_test,ALB,NOR,19,20,3207.239,3266.061,58.822,2020-12-06T17:33:27.272000000,2020-12-06T17:34:26.094000000,c00e34f931669eca2f31faac,2020:Sakhir Grand Prix:Race|ALB|NOR|19|20,INHERITED_CANDIDATE_ID,MATCHED_TO_INHERITED_CANDIDATE,OTHER_POSITION_CHANGE,AUTOMATED_REVIEW_UNREVIEWED,ALB:10;NOR:9,ALB:9;NOR:11,NOT_AVAILABLE_FROM_FASTF1_POSITION_XYZ,2020-12-06T17:33:27.272000+00:00,2020-12-06T17:34:26.094000+00:00,1.167,PIT_LAP_OVERLAP_RECORDED_BUT_TIME_OF_DAY_ONLY,NO_RC_RECORD_ON_DECISION_OR_ENDPOINT_LAP,"FastF1 car_data and pos_data present for selected race; pos_data contains XYZ/status, not classified running order or pass timestamp",event_review_37.csv + candidate source,https://raw.githubusercontent.com/TracingInsights/2020/264ae1db8f1381540fb839c89f7b249ae2d8957d/Sakhir%20Grand%20Prix/Race/ALB/laptimes.json|https://raw.githubusercontent.com/TracingInsights/2020/264ae1db8f1381540fb839c89f7b249ae2d8957d/Sakhir%20Grand%20Prix/Race/NOR/laptimes.json,1261652bb853810200c178468d46e8265f4c631584b86b320946394b86b57094|af78b50eafa3f11e44adb5dab71f8be800ef4267d8671cb25b8681fb24efd347,FIXED_PAIR_CLASSIFIED_ORDER_REVERSED_AT_NEXT_LAP_BOUNDARY,FALSE,AUTOMATED_REVIEW_UNREVIEWED
517e9b056e35b0ae85ac,2020:Sakhir Grand Prix:Race,train,development_test,ALB,NOR,51,52,5110.496,5167.05,56.554,2020-12-06T18:05:10.529000000,2020-12-06T18:06:07.083000000,1e2d2ef13b44c2623d5ecd7d,2020:Sakhir Grand Prix:Race|ALB|NOR|51|52,INHERITED_CANDIDATE_ID,MATCHED_TO_INHERITED_CANDIDATE,UNRESOLVED,AUTOMATED_REVIEW_UNREVIEWED,ALB:11;NOR:10,ALB:9;NOR:10,NOT_AVAILABLE_FROM_FASTF1_POSITION_XYZ,2020-12-06T18:05:10.529000+00:00,2020-12-06T18:06:07.083000+00:00,2.729,NO_RELEVANT_PIT_ROW_FOUND_IN_CONTEXT,RC_RECORD_ON_DECISION_OR_ENDPOINT_LAP,"FastF1 car_data and pos_data present for selected race; pos_data contains XYZ/status, not classified running order or pass timestamp",event_review_37.csv + candidate source,https://raw.githubusercontent.com/TracingInsights/2020/264ae1db8f1381540fb839c89f7b249ae2d8957d/Sakhir%20Grand%20Prix/Race/ALB/laptimes.json|https://raw.githubusercontent.com/TracingInsights/2020/264ae1db8f1381540fb839c89f7b249ae2d8957d/Sakhir%20Grand%20Prix/Race/NOR/laptimes.json,1261652bb853810200c178468d46e8265f4c631584b86b320946394b86b57094|af78b50eafa3f11e44adb5dab71f8be800ef4267d8671cb25b8681fb24efd347,FIXED_PAIR_CLASSIFIED_ORDER_REVERSED_AT_NEXT_LAP_BOUNDARY,FALSE,AUTOMATED_REVIEW_UNREVIEWED
7c529753f3948f6f38ad,2020:Sakhir Grand Prix:Race,train,development_test,ALB,BOT,77,78,6820.75,6878.83,58.08,2020-12-06T18:33:40.783000000,2020-12-06T18:34:38.863000000,b11351e5b0157a322889f383,2020:Sakhir Grand Prix:Race|ALB|BOT|77|78,INHERITED_CANDIDATE_ID,MATCHED_TO_INHERITED_CANDIDATE,UNRESOLVED,AUTOMATED_REVIEW_UNREVIEWED,ALB:8;BOT:7,ALB:7;BOT:9,NOT_AVAILABLE_FROM_FASTF1_POSITION_XYZ,2020-12-06T18:33:40.783000+00:00,2020-12-06T18:34:38.863000+00:00,2.154,NO_RELEVANT_PIT_ROW_FOUND_IN_CONTEXT,NO_RC_RECORD_ON_DECISION_OR_ENDPOINT_LAP,"FastF1 car_data and pos_data present for selected race; pos_data contains XYZ/status, not classified running order or pass timestamp",event_review_37.csv + candidate source,https://raw.githubusercontent.com/TracingInsights/2020/264ae1db8f1381540fb839c89f7b249ae2d8957d/Sakhir%20Grand%20Prix/Race/ALB/laptimes.json|https://raw.githubusercontent.com/TracingInsights/2020/264ae1db8f1381540fb839c89f7b249ae2d8957d/Sakhir%20Grand%20Prix/Race/BOT/laptimes.json,6d48548e9c6e0d6422b302667e27bd14527515fd360574022b1d01577bd3b9b0|af78b50eafa3f11e44adb5dab71f8be800ef4267d8671cb25b8681fb24efd347,FIXED_PAIR_CLASSIFIED_ORDER_REVERSED_AT_NEXT_LAP_BOUNDARY,FALSE,AUTOMATED_REVIEW_UNREVIEWED
a6a705c0d9e745e9cf1b,2020:Sakhir Grand Prix:Race,train,development_test,FIT,RAI,22,23,3405.269,3463.895,58.626,2020-12-06T17:36:45.302000000,2020-12-06T17:37:43.928000000,5f2e5eb750c3fa55e61bff97,2020:Sakhir Grand Prix:Race|FIT|RAI|22|23,INHERITED_CANDIDATE_ID,MATCHED_TO_INHERITED_CANDIDATE,OTHER_POSITION_CHANGE,AUTOMATED_REVIEW_UNREVIEWED,FIT:17;RAI:16,FIT:16;RAI:17,NOT_AVAILABLE_FROM_FASTF1_POSITION_XYZ,2020-12-06T17:36:45.302000+00:00,2020-12-06T17:37:43.928000+00:00,2.546,PIT_LAP_OVERLAP_RECORDED_BUT_TIME_OF_DAY_ONLY,NO_RC_RECORD_ON_DECISION_OR_ENDPOINT_LAP,"FastF1 car_data and pos_data present for selected race; pos_data contains XYZ/status, not classified running order or pass timestamp",event_review_37.csv + candidate source,https://raw.githubusercontent.com/TracingInsights/2020/264ae1db8f1381540fb839c89f7b249ae2d8957d/Sakhir%20Grand%20Prix/Race/FIT/laptimes.json|https://raw.githubusercontent.com/TracingInsights/2020/264ae1db8f1381540fb839c89f7b249ae2d8957d/Sakhir%20Grand%20Prix/Race/RAI/laptimes.json,be8e6e4c00c09cecefea256bfb784704990b2de69ae495ed7952b83ca0fb9992|f5fc5b5c25b0ed012a50f93ae039caca015d5f400de05bc45130d36bdfc01425,FIXED_PAIR_CLASSIFIED_ORDER_REVERSED_AT_NEXT_LAP_BOUNDARY,FALSE,AUTOMATED_REVIEW_UNREVIEWED
52dd43bfd65ddf3c7c7c,2020:Sakhir Grand Prix:Race,train,development_test,LAT,GIO,2,3,2057.511,2150.058,92.547,2020-12-06T17:14:17.544000000,2020-12-06T17:15:50.091000000,,2020:Sakhir Grand Prix:Race|LAT|GIO|2|3,BOUNDARY_PROXY_KEY,OUTSIDE_INHERITED_CANDIDATE_UNIVERSE,OUTSIDE_CANDIDATE_UNIVERSE,AUTOMATED_PROXY_LINK_UNREVIEWED,LAT:14;GIO:13,LAT:13;GIO:14,NOT_AVAILABLE_FROM_BOUNDARY_LAPTIMES,2020-12-06T17:14:17.544000000,2020-12-06T17:15:50.091000000,BOUNDARY_INTERVAL_ONLY_NOT_EXACT_PASS_TIME,NOT_IN_INHERITED_CANDIDATE_REVIEW,NOT_IN_INHERITED_CANDIDATE_REVIEW,BOUNDARY_TELEMETRY_DOES_NOT_ESTABLISH_PASS,prediction_windows_37.csv.gz + laptime_source_inventory_37.csv,,,FIXED_PAIR_CLASSIFIED_ORDER_REVERSED_AT_NEXT_LAP_BOUNDARY,FALSE,AUTOMATED_PROXY_LINK_UNREVIEWED
b463834d83c6c53aa1d4,2020:Sakhir Grand Prix:Race,train,development_test,LAT,FIT,30,31,3891.999,3947.931,55.932,2020-12-06T17:44:52.032000000,2020-12-06T17:45:47.964000000,,2020:Sakhir Grand Prix:Race|LAT|FIT|30|31,BOUNDARY_PROXY_KEY,OUTSIDE_INHERITED_CANDIDATE_UNIVERSE,OUTSIDE_CANDIDATE_UNIVERSE,AUTOMATED_PROXY_LINK_UNREVIEWED,LAT:15;FIT:14,LAT:14;FIT:16,NOT_AVAILABLE_FROM_BOUNDARY_LAPTIMES,2020-12-06T17:44:52.032000000,2020-12-06T17:45:47.964000000,BOUNDARY_INTERVAL_ONLY_NOT_EXACT_PASS_TIME,NOT_IN_INHERITED_CANDIDATE_REVIEW,NOT_IN_INHERITED_CANDIDATE_REVIEW,BOUNDARY_TELEMETRY_DOES_NOT_ESTABLISH_PASS,prediction_windows_37.csv.gz + laptime_source_inventory_37.csv,,,FIXED_PAIR_CLASSIFIED_ORDER_REVERSED_AT_NEXT_LAP_BOUNDARY,FALSE,AUTOMATED_PROXY_LINK_UNREVIEWED
b8a634a7fc3567f8b158,2020:Sakhir Grand Prix:Race,train,development_test,NOR,AIT,30,31,3877.518,3935.997,58.479,2020-12-06T17:44:37.551000000,2020-12-06T17:45:36.030000000,,2020:Sakhir Grand Prix:Race|NOR|AIT|30|31,BOUNDARY_PROXY_KEY,OUTSIDE_INHERITED_CANDIDATE_UNIVERSE,OUTSIDE_CANDIDATE_UNIVERSE,AUTOMATED_PROXY_LINK_UNREVIEWED,NOR:13;AIT:12,NOR:12;AIT:13,NOT_AVAILABLE_FROM_BOUNDARY_LAPTIMES,2020-12-06T17:44:37.551000000,2020-12-06T17:45:36.030000000,BOUNDARY_INTERVAL_ONLY_NOT_EXACT_PASS_TIME,NOT_IN_INHERITED_CANDIDATE_REVIEW,NOT_IN_INHERITED_CANDIDATE_REVIEW,BOUNDARY_TELEMETRY_DOES_NOT_ESTABLISH_PASS,prediction_windows_37.csv.gz + laptime_source_inventory_37.csv,,,FIXED_PAIR_CLASSIFIED_ORDER_REVERSED_AT_NEXT_LAP_BOUNDARY,FALSE,AUTOMATED_PROXY_LINK_UNREVIEWED
333baf8dd4017a4856db,2020:Sakhir Grand Prix:Race,train,development_test,PER,MAG,9,10,2619.432,2677.739,58.307,2020-12-06T17:23:39.465000000,2020-12-06T17:24:37.772000000,,2020:Sakhir Grand Prix:Race|PER|MAG|9|10,BOUNDARY_PROXY_KEY,OUTSIDE_INHERITED_CANDIDATE_UNIVERSE,OUTSIDE_CANDIDATE_UNIVERSE,AUTOMATED_PROXY_LINK_UNREVIEWED,PER:13;MAG:12,PER:12;MAG:13,NOT_AVAILABLE_FROM_BOUNDARY_LAPTIMES,2020-12-06T17:23:39.465000000,2020-12-06T17:24:37.772000000,BOUNDARY_INTERVAL_ONLY_NOT_EXACT_PASS_TIME,NOT_IN_INHERITED_CANDIDATE_REVIEW,NOT_IN_INHERITED_CANDIDATE_REVIEW,BOUNDARY_TELEMETRY_DOES_NOT_ESTABLISH_PASS,prediction_windows_37.csv.gz + laptime_source_inventory_37.csv,,,FIXED_PAIR_CLASSIFIED_ORDER_REVERSED_AT_NEXT_LAP_BOUNDARY,FALSE,AUTOMATED_PROXY_LINK_UNREVIEWED
f15341f812a59590abf7,2020:Sakhir Grand Prix:Race,train,development_test,PER,ALB,20,21,3267.114,3325.206,58.092,2020-12-06T17:34:27.147000000,2020-12-06T17:35:25.239000000,,2020:Sakhir Grand Prix:Race|PER|ALB|20|21,BOUNDARY_PROXY_KEY,OUTSIDE_INHERITED_CANDIDATE_UNIVERSE,OUTSIDE_CANDIDATE_UNIVERSE,AUTOMATED_PROXY_LINK_UNREVIEWED,PER:10;ALB:9,PER:9;ALB:10,NOT_AVAILABLE_FROM_BOUNDARY_LAPTIMES,2020-12-06T17:34:27.147000000,2020-12-06T17:35:25.239000000,BOUNDARY_INTERVAL_ONLY_NOT_EXACT_PASS_TIME,NOT_IN_INHERITED_CANDIDATE_REVIEW,NOT_IN_INHERITED_CANDIDATE_REVIEW,BOUNDARY_TELEMETRY_DOES_NOT_ESTABLISH_PASS,prediction_windows_37.csv.gz + laptime_source_inventory_37.csv,,,FIXED_PAIR_CLASSIFIED_ORDER_REVERSED_AT_NEXT_LAP_BOUNDARY,FALSE,AUTOMATED_PROXY_LINK_UNREVIEWED
3292ff784963dbad21bd,2020:Sakhir Grand Prix:Race,train,development_test,PER,OCO,40,41,4441.178,4498.236,57.058,2020-12-06T17:54:01.211000000,2020-12-06T17:54:58.269000000,,2020:Sakhir Grand Prix:Race|PER|OCO|40|41,BOUNDARY_PROXY_KEY,OUTSIDE_INHERITED_CANDIDATE_UNIVERSE,OUTSIDE_CANDIDATE_UNIVERSE,AUTOMATED_PROXY_LINK_UNREVIEWED,PER:5;OCO:4,PER:4;OCO:5,NOT_AVAILABLE_FROM_BOUNDARY_LAPTIMES,2020-12-06T17:54:01.211000000,2020-12-06T17:54:58.269000000,BOUNDARY_INTERVAL_ONLY_NOT_EXACT_PASS_TIME,NOT_IN_INHERITED_CANDIDATE_REVIEW,NOT_IN_INHERITED_CANDIDATE_REVIEW,BOUNDARY_TELEMETRY_DOES_NOT_ESTABLISH_PASS,prediction_windows_37.csv.gz + laptime_source_inventory_37.csv,,,FIXED_PAIR_CLASSIFIED_ORDER_REVERSED_AT_NEXT_LAP_BOUNDARY,FALSE,AUTOMATED_PROXY_LINK_UNREVIEWED
b6922e6f36ea4205467e,2020:Sakhir Grand Prix:Race,train,development_test,RAI,AIT,9,10,2621.121,2680.526,59.405,2020-12-06T17:23:41.154000000,2020-12-06T17:24:40.559000000,,2020:Sakhir Grand Prix:Race|RAI|AIT|9|10,BOUNDARY_PROXY_KEY,OUTSIDE_INHERITED_CANDIDATE_UNIVERSE,OUTSIDE_CANDIDATE_UNIVERSE,AUTOMATED_PROXY_LINK_UNREVIEWED,RAI:17;AIT:16,RAI:16;AIT:17,NOT_AVAILABLE_FROM_BOUNDARY_LAPTIMES,2020-12-06T17:23:41.154000000,2020-12-06T17:24:40.559000000,BOUNDARY_INTERVAL_ONLY_NOT_EXACT_PASS_TIME,NOT_IN_INHERITED_CANDIDATE_REVIEW,NOT_IN_INHERITED_CANDIDATE_REVIEW,BOUNDARY_TELEMETRY_DOES_NOT_ESTABLISH_PASS,prediction_windows_37.csv.gz + laptime_source_inventory_37.csv,,,FIXED_PAIR_CLASSIFIED_ORDER_REVERSED_AT_NEXT_LAP_BOUNDARY,FALSE,AUTOMATED_PROXY_LINK_UNREVIEWED
da1ad6e771279367fa37,2020:Sakhir Grand Prix:Race,train,development_test,RAI,MAG,69,70,6362.371,6420.694,58.323,2020-12-06T18:26:02.404000000,2020-12-06T18:27:00.727000000,,2020:Sakhir Grand Prix:Race|RAI|MAG|69|70,BOUNDARY_PROXY_KEY,OUTSIDE_INHERITED_CANDIDATE_UNIVERSE,OUTSIDE_CANDIDATE_UNIVERSE,AUTOMATED_PROXY_LINK_UNREVIEWED,RAI:15;MAG:14,RAI:14;MAG:15,NOT_AVAILABLE_FROM_BOUNDARY_LAPTIMES,2020-12-06T18:26:02.404000000,2020-12-06T18:27:00.727000000,BOUNDARY_INTERVAL_ONLY_NOT_EXACT_PASS_TIME,NOT_IN_INHERITED_CANDIDATE_REVIEW,NOT_IN_INHERITED_CANDIDATE_REVIEW,BOUNDARY_TELEMETRY_DOES_NOT_ESTABLISH_PASS,prediction_windows_37.csv.gz + laptime_source_inventory_37.csv,,,FIXED_PAIR_CLASSIFIED_ORDER_REVERSED_AT_NEXT_LAP_BOUNDARY,FALSE,AUTOMATED_PROXY_LINK_UNREVIEWED
f206b062b828804819d1,2020:Sakhir Grand Prix:Race,train,development_test,RUS,BOT,69,70,6357.029,6414.902,57.873,2020-12-06T18:25:57.062000000,2020-12-06T18:26:54.935000000,,2020:Sakhir Grand Prix:Race|RUS|BOT|69|70,BOUNDARY_PROXY_KEY,OUTSIDE_INHERITED_CANDIDATE_UNIVERSE,OUTSIDE_CANDIDATE_UNIVERSE,AUTOMATED_PROXY_LINK_UNREVIEWED,RUS:5;BOT:4,RUS:4;BOT:5,NOT_AVAILABLE_FROM_BOUNDARY_LAPTIMES,2020-12-06T18:25:57.062000000,2020-12-06T18:26:54.935000000,BOUNDARY_INTERVAL_ONLY_NOT_EXACT_PASS_TIME,NOT_IN_INHERITED_CANDIDATE_REVIEW,NOT_IN_INHERITED_CANDIDATE_REVIEW,BOUNDARY_TELEMETRY_DOES_NOT_ESTABLISH_PASS,prediction_windows_37.csv.gz + laptime_source_inventory_37.csv,,,FIXED_PAIR_CLASSIFIED_ORDER_REVERSED_AT_NEXT_LAP_BOUNDARY,FALSE,AUTOMATED_PROXY_LINK_UNREVIEWED
fce70c5bbe8311e6171d,2020:Sakhir Grand Prix:Race,train,development_test,RUS,RAI,80,81,7005.167,7058.818,53.651,2020-12-06T18:36:45.200000000,2020-12-06T18:37:38.851000000,,2020:Sakhir Grand Prix:Race|RUS|RAI|80|81,BOUNDARY_PROXY_KEY,OUTSIDE_INHERITED_CANDIDATE_UNIVERSE,OUTSIDE_CANDIDATE_UNIVERSE,AUTOMATED_PROXY_LINK_UNREVIEWED,RUS:14;RAI:13,RUS:13;RAI:14,NOT_AVAILABLE_FROM_BOUNDARY_LAPTIMES,2020-12-06T18:36:45.200000000,2020-12-06T18:37:38.851000000,BOUNDARY_INTERVAL_ONLY_NOT_EXACT_PASS_TIME,NOT_IN_INHERITED_CANDIDATE_REVIEW,NOT_IN_INHERITED_CANDIDATE_REVIEW,BOUNDARY_TELEMETRY_DOES_NOT_ESTABLISH_PASS,prediction_windows_37.csv.gz + laptime_source_inventory_37.csv,,,FIXED_PAIR_CLASSIFIED_ORDER_REVERSED_AT_NEXT_LAP_BOUNDARY,FALSE,AUTOMATED_PROXY_LINK_UNREVIEWED
2e83b819218fee39bfda,2020:Sakhir Grand Prix:Race,train,development_test,RUS,GIO,82,83,7117.113,7173.529,56.416,2020-12-06T18:38:37.146000000,2020-12-06T18:39:33.562000000,,2020:Sakhir Grand Prix:Race|RUS|GIO|82|83,BOUNDARY_PROXY_KEY,OUTSIDE_INHERITED_CANDIDATE_UNIVERSE,OUTSIDE_CANDIDATE_UNIVERSE,AUTOMATED_PROXY_LINK_UNREVIEWED,RUS:13;GIO:12,RUS:12;GIO:13,NOT_AVAILABLE_FROM_BOUNDARY_LAPTIMES,2020-12-06T18:38:37.146000000,2020-12-06T18:39:33.562000000,BOUNDARY_INTERVAL_ONLY_NOT_EXACT_PASS_TIME,NOT_IN_INHERITED_CANDIDATE_REVIEW,NOT_IN_INHERITED_CANDIDATE_REVIEW,BOUNDARY_TELEMETRY_DOES_NOT_ESTABLISH_PASS,prediction_windows_37.csv.gz + laptime_source_inventory_37.csv,,,FIXED_PAIR_CLASSIFIED_ORDER_REVERSED_AT_NEXT_LAP_BOUNDARY,FALSE,AUTOMATED_PROXY_LINK_UNREVIEWED
9e675b69410f438a5940,2020:Sakhir Grand Prix:Race,train,development_test,RUS,VET,83,84,7173.89,7229.733,55.843,2020-12-06T18:39:33.923000000,2020-12-06T18:40:29.766000000,4a17b22a4d56d51deeefe86e,2020:Sakhir Grand Prix:Race|RUS|VET|83|84,INHERITED_CANDIDATE_ID,MATCHED_TO_INHERITED_CANDIDATE,UNRESOLVED,AUTOMATED_REVIEW_UNREVIEWED,RUS:12;VET:11,RUS:11;VET:12,NOT_AVAILABLE_FROM_FASTF1_POSITION_XYZ,2020-12-06T18:39:33.923000+00:00,2020-12-06T18:40:29.766000+00:00,2.277,NO_RELEVANT_PIT_ROW_FOUND_IN_CONTEXT,RC_RECORD_ON_DECISION_OR_ENDPOINT_LAP,"FastF1 car_data and pos_data present for selected race; pos_data contains XYZ/status, not classified running order or pass timestamp",event_review_37.csv + candidate source,https://raw.githubusercontent.com/TracingInsights/2020/264ae1db8f1381540fb839c89f7b249ae2d8957d/Sakhir%20Grand%20Prix/Race/RUS/laptimes.json|https://raw.githubusercontent.com/TracingInsights/2020/264ae1db8f1381540fb839c89f7b249ae2d8957d/Sakhir%20Grand%20Prix/Race/VET/laptimes.json,918aa250e1c9bfd7948f7bac348a6566bb43975a7fc338fad2798c6c9a75e091|a5d018ef70899627712f1ced33e30afbf4a1ca3eabbea25a675e7c1318f9a480,FIXED_PAIR_CLASSIFIED_ORDER_REVERSED_AT_NEXT_LAP_BOUNDARY,FALSE,AUTOMATED_REVIEW_UNREVIEWED
35c5060e5228fe9810ae,2020:Sakhir Grand Prix:Race,train,development_test,RUS,GAS,85,86,7286.708,7343.143,56.435,2020-12-06T18:41:26.741000000,2020-12-06T18:42:23.176000000,,2020:Sakhir Grand Prix:Race|RUS|GAS|85|86,BOUNDARY_PROXY_KEY,OUTSIDE_INHERITED_CANDIDATE_UNIVERSE,OUTSIDE_CANDIDATE_UNIVERSE,AUTOMATED_PROXY_LINK_UNREVIEWED,RUS:11;GAS:10,RUS:10;GAS:11,NOT_AVAILABLE_FROM_BOUNDARY_LAPTIMES,2020-12-06T18:41:26.741000000,2020-12-06T18:42:23.176000000,BOUNDARY_INTERVAL_ONLY_NOT_EXACT_PASS_TIME,NOT_IN_INHERITED_CANDIDATE_REVIEW,NOT_IN_INHERITED_CANDIDATE_REVIEW,BOUNDARY_TELEMETRY_DOES_NOT_ESTABLISH_PASS,prediction_windows_37.csv.gz + laptime_source_inventory_37.csv,,,FIXED_PAIR_CLASSIFIED_ORDER_REVERSED_AT_NEXT_LAP_BOUNDARY,FALSE,AUTOMATED_PROXY_LINK_UNREVIEWED
9a5237a1c04af72c076e,2020:Sakhir Grand Prix:Race,train,development_test,RUS,NOR,86,87,7343.678,7399.844,56.166,2020-12-06T18:42:23.711000000,2020-12-06T18:43:19.877000000,,2020:Sakhir Grand Prix:Race|RUS|NOR|86|87,BOUNDARY_PROXY_KEY,OUTSIDE_INHERITED_CANDIDATE_UNIVERSE,OUTSIDE_CANDIDATE_UNIVERSE,AUTOMATED_PROXY_LINK_UNREVIEWED,RUS:10;NOR:9,RUS:9;NOR:10,NOT_AVAILABLE_FROM_BOUNDARY_LAPTIMES,2020-12-06T18:42:23.711000000,2020-12-06T18:43:19.877000000,BOUNDARY_INTERVAL_ONLY_NOT_EXACT_PASS_TIME,NOT_IN_INHERITED_CANDIDATE_REVIEW,NOT_IN_INHERITED_CANDIDATE_REVIEW,BOUNDARY_TELEMETRY_DOES_NOT_ESTABLISH_PASS,prediction_windows_37.csv.gz + laptime_source_inventory_37.csv,,,FIXED_PAIR_CLASSIFIED_ORDER_REVERSED_AT_NEXT_LAP_BOUNDARY,FALSE,AUTOMATED_PROXY_LINK_UNREVIEWED
a7295ff267a64154425b,2020:Sakhir Grand Prix:Race,train,development_test,SAI,VET,30,31,3868.231,3925.11,56.879,2020-12-06T17:44:28.264000000,2020-12-06T17:45:25.143000000,58689db442c7b1d14832c40c,2020:Sakhir Grand Prix:Race|SAI|VET|30|31,INHERITED_CANDIDATE_ID,MATCHED_TO_INHERITED_CANDIDATE,OTHER_POSITION_CHANGE,AUTOMATED_REVIEW_UNREVIEWED,SAI:8;VET:7,SAI:7;VET:10,NOT_AVAILABLE_FROM_FASTF1_POSITION_XYZ,2020-12-06T17:44:28.264000+00:00,2020-12-06T17:45:25.143000+00:00,4.253,PIT_LAP_OVERLAP_RECORDED_BUT_TIME_OF_DAY_ONLY,RC_RECORD_ON_DECISION_OR_ENDPOINT_LAP,"FastF1 car_data and pos_data present for selected race; pos_data contains XYZ/status, not classified running order or pass timestamp",event_review_37.csv + candidate source,https://raw.githubusercontent.com/TracingInsights/2020/264ae1db8f1381540fb839c89f7b249ae2d8957d/Sakhir%20Grand%20Prix/Race/SAI/laptimes.json|https://raw.githubusercontent.com/TracingInsights/2020/264ae1db8f1381540fb839c89f7b249ae2d8957d/Sakhir%20Grand%20Prix/Race/VET/laptimes.json,a5d018ef70899627712f1ced33e30afbf4a1ca3eabbea25a675e7c1318f9a480|f29a0622395d5b05fecce25172e70de52209b462c2a50990861f67853192243d,FIXED_PAIR_CLASSIFIED_ORDER_REVERSED_AT_NEXT_LAP_BOUNDARY,FALSE,AUTOMATED_REVIEW_UNREVIEWED
2e6535d093ea8a5a6a78,2020:Sakhir Grand Prix:Race,train,development_test,SAI,ALB,46,47,4798.527,4854.823,56.296,2020-12-06T17:59:58.560000000,2020-12-06T18:00:54.856000000,,2020:Sakhir Grand Prix:Race|SAI|ALB|46|47,BOUNDARY_PROXY_KEY,OUTSIDE_INHERITED_CANDIDATE_UNIVERSE,OUTSIDE_CANDIDATE_UNIVERSE,AUTOMATED_PROXY_LINK_UNREVIEWED,SAI:5;ALB:4,SAI:4;ALB:5,NOT_AVAILABLE_FROM_BOUNDARY_LAPTIMES,2020-12-06T17:59:58.560000000,2020-12-06T18:00:54.856000000,BOUNDARY_INTERVAL_ONLY_NOT_EXACT_PASS_TIME,NOT_IN_INHERITED_CANDIDATE_REVIEW,NOT_IN_INHERITED_CANDIDATE_REVIEW,BOUNDARY_TELEMETRY_DOES_NOT_ESTABLISH_PASS,prediction_windows_37.csv.gz + laptime_source_inventory_37.csv,,,FIXED_PAIR_CLASSIFIED_ORDER_REVERSED_AT_NEXT_LAP_BOUNDARY,FALSE,AUTOMATED_PROXY_LINK_UNREVIEWED
78de41b4589e42cacd29,2020:Sakhir Grand Prix:Race,train,development_test,STR,KVY,26,27,3614.816,3673.137,58.321,2020-12-06T17:40:14.849000000,2020-12-06T17:41:13.170000000,,2020:Sakhir Grand Prix:Race|STR|KVY|26|27,BOUNDARY_PROXY_KEY,OUTSIDE_INHERITED_CANDIDATE_UNIVERSE,OUTSIDE_CANDIDATE_UNIVERSE,AUTOMATED_PROXY_LINK_UNREVIEWED,STR:6;KVY:5,STR:5;KVY:7,NOT_AVAILABLE_FROM_BOUNDARY_LAPTIMES,2020-12-06T17:40:14.849000000,2020-12-06T17:41:13.170000000,BOUNDARY_INTERVAL_ONLY_NOT_EXACT_PASS_TIME,NOT_IN_INHERITED_CANDIDATE_REVIEW,NOT_IN_INHERITED_CANDIDATE_REVIEW,BOUNDARY_TELEMETRY_DOES_NOT_ESTABLISH_PASS,prediction_windows_37.csv.gz + laptime_source_inventory_37.csv,,,FIXED_PAIR_CLASSIFIED_ORDER_REVERSED_AT_NEXT_LAP_BOUNDARY,FALSE,AUTOMATED_PROXY_LINK_UNREVIEWED
3c90b0e7d26e0628e874,2020:Spanish Grand Prix:Race,train,development_validation,ALB,OCO,32,33,4672.322,4756.907,84.585,2020-08-16T13:57:54.298000000,2020-08-16T13:59:18.883000000,9409fa9f94e6bcd999d8653d,2020:Spanish Grand Prix:Race|ALB|OCO|32|33,INHERITED_CANDIDATE_ID,MATCHED_TO_INHERITED_CANDIDATE,UNRESOLVED,AUTOMATED_REVIEW_UNREVIEWED,ALB:9;OCO:8,ALB:8;OCO:9,NOT_AVAILABLE_FROM_FASTF1_POSITION_XYZ,2020-08-16T13:57:54.298000+00:00,2020-08-16T13:59:18.883000+00:00,1.449,NO_RELEVANT_PIT_ROW_FOUND_IN_CONTEXT,NO_RC_RECORD_ON_DECISION_OR_ENDPOINT_LAP,"FastF1 car_data and pos_data present for selected race; pos_data contains XYZ/status, not classified running order or pass timestamp",event_review_37.csv + candidate source,https://raw.githubusercontent.com/TracingInsights/2020/264ae1db8f1381540fb839c89f7b249ae2d8957d/Spanish%20Grand%20Prix/Race/ALB/laptimes.json|https://raw.githubusercontent.com/TracingInsights/2020/264ae1db8f1381540fb839c89f7b249ae2d8957d/Spanish%20Grand%20Prix/Race/OCO/laptimes.json,7ed070958a8e2f6243e0e5478a85e7076d031e58f4232dd31732c3983b371e48|da7329b748d95b0113e7caff09e1965ce0f1c13c05d6486a42908eb380311b7a,FIXED_PAIR_CLASSIFIED_ORDER_REVERSED_AT_NEXT_LAP_BOUNDARY,FALSE,AUTOMATED_REVIEW_UNREVIEWED
5d3883fc25864527693b,2020:Spanish Grand Prix:Race,train,development_validation,BOT,STR,4,5,2256.918,2341.726,84.808,2020-08-16T13:17:38.894000000,2020-08-16T13:19:03.702000000,95d8b071f7c7dacbaf525830,2020:Spanish Grand Prix:Race|BOT|STR|4|5,INHERITED_CANDIDATE_ID,MATCHED_TO_INHERITED_CANDIDATE,UNRESOLVED,AUTOMATED_REVIEW_UNREVIEWED,BOT:4;STR:3,BOT:3;STR:4,NOT_AVAILABLE_FROM_FASTF1_POSITION_XYZ,2020-08-16T13:17:38.894000+00:00,2020-08-16T13:19:03.702000+00:00,1.052,NO_RELEVANT_PIT_ROW_FOUND_IN_CONTEXT,NO_RC_RECORD_ON_DECISION_OR_ENDPOINT_LAP,"FastF1 car_data and pos_data present for selected race; pos_data contains XYZ/status, not classified running order or pass timestamp",event_review_37.csv + candidate source,https://raw.githubusercontent.com/TracingInsights/2020/264ae1db8f1381540fb839c89f7b249ae2d8957d/Spanish%20Grand%20Prix/Race/BOT/laptimes.json|https://raw.githubusercontent.com/TracingInsights/2020/264ae1db8f1381540fb839c89f7b249ae2d8957d/Spanish%20Grand%20Prix/Race/STR/laptimes.json,0125554a5da8da5c87b5e0c8e6396d037d065e11616f9bbfa1cbf9baa6a85649|5acf2aaf4afdba1bfca21025039086e1fd041f2f768ad113fe52eb821a6c9c04,FIXED_PAIR_CLASSIFIED_ORDER_REVERSED_AT_NEXT_LAP_BOUNDARY,FALSE,AUTOMATED_REVIEW_UNREVIEWED
4272a96f17e70a293a7e,2020:Spanish Grand Prix:Race,train,development_validation,BOT,VER,20,21,3600.102,3682.245,82.143,2020-08-16T13:40:02.078000000,2020-08-16T13:41:24.221000000,4d9a23ea9d875c341c804725,2020:Spanish Grand Prix:Race|BOT|VER|20|21,INHERITED_CANDIDATE_ID,MATCHED_TO_INHERITED_CANDIDATE,OTHER_POSITION_CHANGE,AUTOMATED_REVIEW_UNREVIEWED,BOT:3;VER:2,BOT:2;VER:3,NOT_AVAILABLE_FROM_FASTF1_POSITION_XYZ,2020-08-16T13:40:02.078000+00:00,2020-08-16T13:41:24.221000+00:00,4.356,PIT_LAP_OVERLAP_RECORDED_BUT_TIME_OF_DAY_ONLY,NO_RC_RECORD_ON_DECISION_OR_ENDPOINT_LAP,"FastF1 car_data and pos_data present for selected race; pos_data contains XYZ/status, not classified running order or pass timestamp",event_review_37.csv + candidate source,https://raw.githubusercontent.com/TracingInsights/2020/264ae1db8f1381540fb839c89f7b249ae2d8957d/Spanish%20Grand%20Prix/Race/BOT/laptimes.json|https://raw.githubusercontent.com/TracingInsights/2020/264ae1db8f1381540fb839c89f7b249ae2d8957d/Spanish%20Grand%20Prix/Race/VER/laptimes.json,0125554a5da8da5c87b5e0c8e6396d037d065e11616f9bbfa1cbf9baa6a85649|52b3bdd47a010c18cbb38a7b74fe9030a61425fdd843e2d09085f21f098ac07f,FIXED_PAIR_CLASSIFIED_ORDER_REVERSED_AT_NEXT_LAP_BOUNDARY,FALSE,AUTOMATED_REVIEW_UNREVIEWED
cd0978321dec1e592597,2020:Spanish Grand Prix:Race,train,development_validation,GAS,OCO,33,34,4758.259,4843.494,85.235,2020-08-16T13:59:20.235000000,2020-08-16T14:00:45.470000000,ec59e058bcb0f1c69f194921,2020:Spanish Grand Prix:Race|GAS|OCO|33|34,INHERITED_CANDIDATE_ID,MATCHED_TO_INHERITED_CANDIDATE,OTHER_POSITION_CHANGE,AUTOMATED_REVIEW_UNREVIEWED,GAS:10;OCO:9,GAS:9;OCO:13,NOT_AVAILABLE_FROM_FASTF1_POSITION_XYZ,2020-08-16T13:59:20.235000+00:00,2020-08-16T14:00:45.470000+00:00,1.896,PIT_LAP_OVERLAP_RECORDED_BUT_TIME_OF_DAY_ONLY,NO_RC_RECORD_ON_DECISION_OR_ENDPOINT_LAP,"FastF1 car_data and pos_data present for selected race; pos_data contains XYZ/status, not classified running order or pass timestamp",event_review_37.csv + candidate source,https://raw.githubusercontent.com/TracingInsights/2020/264ae1db8f1381540fb839c89f7b249ae2d8957d/Spanish%20Grand%20Prix/Race/GAS/laptimes.json|https://raw.githubusercontent.com/TracingInsights/2020/264ae1db8f1381540fb839c89f7b249ae2d8957d/Spanish%20Grand%20Prix/Race/OCO/laptimes.json,1c2087be0a7d9ff896eb6fc46bf49b6a410063884202f96ca35076d856c2a19d|7ed070958a8e2f6243e0e5478a85e7076d031e58f4232dd31732c3983b371e48,FIXED_PAIR_CLASSIFIED_ORDER_REVERSED_AT_NEXT_LAP_BOUNDARY,FALSE,AUTOMATED_REVIEW_UNREVIEWED
535b4560d465c104e3af,2020:Spanish Grand Prix:Race,train,development_validation,GIO,LAT,27,28,4268.899,4355.116,86.217,2020-08-16T13:51:10.875000000,2020-08-16T13:52:37.092000000,521605a36947483b1762dcc6,2020:Spanish Grand Prix:Race|GIO|LAT|27|28,INHERITED_CANDIDATE_ID,MATCHED_TO_INHERITED_CANDIDATE,OTHER_POSITION_CHANGE,AUTOMATED_REVIEW_UNREVIEWED,GIO:20;LAT:19,GIO:19;LAT:20,NOT_AVAILABLE_FROM_FASTF1_POSITION_XYZ,2020-08-16T13:51:10.875000+00:00,2020-08-16T13:52:37.092000+00:00,2.075,PIT_LAP_OVERLAP_RECORDED_BUT_TIME_OF_DAY_ONLY,NO_RC_RECORD_ON_DECISION_OR_ENDPOINT_LAP,"FastF1 car_data and pos_data present for selected race; pos_data contains XYZ/status, not classified running order or pass timestamp",event_review_37.csv + candidate source,https://raw.githubusercontent.com/TracingInsights/2020/264ae1db8f1381540fb839c89f7b249ae2d8957d/Spanish%20Grand%20Prix/Race/GIO/laptimes.json|https://raw.githubusercontent.com/TracingInsights/2020/264ae1db8f1381540fb839c89f7b249ae2d8957d/Spanish%20Grand%20Prix/Race/LAT/laptimes.json,dadd2ed3a04e00ba5b9f5fca94b98d40f779af8ec03f52887d9ab24443912781|e6558b9ff35e2f7ed445f5320376e8f107691e7e707395964b8386d8e69ea4d0,FIXED_PAIR_CLASSIFIED_ORDER_REVERSED_AT_NEXT_LAP_BOUNDARY,FALSE,AUTOMATED_REVIEW_UNREVIEWED
131a0e10eb41dab35562,2020:Spanish Grand Prix:Race,train,development_validation,GRO,RUS,18,19,3478.163,3562.21,84.047,2020-08-16T13:38:00.139000000,2020-08-16T13:39:24.186000000,257ae5cbb98b4dc40ca99d87,2020:Spanish Grand Prix:Race|GRO|RUS|18|19,INHERITED_CANDIDATE_ID,MATCHED_TO_INHERITED_CANDIDATE,OTHER_POSITION_CHANGE,AUTOMATED_REVIEW_UNREVIEWED,GRO:18;RUS:17,GRO:17;RUS:18,NOT_AVAILABLE_FROM_FASTF1_POSITION_XYZ,2020-08-16T13:38:00.139000+00:00,2020-08-16T13:39:24.186000+00:00,4.81,PIT_LAP_OVERLAP_RECORDED_BUT_TIME_OF_DAY_ONLY,NO_RC_RECORD_ON_DECISION_OR_ENDPOINT_LAP,"FastF1 car_data and pos_data present for selected race; pos_data contains XYZ/status, not classified running order or pass timestamp",event_review_37.csv + candidate source,https://raw.githubusercontent.com/TracingInsights/2020/264ae1db8f1381540fb839c89f7b249ae2d8957d/Spanish%20Grand%20Prix/Race/GRO/laptimes.json|https://raw.githubusercontent.com/TracingInsights/2020/264ae1db8f1381540fb839c89f7b249ae2d8957d/Spanish%20Grand%20Prix/Race/RUS/laptimes.json,5cdfe03647959057336786e5129876f3b053e48e3af95fa173602c4104c6550a|fb7a9c7925ca505c4002998b1e7b27320d5eb7a12c68dde48536429fb1bea615,FIXED_PAIR_CLASSIFIED_ORDER_REVERSED_AT_NEXT_LAP_BOUNDARY,FALSE,AUTOMATED_REVIEW_UNREVIEWED
6b211b53b371ebc264e6,2020:Spanish Grand Prix:Race,train,development_validation,KVY,LAT,22,23,3829.632,3916.047,86.415,2020-08-16T13:43:33.574000000,2020-08-16T13:45:18.023000000,bfd604c3c0a3f47d21881e77,2020:Spanish Grand Prix:Race|KVY|LAT|22|23,INHERITED_CANDIDATE_ID,MATCHED_TO_INHERITED_CANDIDATE,UNRESOLVED,AUTOMATED_REVIEW_UNREVIEWED,KVY:17;LAT:16,KVY:16;LAT:17,NOT_AVAILABLE_FROM_FASTF1_POSITION_XYZ,2020-08-16T13:43:51.608000+00:00,2020-08-16T13:45:18.023000+00:00,18.299,NO_RELEVANT_PIT_ROW_FOUND_IN_CONTEXT,NO_RC_RECORD_ON_DECISION_OR_ENDPOINT_LAP,"FastF1 car_data and pos_data present for selected race; pos_data contains XYZ/status, not classified running order or pass timestamp",event_review_37.csv + candidate source,https://raw.githubusercontent.com/TracingInsights/2020/264ae1db8f1381540fb839c89f7b249ae2d8957d/Spanish%20Grand%20Prix/Race/KVY/laptimes.json|https://raw.githubusercontent.com/TracingInsights/2020/264ae1db8f1381540fb839c89f7b249ae2d8957d/Spanish%20Grand%20Prix/Race/LAT/laptimes.json,1a226ee7dc836b6951ca09fdce8f88fdc9f6e419aaa6593146f62acb1a0db2ca|dadd2ed3a04e00ba5b9f5fca94b98d40f779af8ec03f52887d9ab24443912781,FIXED_PAIR_CLASSIFIED_ORDER_REVERSED_AT_NEXT_LAP_BOUNDARY,FALSE,AUTOMATED_REVIEW_UNREVIEWED
fc7a2fd889d2380ffd14,2020:Spanish Grand Prix:Race,train,development_validation,KVY,GRO,25,26,4083.532,4167.919,84.387,2020-08-16T13:48:05.508000000,2020-08-16T13:49:29.895000000,,2020:Spanish Grand Prix:Race|KVY|GRO|25|26,BOUNDARY_PROXY_KEY,OUTSIDE_INHERITED_CANDIDATE_UNIVERSE,OUTSIDE_CANDIDATE_UNIVERSE,AUTOMATED_PROXY_LINK_UNREVIEWED,KVY:16;GRO:15,KVY:15;GRO:16,NOT_AVAILABLE_FROM_BOUNDARY_LAPTIMES,2020-08-16T13:48:05.508000000,2020-08-16T13:49:29.895000000,BOUNDARY_INTERVAL_ONLY_NOT_EXACT_PASS_TIME,NOT_IN_INHERITED_CANDIDATE_REVIEW,NOT_IN_INHERITED_CANDIDATE_REVIEW,BOUNDARY_TELEMETRY_DOES_NOT_ESTABLISH_PASS,prediction_windows_37.csv.gz + laptime_source_inventory_37.csv,,,FIXED_PAIR_CLASSIFIED_ORDER_REVERSED_AT_NEXT_LAP_BOUNDARY,FALSE,AUTOMATED_PROXY_LINK_UNREVIEWED
e74054b75c667c0af201,2020:Spanish Grand Prix:Race,train,development_validation,LAT,GIO,20,21,3657.334,3739.535,82.201,2020-08-16T13:40:59.310000000,2020-08-16T13:42:21.511000000,,2020:Spanish Grand Prix:Race|LAT|GIO|20|21,BOUNDARY_PROXY_KEY,OUTSIDE_INHERITED_CANDIDATE_UNIVERSE,OUTSIDE_CANDIDATE_UNIVERSE,AUTOMATED_PROXY_LINK_UNREVIEWED,LAT:19;GIO:18,LAT:17;GIO:18,NOT_AVAILABLE_FROM_BOUNDARY_LAPTIMES,2020-08-16T13:40:59.310000000,2020-08-16T13:42:21.511000000,BOUNDARY_INTERVAL_ONLY_NOT_EXACT_PASS_TIME,NOT_IN_INHERITED_CANDIDATE_REVIEW,NOT_IN_INHERITED_CANDIDATE_REVIEW,BOUNDARY_TELEMETRY_DOES_NOT_ESTABLISH_PASS,prediction_windows_37.csv.gz + laptime_source_inventory_37.csv,,,FIXED_PAIR_CLASSIFIED_ORDER_REVERSED_AT_NEXT_LAP_BOUNDARY,FALSE,AUTOMATED_PROXY_LINK_UNREVIEWED
308740120438e266261c,2020:Spanish Grand Prix:Race,train,development_validation,LEC,GAS,20,21,3627.287,3712.193,84.906,2020-08-16T13:40:29.263000000,2020-08-16T13:41:54.169000000,,2020:Spanish Grand Prix:Race|LEC|GAS|20|21,BOUNDARY_PROXY_KEY,OUTSIDE_INHERITED_CANDIDATE_UNIVERSE,OUTSIDE_CANDIDATE_UNIVERSE,AUTOMATED_PROXY_LINK_UNREVIEWED,LEC:8;GAS:7,LEC:7;GAS:8,NOT_AVAILABLE_FROM_BOUNDARY_LAPTIMES,2020-08-16T13:40:29.263000000,2020-08-16T13:41:54.169000000,BOUNDARY_INTERVAL_ONLY_NOT_EXACT_PASS_TIME,NOT_IN_INHERITED_CANDIDATE_REVIEW,NOT_IN_INHERITED_CANDIDATE_REVIEW,BOUNDARY_TELEMETRY_DOES_NOT_ESTABLISH_PASS,prediction_windows_37.csv.gz + laptime_source_inventory_37.csv,,,FIXED_PAIR_CLASSIFIED_ORDER_REVERSED_AT_NEXT_LAP_BOUNDARY,FALSE,AUTOMATED_PROXY_LINK_UNREVIEWED
39e9251b97c8c9cf80f8,2020:Spanish Grand Prix:Race,train,development_validation,LEC,SAI,21,22,3712.86,3795.469,82.609,2020-08-16T13:41:54.836000000,2020-08-16T13:43:17.445000000,b80a0dea6d0cfdc0f04c0fb0,2020:Spanish Grand Prix:Race|LEC|SAI|21|22,INHERITED_CANDIDATE_ID,MATCHED_TO_INHERITED_CANDIDATE,OTHER_POSITION_CHANGE,AUTOMATED_REVIEW_UNREVIEWED,LEC:7;SAI:6,LEC:6;SAI:7,NOT_AVAILABLE_FROM_FASTF1_POSITION_XYZ,2020-08-16T13:41:54.836000+00:00,2020-08-16T13:43:17.445000+00:00,7.017,PIT_LAP_OVERLAP_RECORDED_BUT_TIME_OF_DAY_ONLY,NO_RC_RECORD_ON_DECISION_OR_ENDPOINT_LAP,"FastF1 car_data and pos_data present for selected race; pos_data contains XYZ/status, not classified running order or pass timestamp",event_review_37.csv + candidate source,https://raw.githubusercontent.com/TracingInsights/2020/264ae1db8f1381540fb839c89f7b249ae2d8957d/Spanish%20Grand%20Prix/Race/LEC/laptimes.json|https://raw.githubusercontent.com/TracingInsights/2020/264ae1db8f1381540fb839c89f7b249ae2d8957d/Spanish%20Grand%20Prix/Race/SAI/laptimes.json,45d3529bbce82a4f76644eb2bcd67941368e20c8aba20ba5124732c30fce2e57|d0b55a1e384324ffcdf14f89256e65ac39e0a9ce49ec577927b6014eda032d6b,FIXED_PAIR_CLASSIFIED_ORDER_REVERSED_AT_NEXT_LAP_BOUNDARY,FALSE,AUTOMATED_REVIEW_UNREVIEWED
c74ce068f890966b4f7a,2020:Spanish Grand Prix:Race,train,development_validation,OCO,RAI,19,20,3558.505,3644.342,85.837,2020-08-16T13:39:20.481000000,2020-08-16T13:40:46.318000000,522588a747a5761fd04db7f7,2020:Spanish Grand Prix:Race|OCO|RAI|19|20,INHERITED_CANDIDATE_ID,MATCHED_TO_INHERITED_CANDIDATE,OTHER_POSITION_CHANGE,AUTOMATED_REVIEW_UNREVIEWED,OCO:15;RAI:14,OCO:14;RAI:16,NOT_AVAILABLE_FROM_FASTF1_POSITION_XYZ,2020-08-16T13:39:20.481000+00:00,2020-08-16T13:40:46.318000+00:00,1.041,PIT_LAP_OVERLAP_RECORDED_BUT_TIME_OF_DAY_ONLY,NO_RC_RECORD_ON_DECISION_OR_ENDPOINT_LAP,"FastF1 car_data and pos_data present for selected race; pos_data contains XYZ/status, not classified running order or pass timestamp",event_review_37.csv + candidate source,https://raw.githubusercontent.com/TracingInsights/2020/264ae1db8f1381540fb839c89f7b249ae2d8957d/Spanish%20Grand%20Prix/Race/OCO/laptimes.json|https://raw.githubusercontent.com/TracingInsights/2020/264ae1db8f1381540fb839c89f7b249ae2d8957d/Spanish%20Grand%20Prix/Race/RAI/laptimes.json,6094e8c034fc8a9b17346f9232408be009f88504921afd1e9f09f761bf6e432f|7ed070958a8e2f6243e0e5478a85e7076d031e58f4232dd31732c3983b371e48,FIXED_PAIR_CLASSIFIED_ORDER_REVERSED_AT_NEXT_LAP_BOUNDARY,FALSE,AUTOMATED_REVIEW_UNREVIEWED
fbe9e654caee9c1d9a0e,2020:Spanish Grand Prix:Race,train,development_validation,OCO,MAG,27,28,4243.434,4328.434,85.0,2020-08-16T13:50:45.410000000,2020-08-16T13:52:10.410000000,,2020:Spanish Grand Prix:Race|OCO|MAG|27|28,BOUNDARY_PROXY_KEY,OUTSIDE_INHERITED_CANDIDATE_UNIVERSE,OUTSIDE_CANDIDATE_UNIVERSE,AUTOMATED_PROXY_LINK_UNREVIEWED,OCO:10;MAG:9,OCO:9;MAG:15,NOT_AVAILABLE_FROM_BOUNDARY_LAPTIMES,2020-08-16T13:50:45.410000000,2020-08-16T13:52:10.410000000,BOUNDARY_INTERVAL_ONLY_NOT_EXACT_PASS_TIME,NOT_IN_INHERITED_CANDIDATE_REVIEW,NOT_IN_INHERITED_CANDIDATE_REVIEW,BOUNDARY_TELEMETRY_DOES_NOT_ESTABLISH_PASS,prediction_windows_37.csv.gz + laptime_source_inventory_37.csv,,,FIXED_PAIR_CLASSIFIED_ORDER_REVERSED_AT_NEXT_LAP_BOUNDARY,FALSE,AUTOMATED_PROXY_LINK_UNREVIEWED
828aeb4c81497f42e51c,2020:Spanish Grand Prix:Race,train,development_validation,OCO,MAG,55,56,6645.294,6728.646,83.352,2020-08-16T14:30:47.270000000,2020-08-16T14:32:10.622000000,,2020:Spanish Grand Prix:Race|OCO|MAG|55|56,BOUNDARY_PROXY_KEY,OUTSIDE_INHERITED_CANDIDATE_UNIVERSE,OUTSIDE_CANDIDATE_UNIVERSE,AUTOMATED_PROXY_LINK_UNREVIEWED,OCO:14;MAG:13,OCO:13;MAG:14,NOT_AVAILABLE_FROM_BOUNDARY_LAPTIMES,2020-08-16T14:30:47.270000000,2020-08-16T14:32:10.622000000,BOUNDARY_INTERVAL_ONLY_NOT_EXACT_PASS_TIME,NOT_IN_INHERITED_CANDIDATE_REVIEW,NOT_IN_INHERITED_CANDIDATE_REVIEW,BOUNDARY_TELEMETRY_DOES_NOT_ESTABLISH_PASS,prediction_windows_37.csv.gz + laptime_source_inventory_37.csv,,,FIXED_PAIR_CLASSIFIED_ORDER_REVERSED_AT_NEXT_LAP_BOUNDARY,FALSE,AUTOMATED_PROXY_LINK_UNREVIEWED
3318fab4a5727b6f02f8,2020:Spanish Grand Prix:Race,train,development_validation,PER,STR,26,27,4133.954,4218.879,84.925,2020-08-16T13:48:55.930000000,2020-08-16T13:50:20.855000000,166627136bd96b29bf156d53,2020:Spanish Grand Prix:Race|PER|STR|26|27,INHERITED_CANDIDATE_ID,MATCHED_TO_INHERITED_CANDIDATE,OTHER_POSITION_CHANGE,AUTOMATED_REVIEW_UNREVIEWED,PER:5;STR:4,PER:4;STR:5,NOT_AVAILABLE_FROM_FASTF1_POSITION_XYZ,2020-08-16T13:48:55.930000+00:00,2020-08-16T13:50:20.855000+00:00,2.806,PIT_LAP_OVERLAP_RECORDED_BUT_TIME_OF_DAY_ONLY,NO_RC_RECORD_ON_DECISION_OR_ENDPOINT_LAP,"FastF1 car_data and pos_data present for selected race; pos_data contains XYZ/status, not classified running order or pass timestamp",event_review_37.csv + candidate source,https://raw.githubusercontent.com/TracingInsights/2020/264ae1db8f1381540fb839c89f7b249ae2d8957d/Spanish%20Grand%20Prix/Race/PER/laptimes.json|https://raw.githubusercontent.com/TracingInsights/2020/264ae1db8f1381540fb839c89f7b249ae2d8957d/Spanish%20Grand%20Prix/Race/STR/laptimes.json,5acf2aaf4afdba1bfca21025039086e1fd041f2f768ad113fe52eb821a6c9c04|76fb30e021afda5c3203e1699e0efd49cb355a7ae055739c82af52a2e8c894fd,FIXED_PAIR_CLASSIFIED_ORDER_REVERSED_AT_NEXT_LAP_BOUNDARY,FALSE,AUTOMATED_REVIEW_UNREVIEWED
58ea882510a8272bc1b5,2020:Spanish Grand Prix:Race,train,development_validation,PER,SAI,30,31,4500.138,4583.463,83.325,2020-08-16T13:54:43.054000000,2020-08-16T13:56:25.439000000,4ab42d57c2072f17f666ca87,2020:Spanish Grand Prix:Race|PER|SAI|30|31,INHERITED_CANDIDATE_ID,MATCHED_TO_INHERITED_CANDIDATE,UNRESOLVED,AUTOMATED_REVIEW_UNREVIEWED,PER:7;SAI:6,PER:6;SAI:7,NOT_AVAILABLE_FROM_FASTF1_POSITION_XYZ,2020-08-16T13:55:02.114000+00:00,2020-08-16T13:56:25.439000+00:00,19.719,NO_RELEVANT_PIT_ROW_FOUND_IN_CONTEXT,NO_RC_RECORD_ON_DECISION_OR_ENDPOINT_LAP,"FastF1 car_data and pos_data present for selected race; pos_data contains XYZ/status, not classified running order or pass timestamp",event_review_37.csv + candidate source,https://raw.githubusercontent.com/TracingInsights/2020/264ae1db8f1381540fb839c89f7b249ae2d8957d/Spanish%20Grand%20Prix/Race/PER/laptimes.json|https://raw.githubusercontent.com/TracingInsights/2020/264ae1db8f1381540fb839c89f7b249ae2d8957d/Spanish%20Grand%20Prix/Race/SAI/laptimes.json,45d3529bbce82a4f76644eb2bcd67941368e20c8aba20ba5124732c30fce2e57|76fb30e021afda5c3203e1699e0efd49cb355a7ae055739c82af52a2e8c894fd,FIXED_PAIR_CLASSIFIED_ORDER_REVERSED_AT_NEXT_LAP_BOUNDARY,FALSE,AUTOMATED_REVIEW_UNREVIEWED
a2cba21b5cac45e9aa39,2020:Spanish Grand Prix:Race,train,development_validation,RAI,LAT,25,26,4091.784,4178.812,87.028,2020-08-16T13:48:13.760000000,2020-08-16T13:49:40.788000000,,2020:Spanish Grand Prix:Race|RAI|LAT|25|26,BOUNDARY_PROXY_KEY,OUTSIDE_INHERITED_CANDIDATE_UNIVERSE,OUTSIDE_CANDIDATE_UNIVERSE,AUTOMATED_PROXY_LINK_UNREVIEWED,RAI:19;LAT:18,RAI:18;LAT:19,NOT_AVAILABLE_FROM_BOUNDARY_LAPTIMES,2020-08-16T13:48:13.760000000,2020-08-16T13:49:40.788000000,BOUNDARY_INTERVAL_ONLY_NOT_EXACT_PASS_TIME,NOT_IN_INHERITED_CANDIDATE_REVIEW,NOT_IN_INHERITED_CANDIDATE_REVIEW,BOUNDARY_TELEMETRY_DOES_NOT_ESTABLISH_PASS,prediction_windows_37.csv.gz + laptime_source_inventory_37.csv,,,FIXED_PAIR_CLASSIFIED_ORDER_REVERSED_AT_NEXT_LAP_BOUNDARY,FALSE,AUTOMATED_PROXY_LINK_UNREVIEWED
de3b2c7bf819a6e249f5,2020:Spanish Grand Prix:Race,train,development_validation,RAI,GRO,31,32,4602.424,4689.303,86.879,2020-08-16T13:56:44.400000000,2020-08-16T13:58:11.279000000,,2020:Spanish Grand Prix:Race|RAI|GRO|31|32,BOUNDARY_PROXY_KEY,OUTSIDE_INHERITED_CANDIDATE_UNIVERSE,OUTSIDE_CANDIDATE_UNIVERSE,AUTOMATED_PROXY_LINK_UNREVIEWED,RAI:17;GRO:16,RAI:16;GRO:19,NOT_AVAILABLE_FROM_BOUNDARY_LAPTIMES,2020-08-16T13:56:44.400000000,2020-08-16T13:58:11.279000000,BOUNDARY_INTERVAL_ONLY_NOT_EXACT_PASS_TIME,NOT_IN_INHERITED_CANDIDATE_REVIEW,NOT_IN_INHERITED_CANDIDATE_REVIEW,BOUNDARY_TELEMETRY_DOES_NOT_ESTABLISH_PASS,prediction_windows_37.csv.gz + laptime_source_inventory_37.csv,,,FIXED_PAIR_CLASSIFIED_ORDER_REVERSED_AT_NEXT_LAP_BOUNDARY,FALSE,AUTOMATED_PROXY_LINK_UNREVIEWED
e6764e5c477cf02c9572,2020:Spanish Grand Prix:Race,train,development_validation,RAI,RUS,34,35,4858.024,4941.164,83.14,2020-08-16T14:01:00.000000000,2020-08-16T14:02:23.140000000,416f783db13c2b9ed56fb643,2020:Spanish Grand Prix:Race|RAI|RUS|34|35,INHERITED_CANDIDATE_ID,MATCHED_TO_INHERITED_CANDIDATE,OTHER_POSITION_CHANGE,AUTOMATED_REVIEW_UNREVIEWED,RAI:16;RUS:15,RAI:14;RUS:15,NOT_AVAILABLE_FROM_FASTF1_POSITION_XYZ,2020-08-16T14:01:00+00:00,2020-08-16T14:02:23.140000+00:00,3.104,PIT_LAP_OVERLAP_RECORDED_BUT_TIME_OF_DAY_ONLY,RC_RECORD_ON_DECISION_OR_ENDPOINT_LAP,"FastF1 car_data and pos_data present for selected race; pos_data contains XYZ/status, not classified running order or pass timestamp",event_review_37.csv + candidate source,https://raw.githubusercontent.com/TracingInsights/2020/264ae1db8f1381540fb839c89f7b249ae2d8957d/Spanish%20Grand%20Prix/Race/RAI/laptimes.json|https://raw.githubusercontent.com/TracingInsights/2020/264ae1db8f1381540fb839c89f7b249ae2d8957d/Spanish%20Grand%20Prix/Race/RUS/laptimes.json,5cdfe03647959057336786e5129876f3b053e48e3af95fa173602c4104c6550a|6094e8c034fc8a9b17346f9232408be009f88504921afd1e9f09f761bf6e432f,FIXED_PAIR_CLASSIFIED_ORDER_REVERSED_AT_NEXT_LAP_BOUNDARY,FALSE,AUTOMATED_REVIEW_UNREVIEWED
33c837cdfa73e7a86030,2020:Spanish Grand Prix:Race,train,development_validation,RAI,MAG,59,60,6984.897,7067.253,82.356,2020-08-16T14:36:26.873000000,2020-08-16T14:37:49.229000000,,2020:Spanish Grand Prix:Race|RAI|MAG|59|60,BOUNDARY_PROXY_KEY,OUTSIDE_INHERITED_CANDIDATE_UNIVERSE,OUTSIDE_CANDIDATE_UNIVERSE,AUTOMATED_PROXY_LINK_UNREVIEWED,RAI:15;MAG:14,RAI:14;MAG:15,NOT_AVAILABLE_FROM_BOUNDARY_LAPTIMES,2020-08-16T14:36:26.873000000,2020-08-16T14:37:49.229000000,BOUNDARY_INTERVAL_ONLY_NOT_EXACT_PASS_TIME,NOT_IN_INHERITED_CANDIDATE_REVIEW,NOT_IN_INHERITED_CANDIDATE_REVIEW,BOUNDARY_TELEMETRY_DOES_NOT_ESTABLISH_PASS,prediction_windows_37.csv.gz + laptime_source_inventory_37.csv,,,FIXED_PAIR_CLASSIFIED_ORDER_REVERSED_AT_NEXT_LAP_BOUNDARY,FALSE,AUTOMATED_PROXY_LINK_UNREVIEWED
e7bf0fe96aaa95b18544,2020:Spanish Grand Prix:Race,train,development_validation,RIC,KVY,20,21,3637.287,3721.569,84.282,2020-08-16T13:40:39.263000000,2020-08-16T13:42:03.545000000,,2020:Spanish Grand Prix:Race|RIC|KVY|20|21,BOUNDARY_PROXY_KEY,OUTSIDE_INHERITED_CANDIDATE_UNIVERSE,OUTSIDE_CANDIDATE_UNIVERSE,AUTOMATED_PROXY_LINK_UNREVIEWED,RIC:12;KVY:11,RIC:11;KVY:12,NOT_AVAILABLE_FROM_BOUNDARY_LAPTIMES,2020-08-16T13:40:39.263000000,2020-08-16T13:42:03.545000000,BOUNDARY_INTERVAL_ONLY_NOT_EXACT_PASS_TIME,NOT_IN_INHERITED_CANDIDATE_REVIEW,NOT_IN_INHERITED_CANDIDATE_REVIEW,BOUNDARY_TELEMETRY_DOES_NOT_ESTABLISH_PASS,prediction_windows_37.csv.gz + laptime_source_inventory_37.csv,,,FIXED_PAIR_CLASSIFIED_ORDER_REVERSED_AT_NEXT_LAP_BOUNDARY,FALSE,AUTOMATED_PROXY_LINK_UNREVIEWED
b63cb27f0e82f3ededdf,2020:Spanish Grand Prix:Race,train,development_validation,RIC,VET,28,29,4319.684,4404.532,84.848,2020-08-16T13:52:01.660000000,2020-08-16T13:53:26.508000000,8434e22189a02906e1fe56ab,2020:Spanish Grand Prix:Race|RIC|VET|28|29,INHERITED_CANDIDATE_ID,MATCHED_TO_INHERITED_CANDIDATE,OTHER_POSITION_CHANGE,AUTOMATED_REVIEW_UNREVIEWED,RIC:7;VET:6,RIC:6;VET:7,NOT_AVAILABLE_FROM_FASTF1_POSITION_XYZ,2020-08-16T13:52:01.660000+00:00,2020-08-16T13:53:26.508000+00:00,2.055,PIT_LAP_OVERLAP_RECORDED_BUT_TIME_OF_DAY_ONLY,NO_RC_RECORD_ON_DECISION_OR_ENDPOINT_LAP,"FastF1 car_data and pos_data present for selected race; pos_data contains XYZ/status, not classified running order or pass timestamp",event_review_37.csv + candidate source,https://raw.githubusercontent.com/TracingInsights/2020/264ae1db8f1381540fb839c89f7b249ae2d8957d/Spanish%20Grand%20Prix/Race/RIC/laptimes.json|https://raw.githubusercontent.com/TracingInsights/2020/264ae1db8f1381540fb839c89f7b249ae2d8957d/Spanish%20Grand%20Prix/Race/VET/laptimes.json,3ff0caebcc8414d740c8b1ea41ef54417ec7d31da1c3324b01f2e49449ea0ef2|aa47f0963ec88fba73a6529aa6511181491b8b261323ad5401e736f240737d7c,FIXED_PAIR_CLASSIFIED_ORDER_REVERSED_AT_NEXT_LAP_BOUNDARY,FALSE,AUTOMATED_REVIEW_UNREVIEWED
5d4cf1169e16c93fbccc,2020:Spanish Grand Prix:Race,train,development_validation,RUS,GRO,4,5,2271.662,2357.312,85.65,2020-08-16T13:17:53.638000000,2020-08-16T13:19:19.288000000,,2020:Spanish Grand Prix:Race|RUS|GRO|4|5,BOUNDARY_PROXY_KEY,OUTSIDE_INHERITED_CANDIDATE_UNIVERSE,OUTSIDE_CANDIDATE_UNIVERSE,AUTOMATED_PROXY_LINK_UNREVIEWED,RUS:18;GRO:17,RUS:17;GRO:18,NOT_AVAILABLE_FROM_BOUNDARY_LAPTIMES,2020-08-16T13:17:53.638000000,2020-08-16T13:19:19.288000000,BOUNDARY_INTERVAL_ONLY_NOT_EXACT_PASS_TIME,NOT_IN_INHERITED_CANDIDATE_REVIEW,NOT_IN_INHERITED_CANDIDATE_REVIEW,BOUNDARY_TELEMETRY_DOES_NOT_ESTABLISH_PASS,prediction_windows_37.csv.gz + laptime_source_inventory_37.csv,,,FIXED_PAIR_CLASSIFIED_ORDER_REVERSED_AT_NEXT_LAP_BOUNDARY,FALSE,AUTOMATED_PROXY_LINK_UNREVIEWED
231a4a75f17a97d7a961,2020:Spanish Grand Prix:Race,train,development_validation,RUS,LAT,24,25,4005.327,4090.858,85.531,2020-08-16T13:46:47.303000000,2020-08-16T13:48:12.834000000,,2020:Spanish Grand Prix:Race|RUS|LAT|24|25,BOUNDARY_PROXY_KEY,OUTSIDE_INHERITED_CANDIDATE_UNIVERSE,OUTSIDE_CANDIDATE_UNIVERSE,AUTOMATED_PROXY_LINK_UNREVIEWED,RUS:18;LAT:17,RUS:17;LAT:18,NOT_AVAILABLE_FROM_BOUNDARY_LAPTIMES,2020-08-16T13:46:47.303000000,2020-08-16T13:48:12.834000000,BOUNDARY_INTERVAL_ONLY_NOT_EXACT_PASS_TIME,NOT_IN_INHERITED_CANDIDATE_REVIEW,NOT_IN_INHERITED_CANDIDATE_REVIEW,BOUNDARY_TELEMETRY_DOES_NOT_ESTABLISH_PASS,prediction_windows_37.csv.gz + laptime_source_inventory_37.csv,,,FIXED_PAIR_CLASSIFIED_ORDER_REVERSED_AT_NEXT_LAP_BOUNDARY,FALSE,AUTOMATED_PROXY_LINK_UNREVIEWED
c1a71c8504fc93787508,2020:Spanish Grand Prix:Race,train,development_validation,RUS,GRO,30,31,4516.061,4601.153,85.092,2020-08-16T13:55:18.037000000,2020-08-16T13:56:43.129000000,,2020:Spanish Grand Prix:Race|RUS|GRO|30|31,BOUNDARY_PROXY_KEY,OUTSIDE_INHERITED_CANDIDATE_UNIVERSE,OUTSIDE_CANDIDATE_UNIVERSE,AUTOMATED_PROXY_LINK_UNREVIEWED,RUS:16;GRO:15,RUS:15;GRO:16,NOT_AVAILABLE_FROM_BOUNDARY_LAPTIMES,2020-08-16T13:55:18.037000000,2020-08-16T13:56:43.129000000,BOUNDARY_INTERVAL_ONLY_NOT_EXACT_PASS_TIME,NOT_IN_INHERITED_CANDIDATE_REVIEW,NOT_IN_INHERITED_CANDIDATE_REVIEW,BOUNDARY_TELEMETRY_DOES_NOT_ESTABLISH_PASS,prediction_windows_37.csv.gz + laptime_source_inventory_37.csv,,,FIXED_PAIR_CLASSIFIED_ORDER_REVERSED_AT_NEXT_LAP_BOUNDARY,FALSE,AUTOMATED_PROXY_LINK_UNREVIEWED
d814ada31460649e8628,2020:Spanish Grand Prix:Race,train,development_validation,SAI,ALB,16,17,3283.692,3367.244,83.552,2020-08-16T13:34:45.668000000,2020-08-16T13:36:09.220000000,,2020:Spanish Grand Prix:Race|SAI|ALB|16|17,BOUNDARY_PROXY_KEY,OUTSIDE_INHERITED_CANDIDATE_UNIVERSE,OUTSIDE_CANDIDATE_UNIVERSE,AUTOMATED_PROXY_LINK_UNREVIEWED,SAI:7;ALB:6,SAI:6;ALB:8,NOT_AVAILABLE_FROM_BOUNDARY_LAPTIMES,2020-08-16T13:34:45.668000000,2020-08-16T13:36:09.220000000,BOUNDARY_INTERVAL_ONLY_NOT_EXACT_PASS_TIME,NOT_IN_INHERITED_CANDIDATE_REVIEW,NOT_IN_INHERITED_CANDIDATE_REVIEW,BOUNDARY_TELEMETRY_DOES_NOT_ESTABLISH_PASS,prediction_windows_37.csv.gz + laptime_source_inventory_37.csv,,,FIXED_PAIR_CLASSIFIED_ORDER_REVERSED_AT_NEXT_LAP_BOUNDARY,FALSE,AUTOMATED_PROXY_LINK_UNREVIEWED
7e1cf8a772c21fed9234,2020:Spanish Grand Prix:Race,train,development_validation,SAI,ALB,28,29,4330.375,4415.297,84.922,2020-08-16T13:52:12.351000000,2020-08-16T13:53:37.273000000,,2020:Spanish Grand Prix:Race|SAI|ALB|28|29,BOUNDARY_PROXY_KEY,OUTSIDE_INHERITED_CANDIDATE_UNIVERSE,OUTSIDE_CANDIDATE_UNIVERSE,AUTOMATED_PROXY_LINK_UNREVIEWED,SAI:11;ALB:10,SAI:10;ALB:11,NOT_AVAILABLE_FROM_BOUNDARY_LAPTIMES,2020-08-16T13:52:12.351000000,2020-08-16T13:53:37.273000000,BOUNDARY_INTERVAL_ONLY_NOT_EXACT_PASS_TIME,NOT_IN_INHERITED_CANDIDATE_REVIEW,NOT_IN_INHERITED_CANDIDATE_REVIEW,BOUNDARY_TELEMETRY_DOES_NOT_ESTABLISH_PASS,prediction_windows_37.csv.gz + laptime_source_inventory_37.csv,,,FIXED_PAIR_CLASSIFIED_ORDER_REVERSED_AT_NEXT_LAP_BOUNDARY,FALSE,AUTOMATED_PROXY_LINK_UNREVIEWED
b3bff09993cf4260cde1,2020:Spanish Grand Prix:Race,train,development_validation,SAI,OCO,29,30,4415.879,4499.586,83.707,2020-08-16T13:53:37.855000000,2020-08-16T13:55:01.562000000,,2020:Spanish Grand Prix:Race|SAI|OCO|29|30,BOUNDARY_PROXY_KEY,OUTSIDE_INHERITED_CANDIDATE_UNIVERSE,OUTSIDE_CANDIDATE_UNIVERSE,AUTOMATED_PROXY_LINK_UNREVIEWED,SAI:10;OCO:9,SAI:6;OCO:8,NOT_AVAILABLE_FROM_BOUNDARY_LAPTIMES,2020-08-16T13:53:37.855000000,2020-08-16T13:55:01.562000000,BOUNDARY_INTERVAL_ONLY_NOT_EXACT_PASS_TIME,NOT_IN_INHERITED_CANDIDATE_REVIEW,NOT_IN_INHERITED_CANDIDATE_REVIEW,BOUNDARY_TELEMETRY_DOES_NOT_ESTABLISH_PASS,prediction_windows_37.csv.gz + laptime_source_inventory_37.csv,,,FIXED_PAIR_CLASSIFIED_ORDER_REVERSED_AT_NEXT_LAP_BOUNDARY,FALSE,AUTOMATED_PROXY_LINK_UNREVIEWED
1e5501ee435569e809ca,2020:Spanish Grand Prix:Race,train,development_validation,STR,RIC,34,35,4834.977,4918.884,83.907,2020-08-16T14:00:36.953000000,2020-08-16T14:02:00.860000000,,2020:Spanish Grand Prix:Race|STR|RIC|34|35,BOUNDARY_PROXY_KEY,OUTSIDE_INHERITED_CANDIDATE_UNIVERSE,OUTSIDE_CANDIDATE_UNIVERSE,AUTOMATED_PROXY_LINK_UNREVIEWED,STR:5;RIC:4,STR:4;RIC:7,NOT_AVAILABLE_FROM_BOUNDARY_LAPTIMES,2020-08-16T14:00:36.953000000,2020-08-16T14:02:00.860000000,BOUNDARY_INTERVAL_ONLY_NOT_EXACT_PASS_TIME,NOT_IN_INHERITED_CANDIDATE_REVIEW,NOT_IN_INHERITED_CANDIDATE_REVIEW,BOUNDARY_TELEMETRY_DOES_NOT_ESTABLISH_PASS,prediction_windows_37.csv.gz + laptime_source_inventory_37.csv,,,FIXED_PAIR_CLASSIFIED_ORDER_REVERSED_AT_NEXT_LAP_BOUNDARY,FALSE,AUTOMATED_PROXY_LINK_UNREVIEWED
97ace037efef36be1e42,2020:Spanish Grand Prix:Race,train,development_validation,STR,VET,55,56,6614.702,6697.352,82.65,2020-08-16T14:30:16.678000000,2020-08-16T14:31:39.328000000,c35bccdc5cc8563bda0d2437,2020:Spanish Grand Prix:Race|STR|VET|55|56,INHERITED_CANDIDATE_ID,MATCHED_TO_INHERITED_CANDIDATE,UNRESOLVED,AUTOMATED_REVIEW_UNREVIEWED,STR:6;VET:5,STR:5;VET:6,NOT_AVAILABLE_FROM_FASTF1_POSITION_XYZ,2020-08-16T14:30:16.678000+00:00,2020-08-16T14:31:39.328000+00:00,1.695,NO_RELEVANT_PIT_ROW_FOUND_IN_CONTEXT,RC_RECORD_ON_DECISION_OR_ENDPOINT_LAP,"FastF1 car_data and pos_data present for selected race; pos_data contains XYZ/status, not classified running order or pass timestamp",event_review_37.csv + candidate source,https://raw.githubusercontent.com/TracingInsights/2020/264ae1db8f1381540fb839c89f7b249ae2d8957d/Spanish%20Grand%20Prix/Race/STR/laptimes.json|https://raw.githubusercontent.com/TracingInsights/2020/264ae1db8f1381540fb839c89f7b249ae2d8957d/Spanish%20Grand%20Prix/Race/VET/laptimes.json,5acf2aaf4afdba1bfca21025039086e1fd041f2f768ad113fe52eb821a6c9c04|aa47f0963ec88fba73a6529aa6511181491b8b261323ad5401e736f240737d7c,FIXED_PAIR_CLASSIFIED_ORDER_REVERSED_AT_NEXT_LAP_BOUNDARY,FALSE,AUTOMATED_REVIEW_UNREVIEWED
