race_id,split,year,event,session,driver,supplied_archive_status,supplied_archive_rows,selected_laps,fastf1_cache_state,fastf1_retrieval_status,retrieval_error,telemetry_coverage_status,fastf1_participant,car_rows,position_rows,car_driver_hours,position_driver_hours,car_session_time_start_sec,car_session_time_end_sec,position_session_time_start_sec,position_session_time_end_sec,car_median_interval_sec,car_p95_interval_sec,car_max_interval_sec,car_gap_count_over_5s,car_gap_seconds_over_5s,position_median_interval_sec,position_p95_interval_sec,position_max_interval_sec,position_gap_count_over_5s,position_gap_seconds_over_5s,coverage_status,coverage_scope_note
2018:Abu Dhabi Grand Prix:Race,train,2018,Abu Dhabi Grand Prix,Race,ALO,CACHED_SELECTED_LAP_STREAM,797,10,NEW_DOWNLOAD_EXPECTED,SUCCESS,,,TRUE,25140,20229,1.6689808333333334,1.6689169444444445,2014.479,8022.81,2014.611,8022.712,0.23999999999978172,0.27999999999974534,0.40099999999983993,0,0.0,0.3000000000001819,0.3000000000001819,0.4000000000005457,0,0.0,PASS,per-driver telemetry row
2018:Abu Dhabi Grand Prix:Race,train,2018,Abu Dhabi Grand Prix,Race,BOT,CACHED_SELECTED_LAP_STREAM,778,10,NEW_DOWNLOAD_EXPECTED,SUCCESS,,,TRUE,25225,20297,1.6745697222222222,1.6745280555555557,2014.479,8042.93,2014.611,8042.912,0.23999999999978172,0.27999999999974534,0.40099999999983993,0,0.0,0.3000000000001819,0.3000000000001819,0.4000000000005457,0,0.0,PASS,per-driver telemetry row
2018:Abu Dhabi Grand Prix:Race,train,2018,Abu Dhabi Grand Prix,Race,ERI,CACHED_SELECTED_LAP_STREAM,819,5,NEW_DOWNLOAD_EXPECTED,SUCCESS,,,TRUE,12377,10021,0.8268199999999999,0.8267083333333335,2014.479,4991.031,2014.611,4990.761,0.23999999999978172,0.27999999999974534,0.40099999999983993,0,0.0,0.3000000000001819,0.3000000000001819,0.3010000000003856,0,0.0,PASS,per-driver telemetry row
2018:Abu Dhabi Grand Prix:Race,train,2018,Abu Dhabi Grand Prix,Race,GAS,CACHED_SELECTED_LAP_STREAM,981,8,NEW_DOWNLOAD_EXPECTED,SUCCESS,,,TRUE,22230,17911,1.477678611111111,1.4776361111111112,2014.479,7334.122,2014.611,7334.101,0.23999999999978172,0.27999999999974534,0.40099999999983993,0,0.0,0.3000000000001819,0.3000000000001819,0.4000000000005457,0,0.0,PASS,per-driver telemetry row
2018:Abu Dhabi Grand Prix:Race,train,2018,Abu Dhabi Grand Prix,Race,GRO,CACHED_SELECTED_LAP_STREAM,799,10,NEW_DOWNLOAD_EXPECTED,SUCCESS,,,TRUE,25122,20215,1.6678141666666666,1.6677505555555556,2014.479,8018.61,2014.611,8018.513,0.23999999999978172,0.27999999999974534,0.40099999999983993,0,0.0,0.3000000000001819,0.3000000000001819,0.4000000000005457,0,0.0,PASS,per-driver telemetry row
2018:Abu Dhabi Grand Prix:Race,train,2018,Abu Dhabi Grand Prix,Race,HAM,CACHED_SELECTED_LAP_STREAM,781,10,NEW_DOWNLOAD_EXPECTED,SUCCESS,,,TRUE,25023,20135,1.661247222222222,1.6611391666666668,2014.479,7994.969,2014.611,7994.712,0.23999999999978172,0.27999999999974534,0.40099999999983993,0,0.0,0.3000000000001819,0.3000000000001819,0.4000000000005457,0,0.0,PASS,per-driver telemetry row
2018:Abu Dhabi Grand Prix:Race,train,2018,Abu Dhabi Grand Prix,Race,HAR,CACHED_SELECTED_LAP_STREAM,801,10,NEW_DOWNLOAD_EXPECTED,SUCCESS,,,TRUE,25232,20302,1.6750252777777777,1.6749447222222222,2014.479,8044.57,2014.611,8044.412,0.23999999999978172,0.27999999999974534,0.40099999999983993,0,0.0,0.3000000000001819,0.3000000000001819,0.4000000000005457,0,0.0,PASS,per-driver telemetry row
2018:Abu Dhabi Grand Prix:Race,train,2018,Abu Dhabi Grand Prix,Race,HUL,CACHED_SELECTED_LAP_STREAM,1016,1,NEW_DOWNLOAD_EXPECTED,SUCCESS,,,TRUE,560,454,0.037400277777777734,0.03738944444444447,2014.479,2149.12,2014.611,2149.213,0.2400000000000091,0.2799999999999727,0.40099999999983993,0,0.0,0.2999999999999545,0.3000000000001819,0.3010000000003856,0,0.0,PASS,per-driver telemetry row
2018:Abu Dhabi Grand Prix:Race,train,2018,Abu Dhabi Grand Prix,Race,LEC,CACHED_SELECTED_LAP_STREAM,791,10,NEW_DOWNLOAD_EXPECTED,SUCCESS,,,TRUE,25404,20441,1.6864586111111108,1.6863894444444445,2014.479,8085.73,2014.611,8085.613,0.23999999999978172,0.27999999999974534,0.40099999999983993,0,0.0,0.3000000000001819,0.3000000000001819,0.4000000000005457,0,0.0,PASS,per-driver telemetry row
2018:Abu Dhabi Grand Prix:Race,train,2018,Abu Dhabi Grand Prix,Race,MAG,CACHED_SELECTED_LAP_STREAM,804,10,NEW_DOWNLOAD_EXPECTED,SUCCESS,,,TRUE,25129,20221,1.6682697222222223,1.6682502777777777,2014.479,8020.25,2014.611,8020.312,0.23999999999978172,0.27999999999974534,0.40099999999983993,0,0.0,0.3000000000001819,0.3000000000001819,0.4000000000005457,0,0.0,PASS,per-driver telemetry row
2018:Abu Dhabi Grand Prix:Race,train,2018,Abu Dhabi Grand Prix,Race,OCO,CACHED_SELECTED_LAP_STREAM,998,8,NEW_DOWNLOAD_EXPECTED,SUCCESS,,,TRUE,21096,17005,1.4029558333333332,1.4028847222222223,2014.479,7065.12,2014.611,7064.996,0.23999999999978172,0.27999999999974534,0.40099999999983993,0,0.0,0.3000000000001819,0.3000000000001819,0.3010000000003856,0,0.0,PASS,per-driver telemetry row
2018:Abu Dhabi Grand Prix:Race,train,2018,Abu Dhabi Grand Prix,Race,PER,CACHED_SELECTED_LAP_STREAM,795,10,NEW_DOWNLOAD_EXPECTED,SUCCESS,,,TRUE,25406,20443,1.686581111111111,1.6865561111111111,2014.479,8086.171,2014.611,8086.213,0.23999999999978172,0.27999999999974534,0.40099999999983993,0,0.0,0.3000000000001819,0.3000000000001819,0.4000000000005457,0,0.0,PASS,per-driver telemetry row
2018:Abu Dhabi Grand Prix:Race,train,2018,Abu Dhabi Grand Prix,Race,RAI,CACHED_SELECTED_LAP_STREAM,1224,2,NEW_DOWNLOAD_EXPECTED,SUCCESS,,,TRUE,4732,3832,0.3161036111111112,0.31608861111111114,2014.479,3152.452,2014.611,3152.53,0.23999999999978172,0.27999999999974534,0.40099999999983993,0,0.0,0.3000000000001819,0.3000000000001819,0.3010000000003856,0,0.0,PASS,per-driver telemetry row
2018:Abu Dhabi Grand Prix:Race,train,2018,Abu Dhabi Grand Prix,Race,RIC,CACHED_SELECTED_LAP_STREAM,777,10,NEW_DOWNLOAD_EXPECTED,SUCCESS,,,TRUE,25088,20187,1.6655363888888888,1.6654447222222224,2014.479,8010.41,2014.611,8010.212,0.23999999999978172,0.27999999999974534,0.40099999999983993,0,0.0,0.3000000000001819,0.3000000000001819,0.4000000000005457,0,0.0,PASS,per-driver telemetry row
2018:Abu Dhabi Grand Prix:Race,train,2018,Abu Dhabi Grand Prix,Race,SAI,CACHED_SELECTED_LAP_STREAM,796,10,NEW_DOWNLOAD_EXPECTED,SUCCESS,,,TRUE,25327,20380,1.68137,1.6813616666666666,2014.479,8067.411,2014.611,8067.513,0.23999999999978172,0.27999999999974534,0.40099999999983993,0,0.0,0.3000000000001819,0.3000000000001819,0.4000000000005457,0,0.0,PASS,per-driver telemetry row
2018:Abu Dhabi Grand Prix:Race,train,2018,Abu Dhabi Grand Prix,Race,SIR,CACHED_SELECTED_LAP_STREAM,802,10,NEW_DOWNLOAD_EXPECTED,SUCCESS,,,TRUE,25306,20363,1.6799588888888888,1.6799727777777778,2014.479,8062.331,2014.611,8062.513,0.23999999999978172,0.27999999999974534,0.40099999999983993,0,0.0,0.3000000000001819,0.3000000000001819,0.4000000000005457,0,0.0,PASS,per-driver telemetry row
2018:Abu Dhabi Grand Prix:Race,train,2018,Abu Dhabi Grand Prix,Race,STR,CACHED_SELECTED_LAP_STREAM,801,10,NEW_DOWNLOAD_EXPECTED,SUCCESS,,,TRUE,25237,20307,1.6753808333333333,1.675333888888889,2014.479,8045.85,2014.611,8045.813,0.23999999999978172,0.27999999999974534,0.40099999999983993,0,0.0,0.3000000000001819,0.3000000000001819,0.4000000000005457,0,0.0,PASS,per-driver telemetry row
2018:Abu Dhabi Grand Prix:Race,train,2018,Abu Dhabi Grand Prix,Race,VAN,CACHED_SELECTED_LAP_STREAM,800,10,NEW_DOWNLOAD_EXPECTED,SUCCESS,,,TRUE,25240,20309,1.675580833333333,1.6755005555555555,2014.479,8046.57,2014.611,8046.413,0.23999999999978172,0.27999999999974534,0.40099999999983993,0,0.0,0.3000000000001819,0.3000000000001819,0.4000000000005457,0,0.0,PASS,per-driver telemetry row
2018:Abu Dhabi Grand Prix:Race,train,2018,Abu Dhabi Grand Prix,Race,VER,CACHED_SELECTED_LAP_STREAM,773,10,NEW_DOWNLOAD_EXPECTED,SUCCESS,,,TRUE,25076,20178,1.6647474999999998,1.6646947222222221,2014.479,8007.57,2014.611,8007.512,0.23999999999978172,0.27999999999974534,0.40099999999983993,0,0.0,0.3000000000001819,0.3000000000001819,0.4000000000005457,0,0.0,PASS,per-driver telemetry row
2018:Abu Dhabi Grand Prix:Race,train,2018,Abu Dhabi Grand Prix,Race,VET,CACHED_SELECTED_LAP_STREAM,779,10,NEW_DOWNLOAD_EXPECTED,SUCCESS,,,TRUE,25034,20144,1.661969722222222,1.661888888888889,2014.479,7997.57,2014.611,7997.411,0.23999999999978172,0.27999999999974534,0.40099999999983993,0,0.0,0.3000000000001819,0.3000000000001819,0.4000000000005457,0,0.0,PASS,per-driver telemetry row
2018:Austrian Grand Prix:Race,train,2018,Austrian Grand Prix,Race,ALO,CACHED_SELECTED_LAP_STREAM,548,12,NEW_DOWNLOAD_EXPECTED,SUCCESS,,,TRUE,20594,16719,1.3794813888888888,1.3794952777777778,403.535,5369.668,403.499,5369.682,0.2400000000000091,0.24099999999998545,0.3600000000005821,0,0.0,0.3000000000000682,0.3000000000001819,0.3989999999998872,0,0.0,PASS,per-driver telemetry row
2018:Austrian Grand Prix:Race,train,2018,Austrian Grand Prix,Race,BOT,CACHED_SELECTED_LAP_STREAM,524,3,NEW_DOWNLOAD_EXPECTED,SUCCESS,,,TRUE,4385,3559,0.29364777777777773,0.29361583333333335,403.535,1460.667,403.499,1460.516,0.2400000000000091,0.24099999999998545,0.36000000000012733,0,0.0,0.2999999999999545,0.3000000000001819,0.30100000000015825,0,0.0,PASS,per-driver telemetry row
2018:Austrian Grand Prix:Race,train,2018,Austrian Grand Prix,Race,ERI,CACHED_SELECTED_LAP_STREAM,545,12,NEW_DOWNLOAD_EXPECTED,SUCCESS,,,TRUE,20614,16735,1.3808147222222222,1.3808008333333333,403.535,5374.468,403.499,5374.382,0.2400000000000091,0.24099999999998545,0.3600000000005821,0,0.0,0.3000000000000682,0.3000000000001819,0.3989999999998872,0,0.0,PASS,per-driver telemetry row
2018:Austrian Grand Prix:Race,train,2018,Austrian Grand Prix,Race,GAS,CACHED_SELECTED_LAP_STREAM,538,12,NEW_DOWNLOAD_EXPECTED,SUCCESS,,,TRUE,20640,16757,1.3825591666666666,1.3826063888888889,403.535,5380.748,403.499,5380.882,0.2400000000000091,0.24099999999998545,0.3600000000005821,0,0.0,0.3000000000000682,0.3000000000001819,0.3989999999998872,0,0.0,PASS,per-driver telemetry row
2018:Austrian Grand Prix:Race,train,2018,Austrian Grand Prix,Race,GRO,CACHED_SELECTED_LAP_STREAM,530,12,NEW_DOWNLOAD_EXPECTED,SUCCESS,,,TRUE,20475,16622,1.371481388888889,1.3714675,403.535,5340.868,403.499,5340.782,0.2400000000000091,0.24099999999998545,0.3600000000005821,0,0.0,0.3000000000000682,0.3000000000001819,0.3989999999998872,0,0.0,PASS,per-driver telemetry row
2018:Austrian Grand Prix:Race,train,2018,Austrian Grand Prix,Race,HAM,CACHED_SELECTED_LAP_STREAM,523,11,NEW_DOWNLOAD_EXPECTED,SUCCESS,,,TRUE,18598,15101,1.245968888888889,1.2459652777777779,403.535,4889.023,403.499,4888.974,0.2400000000000091,0.24099999999998545,0.3600000000005821,0,0.0,0.2999999999999545,0.3000000000001819,0.3989999999998872,0,0.0,PASS,per-driver telemetry row
2018:Austrian Grand Prix:Race,train,2018,Austrian Grand Prix,Race,HAR,CACHED_SELECTED_LAP_STREAM,542,10,NEW_DOWNLOAD_EXPECTED,SUCCESS,,,TRUE,16683,13545,1.1176008333333334,1.1175741666666665,403.535,4426.898,403.499,4426.766,0.2400000000000091,0.24099999999998545,0.3600000000005821,0,0.0,0.2999999999999545,0.3000000000001819,0.3989999999998872,0,0.0,PASS,per-driver telemetry row
2018:Austrian Grand Prix:Race,train,2018,Austrian Grand Prix,Race,HUL,CACHED_SELECTED_LAP_STREAM,538,3,NEW_DOWNLOAD_EXPECTED,SUCCESS,,,TRUE,3897,3165,0.26105833333333334,0.2610875,403.535,1343.345,403.499,1343.414,0.2400000000000091,0.24100000000009913,0.36000000000012733,0,0.0,0.2999999999999545,0.3000000000001819,0.30100000000015825,0,0.0,PASS,per-driver telemetry row
2018:Austrian Grand Prix:Race,train,2018,Austrian Grand Prix,Race,LEC,CACHED_SELECTED_LAP_STREAM,542,12,NEW_DOWNLOAD_EXPECTED,SUCCESS,,,TRUE,20612,16733,1.380681388888889,1.3806341666666668,403.535,5373.988,403.499,5373.782,0.2400000000000091,0.24099999999998545,0.3600000000005821,0,0.0,0.3000000000000682,0.3000000000001819,0.3989999999998872,0,0.0,PASS,per-driver telemetry row
2018:Austrian Grand Prix:Race,train,2018,Austrian Grand Prix,Race,MAG,CACHED_SELECTED_LAP_STREAM,531,12,NEW_DOWNLOAD_EXPECTED,SUCCESS,,,TRUE,20482,16628,1.3719477777777778,1.3719672222222223,403.535,5342.547,403.499,5342.581,0.2400000000000091,0.24099999999998545,0.3600000000005821,0,0.0,0.3000000000000682,0.3000000000001819,0.3989999999998872,0,0.0,PASS,per-driver telemetry row
2018:Austrian Grand Prix:Race,train,2018,Austrian Grand Prix,Race,OCO,CACHED_SELECTED_LAP_STREAM,531,12,NEW_DOWNLOAD_EXPECTED,SUCCESS,,,TRUE,20527,16664,1.3749702777777777,1.3749397222222224,403.535,5353.428,403.499,5353.282,0.2400000000000091,0.24099999999998545,0.3600000000005821,0,0.0,0.3000000000000682,0.3000000000001819,0.3989999999998872,0,0.0,PASS,per-driver telemetry row
2018:Austrian Grand Prix:Race,train,2018,Austrian Grand Prix,Race,PER,CACHED_SELECTED_LAP_STREAM,533,12,NEW_DOWNLOAD_EXPECTED,SUCCESS,,,TRUE,20533,16669,1.375381388888889,1.375356388888889,403.535,5354.908,403.499,5354.782,0.2400000000000091,0.24099999999998545,0.3600000000005821,0,0.0,0.3000000000000682,0.3000000000001819,0.3989999999998872,0,0.0,PASS,per-driver telemetry row
2018:Austrian Grand Prix:Race,train,2018,Austrian Grand Prix,Race,RAI,CACHED_SELECTED_LAP_STREAM,520,12,NEW_DOWNLOAD_EXPECTED,SUCCESS,,,TRUE,20393,16555,1.3659366666666668,1.3659394444444446,403.535,5320.907,403.499,5320.881,0.2400000000000091,0.24099999999998545,0.3600000000005821,0,0.0,0.3000000000000682,0.3000000000001819,0.3989999999998872,0,0.0,PASS,per-driver telemetry row
2018:Austrian Grand Prix:Race,train,2018,Austrian Grand Prix,Race,RIC,CACHED_SELECTED_LAP_STREAM,525,10,NEW_DOWNLOAD_EXPECTED,SUCCESS,,,TRUE,16067,13043,1.0761780555555556,1.0761566666666667,403.535,4277.776,403.499,4277.663,0.2400000000000091,0.24099999999998545,0.3600000000005821,0,0.0,0.2999999999999545,0.3000000000001819,0.3989999999998872,0,0.0,PASS,per-driver telemetry row
2018:Austrian Grand Prix:Race,train,2018,Austrian Grand Prix,Race,SAI,CACHED_SELECTED_LAP_STREAM,544,12,NEW_DOWNLOAD_EXPECTED,SUCCESS,,,TRUE,20661,16773,1.3839591666666666,1.3839397222222223,403.535,5385.788,403.499,5385.682,0.2400000000000091,0.24099999999998545,0.3600000000005821,0,0.0,0.3000000000000682,0.3000000000001819,0.3989999999998872,0,0.0,PASS,per-driver telemetry row
2018:Austrian Grand Prix:Race,train,2018,Austrian Grand Prix,Race,SIR,CACHED_SELECTED_LAP_STREAM,552,12,NEW_DOWNLOAD_EXPECTED,SUCCESS,,,TRUE,20535,16671,1.3755147222222222,1.3755230555555555,403.535,5355.388,403.499,5355.382,0.2400000000000091,0.24099999999998545,0.3600000000005821,0,0.0,0.3000000000000682,0.3000000000001819,0.3989999999998872,0,0.0,PASS,per-driver telemetry row
2018:Austrian Grand Prix:Race,train,2018,Austrian Grand Prix,Race,STR,CACHED_SELECTED_LAP_STREAM,536,12,NEW_DOWNLOAD_EXPECTED,SUCCESS,,,TRUE,20502,16644,1.3732925,1.3733008333333332,403.535,5347.388,403.499,5347.382,0.2400000000000091,0.24099999999998545,0.3600000000005821,0,0.0,0.3000000000000682,0.3000000000001819,0.3989999999998872,0,0.0,PASS,per-driver telemetry row
2018:Austrian Grand Prix:Race,train,2018,Austrian Grand Prix,Race,VAN,CACHED_SELECTED_LAP_STREAM,536,11,NEW_DOWNLOAD_EXPECTED,SUCCESS,,,TRUE,19610,15920,1.3135472222222224,1.3135497222222223,403.535,5132.305,403.499,5132.278,0.2400000000000091,0.24099999999998545,0.3600000000005821,0,0.0,0.30000000000001137,0.3000000000001819,0.3989999999998872,0,0.0,PASS,per-driver telemetry row
2018:Austrian Grand Prix:Race,train,2018,Austrian Grand Prix,Race,VER,CACHED_SELECTED_LAP_STREAM,522,12,NEW_DOWNLOAD_EXPECTED,SUCCESS,,,TRUE,20387,16550,1.3655255555555554,1.3655230555555555,403.535,5319.427,403.499,5319.382,0.2400000000000091,0.24099999999998545,0.3600000000005821,0,0.0,0.3000000000000682,0.3000000000001819,0.3989999999998872,0,0.0,PASS,per-driver telemetry row
2018:Austrian Grand Prix:Race,train,2018,Austrian Grand Prix,Race,VET,CACHED_SELECTED_LAP_STREAM,523,12,NEW_DOWNLOAD_EXPECTED,SUCCESS,,,TRUE,20400,16561,1.3664144444444446,1.3664394444444443,403.535,5322.627,403.499,5322.681,0.2400000000000091,0.24099999999998545,0.3600000000005821,0,0.0,0.3000000000000682,0.3000000000001819,0.3989999999998872,0,0.0,PASS,per-driver telemetry row
2018:Azerbaijan Grand Prix:Race,train,2018,Azerbaijan Grand Prix,Race,ALO,CACHED_SELECTED_LAP_STREAM,834,9,NEW_DOWNLOAD_EXPECTED,SUCCESS,,,TRUE,25778,20991,1.7319955555555555,1.7319452777777777,462.266,6697.45,462.482,6697.485,0.2400000000000091,0.27999999999974534,0.40000000000009095,0,0.0,0.3000000000001819,0.3000000000001819,0.3010000000003856,0,0.0,PASS,per-driver telemetry row
2018:Azerbaijan Grand Prix:Race,train,2018,Azerbaijan Grand Prix,Race,BOT,CACHED_SELECTED_LAP_STREAM,814,9,NEW_DOWNLOAD_EXPECTED,SUCCESS,,,TRUE,25022,20375,1.6812283333333335,1.681111111111111,462.266,6514.688,462.482,6514.482,0.2400000000000091,0.27999999999974534,0.40000000000009095,0,0.0,0.3000000000001819,0.3000000000001819,0.3010000000003856,0,0.0,PASS,per-driver telemetry row
2018:Azerbaijan Grand Prix:Race,train,2018,Azerbaijan Grand Prix,Race,ERI,CACHED_SELECTED_LAP_STREAM,844,9,NEW_DOWNLOAD_EXPECTED,SUCCESS,,,TRUE,25809,21017,1.7340955555555557,1.7340841666666669,462.266,6705.01,462.482,6705.185,0.2400000000000091,0.27999999999974534,0.40000000000009095,0,0.0,0.3000000000001819,0.3000000000001819,0.3010000000003856,0,0.0,PASS,per-driver telemetry row
2018:Azerbaijan Grand Prix:Race,train,2018,Azerbaijan Grand Prix,Race,GAS,CACHED_SELECTED_LAP_STREAM,852,9,NEW_DOWNLOAD_EXPECTED,SUCCESS,,,TRUE,25835,21037,1.73584,1.7357508333333334,462.266,6711.29,462.482,6711.185,0.2400000000000091,0.27999999999974534,0.40000000000009095,0,0.0,0.3000000000001819,0.3000000000001819,0.3010000000003856,0,0.0,PASS,per-driver telemetry row
2018:Azerbaijan Grand Prix:Race,train,2018,Azerbaijan Grand Prix,Race,GRO,CACHED_SELECTED_LAP_STREAM,836,8,NEW_DOWNLOAD_EXPECTED,SUCCESS,,,TRUE,21141,17219,1.4207369444444444,1.4206902777777777,462.266,5576.919,462.482,5576.967,0.2400000000000091,0.27999999999974534,0.40000000000009095,0,0.0,0.3000000000000682,0.3000000000001819,0.3010000000003856,0,0.0,PASS,per-driver telemetry row
2018:Azerbaijan Grand Prix:Race,train,2018,Azerbaijan Grand Prix,Race,HAM,CACHED_SELECTED_LAP_STREAM,811,9,NEW_DOWNLOAD_EXPECTED,SUCCESS,,,TRUE,25733,20954,1.7289619444444446,1.7288894444444445,462.266,6686.529,462.482,6686.484,0.2400000000000091,0.27999999999974534,0.40000000000009095,0,0.0,0.3000000000001819,0.3000000000001819,0.3010000000003856,0,0.0,PASS,per-driver telemetry row
2018:Azerbaijan Grand Prix:Race,train,2018,Azerbaijan Grand Prix,Race,HAR,CACHED_SELECTED_LAP_STREAM,841,9,NEW_DOWNLOAD_EXPECTED,SUCCESS,,,TRUE,25808,21015,1.734028888888889,1.7339175,462.266,6704.77,462.482,6704.585,0.2400000000000091,0.27999999999974534,0.40000000000009095,0,0.0,0.3000000000001819,0.3000000000001819,0.3010000000003856,0,0.0,PASS,per-driver telemetry row
2018:Azerbaijan Grand Prix:Race,train,2018,Azerbaijan Grand Prix,Race,HUL,CACHED_SELECTED_LAP_STREAM,1408,2,NEW_DOWNLOAD_EXPECTED,SUCCESS,,,TRUE,6366,5181,0.42751527777777776,0.42742361111111116,462.266,2001.321,462.482,2001.207,0.2400000000000091,0.2799999999999727,0.36000000000012733,0,0.0,0.2999999999999545,0.3000000000001819,0.30100000000015825,0,0.0,PASS,per-driver telemetry row
2018:Azerbaijan Grand Prix:Race,train,2018,Azerbaijan Grand Prix,Race,LEC,CACHED_SELECTED_LAP_STREAM,826,9,NEW_DOWNLOAD_EXPECTED,SUCCESS,,,TRUE,25771,20985,1.7315177777777777,1.7314452777777778,462.266,6695.73,462.482,6695.685,0.2400000000000091,0.27999999999974534,0.40000000000009095,0,0.0,0.3000000000001819,0.3000000000001819,0.3010000000003856,0,0.0,PASS,per-driver telemetry row
2018:Azerbaijan Grand Prix:Race,train,2018,Azerbaijan Grand Prix,Race,MAG,CACHED_SELECTED_LAP_STREAM,841,9,NEW_DOWNLOAD_EXPECTED,SUCCESS,,,TRUE,25860,21058,1.7375066666666668,1.7374730555555555,462.266,6717.29,462.482,6717.385,0.2400000000000091,0.27999999999974534,0.40000000000009095,0,0.0,0.3000000000001819,0.3000000000001819,0.3010000000003856,0,0.0,PASS,per-driver telemetry row
2018:Azerbaijan Grand Prix:Race,train,2018,Azerbaijan Grand Prix,Race,OCO,CACHED_SELECTED_LAP_STREAM,1114,1,NEW_DOWNLOAD_EXPECTED,SUCCESS,,,TRUE,613,499,0.0411561111111111,0.041083888888888885,462.266,610.428,462.482,610.384,0.2400000000000091,0.2799999999999727,0.36000000000001364,0,0.0,0.29999999999998295,0.3000000000000682,0.30100000000004457,0,0.0,PASS,per-driver telemetry row
2018:Azerbaijan Grand Prix:Race,train,2018,Azerbaijan Grand Prix,Race,PER,CACHED_SELECTED_LAP_STREAM,831,9,NEW_DOWNLOAD_EXPECTED,SUCCESS,,,TRUE,25750,20968,1.7301066666666667,1.730056388888889,462.266,6690.65,462.482,6690.685,0.2400000000000091,0.27999999999974534,0.40000000000009095,0,0.0,0.3000000000001819,0.3000000000001819,0.3010000000003856,0,0.0,PASS,per-driver telemetry row
2018:Azerbaijan Grand Prix:Race,train,2018,Azerbaijan Grand Prix,Race,RAI,CACHED_SELECTED_LAP_STREAM,830,9,NEW_DOWNLOAD_EXPECTED,SUCCESS,,,TRUE,25744,20962,1.7296844444444446,1.729556388888889,462.266,6689.13,462.482,6688.885,0.2400000000000091,0.27999999999974534,0.40000000000009095,0,0.0,0.3000000000001819,0.3000000000001819,0.3010000000003856,0,0.0,PASS,per-driver telemetry row
2018:Azerbaijan Grand Prix:Race,train,2018,Azerbaijan Grand Prix,Race,RIC,CACHED_SELECTED_LAP_STREAM,848,7,NEW_DOWNLOAD_EXPECTED,SUCCESS,,,TRUE,19290,15712,1.2964355555555558,1.2963547222222223,462.266,5129.434,462.482,5129.359,0.2400000000000091,0.27999999999974534,0.40000000000009095,0,0.0,0.30000000000001137,0.3000000000001819,0.3010000000003856,0,0.0,PASS,per-driver telemetry row
2018:Azerbaijan Grand Prix:Race,train,2018,Azerbaijan Grand Prix,Race,SAI,CACHED_SELECTED_LAP_STREAM,822,9,NEW_DOWNLOAD_EXPECTED,SUCCESS,,,TRUE,25764,20979,1.7310288888888892,1.730972777777778,462.266,6693.97,462.482,6693.984,0.2400000000000091,0.27999999999974534,0.40000000000009095,0,0.0,0.3000000000001819,0.3000000000001819,0.3010000000003856,0,0.0,PASS,per-driver telemetry row
2018:Azerbaijan Grand Prix:Race,train,2018,Azerbaijan Grand Prix,Race,SIR,CACHED_SELECTED_LAP_STREAM,1114,1,NEW_DOWNLOAD_EXPECTED,SUCCESS,,,TRUE,613,499,0.0411561111111111,0.041083888888888885,462.266,610.428,462.482,610.384,0.2400000000000091,0.2799999999999727,0.36000000000001364,0,0.0,0.29999999999998295,0.3000000000000682,0.30100000000004457,0,0.0,PASS,per-driver telemetry row
2018:Azerbaijan Grand Prix:Race,train,2018,Azerbaijan Grand Prix,Race,STR,CACHED_SELECTED_LAP_STREAM,822,9,NEW_DOWNLOAD_EXPECTED,SUCCESS,,,TRUE,25782,20994,1.7322733333333333,1.7321952777777778,462.266,6698.45,462.482,6698.385,0.2400000000000091,0.27999999999974534,0.40000000000009095,0,0.0,0.3000000000001819,0.3000000000001819,0.3010000000003856,0,0.0,PASS,per-driver telemetry row
2018:Azerbaijan Grand Prix:Race,train,2018,Azerbaijan Grand Prix,Race,VAN,CACHED_SELECTED_LAP_STREAM,835,9,NEW_DOWNLOAD_EXPECTED,SUCCESS,,,TRUE,25791,21002,1.7328622222222223,1.7328341666666667,462.266,6700.57,462.482,6700.685,0.2400000000000091,0.27999999999974534,0.40000000000009095,0,0.0,0.3000000000001819,0.3000000000001819,0.3010000000003856,0,0.0,PASS,per-driver telemetry row
2018:Azerbaijan Grand Prix:Race,train,2018,Azerbaijan Grand Prix,Race,VER,CACHED_SELECTED_LAP_STREAM,841,7,NEW_DOWNLOAD_EXPECTED,SUCCESS,,,TRUE,19289,15711,1.2963688888888891,1.296271388888889,462.266,5129.194,462.482,5129.059,0.2400000000000091,0.27999999999974534,0.40000000000009095,0,0.0,0.30000000000001137,0.3000000000001819,0.3010000000003856,0,0.0,PASS,per-driver telemetry row
2018:Azerbaijan Grand Prix:Race,train,2018,Azerbaijan Grand Prix,Race,VET,CACHED_SELECTED_LAP_STREAM,811,9,NEW_DOWNLOAD_EXPECTED,SUCCESS,,,TRUE,25755,20972,1.7304400000000002,1.7303897222222222,462.266,6691.85,462.482,6691.885,0.2400000000000091,0.27999999999974534,0.40000000000009095,0,0.0,0.3000000000001819,0.3000000000001819,0.3010000000003856,0,0.0,PASS,per-driver telemetry row
2018:Belgian Grand Prix:Race,train,2018,Belgian Grand Prix,Race,ALO,CACHED_SELECTED_LAP_STREAM,1124,1,NEW_DOWNLOAD_EXPECTED,SUCCESS,,,TRUE,617,505,0.041522222222222224,0.04158416666666666,1114.401,1263.881,1114.217,1263.92,0.2400000000000091,0.2799999999999727,0.3610000000001037,0,0.0,0.2999999999999545,0.3000000000001819,0.30100000000015825,0,0.0,PASS,per-driver telemetry row
2018:Belgian Grand Prix:Race,train,2018,Belgian Grand Prix,Race,BOT,CACHED_SELECTED_LAP_STREAM,850,8,NEW_DOWNLOAD_EXPECTED,SUCCESS,,,TRUE,20916,17097,1.4105480555555556,1.4105516666666669,1114.401,6192.374,1114.217,6192.203,0.23999999999978172,0.27999999999974534,0.4000000000005457,0,0.0,0.3000000000001819,0.3000000000001819,0.3010000000003856,0,0.0,PASS,per-driver telemetry row
2018:Belgian Grand Prix:Race,train,2018,Belgian Grand Prix,Race,ERI,CACHED_SELECTED_LAP_STREAM,843,8,NEW_DOWNLOAD_EXPECTED,SUCCESS,,,TRUE,20674,16900,1.3942258333333333,1.394301388888889,1114.401,6133.614,1114.217,6133.702,0.23999999999978172,0.27999999999974534,0.4000000000005457,0,0.0,0.3000000000001819,0.3000000000001819,0.3010000000003856,0,0.0,PASS,per-driver telemetry row
2018:Belgian Grand Prix:Race,train,2018,Belgian Grand Prix,Race,GAS,CACHED_SELECTED_LAP_STREAM,843,8,NEW_DOWNLOAD_EXPECTED,SUCCESS,,,TRUE,21090,17240,1.4222925000000002,1.4223574999999997,1114.401,6234.654,1114.217,6234.704,0.23999999999978172,0.27999999999974534,0.4000000000005457,0,0.0,0.3000000000001819,0.3000000000001819,0.3010000000003856,0,0.0,PASS,per-driver telemetry row
2018:Belgian Grand Prix:Race,train,2018,Belgian Grand Prix,Race,GRO,CACHED_SELECTED_LAP_STREAM,836,8,NEW_DOWNLOAD_EXPECTED,SUCCESS,,,TRUE,21007,17172,1.416714722222222,1.416746388888889,1114.401,6214.574,1114.217,6214.504,0.23999999999978172,0.27999999999974534,0.4000000000005457,0,0.0,0.3000000000001819,0.3000000000001819,0.3010000000003856,0,0.0,PASS,per-driver telemetry row
2018:Belgian Grand Prix:Race,train,2018,Belgian Grand Prix,Race,HAM,CACHED_SELECTED_LAP_STREAM,817,8,NEW_DOWNLOAD_EXPECTED,SUCCESS,,,TRUE,20699,16920,1.3959258333333335,1.3959402777777778,1114.401,6139.734,1114.217,6139.602,0.23999999999978172,0.27999999999974534,0.4000000000005457,0,0.0,0.3000000000001819,0.3000000000001819,0.3010000000003856,0,0.0,PASS,per-driver telemetry row
2018:Belgian Grand Prix:Race,train,2018,Belgian Grand Prix,Race,HAR,CACHED_SELECTED_LAP_STREAM,847,8,NEW_DOWNLOAD_EXPECTED,SUCCESS,,,TRUE,20810,17011,1.4033924999999998,1.4034680555555556,1114.401,6166.614,1114.217,6166.702,0.23999999999978172,0.27999999999974534,0.4000000000005457,0,0.0,0.3000000000001819,0.3000000000001819,0.3010000000003856,0,0.0,PASS,per-driver telemetry row
2018:Belgian Grand Prix:Race,train,2018,Belgian Grand Prix,Race,HUL,CACHED_SELECTED_LAP_STREAM,1124,1,NEW_DOWNLOAD_EXPECTED,SUCCESS,,,TRUE,617,505,0.041522222222222224,0.04158416666666666,1114.401,1263.881,1114.217,1263.92,0.2400000000000091,0.2799999999999727,0.3610000000001037,0,0.0,0.2999999999999545,0.3000000000001819,0.30100000000015825,0,0.0,PASS,per-driver telemetry row
2018:Belgian Grand Prix:Race,train,2018,Belgian Grand Prix,Race,LEC,CACHED_SELECTED_LAP_STREAM,1124,1,NEW_DOWNLOAD_EXPECTED,SUCCESS,,,TRUE,617,505,0.041522222222222224,0.04158416666666666,1114.401,1263.881,1114.217,1263.92,0.2400000000000091,0.2799999999999727,0.3610000000001037,0,0.0,0.2999999999999545,0.3000000000001819,0.30100000000015825,0,0.0,PASS,per-driver telemetry row
2018:Belgian Grand Prix:Race,train,2018,Belgian Grand Prix,Race,MAG,CACHED_SELECTED_LAP_STREAM,843,8,NEW_DOWNLOAD_EXPECTED,SUCCESS,,,TRUE,21014,17178,1.4171925,1.4172463888888887,1114.401,6216.294,1114.217,6216.304,0.23999999999978172,0.27999999999974534,0.4000000000005457,0,0.0,0.3000000000001819,0.3000000000001819,0.3010000000003856,0,0.0,PASS,per-driver telemetry row
2018:Belgian Grand Prix:Race,train,2018,Belgian Grand Prix,Race,OCO,CACHED_SELECTED_LAP_STREAM,836,8,NEW_DOWNLOAD_EXPECTED,SUCCESS,,,TRUE,20981,17151,1.4149702777777777,1.4149963888888886,1114.401,6208.294,1114.217,6208.204,0.23999999999978172,0.27999999999974534,0.4000000000005457,0,0.0,0.3000000000001819,0.3000000000001819,0.3010000000003856,0,0.0,PASS,per-driver telemetry row
2018:Belgian Grand Prix:Race,train,2018,Belgian Grand Prix,Race,PER,CACHED_SELECTED_LAP_STREAM,832,8,NEW_DOWNLOAD_EXPECTED,SUCCESS,,,TRUE,20946,17122,1.412570277777778,1.4126350000000003,1114.401,6199.654,1114.217,6199.703,0.23999999999978172,0.27999999999974534,0.4000000000005457,0,0.0,0.3000000000001819,0.3000000000001819,0.3010000000003856,0,0.0,PASS,per-driver telemetry row
2018:Belgian Grand Prix:Race,train,2018,Belgian Grand Prix,Race,RAI,CACHED_SELECTED_LAP_STREAM,1073,2,NEW_DOWNLOAD_EXPECTED,SUCCESS,,,TRUE,4917,4018,0.3313922222222222,0.3314502777777778,1114.401,2307.413,1114.217,2307.438,0.2400000000000091,0.2799999999999727,0.40000000000009095,0,0.0,0.2999999999999545,0.3000000000001819,0.3010000000003856,0,0.0,PASS,per-driver telemetry row
2018:Belgian Grand Prix:Race,train,2018,Belgian Grand Prix,Race,RIC,CACHED_SELECTED_LAP_STREAM,844,5,NEW_DOWNLOAD_EXPECTED,SUCCESS,,,TRUE,14730,12039,0.9932658333333335,0.9932944444444445,1114.401,4690.158,1114.217,4690.077,0.2400000000000091,0.2799999999999727,0.40000000000009095,0,0.0,0.2999999999999545,0.3000000000001819,0.3010000000003856,0,0.0,PASS,per-driver telemetry row
2018:Belgian Grand Prix:Race,train,2018,Belgian Grand Prix,Race,SAI,CACHED_SELECTED_LAP_STREAM,850,8,NEW_DOWNLOAD_EXPECTED,SUCCESS,,,TRUE,20726,16942,1.3977258333333333,1.3977736111111112,1114.401,6146.214,1114.217,6146.202,0.23999999999978172,0.27999999999974534,0.4000000000005457,0,0.0,0.3000000000001819,0.3000000000001819,0.3010000000003856,0,0.0,PASS,per-driver telemetry row
2018:Belgian Grand Prix:Race,train,2018,Belgian Grand Prix,Race,SIR,CACHED_SELECTED_LAP_STREAM,846,8,NEW_DOWNLOAD_EXPECTED,SUCCESS,,,TRUE,20735,16950,1.3983588888888892,1.3984127777777777,1114.401,6148.493,1114.217,6148.503,0.23999999999978172,0.27999999999974534,0.4000000000005457,0,0.0,0.3000000000001819,0.3000000000001819,0.3010000000003856,0,0.0,PASS,per-driver telemetry row
2018:Belgian Grand Prix:Race,train,2018,Belgian Grand Prix,Race,STR,CACHED_SELECTED_LAP_STREAM,849,8,NEW_DOWNLOAD_EXPECTED,SUCCESS,,,TRUE,20744,16957,1.398958888888889,1.3989961111111113,1114.401,6150.653,1114.217,6150.603,0.23999999999978172,0.27999999999974534,0.4000000000005457,0,0.0,0.3000000000001819,0.3000000000001819,0.3010000000003856,0,0.0,PASS,per-driver telemetry row
2018:Belgian Grand Prix:Race,train,2018,Belgian Grand Prix,Race,VAN,CACHED_SELECTED_LAP_STREAM,851,8,NEW_DOWNLOAD_EXPECTED,SUCCESS,,,TRUE,20836,17032,1.405170277777778,1.4051902777777776,1114.401,6173.014,1114.217,6172.902,0.23999999999978172,0.27999999999974534,0.4000000000005457,0,0.0,0.3000000000001819,0.3000000000001819,0.3010000000003856,0,0.0,PASS,per-driver telemetry row
2018:Belgian Grand Prix:Race,train,2018,Belgian Grand Prix,Race,VER,CACHED_SELECTED_LAP_STREAM,826,8,NEW_DOWNLOAD_EXPECTED,SUCCESS,,,TRUE,20783,16989,1.401581388888889,1.4016347222222223,1114.401,6160.094,1114.217,6160.102,0.23999999999978172,0.27999999999974534,0.4000000000005457,0,0.0,0.3000000000001819,0.3000000000001819,0.3010000000003856,0,0.0,PASS,per-driver telemetry row
2018:Belgian Grand Prix:Race,train,2018,Belgian Grand Prix,Race,VET,CACHED_SELECTED_LAP_STREAM,817,8,NEW_DOWNLOAD_EXPECTED,SUCCESS,,,TRUE,20654,16883,1.3928922222222222,1.3928847222222223,1114.401,6128.813,1114.217,6128.602,0.23999999999978172,0.27999999999974534,0.4000000000005457,0,0.0,0.3000000000001819,0.3000000000001819,0.3010000000003856,0,0.0,PASS,per-driver telemetry row
2018:Brazilian Grand Prix:Race,train,2018,Brazilian Grand Prix,Race,ALO,CACHED_SELECTED_LAP_STREAM,578,12,NEW_DOWNLOAD_EXPECTED,SUCCESS,,,TRUE,21984,17651,1.4561819444444442,1.456191388888889,2003.466,7245.721,2003.516,7245.805,0.23999999999978172,0.27999999999974534,0.40000000000009095,0,0.0,0.3000000000001819,0.3000000000001819,0.3999999999996362,0,0.0,PASS,per-driver telemetry row
2018:Brazilian Grand Prix:Race,train,2018,Brazilian Grand Prix,Race,BOT,CACHED_SELECTED_LAP_STREAM,563,12,NEW_DOWNLOAD_EXPECTED,SUCCESS,,,TRUE,22024,17683,1.4588263888888888,1.458830277777778,2003.466,7255.241,2003.516,7255.305,0.23999999999978172,0.27999999999974534,0.40000000000009095,0,0.0,0.3000000000001819,0.3000000000001819,0.3999999999996362,0,0.0,PASS,per-driver telemetry row
2018:Brazilian Grand Prix:Race,train,2018,Brazilian Grand Prix,Race,ERI,CACHED_SELECTED_LAP_STREAM,573,4,NEW_DOWNLOAD_EXPECTED,SUCCESS,,,TRUE,6638,5328,0.43956027777777773,0.43953555555555557,2003.466,3585.883,2003.516,3585.844,0.23999999999978172,0.27999999999974534,0.40000000000009095,0,0.0,0.3000000000001819,0.3000000000001819,0.3010000000003856,0,0.0,PASS,per-driver telemetry row
2018:Brazilian Grand Prix:Race,train,2018,Brazilian Grand Prix,Race,GAS,CACHED_SELECTED_LAP_STREAM,573,12,NEW_DOWNLOAD_EXPECTED,SUCCESS,,,TRUE,22196,17820,1.4701933333333332,1.4701636111111112,2003.466,7296.162,2003.516,7296.105,0.23999999999978172,0.27999999999974534,0.40000000000009095,0,0.0,0.3000000000001819,0.3000000000001819,0.3999999999996362,0,0.0,PASS,per-driver telemetry row
2018:Brazilian Grand Prix:Race,train,2018,Brazilian Grand Prix,Race,GRO,CACHED_SELECTED_LAP_STREAM,566,12,NEW_DOWNLOAD_EXPECTED,SUCCESS,,,TRUE,22143,17778,1.4667044444444446,1.4666913888888888,2003.466,7283.602,2003.516,7283.605,0.23999999999978172,0.27999999999974534,0.40000000000009095,0,0.0,0.3000000000001819,0.3000000000001819,0.3999999999996362,0,0.0,PASS,per-driver telemetry row
2018:Brazilian Grand Prix:Race,train,2018,Brazilian Grand Prix,Race,HAM,CACHED_SELECTED_LAP_STREAM,561,12,NEW_DOWNLOAD_EXPECTED,SUCCESS,,,TRUE,21928,17606,1.4524819444444443,1.4524691666666665,2003.466,7232.401,2003.516,7232.405,0.23999999999978172,0.27999999999974534,0.40000000000009095,0,0.0,0.3000000000001819,0.3000000000001819,0.3999999999996362,0,0.0,PASS,per-driver telemetry row
2018:Brazilian Grand Prix:Race,train,2018,Brazilian Grand Prix,Race,HAR,CACHED_SELECTED_LAP_STREAM,578,12,NEW_DOWNLOAD_EXPECTED,SUCCESS,,,TRUE,22178,17806,1.4690152777777779,1.468997222222222,2003.466,7291.921,2003.516,7291.906,0.23999999999978172,0.27999999999974534,0.40000000000009095,0,0.0,0.3000000000001819,0.3000000000001819,0.3999999999996362,0,0.0,PASS,per-driver telemetry row
2018:Brazilian Grand Prix:Race,train,2018,Brazilian Grand Prix,Race,HUL,CACHED_SELECTED_LAP_STREAM,572,6,NEW_DOWNLOAD_EXPECTED,SUCCESS,,,TRUE,10203,8192,0.6759405555555555,0.6758727777777779,2003.466,4436.852,2003.516,4436.658,0.23999999999978172,0.27999999999974534,0.40000000000009095,0,0.0,0.3000000000001819,0.3000000000001819,0.3010000000003856,0,0.0,PASS,per-driver telemetry row
2018:Brazilian Grand Prix:Race,train,2018,Brazilian Grand Prix,Race,LEC,CACHED_SELECTED_LAP_STREAM,565,12,NEW_DOWNLOAD_EXPECTED,SUCCESS,,,TRUE,22113,17754,1.4647266666666665,1.4646913888888886,2003.466,7276.482,2003.516,7276.405,0.23999999999978172,0.27999999999974534,0.40000000000009095,0,0.0,0.3000000000001819,0.3000000000001819,0.3999999999996362,0,0.0,PASS,per-driver telemetry row
2018:Brazilian Grand Prix:Race,train,2018,Brazilian Grand Prix,Race,MAG,CACHED_SELECTED_LAP_STREAM,568,12,NEW_DOWNLOAD_EXPECTED,SUCCESS,,,TRUE,22150,17783,1.46716,1.4670805555555555,2003.466,7285.242,2003.516,7285.006,0.23999999999978172,0.27999999999974534,0.40000000000009095,0,0.0,0.3000000000001819,0.3000000000001819,0.3999999999996362,0,0.0,PASS,per-driver telemetry row
2018:Brazilian Grand Prix:Race,train,2018,Brazilian Grand Prix,Race,OCO,CACHED_SELECTED_LAP_STREAM,576,12,NEW_DOWNLOAD_EXPECTED,SUCCESS,,,TRUE,22208,17830,1.4709819444444443,1.4709694444444443,2003.466,7299.001,2003.516,7299.006,0.23999999999978172,0.27999999999974534,0.40000000000009095,0,0.0,0.3000000000001819,0.3000000000001819,0.3999999999996362,0,0.0,PASS,per-driver telemetry row
2018:Brazilian Grand Prix:Race,train,2018,Brazilian Grand Prix,Race,PER,CACHED_SELECTED_LAP_STREAM,570,12,NEW_DOWNLOAD_EXPECTED,SUCCESS,,,TRUE,21965,17635,1.4549155555555555,1.4548858333333332,2003.466,7241.162,2003.516,7241.105,0.23999999999978172,0.27999999999974534,0.40000000000009095,0,0.0,0.3000000000001819,0.3000000000001819,0.3999999999996362,0,0.0,PASS,per-driver telemetry row
2018:Brazilian Grand Prix:Race,train,2018,Brazilian Grand Prix,Race,RAI,CACHED_SELECTED_LAP_STREAM,567,12,NEW_DOWNLOAD_EXPECTED,SUCCESS,,,TRUE,21948,17622,1.4537819444444444,1.4538022222222222,2003.466,7237.081,2003.516,7237.204,0.23999999999978172,0.27999999999974534,0.40000000000009095,0,0.0,0.3000000000001819,0.3000000000001819,0.3999999999996362,0,0.0,PASS,per-driver telemetry row
2018:Brazilian Grand Prix:Race,train,2018,Brazilian Grand Prix,Race,RIC,CACHED_SELECTED_LAP_STREAM,568,12,NEW_DOWNLOAD_EXPECTED,SUCCESS,,,TRUE,21950,17623,1.4539152777777775,1.4538855555555554,2003.466,7237.561,2003.516,7237.504,0.23999999999978172,0.27999999999974534,0.40000000000009095,0,0.0,0.3000000000001819,0.3000000000001819,0.3999999999996362,0,0.0,PASS,per-driver telemetry row
2018:Brazilian Grand Prix:Race,train,2018,Brazilian Grand Prix,Race,SAI,CACHED_SELECTED_LAP_STREAM,572,12,NEW_DOWNLOAD_EXPECTED,SUCCESS,,,TRUE,22182,17809,1.4692711111111112,1.4692469444444447,2003.466,7292.842,2003.516,7292.805,0.23999999999978172,0.27999999999974534,0.40000000000009095,0,0.0,0.3000000000001819,0.3000000000001819,0.3999999999996362,0,0.0,PASS,per-driver telemetry row
2018:Brazilian Grand Prix:Race,train,2018,Brazilian Grand Prix,Race,SIR,CACHED_SELECTED_LAP_STREAM,577,12,NEW_DOWNLOAD_EXPECTED,SUCCESS,,,TRUE,21999,17663,1.4571819444444443,1.4571911111111113,2003.466,7249.321,2003.516,7249.404,0.23999999999978172,0.27999999999974534,0.40000000000009095,0,0.0,0.3000000000001819,0.3000000000001819,0.3999999999996362,0,0.0,PASS,per-driver telemetry row
2018:Brazilian Grand Prix:Race,train,2018,Brazilian Grand Prix,Race,STR,CACHED_SELECTED_LAP_STREAM,579,12,NEW_DOWNLOAD_EXPECTED,SUCCESS,,,TRUE,22076,17724,1.4622600000000001,1.4622191666666666,2003.466,7267.602,2003.516,7267.505,0.23999999999978172,0.27999999999974534,0.40000000000009095,0,0.0,0.3000000000001819,0.3000000000001819,0.3999999999996362,0,0.0,PASS,per-driver telemetry row
2018:Brazilian Grand Prix:Race,train,2018,Brazilian Grand Prix,Race,VAN,CACHED_SELECTED_LAP_STREAM,578,12,NEW_DOWNLOAD_EXPECTED,SUCCESS,,,TRUE,22202,17825,1.4705933333333334,1.4705802777777777,2003.466,7297.602,2003.516,7297.605,0.23999999999978172,0.27999999999974534,0.40000000000009095,0,0.0,0.3000000000001819,0.3000000000001819,0.3999999999996362,0,0.0,PASS,per-driver telemetry row
2018:Brazilian Grand Prix:Race,train,2018,Brazilian Grand Prix,Race,VER,CACHED_SELECTED_LAP_STREAM,559,12,NEW_DOWNLOAD_EXPECTED,SUCCESS,,,TRUE,21934,17611,1.452871111111111,1.4528855555555558,2003.466,7233.802,2003.516,7233.904,0.23999999999978172,0.27999999999974534,0.40000000000009095,0,0.0,0.3000000000001819,0.3000000000001819,0.3999999999996362,0,0.0,PASS,per-driver telemetry row
2018:Brazilian Grand Prix:Race,train,2018,Brazilian Grand Prix,Race,VET,CACHED_SELECTED_LAP_STREAM,566,12,NEW_DOWNLOAD_EXPECTED,SUCCESS,,,TRUE,22041,17696,1.4599486111111113,1.4599136111111113,2003.466,7259.281,2003.516,7259.205,0.23999999999978172,0.27999999999974534,0.40000000000009095,0,0.0,0.3000000000001819,0.3000000000001819,0.3999999999996362,0,0.0,PASS,per-driver telemetry row
2018:British Grand Prix:Race,train,2018,British Grand Prix,Race,ALO,CACHED_SELECTED_LAP_STREAM,726,9,NEW_DOWNLOAD_EXPECTED,SUCCESS,,,TRUE,22228,17779,1.4668561111111111,1.4669136111111112,437.724,5718.406,437.683,5718.572,0.23999999999978172,0.27999999999974534,0.40099999999983993,0,0.0,0.3000000000000682,0.3000000000001819,0.40000000000009095,0,0.0,PASS,per-driver telemetry row
2018:British Grand Prix:Race,train,2018,British Grand Prix,Race,BOT,CACHED_SELECTED_LAP_STREAM,708,9,NEW_DOWNLOAD_EXPECTED,SUCCESS,,,TRUE,22136,17704,1.460744722222222,1.4607466666666666,437.724,5696.405,437.683,5696.371,0.23999999999978172,0.27999999999974534,0.40099999999983993,0,0.0,0.3000000000000682,0.3000000000001819,0.40000000000009095,0,0.0,PASS,per-driver telemetry row
2018:British Grand Prix:Race,train,2018,British Grand Prix,Race,ERI,CACHED_SELECTED_LAP_STREAM,729,6,NEW_DOWNLOAD_EXPECTED,SUCCESS,,,TRUE,13234,10584,0.87325,0.8732369444444444,437.724,3581.424,437.683,3581.336,0.2400000000000091,0.2799999999999727,0.40099999999983993,0,0.0,0.2999999999999545,0.3000000000001819,0.40000000000009095,0,0.0,PASS,per-driver telemetry row
2018:British Grand Prix:Race,train,2018,British Grand Prix,Race,GAS,CACHED_SELECTED_LAP_STREAM,728,9,NEW_DOWNLOAD_EXPECTED,SUCCESS,,,TRUE,22241,17789,1.4677227777777777,1.4677469444444444,437.724,5721.526,437.683,5721.572,0.23999999999978172,0.27999999999974534,0.40099999999983993,0,0.0,0.3000000000000682,0.3000000000001819,0.40000000000009095,0,0.0,PASS,per-driver telemetry row
2018:British Grand Prix:Race,train,2018,British Grand Prix,Race,GRO,CACHED_SELECTED_LAP_STREAM,730,7,NEW_DOWNLOAD_EXPECTED,SUCCESS,,,TRUE,16278,13019,1.0741741666666667,1.0741569444444445,437.724,4304.751,437.683,4304.648,0.2400000000000091,0.2799999999999727,0.40099999999983993,0,0.0,0.2999999999999545,0.3000000000001819,0.40000000000009095,0,0.0,PASS,per-driver telemetry row
2018:British Grand Prix:Race,train,2018,British Grand Prix,Race,HAM,CACHED_SELECTED_LAP_STREAM,710,9,NEW_DOWNLOAD_EXPECTED,SUCCESS,,,TRUE,22107,17681,1.4588558333333332,1.4588299999999998,437.724,5689.605,437.683,5689.471,0.23999999999978172,0.27999999999974534,0.40099999999983993,0,0.0,0.3000000000000682,0.3000000000001819,0.40000000000009095,0,0.0,PASS,per-driver telemetry row
2018:British Grand Prix:Race,train,2018,British Grand Prix,Race,HAR,CACHED_SELECTED_LAP_STREAM,1323,1,NEW_DOWNLOAD_EXPECTED,SUCCESS,,,TRUE,735,588,0.04843,0.04844500000000001,437.724,612.072,437.683,612.085,0.2400000000000091,0.2799999999999727,0.3590000000000373,0,0.0,0.30000000000001137,0.3000000000000682,0.30100000000004457,0,0.0,PASS,per-driver telemetry row
2018:British Grand Prix:Race,train,2018,British Grand Prix,Race,HUL,CACHED_SELECTED_LAP_STREAM,724,9,NEW_DOWNLOAD_EXPECTED,SUCCESS,,,TRUE,22217,17769,1.4661008333333332,1.4661077777777778,437.724,5715.687,437.683,5715.671,0.23999999999978172,0.27999999999974534,0.40099999999983993,0,0.0,0.3000000000000682,0.3000000000001819,0.40000000000009095,0,0.0,PASS,per-driver telemetry row
2018:British Grand Prix:Race,train,2018,British Grand Prix,Race,LEC,CACHED_SELECTED_LAP_STREAM,724,4,NEW_DOWNLOAD_EXPECTED,SUCCESS,,,TRUE,7271,5814,0.47967916666666666,0.4796469444444444,437.724,2164.569,437.683,2164.412,0.2400000000000091,0.2799999999999727,0.40099999999983993,0,0.0,0.2999999999999545,0.3000000000001819,0.40000000000009095,0,0.0,PASS,per-driver telemetry row
2018:British Grand Prix:Race,train,2018,British Grand Prix,Race,MAG,CACHED_SELECTED_LAP_STREAM,725,9,NEW_DOWNLOAD_EXPECTED,SUCCESS,,,TRUE,22237,17786,1.467456111111111,1.4674969444444443,437.724,5720.566,437.683,5720.672,0.23999999999978172,0.27999999999974534,0.40099999999983993,0,0.0,0.3000000000000682,0.3000000000001819,0.40000000000009095,0,0.0,PASS,per-driver telemetry row
2018:British Grand Prix:Race,train,2018,British Grand Prix,Race,OCO,CACHED_SELECTED_LAP_STREAM,726,9,NEW_DOWNLOAD_EXPECTED,SUCCESS,,,TRUE,22224,17774,1.4665561111111112,1.4665244444444445,437.724,5717.326,437.683,5717.171,0.23999999999978172,0.27999999999974534,0.40099999999983993,0,0.0,0.3000000000000682,0.3000000000001819,0.40000000000009095,0,0.0,PASS,per-driver telemetry row
2018:British Grand Prix:Race,train,2018,British Grand Prix,Race,PER,CACHED_SELECTED_LAP_STREAM,727,9,NEW_DOWNLOAD_EXPECTED,SUCCESS,,,TRUE,22244,17791,1.4679119444444444,1.467913611111111,437.724,5722.207,437.683,5722.172,0.23999999999978172,0.27999999999974534,0.40099999999983993,0,0.0,0.3000000000000682,0.3000000000001819,0.40000000000009095,0,0.0,PASS,per-driver telemetry row
2018:British Grand Prix:Race,train,2018,British Grand Prix,Race,RAI,CACHED_SELECTED_LAP_STREAM,711,9,NEW_DOWNLOAD_EXPECTED,SUCCESS,,,TRUE,22113,17686,1.4592558333333334,1.4592466666666666,437.724,5691.045,437.683,5690.971,0.23999999999978172,0.27999999999974534,0.40099999999983993,0,0.0,0.3000000000000682,0.3000000000001819,0.40000000000009095,0,0.0,PASS,per-driver telemetry row
2018:British Grand Prix:Race,train,2018,British Grand Prix,Race,RIC,CACHED_SELECTED_LAP_STREAM,713,9,NEW_DOWNLOAD_EXPECTED,SUCCESS,,,TRUE,22138,17706,1.4608783333333335,1.4609133333333333,437.724,5696.886,437.683,5696.971,0.23999999999978172,0.27999999999974534,0.40099999999983993,0,0.0,0.3000000000000682,0.3000000000001819,0.40000000000009095,0,0.0,PASS,per-driver telemetry row
2018:British Grand Prix:Race,train,2018,British Grand Prix,Race,SAI,CACHED_SELECTED_LAP_STREAM,734,7,NEW_DOWNLOAD_EXPECTED,SUCCESS,,,TRUE,16279,13020,1.0742408333333333,1.07424,437.724,4304.991,437.683,4304.947,0.2400000000000091,0.2799999999999727,0.40099999999983993,0,0.0,0.2999999999999545,0.3000000000001819,0.40000000000009095,0,0.0,PASS,per-driver telemetry row
2018:British Grand Prix:Race,train,2018,British Grand Prix,Race,SIR,CACHED_SELECTED_LAP_STREAM,730,9,NEW_DOWNLOAD_EXPECTED,SUCCESS,,,TRUE,22299,17836,1.4716116666666665,1.4716358333333335,437.724,5735.526,437.683,5735.572,0.23999999999978172,0.27999999999974534,0.40099999999983993,0,0.0,0.3000000000000682,0.3000000000001819,0.40000000000009095,0,0.0,PASS,per-driver telemetry row
2018:British Grand Prix:Race,train,2018,British Grand Prix,Race,STR,CACHED_SELECTED_LAP_STREAM,731,9,NEW_DOWNLOAD_EXPECTED,SUCCESS,,,TRUE,22258,17802,1.468845,1.4688302777777777,437.724,5725.566,437.683,5725.472,0.23999999999978172,0.27999999999974534,0.40099999999983993,0,0.0,0.3000000000000682,0.3000000000001819,0.40000000000009095,0,0.0,PASS,per-driver telemetry row
2018:British Grand Prix:Race,train,2018,British Grand Prix,Race,VAN,CACHED_SELECTED_LAP_STREAM,730,9,NEW_DOWNLOAD_EXPECTED,SUCCESS,,,TRUE,22248,17794,1.4681783333333334,1.4681633333333333,437.724,5723.166,437.683,5723.071,0.23999999999978172,0.27999999999974534,0.40099999999983993,0,0.0,0.3000000000000682,0.3000000000001819,0.40000000000009095,0,0.0,PASS,per-driver telemetry row
2018:British Grand Prix:Race,train,2018,British Grand Prix,Race,VER,CACHED_SELECTED_LAP_STREAM,713,8,NEW_DOWNLOAD_EXPECTED,SUCCESS,,,TRUE,20501,16398,1.3529327777777778,1.3529672222222222,437.724,5308.282,437.683,5308.365,0.23999999999978172,0.27999999999974534,0.40099999999983993,0,0.0,0.3000000000000682,0.3000000000001819,0.40000000000009095,0,0.0,PASS,per-driver telemetry row
2018:British Grand Prix:Race,train,2018,British Grand Prix,Race,VET,CACHED_SELECTED_LAP_STREAM,706,9,NEW_DOWNLOAD_EXPECTED,SUCCESS,,,TRUE,22098,17674,1.458256111111111,1.4582466666666667,437.724,5687.446,437.683,5687.371,0.23999999999978172,0.27999999999974534,0.40099999999983993,0,0.0,0.3000000000000682,0.3000000000001819,0.40000000000009095,0,0.0,PASS,per-driver telemetry row
2018:Canadian Grand Prix:Race,train,2018,Canadian Grand Prix,Race,ALO,CACHED_SELECTED_LAP_STREAM,581,7,NEW_DOWNLOAD_EXPECTED,SUCCESS,,,TRUE,13959,11398,0.940476388888889,0.9404047222222222,416.87,3802.585,417.058,3802.515,0.2400000000000091,0.2799999999999727,0.39999999999997726,0,0.0,0.2999999999999545,0.3000000000001819,0.3010000000003856,0,0.0,PASS,per-driver telemetry row
2018:Canadian Grand Prix:Race,train,2018,Canadian Grand Prix,Race,BOT,CACHED_SELECTED_LAP_STREAM,568,12,NEW_DOWNLOAD_EXPECTED,SUCCESS,,,TRUE,22545,18408,1.518937777777778,1.5188308333333334,416.87,5885.046,417.058,5884.849,0.2400000000000091,0.2799999999999727,0.39999999999997726,0,0.0,0.3000000000000682,0.3000000000001819,0.40099999999983993,0,0.0,PASS,per-driver telemetry row
2018:Canadian Grand Prix:Race,train,2018,Canadian Grand Prix,Race,ERI,CACHED_SELECTED_LAP_STREAM,593,12,NEW_DOWNLOAD_EXPECTED,SUCCESS,,,TRUE,22571,18430,1.5207155555555556,1.520636388888889,416.87,5891.446,417.058,5891.349,0.2400000000000091,0.2799999999999727,0.39999999999997726,0,0.0,0.3000000000000682,0.3000000000001819,0.40099999999983993,0,0.0,PASS,per-driver telemetry row
2018:Canadian Grand Prix:Race,train,2018,Canadian Grand Prix,Race,GAS,CACHED_SELECTED_LAP_STREAM,582,12,NEW_DOWNLOAD_EXPECTED,SUCCESS,,,TRUE,22707,18541,1.5298602777777779,1.5298033333333334,416.87,5924.367,417.058,5924.35,0.2400000000000091,0.2799999999999727,0.39999999999997726,0,0.0,0.3000000000000682,0.3000000000001819,0.40099999999983993,0,0.0,PASS,per-driver telemetry row
2018:Canadian Grand Prix:Race,train,2018,Canadian Grand Prix,Race,GRO,CACHED_SELECTED_LAP_STREAM,580,12,NEW_DOWNLOAD_EXPECTED,SUCCESS,,,TRUE,22709,18542,1.5299825,1.5298866666666666,416.87,5924.807,417.058,5924.65,0.2400000000000091,0.2799999999999727,0.39999999999997726,0,0.0,0.3000000000000682,0.3000000000001819,0.40099999999983993,0,0.0,PASS,per-driver telemetry row
2018:Canadian Grand Prix:Race,train,2018,Canadian Grand Prix,Race,HAM,CACHED_SELECTED_LAP_STREAM,574,12,NEW_DOWNLOAD_EXPECTED,SUCCESS,,,TRUE,22610,18461,1.5233047222222222,1.5231922222222223,416.87,5900.767,417.058,5900.55,0.2400000000000091,0.2799999999999727,0.39999999999997726,0,0.0,0.3000000000000682,0.3000000000001819,0.40099999999983993,0,0.0,PASS,per-driver telemetry row
2018:Canadian Grand Prix:Race,train,2018,Canadian Grand Prix,Race,HAR,CACHED_SELECTED_LAP_STREAM,758,1,NEW_DOWNLOAD_EXPECTED,SUCCESS,,,TRUE,416,340,0.02798916666666666,0.027972500000000008,416.87,517.631,417.058,517.759,0.2400000000000091,0.2799999999999727,0.3599999999999568,0,0.0,0.30000000000001137,0.30000000000001137,0.3009999999999877,0,0.0,PASS,per-driver telemetry row
2018:Canadian Grand Prix:Race,train,2018,Canadian Grand Prix,Race,HUL,CACHED_SELECTED_LAP_STREAM,570,12,NEW_DOWNLOAD_EXPECTED,SUCCESS,,,TRUE,22623,18473,1.5242044444444445,1.5241919444444445,416.87,5904.006,417.058,5904.149,0.2400000000000091,0.2799999999999727,0.39999999999997726,0,0.0,0.3000000000000682,0.3000000000001819,0.40099999999983993,0,0.0,PASS,per-driver telemetry row
2018:Canadian Grand Prix:Race,train,2018,Canadian Grand Prix,Race,LEC,CACHED_SELECTED_LAP_STREAM,582,12,NEW_DOWNLOAD_EXPECTED,SUCCESS,,,TRUE,22686,18524,1.5284269444444445,1.5283866666666666,416.87,5919.207,417.058,5919.25,0.2400000000000091,0.2799999999999727,0.39999999999997726,0,0.0,0.3000000000000682,0.3000000000001819,0.40099999999983993,0,0.0,PASS,per-driver telemetry row
2018:Canadian Grand Prix:Race,train,2018,Canadian Grand Prix,Race,MAG,CACHED_SELECTED_LAP_STREAM,586,12,NEW_DOWNLOAD_EXPECTED,SUCCESS,,,TRUE,22724,18554,1.5309825000000001,1.5308588888888888,416.87,5928.407,417.058,5928.15,0.2400000000000091,0.2799999999999727,0.39999999999997726,0,0.0,0.3000000000000682,0.3000000000001819,0.40099999999983993,0,0.0,PASS,per-driver telemetry row
2018:Canadian Grand Prix:Race,train,2018,Canadian Grand Prix,Race,OCO,CACHED_SELECTED_LAP_STREAM,593,12,NEW_DOWNLOAD_EXPECTED,SUCCESS,,,TRUE,22645,18491,1.5256825,1.5256644444444445,416.87,5909.327,417.058,5909.45,0.2400000000000091,0.2799999999999727,0.39999999999997726,0,0.0,0.3000000000000682,0.3000000000001819,0.40099999999983993,0,0.0,PASS,per-driver telemetry row
2018:Canadian Grand Prix:Race,train,2018,Canadian Grand Prix,Race,PER,CACHED_SELECTED_LAP_STREAM,578,12,NEW_DOWNLOAD_EXPECTED,SUCCESS,,,TRUE,22716,18548,1.5304491666666666,1.530358888888889,416.87,5926.487,417.058,5926.35,0.2400000000000091,0.2799999999999727,0.39999999999997726,0,0.0,0.3000000000000682,0.3000000000001819,0.40099999999983993,0,0.0,PASS,per-driver telemetry row
2018:Canadian Grand Prix:Race,train,2018,Canadian Grand Prix,Race,RAI,CACHED_SELECTED_LAP_STREAM,576,12,NEW_DOWNLOAD_EXPECTED,SUCCESS,,,TRUE,22634,18481,1.5249491666666666,1.524831111111111,416.87,5906.687,417.058,5906.45,0.2400000000000091,0.2799999999999727,0.39999999999997726,0,0.0,0.3000000000000682,0.3000000000001819,0.40099999999983993,0,0.0,PASS,per-driver telemetry row
2018:Canadian Grand Prix:Race,train,2018,Canadian Grand Prix,Race,RIC,CACHED_SELECTED_LAP_STREAM,573,12,NEW_DOWNLOAD_EXPECTED,SUCCESS,,,TRUE,22594,18448,1.522248888888889,1.5221363888888888,416.87,5896.966,417.058,5896.749,0.2400000000000091,0.2799999999999727,0.39999999999997726,0,0.0,0.3000000000000682,0.3000000000001819,0.40099999999983993,0,0.0,PASS,per-driver telemetry row
2018:Canadian Grand Prix:Race,train,2018,Canadian Grand Prix,Race,SAI,CACHED_SELECTED_LAP_STREAM,575,12,NEW_DOWNLOAD_EXPECTED,SUCCESS,,,TRUE,22639,18486,1.5252824999999999,1.5252477777777778,416.87,5907.887,417.058,5907.95,0.2400000000000091,0.2799999999999727,0.39999999999997726,0,0.0,0.3000000000000682,0.3000000000001819,0.40099999999983993,0,0.0,PASS,per-driver telemetry row
2018:Canadian Grand Prix:Race,train,2018,Canadian Grand Prix,Race,SIR,CACHED_SELECTED_LAP_STREAM,593,12,NEW_DOWNLOAD_EXPECTED,SUCCESS,,,TRUE,22671,18511,1.5274380555555556,1.527331111111111,416.87,5915.647,417.058,5915.45,0.2400000000000091,0.2799999999999727,0.39999999999997726,0,0.0,0.3000000000000682,0.3000000000001819,0.40099999999983993,0,0.0,PASS,per-driver telemetry row
2018:Canadian Grand Prix:Race,train,2018,Canadian Grand Prix,Race,STR,CACHED_SELECTED_LAP_STREAM,758,1,NEW_DOWNLOAD_EXPECTED,SUCCESS,,,TRUE,416,340,0.02798916666666666,0.027972500000000008,416.87,517.631,417.058,517.759,0.2400000000000091,0.2799999999999727,0.3599999999999568,0,0.0,0.30000000000001137,0.30000000000001137,0.3009999999999877,0,0.0,PASS,per-driver telemetry row
2018:Canadian Grand Prix:Race,train,2018,Canadian Grand Prix,Race,VAN,CACHED_SELECTED_LAP_STREAM,592,12,NEW_DOWNLOAD_EXPECTED,SUCCESS,,,TRUE,22578,18436,1.5211713888888891,1.5211366666666666,416.87,5893.087,417.058,5893.15,0.2400000000000091,0.2799999999999727,0.39999999999997726,0,0.0,0.3000000000000682,0.3000000000001819,0.40099999999983993,0,0.0,PASS,per-driver telemetry row
2018:Canadian Grand Prix:Race,train,2018,Canadian Grand Prix,Race,VER,CACHED_SELECTED_LAP_STREAM,571,12,NEW_DOWNLOAD_EXPECTED,SUCCESS,,,TRUE,22545,18409,1.518937777777778,1.5189141666666668,416.87,5885.046,417.058,5885.149,0.2400000000000091,0.2799999999999727,0.39999999999997726,0,0.0,0.3000000000000682,0.3000000000001819,0.40099999999983993,0,0.0,PASS,per-driver telemetry row
2018:Canadian Grand Prix:Race,train,2018,Canadian Grand Prix,Race,VET,CACHED_SELECTED_LAP_STREAM,566,12,NEW_DOWNLOAD_EXPECTED,SUCCESS,,,TRUE,22521,18389,1.5173047222222225,1.5172752777777778,416.87,5879.167,417.058,5879.249,0.2400000000000091,0.2799999999999727,0.39999999999997726,0,0.0,0.3000000000000682,0.3000000000001819,0.40099999999983993,0,0.0,PASS,per-driver telemetry row
2018:Chinese Grand Prix:Race,train,2018,Chinese Grand Prix,Race,ALO,CACHED_SELECTED_LAP_STREAM,756,10,NEW_DOWNLOAD_EXPECTED,SUCCESS,,,TRUE,23826,19415,1.6019386111111111,1.6019147222222223,455.985,6222.964,456.138,6223.031,0.2400000000000091,0.27999999999974534,0.3990000000000009,0,0.0,0.3000000000001819,0.3000000000001819,0.3010000000003856,0,0.0,PASS,per-driver telemetry row
2018:Chinese Grand Prix:Race,train,2018,Chinese Grand Prix,Race,BOT,CACHED_SELECTED_LAP_STREAM,745,10,NEW_DOWNLOAD_EXPECTED,SUCCESS,,,TRUE,23736,19342,1.5959052777777778,1.5958869444444446,455.985,6201.244,456.138,6201.331,0.2400000000000091,0.27999999999974534,0.3990000000000009,0,0.0,0.3000000000001819,0.3000000000001819,0.3010000000003856,0,0.0,PASS,per-driver telemetry row
2018:Chinese Grand Prix:Race,train,2018,Chinese Grand Prix,Race,ERI,CACHED_SELECTED_LAP_STREAM,765,10,NEW_DOWNLOAD_EXPECTED,SUCCESS,,,TRUE,23959,19522,1.6108500000000001,1.6107483333333334,455.985,6255.045,456.138,6254.832,0.2400000000000091,0.27999999999974534,0.3990000000000009,0,0.0,0.3000000000001819,0.3000000000001819,0.3010000000003856,0,0.0,PASS,per-driver telemetry row
2018:Chinese Grand Prix:Race,train,2018,Chinese Grand Prix,Race,GAS,CACHED_SELECTED_LAP_STREAM,765,10,NEW_DOWNLOAD_EXPECTED,SUCCESS,,,TRUE,23933,19501,1.6090944444444446,1.609026111111111,455.985,6248.725,456.138,6248.632,0.2400000000000091,0.27999999999974534,0.3990000000000009,0,0.0,0.3000000000001819,0.3000000000001819,0.3010000000003856,0,0.0,PASS,per-driver telemetry row
2018:Chinese Grand Prix:Race,train,2018,Chinese Grand Prix,Race,GRO,CACHED_SELECTED_LAP_STREAM,757,10,NEW_DOWNLOAD_EXPECTED,SUCCESS,,,TRUE,23969,19531,1.6115608333333336,1.6114983333333335,455.985,6257.604,456.138,6257.532,0.2400000000000091,0.27999999999974534,0.3990000000000009,0,0.0,0.3000000000001819,0.3000000000001819,0.3010000000003856,0,0.0,PASS,per-driver telemetry row
2018:Chinese Grand Prix:Race,train,2018,Chinese Grand Prix,Race,HAM,CACHED_SELECTED_LAP_STREAM,747,10,NEW_DOWNLOAD_EXPECTED,SUCCESS,,,TRUE,23770,19369,1.5981830555555558,1.5981369444444444,455.985,6209.444,456.138,6209.431,0.2400000000000091,0.27999999999974534,0.3990000000000009,0,0.0,0.3000000000001819,0.3000000000001819,0.3010000000003856,0,0.0,PASS,per-driver telemetry row
2018:Chinese Grand Prix:Race,train,2018,Chinese Grand Prix,Race,HAR,CACHED_SELECTED_LAP_STREAM,766,9,NEW_DOWNLOAD_EXPECTED,SUCCESS,,,TRUE,22005,17928,1.4792152777777778,1.4792183333333333,455.985,5781.16,456.138,5781.324,0.2400000000000091,0.27999999999974534,0.3990000000000009,0,0.0,0.3000000000000682,0.3000000000001819,0.3010000000003856,0,0.0,PASS,per-driver telemetry row
2018:Chinese Grand Prix:Race,train,2018,Chinese Grand Prix,Race,HUL,CACHED_SELECTED_LAP_STREAM,756,10,NEW_DOWNLOAD_EXPECTED,SUCCESS,,,TRUE,23787,19383,1.5993275000000002,1.5992758333333335,455.985,6213.564,456.138,6213.531,0.2400000000000091,0.27999999999974534,0.3990000000000009,0,0.0,0.3000000000001819,0.3000000000001819,0.3010000000003856,0,0.0,PASS,per-driver telemetry row
2018:Chinese Grand Prix:Race,train,2018,Chinese Grand Prix,Race,LEC,CACHED_SELECTED_LAP_STREAM,765,10,NEW_DOWNLOAD_EXPECTED,SUCCESS,,,TRUE,24040,19590,1.6163833333333335,1.6163594444444445,455.985,6274.965,456.138,6275.032,0.2400000000000091,0.27999999999974534,0.3990000000000009,0,0.0,0.3000000000001819,0.3000000000001819,0.3010000000003856,0,0.0,PASS,per-driver telemetry row
2018:Chinese Grand Prix:Race,train,2018,Chinese Grand Prix,Race,MAG,CACHED_SELECTED_LAP_STREAM,755,10,NEW_DOWNLOAD_EXPECTED,SUCCESS,,,TRUE,23864,19445,1.6044608333333334,1.6043872222222222,455.985,6232.044,456.138,6231.932,0.2400000000000091,0.27999999999974534,0.3990000000000009,0,0.0,0.3000000000001819,0.3000000000001819,0.3010000000003856,0,0.0,PASS,per-driver telemetry row
2018:Chinese Grand Prix:Race,train,2018,Chinese Grand Prix,Race,OCO,CACHED_SELECTED_LAP_STREAM,756,10,NEW_DOWNLOAD_EXPECTED,SUCCESS,,,TRUE,23882,19460,1.6056608333333333,1.6056372222222222,455.985,6236.364,456.138,6236.432,0.2400000000000091,0.27999999999974534,0.3990000000000009,0,0.0,0.3000000000001819,0.3000000000001819,0.3010000000003856,0,0.0,PASS,per-driver telemetry row
2018:Chinese Grand Prix:Race,train,2018,Chinese Grand Prix,Race,PER,CACHED_SELECTED_LAP_STREAM,760,10,NEW_DOWNLOAD_EXPECTED,SUCCESS,,,TRUE,23885,19462,1.6058608333333333,1.605803888888889,455.985,6237.084,456.138,6237.032,0.2400000000000091,0.27999999999974534,0.3990000000000009,0,0.0,0.3000000000001819,0.3000000000001819,0.3010000000003856,0,0.0,PASS,per-driver telemetry row
2018:Chinese Grand Prix:Race,train,2018,Chinese Grand Prix,Race,RAI,CACHED_SELECTED_LAP_STREAM,747,10,NEW_DOWNLOAD_EXPECTED,SUCCESS,,,TRUE,23739,19344,1.5961052777777778,1.596053611111111,455.985,6201.964,456.138,6201.931,0.2400000000000091,0.27999999999974534,0.3990000000000009,0,0.0,0.3000000000001819,0.3000000000001819,0.3010000000003856,0,0.0,PASS,per-driver telemetry row
2018:Chinese Grand Prix:Race,train,2018,Chinese Grand Prix,Race,RIC,CACHED_SELECTED_LAP_STREAM,747,10,NEW_DOWNLOAD_EXPECTED,SUCCESS,,,TRUE,23699,19312,1.5934275,1.5934147222222221,455.985,6192.324,456.138,6192.431,0.2400000000000091,0.27999999999974534,0.3990000000000009,0,0.0,0.3000000000001819,0.3000000000001819,0.3010000000003856,0,0.0,PASS,per-driver telemetry row
2018:Chinese Grand Prix:Race,train,2018,Chinese Grand Prix,Race,SAI,CACHED_SELECTED_LAP_STREAM,757,10,NEW_DOWNLOAD_EXPECTED,SUCCESS,,,TRUE,23848,19432,1.6033944444444446,1.603331388888889,455.985,6228.205,456.138,6228.131,0.2400000000000091,0.27999999999974534,0.3990000000000009,0,0.0,0.3000000000001819,0.3000000000001819,0.3010000000003856,0,0.0,PASS,per-driver telemetry row
2018:Chinese Grand Prix:Race,train,2018,Chinese Grand Prix,Race,SIR,CACHED_SELECTED_LAP_STREAM,761,10,NEW_DOWNLOAD_EXPECTED,SUCCESS,,,TRUE,23940,19508,1.6095941666666669,1.6095816666666667,455.985,6250.524,456.138,6250.632,0.2400000000000091,0.27999999999974534,0.3990000000000009,0,0.0,0.3000000000001819,0.3000000000001819,0.3010000000003856,0,0.0,PASS,per-driver telemetry row
2018:Chinese Grand Prix:Race,train,2018,Chinese Grand Prix,Race,STR,CACHED_SELECTED_LAP_STREAM,759,10,NEW_DOWNLOAD_EXPECTED,SUCCESS,,,TRUE,23929,19498,1.608827777777778,1.6087761111111112,455.985,6247.765,456.138,6247.732,0.2400000000000091,0.27999999999974534,0.3990000000000009,0,0.0,0.3000000000001819,0.3000000000001819,0.3010000000003856,0,0.0,PASS,per-driver telemetry row
2018:Chinese Grand Prix:Race,train,2018,Chinese Grand Prix,Race,VAN,CACHED_SELECTED_LAP_STREAM,764,10,NEW_DOWNLOAD_EXPECTED,SUCCESS,,,TRUE,23904,19478,1.6071722222222224,1.6071369444444445,455.985,6241.805,456.138,6241.831,0.2400000000000091,0.27999999999974534,0.3990000000000009,0,0.0,0.3000000000001819,0.3000000000001819,0.3010000000003856,0,0.0,PASS,per-driver telemetry row
2018:Chinese Grand Prix:Race,train,2018,Chinese Grand Prix,Race,VER,CACHED_SELECTED_LAP_STREAM,746,10,NEW_DOWNLOAD_EXPECTED,SUCCESS,,,TRUE,23743,19347,1.5963719444444446,1.596303611111111,455.985,6202.924,456.138,6202.831,0.2400000000000091,0.27999999999974534,0.3990000000000009,0,0.0,0.3000000000001819,0.3000000000001819,0.3010000000003856,0,0.0,PASS,per-driver telemetry row
2018:Chinese Grand Prix:Race,train,2018,Chinese Grand Prix,Race,VET,CACHED_SELECTED_LAP_STREAM,744,10,NEW_DOWNLOAD_EXPECTED,SUCCESS,,,TRUE,23846,19430,1.6032611111111112,1.6031647222222223,455.985,6227.725,456.138,6227.531,0.2400000000000091,0.27999999999974534,0.3990000000000009,0,0.0,0.3000000000001819,0.3000000000001819,0.3010000000003856,0,0.0,PASS,per-driver telemetry row
2018:French Grand Prix:Race,train,2018,French Grand Prix,Race,ALO,CACHED_SELECTED_LAP_STREAM,757,9,NEW_DOWNLOAD_EXPECTED,SUCCESS,,,TRUE,22406,18241,1.5052344444444445,1.5052752777777778,446.696,5865.54,446.513,5865.504,0.2400000000000091,0.27999999999974534,0.4000000000005457,0,0.0,0.3000000000000682,0.3000000000001819,1.1989999999996144,0,0.0,PASS,per-driver telemetry row
2018:French Grand Prix:Race,train,2018,French Grand Prix,Race,BOT,CACHED_SELECTED_LAP_STREAM,751,9,NEW_DOWNLOAD_EXPECTED,SUCCESS,,,TRUE,22713,18486,1.5254791666666667,1.5254977777777778,446.696,5938.421,446.513,5938.305,0.2400000000000091,0.27999999999974534,0.4000000000005457,0,0.0,0.3000000000001819,0.3000000000001819,1.1989999999996144,0,0.0,PASS,per-driver telemetry row
2018:French Grand Prix:Race,train,2018,French Grand Prix,Race,ERI,CACHED_SELECTED_LAP_STREAM,774,9,NEW_DOWNLOAD_EXPECTED,SUCCESS,,,TRUE,22574,18375,1.5163125000000002,1.5163311111111113,446.696,5905.421,446.513,5905.305,0.2400000000000091,0.27999999999974534,0.4000000000005457,0,0.0,0.3000000000000682,0.3000000000001819,1.1989999999996144,0,0.0,PASS,per-driver telemetry row
2018:French Grand Prix:Race,train,2018,French Grand Prix,Race,GAS,CACHED_SELECTED_LAP_STREAM,974,1,NEW_DOWNLOAD_EXPECTED,SUCCESS,,,TRUE,535,437,0.03592250000000001,0.03597277777777778,446.696,576.017,446.513,576.015,0.2400000000000091,0.2799999999999727,0.36000000000001364,0,0.0,0.30000000000001137,0.3000000000000682,0.30100000000004457,0,0.0,PASS,per-driver telemetry row
2018:French Grand Prix:Race,train,2018,French Grand Prix,Race,GRO,CACHED_SELECTED_LAP_STREAM,749,9,NEW_DOWNLOAD_EXPECTED,SUCCESS,,,TRUE,22420,18252,1.5061566666666666,1.5061922222222224,446.696,5868.86,446.513,5868.805,0.2400000000000091,0.27999999999974534,0.4000000000005457,0,0.0,0.3000000000000682,0.3000000000001819,1.1989999999996144,0,0.0,PASS,per-driver telemetry row
2018:French Grand Prix:Race,train,2018,French Grand Prix,Race,HAM,CACHED_SELECTED_LAP_STREAM,732,9,NEW_DOWNLOAD_EXPECTED,SUCCESS,,,TRUE,22374,18215,1.5031122222222222,1.503136388888889,446.696,5857.9,446.513,5857.804,0.2400000000000091,0.27999999999974534,0.4000000000005457,0,0.0,0.3000000000000682,0.3000000000001819,1.1989999999996144,0,0.0,PASS,per-driver telemetry row
2018:French Grand Prix:Race,train,2018,French Grand Prix,Race,HAR,CACHED_SELECTED_LAP_STREAM,756,9,NEW_DOWNLOAD_EXPECTED,SUCCESS,,,TRUE,22580,18380,1.516701388888889,1.5167475000000001,446.696,5906.821,446.513,5906.804,0.2400000000000091,0.27999999999974534,0.4000000000005457,0,0.0,0.3000000000000682,0.3000000000001819,1.1989999999996144,0,0.0,PASS,per-driver telemetry row
2018:French Grand Prix:Race,train,2018,French Grand Prix,Race,HUL,CACHED_SELECTED_LAP_STREAM,751,9,NEW_DOWNLOAD_EXPECTED,SUCCESS,,,TRUE,22762,18525,1.5286791666666666,1.5287202777777777,446.696,5949.941,446.513,5949.906,0.2400000000000091,0.27999999999974534,0.4000000000005457,0,0.0,0.3000000000001819,0.3000000000001819,1.1989999999996144,0,0.0,PASS,per-driver telemetry row
2018:French Grand Prix:Race,train,2018,French Grand Prix,Race,LEC,CACHED_SELECTED_LAP_STREAM,749,9,NEW_DOWNLOAD_EXPECTED,SUCCESS,,,TRUE,22770,18531,1.5292125,1.52922,446.696,5951.861,446.513,5951.705,0.2400000000000091,0.27999999999974534,0.4000000000005457,0,0.0,0.3000000000001819,0.3000000000001819,1.1989999999996144,0,0.0,PASS,per-driver telemetry row
2018:French Grand Prix:Race,train,2018,French Grand Prix,Race,MAG,CACHED_SELECTED_LAP_STREAM,749,9,NEW_DOWNLOAD_EXPECTED,SUCCESS,,,TRUE,22708,18482,1.5251569444444446,1.5251644444444443,446.696,5937.261,446.513,5937.105,0.2400000000000091,0.27999999999974534,0.4000000000005457,0,0.0,0.3000000000001819,0.3000000000001819,1.1989999999996144,0,0.0,PASS,per-driver telemetry row
2018:French Grand Prix:Race,train,2018,French Grand Prix,Race,OCO,CACHED_SELECTED_LAP_STREAM,974,1,NEW_DOWNLOAD_EXPECTED,SUCCESS,,,TRUE,535,437,0.03592250000000001,0.03597277777777778,446.696,576.017,446.513,576.015,0.2400000000000091,0.2799999999999727,0.36000000000001364,0,0.0,0.30000000000001137,0.3000000000000682,0.30100000000004457,0,0.0,PASS,per-driver telemetry row
2018:French Grand Prix:Race,train,2018,French Grand Prix,Race,PER,CACHED_SELECTED_LAP_STREAM,1032,5,NEW_DOWNLOAD_EXPECTED,SUCCESS,,,TRUE,12467,10165,0.838608888888889,0.8386530555555556,446.696,3465.688,446.513,3465.664,0.2400000000000091,0.2799999999999727,0.40000000000009095,0,0.0,0.2999999999999545,0.3000000000001819,0.40000000000009095,0,0.0,PASS,per-driver telemetry row
2018:French Grand Prix:Race,train,2018,French Grand Prix,Race,RAI,CACHED_SELECTED_LAP_STREAM,739,9,NEW_DOWNLOAD_EXPECTED,SUCCESS,,,TRUE,22483,18302,1.510312222222222,1.5103033333333333,446.696,5883.82,446.513,5883.605,0.2400000000000091,0.27999999999974534,0.4000000000005457,0,0.0,0.3000000000000682,0.3000000000001819,1.1989999999996144,0,0.0,PASS,per-driver telemetry row
2018:French Grand Prix:Race,train,2018,French Grand Prix,Race,RIC,CACHED_SELECTED_LAP_STREAM,739,9,NEW_DOWNLOAD_EXPECTED,SUCCESS,,,TRUE,22520,18332,1.5127455555555556,1.5128030555555556,446.696,5892.58,446.513,5892.604,0.2400000000000091,0.27999999999974534,0.4000000000005457,0,0.0,0.3000000000000682,0.3000000000001819,1.1989999999996144,0,0.0,PASS,per-driver telemetry row
2018:French Grand Prix:Race,train,2018,French Grand Prix,Race,SAI,CACHED_SELECTED_LAP_STREAM,753,9,NEW_DOWNLOAD_EXPECTED,SUCCESS,,,TRUE,22741,18508,1.5273124999999999,1.527331111111111,446.696,5945.021,446.513,5944.905,0.2400000000000091,0.27999999999974534,0.4000000000005457,0,0.0,0.3000000000001819,0.3000000000001819,1.1989999999996144,0,0.0,PASS,per-driver telemetry row
2018:French Grand Prix:Race,train,2018,French Grand Prix,Race,SIR,CACHED_SELECTED_LAP_STREAM,765,9,NEW_DOWNLOAD_EXPECTED,SUCCESS,,,TRUE,22629,18419,1.5199350000000003,1.51997,446.696,5918.462,446.513,5918.405,0.2400000000000091,0.27999999999974534,0.4000000000005457,0,0.0,0.3000000000000682,0.3000000000001819,1.1989999999996144,0,0.0,PASS,per-driver telemetry row
2018:French Grand Prix:Race,train,2018,French Grand Prix,Race,STR,CACHED_SELECTED_LAP_STREAM,764,9,NEW_DOWNLOAD_EXPECTED,SUCCESS,,,TRUE,21396,17439,1.438811388888889,1.4388577777777778,446.696,5626.417,446.513,5626.401,0.2400000000000091,0.27999999999974534,0.4000000000005457,0,0.0,0.3000000000000682,0.3000000000001819,0.40000000000009095,0,0.0,PASS,per-driver telemetry row
2018:French Grand Prix:Race,train,2018,French Grand Prix,Race,VAN,CACHED_SELECTED_LAP_STREAM,759,9,NEW_DOWNLOAD_EXPECTED,SUCCESS,,,TRUE,22488,18307,1.5106455555555558,1.5107197222222224,446.696,5885.02,446.513,5885.104,0.2400000000000091,0.27999999999974534,0.4000000000005457,0,0.0,0.3000000000000682,0.3000000000001819,1.1989999999996144,0,0.0,PASS,per-driver telemetry row
2018:French Grand Prix:Race,train,2018,French Grand Prix,Race,VER,CACHED_SELECTED_LAP_STREAM,733,9,NEW_DOWNLOAD_EXPECTED,SUCCESS,,,TRUE,22403,18239,1.5050455555555555,1.5051086111111112,446.696,5864.86,446.513,5864.904,0.2400000000000091,0.27999999999974534,0.4000000000005457,0,0.0,0.3000000000000682,0.3000000000001819,1.1989999999996144,0,0.0,PASS,per-driver telemetry row
2018:French Grand Prix:Race,train,2018,French Grand Prix,Race,VET,CACHED_SELECTED_LAP_STREAM,739,9,NEW_DOWNLOAD_EXPECTED,SUCCESS,,,TRUE,22635,18424,1.5203236111111111,1.5203866666666666,446.696,5919.861,446.513,5919.905,0.2400000000000091,0.27999999999974534,0.4000000000005457,0,0.0,0.3000000000000682,0.3000000000001819,1.1989999999996144,0,0.0,PASS,per-driver telemetry row
2018:German Grand Prix:Race,train,2018,German Grand Prix,Race,ALO,CACHED_SELECTED_LAP_STREAM,611,11,NEW_DOWNLOAD_EXPECTED,SUCCESS,,,TRUE,23212,18559,1.531371388888889,1.5313591666666666,416.711,5929.648,416.721,5929.614,0.23999999999978172,0.27999999999974534,0.3610000000007858,0,0.0,0.3000000000000682,0.3000000000001819,0.5,0,0.0,PASS,per-driver telemetry row
2018:German Grand Prix:Race,train,2018,German Grand Prix,Race,BOT,CACHED_SELECTED_LAP_STREAM,596,12,NEW_DOWNLOAD_EXPECTED,SUCCESS,,,TRUE,23385,18698,1.542893611111111,1.5428313888888887,416.711,5971.128,416.721,5970.914,0.23999999999978172,0.27999999999974534,0.3610000000007858,0,0.0,0.3000000000000682,0.3000000000001819,0.5,0,0.0,PASS,per-driver telemetry row
2018:German Grand Prix:Race,train,2018,German Grand Prix,Race,ERI,CACHED_SELECTED_LAP_STREAM,610,12,NEW_DOWNLOAD_EXPECTED,SUCCESS,,,TRUE,23502,18792,1.5505938888888888,1.5506094444444443,416.711,5998.849,416.721,5998.915,0.23999999999978172,0.27999999999974534,0.3610000000007858,0,0.0,0.3000000000000682,0.3000000000001819,0.5,0,0.0,PASS,per-driver telemetry row
2018:German Grand Prix:Race,train,2018,German Grand Prix,Race,GAS,CACHED_SELECTED_LAP_STREAM,611,12,NEW_DOWNLOAD_EXPECTED,SUCCESS,,,TRUE,23528,18813,1.552316388888889,1.5523316666666667,416.711,6005.05,416.721,6005.115,0.23999999999978172,0.27999999999974534,0.3610000000007858,0,0.0,0.3000000000001819,0.3000000000001819,0.5,0,0.0,PASS,per-driver telemetry row
2018:German Grand Prix:Race,train,2018,German Grand Prix,Race,GRO,CACHED_SELECTED_LAP_STREAM,612,12,NEW_DOWNLOAD_EXPECTED,SUCCESS,,,TRUE,23487,18780,1.5496161111111109,1.5496094444444442,416.711,5995.329,416.721,5995.315,0.23999999999978172,0.27999999999974534,0.3610000000007858,0,0.0,0.3000000000000682,0.3000000000001819,0.5,0,0.0,PASS,per-driver telemetry row
2018:German Grand Prix:Race,train,2018,German Grand Prix,Race,HAM,CACHED_SELECTED_LAP_STREAM,598,12,NEW_DOWNLOAD_EXPECTED,SUCCESS,,,TRUE,23365,18683,1.5415716666666666,1.5415816666666666,416.711,5966.369,416.721,5966.415,0.23999999999978172,0.27999999999974534,0.3610000000007858,0,0.0,0.3000000000000682,0.3000000000001819,0.5,0,0.0,PASS,per-driver telemetry row
2018:German Grand Prix:Race,train,2018,German Grand Prix,Race,HAR,CACHED_SELECTED_LAP_STREAM,613,12,NEW_DOWNLOAD_EXPECTED,SUCCESS,,,TRUE,23510,18798,1.5511161111111111,1.5510816666666667,416.711,6000.729,416.721,6000.615,0.23999999999978172,0.27999999999974534,0.3610000000007858,0,0.0,0.3000000000000682,0.3000000000001819,0.5,0,0.0,PASS,per-driver telemetry row
2018:German Grand Prix:Race,train,2018,German Grand Prix,Race,HUL,CACHED_SELECTED_LAP_STREAM,608,12,NEW_DOWNLOAD_EXPECTED,SUCCESS,,,TRUE,23478,18773,1.549027222222222,1.5490261111111112,416.711,5993.209,416.721,5993.215,0.23999999999978172,0.27999999999974534,0.3610000000007858,0,0.0,0.3000000000000682,0.3000000000001819,0.5,0,0.0,PASS,per-driver telemetry row
2018:German Grand Prix:Race,train,2018,German Grand Prix,Race,LEC,CACHED_SELECTED_LAP_STREAM,609,12,NEW_DOWNLOAD_EXPECTED,SUCCESS,,,TRUE,23536,18819,1.5528494444444443,1.5528041666666665,416.711,6006.969,416.721,6006.816,0.23999999999978172,0.27999999999974534,0.3610000000007858,0,0.0,0.3000000000001819,0.3000000000001819,0.5,0,0.0,PASS,per-driver telemetry row
2018:German Grand Prix:Race,train,2018,German Grand Prix,Race,MAG,CACHED_SELECTED_LAP_STREAM,605,12,NEW_DOWNLOAD_EXPECTED,SUCCESS,,,TRUE,23513,18801,1.551316111111111,1.5513316666666666,416.711,6001.449,416.721,6001.515,0.23999999999978172,0.27999999999974534,0.3610000000007858,0,0.0,0.3000000000000682,0.3000000000001819,0.5,0,0.0,PASS,per-driver telemetry row
2018:German Grand Prix:Race,train,2018,German Grand Prix,Race,OCO,CACHED_SELECTED_LAP_STREAM,609,12,NEW_DOWNLOAD_EXPECTED,SUCCESS,,,TRUE,23499,18790,1.5504049999999998,1.5504427777777776,416.711,5998.169,416.721,5998.315,0.23999999999978172,0.27999999999974534,0.3610000000007858,0,0.0,0.3000000000000682,0.3000000000001819,0.5,0,0.0,PASS,per-driver telemetry row
2018:German Grand Prix:Race,train,2018,German Grand Prix,Race,PER,CACHED_SELECTED_LAP_STREAM,607,12,NEW_DOWNLOAD_EXPECTED,SUCCESS,,,TRUE,23494,18786,1.5500827777777777,1.5501094444444445,416.711,5997.009,416.721,5997.115,0.23999999999978172,0.27999999999974534,0.3610000000007858,0,0.0,0.3000000000000682,0.3000000000001819,0.5,0,0.0,PASS,per-driver telemetry row
2018:German Grand Prix:Race,train,2018,German Grand Prix,Race,RAI,CACHED_SELECTED_LAP_STREAM,598,12,NEW_DOWNLOAD_EXPECTED,SUCCESS,,,TRUE,23394,18706,1.5434938888888887,1.5434983333333332,416.711,5973.289,416.721,5973.315,0.23999999999978172,0.27999999999974534,0.3610000000007858,0,0.0,0.3000000000000682,0.3000000000001819,0.5,0,0.0,PASS,per-driver telemetry row
2018:German Grand Prix:Race,train,2018,German Grand Prix,Race,RIC,CACHED_SELECTED_LAP_STREAM,606,5,NEW_DOWNLOAD_EXPECTED,SUCCESS,,,TRUE,9753,7799,0.6435288888888888,0.643511111111111,416.711,2733.415,416.721,2733.361,0.2400000000000091,0.2799999999999727,0.3610000000001037,0,0.0,0.2999999999999545,0.3000000000001819,0.5,0,0.0,PASS,per-driver telemetry row
2018:German Grand Prix:Race,train,2018,German Grand Prix,Race,SAI,CACHED_SELECTED_LAP_STREAM,608,12,NEW_DOWNLOAD_EXPECTED,SUCCESS,,,TRUE,23505,18794,1.550793888888889,1.550748611111111,416.711,5999.569,416.721,5999.416,0.23999999999978172,0.27999999999974534,0.3610000000007858,0,0.0,0.3000000000000682,0.3000000000001819,0.5,0,0.0,PASS,per-driver telemetry row
2018:German Grand Prix:Race,train,2018,German Grand Prix,Race,SIR,CACHED_SELECTED_LAP_STREAM,617,9,NEW_DOWNLOAD_EXPECTED,SUCCESS,,,TRUE,17680,14136,1.1664452777777776,1.1664086111111112,416.711,4615.914,416.721,4615.792,0.23999999999978172,0.27999999999974534,0.3610000000001037,0,0.0,0.2999999999999545,0.3000000000001819,0.5,0,0.0,PASS,per-driver telemetry row
2018:German Grand Prix:Race,train,2018,German Grand Prix,Race,STR,CACHED_SELECTED_LAP_STREAM,615,9,NEW_DOWNLOAD_EXPECTED,SUCCESS,,,TRUE,18761,15002,1.2378683333333333,1.2378819444444444,416.711,4873.037,416.721,4873.096,0.23999999999978172,0.27999999999974534,0.3610000000007858,0,0.0,0.2999999999999545,0.3000000000001819,0.5,0,0.0,PASS,per-driver telemetry row
2018:German Grand Prix:Race,train,2018,German Grand Prix,Race,VAN,CACHED_SELECTED_LAP_STREAM,612,12,NEW_DOWNLOAD_EXPECTED,SUCCESS,,,TRUE,23562,18840,1.5545827777777776,1.5545541666666667,416.711,6013.209,416.721,6013.116,0.23999999999978172,0.27999999999974534,0.3610000000007858,0,0.0,0.3000000000001819,0.3000000000001819,0.5,0,0.0,PASS,per-driver telemetry row
2018:German Grand Prix:Race,train,2018,German Grand Prix,Race,VER,CACHED_SELECTED_LAP_STREAM,597,12,NEW_DOWNLOAD_EXPECTED,SUCCESS,,,TRUE,23398,18709,1.5437605555555554,1.5437483333333335,416.711,5974.249,416.721,5974.215,0.23999999999978172,0.27999999999974534,0.3610000000007858,0,0.0,0.3000000000000682,0.3000000000001819,0.5,0,0.0,PASS,per-driver telemetry row
2018:German Grand Prix:Race,train,2018,German Grand Prix,Race,VET,CACHED_SELECTED_LAP_STREAM,595,9,NEW_DOWNLOAD_EXPECTED,SUCCESS,,,TRUE,17615,14084,1.1621455555555555,1.1621305555555557,416.711,4600.435,416.721,4600.391,0.23999999999978172,0.27999999999974534,0.3610000000001037,0,0.0,0.2999999999999545,0.3000000000001819,0.5,0,0.0,PASS,per-driver telemetry row
2018:Hungarian Grand Prix:Race,train,2018,Hungarian Grand Prix,Race,ALO,CACHED_SELECTED_LAP_STREAM,630,12,NEW_DOWNLOAD_EXPECTED,SUCCESS,,,TRUE,24729,19789,1.6327844444444444,1.6327772222222223,417.367,6295.391,417.401,6295.399,0.23999999999978172,0.27999999999974534,0.39900000000034197,0,0.0,0.3000000000001819,0.3000000000001819,0.3010000000003856,0,0.0,PASS,per-driver telemetry row
2018:Hungarian Grand Prix:Race,train,2018,Hungarian Grand Prix,Race,BOT,CACHED_SELECTED_LAP_STREAM,615,12,NEW_DOWNLOAD_EXPECTED,SUCCESS,,,TRUE,24763,19816,1.63504,1.6350272222222222,417.367,6303.511,417.401,6303.499,0.23999999999978172,0.27999999999974534,0.39900000000034197,0,0.0,0.3000000000001819,0.3000000000001819,0.3010000000003856,0,0.0,PASS,per-driver telemetry row
2018:Hungarian Grand Prix:Race,train,2018,Hungarian Grand Prix,Race,ERI,CACHED_SELECTED_LAP_STREAM,630,12,NEW_DOWNLOAD_EXPECTED,SUCCESS,,,TRUE,24727,19787,1.6326399999999999,1.6326108333333333,417.367,6294.871,417.401,6294.8,0.23999999999978172,0.27999999999974534,0.39900000000034197,0,0.0,0.3000000000001819,0.3000000000001819,0.3010000000003856,0,0.0,PASS,per-driver telemetry row
2018:Hungarian Grand Prix:Race,train,2018,Hungarian Grand Prix,Race,GAS,CACHED_SELECTED_LAP_STREAM,618,12,NEW_DOWNLOAD_EXPECTED,SUCCESS,,,TRUE,24861,19895,1.6415063888888888,1.6415275,417.367,6326.79,417.401,6326.9,0.23999999999978172,0.27999999999974534,0.39900000000034197,0,0.0,0.3000000000001819,0.3000000000001819,0.3010000000003856,0,0.0,PASS,per-driver telemetry row
2018:Hungarian Grand Prix:Race,train,2018,Hungarian Grand Prix,Race,GRO,CACHED_SELECTED_LAP_STREAM,626,12,NEW_DOWNLOAD_EXPECTED,SUCCESS,,,TRUE,24783,19832,1.63634,1.6363330555555555,417.367,6308.191,417.401,6308.2,0.23999999999978172,0.27999999999974534,0.39900000000034197,0,0.0,0.3000000000001819,0.3000000000001819,0.3010000000003856,0,0.0,PASS,per-driver telemetry row
2018:Hungarian Grand Prix:Race,train,2018,Hungarian Grand Prix,Race,HAM,CACHED_SELECTED_LAP_STREAM,613,12,NEW_DOWNLOAD_EXPECTED,SUCCESS,,,TRUE,24555,19648,1.6211841666666666,1.6211383333333333,417.367,6253.63,417.401,6253.499,0.23999999999978172,0.27999999999974534,0.39900000000034197,0,0.0,0.3000000000001819,0.3000000000001819,0.3010000000003856,0,0.0,PASS,per-driver telemetry row
2018:Hungarian Grand Prix:Race,train,2018,Hungarian Grand Prix,Race,HAR,CACHED_SELECTED_LAP_STREAM,629,12,NEW_DOWNLOAD_EXPECTED,SUCCESS,,,TRUE,24789,19836,1.636728888888889,1.6366663888888888,417.367,6309.591,417.401,6309.4,0.23999999999978172,0.27999999999974534,0.39900000000034197,0,0.0,0.3000000000001819,0.3000000000001819,0.3010000000003856,0,0.0,PASS,per-driver telemetry row
2018:Hungarian Grand Prix:Race,train,2018,Hungarian Grand Prix,Race,HUL,CACHED_SELECTED_LAP_STREAM,628,12,NEW_DOWNLOAD_EXPECTED,SUCCESS,,,TRUE,24815,19857,1.63844,1.6383886111111112,417.367,6315.751,417.401,6315.6,0.23999999999978172,0.27999999999974534,0.39900000000034197,0,0.0,0.3000000000001819,0.3000000000001819,0.3010000000003856,0,0.0,PASS,per-driver telemetry row
2018:Hungarian Grand Prix:Race,train,2018,Hungarian Grand Prix,Race,LEC,CACHED_SELECTED_LAP_STREAM,660,1,NEW_DOWNLOAD_EXPECTED,SUCCESS,,,TRUE,366,292,0.024055833333333332,0.024028333333333336,417.367,503.968,417.401,503.903,0.2400000000000091,0.2799999999999727,0.32000000000005,0,0.0,0.30000000000001137,0.30000000000001137,0.3009999999999877,0,0.0,PASS,per-driver telemetry row
2018:Hungarian Grand Prix:Race,train,2018,Hungarian Grand Prix,Race,MAG,CACHED_SELECTED_LAP_STREAM,622,12,NEW_DOWNLOAD_EXPECTED,SUCCESS,,,TRUE,24575,19665,1.622528611111111,1.6225550000000002,417.367,6258.47,417.401,6258.599,0.23999999999978172,0.27999999999974534,0.39900000000034197,0,0.0,0.3000000000001819,0.3000000000001819,0.3010000000003856,0,0.0,PASS,per-driver telemetry row
2018:Hungarian Grand Prix:Race,train,2018,Hungarian Grand Prix,Race,OCO,CACHED_SELECTED_LAP_STREAM,631,12,NEW_DOWNLOAD_EXPECTED,SUCCESS,,,TRUE,24851,19886,1.6408288888888887,1.640805277777778,417.367,6324.351,417.401,6324.3,0.23999999999978172,0.27999999999974534,0.39900000000034197,0,0.0,0.3000000000001819,0.3000000000001819,0.3010000000003856,0,0.0,PASS,per-driver telemetry row
2018:Hungarian Grand Prix:Race,train,2018,Hungarian Grand Prix,Race,PER,CACHED_SELECTED_LAP_STREAM,633,12,NEW_DOWNLOAD_EXPECTED,SUCCESS,,,TRUE,24891,19919,1.6434952777777776,1.6435275000000003,417.367,6333.95,417.401,6334.1,0.23999999999978172,0.27999999999974534,0.39900000000034197,0,0.0,0.3000000000001819,0.3000000000001819,0.3010000000003856,0,0.0,PASS,per-driver telemetry row
2018:Hungarian Grand Prix:Race,train,2018,Hungarian Grand Prix,Race,RAI,CACHED_SELECTED_LAP_STREAM,615,12,NEW_DOWNLOAD_EXPECTED,SUCCESS,,,TRUE,24639,19716,1.6267730555555555,1.6267494444444444,417.367,6273.75,417.401,6273.699,0.23999999999978172,0.27999999999974534,0.39900000000034197,0,0.0,0.3000000000001819,0.3000000000001819,0.3010000000003856,0,0.0,PASS,per-driver telemetry row
2018:Hungarian Grand Prix:Race,train,2018,Hungarian Grand Prix,Race,RIC,CACHED_SELECTED_LAP_STREAM,627,12,NEW_DOWNLOAD_EXPECTED,SUCCESS,,,TRUE,24748,19804,1.634062222222222,1.6340275,417.367,6299.991,417.401,6299.9,0.23999999999978172,0.27999999999974534,0.39900000000034197,0,0.0,0.3000000000001819,0.3000000000001819,0.3010000000003856,0,0.0,PASS,per-driver telemetry row
2018:Hungarian Grand Prix:Race,train,2018,Hungarian Grand Prix,Race,SAI,CACHED_SELECTED_LAP_STREAM,629,12,NEW_DOWNLOAD_EXPECTED,SUCCESS,,,TRUE,24781,19830,1.6362174999999999,1.636166388888889,417.367,6307.75,417.401,6307.6,0.23999999999978172,0.27999999999974534,0.39900000000034197,0,0.0,0.3000000000001819,0.3000000000001819,0.3010000000003856,0,0.0,PASS,per-driver telemetry row
2018:Hungarian Grand Prix:Race,train,2018,Hungarian Grand Prix,Race,SIR,CACHED_SELECTED_LAP_STREAM,635,12,NEW_DOWNLOAD_EXPECTED,SUCCESS,,,TRUE,24767,19819,1.6352955555555553,1.6352772222222223,417.367,6304.431,417.401,6304.399,0.23999999999978172,0.27999999999974534,0.39900000000034197,0,0.0,0.3000000000001819,0.3000000000001819,0.3010000000003856,0,0.0,PASS,per-driver telemetry row
2018:Hungarian Grand Prix:Race,train,2018,Hungarian Grand Prix,Race,STR,CACHED_SELECTED_LAP_STREAM,635,12,NEW_DOWNLOAD_EXPECTED,SUCCESS,,,TRUE,24770,19822,1.6354955555555555,1.6354997222222223,417.367,6305.151,417.401,6305.2,0.23999999999978172,0.27999999999974534,0.39900000000034197,0,0.0,0.3000000000001819,0.3000000000001819,0.3010000000003856,0,0.0,PASS,per-driver telemetry row
2018:Hungarian Grand Prix:Race,train,2018,Hungarian Grand Prix,Race,VAN,CACHED_SELECTED_LAP_STREAM,650,9,NEW_DOWNLOAD_EXPECTED,SUCCESS,,,TRUE,18282,14624,1.2065575,1.2066036111111111,417.367,4760.974,417.401,4761.174,0.23999999999978172,0.27999999999974534,0.39900000000034197,0,0.0,0.2999999999999545,0.3000000000001819,0.3010000000003856,0,0.0,PASS,per-driver telemetry row
2018:Hungarian Grand Prix:Race,train,2018,Hungarian Grand Prix,Race,VER,CACHED_SELECTED_LAP_STREAM,643,2,NEW_DOWNLOAD_EXPECTED,SUCCESS,,,TRUE,2434,1946,0.16049055555555558,0.16050277777777777,417.367,995.133,417.401,995.211,0.2400000000000091,0.2799999999999727,0.36000000000001364,0,0.0,0.2999999999999545,0.3000000000000682,0.30100000000004457,0,0.0,PASS,per-driver telemetry row
2018:Hungarian Grand Prix:Race,train,2018,Hungarian Grand Prix,Race,VET,CACHED_SELECTED_LAP_STREAM,614,12,NEW_DOWNLOAD_EXPECTED,SUCCESS,,,TRUE,24626,19706,1.625906388888889,1.6259438888888889,417.367,6270.63,417.401,6270.799,0.23999999999978172,0.27999999999974534,0.39900000000034197,0,0.0,0.3000000000001819,0.3000000000001819,0.3010000000003856,0,0.0,PASS,per-driver telemetry row
2018:Japanese Grand Prix:Race,train,2018,Japanese Grand Prix,Race,ALO,CACHED_SELECTED_LAP_STREAM,748,9,NEW_DOWNLOAD_EXPECTED,SUCCESS,,,TRUE,21686,17781,1.4669383333333335,1.4669972222222223,1112.003,6392.981,1111.879,6393.069,0.23999999999978172,0.2799999999999727,0.44000000000005457,0,0.0,0.3000000000001819,0.3000000000001819,0.40000000000009095,0,0.0,PASS,per-driver telemetry row
2018:Japanese Grand Prix:Race,train,2018,Japanese Grand Prix,Race,BOT,CACHED_SELECTED_LAP_STREAM,711,9,NEW_DOWNLOAD_EXPECTED,SUCCESS,,,TRUE,21558,17676,1.4582825,1.458330277777778,1112.003,6361.82,1111.879,6361.868,0.23999999999978172,0.2799999999999727,0.44000000000005457,0,0.0,0.3000000000001819,0.3000000000001819,0.40000000000009095,0,0.0,PASS,per-driver telemetry row
2018:Japanese Grand Prix:Race,train,2018,Japanese Grand Prix,Race,ERI,CACHED_SELECTED_LAP_STREAM,739,9,NEW_DOWNLOAD_EXPECTED,SUCCESS,,,TRUE,21683,17778,1.4667383333333335,1.4667472222222222,1112.003,6392.261,1111.879,6392.169,0.23999999999978172,0.2799999999999727,0.44000000000005457,0,0.0,0.3000000000001819,0.3000000000001819,0.40000000000009095,0,0.0,PASS,per-driver telemetry row
2018:Japanese Grand Prix:Race,train,2018,Japanese Grand Prix,Race,GAS,CACHED_SELECTED_LAP_STREAM,724,9,NEW_DOWNLOAD_EXPECTED,SUCCESS,,,TRUE,21595,17706,1.460793888888889,1.460802777777778,1112.003,6370.861,1111.879,6370.769,0.23999999999978172,0.2799999999999727,0.44000000000005457,0,0.0,0.3000000000001819,0.3000000000001819,0.40000000000009095,0,0.0,PASS,per-driver telemetry row
2018:Japanese Grand Prix:Race,train,2018,Japanese Grand Prix,Race,GRO,CACHED_SELECTED_LAP_STREAM,724,9,NEW_DOWNLOAD_EXPECTED,SUCCESS,,,TRUE,21864,17926,1.4789719444444445,1.4789419444444445,1112.003,6436.302,1111.879,6436.07,0.23999999999978172,0.2799999999999727,0.44000000000005457,0,0.0,0.3000000000001819,0.3000000000001819,0.40000000000009095,0,0.0,PASS,per-driver telemetry row
2018:Japanese Grand Prix:Race,train,2018,Japanese Grand Prix,Race,HAM,CACHED_SELECTED_LAP_STREAM,706,9,NEW_DOWNLOAD_EXPECTED,SUCCESS,,,TRUE,21506,17632,1.4547491666666668,1.4547191666666668,1112.003,6349.1,1111.879,6348.868,0.23999999999978172,0.2799999999999727,0.44000000000005457,0,0.0,0.3000000000001819,0.3000000000001819,0.40000000000009095,0,0.0,PASS,per-driver telemetry row
2018:Japanese Grand Prix:Race,train,2018,Japanese Grand Prix,Race,HAR,CACHED_SELECTED_LAP_STREAM,736,9,NEW_DOWNLOAD_EXPECTED,SUCCESS,,,TRUE,21685,17780,1.4668716666666668,1.466913888888889,1112.003,6392.741,1111.879,6392.769,0.23999999999978172,0.2799999999999727,0.44000000000005457,0,0.0,0.3000000000001819,0.3000000000001819,0.40000000000009095,0,0.0,PASS,per-driver telemetry row
2018:Japanese Grand Prix:Race,train,2018,Japanese Grand Prix,Race,HUL,CACHED_SELECTED_LAP_STREAM,1007,7,NEW_DOWNLOAD_EXPECTED,SUCCESS,,,TRUE,15711,12881,1.0626116666666667,1.0626847222222222,1112.003,4937.405,1111.879,4937.544,0.2400000000000091,0.2799999999999727,0.44000000000005457,0,0.0,0.3000000000001819,0.3000000000001819,0.40000000000009095,0,0.0,PASS,per-driver telemetry row
2018:Japanese Grand Prix:Race,train,2018,Japanese Grand Prix,Race,LEC,CACHED_SELECTED_LAP_STREAM,979,7,NEW_DOWNLOAD_EXPECTED,SUCCESS,,,TRUE,16704,13695,1.129756666666667,1.1298525,1112.003,5179.127,1111.879,5179.348,0.2400000000000091,0.2799999999999727,0.44000000000005457,0,0.0,0.3000000000001819,0.3000000000001819,0.40000000000009095,0,0.0,PASS,per-driver telemetry row
2018:Japanese Grand Prix:Race,train,2018,Japanese Grand Prix,Race,MAG,CACHED_SELECTED_LAP_STREAM,1154,2,NEW_DOWNLOAD_EXPECTED,SUCCESS,,,TRUE,4162,3417,0.2818141666666667,0.28186583333333337,1112.003,2126.534,1111.879,2126.596,0.2400000000000091,0.2799999999999727,0.44000000000005457,0,0.0,0.2999999999999545,0.3000000000001819,0.3010000000003856,0,0.0,PASS,per-driver telemetry row
2018:Japanese Grand Prix:Race,train,2018,Japanese Grand Prix,Race,OCO,CACHED_SELECTED_LAP_STREAM,733,9,NEW_DOWNLOAD_EXPECTED,SUCCESS,,,TRUE,21867,17929,1.4791719444444444,1.4791919444444446,1112.003,6437.022,1111.879,6436.97,0.23999999999978172,0.2799999999999727,0.44000000000005457,0,0.0,0.3000000000001819,0.3000000000001819,0.40000000000009095,0,0.0,PASS,per-driver telemetry row
2018:Japanese Grand Prix:Race,train,2018,Japanese Grand Prix,Race,PER,CACHED_SELECTED_LAP_STREAM,727,9,NEW_DOWNLOAD_EXPECTED,SUCCESS,,,TRUE,21832,17900,1.476782777777778,1.4768305555555556,1112.003,6428.421,1111.879,6428.469,0.23999999999978172,0.2799999999999727,0.44000000000005457,0,0.0,0.3000000000001819,0.3000000000001819,0.40000000000009095,0,0.0,PASS,per-driver telemetry row
2018:Japanese Grand Prix:Race,train,2018,Japanese Grand Prix,Race,RAI,CACHED_SELECTED_LAP_STREAM,721,9,NEW_DOWNLOAD_EXPECTED,SUCCESS,,,TRUE,21715,17804,1.4688827777777778,1.4688861111111111,1112.003,6399.981,1111.879,6399.869,0.23999999999978172,0.2799999999999727,0.44000000000005457,0,0.0,0.3000000000001819,0.3000000000001819,0.40000000000009095,0,0.0,PASS,per-driver telemetry row
2018:Japanese Grand Prix:Race,train,2018,Japanese Grand Prix,Race,RIC,CACHED_SELECTED_LAP_STREAM,722,9,NEW_DOWNLOAD_EXPECTED,SUCCESS,,,TRUE,21585,17698,1.4600936111111111,1.4601636111111111,1112.003,6368.34,1111.879,6368.468,0.23999999999978172,0.2799999999999727,0.44000000000005457,0,0.0,0.3000000000001819,0.3000000000001819,0.40000000000009095,0,0.0,PASS,per-driver telemetry row
2018:Japanese Grand Prix:Race,train,2018,Japanese Grand Prix,Race,SAI,CACHED_SELECTED_LAP_STREAM,732,9,NEW_DOWNLOAD_EXPECTED,SUCCESS,,,TRUE,21542,17663,1.457205,1.4572472222222224,1112.003,6357.941,1111.879,6357.969,0.23999999999978172,0.2799999999999727,0.44000000000005457,0,0.0,0.3000000000001819,0.3000000000001819,0.40000000000009095,0,0.0,PASS,per-driver telemetry row
2018:Japanese Grand Prix:Race,train,2018,Japanese Grand Prix,Race,SIR,CACHED_SELECTED_LAP_STREAM,740,9,NEW_DOWNLOAD_EXPECTED,SUCCESS,,,TRUE,21700,17792,1.467871666666667,1.4678861111111112,1112.003,6396.341,1111.879,6396.269,0.23999999999978172,0.2799999999999727,0.44000000000005457,0,0.0,0.3000000000001819,0.3000000000001819,0.40000000000009095,0,0.0,PASS,per-driver telemetry row
2018:Japanese Grand Prix:Race,train,2018,Japanese Grand Prix,Race,STR,CACHED_SELECTED_LAP_STREAM,745,9,NEW_DOWNLOAD_EXPECTED,SUCCESS,,,TRUE,21719,17808,1.4691494444444444,1.4692194444444446,1112.003,6400.941,1111.879,6401.069,0.23999999999978172,0.2799999999999727,0.44000000000005457,0,0.0,0.3000000000001819,0.3000000000001819,0.40000000000009095,0,0.0,PASS,per-driver telemetry row
2018:Japanese Grand Prix:Race,train,2018,Japanese Grand Prix,Race,VAN,CACHED_SELECTED_LAP_STREAM,749,9,NEW_DOWNLOAD_EXPECTED,SUCCESS,,,TRUE,21690,17784,1.467205,1.4672472222222224,1112.003,6393.941,1111.879,6393.969,0.23999999999978172,0.2799999999999727,0.44000000000005457,0,0.0,0.3000000000001819,0.3000000000001819,0.40000000000009095,0,0.0,PASS,per-driver telemetry row
2018:Japanese Grand Prix:Race,train,2018,Japanese Grand Prix,Race,VER,CACHED_SELECTED_LAP_STREAM,712,9,NEW_DOWNLOAD_EXPECTED,SUCCESS,,,TRUE,21564,17681,1.4586825,1.4587469444444445,1112.003,6363.26,1111.879,6363.368,0.23999999999978172,0.2799999999999727,0.44000000000005457,0,0.0,0.3000000000001819,0.3000000000001819,0.40000000000009095,0,0.0,PASS,per-driver telemetry row
2018:Japanese Grand Prix:Race,train,2018,Japanese Grand Prix,Race,VET,CACHED_SELECTED_LAP_STREAM,720,9,NEW_DOWNLOAD_EXPECTED,SUCCESS,,,TRUE,21793,17868,1.4741494444444445,1.4741638888888888,1112.003,6418.941,1111.879,6418.869,0.23999999999978172,0.2799999999999727,0.44000000000005457,0,0.0,0.3000000000001819,0.3000000000001819,0.40000000000009095,0,0.0,PASS,per-driver telemetry row
2018:Mexican Grand Prix:Race,train,2018,Mexican Grand Prix,Race,ALO,CACHED_SELECTED_LAP_STREAM,713,1,NEW_DOWNLOAD_EXPECTED,SUCCESS,,,TRUE,1703,1394,0.11501249999999996,0.11494611111111112,1978.707,2392.752,1978.755,2392.561,0.2400000000000091,0.2799999999999727,0.40000000000009095,0,0.0,0.3000000000001819,0.3000000000001819,0.3010000000003856,0,0.0,PASS,per-driver telemetry row
2018:Mexican Grand Prix:Race,train,2018,Mexican Grand Prix,Race,BOT,CACHED_SELECTED_LAP_STREAM,752,12,NEW_DOWNLOAD_EXPECTED,SUCCESS,,,TRUE,24335,19937,1.6448955555555556,1.6448047222222222,1978.707,7900.331,1978.755,7900.052,0.23999999999978172,0.27999999999974534,0.40099999999983993,0,0.0,0.3000000000001819,0.3000000000001819,0.5,0,0.0,PASS,per-driver telemetry row
2018:Mexican Grand Prix:Race,train,2018,Mexican Grand Prix,Race,ERI,CACHED_SELECTED_LAP_STREAM,649,12,NEW_DOWNLOAD_EXPECTED,SUCCESS,,,TRUE,24543,20107,1.658884722222222,1.6588602777777777,1978.707,7950.692,1978.755,7950.652,0.23999999999978172,0.27999999999974534,0.40099999999983993,0,0.0,0.3000000000001819,0.3000000000001819,0.5,0,0.0,PASS,per-driver telemetry row
2018:Mexican Grand Prix:Race,train,2018,Mexican Grand Prix,Race,GAS,CACHED_SELECTED_LAP_STREAM,626,12,NEW_DOWNLOAD_EXPECTED,SUCCESS,,,TRUE,24548,20111,1.6592180555555553,1.659166111111111,1978.707,7951.892,1978.755,7951.753,0.23999999999978172,0.27999999999974534,0.40099999999983993,0,0.0,0.3000000000001819,0.3000000000001819,0.5,0,0.0,PASS,per-driver telemetry row
2018:Mexican Grand Prix:Race,train,2018,Mexican Grand Prix,Race,GRO,CACHED_SELECTED_LAP_STREAM,639,12,NEW_DOWNLOAD_EXPECTED,SUCCESS,,,TRUE,24291,19902,1.641951111111111,1.6419158333333332,1978.707,7889.731,1978.755,7889.652,0.23999999999978172,0.27999999999974534,0.40099999999983993,0,0.0,0.3000000000001819,0.3000000000001819,0.5,0,0.0,PASS,per-driver telemetry row
2018:Mexican Grand Prix:Race,train,2018,Mexican Grand Prix,Race,HAM,CACHED_SELECTED_LAP_STREAM,738,12,NEW_DOWNLOAD_EXPECTED,SUCCESS,,,TRUE,24608,20160,1.6632288888888889,1.6632216666666666,1978.707,7966.331,1978.755,7966.353,0.23999999999978172,0.27999999999974534,0.40099999999983993,0,0.0,0.3000000000001819,0.3000000000001819,0.5,0,0.0,PASS,per-driver telemetry row
2018:Mexican Grand Prix:Race,train,2018,Mexican Grand Prix,Race,HAR,CACHED_SELECTED_LAP_STREAM,634,12,NEW_DOWNLOAD_EXPECTED,SUCCESS,,,TRUE,24574,20133,1.6609625,1.6609716666666665,1978.707,7958.172,1978.755,7958.253,0.23999999999978172,0.27999999999974534,0.40099999999983993,0,0.0,0.3000000000001819,0.3000000000001819,0.5,0,0.0,PASS,per-driver telemetry row
2018:Mexican Grand Prix:Race,train,2018,Mexican Grand Prix,Race,HUL,MISSING_FROM_SUPPLIED_ARCHIVE,0,,NEW_DOWNLOAD_EXPECTED,SUCCESS,,,TRUE,24365,19962,1.6469066666666665,1.6468880555555554,1978.707,7907.571,1978.755,7907.552,0.23999999999978172,0.27999999999974534,0.40099999999983993,0,0.0,0.3000000000001819,0.3000000000001819,0.5,0,0.0,PASS,per-driver telemetry row
2018:Mexican Grand Prix:Race,train,2018,Mexican Grand Prix,Race,LEC,MISSING_FROM_SUPPLIED_ARCHIVE,0,,NEW_DOWNLOAD_EXPECTED,SUCCESS,,,TRUE,24413,20001,1.65014,1.6500827777777778,1978.707,7919.211,1978.755,7919.053,0.23999999999978172,0.27999999999974534,0.40099999999983993,0,0.0,0.3000000000001819,0.3000000000001819,0.5,0,0.0,PASS,per-driver telemetry row
2018:Mexican Grand Prix:Race,train,2018,Mexican Grand Prix,Race,MAG,MISSING_FROM_SUPPLIED_ARCHIVE,0,,NEW_DOWNLOAD_EXPECTED,SUCCESS,,,TRUE,24625,20174,1.6643958333333333,1.6643883333333334,1978.707,7970.532,1978.755,7970.553,0.23999999999978172,0.27999999999974534,0.40099999999983993,0,0.0,0.3000000000001819,0.3000000000001819,0.5,0,0.0,PASS,per-driver telemetry row
2018:Mexican Grand Prix:Race,train,2018,Mexican Grand Prix,Race,OCO,MISSING_FROM_SUPPLIED_ARCHIVE,0,,NEW_DOWNLOAD_EXPECTED,SUCCESS,,,TRUE,24567,20126,1.6604958333333333,1.660416111111111,1978.707,7956.492,1978.755,7956.253,0.23999999999978172,0.27999999999974534,0.40099999999983993,0,0.0,0.3000000000001819,0.3000000000001819,0.5,0,0.0,PASS,per-driver telemetry row
2018:Mexican Grand Prix:Race,train,2018,Mexican Grand Prix,Race,PER,MISSING_FROM_SUPPLIED_ARCHIVE,0,,NEW_DOWNLOAD_EXPECTED,SUCCESS,,,TRUE,13681,11208,0.9247424999999998,0.9247111111111112,1978.707,5307.78,1978.755,5307.715,0.23999999999978172,0.27999999999974534,0.40000000000009095,0,0.0,0.3000000000001819,0.3000000000001819,0.5,0,0.0,PASS,per-driver telemetry row
2018:Mexican Grand Prix:Race,train,2018,Mexican Grand Prix,Race,RAI,MISSING_FROM_SUPPLIED_ARCHIVE,0,,NEW_DOWNLOAD_EXPECTED,SUCCESS,,,TRUE,24489,20063,1.6552402777777777,1.6552213888888887,1978.707,7937.572,1978.755,7937.552,0.23999999999978172,0.27999999999974534,0.40099999999983993,0,0.0,0.3000000000001819,0.3000000000001819,0.5,0,0.0,PASS,per-driver telemetry row
2018:Mexican Grand Prix:Race,train,2018,Mexican Grand Prix,Race,RIC,MISSING_FROM_SUPPLIED_ARCHIVE,0,,NEW_DOWNLOAD_EXPECTED,SUCCESS,,,TRUE,21465,17584,1.4508044444444443,1.450746388888889,1978.707,7201.603,1978.755,7201.442,0.23999999999978172,0.27999999999974534,0.40099999999983993,0,0.0,0.3000000000001819,0.3000000000001819,0.5,0,0.0,PASS,per-driver telemetry row
2018:Mexican Grand Prix:Race,train,2018,Mexican Grand Prix,Race,SAI,MISSING_FROM_SUPPLIED_ARCHIVE,0,,NEW_DOWNLOAD_EXPECTED,SUCCESS,,,TRUE,10479,8583,0.7081519444444444,0.7081522222222222,1978.707,4528.054,1978.755,4528.103,0.23999999999978172,0.2800000000002001,0.40000000000009095,0,0.0,0.3000000000001819,0.3000000000001819,0.5,0,0.0,PASS,per-driver telemetry row
2018:Mexican Grand Prix:Race,train,2018,Mexican Grand Prix,Race,SIR,MISSING_FROM_SUPPLIED_ARCHIVE,0,,NEW_DOWNLOAD_EXPECTED,SUCCESS,,,TRUE,24583,20140,1.6615733333333333,1.661555,1978.707,7960.371,1978.755,7960.353,0.23999999999978172,0.27999999999974534,0.40099999999983993,0,0.0,0.3000000000001819,0.3000000000001819,0.5,0,0.0,PASS,per-driver telemetry row
2018:Mexican Grand Prix:Race,train,2018,Mexican Grand Prix,Race,STR,MISSING_FROM_SUPPLIED_ARCHIVE,0,,NEW_DOWNLOAD_EXPECTED,SUCCESS,,,TRUE,24580,20137,1.6613733333333331,1.661305,1978.707,7959.651,1978.755,7959.453,0.23999999999978172,0.27999999999974534,0.40099999999983993,0,0.0,0.3000000000001819,0.3000000000001819,0.5,0,0.0,PASS,per-driver telemetry row
2018:Mexican Grand Prix:Race,train,2018,Mexican Grand Prix,Race,VAN,MISSING_FROM_SUPPLIED_ARCHIVE,0,,NEW_DOWNLOAD_EXPECTED,SUCCESS,,,TRUE,24499,20071,1.6559066666666664,1.6558605555555554,1978.707,7939.971,1978.755,7939.853,0.23999999999978172,0.27999999999974534,0.40099999999983993,0,0.0,0.3000000000001819,0.3000000000001819,0.5,0,0.0,PASS,per-driver telemetry row
2018:Mexican Grand Prix:Race,train,2018,Mexican Grand Prix,Race,VER,MISSING_FROM_SUPPLIED_ARCHIVE,0,,NEW_DOWNLOAD_EXPECTED,SUCCESS,,,TRUE,24282,19895,1.6413399999999998,1.6413324999999999,1978.707,7887.531,1978.755,7887.552,0.23999999999978172,0.27999999999974534,0.40099999999983993,0,0.0,0.3000000000001819,0.3000000000001819,0.5,0,0.0,PASS,per-driver telemetry row
2018:Mexican Grand Prix:Race,train,2018,Mexican Grand Prix,Race,VET,MISSING_FROM_SUPPLIED_ARCHIVE,0,,NEW_DOWNLOAD_EXPECTED,SUCCESS,,,TRUE,24354,19953,1.646162222222222,1.6461380555555556,1978.707,7904.891,1978.755,7904.852,0.23999999999978172,0.27999999999974534,0.40099999999983993,0,0.0,0.3000000000001819,0.3000000000001819,0.5,0,0.0,PASS,per-driver telemetry row
2019:Abu Dhabi Grand Prix:Race,train,2019,Abu Dhabi Grand Prix,Race,ALB,CACHED_SELECTED_LAP_STREAM,791,10,NEW_DOWNLOAD_EXPECTED,SUCCESS,,,TRUE,23865,19241,1.58745,1.587443611111111,2011.288,7726.108,2011.487,7726.284,0.23999999999978172,0.27999999999974534,0.4410000000002583,0,0.0,0.3000000000001819,0.3000000000001819,0.3010000000003856,0,0.0,PASS,per-driver telemetry row
2019:Abu Dhabi Grand Prix:Race,train,2019,Abu Dhabi Grand Prix,Race,BOT,CACHED_SELECTED_LAP_STREAM,797,10,NEW_DOWNLOAD_EXPECTED,SUCCESS,,,TRUE,23761,19157,1.580572222222222,1.5805266666666666,2011.288,7701.348,2011.487,7701.383,0.23999999999978172,0.27999999999974534,0.4410000000002583,0,0.0,0.3000000000001819,0.3000000000001819,0.3010000000003856,0,0.0,PASS,per-driver telemetry row
2019:Abu Dhabi Grand Prix:Race,train,2019,Abu Dhabi Grand Prix,Race,GAS,CACHED_SELECTED_LAP_STREAM,797,9,NEW_DOWNLOAD_EXPECTED,SUCCESS,,,TRUE,23623,19046,1.5713500000000002,1.5713599999999999,2011.288,7668.148,2011.487,7668.383,0.23999999999978172,0.27999999999974534,0.4410000000002583,0,0.0,0.3000000000001819,0.3000000000001819,0.3010000000003856,0,0.0,PASS,per-driver telemetry row
2019:Abu Dhabi Grand Prix:Race,train,2019,Abu Dhabi Grand Prix,Race,GIO,CACHED_SELECTED_LAP_STREAM,795,10,NEW_DOWNLOAD_EXPECTED,SUCCESS,,,TRUE,23940,19300,1.5923724999999997,1.5923047222222222,2011.288,7743.829,2011.487,7743.784,0.23999999999978172,0.27999999999974534,0.4410000000002583,0,0.0,0.3000000000001819,0.3000000000001819,0.3010000000003856,0,0.0,PASS,per-driver telemetry row
2019:Abu Dhabi Grand Prix:Race,train,2019,Abu Dhabi Grand Prix,Race,GRO,CACHED_SELECTED_LAP_STREAM,805,10,NEW_DOWNLOAD_EXPECTED,SUCCESS,,,TRUE,23889,19259,1.5890169444444442,1.588943611111111,2011.288,7731.749,2011.487,7731.684,0.23999999999978172,0.27999999999974534,0.4410000000002583,0,0.0,0.3000000000001819,0.3000000000001819,0.3010000000003856,0,0.0,PASS,per-driver telemetry row
2019:Abu Dhabi Grand Prix:Race,train,2019,Abu Dhabi Grand Prix,Race,HAM,CACHED_SELECTED_LAP_STREAM,779,10,NEW_DOWNLOAD_EXPECTED,SUCCESS,,,TRUE,23576,19007,1.5682497222222225,1.5681652777777777,2011.288,7656.987,2011.487,7656.882,0.23999999999978172,0.27999999999974534,0.4410000000002583,0,0.0,0.3000000000001819,0.3000000000001819,0.3010000000003856,0,0.0,PASS,per-driver telemetry row
2019:Abu Dhabi Grand Prix:Race,train,2019,Abu Dhabi Grand Prix,Race,HUL,CACHED_SELECTED_LAP_STREAM,798,10,NEW_DOWNLOAD_EXPECTED,SUCCESS,,,TRUE,23715,19120,1.5774947222222222,1.577471111111111,2011.288,7690.269,2011.487,7690.383,0.23999999999978172,0.27999999999974534,0.4410000000002583,0,0.0,0.3000000000001819,0.3000000000001819,0.3010000000003856,0,0.0,PASS,per-driver telemetry row
2019:Abu Dhabi Grand Prix:Race,train,2019,Abu Dhabi Grand Prix,Race,KUB,CACHED_SELECTED_LAP_STREAM,806,9,NEW_DOWNLOAD_EXPECTED,SUCCESS,,,TRUE,23675,19087,1.574838888888889,1.5747488888888888,2011.288,7680.708,2011.487,7680.583,0.23999999999978172,0.27999999999974534,0.4410000000002583,0,0.0,0.3000000000001819,0.3000000000001819,0.3010000000003856,0,0.0,PASS,per-driver telemetry row
2019:Abu Dhabi Grand Prix:Race,train,2019,Abu Dhabi Grand Prix,Race,KVY,CACHED_SELECTED_LAP_STREAM,800,10,NEW_DOWNLOAD_EXPECTED,SUCCESS,,,TRUE,23691,19100,1.5758719444444442,1.5758044444444443,2011.288,7684.427,2011.487,7684.383,0.23999999999978172,0.27999999999974534,0.4410000000002583,0,0.0,0.3000000000001819,0.3000000000001819,0.3010000000003856,0,0.0,PASS,per-driver telemetry row
2019:Abu Dhabi Grand Prix:Race,train,2019,Abu Dhabi Grand Prix,Race,LEC,CACHED_SELECTED_LAP_STREAM,783,10,NEW_DOWNLOAD_EXPECTED,SUCCESS,,,TRUE,23757,19154,1.5803055555555556,1.5802766666666668,2011.288,7700.388,2011.487,7700.483,0.23999999999978172,0.27999999999974534,0.4410000000002583,0,0.0,0.3000000000001819,0.3000000000001819,0.3010000000003856,0,0.0,PASS,per-driver telemetry row
2019:Abu Dhabi Grand Prix:Race,train,2019,Abu Dhabi Grand Prix,Race,MAG,CACHED_SELECTED_LAP_STREAM,802,10,NEW_DOWNLOAD_EXPECTED,SUCCESS,,,TRUE,23809,19195,1.5837611111111114,1.5836655555555554,2011.288,7712.828,2011.487,7712.683,0.23999999999978172,0.27999999999974534,0.4410000000002583,0,0.0,0.3000000000001819,0.3000000000001819,0.3010000000003856,0,0.0,PASS,per-driver telemetry row
2019:Abu Dhabi Grand Prix:Race,train,2019,Abu Dhabi Grand Prix,Race,NOR,CACHED_SELECTED_LAP_STREAM,790,10,NEW_DOWNLOAD_EXPECTED,SUCCESS,,,TRUE,23686,19096,1.5755499999999998,1.5754986111111111,2011.288,7683.268,2011.487,7683.282,0.23999999999978172,0.27999999999974534,0.4410000000002583,0,0.0,0.3000000000001819,0.3000000000001819,0.3010000000003856,0,0.0,PASS,per-driver telemetry row
2019:Abu Dhabi Grand Prix:Race,train,2019,Abu Dhabi Grand Prix,Race,PER,CACHED_SELECTED_LAP_STREAM,794,10,NEW_DOWNLOAD_EXPECTED,SUCCESS,,,TRUE,23680,19091,1.575161111111111,1.5750822222222223,2011.288,7681.868,2011.487,7681.783,0.23999999999978172,0.27999999999974534,0.4410000000002583,0,0.0,0.3000000000001819,0.3000000000001819,0.3010000000003856,0,0.0,PASS,per-driver telemetry row
2019:Abu Dhabi Grand Prix:Race,train,2019,Abu Dhabi Grand Prix,Race,RAI,CACHED_SELECTED_LAP_STREAM,802,10,NEW_DOWNLOAD_EXPECTED,SUCCESS,,,TRUE,23746,19145,1.5795833333333333,1.5795269444444444,2011.288,7697.788,2011.487,7697.784,0.23999999999978172,0.27999999999974534,0.4410000000002583,0,0.0,0.3000000000001819,0.3000000000001819,0.3010000000003856,0,0.0,PASS,per-driver telemetry row
2019:Abu Dhabi Grand Prix:Race,train,2019,Abu Dhabi Grand Prix,Race,RIC,CACHED_SELECTED_LAP_STREAM,798,10,NEW_DOWNLOAD_EXPECTED,SUCCESS,,,TRUE,23710,19115,1.5771611111111112,1.5770544444444443,2011.288,7689.068,2011.487,7688.883,0.23999999999978172,0.27999999999974534,0.4410000000002583,0,0.0,0.3000000000001819,0.3000000000001819,0.3010000000003856,0,0.0,PASS,per-driver telemetry row
2019:Abu Dhabi Grand Prix:Race,train,2019,Abu Dhabi Grand Prix,Race,RUS,CACHED_SELECTED_LAP_STREAM,808,10,NEW_DOWNLOAD_EXPECTED,SUCCESS,,,TRUE,23986,19336,1.5954277777777781,1.595304722222222,2011.288,7754.828,2011.487,7754.584,0.23999999999978172,0.27999999999974534,0.4410000000002583,0,0.0,0.3000000000001819,0.3000000000001819,0.3010000000003856,0,0.0,PASS,per-driver telemetry row
2019:Abu Dhabi Grand Prix:Race,train,2019,Abu Dhabi Grand Prix,Race,SAI,CACHED_SELECTED_LAP_STREAM,799,10,NEW_DOWNLOAD_EXPECTED,SUCCESS,,,TRUE,23706,19112,1.5768833333333334,1.5768044444444445,2011.288,7688.068,2011.487,7687.983,0.23999999999978172,0.27999999999974534,0.4410000000002583,0,0.0,0.3000000000001819,0.3000000000001819,0.3010000000003856,0,0.0,PASS,per-driver telemetry row
2019:Abu Dhabi Grand Prix:Race,train,2019,Abu Dhabi Grand Prix,Race,STR,CACHED_SELECTED_LAP_STREAM,795,8,NEW_DOWNLOAD_EXPECTED,SUCCESS,,,TRUE,20104,16204,1.3368919444444443,1.336856111111111,2011.288,6824.099,2011.487,6824.169,0.23999999999978172,0.27999999999974534,0.4410000000002583,0,0.0,0.3000000000001819,0.3000000000001819,0.3010000000003856,0,0.0,PASS,per-driver telemetry row
2019:Abu Dhabi Grand Prix:Race,train,2019,Abu Dhabi Grand Prix,Race,VER,CACHED_SELECTED_LAP_STREAM,785,10,NEW_DOWNLOAD_EXPECTED,SUCCESS,,,TRUE,23646,19064,1.5729055555555553,1.5728600000000001,2011.288,7673.748,2011.487,7673.783,0.23999999999978172,0.27999999999974534,0.4410000000002583,0,0.0,0.3000000000001819,0.3000000000001819,0.3010000000003856,0,0.0,PASS,per-driver telemetry row
2019:Abu Dhabi Grand Prix:Race,train,2019,Abu Dhabi Grand Prix,Race,VET,CACHED_SELECTED_LAP_STREAM,788,10,NEW_DOWNLOAD_EXPECTED,SUCCESS,,,TRUE,23845,19224,1.58615,1.5860544444444444,2011.288,7721.428,2011.487,7721.283,0.23999999999978172,0.27999999999974534,0.4410000000002583,0,0.0,0.3000000000001819,0.3000000000001819,0.3010000000003856,0,0.0,PASS,per-driver telemetry row
2019:Australian Grand Prix:Race,train,2019,Australian Grand Prix,Race,ALB,CACHED_SELECTED_LAP_STREAM,695,10,NEW_DOWNLOAD_EXPECTED,SUCCESS,,,TRUE,21874,17427,1.4378930555555558,1.4378847222222222,2012.899,7189.314,2012.928,7189.313,0.23999999999978172,0.27899999999999636,0.40000000000009095,0,0.0,0.3000000000001819,0.3000000000001819,0.3999999999996362,0,0.0,PASS,per-driver telemetry row
2019:Australian Grand Prix:Race,train,2019,Australian Grand Prix,Race,BOT,CACHED_SELECTED_LAP_STREAM,681,10,NEW_DOWNLOAD_EXPECTED,SUCCESS,,,TRUE,21667,17261,1.4242150000000002,1.4241899999999998,2012.899,7140.073,2012.928,7140.012,0.23999999999978172,0.27899999999999636,0.40000000000009095,0,0.0,0.3000000000001819,0.3000000000001819,0.3999999999996362,0,0.0,PASS,per-driver telemetry row
2019:Australian Grand Prix:Race,train,2019,Australian Grand Prix,Race,GAS,CACHED_SELECTED_LAP_STREAM,697,10,NEW_DOWNLOAD_EXPECTED,SUCCESS,,,TRUE,21702,17289,1.4265036111111113,1.4264958333333333,2012.899,7148.312,2012.928,7148.313,0.23999999999978172,0.27899999999999636,0.40000000000009095,0,0.0,0.3000000000001819,0.3000000000001819,0.3999999999996362,0,0.0,PASS,per-driver telemetry row
2019:Australian Grand Prix:Race,train,2019,Australian Grand Prix,Race,GIO,CACHED_SELECTED_LAP_STREAM,695,10,NEW_DOWNLOAD_EXPECTED,SUCCESS,,,TRUE,21965,17499,1.4438597222222223,1.4438291666666667,2012.899,7210.794,2012.928,7210.713,0.23999999999978172,0.27899999999999636,0.40000000000009095,0,0.0,0.3000000000001819,0.3000000000001819,0.3999999999996362,0,0.0,PASS,per-driver telemetry row
2019:Australian Grand Prix:Race,train,2019,Australian Grand Prix,Race,GRO,CACHED_SELECTED_LAP_STREAM,689,6,NEW_DOWNLOAD_EXPECTED,SUCCESS,,,TRUE,11867,9460,0.7805080555555556,0.7805127777777779,2012.899,4822.728,2012.928,4822.774,0.23999999999978172,0.27999999999974534,0.40000000000009095,0,0.0,0.3000000000001819,0.3000000000001819,0.3999999999996362,0,0.0,PASS,per-driver telemetry row
2019:Australian Grand Prix:Race,train,2019,Australian Grand Prix,Race,HAM,CACHED_SELECTED_LAP_STREAM,683,10,NEW_DOWNLOAD_EXPECTED,SUCCESS,,,TRUE,21755,17332,1.4300483333333336,1.430051388888889,2012.899,7161.073,2012.928,7161.113,0.23999999999978172,0.27899999999999636,0.40000000000009095,0,0.0,0.3000000000001819,0.3000000000001819,0.3999999999996362,0,0.0,PASS,per-driver telemetry row
2019:Australian Grand Prix:Race,train,2019,Australian Grand Prix,Race,HUL,CACHED_SELECTED_LAP_STREAM,690,10,NEW_DOWNLOAD_EXPECTED,SUCCESS,,,TRUE,21690,17279,1.425715,1.4256900000000001,2012.899,7145.473,2012.928,7145.412,0.23999999999978172,0.27899999999999636,0.40000000000009095,0,0.0,0.3000000000001819,0.3000000000001819,0.3999999999996362,0,0.0,PASS,per-driver telemetry row
2019:Australian Grand Prix:Race,train,2019,Australian Grand Prix,Race,KUB,CACHED_SELECTED_LAP_STREAM,735,10,NEW_DOWNLOAD_EXPECTED,SUCCESS,,,TRUE,21886,17436,1.4386816666666669,1.4386347222222222,2012.899,7192.153,2012.928,7192.013,0.23999999999978172,0.27899999999999636,0.40000000000009095,0,0.0,0.3000000000001819,0.3000000000001819,0.3999999999996362,0,0.0,PASS,per-driver telemetry row
2019:Australian Grand Prix:Race,train,2019,Australian Grand Prix,Race,KVY,CACHED_SELECTED_LAP_STREAM,695,10,NEW_DOWNLOAD_EXPECTED,SUCCESS,,,TRUE,21701,17288,1.4264372222222226,1.4264125,2012.899,7148.073,2012.928,7148.013,0.23999999999978172,0.27899999999999636,0.40000000000009095,0,0.0,0.3000000000001819,0.3000000000001819,0.3999999999996362,0,0.0,PASS,per-driver telemetry row
2019:Australian Grand Prix:Race,train,2019,Australian Grand Prix,Race,LEC,CACHED_SELECTED_LAP_STREAM,686,10,NEW_DOWNLOAD_EXPECTED,SUCCESS,,,TRUE,21912,17457,1.4403927777777779,1.4403847222222224,2012.899,7198.313,2012.928,7198.313,0.23999999999978172,0.27899999999999636,0.40000000000009095,0,0.0,0.3000000000001819,0.3000000000001819,0.3999999999996362,0,0.0,PASS,per-driver telemetry row
2019:Australian Grand Prix:Race,train,2019,Australian Grand Prix,Race,MAG,CACHED_SELECTED_LAP_STREAM,694,10,NEW_DOWNLOAD_EXPECTED,SUCCESS,,,TRUE,22035,17555,1.4484594444444443,1.4484405555555557,2012.899,7227.353,2012.928,7227.314,0.23999999999978172,0.27899999999999636,0.40000000000009095,0,0.0,0.3000000000001819,0.3000000000001819,0.3999999999996362,0,0.0,PASS,per-driver telemetry row
2019:Australian Grand Prix:Race,train,2019,Australian Grand Prix,Race,NOR,CACHED_SELECTED_LAP_STREAM,692,10,NEW_DOWNLOAD_EXPECTED,SUCCESS,,,TRUE,21869,17423,1.4375705555555558,1.4375516666666666,2012.899,7188.153,2012.928,7188.114,0.23999999999978172,0.27899999999999636,0.40000000000009095,0,0.0,0.3000000000001819,0.3000000000001819,0.3999999999996362,0,0.0,PASS,per-driver telemetry row
2019:Australian Grand Prix:Race,train,2019,Australian Grand Prix,Race,PER,CACHED_SELECTED_LAP_STREAM,693,10,NEW_DOWNLOAD_EXPECTED,SUCCESS,,,TRUE,21871,17425,1.437703888888889,1.4377180555555555,2012.899,7188.633,2012.928,7188.713,0.23999999999978172,0.27899999999999636,0.40000000000009095,0,0.0,0.3000000000001819,0.3000000000001819,0.3999999999996362,0,0.0,PASS,per-driver telemetry row
2019:Australian Grand Prix:Race,train,2019,Australian Grand Prix,Race,RAI,CACHED_SELECTED_LAP_STREAM,695,10,NEW_DOWNLOAD_EXPECTED,SUCCESS,,,TRUE,21694,17283,1.4259816666666665,1.4260233333333334,2012.899,7146.433,2012.928,7146.612,0.23999999999978172,0.27899999999999636,0.40000000000009095,0,0.0,0.3000000000001819,0.3000000000001819,0.3999999999996362,0,0.0,PASS,per-driver telemetry row
2019:Australian Grand Prix:Race,train,2019,Australian Grand Prix,Race,RIC,CACHED_SELECTED_LAP_STREAM,693,5,NEW_DOWNLOAD_EXPECTED,SUCCESS,,,TRUE,11372,9065,0.7479300000000001,0.7479011111111112,2012.899,4705.447,2012.928,4705.372,0.23999999999978172,0.27999999999974534,0.40000000000009095,0,0.0,0.3000000000001819,0.3000000000001819,0.3999999999996362,0,0.0,PASS,per-driver telemetry row
2019:Australian Grand Prix:Race,train,2019,Australian Grand Prix,Race,RUS,CACHED_SELECTED_LAP_STREAM,704,10,NEW_DOWNLOAD_EXPECTED,SUCCESS,,,TRUE,21876,17429,1.4380374999999999,1.4380513888888888,2012.899,7189.834,2012.928,7189.913,0.23999999999978172,0.27899999999999636,0.40000000000009095,0,0.0,0.3000000000001819,0.3000000000001819,0.3999999999996362,0,0.0,PASS,per-driver telemetry row
2019:Australian Grand Prix:Race,train,2019,Australian Grand Prix,Race,SAI,CACHED_SELECTED_LAP_STREAM,702,2,NEW_DOWNLOAD_EXPECTED,SUCCESS,,,TRUE,4167,3316,0.2735586111111111,0.2735322222222221,2012.899,2997.71,2012.928,2997.644,0.23999999999978172,0.24099999999998545,0.3609999999998763,0,0.0,0.3000000000001819,0.3000000000001819,0.3010000000003856,0,0.0,PASS,per-driver telemetry row
2019:Australian Grand Prix:Race,train,2019,Australian Grand Prix,Race,STR,CACHED_SELECTED_LAP_STREAM,694,10,NEW_DOWNLOAD_EXPECTED,SUCCESS,,,TRUE,21698,17286,1.4262483333333336,1.4262458333333332,2012.899,7147.393,2012.928,7147.413,0.23999999999978172,0.27899999999999636,0.40000000000009095,0,0.0,0.3000000000001819,0.3000000000001819,0.3999999999996362,0,0.0,PASS,per-driver telemetry row
2019:Australian Grand Prix:Race,train,2019,Australian Grand Prix,Race,VER,CACHED_SELECTED_LAP_STREAM,683,10,NEW_DOWNLOAD_EXPECTED,SUCCESS,,,TRUE,21762,17337,1.4305147222222225,1.4304680555555556,2012.899,7162.752,2012.928,7162.613,0.23999999999978172,0.27899999999999636,0.40000000000009095,0,0.0,0.3000000000001819,0.3000000000001819,0.3999999999996362,0,0.0,PASS,per-driver telemetry row
2019:Australian Grand Prix:Race,train,2019,Australian Grand Prix,Race,VET,CACHED_SELECTED_LAP_STREAM,683,10,NEW_DOWNLOAD_EXPECTED,SUCCESS,,,TRUE,21907,17453,1.4400705555555557,1.440051388888889,2012.899,7197.153,2012.928,7197.113,0.23999999999978172,0.27899999999999636,0.40000000000009095,0,0.0,0.3000000000001819,0.3000000000001819,0.3999999999996362,0,0.0,PASS,per-driver telemetry row
2019:Austrian Grand Prix:Race,train,2019,Austrian Grand Prix,Race,ALB,CACHED_SELECTED_LAP_STREAM,526,12,NEW_DOWNLOAD_EXPECTED,SUCCESS,,,TRUE,20812,16692,1.3772583333333335,1.3772175,1972.58,6930.71,1972.533,6930.516,0.23999999999978172,0.27999999999974534,0.4010000000007494,0,0.0,0.3000000000001819,0.3000000000001819,0.3010000000003856,0,0.0,PASS,per-driver telemetry row
2019:Austrian Grand Prix:Race,train,2019,Austrian Grand Prix,Race,BOT,CACHED_SELECTED_LAP_STREAM,523,12,NEW_DOWNLOAD_EXPECTED,SUCCESS,,,TRUE,20739,16634,1.372413888888889,1.3724394444444443,1972.58,6913.27,1972.533,6913.315,0.23999999999978172,0.27999999999974534,0.4010000000007494,0,0.0,0.3000000000001819,0.3000000000001819,0.3010000000003856,0,0.0,PASS,per-driver telemetry row
2019:Austrian Grand Prix:Race,train,2019,Austrian Grand Prix,Race,GAS,CACHED_SELECTED_LAP_STREAM,524,12,NEW_DOWNLOAD_EXPECTED,SUCCESS,,,TRUE,20689,16594,1.3691250000000001,1.3691341666666665,1972.58,6901.43,1972.533,6901.416,0.23999999999978172,0.27999999999974534,0.4010000000007494,0,0.0,0.3000000000001819,0.3000000000001819,0.3010000000003856,0,0.0,PASS,per-driver telemetry row
2019:Austrian Grand Prix:Race,train,2019,Austrian Grand Prix,Race,GIO,CACHED_SELECTED_LAP_STREAM,530,12,NEW_DOWNLOAD_EXPECTED,SUCCESS,,,TRUE,20748,16641,1.3729916666666668,1.3730230555555556,1972.58,6915.35,1972.533,6915.416,0.23999999999978172,0.27999999999974534,0.4010000000007494,0,0.0,0.3000000000001819,0.3000000000001819,0.3010000000003856,0,0.0,PASS,per-driver telemetry row
2019:Austrian Grand Prix:Race,train,2019,Austrian Grand Prix,Race,GRO,CACHED_SELECTED_LAP_STREAM,530,12,NEW_DOWNLOAD_EXPECTED,SUCCESS,,,TRUE,20845,16719,1.3794472222222223,1.3794672222222224,1972.58,6938.59,1972.533,6938.615,0.23999999999978172,0.27999999999974534,0.4010000000007494,0,0.0,0.3000000000001819,0.3000000000001819,0.3010000000003856,0,0.0,PASS,per-driver telemetry row
2019:Austrian Grand Prix:Race,train,2019,Austrian Grand Prix,Race,HAM,CACHED_SELECTED_LAP_STREAM,522,12,NEW_DOWNLOAD_EXPECTED,SUCCESS,,,TRUE,20755,16646,1.3735027777777777,1.3734394444444444,1972.58,6917.19,1972.533,6916.915,0.23999999999978172,0.27999999999974534,0.4010000000007494,0,0.0,0.3000000000001819,0.3000000000001819,0.3010000000003856,0,0.0,PASS,per-driver telemetry row
2019:Austrian Grand Prix:Race,train,2019,Austrian Grand Prix,Race,HUL,CACHED_SELECTED_LAP_STREAM,529,12,NEW_DOWNLOAD_EXPECTED,SUCCESS,,,TRUE,20772,16660,1.3746138888888888,1.3745786111111111,1972.58,6921.19,1972.533,6921.016,0.23999999999978172,0.27999999999974534,0.4010000000007494,0,0.0,0.3000000000001819,0.3000000000001819,0.3010000000003856,0,0.0,PASS,per-driver telemetry row
2019:Austrian Grand Prix:Race,train,2019,Austrian Grand Prix,Race,KUB,CACHED_SELECTED_LAP_STREAM,540,12,NEW_DOWNLOAD_EXPECTED,SUCCESS,,,TRUE,20712,16612,1.3706363888888888,1.3706338888888887,1972.58,6906.871,1972.533,6906.815,0.23999999999978172,0.27999999999974534,0.4010000000007494,0,0.0,0.3000000000001819,0.3000000000001819,0.3010000000003856,0,0.0,PASS,per-driver telemetry row
2019:Austrian Grand Prix:Race,train,2019,Austrian Grand Prix,Race,KVY,CACHED_SELECTED_LAP_STREAM,538,12,NEW_DOWNLOAD_EXPECTED,SUCCESS,,,TRUE,20936,16792,1.3854363888888888,1.3854677777777775,1972.58,6960.151,1972.533,6960.217,0.23999999999978172,0.27999999999974534,0.4010000000007494,0,0.0,0.3000000000001819,0.3000000000001819,0.3010000000003856,0,0.0,PASS,per-driver telemetry row
2019:Austrian Grand Prix:Race,train,2019,Austrian Grand Prix,Race,LEC,CACHED_SELECTED_LAP_STREAM,518,12,NEW_DOWNLOAD_EXPECTED,SUCCESS,,,TRUE,20670,16579,1.3678694444444444,1.3679116666666666,1972.58,6896.91,1972.533,6897.015,0.23999999999978172,0.27999999999974534,0.4010000000007494,0,0.0,0.3000000000001819,0.3000000000001819,0.3010000000003856,0,0.0,PASS,per-driver telemetry row
2019:Austrian Grand Prix:Race,train,2019,Austrian Grand Prix,Race,MAG,CACHED_SELECTED_LAP_STREAM,673,12,NEW_DOWNLOAD_EXPECTED,SUCCESS,,,TRUE,20818,16697,1.377658611111111,1.3776338888888888,1972.58,6932.151,1972.533,6932.015,0.23999999999978172,0.27999999999974534,0.4010000000007494,0,0.0,0.3000000000001819,0.3000000000001819,0.3010000000003856,0,0.0,PASS,per-driver telemetry row
2019:Austrian Grand Prix:Race,train,2019,Austrian Grand Prix,Race,NOR,CACHED_SELECTED_LAP_STREAM,527,12,NEW_DOWNLOAD_EXPECTED,SUCCESS,,,TRUE,20665,16575,1.367536111111111,1.3675783333333331,1972.58,6895.71,1972.533,6895.815,0.23999999999978172,0.27999999999974534,0.4010000000007494,0,0.0,0.3000000000001819,0.3000000000001819,0.3010000000003856,0,0.0,PASS,per-driver telemetry row
2019:Austrian Grand Prix:Race,train,2019,Austrian Grand Prix,Race,PER,CACHED_SELECTED_LAP_STREAM,529,12,NEW_DOWNLOAD_EXPECTED,SUCCESS,,,TRUE,20759,16650,1.3737694444444444,1.373772777777778,1972.58,6918.15,1972.533,6918.115,0.23999999999978172,0.27999999999974534,0.4010000000007494,0,0.0,0.3000000000001819,0.3000000000001819,0.3010000000003856,0,0.0,PASS,per-driver telemetry row
2019:Austrian Grand Prix:Race,train,2019,Austrian Grand Prix,Race,RAI,CACHED_SELECTED_LAP_STREAM,527,12,NEW_DOWNLOAD_EXPECTED,SUCCESS,,,TRUE,20746,16639,1.3728583333333333,1.3728563888888887,1972.58,6914.87,1972.533,6914.816,0.23999999999978172,0.27999999999974534,0.4010000000007494,0,0.0,0.3000000000001819,0.3000000000001819,0.3010000000003856,0,0.0,PASS,per-driver telemetry row
2019:Austrian Grand Prix:Race,train,2019,Austrian Grand Prix,Race,RIC,CACHED_SELECTED_LAP_STREAM,530,12,NEW_DOWNLOAD_EXPECTED,SUCCESS,,,TRUE,20764,16654,1.3740916666666667,1.3741061111111108,1972.58,6919.31,1972.533,6919.315,0.23999999999978172,0.27999999999974534,0.4010000000007494,0,0.0,0.3000000000001819,0.3000000000001819,0.3010000000003856,0,0.0,PASS,per-driver telemetry row
2019:Austrian Grand Prix:Race,train,2019,Austrian Grand Prix,Race,RUS,CACHED_SELECTED_LAP_STREAM,536,12,NEW_DOWNLOAD_EXPECTED,SUCCESS,,,TRUE,20726,16624,1.3715583333333332,1.3716061111111109,1972.58,6910.19,1972.533,6910.315,0.23999999999978172,0.27999999999974534,0.4010000000007494,0,0.0,0.3000000000001819,0.3000000000001819,0.3010000000003856,0,0.0,PASS,per-driver telemetry row
2019:Austrian Grand Prix:Race,train,2019,Austrian Grand Prix,Race,SAI,CACHED_SELECTED_LAP_STREAM,527,12,NEW_DOWNLOAD_EXPECTED,SUCCESS,,,TRUE,20737,16632,1.3722694444444445,1.372272777777778,1972.58,6912.75,1972.533,6912.715,0.23999999999978172,0.27999999999974534,0.4010000000007494,0,0.0,0.3000000000001819,0.3000000000001819,0.3010000000003856,0,0.0,PASS,per-driver telemetry row
2019:Austrian Grand Prix:Race,train,2019,Austrian Grand Prix,Race,STR,CACHED_SELECTED_LAP_STREAM,528,12,NEW_DOWNLOAD_EXPECTED,SUCCESS,,,TRUE,20805,16687,1.3768136111111113,1.3768008333333335,1972.58,6929.109,1972.533,6929.016,0.23999999999978172,0.27999999999974534,0.4010000000007494,0,0.0,0.3000000000001819,0.3000000000001819,0.3010000000003856,0,0.0,PASS,per-driver telemetry row
2019:Austrian Grand Prix:Race,train,2019,Austrian Grand Prix,Race,VER,CACHED_SELECTED_LAP_STREAM,519,12,NEW_DOWNLOAD_EXPECTED,SUCCESS,,,TRUE,20659,16570,1.3671358333333334,1.3671616666666664,1972.58,6894.269,1972.533,6894.315,0.23999999999978172,0.27999999999974534,0.4010000000007494,0,0.0,0.3000000000001819,0.3000000000001819,0.3010000000003856,0,0.0,PASS,per-driver telemetry row
2019:Austrian Grand Prix:Race,train,2019,Austrian Grand Prix,Race,VET,CACHED_SELECTED_LAP_STREAM,519,12,NEW_DOWNLOAD_EXPECTED,SUCCESS,,,TRUE,20742,16636,1.3726030555555555,1.372606111111111,1972.58,6913.951,1972.533,6913.915,0.23999999999978172,0.27999999999974534,0.4010000000007494,0,0.0,0.3000000000001819,0.3000000000001819,0.3010000000003856,0,0.0,PASS,per-driver telemetry row
2019:Azerbaijan Grand Prix:Race,train,2019,Azerbaijan Grand Prix,Race,ALB,CACHED_SELECTED_LAP_STREAM,851,9,NEW_DOWNLOAD_EXPECTED,SUCCESS,,,TRUE,22741,18621,1.5363713888888888,1.5363869444444445,2017.484,7548.421,2017.451,7548.444,0.23999999999978172,0.27999999999974534,0.44000000000005457,0,0.0,0.3000000000001819,0.3000000000001819,0.4000000000005457,0,0.0,PASS,per-driver telemetry row
2019:Azerbaijan Grand Prix:Race,train,2019,Azerbaijan Grand Prix,Race,BOT,CACHED_SELECTED_LAP_STREAM,817,9,NEW_DOWNLOAD_EXPECTED,SUCCESS,,,TRUE,22667,18560,1.5314044444444446,1.5313591666666666,2017.484,7530.54,2017.451,7530.344,0.23999999999978172,0.27999999999974534,0.44000000000005457,0,0.0,0.3000000000001819,0.3000000000001819,0.4000000000005457,0,0.0,PASS,per-driver telemetry row
2019:Azerbaijan Grand Prix:Race,train,2019,Azerbaijan Grand Prix,Race,GAS,CACHED_SELECTED_LAP_STREAM,817,7,NEW_DOWNLOAD_EXPECTED,SUCCESS,,,TRUE,17559,14380,1.1864344444444446,1.1864644444444443,2017.484,6288.648,2017.451,6288.723,0.23999999999978172,0.27999999999974534,0.44000000000005457,0,0.0,0.3000000000001819,0.3000000000001819,0.4000000000005457,0,0.0,PASS,per-driver telemetry row
2019:Azerbaijan Grand Prix:Race,train,2019,Azerbaijan Grand Prix,Race,GIO,CACHED_SELECTED_LAP_STREAM,810,9,NEW_DOWNLOAD_EXPECTED,SUCCESS,,,TRUE,22751,18629,1.5370269444444447,1.537053611111111,2017.484,7550.781,2017.451,7550.844,0.23999999999978172,0.27999999999974534,0.44000000000005457,0,0.0,0.3000000000001819,0.3000000000001819,0.4000000000005457,0,0.0,PASS,per-driver telemetry row
2019:Azerbaijan Grand Prix:Race,train,2019,Azerbaijan Grand Prix,Race,GRO,CACHED_SELECTED_LAP_STREAM,834,7,NEW_DOWNLOAD_EXPECTED,SUCCESS,,,TRUE,17548,14371,1.1856900000000001,1.1857144444444445,2017.484,6285.968,2017.451,6286.023,0.23999999999978172,0.27999999999974534,0.44000000000005457,0,0.0,0.3000000000001819,0.3000000000001819,0.4000000000005457,0,0.0,PASS,per-driver telemetry row
2019:Azerbaijan Grand Prix:Race,train,2019,Azerbaijan Grand Prix,Race,HAM,CACHED_SELECTED_LAP_STREAM,815,9,NEW_DOWNLOAD_EXPECTED,SUCCESS,,,TRUE,22673,18565,1.5317936111111112,1.5317755555555554,2017.484,7531.941,2017.451,7531.843,0.23999999999978172,0.27999999999974534,0.44000000000005457,0,0.0,0.3000000000001819,0.3000000000001819,0.4000000000005457,0,0.0,PASS,per-driver telemetry row
2019:Azerbaijan Grand Prix:Race,train,2019,Azerbaijan Grand Prix,Race,HUL,CACHED_SELECTED_LAP_STREAM,952,9,NEW_DOWNLOAD_EXPECTED,SUCCESS,,,TRUE,22967,18807,1.551693888888889,1.5516649999999998,2017.484,7603.582,2017.451,7603.445,0.23999999999978172,0.27999999999974534,0.44000000000005457,0,0.0,0.3000000000001819,0.3000000000001819,0.4000000000005457,0,0.0,PASS,per-driver telemetry row
2019:Azerbaijan Grand Prix:Race,train,2019,Azerbaijan Grand Prix,Race,KUB,CACHED_SELECTED_LAP_STREAM,838,9,NEW_DOWNLOAD_EXPECTED,SUCCESS,,,TRUE,22857,18717,1.5442383333333334,1.5442480555555556,2017.484,7576.742,2017.451,7576.744,0.23999999999978172,0.27999999999974534,0.44000000000005457,0,0.0,0.3000000000001819,0.3000000000001819,0.4000000000005457,0,0.0,PASS,per-driver telemetry row
2019:Azerbaijan Grand Prix:Race,train,2019,Azerbaijan Grand Prix,Race,KVY,CACHED_SELECTED_LAP_STREAM,969,6,NEW_DOWNLOAD_EXPECTED,SUCCESS,,,TRUE,15177,12428,1.0254327777777779,1.025406111111111,2017.484,5709.042,2017.451,5708.913,0.23999999999978172,0.27999999999974534,0.44000000000005457,0,0.0,0.3000000000001819,0.3000000000001819,0.4000000000005457,0,0.0,PASS,per-driver telemetry row
2019:Azerbaijan Grand Prix:Race,train,2019,Azerbaijan Grand Prix,Race,LEC,CACHED_SELECTED_LAP_STREAM,806,9,NEW_DOWNLOAD_EXPECTED,SUCCESS,,,TRUE,22950,18794,1.5505494444444448,1.5505816666666667,2017.484,7599.462,2017.451,7599.545,0.23999999999978172,0.27999999999974534,0.44000000000005457,0,0.0,0.3000000000001819,0.3000000000001819,0.4000000000005457,0,0.0,PASS,per-driver telemetry row
2019:Azerbaijan Grand Prix:Race,train,2019,Azerbaijan Grand Prix,Race,MAG,CACHED_SELECTED_LAP_STREAM,821,9,NEW_DOWNLOAD_EXPECTED,SUCCESS,,,TRUE,22865,18723,1.5447713888888888,1.5447480555555555,2017.484,7578.661,2017.451,7578.544,0.23999999999978172,0.27999999999974534,0.44000000000005457,0,0.0,0.3000000000001819,0.3000000000001819,0.4000000000005457,0,0.0,PASS,per-driver telemetry row
2019:Azerbaijan Grand Prix:Race,train,2019,Azerbaijan Grand Prix,Race,NOR,CACHED_SELECTED_LAP_STREAM,887,9,NEW_DOWNLOAD_EXPECTED,SUCCESS,,,TRUE,23078,18899,1.5592272222222225,1.5592483333333333,2017.484,7630.702,2017.451,7630.745,0.23999999999978172,0.27999999999974534,0.44000000000005457,0,0.0,0.3000000000001819,0.3000000000001819,0.4000000000005457,0,0.0,PASS,per-driver telemetry row
2019:Azerbaijan Grand Prix:Race,train,2019,Azerbaijan Grand Prix,Race,PER,CACHED_SELECTED_LAP_STREAM,831,9,NEW_DOWNLOAD_EXPECTED,SUCCESS,,,TRUE,22981,18819,1.5526269444444445,1.5526372222222222,2017.484,7606.941,2017.451,7606.945,0.23999999999978172,0.27999999999974534,0.44000000000005457,0,0.0,0.3000000000001819,0.3000000000001819,0.4000000000005457,0,0.0,PASS,per-driver telemetry row
2019:Azerbaijan Grand Prix:Race,train,2019,Azerbaijan Grand Prix,Race,RAI,CACHED_SELECTED_LAP_STREAM,818,9,NEW_DOWNLOAD_EXPECTED,SUCCESS,,,TRUE,22730,18611,1.5356380555555558,1.535581388888889,2017.484,7545.781,2017.451,7545.544,0.23999999999978172,0.27999999999974534,0.44000000000005457,0,0.0,0.3000000000001819,0.3000000000001819,0.4000000000005457,0,0.0,PASS,per-driver telemetry row
2019:Azerbaijan Grand Prix:Race,train,2019,Azerbaijan Grand Prix,Race,RIC,CACHED_SELECTED_LAP_STREAM,835,6,NEW_DOWNLOAD_EXPECTED,SUCCESS,,,TRUE,14307,11714,0.9664877777777778,0.9664886111111112,2017.484,5496.84,2017.451,5496.81,0.23999999999978172,0.27999999999974534,0.44000000000005457,0,0.0,0.3000000000001819,0.3000000000001819,0.4000000000005457,0,0.0,PASS,per-driver telemetry row
2019:Azerbaijan Grand Prix:Race,train,2019,Azerbaijan Grand Prix,Race,RUS,CACHED_SELECTED_LAP_STREAM,832,9,NEW_DOWNLOAD_EXPECTED,SUCCESS,,,TRUE,22721,18604,1.5350269444444444,1.5349980555555556,2017.484,7543.581,2017.451,7543.444,0.23999999999978172,0.27999999999974534,0.44000000000005457,0,0.0,0.3000000000001819,0.3000000000001819,0.4000000000005457,0,0.0,PASS,per-driver telemetry row
2019:Azerbaijan Grand Prix:Race,train,2019,Azerbaijan Grand Prix,Race,SAI,CACHED_SELECTED_LAP_STREAM,832,9,NEW_DOWNLOAD_EXPECTED,SUCCESS,,,TRUE,23010,18843,1.5546491666666664,1.5546372222222224,2017.484,7614.221,2017.451,7614.145,0.23999999999978172,0.27999999999974534,0.44000000000005457,0,0.0,0.3000000000001819,0.3000000000001819,0.4000000000005457,0,0.0,PASS,per-driver telemetry row
2019:Azerbaijan Grand Prix:Race,train,2019,Azerbaijan Grand Prix,Race,STR,CACHED_SELECTED_LAP_STREAM,849,9,NEW_DOWNLOAD_EXPECTED,SUCCESS,,,TRUE,23093,18911,1.5602383333333334,1.5602483333333335,2017.484,7634.342,2017.451,7634.345,0.23999999999978172,0.27999999999974534,0.44000000000005457,0,0.0,0.3000000000001819,0.3000000000001819,0.4000000000005457,0,0.0,PASS,per-driver telemetry row
2019:Azerbaijan Grand Prix:Race,train,2019,Azerbaijan Grand Prix,Race,VER,CACHED_SELECTED_LAP_STREAM,817,9,NEW_DOWNLOAD_EXPECTED,SUCCESS,,,TRUE,22739,18619,1.5362380555555557,1.5362202777777778,2017.484,7547.941,2017.451,7547.844,0.23999999999978172,0.27999999999974534,0.44000000000005457,0,0.0,0.3000000000001819,0.3000000000001819,0.4000000000005457,0,0.0,PASS,per-driver telemetry row
2019:Azerbaijan Grand Prix:Race,train,2019,Azerbaijan Grand Prix,Race,VET,CACHED_SELECTED_LAP_STREAM,817,9,NEW_DOWNLOAD_EXPECTED,SUCCESS,,,TRUE,22715,18600,1.5346269444444443,1.534664722222222,2017.484,7542.141,2017.451,7542.244,0.23999999999978172,0.27999999999974534,0.44000000000005457,0,0.0,0.3000000000001819,0.3000000000001819,0.4000000000005457,0,0.0,PASS,per-driver telemetry row
2019:Bahrain Grand Prix:Race,train,2019,Bahrain Grand Prix,Race,ALB,CACHED_SELECTED_LAP_STREAM,899,10,NEW_DOWNLOAD_EXPECTED,SUCCESS,,,TRUE,24109,19271,1.5899944444444445,1.589971388888889,2011.557,7735.537,2011.412,7735.309,0.23999999999978172,0.27999999999974534,0.4010000000007494,0,0.0,0.3000000000001819,0.3000000000001819,0.40000000000009095,0,0.0,PASS,per-driver telemetry row
2019:Bahrain Grand Prix:Race,train,2019,Bahrain Grand Prix,Race,BOT,CACHED_SELECTED_LAP_STREAM,745,10,NEW_DOWNLOAD_EXPECTED,SUCCESS,,,TRUE,23856,19071,1.57335,1.5734433333333333,2011.557,7675.617,2011.412,7675.808,0.23999999999978172,0.27999999999974534,0.4010000000007494,0,0.0,0.3000000000001819,0.3000000000001819,0.40000000000009095,0,0.0,PASS,per-driver telemetry row
2019:Bahrain Grand Prix:Race,train,2019,Bahrain Grand Prix,Race,GAS,CACHED_SELECTED_LAP_STREAM,909,10,NEW_DOWNLOAD_EXPECTED,SUCCESS,,,TRUE,24089,19256,1.5887055555555556,1.588721111111111,2011.557,7730.897,2011.412,7730.808,0.23999999999978172,0.27999999999974534,0.4010000000007494,0,0.0,0.3000000000001819,0.3000000000001819,0.40000000000009095,0,0.0,PASS,per-driver telemetry row
2019:Bahrain Grand Prix:Race,train,2019,Bahrain Grand Prix,Race,GIO,CACHED_SELECTED_LAP_STREAM,747,10,NEW_DOWNLOAD_EXPECTED,SUCCESS,,,TRUE,24117,19278,1.590527777777778,1.590554722222222,2011.557,7737.457,2011.412,7737.409,0.23999999999978172,0.27999999999974534,0.4010000000007494,0,0.0,0.3000000000001819,0.3000000000001819,0.40000000000009095,0,0.0,PASS,per-driver telemetry row
2019:Bahrain Grand Prix:Race,train,2019,Bahrain Grand Prix,Race,GRO,CACHED_SELECTED_LAP_STREAM,739,3,NEW_DOWNLOAD_EXPECTED,SUCCESS,,,TRUE,6944,5551,0.45797138888888883,0.45797999999999994,2011.557,3660.254,2011.412,3660.14,0.23999999999978172,0.27999999999974534,0.4010000000002947,0,0.0,0.3000000000001819,0.3000000000001819,0.40000000000009095,0,0.0,PASS,per-driver telemetry row
2019:Bahrain Grand Prix:Race,train,2019,Bahrain Grand Prix,Race,HAM,CACHED_SELECTED_LAP_STREAM,749,10,NEW_DOWNLOAD_EXPECTED,SUCCESS,,,TRUE,23844,19060,1.572561111111111,1.5725541666666665,2011.557,7672.777,2011.412,7672.607,0.23999999999978172,0.27999999999974534,0.4010000000007494,0,0.0,0.3000000000001819,0.3000000000001819,0.40000000000009095,0,0.0,PASS,per-driver telemetry row
2019:Bahrain Grand Prix:Race,train,2019,Bahrain Grand Prix,Race,HUL,CACHED_SELECTED_LAP_STREAM,741,10,NEW_DOWNLOAD_EXPECTED,SUCCESS,,,TRUE,22631,18093,1.4926933333333332,1.492775,2011.557,7385.253,2011.412,7385.402,0.23999999999978172,0.27999999999974534,0.4010000000007494,0,0.0,0.3000000000001819,0.3000000000001819,0.40000000000009095,0,0.0,PASS,per-driver telemetry row
2019:Bahrain Grand Prix:Race,train,2019,Bahrain Grand Prix,Race,KUB,CACHED_SELECTED_LAP_STREAM,762,10,NEW_DOWNLOAD_EXPECTED,SUCCESS,,,TRUE,23847,19063,1.5727722222222225,1.5728041666666666,2011.557,7673.537,2011.412,7673.507,0.23999999999978172,0.27999999999974534,0.4010000000007494,0,0.0,0.3000000000001819,0.3000000000001819,0.40000000000009095,0,0.0,PASS,per-driver telemetry row
2019:Bahrain Grand Prix:Race,train,2019,Bahrain Grand Prix,Race,KVY,CACHED_SELECTED_LAP_STREAM,748,10,NEW_DOWNLOAD_EXPECTED,SUCCESS,,,TRUE,23851,19066,1.573027777777778,1.5730266666666666,2011.557,7674.457,2011.412,7674.308,0.23999999999978172,0.27999999999974534,0.4010000000007494,0,0.0,0.3000000000001819,0.3000000000001819,0.40000000000009095,0,0.0,PASS,per-driver telemetry row
2019:Bahrain Grand Prix:Race,train,2019,Bahrain Grand Prix,Race,LEC,CACHED_SELECTED_LAP_STREAM,740,10,NEW_DOWNLOAD_EXPECTED,SUCCESS,,,TRUE,23870,19081,1.5742500000000001,1.5742766666666665,2011.557,7678.857,2011.412,7678.808,0.23999999999978172,0.27999999999974534,0.4010000000007494,0,0.0,0.3000000000001819,0.3000000000001819,0.40000000000009095,0,0.0,PASS,per-driver telemetry row
2019:Bahrain Grand Prix:Race,train,2019,Bahrain Grand Prix,Race,MAG,CACHED_SELECTED_LAP_STREAM,773,10,NEW_DOWNLOAD_EXPECTED,SUCCESS,,,TRUE,23855,19069,1.5732833333333336,1.5732766666666664,2011.557,7675.377,2011.412,7675.208,0.23999999999978172,0.27999999999974534,0.4010000000007494,0,0.0,0.3000000000001819,0.3000000000001819,0.40000000000009095,0,0.0,PASS,per-driver telemetry row
2019:Bahrain Grand Prix:Race,train,2019,Bahrain Grand Prix,Race,NOR,CACHED_SELECTED_LAP_STREAM,770,10,NEW_DOWNLOAD_EXPECTED,SUCCESS,,,TRUE,24037,19214,1.5852833333333334,1.5852766666666667,2011.557,7718.577,2011.412,7718.408,0.23999999999978172,0.27999999999974534,0.4010000000007494,0,0.0,0.3000000000001819,0.3000000000001819,0.40000000000009095,0,0.0,PASS,per-driver telemetry row
2019:Bahrain Grand Prix:Race,train,2019,Bahrain Grand Prix,Race,PER,CACHED_SELECTED_LAP_STREAM,735,10,NEW_DOWNLOAD_EXPECTED,SUCCESS,,,TRUE,24113,19275,1.5902502777777778,1.5903047222222222,2011.557,7736.458,2011.412,7736.509,0.23999999999978172,0.27999999999974534,0.4010000000007494,0,0.0,0.3000000000001819,0.3000000000001819,0.40000000000009095,0,0.0,PASS,per-driver telemetry row
2019:Bahrain Grand Prix:Race,train,2019,Bahrain Grand Prix,Race,RAI,CACHED_SELECTED_LAP_STREAM,893,10,NEW_DOWNLOAD_EXPECTED,SUCCESS,,,TRUE,24044,19220,1.5857388888888888,1.5857491666666668,2011.557,7720.217,2011.412,7720.109,0.23999999999978172,0.27999999999974534,0.4010000000007494,0,0.0,0.3000000000001819,0.3000000000001819,0.40000000000009095,0,0.0,PASS,per-driver telemetry row
2019:Bahrain Grand Prix:Race,train,2019,Bahrain Grand Prix,Race,RIC,CACHED_SELECTED_LAP_STREAM,747,10,NEW_DOWNLOAD_EXPECTED,SUCCESS,,,TRUE,22685,18135,1.4962269444444445,1.4962197222222222,2011.557,7397.974,2011.412,7397.803,0.23999999999978172,0.27999999999974534,0.4010000000007494,0,0.0,0.3000000000001819,0.3000000000001819,0.40000000000009095,0,0.0,PASS,per-driver telemetry row
2019:Bahrain Grand Prix:Race,train,2019,Bahrain Grand Prix,Race,RUS,CACHED_SELECTED_LAP_STREAM,765,10,NEW_DOWNLOAD_EXPECTED,SUCCESS,,,TRUE,24096,19261,1.58915,1.5891377777777778,2011.557,7732.497,2011.412,7732.308,0.23999999999978172,0.27999999999974534,0.4010000000007494,0,0.0,0.3000000000001819,0.3000000000001819,0.40000000000009095,0,0.0,PASS,per-driver telemetry row
2019:Bahrain Grand Prix:Race,train,2019,Bahrain Grand Prix,Race,SAI,CACHED_SELECTED_LAP_STREAM,740,9,NEW_DOWNLOAD_EXPECTED,SUCCESS,,,TRUE,22387,17898,1.4766488888888891,1.4766913888888888,2011.557,7327.493,2011.412,7327.501,0.23999999999978172,0.27999999999974534,0.4010000000007494,0,0.0,0.3000000000001819,0.3000000000001819,0.40000000000009095,0,0.0,PASS,per-driver telemetry row
2019:Bahrain Grand Prix:Race,train,2019,Bahrain Grand Prix,Race,STR,CACHED_SELECTED_LAP_STREAM,749,10,NEW_DOWNLOAD_EXPECTED,SUCCESS,,,TRUE,23928,19128,1.578138888888889,1.5781655555555554,2011.557,7692.857,2011.412,7692.808,0.23999999999978172,0.27999999999974534,0.4010000000007494,0,0.0,0.3000000000001819,0.3000000000001819,0.40000000000009095,0,0.0,PASS,per-driver telemetry row
2019:Bahrain Grand Prix:Race,train,2019,Bahrain Grand Prix,Race,VER,CACHED_SELECTED_LAP_STREAM,744,10,NEW_DOWNLOAD_EXPECTED,SUCCESS,,,TRUE,23871,19082,1.5743166666666666,1.57436,2011.557,7679.097,2011.412,7679.108,0.23999999999978172,0.27999999999974534,0.4010000000007494,0,0.0,0.3000000000001819,0.3000000000001819,0.40000000000009095,0,0.0,PASS,per-driver telemetry row
2019:Bahrain Grand Prix:Race,train,2019,Bahrain Grand Prix,Race,VET,CACHED_SELECTED_LAP_STREAM,744,10,NEW_DOWNLOAD_EXPECTED,SUCCESS,,,TRUE,23996,19182,1.5825944444444444,1.5826099999999999,2011.557,7708.897,2011.412,7708.808,0.23999999999978172,0.27999999999974534,0.4010000000007494,0,0.0,0.3000000000001819,0.3000000000001819,0.40000000000009095,0,0.0,PASS,per-driver telemetry row
2019:Belgian Grand Prix:Race,train,2019,Belgian Grand Prix,Race,ALB,CACHED_SELECTED_LAP_STREAM,840,8,NEW_DOWNLOAD_EXPECTED,SUCCESS,,,TRUE,20918,17195,1.4186033333333332,1.418551111111111,2006.783,7113.755,2006.833,7113.617,0.23999999999978172,0.27999999999974534,0.40099999999983993,0,0.0,0.3000000000001819,0.3000000000001819,0.3999999999996362,0,0.0,PASS,per-driver telemetry row
2019:Belgian Grand Prix:Race,train,2019,Belgian Grand Prix,Race,BOT,CACHED_SELECTED_LAP_STREAM,826,8,NEW_DOWNLOAD_EXPECTED,SUCCESS,,,TRUE,20635,16963,1.3994477777777778,1.3994394444444445,2006.783,7044.795,2006.833,7044.815,0.23999999999978172,0.27999999999974534,0.40099999999983993,0,0.0,0.3000000000001819,0.3000000000001819,0.3999999999996362,0,0.0,PASS,per-driver telemetry row
2019:Belgian Grand Prix:Race,train,2019,Belgian Grand Prix,Race,GAS,CACHED_SELECTED_LAP_STREAM,840,8,NEW_DOWNLOAD_EXPECTED,SUCCESS,,,TRUE,21032,17288,1.4262925,1.4262455555555558,2006.783,7141.436,2006.833,7141.317,0.23999999999978172,0.27999999999974534,0.40099999999983993,0,0.0,0.3000000000001819,0.3000000000001819,0.3999999999996362,0,0.0,PASS,per-driver telemetry row
2019:Belgian Grand Prix:Race,train,2019,Belgian Grand Prix,Race,GIO,CACHED_SELECTED_LAP_STREAM,840,8,NEW_DOWNLOAD_EXPECTED,SUCCESS,,,TRUE,20695,17012,1.4034922222222224,1.4034675,2006.783,7059.355,2006.833,7059.316,0.23999999999978172,0.27999999999974534,0.40099999999983993,0,0.0,0.3000000000001819,0.3000000000001819,0.3999999999996362,0,0.0,PASS,per-driver telemetry row
2019:Belgian Grand Prix:Race,train,2019,Belgian Grand Prix,Race,GRO,CACHED_SELECTED_LAP_STREAM,835,8,NEW_DOWNLOAD_EXPECTED,SUCCESS,,,TRUE,20640,16967,1.399781111111111,1.399745277777778,2006.783,7045.995,2006.833,7045.916,0.23999999999978172,0.27999999999974534,0.40099999999983993,0,0.0,0.3000000000001819,0.3000000000001819,0.3999999999996362,0,0.0,PASS,per-driver telemetry row
2019:Belgian Grand Prix:Race,train,2019,Belgian Grand Prix,Race,HAM,CACHED_SELECTED_LAP_STREAM,821,8,NEW_DOWNLOAD_EXPECTED,SUCCESS,,,TRUE,20587,16925,1.3962477777777778,1.3962730555555558,2006.783,7033.275,2006.833,7033.416,0.23999999999978172,0.27999999999974534,0.40099999999983993,0,0.0,0.3000000000001819,0.3000000000001819,0.3999999999996362,0,0.0,PASS,per-driver telemetry row
2019:Belgian Grand Prix:Race,train,2019,Belgian Grand Prix,Race,HUL,CACHED_SELECTED_LAP_STREAM,840,8,NEW_DOWNLOAD_EXPECTED,SUCCESS,,,TRUE,21022,17280,1.4256255555555557,1.4255788888888892,2006.783,7139.035,2006.833,7138.917,0.23999999999978172,0.27999999999974534,0.40099999999983993,0,0.0,0.3000000000001819,0.3000000000001819,0.3999999999996362,0,0.0,PASS,per-driver telemetry row
2019:Belgian Grand Prix:Race,train,2019,Belgian Grand Prix,Race,KUB,CACHED_SELECTED_LAP_STREAM,851,8,NEW_DOWNLOAD_EXPECTED,SUCCESS,,,TRUE,20782,17083,1.409358888888889,1.4093286111111112,2006.783,7080.475,2006.833,7080.416,0.23999999999978172,0.27999999999974534,0.40099999999983993,0,0.0,0.3000000000001819,0.3000000000001819,0.3999999999996362,0,0.0,PASS,per-driver telemetry row
2019:Belgian Grand Prix:Race,train,2019,Belgian Grand Prix,Race,KVY,CACHED_SELECTED_LAP_STREAM,840,8,NEW_DOWNLOAD_EXPECTED,SUCCESS,,,TRUE,20952,17223,1.420914722222222,1.4208844444444442,2006.783,7122.076,2006.833,7122.017,0.23999999999978172,0.27999999999974534,0.40099999999983993,0,0.0,0.3000000000001819,0.3000000000001819,0.3999999999996362,0,0.0,PASS,per-driver telemetry row
2019:Belgian Grand Prix:Race,train,2019,Belgian Grand Prix,Race,LEC,CACHED_SELECTED_LAP_STREAM,820,8,NEW_DOWNLOAD_EXPECTED,SUCCESS,,,TRUE,20583,16921,1.395981111111111,1.3959672222222221,2006.783,7032.315,2006.833,7032.315,0.23999999999978172,0.27999999999974534,0.40099999999983993,0,0.0,0.3000000000001819,0.3000000000001819,0.3999999999996362,0,0.0,PASS,per-driver telemetry row
2019:Belgian Grand Prix:Race,train,2019,Belgian Grand Prix,Race,MAG,CACHED_SELECTED_LAP_STREAM,840,8,NEW_DOWNLOAD_EXPECTED,SUCCESS,,,TRUE,20611,16944,1.3978588888888888,1.397856111111111,2006.783,7039.075,2006.833,7039.115,0.23999999999978172,0.27999999999974534,0.40099999999983993,0,0.0,0.3000000000001819,0.3000000000001819,0.3999999999996362,0,0.0,PASS,per-driver telemetry row
2019:Belgian Grand Prix:Race,train,2019,Belgian Grand Prix,Race,NOR,CACHED_SELECTED_LAP_STREAM,834,8,NEW_DOWNLOAD_EXPECTED,SUCCESS,,,TRUE,21015,17275,1.4251591666666668,1.4251622222222224,2006.783,7137.356,2006.833,7137.417,0.23999999999978172,0.27999999999974534,0.40099999999983993,0,0.0,0.3000000000001819,0.3000000000001819,0.3999999999996362,0,0.0,PASS,per-driver telemetry row
2019:Belgian Grand Prix:Race,train,2019,Belgian Grand Prix,Race,PER,CACHED_SELECTED_LAP_STREAM,841,8,NEW_DOWNLOAD_EXPECTED,SUCCESS,,,TRUE,20930,17206,1.4194258333333336,1.4194675,2006.783,7116.716,2006.833,7116.916,0.23999999999978172,0.27999999999974534,0.40099999999983993,0,0.0,0.3000000000001819,0.3000000000001819,0.3999999999996362,0,0.0,PASS,per-driver telemetry row
2019:Belgian Grand Prix:Race,train,2019,Belgian Grand Prix,Race,RAI,CACHED_SELECTED_LAP_STREAM,844,8,NEW_DOWNLOAD_EXPECTED,SUCCESS,,,TRUE,20765,17069,1.4082144444444444,1.4081619444444444,2006.783,7076.355,2006.833,7076.216,0.23999999999978172,0.27999999999974534,0.40099999999983993,0,0.0,0.3000000000001819,0.3000000000001819,0.3999999999996362,0,0.0,PASS,per-driver telemetry row
2019:Belgian Grand Prix:Race,train,2019,Belgian Grand Prix,Race,RIC,CACHED_SELECTED_LAP_STREAM,838,8,NEW_DOWNLOAD_EXPECTED,SUCCESS,,,TRUE,20677,16998,1.4022808333333332,1.402300833333333,2006.783,7054.994,2006.833,7055.116,0.23999999999978172,0.27999999999974534,0.40099999999983993,0,0.0,0.3000000000001819,0.3000000000001819,0.3999999999996362,0,0.0,PASS,per-driver telemetry row
2019:Belgian Grand Prix:Race,train,2019,Belgian Grand Prix,Race,RUS,CACHED_SELECTED_LAP_STREAM,847,8,NEW_DOWNLOAD_EXPECTED,SUCCESS,,,TRUE,20714,17027,1.404747777777778,1.4047175,2006.783,7063.875,2006.833,7063.816,0.23999999999978172,0.27999999999974534,0.40099999999983993,0,0.0,0.3000000000001819,0.3000000000001819,0.3999999999996362,0,0.0,PASS,per-driver telemetry row
2019:Belgian Grand Prix:Race,train,2019,Belgian Grand Prix,Race,SAI,CACHED_SELECTED_LAP_STREAM,1455,1,NEW_DOWNLOAD_EXPECTED,SUCCESS,,,TRUE,797,657,0.054122777777777804,0.054139722222222166,2006.783,2201.625,2006.833,2201.736,0.2400000000000091,0.2800000000002001,0.40000000000009095,0,0.0,0.2999999999999545,0.3000000000001819,0.30100000000015825,0,0.0,PASS,per-driver telemetry row
2019:Belgian Grand Prix:Race,train,2019,Belgian Grand Prix,Race,STR,CACHED_SELECTED_LAP_STREAM,840,8,NEW_DOWNLOAD_EXPECTED,SUCCESS,,,TRUE,21035,17291,1.4264925,1.4264955555555556,2006.783,7142.156,2006.833,7142.217,0.23999999999978172,0.27999999999974534,0.40099999999983993,0,0.0,0.3000000000001819,0.3000000000001819,0.3999999999996362,0,0.0,PASS,per-driver telemetry row
2019:Belgian Grand Prix:Race,train,2019,Belgian Grand Prix,Race,VER,CACHED_SELECTED_LAP_STREAM,1028,1,NEW_DOWNLOAD_EXPECTED,SUCCESS,,,TRUE,563,463,0.03822277777777786,0.03813944444444448,2006.783,2144.385,2006.833,2144.135,0.2400000000000091,0.2799999999999727,0.40000000000009095,0,0.0,0.2999999999999545,0.3000000000001819,0.30100000000015825,0,0.0,PASS,per-driver telemetry row
2019:Belgian Grand Prix:Race,train,2019,Belgian Grand Prix,Race,VET,CACHED_SELECTED_LAP_STREAM,824,8,NEW_DOWNLOAD_EXPECTED,SUCCESS,,,TRUE,20693,17010,1.4033477777777776,1.4033005555555556,2006.783,7058.835,2006.833,7058.715,0.23999999999978172,0.27999999999974534,0.40099999999983993,0,0.0,0.3000000000001819,0.3000000000001819,0.3999999999996362,0,0.0,PASS,per-driver telemetry row
2019:Brazilian Grand Prix:Race,train,2019,Brazilian Grand Prix,Race,ALB,CACHED_SELECTED_LAP_STREAM,559,12,NEW_DOWNLOAD_EXPECTED,SUCCESS,,,TRUE,23464,18885,1.558168611111111,1.558165277777778,1979.473,7588.88,1979.417,7588.812,0.23999999999978172,0.2790000000004511,0.40099999999983993,0,0.0,0.3000000000001819,0.3000000000001819,0.3999999999996362,0,0.0,PASS,per-driver telemetry row
2019:Brazilian Grand Prix:Race,train,2019,Brazilian Grand Prix,Race,BOT,CACHED_SELECTED_LAP_STREAM,559,9,NEW_DOWNLOAD_EXPECTED,SUCCESS,,,TRUE,16460,13299,1.0972302777777778,1.0972408333333334,1979.473,5929.502,1979.417,5929.484,0.23999999999978172,0.27999999999974534,0.40000000000009095,0,0.0,0.3000000000001819,0.3000000000001819,0.3999999999996362,0,0.0,PASS,per-driver telemetry row
2019:Brazilian Grand Prix:Race,train,2019,Brazilian Grand Prix,Race,GAS,CACHED_SELECTED_LAP_STREAM,564,12,NEW_DOWNLOAD_EXPECTED,SUCCESS,,,TRUE,23426,18855,1.555668611111111,1.5556930555555557,1979.473,7579.88,1979.417,7579.912,0.23999999999978172,0.2790000000004511,0.40099999999983993,0,0.0,0.3000000000001819,0.3000000000001819,0.3999999999996362,0,0.0,PASS,per-driver telemetry row
2019:Brazilian Grand Prix:Race,train,2019,Brazilian Grand Prix,Race,GIO,CACHED_SELECTED_LAP_STREAM,565,12,NEW_DOWNLOAD_EXPECTED,SUCCESS,,,TRUE,23444,18869,1.5568575,1.5568597222222222,1979.473,7584.16,1979.417,7584.112,0.23999999999978172,0.2790000000004511,0.40099999999983993,0,0.0,0.3000000000001819,0.3000000000001819,0.3999999999996362,0,0.0,PASS,per-driver telemetry row
2019:Brazilian Grand Prix:Race,train,2019,Brazilian Grand Prix,Race,GRO,CACHED_SELECTED_LAP_STREAM,567,12,NEW_DOWNLOAD_EXPECTED,SUCCESS,,,TRUE,23461,18883,1.557968611111111,1.557998611111111,1979.473,7588.16,1979.417,7588.212,0.23999999999978172,0.2790000000004511,0.40099999999983993,0,0.0,0.3000000000001819,0.3000000000001819,0.3999999999996362,0,0.0,PASS,per-driver telemetry row
2019:Brazilian Grand Prix:Race,train,2019,Brazilian Grand Prix,Race,HAM,CACHED_SELECTED_LAP_STREAM,555,12,NEW_DOWNLOAD_EXPECTED,SUCCESS,,,TRUE,23427,18855,1.5557349999999999,1.5556930555555557,1979.473,7580.119,1979.417,7579.912,0.23999999999978172,0.2790000000004511,0.40099999999983993,0,0.0,0.3000000000001819,0.3000000000001819,0.3999999999996362,0,0.0,PASS,per-driver telemetry row
2019:Brazilian Grand Prix:Race,train,2019,Brazilian Grand Prix,Race,HUL,CACHED_SELECTED_LAP_STREAM,569,12,NEW_DOWNLOAD_EXPECTED,SUCCESS,,,TRUE,23456,18879,1.557646388888889,1.5576655555555554,1979.473,7587.0,1979.417,7587.013,0.23999999999978172,0.2790000000004511,0.40099999999983993,0,0.0,0.3000000000001819,0.3000000000001819,0.3999999999996362,0,0.0,PASS,per-driver telemetry row
2019:Brazilian Grand Prix:Race,train,2019,Brazilian Grand Prix,Race,KUB,CACHED_SELECTED_LAP_STREAM,579,12,NEW_DOWNLOAD_EXPECTED,SUCCESS,,,TRUE,23477,18895,1.5590352777777778,1.5589986111111112,1979.473,7592.0,1979.417,7591.812,0.23999999999978172,0.2790000000004511,0.40099999999983993,0,0.0,0.3000000000001819,0.3000000000001819,0.3999999999996362,0,0.0,PASS,per-driver telemetry row
2019:Brazilian Grand Prix:Race,train,2019,Brazilian Grand Prix,Race,KVY,CACHED_SELECTED_LAP_STREAM,568,12,NEW_DOWNLOAD_EXPECTED,SUCCESS,,,TRUE,23451,18875,1.5573127777777778,1.5573597222222224,1979.473,7585.799,1979.417,7585.912,0.23999999999978172,0.2790000000004511,0.40099999999983993,0,0.0,0.3000000000001819,0.3000000000001819,0.3999999999996362,0,0.0,PASS,per-driver telemetry row
2019:Brazilian Grand Prix:Race,train,2019,Brazilian Grand Prix,Race,LEC,CACHED_SELECTED_LAP_STREAM,556,12,NEW_DOWNLOAD_EXPECTED,SUCCESS,,,TRUE,21549,17358,1.4321227777777776,1.4321630555555556,1979.473,7135.115,1979.417,7135.204,0.23999999999978172,0.2790000000004511,0.40099999999983993,0,0.0,0.3000000000001819,0.3000000000001819,0.3999999999996362,0,0.0,PASS,per-driver telemetry row
2019:Brazilian Grand Prix:Race,train,2019,Brazilian Grand Prix,Race,MAG,CACHED_SELECTED_LAP_STREAM,568,12,NEW_DOWNLOAD_EXPECTED,SUCCESS,,,TRUE,23454,18877,1.5575019444444442,1.5575263888888886,1979.473,7586.48,1979.417,7586.512,0.23999999999978172,0.2790000000004511,0.40099999999983993,0,0.0,0.3000000000001819,0.3000000000001819,0.3999999999996362,0,0.0,PASS,per-driver telemetry row
2019:Brazilian Grand Prix:Race,train,2019,Brazilian Grand Prix,Race,NOR,CACHED_SELECTED_LAP_STREAM,570,12,NEW_DOWNLOAD_EXPECTED,SUCCESS,,,TRUE,23448,18872,1.5571133333333333,1.557109722222222,1979.473,7585.081,1979.417,7585.012,0.23999999999978172,0.2790000000004511,0.40099999999983993,0,0.0,0.3000000000001819,0.3000000000001819,0.3999999999996362,0,0.0,PASS,per-driver telemetry row
2019:Brazilian Grand Prix:Race,train,2019,Brazilian Grand Prix,Race,PER,CACHED_SELECTED_LAP_STREAM,568,12,NEW_DOWNLOAD_EXPECTED,SUCCESS,,,TRUE,23449,18873,1.5571797222222221,1.5571930555555558,1979.473,7585.32,1979.417,7585.312,0.23999999999978172,0.2790000000004511,0.40099999999983993,0,0.0,0.3000000000001819,0.3000000000001819,0.3999999999996362,0,0.0,PASS,per-driver telemetry row
2019:Brazilian Grand Prix:Race,train,2019,Brazilian Grand Prix,Race,RAI,CACHED_SELECTED_LAP_STREAM,566,12,NEW_DOWNLOAD_EXPECTED,SUCCESS,,,TRUE,23441,18866,1.5566574999999998,1.5566097222222222,1979.473,7583.44,1979.417,7583.212,0.23999999999978172,0.2790000000004511,0.40099999999983993,0,0.0,0.3000000000001819,0.3000000000001819,0.3999999999996362,0,0.0,PASS,per-driver telemetry row
2019:Brazilian Grand Prix:Race,train,2019,Brazilian Grand Prix,Race,RIC,CACHED_SELECTED_LAP_STREAM,559,12,NEW_DOWNLOAD_EXPECTED,SUCCESS,,,TRUE,23446,18870,1.5569908333333335,1.5569430555555557,1979.473,7584.64,1979.417,7584.412,0.23999999999978172,0.2790000000004511,0.40099999999983993,0,0.0,0.3000000000001819,0.3000000000001819,0.3999999999996362,0,0.0,PASS,per-driver telemetry row
2019:Brazilian Grand Prix:Race,train,2019,Brazilian Grand Prix,Race,RUS,CACHED_SELECTED_LAP_STREAM,581,12,NEW_DOWNLOAD_EXPECTED,SUCCESS,,,TRUE,23458,18881,1.557779722222222,1.5578319444444444,1979.473,7587.48,1979.417,7587.612,0.23999999999978172,0.2790000000004511,0.40099999999983993,0,0.0,0.3000000000001819,0.3000000000001819,0.3999999999996362,0,0.0,PASS,per-driver telemetry row
2019:Brazilian Grand Prix:Race,train,2019,Brazilian Grand Prix,Race,SAI,CACHED_SELECTED_LAP_STREAM,566,12,NEW_DOWNLOAD_EXPECTED,SUCCESS,,,TRUE,23438,18865,1.5564575,1.5565263888888892,1979.473,7582.72,1979.417,7582.912,0.23999999999978172,0.2790000000004511,0.40099999999983993,0,0.0,0.3000000000001819,0.3000000000001819,0.3999999999996362,0,0.0,PASS,per-driver telemetry row
2019:Brazilian Grand Prix:Race,train,2019,Brazilian Grand Prix,Race,STR,CACHED_SELECTED_LAP_STREAM,567,12,NEW_DOWNLOAD_EXPECTED,SUCCESS,,,TRUE,21627,17420,1.437233888888889,1.4372744444444445,1979.473,7153.515,1979.417,7153.605,0.23999999999978172,0.2790000000004511,0.40099999999983993,0,0.0,0.3000000000001819,0.3000000000001819,0.3999999999996362,0,0.0,PASS,per-driver telemetry row
2019:Brazilian Grand Prix:Race,train,2019,Brazilian Grand Prix,Race,VER,CACHED_SELECTED_LAP_STREAM,555,12,NEW_DOWNLOAD_EXPECTED,SUCCESS,,,TRUE,23401,18835,1.5540130555555556,1.5540263888888892,1979.473,7573.92,1979.417,7573.912,0.23999999999978172,0.2790000000004511,0.40099999999983993,0,0.0,0.3000000000001819,0.3000000000001819,0.3999999999996362,0,0.0,PASS,per-driver telemetry row
2019:Brazilian Grand Prix:Race,train,2019,Brazilian Grand Prix,Race,VET,CACHED_SELECTED_LAP_STREAM,555,12,NEW_DOWNLOAD_EXPECTED,SUCCESS,,,TRUE,21547,17356,1.4319897222222224,1.431996388888889,1979.473,7134.636,1979.417,7134.604,0.23999999999978172,0.2790000000004511,0.40099999999983993,0,0.0,0.3000000000001819,0.3000000000001819,0.3999999999996362,0,0.0,PASS,per-driver telemetry row
2019:British Grand Prix:Race,train,2019,British Grand Prix,Race,ALB,CACHED_SELECTED_LAP_STREAM,705,9,NEW_DOWNLOAD_EXPECTED,SUCCESS,,,TRUE,20854,16645,1.3733700000000002,1.3733286111111112,1988.7,6932.832,1988.898,6932.881,0.23999999999978172,0.24099999999998545,0.44000000000005457,0,0.0,0.3000000000001819,0.3000000000001819,0.40000000000009095,0,0.0,PASS,per-driver telemetry row
2019:British Grand Prix:Race,train,2019,British Grand Prix,Race,BOT,CACHED_SELECTED_LAP_STREAM,695,9,NEW_DOWNLOAD_EXPECTED,SUCCESS,,,TRUE,20640,16474,1.3592811111111112,1.359245,1988.7,6882.112,1988.898,6882.18,0.23999999999978172,0.24099999999998545,0.44000000000005457,0,0.0,0.3000000000001819,0.3000000000001819,0.40000000000009095,0,0.0,PASS,per-driver telemetry row
2019:British Grand Prix:Race,train,2019,British Grand Prix,Race,GAS,CACHED_SELECTED_LAP_STREAM,695,9,NEW_DOWNLOAD_EXPECTED,SUCCESS,,,TRUE,20681,16507,1.3619919444444446,1.3619394444444444,1988.7,6891.871,1988.898,6891.88,0.23999999999978172,0.24099999999998545,0.44000000000005457,0,0.0,0.3000000000001819,0.3000000000001819,0.40000000000009095,0,0.0,PASS,per-driver telemetry row
2019:British Grand Prix:Race,train,2019,British Grand Prix,Race,GIO,CACHED_SELECTED_LAP_STREAM,708,4,NEW_DOWNLOAD_EXPECTED,SUCCESS,,,TRUE,7760,6197,0.5113277777777778,0.5112308333333334,1988.7,3829.48,1988.898,3829.329,0.23999999999978172,0.24099999999998545,0.4010000000000673,0,0.0,0.3000000000001819,0.3000000000001819,0.40000000000009095,0,0.0,PASS,per-driver telemetry row
2019:British Grand Prix:Race,train,2019,British Grand Prix,Race,GRO,CACHED_SELECTED_LAP_STREAM,938,2,NEW_DOWNLOAD_EXPECTED,SUCCESS,,,TRUE,3915,3123,0.25766972222222223,0.25761555555555554,1988.7,2916.311,1988.898,2916.314,0.23999999999978172,0.24099999999998545,0.4010000000000673,0,0.0,0.3000000000001819,0.3000000000001819,0.3999999999996362,0,0.0,PASS,per-driver telemetry row
2019:British Grand Prix:Race,train,2019,British Grand Prix,Race,HAM,CACHED_SELECTED_LAP_STREAM,693,9,NEW_DOWNLOAD_EXPECTED,SUCCESS,,,TRUE,20535,16390,1.352358611111111,1.3523002777777777,1988.7,6857.191,1988.898,6857.179,0.23999999999978172,0.24099999999998545,0.44000000000005457,0,0.0,0.3000000000001819,0.3000000000001819,0.40000000000009095,0,0.0,PASS,per-driver telemetry row
2019:British Grand Prix:Race,train,2019,British Grand Prix,Race,HUL,CACHED_SELECTED_LAP_STREAM,706,9,NEW_DOWNLOAD_EXPECTED,SUCCESS,,,TRUE,20841,16635,1.3725255555555558,1.3725227777777775,1988.7,6929.792,1988.898,6929.98,0.23999999999978172,0.24099999999998545,0.44000000000005457,0,0.0,0.3000000000001819,0.3000000000001819,0.40000000000009095,0,0.0,PASS,per-driver telemetry row
2019:British Grand Prix:Race,train,2019,British Grand Prix,Race,KUB,CACHED_SELECTED_LAP_STREAM,715,9,NEW_DOWNLOAD_EXPECTED,SUCCESS,,,TRUE,20645,16478,1.3596141666666666,1.3595780555555554,1988.7,6883.311,1988.898,6883.379,0.23999999999978172,0.24099999999998545,0.44000000000005457,0,0.0,0.3000000000001819,0.3000000000001819,0.40000000000009095,0,0.0,PASS,per-driver telemetry row
2019:British Grand Prix:Race,train,2019,British Grand Prix,Race,KVY,CACHED_SELECTED_LAP_STREAM,707,9,NEW_DOWNLOAD_EXPECTED,SUCCESS,,,TRUE,20816,16615,1.3708813888888889,1.3708563888888887,1988.7,6923.873,1988.898,6923.981,0.23999999999978172,0.24099999999998545,0.44000000000005457,0,0.0,0.3000000000001819,0.3000000000001819,0.40000000000009095,0,0.0,PASS,per-driver telemetry row
2019:British Grand Prix:Race,train,2019,British Grand Prix,Race,LEC,CACHED_SELECTED_LAP_STREAM,696,9,NEW_DOWNLOAD_EXPECTED,SUCCESS,,,TRUE,20661,16491,1.3606586111111112,1.360633888888889,1988.7,6887.071,1988.898,6887.18,0.23999999999978172,0.24099999999998545,0.44000000000005457,0,0.0,0.3000000000001819,0.3000000000001819,0.40000000000009095,0,0.0,PASS,per-driver telemetry row
2019:British Grand Prix:Race,train,2019,British Grand Prix,Race,MAG,CACHED_SELECTED_LAP_STREAM,942,2,NEW_DOWNLOAD_EXPECTED,SUCCESS,,,TRUE,2861,2281,0.18821333333333332,0.1881144444444445,1988.7,2666.268,1988.898,2666.11,0.23999999999978172,0.24099999999998545,0.4010000000000673,0,0.0,0.3000000000001819,0.3000000000001819,0.3999999999996362,0,0.0,PASS,per-driver telemetry row
2019:British Grand Prix:Race,train,2019,British Grand Prix,Race,NOR,CACHED_SELECTED_LAP_STREAM,704,9,NEW_DOWNLOAD_EXPECTED,SUCCESS,,,TRUE,20848,16640,1.3729811111111112,1.3729119444444444,1988.7,6931.432,1988.898,6931.381,0.23999999999978172,0.24099999999998545,0.44000000000005457,0,0.0,0.3000000000001819,0.3000000000001819,0.40000000000009095,0,0.0,PASS,per-driver telemetry row
2019:British Grand Prix:Race,train,2019,British Grand Prix,Race,PER,CACHED_SELECTED_LAP_STREAM,707,9,NEW_DOWNLOAD_EXPECTED,SUCCESS,,,TRUE,20688,16512,1.3624366666666667,1.362356111111111,1988.7,6893.472,1988.898,6893.38,0.23999999999978172,0.24099999999998545,0.44000000000005457,0,0.0,0.3000000000001819,0.3000000000001819,0.40000000000009095,0,0.0,PASS,per-driver telemetry row
2019:British Grand Prix:Race,train,2019,British Grand Prix,Race,RAI,CACHED_SELECTED_LAP_STREAM,707,9,NEW_DOWNLOAD_EXPECTED,SUCCESS,,,TRUE,20811,16610,1.370558888888889,1.370467222222222,1988.7,6922.712,1988.898,6922.58,0.23999999999978172,0.24099999999998545,0.44000000000005457,0,0.0,0.3000000000001819,0.3000000000001819,0.40000000000009095,0,0.0,PASS,per-driver telemetry row
2019:British Grand Prix:Race,train,2019,British Grand Prix,Race,RIC,CACHED_SELECTED_LAP_STREAM,705,9,NEW_DOWNLOAD_EXPECTED,SUCCESS,,,TRUE,20764,16573,1.36747,1.3673841666666666,1988.7,6911.592,1988.898,6911.481,0.23999999999978172,0.24099999999998545,0.44000000000005457,0,0.0,0.3000000000001819,0.3000000000001819,0.40000000000009095,0,0.0,PASS,per-driver telemetry row
2019:British Grand Prix:Race,train,2019,British Grand Prix,Race,RUS,CACHED_SELECTED_LAP_STREAM,717,9,NEW_DOWNLOAD_EXPECTED,SUCCESS,,,TRUE,20600,16442,1.3566588888888889,1.3565783333333332,1988.7,6872.672,1988.898,6872.58,0.23999999999978172,0.24099999999998545,0.44000000000005457,0,0.0,0.3000000000001819,0.3000000000001819,0.40000000000009095,0,0.0,PASS,per-driver telemetry row
2019:British Grand Prix:Race,train,2019,British Grand Prix,Race,SAI,CACHED_SELECTED_LAP_STREAM,707,9,NEW_DOWNLOAD_EXPECTED,SUCCESS,,,TRUE,20760,16571,1.3672144444444443,1.3672175,1988.7,6910.672,1988.898,6910.881,0.23999999999978172,0.24099999999998545,0.44000000000005457,0,0.0,0.3000000000001819,0.3000000000001819,0.40000000000009095,0,0.0,PASS,per-driver telemetry row
2019:British Grand Prix:Race,train,2019,British Grand Prix,Race,STR,CACHED_SELECTED_LAP_STREAM,707,9,NEW_DOWNLOAD_EXPECTED,SUCCESS,,,TRUE,20876,16663,1.3748588888888889,1.374828611111111,1988.7,6938.192,1988.898,6938.281,0.23999999999978172,0.24099999999998545,0.44000000000005457,0,0.0,0.3000000000001819,0.3000000000001819,0.40000000000009095,0,0.0,PASS,per-driver telemetry row
2019:British Grand Prix:Race,train,2019,British Grand Prix,Race,VER,CACHED_SELECTED_LAP_STREAM,696,9,NEW_DOWNLOAD_EXPECTED,SUCCESS,,,TRUE,20701,16523,1.3633255555555555,1.3632727777777778,1988.7,6896.672,1988.898,6896.68,0.23999999999978172,0.24099999999998545,0.44000000000005457,0,0.0,0.3000000000001819,0.3000000000001819,0.40000000000009095,0,0.0,PASS,per-driver telemetry row
2019:British Grand Prix:Race,train,2019,British Grand Prix,Race,VET,CACHED_SELECTED_LAP_STREAM,696,9,NEW_DOWNLOAD_EXPECTED,SUCCESS,,,TRUE,20604,16445,1.3569144444444443,1.356828333333333,1988.7,6873.592,1988.898,6873.48,0.23999999999978172,0.24099999999998545,0.44000000000005457,0,0.0,0.3000000000001819,0.3000000000001819,0.40000000000009095,0,0.0,PASS,per-driver telemetry row
2019:Canadian Grand Prix:Race,train,2019,Canadian Grand Prix,Race,ALB,CACHED_SELECTED_LAP_STREAM,591,11,NEW_DOWNLOAD_EXPECTED,SUCCESS,,,TRUE,19596,16034,1.3228916666666666,1.3228552777777776,1984.034,6746.444,1984.247,6746.526,0.23999999999978172,0.27999999999974534,5.8400000000001455,1,5.8400000000001455,0.3000000000001819,0.3000000000001819,0.4000000000005457,0,0.0,PASS,per-driver telemetry row
2019:Canadian Grand Prix:Race,train,2019,Canadian Grand Prix,Race,BOT,CACHED_SELECTED_LAP_STREAM,584,12,NEW_DOWNLOAD_EXPECTED,SUCCESS,,,TRUE,22216,18174,1.499471111111111,1.4994413888888887,1984.034,7382.13,1984.247,7382.236,0.23999999999978172,0.27999999999974534,5.8400000000001455,1,5.8400000000001455,0.3000000000001819,0.3000000000001819,0.4000000000005457,0,0.0,PASS,per-driver telemetry row
2019:Canadian Grand Prix:Race,train,2019,Canadian Grand Prix,Race,GAS,CACHED_SELECTED_LAP_STREAM,589,12,NEW_DOWNLOAD_EXPECTED,SUCCESS,,,TRUE,22062,18047,1.4890822222222222,1.4889688888888888,1984.034,7344.73,1984.247,7344.535,0.23999999999978172,0.27999999999974534,5.8400000000001455,1,5.8400000000001455,0.3000000000001819,0.3000000000001819,0.4000000000005457,0,0.0,PASS,per-driver telemetry row
2019:Canadian Grand Prix:Race,train,2019,Canadian Grand Prix,Race,GIO,CACHED_SELECTED_LAP_STREAM,597,12,NEW_DOWNLOAD_EXPECTED,SUCCESS,,,TRUE,22286,18231,1.504137777777778,1.5041358333333334,1984.034,7398.93,1984.247,7399.136,0.23999999999978172,0.27999999999974534,5.8400000000001455,1,5.8400000000001455,0.3000000000001819,0.3000000000001819,0.4000000000005457,0,0.0,PASS,per-driver telemetry row
2019:Canadian Grand Prix:Race,train,2019,Canadian Grand Prix,Race,GRO,CACHED_SELECTED_LAP_STREAM,592,12,NEW_DOWNLOAD_EXPECTED,SUCCESS,,,TRUE,22293,18236,1.5046155555555556,1.5045525,1984.034,7400.65,1984.247,7400.636,0.23999999999978172,0.27999999999974534,5.8400000000001455,1,5.8400000000001455,0.3000000000001819,0.3000000000001819,0.4000000000005457,0,0.0,PASS,per-driver telemetry row
2019:Canadian Grand Prix:Race,train,2019,Canadian Grand Prix,Race,HAM,CACHED_SELECTED_LAP_STREAM,577,12,NEW_DOWNLOAD_EXPECTED,SUCCESS,,,TRUE,22006,18002,1.4853266666666665,1.4852466666666666,1984.034,7331.21,1984.247,7331.135,0.23999999999978172,0.27999999999974534,5.8400000000001455,1,5.8400000000001455,0.3000000000001819,0.3000000000001819,0.4000000000005457,0,0.0,PASS,per-driver telemetry row
2019:Canadian Grand Prix:Race,train,2019,Canadian Grand Prix,Race,HUL,CACHED_SELECTED_LAP_STREAM,586,12,NEW_DOWNLOAD_EXPECTED,SUCCESS,,,TRUE,22020,18014,1.4862819444444444,1.4862466666666665,1984.034,7334.649,1984.247,7334.735,0.23999999999978172,0.27999999999974534,5.8400000000001455,1,5.8400000000001455,0.3000000000001819,0.3000000000001819,0.4000000000005457,0,0.0,PASS,per-driver telemetry row
2019:Canadian Grand Prix:Race,train,2019,Canadian Grand Prix,Race,KUB,CACHED_SELECTED_LAP_STREAM,611,12,NEW_DOWNLOAD_EXPECTED,SUCCESS,,,TRUE,22126,18100,1.4933711111111112,1.4933302777777777,1984.034,7360.17,1984.247,7360.236,0.23999999999978172,0.27999999999974534,5.8400000000001455,1,5.8400000000001455,0.3000000000001819,0.3000000000001819,0.4000000000005457,0,0.0,PASS,per-driver telemetry row
2019:Canadian Grand Prix:Race,train,2019,Canadian Grand Prix,Race,KVY,CACHED_SELECTED_LAP_STREAM,711,12,NEW_DOWNLOAD_EXPECTED,SUCCESS,,,TRUE,22149,18118,1.4949155555555556,1.4948022222222221,1984.034,7365.73,1984.247,7365.535,0.23999999999978172,0.27999999999974534,5.8400000000001455,1,5.8400000000001455,0.3000000000001819,0.3000000000001819,0.4000000000005457,0,0.0,PASS,per-driver telemetry row
2019:Canadian Grand Prix:Race,train,2019,Canadian Grand Prix,Race,LEC,CACHED_SELECTED_LAP_STREAM,581,12,NEW_DOWNLOAD_EXPECTED,SUCCESS,,,TRUE,22025,18018,1.486615277777778,1.48658,1984.034,7335.849,1984.247,7335.935,0.23999999999978172,0.27999999999974534,5.8400000000001455,1,5.8400000000001455,0.3000000000001819,0.3000000000001819,0.4000000000005457,0,0.0,PASS,per-driver telemetry row
2019:Canadian Grand Prix:Race,train,2019,Canadian Grand Prix,Race,MAG,CACHED_SELECTED_LAP_STREAM,604,12,NEW_DOWNLOAD_EXPECTED,SUCCESS,,,TRUE,22259,18208,1.5023377777777775,1.5022469444444444,1984.034,7392.45,1984.247,7392.336,0.23999999999978172,0.27999999999974534,5.8400000000001455,1,5.8400000000001455,0.3000000000001819,0.3000000000001819,0.4000000000005457,0,0.0,PASS,per-driver telemetry row
2019:Canadian Grand Prix:Race,train,2019,Canadian Grand Prix,Race,NOR,CACHED_SELECTED_LAP_STREAM,593,2,NEW_DOWNLOAD_EXPECTED,SUCCESS,,,TRUE,3269,2681,0.22121333333333332,0.22114250000000002,1984.034,2780.402,1984.247,2780.36,0.2400000000000091,0.2799999999999727,3.599999999999909,0,0.0,0.3000000000001819,0.3000000000001819,0.40000000000009095,0,0.0,PASS,per-driver telemetry row
2019:Canadian Grand Prix:Race,train,2019,Canadian Grand Prix,Race,PER,CACHED_SELECTED_LAP_STREAM,600,12,NEW_DOWNLOAD_EXPECTED,SUCCESS,,,TRUE,22191,18153,1.4978044444444443,1.4977191666666665,1984.034,7376.13,1984.247,7376.036,0.23999999999978172,0.27999999999974534,5.8400000000001455,1,5.8400000000001455,0.3000000000001819,0.3000000000001819,0.4000000000005457,0,0.0,PASS,per-driver telemetry row
2019:Canadian Grand Prix:Race,train,2019,Canadian Grand Prix,Race,RAI,CACHED_SELECTED_LAP_STREAM,591,12,NEW_DOWNLOAD_EXPECTED,SUCCESS,,,TRUE,22295,18238,1.50476,1.5047191666666666,1984.034,7401.17,1984.247,7401.236,0.23999999999978172,0.27999999999974534,5.8400000000001455,1,5.8400000000001455,0.3000000000001819,0.3000000000001819,0.4000000000005457,0,0.0,PASS,per-driver telemetry row
2019:Canadian Grand Prix:Race,train,2019,Canadian Grand Prix,Race,RIC,CACHED_SELECTED_LAP_STREAM,586,12,NEW_DOWNLOAD_EXPECTED,SUCCESS,,,TRUE,22018,18012,1.486148888888889,1.48608,1984.034,7334.17,1984.247,7334.135,0.23999999999978172,0.27999999999974534,5.8400000000001455,1,5.8400000000001455,0.3000000000001819,0.3000000000001819,0.4000000000005457,0,0.0,PASS,per-driver telemetry row
2019:Canadian Grand Prix:Race,train,2019,Canadian Grand Prix,Race,RUS,CACHED_SELECTED_LAP_STREAM,593,12,NEW_DOWNLOAD_EXPECTED,SUCCESS,,,TRUE,22223,18179,1.4999266666666669,1.4998580555555554,1984.034,7383.77,1984.247,7383.736,0.23999999999978172,0.27999999999974534,5.8400000000001455,1,5.8400000000001455,0.3000000000001819,0.3000000000001819,0.4000000000005457,0,0.0,PASS,per-driver telemetry row
2019:Canadian Grand Prix:Race,train,2019,Canadian Grand Prix,Race,SAI,CACHED_SELECTED_LAP_STREAM,588,12,NEW_DOWNLOAD_EXPECTED,SUCCESS,,,TRUE,22157,18126,1.4955044444444447,1.4954691666666664,1984.034,7367.85,1984.247,7367.936,0.23999999999978172,0.27999999999974534,5.8400000000001455,1,5.8400000000001455,0.3000000000001819,0.3000000000001819,0.4000000000005457,0,0.0,PASS,per-driver telemetry row
2019:Canadian Grand Prix:Race,train,2019,Canadian Grand Prix,Race,STR,CACHED_SELECTED_LAP_STREAM,599,12,NEW_DOWNLOAD_EXPECTED,SUCCESS,,,TRUE,22138,18110,1.4941819444444446,1.4941355555555556,1984.034,7363.089,1984.247,7363.135,0.23999999999978172,0.27999999999974534,5.8400000000001455,1,5.8400000000001455,0.3000000000001819,0.3000000000001819,0.4000000000005457,0,0.0,PASS,per-driver telemetry row
2019:Canadian Grand Prix:Race,train,2019,Canadian Grand Prix,Race,VER,CACHED_SELECTED_LAP_STREAM,584,12,NEW_DOWNLOAD_EXPECTED,SUCCESS,,,TRUE,22244,18196,1.5013488888888888,1.5012469444444443,1984.034,7388.89,1984.247,7388.736,0.23999999999978172,0.27999999999974534,5.8400000000001455,1,5.8400000000001455,0.3000000000001819,0.3000000000001819,0.4000000000005457,0,0.0,PASS,per-driver telemetry row
2019:Canadian Grand Prix:Race,train,2019,Canadian Grand Prix,Race,VET,CACHED_SELECTED_LAP_STREAM,581,12,NEW_DOWNLOAD_EXPECTED,SUCCESS,,,TRUE,22000,17998,1.4849374999999998,1.4849133333333333,1984.034,7329.809,1984.247,7329.935,0.23999999999978172,0.27999999999974534,5.8400000000001455,1,5.8400000000001455,0.3000000000001819,0.3000000000001819,0.4000000000005457,0,0.0,PASS,per-driver telemetry row
2019:Chinese Grand Prix:Race,train,2019,Chinese Grand Prix,Race,ALB,CACHED_SELECTED_LAP_STREAM,764,10,NEW_DOWNLOAD_EXPECTED,SUCCESS,,,TRUE,23421,18719,1.5445494444444445,1.5444702777777777,2007.231,7567.609,2007.41,7567.503,0.23999999999978172,0.27999999999974534,0.4010000000007494,0,0.0,0.3000000000001819,0.3000000000001819,0.4000000000005457,0,0.0,PASS,per-driver telemetry row
2019:Chinese Grand Prix:Race,train,2019,Chinese Grand Prix,Race,BOT,CACHED_SELECTED_LAP_STREAM,746,10,NEW_DOWNLOAD_EXPECTED,SUCCESS,,,TRUE,23306,18627,1.536916388888889,1.5368866666666667,2007.231,7540.13,2007.41,7540.202,0.23999999999978172,0.27999999999974534,0.4010000000007494,0,0.0,0.3000000000001819,0.3000000000001819,0.4000000000005457,0,0.0,PASS,per-driver telemetry row
2019:Chinese Grand Prix:Race,train,2019,Chinese Grand Prix,Race,GAS,CACHED_SELECTED_LAP_STREAM,756,10,NEW_DOWNLOAD_EXPECTED,SUCCESS,,,TRUE,23654,18905,1.5599277777777778,1.5598313888888888,2007.231,7622.971,2007.41,7622.803,0.23999999999978172,0.27999999999974534,0.4010000000007494,0,0.0,0.3000000000001819,0.3000000000001819,0.4000000000005457,0,0.0,PASS,per-driver telemetry row
2019:Chinese Grand Prix:Race,train,2019,Chinese Grand Prix,Race,GIO,CACHED_SELECTED_LAP_STREAM,760,10,NEW_DOWNLOAD_EXPECTED,SUCCESS,,,TRUE,23512,18792,1.5505719444444446,1.5504980555555556,2007.231,7589.29,2007.41,7589.203,0.23999999999978172,0.27999999999974534,0.4010000000007494,0,0.0,0.3000000000001819,0.3000000000001819,0.4000000000005457,0,0.0,PASS,per-driver telemetry row
2019:Chinese Grand Prix:Race,train,2019,Chinese Grand Prix,Race,GRO,CACHED_SELECTED_LAP_STREAM,754,10,NEW_DOWNLOAD_EXPECTED,SUCCESS,,,TRUE,23427,18724,1.5449272222222223,1.5448866666666667,2007.231,7568.969,2007.41,7569.002,0.23999999999978172,0.27999999999974534,0.4010000000007494,0,0.0,0.3000000000001819,0.3000000000001819,0.4000000000005457,0,0.0,PASS,per-driver telemetry row
2019:Chinese Grand Prix:Race,train,2019,Chinese Grand Prix,Race,HAM,CACHED_SELECTED_LAP_STREAM,748,10,NEW_DOWNLOAD_EXPECTED,SUCCESS,,,TRUE,23279,18605,1.5351272222222223,1.5350533333333334,2007.231,7533.689,2007.41,7533.602,0.23999999999978172,0.27999999999974534,0.4010000000007494,0,0.0,0.3000000000001819,0.3000000000001819,0.4000000000005457,0,0.0,PASS,per-driver telemetry row
2019:Chinese Grand Prix:Race,train,2019,Chinese Grand Prix,Race,HUL,CACHED_SELECTED_LAP_STREAM,755,3,NEW_DOWNLOAD_EXPECTED,SUCCESS,,,TRUE,7033,5622,0.46389388888888883,0.4638130555555556,2007.231,3677.249,2007.41,3677.137,0.23999999999978172,0.27999999999974534,0.4010000000002947,0,0.0,0.3000000000001819,0.3000000000001819,0.3010000000003856,0,0.0,PASS,per-driver telemetry row
2019:Chinese Grand Prix:Race,train,2019,Chinese Grand Prix,Race,KUB,CACHED_SELECTED_LAP_STREAM,779,10,NEW_DOWNLOAD_EXPECTED,SUCCESS,,,TRUE,23447,18740,1.5462497222222222,1.5461925,2007.231,7573.73,2007.41,7573.703,0.23999999999978172,0.27999999999974534,0.4010000000007494,0,0.0,0.3000000000001819,0.3000000000001819,0.4000000000005457,0,0.0,PASS,per-driver telemetry row
2019:Chinese Grand Prix:Race,train,2019,Chinese Grand Prix,Race,KVY,CACHED_SELECTED_LAP_STREAM,809,7,NEW_DOWNLOAD_EXPECTED,SUCCESS,,,TRUE,17793,14218,1.1731347222222221,1.1730749999999999,2007.231,6230.516,2007.41,6230.48,0.23999999999978172,0.27999999999974534,0.4010000000002947,0,0.0,0.3000000000001819,0.3000000000001819,0.3010000000003856,0,0.0,PASS,per-driver telemetry row
2019:Chinese Grand Prix:Race,train,2019,Chinese Grand Prix,Race,LEC,CACHED_SELECTED_LAP_STREAM,750,10,NEW_DOWNLOAD_EXPECTED,SUCCESS,,,TRUE,23410,18710,1.543816388888889,1.543747777777778,2007.231,7564.97,2007.41,7564.902,0.23999999999978172,0.27999999999974534,0.4010000000007494,0,0.0,0.3000000000001819,0.3000000000001819,0.4000000000005457,0,0.0,PASS,per-driver telemetry row
2019:Chinese Grand Prix:Race,train,2019,Chinese Grand Prix,Race,MAG,CACHED_SELECTED_LAP_STREAM,904,10,NEW_DOWNLOAD_EXPECTED,SUCCESS,,,TRUE,23458,18749,1.5469830555555555,1.5469422222222222,2007.231,7576.37,2007.41,7576.402,0.23999999999978172,0.27999999999974534,0.4010000000007494,0,0.0,0.3000000000001819,0.3000000000001819,0.4000000000005457,0,0.0,PASS,per-driver telemetry row
2019:Chinese Grand Prix:Race,train,2019,Chinese Grand Prix,Race,NOR,CACHED_SELECTED_LAP_STREAM,760,9,NEW_DOWNLOAD_EXPECTED,SUCCESS,,,TRUE,21698,17341,1.4307930555555557,1.4307736111111111,2007.231,7158.086,2007.41,7158.195,0.23999999999978172,0.27999999999974534,0.4010000000007494,0,0.0,0.3000000000001819,0.3000000000001819,0.4000000000005457,0,0.0,PASS,per-driver telemetry row
2019:Chinese Grand Prix:Race,train,2019,Chinese Grand Prix,Race,PER,CACHED_SELECTED_LAP_STREAM,759,10,NEW_DOWNLOAD_EXPECTED,SUCCESS,,,TRUE,23341,18655,1.5392494444444447,1.5391922222222223,2007.231,7548.529,2007.41,7548.502,0.23999999999978172,0.27999999999974534,0.4010000000007494,0,0.0,0.3000000000001819,0.3000000000001819,0.4000000000005457,0,0.0,PASS,per-driver telemetry row
2019:Chinese Grand Prix:Race,train,2019,Chinese Grand Prix,Race,RAI,CACHED_SELECTED_LAP_STREAM,759,10,NEW_DOWNLOAD_EXPECTED,SUCCESS,,,TRUE,23369,18678,1.541105,1.5410811111111111,2007.231,7555.209,2007.41,7555.302,0.23999999999978172,0.27999999999974534,0.4010000000007494,0,0.0,0.3000000000001819,0.3000000000001819,0.4000000000005457,0,0.0,PASS,per-driver telemetry row
2019:Chinese Grand Prix:Race,train,2019,Chinese Grand Prix,Race,RIC,CACHED_SELECTED_LAP_STREAM,760,10,NEW_DOWNLOAD_EXPECTED,SUCCESS,,,TRUE,23333,18649,1.5387161111111112,1.5386922222222223,2007.231,7546.609,2007.41,7546.702,0.23999999999978172,0.27999999999974534,0.4010000000007494,0,0.0,0.3000000000001819,0.3000000000001819,0.4000000000005457,0,0.0,PASS,per-driver telemetry row
2019:Chinese Grand Prix:Race,train,2019,Chinese Grand Prix,Race,RUS,CACHED_SELECTED_LAP_STREAM,771,10,NEW_DOWNLOAD_EXPECTED,SUCCESS,,,TRUE,23381,18687,1.541882777777778,1.5418311111111114,2007.231,7558.009,2007.41,7558.002,0.23999999999978172,0.27999999999974534,0.4010000000007494,0,0.0,0.3000000000001819,0.3000000000001819,0.4000000000005457,0,0.0,PASS,per-driver telemetry row
2019:Chinese Grand Prix:Race,train,2019,Chinese Grand Prix,Race,SAI,CACHED_SELECTED_LAP_STREAM,762,10,NEW_DOWNLOAD_EXPECTED,SUCCESS,,,TRUE,23500,18782,1.5497605555555556,1.5496647222222224,2007.231,7586.369,2007.41,7586.203,0.23999999999978172,0.27999999999974534,0.4010000000007494,0,0.0,0.3000000000001819,0.3000000000001819,0.4000000000005457,0,0.0,PASS,per-driver telemetry row
2019:Chinese Grand Prix:Race,train,2019,Chinese Grand Prix,Race,STR,CACHED_SELECTED_LAP_STREAM,766,10,NEW_DOWNLOAD_EXPECTED,SUCCESS,,,TRUE,23454,18746,1.5467163888888888,1.5466922222222224,2007.231,7575.41,2007.41,7575.502,0.23999999999978172,0.27999999999974534,0.4010000000007494,0,0.0,0.3000000000001819,0.3000000000001819,0.4000000000005457,0,0.0,PASS,per-driver telemetry row
2019:Chinese Grand Prix:Race,train,2019,Chinese Grand Prix,Race,VER,CACHED_SELECTED_LAP_STREAM,751,10,NEW_DOWNLOAD_EXPECTED,SUCCESS,,,TRUE,23394,18698,1.5427386111111112,1.5427477777777778,2007.231,7561.09,2007.41,7561.302,0.23999999999978172,0.27999999999974534,0.4010000000007494,0,0.0,0.3000000000001819,0.3000000000001819,0.4000000000005457,0,0.0,PASS,per-driver telemetry row
2019:Chinese Grand Prix:Race,train,2019,Chinese Grand Prix,Race,VET,CACHED_SELECTED_LAP_STREAM,749,10,NEW_DOWNLOAD_EXPECTED,SUCCESS,,,TRUE,23336,18651,1.5389052777777779,1.5388588888888888,2007.231,7547.29,2007.41,7547.302,0.23999999999978172,0.27999999999974534,0.4010000000007494,0,0.0,0.3000000000001819,0.3000000000001819,0.4000000000005457,0,0.0,PASS,per-driver telemetry row
2019:French Grand Prix:Race,train,2019,French Grand Prix,Race,ALB,CACHED_SELECTED_LAP_STREAM,748,9,NEW_DOWNLOAD_EXPECTED,SUCCESS,,,TRUE,21431,17197,1.4192708333333333,1.4192183333333332,2005.253,7114.628,2005.295,7114.481,0.23999999999978172,0.27999999999974534,0.40099999999983993,0,0.0,0.3000000000001819,0.3000000000001819,1.6010000000001128,0,0.0,PASS,per-driver telemetry row
2019:French Grand Prix:Race,train,2019,French Grand Prix,Race,BOT,CACHED_SELECTED_LAP_STREAM,728,9,NEW_DOWNLOAD_EXPECTED,SUCCESS,,,TRUE,21346,17129,1.4136483333333334,1.4136069444444443,2005.253,7094.387,2005.295,7094.28,0.23999999999978172,0.27999999999974534,0.40099999999983993,0,0.0,0.3000000000001819,0.3000000000001819,1.6010000000001128,0,0.0,PASS,per-driver telemetry row
2019:French Grand Prix:Race,train,2019,French Grand Prix,Race,GAS,CACHED_SELECTED_LAP_STREAM,739,9,NEW_DOWNLOAD_EXPECTED,SUCCESS,,,TRUE,21338,17122,1.413126111111111,1.4130513888888887,2005.253,7092.507,2005.295,7092.28,0.23999999999978172,0.27999999999974534,0.40099999999983993,0,0.0,0.3000000000001819,0.3000000000001819,1.6010000000001128,0,0.0,PASS,per-driver telemetry row
2019:French Grand Prix:Race,train,2019,French Grand Prix,Race,GIO,CACHED_SELECTED_LAP_STREAM,748,9,NEW_DOWNLOAD_EXPECTED,SUCCESS,,,TRUE,21503,17255,1.4240483333333336,1.424023611111111,2005.253,7131.827,2005.295,7131.78,0.23999999999978172,0.27999999999974534,0.40099999999983993,0,0.0,0.3000000000001819,0.3000000000001819,1.6010000000001128,0,0.0,PASS,per-driver telemetry row
2019:French Grand Prix:Race,train,2019,French Grand Prix,Race,GRO,CACHED_SELECTED_LAP_STREAM,753,8,NEW_DOWNLOAD_EXPECTED,SUCCESS,,,TRUE,18598,14922,1.231546388888889,1.2315205555555555,2005.253,6438.82,2005.295,6438.769,0.23999999999978172,0.27999999999974534,0.40099999999983993,0,0.0,0.3000000000001819,0.3000000000001819,1.6010000000001128,0,0.0,PASS,per-driver telemetry row
2019:French Grand Prix:Race,train,2019,French Grand Prix,Race,HAM,CACHED_SELECTED_LAP_STREAM,726,9,NEW_DOWNLOAD_EXPECTED,SUCCESS,,,TRUE,21270,17068,1.408615,1.4085791666666667,2005.253,7076.267,2005.295,7076.18,0.23999999999978172,0.27999999999974534,0.40099999999983993,0,0.0,0.3000000000001819,0.3000000000001819,1.6010000000001128,0,0.0,PASS,per-driver telemetry row
2019:French Grand Prix:Race,train,2019,French Grand Prix,Race,HUL,CACHED_SELECTED_LAP_STREAM,743,9,NEW_DOWNLOAD_EXPECTED,SUCCESS,,,TRUE,21308,17099,1.4111150000000001,1.4111624999999999,2005.253,7085.267,2005.295,7085.48,0.23999999999978172,0.27999999999974534,0.40099999999983993,0,0.0,0.3000000000001819,0.3000000000001819,1.6010000000001128,0,0.0,PASS,per-driver telemetry row
2019:French Grand Prix:Race,train,2019,French Grand Prix,Race,KUB,CACHED_SELECTED_LAP_STREAM,754,9,NEW_DOWNLOAD_EXPECTED,SUCCESS,,,TRUE,21410,17180,1.417892777777778,1.4178291666666665,2005.253,7109.667,2005.295,7109.48,0.23999999999978172,0.27999999999974534,0.40099999999983993,0,0.0,0.3000000000001819,0.3000000000001819,1.6010000000001128,0,0.0,PASS,per-driver telemetry row
2019:French Grand Prix:Race,train,2019,French Grand Prix,Race,KVY,CACHED_SELECTED_LAP_STREAM,744,9,NEW_DOWNLOAD_EXPECTED,SUCCESS,,,TRUE,21420,17189,1.4185483333333335,1.4185791666666667,2005.253,7112.027,2005.295,7112.18,0.23999999999978172,0.27999999999974534,0.40099999999983993,0,0.0,0.3000000000001819,0.3000000000001819,1.6010000000001128,0,0.0,PASS,per-driver telemetry row
2019:French Grand Prix:Race,train,2019,French Grand Prix,Race,LEC,CACHED_SELECTED_LAP_STREAM,732,9,NEW_DOWNLOAD_EXPECTED,SUCCESS,,,TRUE,21350,17132,1.4139041666666667,1.4138569444444444,2005.253,7095.308,2005.295,7095.18,0.23999999999978172,0.27999999999974534,0.40099999999983993,0,0.0,0.3000000000001819,0.3000000000001819,1.6010000000001128,0,0.0,PASS,per-driver telemetry row
2019:French Grand Prix:Race,train,2019,French Grand Prix,Race,MAG,CACHED_SELECTED_LAP_STREAM,748,9,NEW_DOWNLOAD_EXPECTED,SUCCESS,,,TRUE,21524,17272,1.4254152777777778,1.4254127777777776,2005.253,7136.748,2005.295,7136.781,0.23999999999978172,0.27999999999974534,0.40099999999983993,0,0.0,0.3000000000001819,0.3000000000001819,1.6010000000001128,0,0.0,PASS,per-driver telemetry row
2019:French Grand Prix:Race,train,2019,French Grand Prix,Race,NOR,CACHED_SELECTED_LAP_STREAM,736,9,NEW_DOWNLOAD_EXPECTED,SUCCESS,,,TRUE,21316,17105,1.4116816666666667,1.4116622222222224,2005.253,7087.307,2005.295,7087.279,0.23999999999978172,0.27999999999974534,0.40099999999983993,0,0.0,0.3000000000001819,0.3000000000001819,1.6010000000001128,0,0.0,PASS,per-driver telemetry row
2019:French Grand Prix:Race,train,2019,French Grand Prix,Race,PER,CACHED_SELECTED_LAP_STREAM,746,9,NEW_DOWNLOAD_EXPECTED,SUCCESS,,,TRUE,21359,17140,1.4145038888888888,1.414523611111111,2005.253,7097.467,2005.295,7097.58,0.23999999999978172,0.27999999999974534,0.40099999999983993,0,0.0,0.3000000000001819,0.3000000000001819,1.6010000000001128,0,0.0,PASS,per-driver telemetry row
2019:French Grand Prix:Race,train,2019,French Grand Prix,Race,RAI,CACHED_SELECTED_LAP_STREAM,745,9,NEW_DOWNLOAD_EXPECTED,SUCCESS,,,TRUE,21306,17097,1.4109816666666668,1.4109958333333334,2005.253,7084.787,2005.295,7084.88,0.23999999999978172,0.27999999999974534,0.40099999999983993,0,0.0,0.3000000000001819,0.3000000000001819,1.6010000000001128,0,0.0,PASS,per-driver telemetry row
2019:French Grand Prix:Race,train,2019,French Grand Prix,Race,RIC,CACHED_SELECTED_LAP_STREAM,739,9,NEW_DOWNLOAD_EXPECTED,SUCCESS,,,TRUE,21302,17094,1.4107147222222223,1.4107458333333331,2005.253,7083.826,2005.295,7083.98,0.23999999999978172,0.27999999999974534,0.40099999999983993,0,0.0,0.3000000000001819,0.3000000000001819,1.6010000000001128,0,0.0,PASS,per-driver telemetry row
2019:French Grand Prix:Race,train,2019,French Grand Prix,Race,RUS,CACHED_SELECTED_LAP_STREAM,758,9,NEW_DOWNLOAD_EXPECTED,SUCCESS,,,TRUE,21448,17211,1.4203816666666669,1.4203847222222223,2005.253,7118.627,2005.295,7118.68,0.23999999999978172,0.27999999999974534,0.40099999999983993,0,0.0,0.3000000000001819,0.3000000000001819,1.6010000000001128,0,0.0,PASS,per-driver telemetry row
2019:French Grand Prix:Race,train,2019,French Grand Prix,Race,SAI,CACHED_SELECTED_LAP_STREAM,738,9,NEW_DOWNLOAD_EXPECTED,SUCCESS,,,TRUE,21670,17389,1.4351488888888888,1.4350794444444444,2005.253,7171.789,2005.295,7171.581,0.23999999999978172,0.27999999999974534,0.40099999999983993,0,0.0,0.3000000000001819,0.3000000000001819,1.6010000000001128,0,0.0,PASS,per-driver telemetry row
2019:French Grand Prix:Race,train,2019,French Grand Prix,Race,STR,CACHED_SELECTED_LAP_STREAM,748,9,NEW_DOWNLOAD_EXPECTED,SUCCESS,,,TRUE,21370,17148,1.4152150000000001,1.4151902777777776,2005.253,7100.027,2005.295,7099.98,0.23999999999978172,0.27999999999974534,0.40099999999983993,0,0.0,0.3000000000001819,0.3000000000001819,1.6010000000001128,0,0.0,PASS,per-driver telemetry row
2019:French Grand Prix:Race,train,2019,French Grand Prix,Race,VER,CACHED_SELECTED_LAP_STREAM,731,9,NEW_DOWNLOAD_EXPECTED,SUCCESS,,,TRUE,21416,17185,1.4182816666666667,1.4182458333333332,2005.253,7111.067,2005.295,7110.98,0.23999999999978172,0.27999999999974534,0.40099999999983993,0,0.0,0.3000000000001819,0.3000000000001819,1.6010000000001128,0,0.0,PASS,per-driver telemetry row
2019:French Grand Prix:Race,train,2019,French Grand Prix,Race,VET,CACHED_SELECTED_LAP_STREAM,730,9,NEW_DOWNLOAD_EXPECTED,SUCCESS,,,TRUE,21534,17279,1.4260708333333334,1.4259958333333334,2005.253,7139.108,2005.295,7138.88,0.23999999999978172,0.27999999999974534,0.40099999999983993,0,0.0,0.3000000000001819,0.3000000000001819,1.6010000000001128,0,0.0,PASS,per-driver telemetry row
2019:German Grand Prix:Race,train,2019,German Grand Prix,Race,ALB,CACHED_SELECTED_LAP_STREAM,696,11,NEW_DOWNLOAD_EXPECTED,SUCCESS,,,TRUE,26477,21148,1.7447847222222224,1.7447513888888888,2398.837,8680.062,2398.962,8680.067,0.23999999999978172,0.27999999999883585,0.4010000000002947,0,0.0,0.3000000000001819,0.3000000000001819,0.4000000000014552,0,0.0,PASS,per-driver telemetry row
2019:German Grand Prix:Race,train,2019,German Grand Prix,Race,BOT,CACHED_SELECTED_LAP_STREAM,680,10,NEW_DOWNLOAD_EXPECTED,SUCCESS,,,TRUE,23978,19153,1.5801497222222225,1.5801100000000001,2398.837,8087.376,2398.962,8087.358,0.23999999999978172,0.27999999999974534,0.4010000000002947,0,0.0,0.3000000000001819,0.3000000000001819,0.40000000000009095,0,0.0,PASS,per-driver telemetry row
2019:German Grand Prix:Race,train,2019,German Grand Prix,Race,GAS,CACHED_SELECTED_LAP_STREAM,703,11,NEW_DOWNLOAD_EXPECTED,SUCCESS,,,TRUE,26124,20866,1.7215847222222223,1.7214733333333334,2398.837,8596.542,2398.962,8596.266,0.23999999999978172,0.27999999999883585,0.4010000000002947,0,0.0,0.3000000000001819,0.3000000000001819,0.4000000000014552,0,0.0,PASS,per-driver telemetry row
2019:German Grand Prix:Race,train,2019,German Grand Prix,Race,GIO,CACHED_SELECTED_LAP_STREAM,699,11,NEW_DOWNLOAD_EXPECTED,SUCCESS,,,TRUE,26493,21161,1.7458400000000003,1.7458072222222225,2398.837,8683.861,2398.962,8683.868,0.23999999999978172,0.27999999999883585,0.4010000000002947,0,0.0,0.3000000000001819,0.3000000000001819,0.4000000000014552,0,0.0,PASS,per-driver telemetry row
2019:German Grand Prix:Race,train,2019,German Grand Prix,Race,GRO,CACHED_SELECTED_LAP_STREAM,705,11,NEW_DOWNLOAD_EXPECTED,SUCCESS,,,TRUE,26506,21171,1.746673611111111,1.7466402777777779,2398.837,8686.862,2398.962,8686.867,0.23999999999978172,0.27999999999883585,0.4010000000002947,0,0.0,0.3000000000001819,0.3000000000001819,0.4000000000014552,0,0.0,PASS,per-driver telemetry row
2019:German Grand Prix:Race,train,2019,German Grand Prix,Race,HAM,CACHED_SELECTED_LAP_STREAM,683,11,NEW_DOWNLOAD_EXPECTED,SUCCESS,,,TRUE,26518,21180,1.7474627777777778,1.7473905555555556,2398.837,8689.703,2398.962,8689.568,0.23999999999978172,0.27999999999883585,0.4010000000002947,0,0.0,0.3000000000001819,0.3000000000001819,0.4000000000014552,0,0.0,PASS,per-driver telemetry row
2019:German Grand Prix:Race,train,2019,German Grand Prix,Race,HUL,CACHED_SELECTED_LAP_STREAM,700,7,NEW_DOWNLOAD_EXPECTED,SUCCESS,,,TRUE,17272,13803,1.1387561111111113,1.1387136111111114,2398.837,6498.359,2398.962,6498.331,0.23999999999978172,0.27999999999974534,0.4010000000002947,0,0.0,0.3000000000001819,0.3000000000001819,0.40000000000009095,0,0.0,PASS,per-driver telemetry row
2019:German Grand Prix:Race,train,2019,German Grand Prix,Race,KUB,CACHED_SELECTED_LAP_STREAM,716,11,NEW_DOWNLOAD_EXPECTED,SUCCESS,,,TRUE,26541,21198,1.7489627777777776,1.748862777777778,2398.837,8695.103,2398.962,8694.868,0.23999999999978172,0.27999999999883585,0.4010000000002947,0,0.0,0.3000000000001819,0.3000000000001819,0.4000000000014552,0,0.0,PASS,per-driver telemetry row
2019:German Grand Prix:Race,train,2019,German Grand Prix,Race,KVY,CACHED_SELECTED_LAP_STREAM,703,11,NEW_DOWNLOAD_EXPECTED,SUCCESS,,,TRUE,26470,21142,1.744329166666667,1.7442516666666668,2398.837,8678.422,2398.962,8678.268,0.23999999999978172,0.27999999999883585,0.4010000000002947,0,0.0,0.3000000000001819,0.3000000000001819,0.4000000000014552,0,0.0,PASS,per-driver telemetry row
2019:German Grand Prix:Race,train,2019,German Grand Prix,Race,LEC,CACHED_SELECTED_LAP_STREAM,731,5,NEW_DOWNLOAD_EXPECTED,SUCCESS,,,TRUE,10966,8762,0.7228408333333334,0.7228177777777777,2398.837,5001.064,2398.962,5001.106,0.23999999999978172,0.27999999999974534,0.4010000000002947,0,0.0,0.3000000000001819,0.3000000000001819,0.40000000000009095,0,0.0,PASS,per-driver telemetry row
2019:German Grand Prix:Race,train,2019,German Grand Prix,Race,MAG,CACHED_SELECTED_LAP_STREAM,696,11,NEW_DOWNLOAD_EXPECTED,SUCCESS,,,TRUE,26514,21177,1.7472072222222221,1.7471405555555557,2398.837,8688.783,2398.962,8688.668,0.23999999999978172,0.27999999999883585,0.4010000000002947,0,0.0,0.3000000000001819,0.3000000000001819,0.4000000000014552,0,0.0,PASS,per-driver telemetry row
2019:German Grand Prix:Race,train,2019,German Grand Prix,Race,NOR,CACHED_SELECTED_LAP_STREAM,759,5,NEW_DOWNLOAD_EXPECTED,SUCCESS,,,TRUE,10450,8348,0.6887180555555555,0.6886505555555557,2398.837,4878.222,2398.962,4878.104,0.23999999999978172,0.27999999999974534,0.4010000000002947,0,0.0,0.3000000000001819,0.3000000000001819,0.40000000000009095,0,0.0,PASS,per-driver telemetry row
2019:German Grand Prix:Race,train,2019,German Grand Prix,Race,PER,CACHED_SELECTED_LAP_STREAM,857,1,NEW_DOWNLOAD_EXPECTED,SUCCESS,,,TRUE,1107,885,0.07298916666666666,0.07294583333333333,2398.837,2661.598,2398.962,2661.567,0.23999999999978172,0.27999999999974534,0.40000000000009095,0,0.0,0.3000000000001819,0.3000000000001819,0.40000000000009095,0,0.0,PASS,per-driver telemetry row
2019:German Grand Prix:Race,train,2019,German Grand Prix,Race,RAI,CACHED_SELECTED_LAP_STREAM,701,11,NEW_DOWNLOAD_EXPECTED,SUCCESS,,,TRUE,26486,21155,1.7453847222222223,1.7453072222222221,2398.837,8682.222,2398.962,8682.068,0.23999999999978172,0.27999999999883585,0.4010000000002947,0,0.0,0.3000000000001819,0.3000000000001819,0.4000000000014552,0,0.0,PASS,per-driver telemetry row
2019:German Grand Prix:Race,train,2019,German Grand Prix,Race,RIC,CACHED_SELECTED_LAP_STREAM,912,3,NEW_DOWNLOAD_EXPECTED,SUCCESS,,,TRUE,6250,4991,0.41171527777777783,0.4116458333333334,2398.837,3881.012,2398.962,3880.887,0.23999999999978172,0.27999999999974534,0.4010000000002947,0,0.0,0.3000000000001819,0.3000000000001819,0.40000000000009095,0,0.0,PASS,per-driver telemetry row
2019:German Grand Prix:Race,train,2019,German Grand Prix,Race,RUS,CACHED_SELECTED_LAP_STREAM,716,11,NEW_DOWNLOAD_EXPECTED,SUCCESS,,,TRUE,26547,21203,1.7493516666666669,1.7492794444444446,2398.837,8696.503,2398.962,8696.368,0.23999999999978172,0.27999999999883585,0.4010000000002947,0,0.0,0.3000000000001819,0.3000000000001819,0.4000000000014552,0,0.0,PASS,per-driver telemetry row
2019:German Grand Prix:Race,train,2019,German Grand Prix,Race,SAI,CACHED_SELECTED_LAP_STREAM,698,11,NEW_DOWNLOAD_EXPECTED,SUCCESS,,,TRUE,26475,21146,1.744651666666667,1.7445847222222226,2398.837,8679.583,2398.962,8679.467,0.23999999999978172,0.27999999999883585,0.4010000000002947,0,0.0,0.3000000000001819,0.3000000000001819,0.4000000000014552,0,0.0,PASS,per-driver telemetry row
2019:German Grand Prix:Race,train,2019,German Grand Prix,Race,STR,CACHED_SELECTED_LAP_STREAM,707,11,NEW_DOWNLOAD_EXPECTED,SUCCESS,,,TRUE,26472,21144,1.7444625000000002,1.7444180555555557,2398.837,8678.902,2398.962,8678.867,0.23999999999978172,0.27999999999883585,0.4010000000002947,0,0.0,0.3000000000001819,0.3000000000001819,0.4000000000014552,0,0.0,PASS,per-driver telemetry row
2019:German Grand Prix:Race,train,2019,German Grand Prix,Race,VER,CACHED_SELECTED_LAP_STREAM,685,11,NEW_DOWNLOAD_EXPECTED,SUCCESS,,,TRUE,26435,21114,1.7420291666666667,1.7419461111111114,2398.837,8670.142,2398.962,8669.968,0.23999999999978172,0.27999999999883585,0.4010000000002947,0,0.0,0.3000000000001819,0.3000000000001819,0.4000000000014552,0,0.0,PASS,per-driver telemetry row
2019:German Grand Prix:Race,train,2019,German Grand Prix,Race,VET,CACHED_SELECTED_LAP_STREAM,692,11,NEW_DOWNLOAD_EXPECTED,SUCCESS,,,TRUE,26466,21139,1.7440625,1.744001666666667,2398.837,8677.462,2398.962,8677.368,0.23999999999978172,0.27999999999883585,0.4010000000002947,0,0.0,0.3000000000001819,0.3000000000001819,0.4000000000014552,0,0.0,PASS,per-driver telemetry row
2019:Hungarian Grand Prix:Race,train,2019,Hungarian Grand Prix,Race,ALB,CACHED_SELECTED_LAP_STREAM,633,12,NEW_DOWNLOAD_EXPECTED,SUCCESS,,,TRUE,24242,19427,1.6028913888888887,1.6028602777777778,1969.107,7739.516,1969.105,7739.402,0.23999999999978172,0.24099999999998545,0.3999999999996362,0,0.0,0.3000000000001819,0.3000000000001819,0.30200000000058935,0,0.0,PASS,per-driver telemetry row
2019:Hungarian Grand Prix:Race,train,2019,Hungarian Grand Prix,Race,BOT,CACHED_SELECTED_LAP_STREAM,633,12,NEW_DOWNLOAD_EXPECTED,SUCCESS,,,TRUE,24097,19311,1.5933355555555555,1.5933047222222225,1969.107,7705.115,1969.105,7705.002,0.23999999999978172,0.24099999999998545,0.3999999999996362,0,0.0,0.3000000000001819,0.3000000000001819,0.30200000000058935,0,0.0,PASS,per-driver telemetry row
2019:Hungarian Grand Prix:Race,train,2019,Hungarian Grand Prix,Race,GAS,CACHED_SELECTED_LAP_STREAM,630,12,NEW_DOWNLOAD_EXPECTED,SUCCESS,,,TRUE,24083,19300,1.5924133333333335,1.5923880555555554,1969.107,7701.795,1969.105,7701.702,0.23999999999978172,0.24099999999998545,0.3999999999996362,0,0.0,0.3000000000001819,0.3000000000001819,0.30200000000058935,0,0.0,PASS,per-driver telemetry row
2019:Hungarian Grand Prix:Race,train,2019,Hungarian Grand Prix,Race,GIO,CACHED_SELECTED_LAP_STREAM,644,12,NEW_DOWNLOAD_EXPECTED,SUCCESS,,,TRUE,24269,19448,1.6046358333333335,1.6046102777777778,1969.107,7745.796,1969.105,7745.702,0.23999999999978172,0.24099999999998545,0.3999999999996362,0,0.0,0.3000000000001819,0.3000000000001819,0.30200000000058935,0,0.0,PASS,per-driver telemetry row
2019:Hungarian Grand Prix:Race,train,2019,Hungarian Grand Prix,Race,GRO,CACHED_SELECTED_LAP_STREAM,638,9,NEW_DOWNLOAD_EXPECTED,SUCCESS,,,TRUE,17456,14029,1.1574975,1.157463888888889,1969.107,6136.098,1969.105,6135.975,0.23999999999978172,0.24099999999998545,0.3999999999996362,0,0.0,0.3000000000001819,0.3000000000001819,0.3010000000003856,0,0.0,PASS,per-driver telemetry row
2019:Hungarian Grand Prix:Race,train,2019,Hungarian Grand Prix,Race,HAM,CACHED_SELECTED_LAP_STREAM,615,12,NEW_DOWNLOAD_EXPECTED,SUCCESS,,,TRUE,23961,19203,1.58438,1.584387777777778,1969.107,7672.875,1969.105,7672.901,0.23999999999978172,0.24099999999998545,0.3999999999996362,0,0.0,0.3000000000001819,0.3000000000001819,0.30200000000058935,0,0.0,PASS,per-driver telemetry row
2019:Hungarian Grand Prix:Race,train,2019,Hungarian Grand Prix,Race,HUL,CACHED_SELECTED_LAP_STREAM,636,12,NEW_DOWNLOAD_EXPECTED,SUCCESS,,,TRUE,24292,19466,1.6061355555555554,1.6060825000000003,1969.107,7751.195,1969.105,7751.002,0.23999999999978172,0.24099999999998545,0.3999999999996362,0,0.0,0.3000000000001819,0.3000000000001819,0.30200000000058935,0,0.0,PASS,per-driver telemetry row
2019:Hungarian Grand Prix:Race,train,2019,Hungarian Grand Prix,Race,KUB,CACHED_SELECTED_LAP_STREAM,642,12,NEW_DOWNLOAD_EXPECTED,SUCCESS,,,TRUE,24005,19238,1.587291111111111,1.5872769444444446,1969.107,7683.355,1969.105,7683.302,0.23999999999978172,0.24099999999998545,0.3999999999996362,0,0.0,0.3000000000001819,0.3000000000001819,0.30200000000058935,0,0.0,PASS,per-driver telemetry row
2019:Hungarian Grand Prix:Race,train,2019,Hungarian Grand Prix,Race,KVY,CACHED_SELECTED_LAP_STREAM,633,12,NEW_DOWNLOAD_EXPECTED,SUCCESS,,,TRUE,23983,19221,1.5858136111111112,1.5858599999999998,1969.107,7678.036,1969.105,7678.201,0.23999999999978172,0.24099999999998545,0.3999999999996362,0,0.0,0.3000000000001819,0.3000000000001819,0.30200000000058935,0,0.0,PASS,per-driver telemetry row
2019:Hungarian Grand Prix:Race,train,2019,Hungarian Grand Prix,Race,LEC,CACHED_SELECTED_LAP_STREAM,623,12,NEW_DOWNLOAD_EXPECTED,SUCCESS,,,TRUE,24236,19423,1.6025022222222223,1.6025269444444443,1969.107,7738.115,1969.105,7738.202,0.23999999999978172,0.24099999999998545,0.3999999999996362,0,0.0,0.3000000000001819,0.3000000000001819,0.30200000000058935,0,0.0,PASS,per-driver telemetry row
2019:Hungarian Grand Prix:Race,train,2019,Hungarian Grand Prix,Race,MAG,CACHED_SELECTED_LAP_STREAM,633,12,NEW_DOWNLOAD_EXPECTED,SUCCESS,,,TRUE,24295,19469,1.6063247222222223,1.6063325000000002,1969.107,7751.876,1969.105,7751.902,0.23999999999978172,0.24099999999998545,0.3999999999996362,0,0.0,0.3000000000001819,0.3000000000001819,0.30200000000058935,0,0.0,PASS,per-driver telemetry row
2019:Hungarian Grand Prix:Race,train,2019,Hungarian Grand Prix,Race,NOR,CACHED_SELECTED_LAP_STREAM,630,12,NEW_DOWNLOAD_EXPECTED,SUCCESS,,,TRUE,24119,19329,1.594791111111111,1.5947769444444444,1969.107,7710.355,1969.105,7710.302,0.23999999999978172,0.24099999999998545,0.3999999999996362,0,0.0,0.3000000000001819,0.3000000000001819,0.30200000000058935,0,0.0,PASS,per-driver telemetry row
2019:Hungarian Grand Prix:Race,train,2019,Hungarian Grand Prix,Race,PER,CACHED_SELECTED_LAP_STREAM,635,12,NEW_DOWNLOAD_EXPECTED,SUCCESS,,,TRUE,24289,19464,1.6059358333333333,1.6059161111111113,1969.107,7750.476,1969.105,7750.403,0.23999999999978172,0.24099999999998545,0.3999999999996362,0,0.0,0.3000000000001819,0.3000000000001819,0.30200000000058935,0,0.0,PASS,per-driver telemetry row
2019:Hungarian Grand Prix:Race,train,2019,Hungarian Grand Prix,Race,RAI,CACHED_SELECTED_LAP_STREAM,633,12,NEW_DOWNLOAD_EXPECTED,SUCCESS,,,TRUE,24094,19309,1.5931355555555557,1.5931380555555557,1969.107,7704.395,1969.105,7704.402,0.23999999999978172,0.24099999999998545,0.3999999999996362,0,0.0,0.3000000000001819,0.3000000000001819,0.30200000000058935,0,0.0,PASS,per-driver telemetry row
2019:Hungarian Grand Prix:Race,train,2019,Hungarian Grand Prix,Race,RIC,CACHED_SELECTED_LAP_STREAM,650,12,NEW_DOWNLOAD_EXPECTED,SUCCESS,,,TRUE,24296,19470,1.606391388888889,1.6064158333333332,1969.107,7752.116,1969.105,7752.202,0.23999999999978172,0.24099999999998545,0.3999999999996362,0,0.0,0.3000000000001819,0.3000000000001819,0.30200000000058935,0,0.0,PASS,per-driver telemetry row
2019:Hungarian Grand Prix:Race,train,2019,Hungarian Grand Prix,Race,RUS,CACHED_SELECTED_LAP_STREAM,655,12,NEW_DOWNLOAD_EXPECTED,SUCCESS,,,TRUE,24214,19405,1.6010469444444446,1.6010547222222224,1969.107,7732.876,1969.105,7732.902,0.23999999999978172,0.24099999999998545,0.3999999999996362,0,0.0,0.3000000000001819,0.3000000000001819,0.30200000000058935,0,0.0,PASS,per-driver telemetry row
2019:Hungarian Grand Prix:Race,train,2019,Hungarian Grand Prix,Race,SAI,CACHED_SELECTED_LAP_STREAM,629,12,NEW_DOWNLOAD_EXPECTED,SUCCESS,,,TRUE,24077,19295,1.5920244444444445,1.591971111111111,1969.107,7700.395,1969.105,7700.201,0.23999999999978172,0.24099999999998545,0.3999999999996362,0,0.0,0.3000000000001819,0.3000000000001819,0.30200000000058935,0,0.0,PASS,per-driver telemetry row
2019:Hungarian Grand Prix:Race,train,2019,Hungarian Grand Prix,Race,STR,CACHED_SELECTED_LAP_STREAM,646,12,NEW_DOWNLOAD_EXPECTED,SUCCESS,,,TRUE,24230,19418,1.6021133333333333,1.6021102777777778,1969.107,7736.715,1969.105,7736.702,0.23999999999978172,0.24099999999998545,0.3999999999996362,0,0.0,0.3000000000001819,0.3000000000001819,0.30200000000058935,0,0.0,PASS,per-driver telemetry row
2019:Hungarian Grand Prix:Race,train,2019,Hungarian Grand Prix,Race,VER,CACHED_SELECTED_LAP_STREAM,614,12,NEW_DOWNLOAD_EXPECTED,SUCCESS,,,TRUE,24036,19263,1.5893244444444445,1.5893325,1969.107,7690.675,1969.105,7690.702,0.23999999999978172,0.24099999999998545,0.3999999999996362,0,0.0,0.3000000000001819,0.3000000000001819,0.30200000000058935,0,0.0,PASS,per-driver telemetry row
2019:Hungarian Grand Prix:Race,train,2019,Hungarian Grand Prix,Race,VET,CACHED_SELECTED_LAP_STREAM,619,12,NEW_DOWNLOAD_EXPECTED,SUCCESS,,,TRUE,24220,19410,1.6014580555555555,1.601443888888889,1969.107,7734.356,1969.105,7734.303,0.23999999999978172,0.24099999999998545,0.3999999999996362,0,0.0,0.3000000000001819,0.3000000000001819,0.30200000000058935,0,0.0,PASS,per-driver telemetry row
2019:Italian Grand Prix:Race,train,2019,Italian Grand Prix,Race,ALB,CACHED_SELECTED_LAP_STREAM,640,9,NEW_DOWNLOAD_EXPECTED,SUCCESS,,,TRUE,18828,15439,1.2738241666666665,1.2738541666666667,2000.332,6586.099,2000.127,6586.002,0.23999999999978172,0.27999999999974534,0.4010000000002947,0,0.0,0.3000000000001819,0.3000000000001819,0.4000000000005457,0,0.0,PASS,per-driver telemetry row
2019:Italian Grand Prix:Race,train,2019,Italian Grand Prix,Race,BOT,CACHED_SELECTED_LAP_STREAM,635,9,NEW_DOWNLOAD_EXPECTED,SUCCESS,,,TRUE,18587,15242,1.2575908333333332,1.2576038888888887,2000.332,6527.659,2000.127,6527.501,0.23999999999978172,0.27999999999974534,0.4010000000002947,0,0.0,0.3000000000001819,0.3000000000001819,0.4000000000005457,0,0.0,PASS,per-driver telemetry row
2019:Italian Grand Prix:Race,train,2019,Italian Grand Prix,Race,GAS,CACHED_SELECTED_LAP_STREAM,645,9,NEW_DOWNLOAD_EXPECTED,SUCCESS,,,TRUE,18609,15261,1.2590686111111111,1.2591594444444445,2000.332,6532.979,2000.127,6533.101,0.23999999999978172,0.27999999999974534,0.4010000000002947,0,0.0,0.3000000000001819,0.3000000000001819,0.4000000000005457,0,0.0,PASS,per-driver telemetry row
2019:Italian Grand Prix:Race,train,2019,Italian Grand Prix,Race,GIO,CACHED_SELECTED_LAP_STREAM,640,9,NEW_DOWNLOAD_EXPECTED,SUCCESS,,,TRUE,18596,15250,1.2581797222222222,1.2582430555555553,2000.332,6529.779,2000.127,6529.802,0.23999999999978172,0.27999999999974534,0.4010000000002947,0,0.0,0.3000000000001819,0.3000000000001819,0.4000000000005457,0,0.0,PASS,per-driver telemetry row
2019:Italian Grand Prix:Race,train,2019,Italian Grand Prix,Race,GRO,CACHED_SELECTED_LAP_STREAM,644,9,NEW_DOWNLOAD_EXPECTED,SUCCESS,,,TRUE,18933,15525,1.2809355555555555,1.2809377777777777,2000.332,6611.7,2000.127,6611.503,0.23999999999978172,0.27999999999974534,0.4010000000002947,0,0.0,0.3000000000001819,0.3000000000001819,0.4000000000005457,0,0.0,PASS,per-driver telemetry row
2019:Italian Grand Prix:Race,train,2019,Italian Grand Prix,Race,HAM,CACHED_SELECTED_LAP_STREAM,636,9,NEW_DOWNLOAD_EXPECTED,SUCCESS,,,TRUE,18729,15358,1.2671688888888888,1.2671597222222222,2000.332,6562.14,2000.127,6561.902,0.23999999999978172,0.27999999999974534,0.4010000000002947,0,0.0,0.3000000000001819,0.3000000000001819,0.4000000000005457,0,0.0,PASS,per-driver telemetry row
2019:Italian Grand Prix:Race,train,2019,Italian Grand Prix,Race,HUL,CACHED_SELECTED_LAP_STREAM,641,9,NEW_DOWNLOAD_EXPECTED,SUCCESS,,,TRUE,18824,15436,1.273546388888889,1.2736041666666669,2000.332,6585.099,2000.127,6585.102,0.23999999999978172,0.27999999999974534,0.4010000000002947,0,0.0,0.3000000000001819,0.3000000000001819,0.4000000000005457,0,0.0,PASS,per-driver telemetry row
2019:Italian Grand Prix:Race,train,2019,Italian Grand Prix,Race,KUB,MISSING_FROM_SUPPLIED_ARCHIVE,0,,NEW_DOWNLOAD_EXPECTED,SUCCESS,,,TRUE,18696,15332,1.2649686111111111,1.2650205555555556,2000.332,6554.219,2000.127,6554.201,0.23999999999978172,0.27999999999974534,0.4010000000002947,0,0.0,0.3000000000001819,0.3000000000001819,0.4000000000005457,0,0.0,PASS,per-driver telemetry row
2019:Italian Grand Prix:Race,train,2019,Italian Grand Prix,Race,KVY,MISSING_FROM_SUPPLIED_ARCHIVE,0,,NEW_DOWNLOAD_EXPECTED,SUCCESS,,,TRUE,11045,9064,0.7477969444444443,0.7478177777777777,2000.332,4692.401,2000.127,4692.271,0.23999999999978172,0.2800000000002001,0.4010000000002947,0,0.0,0.3000000000001819,0.3000000000001819,0.3010000000003856,0,0.0,PASS,per-driver telemetry row
2019:Italian Grand Prix:Race,train,2019,Italian Grand Prix,Race,LEC,MISSING_FROM_SUPPLIED_ARCHIVE,0,,NEW_DOWNLOAD_EXPECTED,SUCCESS,,,TRUE,18584,15240,1.2573908333333332,1.257437222222222,2000.332,6526.939,2000.127,6526.901,0.23999999999978172,0.27999999999974534,0.4010000000002947,0,0.0,0.3000000000001819,0.3000000000001819,0.4000000000005457,0,0.0,PASS,per-driver telemetry row
2019:Italian Grand Prix:Race,train,2019,Italian Grand Prix,Race,MAG,MISSING_FROM_SUPPLIED_ARCHIVE,0,,NEW_DOWNLOAD_EXPECTED,SUCCESS,,,TRUE,15642,12829,1.0584333333333333,1.0584619444444445,2000.332,5810.692,2000.127,5810.59,0.23999999999978172,0.27999999999974534,0.4010000000002947,0,0.0,0.3000000000001819,0.3000000000001819,0.4000000000005457,0,0.0,PASS,per-driver telemetry row
2019:Italian Grand Prix:Race,train,2019,Italian Grand Prix,Race,NOR,MISSING_FROM_SUPPLIED_ARCHIVE,0,,NEW_DOWNLOAD_EXPECTED,SUCCESS,,,TRUE,18602,15255,1.2585908333333333,1.258659722222222,2000.332,6531.259,2000.127,6531.302,0.23999999999978172,0.27999999999974534,0.4010000000002947,0,0.0,0.3000000000001819,0.3000000000001819,0.4000000000005457,0,0.0,PASS,per-driver telemetry row
2019:Italian Grand Prix:Race,train,2019,Italian Grand Prix,Race,PER,MISSING_FROM_SUPPLIED_ARCHIVE,0,,NEW_DOWNLOAD_EXPECTED,SUCCESS,,,TRUE,18888,15488,1.27788,1.2778819444444445,2000.332,6600.7,2000.127,6600.502,0.23999999999978172,0.27999999999974534,0.4010000000002947,0,0.0,0.3000000000001819,0.3000000000001819,0.4000000000005457,0,0.0,PASS,per-driver telemetry row
2019:Italian Grand Prix:Race,train,2019,Italian Grand Prix,Race,RAI,MISSING_FROM_SUPPLIED_ARCHIVE,0,,NEW_DOWNLOAD_EXPECTED,SUCCESS,,,TRUE,18852,15459,1.275468888888889,1.2754930555555555,2000.332,6592.02,2000.127,6591.902,0.23999999999978172,0.27999999999974534,0.4010000000002947,0,0.0,0.3000000000001819,0.3000000000001819,0.4000000000005457,0,0.0,PASS,per-driver telemetry row
2019:Italian Grand Prix:Race,train,2019,Italian Grand Prix,Race,RIC,MISSING_FROM_SUPPLIED_ARCHIVE,0,,NEW_DOWNLOAD_EXPECTED,SUCCESS,,,TRUE,18771,15393,1.2700019444444444,1.270048611111111,2000.332,6572.339,2000.127,6572.302,0.23999999999978172,0.27999999999974534,0.4010000000002947,0,0.0,0.3000000000001819,0.3000000000001819,0.4000000000005457,0,0.0,PASS,per-driver telemetry row
2019:Italian Grand Prix:Race,train,2019,Italian Grand Prix,Race,RUS,MISSING_FROM_SUPPLIED_ARCHIVE,0,,NEW_DOWNLOAD_EXPECTED,SUCCESS,,,TRUE,18752,15377,1.2687022222222222,1.2687430555555557,2000.332,6567.66,2000.127,6567.602,0.23999999999978172,0.27999999999974534,0.4010000000002947,0,0.0,0.3000000000001819,0.3000000000001819,0.4000000000005457,0,0.0,PASS,per-driver telemetry row
2019:Italian Grand Prix:Race,train,2019,Italian Grand Prix,Race,SAI,MISSING_FROM_SUPPLIED_ARCHIVE,0,,NEW_DOWNLOAD_EXPECTED,SUCCESS,,,TRUE,9585,7863,0.6486958333333331,0.6487050000000001,2000.332,4335.637,2000.127,4335.465,0.23999999999978172,0.2800000000002001,0.4010000000002947,0,0.0,0.3000000000001819,0.3000000000001819,0.3010000000003856,0,0.0,PASS,per-driver telemetry row
2019:Italian Grand Prix:Race,train,2019,Italian Grand Prix,Race,STR,MISSING_FROM_SUPPLIED_ARCHIVE,0,,NEW_DOWNLOAD_EXPECTED,SUCCESS,,,TRUE,18662,15304,1.2626463888888888,1.2627152777777777,2000.332,6545.859,2000.127,6545.902,0.23999999999978172,0.27999999999974534,0.4010000000002947,0,0.0,0.3000000000001819,0.3000000000001819,0.4000000000005457,0,0.0,PASS,per-driver telemetry row
2019:Italian Grand Prix:Race,train,2019,Italian Grand Prix,Race,VER,MISSING_FROM_SUPPLIED_ARCHIVE,0,,NEW_DOWNLOAD_EXPECTED,SUCCESS,,,TRUE,18891,15491,1.2780799999999999,1.2781322222222222,2000.332,6601.42,2000.127,6601.403,0.23999999999978172,0.27999999999974534,0.4010000000002947,0,0.0,0.3000000000001819,0.3000000000001819,0.4000000000005457,0,0.0,PASS,per-driver telemetry row
2019:Italian Grand Prix:Race,train,2019,Italian Grand Prix,Race,VET,MISSING_FROM_SUPPLIED_ARCHIVE,0,,NEW_DOWNLOAD_EXPECTED,SUCCESS,,,TRUE,18745,15372,1.2682463888888889,1.268326388888889,2000.332,6566.019,2000.127,6566.102,0.23999999999978172,0.27999999999974534,0.4010000000002947,0,0.0,0.3000000000001819,0.3000000000001819,0.4000000000005457,0,0.0,PASS,per-driver telemetry row
2020:70th Anniversary Grand Prix:Race,train,2020,70th Anniversary Grand Prix,Race,ALB,CACHED_SELECTED_LAP_STREAM,788,9,NEW_DOWNLOAD_EXPECTED,SUCCESS,,,TRUE,19864,21981,1.3391919444444444,1.3392033333333333,1997.109,6818.2,1997.192,6818.324,0.23999999999978172,0.27999999999974534,0.4010000000007494,0,0.0,0.22000000000025466,0.22000000000025466,0.24000000000023647,0,0.0,PASS,per-driver telemetry row
2020:70th Anniversary Grand Prix:Race,train,2020,70th Anniversary Grand Prix,Race,BOT,CACHED_SELECTED_LAP_STREAM,776,9,NEW_DOWNLOAD_EXPECTED,SUCCESS,,,TRUE,19783,21890,1.3337030555555556,1.3336588888888887,1997.109,6798.44,1997.192,6798.364,0.23999999999978172,0.27999999999974534,0.4010000000007494,0,0.0,0.22000000000025466,0.22000000000025466,0.24000000000023647,0,0.0,PASS,per-driver telemetry row
2020:70th Anniversary Grand Prix:Race,train,2020,70th Anniversary Grand Prix,Race,GAS,CACHED_SELECTED_LAP_STREAM,791,9,NEW_DOWNLOAD_EXPECTED,SUCCESS,,,TRUE,19994,22124,1.347936388888889,1.3479144444444444,1997.109,6849.68,1997.192,6849.684,0.23999999999978172,0.27999999999974534,0.4010000000007494,0,0.0,0.22000000000025466,0.22000000000025466,0.24000000000023647,0,0.0,PASS,per-driver telemetry row
2020:70th Anniversary Grand Prix:Race,train,2020,70th Anniversary Grand Prix,Race,GIO,CACHED_SELECTED_LAP_STREAM,786,9,NEW_DOWNLOAD_EXPECTED,SUCCESS,,,TRUE,19831,21944,1.3369475000000002,1.3369477777777776,1997.109,6810.12,1997.192,6810.204,0.23999999999978172,0.27999999999974534,0.4010000000007494,0,0.0,0.22000000000025466,0.22000000000025466,0.24000000000023647,0,0.0,PASS,per-driver telemetry row
2020:70th Anniversary Grand Prix:Race,train,2020,70th Anniversary Grand Prix,Race,GRO,CACHED_SELECTED_LAP_STREAM,790,9,NEW_DOWNLOAD_EXPECTED,SUCCESS,,,TRUE,19807,21917,1.3353363888888887,1.3353033333333333,1997.109,6804.32,1997.192,6804.284,0.23999999999978172,0.27999999999974534,0.4010000000007494,0,0.0,0.22000000000025466,0.22000000000025466,0.24000000000023647,0,0.0,PASS,per-driver telemetry row
2020:70th Anniversary Grand Prix:Race,train,2020,70th Anniversary Grand Prix,Race,HAM,CACHED_SELECTED_LAP_STREAM,776,9,NEW_DOWNLOAD_EXPECTED,SUCCESS,,,TRUE,19750,21854,1.3315030555555556,1.3314644444444443,1997.109,6790.52,1997.192,6790.464,0.23999999999978172,0.27999999999974534,0.4010000000007494,0,0.0,0.22000000000025466,0.22000000000025466,0.24000000000023647,0,0.0,PASS,per-driver telemetry row
2020:70th Anniversary Grand Prix:Race,train,2020,70th Anniversary Grand Prix,Race,HUL,CACHED_SELECTED_LAP_STREAM,780,9,NEW_DOWNLOAD_EXPECTED,SUCCESS,,,TRUE,19934,22057,1.3438922222222225,1.3438313888888889,1997.109,6835.121,1997.192,6834.985,0.23999999999978172,0.27999999999974534,0.4010000000007494,0,0.0,0.22000000000025466,0.22000000000025466,0.24000000000023647,0,0.0,PASS,per-driver telemetry row
2020:70th Anniversary Grand Prix:Race,train,2020,70th Anniversary Grand Prix,Race,KVY,CACHED_SELECTED_LAP_STREAM,791,9,NEW_DOWNLOAD_EXPECTED,SUCCESS,,,TRUE,19990,22120,1.3476699999999997,1.34767,1997.109,6848.721,1997.192,6848.804,0.23999999999978172,0.27999999999974534,0.4010000000007494,0,0.0,0.22000000000025466,0.22000000000025466,0.24000000000023647,0,0.0,PASS,per-driver telemetry row
2020:70th Anniversary Grand Prix:Race,train,2020,70th Anniversary Grand Prix,Race,LAT,CACHED_SELECTED_LAP_STREAM,785,9,NEW_DOWNLOAD_EXPECTED,SUCCESS,,,TRUE,19837,21950,1.3373475000000004,1.3373144444444445,1997.109,6811.56,1997.192,6811.524,0.23999999999978172,0.27999999999974534,0.4010000000007494,0,0.0,0.22000000000025466,0.22000000000025466,0.24000000000023647,0,0.0,PASS,per-driver telemetry row
2020:70th Anniversary Grand Prix:Race,train,2020,70th Anniversary Grand Prix,Race,LEC,CACHED_SELECTED_LAP_STREAM,780,9,NEW_DOWNLOAD_EXPECTED,SUCCESS,,,TRUE,19824,21936,1.336458888888889,1.3364591666666665,1997.109,6808.361,1997.192,6808.445,0.23999999999978172,0.27999999999974534,0.4010000000007494,0,0.0,0.22000000000025466,0.22000000000025466,0.24000000000023647,0,0.0,PASS,per-driver telemetry row
2020:70th Anniversary Grand Prix:Race,train,2020,70th Anniversary Grand Prix,Race,MAG,CACHED_SELECTED_LAP_STREAM,792,8,NEW_DOWNLOAD_EXPECTED,SUCCESS,,,TRUE,16876,18672,1.137636111111111,1.1375872222222223,1997.109,6092.599,1997.192,6092.506,0.23999999999978172,0.27999999999974534,0.4010000000007494,0,0.0,0.22000000000025466,0.22000000000025466,0.24000000000023647,0,0.0,PASS,per-driver telemetry row
2020:70th Anniversary Grand Prix:Race,train,2020,70th Anniversary Grand Prix,Race,NOR,CACHED_SELECTED_LAP_STREAM,779,9,NEW_DOWNLOAD_EXPECTED,SUCCESS,,,TRUE,19973,22101,1.346514166666667,1.3465144444444446,1997.109,6844.56,1997.192,6844.644,0.23999999999978172,0.27999999999974534,0.4010000000007494,0,0.0,0.22000000000025466,0.22000000000025466,0.24000000000023647,0,0.0,PASS,per-driver telemetry row
2020:70th Anniversary Grand Prix:Race,train,2020,70th Anniversary Grand Prix,Race,OCO,CACHED_SELECTED_LAP_STREAM,791,9,NEW_DOWNLOAD_EXPECTED,SUCCESS,,,TRUE,19970,22098,1.3463141666666667,1.3463311111111111,1997.109,6843.84,1997.192,6843.984,0.23999999999978172,0.27999999999974534,0.4010000000007494,0,0.0,0.22000000000025466,0.22000000000025466,0.24000000000023647,0,0.0,PASS,per-driver telemetry row
2020:70th Anniversary Grand Prix:Race,train,2020,70th Anniversary Grand Prix,Race,RAI,CACHED_SELECTED_LAP_STREAM,793,9,NEW_DOWNLOAD_EXPECTED,SUCCESS,,,TRUE,19798,21907,1.3347030555555557,1.3346925,1997.109,6802.04,1997.192,6802.085,0.23999999999978172,0.27999999999974534,0.4010000000007494,0,0.0,0.22000000000025466,0.22000000000025466,0.24000000000023647,0,0.0,PASS,per-driver telemetry row
2020:70th Anniversary Grand Prix:Race,train,2020,70th Anniversary Grand Prix,Race,RIC,CACHED_SELECTED_LAP_STREAM,781,9,NEW_DOWNLOAD_EXPECTED,SUCCESS,,,TRUE,19731,21833,1.330214166666667,1.330181111111111,1997.109,6785.88,1997.192,6785.844,0.23999999999978172,0.27999999999974534,0.4010000000007494,0,0.0,0.22000000000025466,0.22000000000025466,0.24000000000023647,0,0.0,PASS,per-driver telemetry row
2020:70th Anniversary Grand Prix:Race,train,2020,70th Anniversary Grand Prix,Race,RUS,CACHED_SELECTED_LAP_STREAM,941,9,NEW_DOWNLOAD_EXPECTED,SUCCESS,,,TRUE,19835,21948,1.3372141666666666,1.3371922222222221,1997.109,6811.08,1997.192,6811.084,0.23999999999978172,0.27999999999974534,0.4010000000007494,0,0.0,0.22000000000025466,0.22000000000025466,0.24000000000023647,0,0.0,PASS,per-driver telemetry row
2020:70th Anniversary Grand Prix:Race,train,2020,70th Anniversary Grand Prix,Race,SAI,CACHED_SELECTED_LAP_STREAM,784,9,NEW_DOWNLOAD_EXPECTED,SUCCESS,,,TRUE,20008,22140,1.3488922222222224,1.3488869444444445,1997.109,6853.121,1997.192,6853.185,0.23999999999978172,0.27999999999974534,0.4010000000007494,0,0.0,0.22000000000025466,0.22000000000025466,0.24000000000023647,0,0.0,PASS,per-driver telemetry row
2020:70th Anniversary Grand Prix:Race,train,2020,70th Anniversary Grand Prix,Race,STR,CACHED_SELECTED_LAP_STREAM,781,9,NEW_DOWNLOAD_EXPECTED,SUCCESS,,,TRUE,19878,21996,1.3401144444444446,1.340114722222222,1997.109,6821.521,1997.192,6821.605,0.23999999999978172,0.27999999999974534,0.4010000000007494,0,0.0,0.22000000000025466,0.22000000000025466,0.24000000000023647,0,0.0,PASS,per-driver telemetry row
2020:70th Anniversary Grand Prix:Race,train,2020,70th Anniversary Grand Prix,Race,VER,CACHED_SELECTED_LAP_STREAM,776,9,NEW_DOWNLOAD_EXPECTED,SUCCESS,,,TRUE,19703,21802,1.3283252777777776,1.3282922222222222,1997.109,6779.08,1997.192,6779.044,0.23999999999978172,0.27999999999974534,0.4010000000007494,0,0.0,0.22000000000025466,0.22000000000025466,0.24000000000023647,0,0.0,PASS,per-driver telemetry row
2020:70th Anniversary Grand Prix:Race,train,2020,70th Anniversary Grand Prix,Race,VET,CACHED_SELECTED_LAP_STREAM,790,9,NEW_DOWNLOAD_EXPECTED,SUCCESS,,,TRUE,20006,22137,1.3487477777777779,1.348703611111111,1997.109,6852.601,1997.192,6852.525,0.23999999999978172,0.27999999999974534,0.4010000000007494,0,0.0,0.22000000000025466,0.22000000000025466,0.24000000000023647,0,0.0,PASS,per-driver telemetry row
2020:Bahrain Grand Prix:Race,train,2020,Bahrain Grand Prix,Race,ALB,CACHED_SELECTED_LAP_STREAM,831,10,NEW_DOWNLOAD_EXPECTED,SUCCESS,,,TRUE,44495,49215,2.9987294444444443,2.9987816666666665,2017.116,12812.542,2016.948,12812.562,0.23999999999978172,0.27999999999974534,0.47999999999956344,0,0.0,0.2199999999997999,0.22000000000116415,0.9400000000005093,0,0.0,PASS,per-driver telemetry row
2020:Bahrain Grand Prix:Race,train,2020,Bahrain Grand Prix,Race,BOT,CACHED_SELECTED_LAP_STREAM,860,10,NEW_DOWNLOAD_EXPECTED,SUCCESS,,,TRUE,44543,49268,3.0019405555555556,3.0020094444444445,2017.116,12824.102,2016.948,12824.182,0.23999999999978172,0.27999999999974534,0.47999999999956344,0,0.0,0.2199999999997999,0.22000000000116415,0.9400000000005093,0,0.0,PASS,per-driver telemetry row
2020:Bahrain Grand Prix:Race,train,2020,Bahrain Grand Prix,Race,GAS,CACHED_SELECTED_LAP_STREAM,848,10,NEW_DOWNLOAD_EXPECTED,SUCCESS,,,TRUE,44511,49233,2.999785,2.999881388888889,2017.116,12816.342,2016.948,12816.521,0.23999999999978172,0.27999999999974534,0.47999999999956344,0,0.0,0.2199999999997999,0.22000000000116415,0.9400000000005093,0,0.0,PASS,per-driver telemetry row
2020:Bahrain Grand Prix:Race,train,2020,Bahrain Grand Prix,Race,GIO,CACHED_SELECTED_LAP_STREAM,863,10,NEW_DOWNLOAD_EXPECTED,SUCCESS,,,TRUE,44504,49225,2.999318611111111,2.999392777777778,2017.116,12814.663,2016.948,12814.762,0.23999999999978172,0.27999999999974534,0.47999999999956344,0,0.0,0.2199999999997999,0.22000000000116415,0.9400000000005093,0,0.0,PASS,per-driver telemetry row
2020:Bahrain Grand Prix:Race,train,2020,Bahrain Grand Prix,Race,GRO,CACHED_SELECTED_LAP_STREAM,1111,1,NEW_DOWNLOAD_EXPECTED,SUCCESS,,,TRUE,525,584,0.035500277777777756,0.03552222222222219,2017.116,2144.917,2016.948,2144.828,0.2400000000000091,0.2799999999999727,0.3609999999998763,0,0.0,0.22000000000002728,0.22000000000025466,0.22000000000025466,0,0.0,PASS,per-driver telemetry row
2020:Bahrain Grand Prix:Race,train,2020,Bahrain Grand Prix,Race,HAM,CACHED_SELECTED_LAP_STREAM,821,10,NEW_DOWNLOAD_EXPECTED,SUCCESS,,,TRUE,44462,49179,2.996496111111111,2.9965872222222223,2017.116,12804.502,2016.948,12804.662,0.23999999999978172,0.27999999999974534,0.47999999999956344,0,0.0,0.2199999999997999,0.22000000000116415,0.9400000000005093,0,0.0,PASS,per-driver telemetry row
2020:Bahrain Grand Prix:Race,train,2020,Bahrain Grand Prix,Race,KVY,CACHED_SELECTED_LAP_STREAM,850,10,NEW_DOWNLOAD_EXPECTED,SUCCESS,,,TRUE,44469,49187,2.996985,2.9970761111111113,2017.116,12806.262,2016.948,12806.422,0.23999999999978172,0.27999999999974534,0.47999999999956344,0,0.0,0.2199999999997999,0.22000000000116415,0.9400000000005093,0,0.0,PASS,per-driver telemetry row
2020:Bahrain Grand Prix:Race,train,2020,Bahrain Grand Prix,Race,LAT,CACHED_SELECTED_LAP_STREAM,859,10,NEW_DOWNLOAD_EXPECTED,SUCCESS,,,TRUE,44485,49204,2.9980405555555554,2.9981094444444443,2017.116,12810.062,2016.948,12810.142,0.23999999999978172,0.27999999999974534,0.47999999999956344,0,0.0,0.2199999999997999,0.22000000000116415,0.9400000000005093,0,0.0,PASS,per-driver telemetry row
2020:Bahrain Grand Prix:Race,train,2020,Bahrain Grand Prix,Race,LEC,CACHED_SELECTED_LAP_STREAM,844,10,NEW_DOWNLOAD_EXPECTED,SUCCESS,,,TRUE,44465,49182,2.9967183333333334,2.9967705555555555,2017.116,12805.302,2016.948,12805.322,0.23999999999978172,0.27999999999974534,0.47999999999956344,0,0.0,0.2199999999997999,0.22000000000116415,0.9400000000005093,0,0.0,PASS,per-driver telemetry row
2020:Bahrain Grand Prix:Race,train,2020,Bahrain Grand Prix,Race,MAG,CACHED_SELECTED_LAP_STREAM,863,10,NEW_DOWNLOAD_EXPECTED,SUCCESS,,,TRUE,44554,49280,3.002673888888889,3.0027427777777778,2017.116,12826.742,2016.948,12826.822,0.23999999999978172,0.27999999999974534,0.47999999999956344,0,0.0,0.2199999999997999,0.22000000000116415,0.9400000000005093,0,0.0,PASS,per-driver telemetry row
2020:Bahrain Grand Prix:Race,train,2020,Bahrain Grand Prix,Race,NOR,CACHED_SELECTED_LAP_STREAM,841,10,NEW_DOWNLOAD_EXPECTED,SUCCESS,,,TRUE,44509,49230,2.9996516666666664,2.999698333333333,2017.116,12815.862,2016.948,12815.862,0.23999999999978172,0.27999999999974534,0.47999999999956344,0,0.0,0.2199999999997999,0.22000000000116415,0.9400000000005093,0,0.0,PASS,per-driver telemetry row
2020:Bahrain Grand Prix:Race,train,2020,Bahrain Grand Prix,Race,OCO,CACHED_SELECTED_LAP_STREAM,844,10,NEW_DOWNLOAD_EXPECTED,SUCCESS,,,TRUE,44556,49282,3.002807222222222,3.002865,2017.116,12827.222,2016.948,12827.262,0.23999999999978172,0.27999999999974534,0.47999999999956344,0,0.0,0.2199999999997999,0.22000000000116415,0.9400000000005093,0,0.0,PASS,per-driver telemetry row
2020:Bahrain Grand Prix:Race,train,2020,Bahrain Grand Prix,Race,PER,CACHED_SELECTED_LAP_STREAM,828,10,NEW_DOWNLOAD_EXPECTED,SUCCESS,,,TRUE,43100,47671,2.9046294444444443,2.9047147222222223,2017.116,12473.782,2016.948,12473.921,0.23999999999978172,0.27999999999974534,0.47999999999956344,0,0.0,0.2199999999997999,0.22000000000116415,0.9400000000005093,0,0.0,PASS,per-driver telemetry row
2020:Bahrain Grand Prix:Race,train,2020,Bahrain Grand Prix,Race,RAI,CACHED_SELECTED_LAP_STREAM,861,10,NEW_DOWNLOAD_EXPECTED,SUCCESS,,,TRUE,44500,49220,2.9990627777777776,2.9990872222222222,2017.116,12813.742,2016.948,12813.662,0.23999999999978172,0.27999999999974534,0.47999999999956344,0,0.0,0.2199999999997999,0.22000000000116415,0.9400000000005093,0,0.0,PASS,per-driver telemetry row
2020:Bahrain Grand Prix:Race,train,2020,Bahrain Grand Prix,Race,RIC,CACHED_SELECTED_LAP_STREAM,846,10,NEW_DOWNLOAD_EXPECTED,SUCCESS,,,TRUE,44542,49267,3.0018627777777778,3.001948333333333,2017.116,12823.822,2016.948,12823.962,0.23999999999978172,0.27999999999974534,0.47999999999956344,0,0.0,0.2199999999997999,0.22000000000116415,0.9400000000005093,0,0.0,PASS,per-driver telemetry row
2020:Bahrain Grand Prix:Race,train,2020,Bahrain Grand Prix,Race,RUS,CACHED_SELECTED_LAP_STREAM,852,10,NEW_DOWNLOAD_EXPECTED,SUCCESS,,,TRUE,44472,49189,2.997185,2.997198333333333,2017.116,12806.982,2016.948,12806.862,0.23999999999978172,0.27999999999974534,0.47999999999956344,0,0.0,0.2199999999997999,0.22000000000116415,0.9400000000005093,0,0.0,PASS,per-driver telemetry row
2020:Bahrain Grand Prix:Race,train,2020,Bahrain Grand Prix,Race,SAI,CACHED_SELECTED_LAP_STREAM,846,10,NEW_DOWNLOAD_EXPECTED,SUCCESS,,,TRUE,44511,49232,2.999785,2.9998202777777774,2017.116,12816.342,2016.948,12816.301,0.23999999999978172,0.27999999999974534,0.47999999999956344,0,0.0,0.2199999999997999,0.22000000000116415,0.9400000000005093,0,0.0,PASS,per-driver telemetry row
2020:Bahrain Grand Prix:Race,train,2020,Bahrain Grand Prix,Race,STR,CACHED_SELECTED_LAP_STREAM,1443,1,NEW_DOWNLOAD_EXPECTED,SUCCESS,,,TRUE,21621,23969,1.4602811111111111,1.460318611111111,2017.116,7274.128,2016.948,7274.095,0.23999999999978172,0.27999999999974534,0.4010000000007494,0,0.0,0.22000000000025466,0.22000000000025466,0.22100000000045839,0,0.0,PASS,per-driver telemetry row
2020:Bahrain Grand Prix:Race,train,2020,Bahrain Grand Prix,Race,VER,CACHED_SELECTED_LAP_STREAM,823,10,NEW_DOWNLOAD_EXPECTED,SUCCESS,,,TRUE,44467,49184,2.9968516666666662,2.996892777777778,2017.116,12805.782,2016.948,12805.762,0.23999999999978172,0.27999999999974534,0.47999999999956344,0,0.0,0.2199999999997999,0.22000000000116415,0.9400000000005093,0,0.0,PASS,per-driver telemetry row
2020:Bahrain Grand Prix:Race,train,2020,Bahrain Grand Prix,Race,VET,CACHED_SELECTED_LAP_STREAM,858,10,NEW_DOWNLOAD_EXPECTED,SUCCESS,,,TRUE,44484,49202,2.9979738888888887,2.9979924999999996,2017.116,12809.822,2016.948,12809.721,0.23999999999978172,0.27999999999974534,0.47999999999956344,0,0.0,0.2199999999997999,0.22000000000116415,0.9400000000005093,0,0.0,PASS,per-driver telemetry row
2020:Eifel Grand Prix:Race,train,2020,Eifel Grand Prix,Race,ALB,CACHED_SELECTED_LAP_STREAM,819,4,NEW_DOWNLOAD_EXPECTED,SUCCESS,,,TRUE,9017,10006,0.6109238888888889,0.6109544444444444,7.401,2206.727,7.231,2206.667,0.2400000000000091,0.2799999999999727,0.4399999999998272,0,0.0,0.22000000000002728,0.22000000000002728,4.360000000000127,0,0.0,PASS,per-driver telemetry row
2020:Eifel Grand Prix:Race,train,2020,Eifel Grand Prix,Race,BOT,CACHED_SELECTED_LAP_STREAM,802,4,NEW_DOWNLOAD_EXPECTED,SUCCESS,,,TRUE,7101,7900,0.48126777777777774,0.48127694444444447,7.401,1739.965,7.231,1739.828,0.2400000000000091,0.2799999999999727,0.4399999999998272,0,0.0,0.22000000000002728,0.22000000000002728,0.2400000000000091,0,0.0,PASS,per-driver telemetry row
2020:Eifel Grand Prix:Race,train,2020,Eifel Grand Prix,Race,GAS,CACHED_SELECTED_LAP_STREAM,829,11,NEW_DOWNLOAD_EXPECTED,SUCCESS,,,TRUE,23654,26263,1.6014263888888889,1.6014755555555555,7.401,5772.536,7.231,5772.543,0.2400000000000091,0.2799999999999727,0.4399999999998272,0,0.0,0.22000000000002728,0.22000000000025466,4.360000000000127,0,0.0,PASS,per-driver telemetry row
2020:Eifel Grand Prix:Race,train,2020,Eifel Grand Prix,Race,GIO,CACHED_SELECTED_LAP_STREAM,823,11,NEW_DOWNLOAD_EXPECTED,SUCCESS,,,TRUE,23726,26342,1.6062486111111112,1.6062866666666669,7.401,5789.896,7.231,5789.863,0.2400000000000091,0.2799999999999727,0.4399999999998272,0,0.0,0.22000000000002728,0.22000000000025466,4.360000000000127,0,0.0,PASS,per-driver telemetry row
2020:Eifel Grand Prix:Race,train,2020,Eifel Grand Prix,Race,GRO,CACHED_SELECTED_LAP_STREAM,824,11,NEW_DOWNLOAD_EXPECTED,SUCCESS,,,TRUE,23722,26337,1.6059927777777778,1.605981388888889,7.401,5788.975,7.231,5788.764,0.2400000000000091,0.2799999999999727,0.4399999999998272,0,0.0,0.22000000000002728,0.22000000000025466,4.360000000000127,0,0.0,PASS,per-driver telemetry row
2020:Eifel Grand Prix:Race,train,2020,Eifel Grand Prix,Race,HAM,CACHED_SELECTED_LAP_STREAM,796,11,NEW_DOWNLOAD_EXPECTED,SUCCESS,,,TRUE,23561,26159,1.5951038888888889,1.5951369444444445,7.401,5749.775,7.231,5749.724,0.2400000000000091,0.2799999999999727,0.4399999999998272,0,0.0,0.22000000000002728,0.22000000000025466,4.360000000000127,0,0.0,PASS,per-driver telemetry row
2020:Eifel Grand Prix:Race,train,2020,Eifel Grand Prix,Race,HUL,CACHED_SELECTED_LAP_STREAM,826,11,NEW_DOWNLOAD_EXPECTED,SUCCESS,,,TRUE,23695,26308,1.6041816666666666,1.6042147222222225,7.401,5782.455,7.231,5782.404,0.2400000000000091,0.2799999999999727,0.4399999999998272,0,0.0,0.22000000000002728,0.22000000000025466,4.360000000000127,0,0.0,PASS,per-driver telemetry row
2020:Eifel Grand Prix:Race,train,2020,Eifel Grand Prix,Race,KVY,CACHED_SELECTED_LAP_STREAM,833,11,NEW_DOWNLOAD_EXPECTED,SUCCESS,,,TRUE,23789,26413,1.610526388888889,1.6106144444444446,7.401,5805.296,7.231,5805.443,0.2400000000000091,0.2799999999999727,0.4399999999998272,0,0.0,0.22000000000002728,0.22000000000025466,4.360000000000127,0,0.0,PASS,per-driver telemetry row
2020:Eifel Grand Prix:Race,train,2020,Eifel Grand Prix,Race,LAT,CACHED_SELECTED_LAP_STREAM,823,11,NEW_DOWNLOAD_EXPECTED,SUCCESS,,,TRUE,23785,26408,1.6102486111111112,1.610308888888889,7.401,5804.296,7.231,5804.343,0.2400000000000091,0.2799999999999727,0.4399999999998272,0,0.0,0.22000000000002728,0.22000000000025466,4.360000000000127,0,0.0,PASS,per-driver telemetry row
2020:Eifel Grand Prix:Race,train,2020,Eifel Grand Prix,Race,LEC,CACHED_SELECTED_LAP_STREAM,985,11,NEW_DOWNLOAD_EXPECTED,SUCCESS,,,TRUE,23687,26300,1.6036483333333333,1.603731111111111,7.401,5780.535,7.231,5780.663,0.2400000000000091,0.2799999999999727,0.4399999999998272,0,0.0,0.22000000000002728,0.22000000000025466,4.360000000000127,0,0.0,PASS,per-driver telemetry row
2020:Eifel Grand Prix:Race,train,2020,Eifel Grand Prix,Race,MAG,CACHED_SELECTED_LAP_STREAM,841,11,NEW_DOWNLOAD_EXPECTED,SUCCESS,,,TRUE,23765,26385,1.6089041666666668,1.608908888888889,7.401,5799.456,7.231,5799.303,0.2400000000000091,0.2799999999999727,0.4399999999998272,0,0.0,0.22000000000002728,0.22000000000025466,4.360000000000127,0,0.0,PASS,per-driver telemetry row
2020:Eifel Grand Prix:Race,train,2020,Eifel Grand Prix,Race,NOR,CACHED_SELECTED_LAP_STREAM,810,8,NEW_DOWNLOAD_EXPECTED,SUCCESS,,,TRUE,16885,18755,1.1439697222222223,1.1440316666666668,7.401,4125.692,7.231,4125.745,0.2400000000000091,0.28000000000000114,0.4399999999998272,0,0.0,0.22000000000002728,0.22000000000025466,4.360000000000127,0,0.0,PASS,per-driver telemetry row
2020:Eifel Grand Prix:Race,train,2020,Eifel Grand Prix,Race,OCO,CACHED_SELECTED_LAP_STREAM,821,4,NEW_DOWNLOAD_EXPECTED,SUCCESS,,,TRUE,8621,9567,0.5841569444444444,0.58421,7.401,2110.366,7.231,2110.387,0.2400000000000091,0.2799999999999727,0.4399999999998272,0,0.0,0.22000000000002728,0.22000000000002728,4.360000000000127,0,0.0,PASS,per-driver telemetry row
2020:Eifel Grand Prix:Race,train,2020,Eifel Grand Prix,Race,PER,CACHED_SELECTED_LAP_STREAM,811,11,NEW_DOWNLOAD_EXPECTED,SUCCESS,,,TRUE,23626,26233,1.599548611111111,1.5996477777777778,7.401,5765.776,7.231,5765.963,0.2400000000000091,0.2799999999999727,0.4399999999998272,0,0.0,0.22000000000002728,0.22000000000025466,4.360000000000127,0,0.0,PASS,per-driver telemetry row
2020:Eifel Grand Prix:Race,train,2020,Eifel Grand Prix,Race,RAI,CACHED_SELECTED_LAP_STREAM,978,11,NEW_DOWNLOAD_EXPECTED,SUCCESS,,,TRUE,23732,26348,1.6066597222222223,1.6066533333333335,7.401,5791.376,7.231,5791.183,0.2400000000000091,0.2799999999999727,0.4399999999998272,0,0.0,0.22000000000002728,0.22000000000025466,4.360000000000127,0,0.0,PASS,per-driver telemetry row
2020:Eifel Grand Prix:Race,train,2020,Eifel Grand Prix,Race,RIC,CACHED_SELECTED_LAP_STREAM,808,11,NEW_DOWNLOAD_EXPECTED,SUCCESS,,,TRUE,23621,26226,1.5991708333333334,1.59922,7.401,5764.416,7.231,5764.423,0.2400000000000091,0.2799999999999727,0.4399999999998272,0,0.0,0.22000000000002728,0.22000000000025466,4.360000000000127,0,0.0,PASS,per-driver telemetry row
2020:Eifel Grand Prix:Race,train,2020,Eifel Grand Prix,Race,RUS,CACHED_SELECTED_LAP_STREAM,829,3,NEW_DOWNLOAD_EXPECTED,SUCCESS,,,TRUE,5411,6021,0.36674527777777777,0.36679361111111114,7.401,1327.684,7.231,1327.688,0.2400000000000091,0.2799999999999727,0.36000000000012733,0,0.0,0.22000000000002728,0.22000000000002728,0.2400000000000091,0,0.0,PASS,per-driver telemetry row
2020:Eifel Grand Prix:Race,train,2020,Eifel Grand Prix,Race,SAI,CACHED_SELECTED_LAP_STREAM,814,11,NEW_DOWNLOAD_EXPECTED,SUCCESS,,,TRUE,23650,26259,1.6011597222222222,1.601231111111111,7.401,5771.576,7.231,5771.663,0.2400000000000091,0.2799999999999727,0.4399999999998272,0,0.0,0.22000000000002728,0.22000000000025466,4.360000000000127,0,0.0,PASS,per-driver telemetry row
2020:Eifel Grand Prix:Race,train,2020,Eifel Grand Prix,Race,VER,CACHED_SELECTED_LAP_STREAM,797,11,NEW_DOWNLOAD_EXPECTED,SUCCESS,,,TRUE,23580,26180,1.5963816666666668,1.59642,7.401,5754.375,7.231,5754.343,0.2400000000000091,0.2799999999999727,0.4399999999998272,0,0.0,0.22000000000002728,0.22000000000025466,4.360000000000127,0,0.0,PASS,per-driver telemetry row
2020:Eifel Grand Prix:Race,train,2020,Eifel Grand Prix,Race,VET,CACHED_SELECTED_LAP_STREAM,911,11,NEW_DOWNLOAD_EXPECTED,SUCCESS,,,TRUE,23729,26345,1.6064597222222223,1.60647,7.401,5790.656,7.231,5790.523,0.2400000000000091,0.2799999999999727,0.4399999999998272,0,0.0,0.22000000000002728,0.22000000000025466,4.360000000000127,0,0.0,PASS,per-driver telemetry row
2020:Emilia Romagna Grand Prix:Race,train,2020,Emilia Romagna Grand Prix,Race,ALB,CACHED_SELECTED_LAP_STREAM,700,11,NEW_DOWNLOAD_EXPECTED,SUCCESS,,,TRUE,22010,24482,1.491581388888889,1.491585,1990.452,7360.145,1990.536,7360.242,0.23999999999978172,0.27999999999974534,0.3609999999998763,0,0.0,0.22000000000025466,0.22000000000025466,0.23999999999978172,0,0.0,PASS,per-driver telemetry row
2020:Emilia Romagna Grand Prix:Race,train,2020,Emilia Romagna Grand Prix,Race,BOT,CACHED_SELECTED_LAP_STREAM,686,11,NEW_DOWNLOAD_EXPECTED,SUCCESS,,,TRUE,21799,24247,1.4772813888888887,1.4772683333333334,1990.452,7308.665,1990.536,7308.702,0.23999999999978172,0.27999999999974534,0.3609999999998763,0,0.0,0.22000000000025466,0.22000000000025466,0.23999999999978172,0,0.0,PASS,per-driver telemetry row
2020:Emilia Romagna Grand Prix:Race,train,2020,Emilia Romagna Grand Prix,Race,GAS,CACHED_SELECTED_LAP_STREAM,711,2,NEW_DOWNLOAD_EXPECTED,SUCCESS,,,TRUE,2691,2995,0.18241166666666667,0.18242222222222218,1990.452,2647.134,1990.536,2647.256,0.2400000000000091,0.2800000000002001,0.36000000000012733,0,0.0,0.2199999999997999,0.22000000000025466,0.22100000000000364,0,0.0,PASS,per-driver telemetry row
2020:Emilia Romagna Grand Prix:Race,train,2020,Emilia Romagna Grand Prix,Race,GIO,CACHED_SELECTED_LAP_STREAM,902,11,NEW_DOWNLOAD_EXPECTED,SUCCESS,,,TRUE,21883,24341,1.4829702777777778,1.4829961111111112,1990.452,7329.145,1990.536,7329.322,0.23999999999978172,0.27999999999974534,0.3609999999998763,0,0.0,0.22000000000025466,0.22000000000025466,0.23999999999978172,0,0.0,PASS,per-driver telemetry row
2020:Emilia Romagna Grand Prix:Race,train,2020,Emilia Romagna Grand Prix,Race,GRO,CACHED_SELECTED_LAP_STREAM,697,11,NEW_DOWNLOAD_EXPECTED,SUCCESS,,,TRUE,21889,24348,1.483403611111111,1.4834238888888889,1990.452,7330.705,1990.536,7330.862,0.23999999999978172,0.27999999999974534,0.3609999999998763,0,0.0,0.22000000000025466,0.22000000000025466,0.23999999999978172,0,0.0,PASS,per-driver telemetry row
2020:Emilia Romagna Grand Prix:Race,train,2020,Emilia Romagna Grand Prix,Race,HAM,CACHED_SELECTED_LAP_STREAM,688,11,NEW_DOWNLOAD_EXPECTED,SUCCESS,,,TRUE,21776,24221,1.4756924999999999,1.4756850000000001,1990.452,7302.945,1990.536,7303.002,0.23999999999978172,0.27999999999974534,0.3609999999998763,0,0.0,0.22000000000025466,0.22000000000025466,0.23999999999978172,0,0.0,PASS,per-driver telemetry row
2020:Emilia Romagna Grand Prix:Race,train,2020,Emilia Romagna Grand Prix,Race,KVY,CACHED_SELECTED_LAP_STREAM,700,11,NEW_DOWNLOAD_EXPECTED,SUCCESS,,,TRUE,21837,24290,1.4798588888888888,1.4798852777777776,1990.452,7317.944,1990.536,7318.123,0.23999999999978172,0.27999999999974534,0.3609999999998763,0,0.0,0.22000000000025466,0.22000000000025466,0.23999999999978172,0,0.0,PASS,per-driver telemetry row
2020:Emilia Romagna Grand Prix:Race,train,2020,Emilia Romagna Grand Prix,Race,LAT,CACHED_SELECTED_LAP_STREAM,706,11,NEW_DOWNLOAD_EXPECTED,SUCCESS,,,TRUE,21886,24344,1.4831925,1.4831794444444444,1990.452,7329.945,1990.536,7329.982,0.23999999999978172,0.27999999999974534,0.3609999999998763,0,0.0,0.22000000000025466,0.22000000000025466,0.23999999999978172,0,0.0,PASS,per-driver telemetry row
2020:Emilia Romagna Grand Prix:Race,train,2020,Emilia Romagna Grand Prix,Race,LEC,CACHED_SELECTED_LAP_STREAM,699,11,NEW_DOWNLOAD_EXPECTED,SUCCESS,,,TRUE,21854,24308,1.481003611111111,1.480985,1990.452,7322.065,1990.536,7322.082,0.23999999999978172,0.27999999999974534,0.3609999999998763,0,0.0,0.22000000000025466,0.22000000000025466,0.23999999999978172,0,0.0,PASS,per-driver telemetry row
2020:Emilia Romagna Grand Prix:Race,train,2020,Emilia Romagna Grand Prix,Race,MAG,CACHED_SELECTED_LAP_STREAM,704,8,NEW_DOWNLOAD_EXPECTED,SUCCESS,,,TRUE,15807,17576,1.0708247222222222,1.0708066666666665,1990.452,5845.421,1990.536,5845.44,0.23999999999978172,0.2800000000002001,0.3609999999998763,0,0.0,0.22000000000025466,0.22000000000025466,0.22100000000045839,0,0.0,PASS,per-driver telemetry row
2020:Emilia Romagna Grand Prix:Race,train,2020,Emilia Romagna Grand Prix,Race,NOR,CACHED_SELECTED_LAP_STREAM,703,11,NEW_DOWNLOAD_EXPECTED,SUCCESS,,,TRUE,21862,24317,1.4815480555555554,1.481535,1990.452,7324.025,1990.536,7324.062,0.23999999999978172,0.27999999999974534,0.3609999999998763,0,0.0,0.22000000000025466,0.22000000000025466,0.23999999999978172,0,0.0,PASS,per-driver telemetry row
2020:Emilia Romagna Grand Prix:Race,train,2020,Emilia Romagna Grand Prix,Race,OCO,CACHED_SELECTED_LAP_STREAM,704,5,NEW_DOWNLOAD_EXPECTED,SUCCESS,,,TRUE,9702,10799,0.657946111111111,0.6579008333333334,1990.452,4359.058,1990.536,4358.979,0.2400000000000091,0.2800000000002001,0.3600000000005821,0,0.0,0.2199999999997999,0.22000000000025466,0.22100000000000364,0,0.0,PASS,per-driver telemetry row
2020:Emilia Romagna Grand Prix:Race,train,2020,Emilia Romagna Grand Prix,Race,PER,CACHED_SELECTED_LAP_STREAM,704,11,NEW_DOWNLOAD_EXPECTED,SUCCESS,,,TRUE,21856,24310,1.4811369444444444,1.4811072222222221,1990.452,7322.545,1990.536,7322.522,0.23999999999978172,0.27999999999974534,0.3609999999998763,0,0.0,0.22000000000025466,0.22000000000025466,0.23999999999978172,0,0.0,PASS,per-driver telemetry row
2020:Emilia Romagna Grand Prix:Race,train,2020,Emilia Romagna Grand Prix,Race,RAI,CACHED_SELECTED_LAP_STREAM,701,11,NEW_DOWNLOAD_EXPECTED,SUCCESS,,,TRUE,21867,24322,1.481881111111111,1.481835,1990.452,7325.224,1990.536,7325.142,0.23999999999978172,0.27999999999974534,0.3609999999998763,0,0.0,0.22000000000025466,0.22000000000025466,0.23999999999978172,0,0.0,PASS,per-driver telemetry row
2020:Emilia Romagna Grand Prix:Race,train,2020,Emilia Romagna Grand Prix,Race,RIC,CACHED_SELECTED_LAP_STREAM,704,11,NEW_DOWNLOAD_EXPECTED,SUCCESS,,,TRUE,21834,24286,1.4796480555555556,1.479646111111111,1990.452,7317.185,1990.536,7317.262,0.23999999999978172,0.27999999999974534,0.3609999999998763,0,0.0,0.22000000000025466,0.22000000000025466,0.23999999999978172,0,0.0,PASS,per-driver telemetry row
2020:Emilia Romagna Grand Prix:Race,train,2020,Emilia Romagna Grand Prix,Race,RUS,CACHED_SELECTED_LAP_STREAM,705,9,NEW_DOWNLOAD_EXPECTED,SUCCESS,,,TRUE,17769,19761,1.2039250000000001,1.20394,1990.452,6324.582,1990.536,6324.72,0.23999999999978172,0.2799999999999727,0.3609999999998763,0,0.0,0.22000000000025466,0.22000000000025466,0.22100000000045839,0,0.0,PASS,per-driver telemetry row
2020:Emilia Romagna Grand Prix:Race,train,2020,Emilia Romagna Grand Prix,Race,SAI,CACHED_SELECTED_LAP_STREAM,702,11,NEW_DOWNLOAD_EXPECTED,SUCCESS,,,TRUE,21858,24313,1.4812702777777775,1.4812905555555556,1990.452,7323.025,1990.536,7323.182,0.23999999999978172,0.27999999999974534,0.3609999999998763,0,0.0,0.22000000000025466,0.22000000000025466,0.23999999999978172,0,0.0,PASS,per-driver telemetry row
2020:Emilia Romagna Grand Prix:Race,train,2020,Emilia Romagna Grand Prix,Race,STR,CACHED_SELECTED_LAP_STREAM,700,11,NEW_DOWNLOAD_EXPECTED,SUCCESS,,,TRUE,21894,24354,1.4837588888888888,1.4837850000000001,1990.452,7331.984,1990.536,7332.162,0.23999999999978172,0.27999999999974534,0.3609999999998763,0,0.0,0.22000000000025466,0.22000000000025466,0.23999999999978172,0,0.0,PASS,per-driver telemetry row
2020:Emilia Romagna Grand Prix:Race,train,2020,Emilia Romagna Grand Prix,Race,VER,CACHED_SELECTED_LAP_STREAM,693,9,NEW_DOWNLOAD_EXPECTED,SUCCESS,,,TRUE,16946,18846,1.148236111111111,1.14819,1990.452,6124.102,1990.536,6124.02,0.23999999999978172,0.2800000000002001,0.3609999999998763,0,0.0,0.22000000000025466,0.22000000000025466,0.22100000000045839,0,0.0,PASS,per-driver telemetry row
2020:Emilia Romagna Grand Prix:Race,train,2020,Emilia Romagna Grand Prix,Race,VET,CACHED_SELECTED_LAP_STREAM,699,11,NEW_DOWNLOAD_EXPECTED,SUCCESS,,,TRUE,21891,24350,1.4835477777777777,1.4835408333333333,1990.452,7331.224,1990.536,7331.283,0.23999999999978172,0.27999999999974534,0.3609999999998763,0,0.0,0.22000000000025466,0.22000000000025466,0.23999999999978172,0,0.0,PASS,per-driver telemetry row
2020:Hungarian Grand Prix:Race,train,2020,Hungarian Grand Prix,Race,ALB,CACHED_SELECTED_LAP_STREAM,722,12,NEW_DOWNLOAD_EXPECTED,SUCCESS,,,TRUE,24085,26675,1.6251477777777779,1.6252027777777776,1977.719,7828.251,1977.501,7828.231,0.23999999999978172,0.27999999999974534,0.32100000000036744,0,0.0,0.22000000000025466,0.22000000000025466,0.24000000000023647,0,0.0,PASS,per-driver telemetry row
2020:Hungarian Grand Prix:Race,train,2020,Hungarian Grand Prix,Race,BOT,CACHED_SELECTED_LAP_STREAM,713,12,NEW_DOWNLOAD_EXPECTED,SUCCESS,,,TRUE,23802,26361,1.6060255555555556,1.6060697222222222,1977.719,7759.411,1977.501,7759.352,0.23999999999978172,0.27999999999974534,0.32100000000036744,0,0.0,0.22000000000025466,0.22000000000025466,0.24000000000023647,0,0.0,PASS,per-driver telemetry row
2020:Hungarian Grand Prix:Race,train,2020,Hungarian Grand Prix,Race,GAS,CACHED_SELECTED_LAP_STREAM,876,3,NEW_DOWNLOAD_EXPECTED,SUCCESS,,,TRUE,5646,6248,0.3806005555555555,0.38062138888888886,1977.719,3347.881,1977.501,3347.738,0.2400000000000091,0.2800000000002001,0.3209999999999127,0,0.0,0.2199999999997999,0.22000000000025466,0.23999999999978172,0,0.0,PASS,per-driver telemetry row
2020:Hungarian Grand Prix:Race,train,2020,Hungarian Grand Prix,Race,GIO,CACHED_SELECTED_LAP_STREAM,737,12,NEW_DOWNLOAD_EXPECTED,SUCCESS,,,TRUE,24068,26657,1.6239925,1.6241083333333333,1977.719,7824.092,1977.501,7824.291,0.23999999999978172,0.27999999999974534,0.32100000000036744,0,0.0,0.22000000000025466,0.22000000000025466,0.24000000000023647,0,0.0,PASS,per-driver telemetry row
2020:Hungarian Grand Prix:Race,train,2020,Hungarian Grand Prix,Race,GRO,CACHED_SELECTED_LAP_STREAM,744,12,NEW_DOWNLOAD_EXPECTED,SUCCESS,,,TRUE,23979,26557,1.6179702777777778,1.6180138888888886,1977.719,7802.412,1977.501,7802.351,0.23999999999978172,0.27999999999974534,0.32100000000036744,0,0.0,0.22000000000025466,0.22000000000025466,0.24000000000023647,0,0.0,PASS,per-driver telemetry row
2020:Hungarian Grand Prix:Race,train,2020,Hungarian Grand Prix,Race,HAM,CACHED_SELECTED_LAP_STREAM,713,12,NEW_DOWNLOAD_EXPECTED,SUCCESS,,,TRUE,23763,26318,1.603403611111111,1.6034527777777776,1977.719,7749.972,1977.501,7749.931,0.23999999999978172,0.27999999999974534,0.32100000000036744,0,0.0,0.22000000000025466,0.22000000000025466,0.24000000000023647,0,0.0,PASS,per-driver telemetry row
2020:Hungarian Grand Prix:Race,train,2020,Hungarian Grand Prix,Race,KVY,CACHED_SELECTED_LAP_STREAM,737,12,NEW_DOWNLOAD_EXPECTED,SUCCESS,,,TRUE,23950,26525,1.6160258333333335,1.616063888888889,1977.719,7795.412,1977.501,7795.331,0.23999999999978172,0.27999999999974534,0.32100000000036744,0,0.0,0.22000000000025466,0.22000000000025466,0.24000000000023647,0,0.0,PASS,per-driver telemetry row
2020:Hungarian Grand Prix:Race,train,2020,Hungarian Grand Prix,Race,LAT,CACHED_SELECTED_LAP_STREAM,735,11,NEW_DOWNLOAD_EXPECTED,SUCCESS,,,TRUE,23970,26547,1.61737,1.6174030555555554,1977.719,7800.251,1977.501,7800.152,0.23999999999978172,0.27999999999974534,0.32100000000036744,0,0.0,0.22000000000025466,0.22000000000025466,0.24000000000023647,0,0.0,PASS,per-driver telemetry row
2020:Hungarian Grand Prix:Race,train,2020,Hungarian Grand Prix,Race,LEC,CACHED_SELECTED_LAP_STREAM,732,12,NEW_DOWNLOAD_EXPECTED,SUCCESS,,,TRUE,23929,26503,1.6146258333333334,1.614725,1977.719,7790.372,1977.501,7790.511,0.23999999999978172,0.27999999999974534,0.32100000000036744,0,0.0,0.22000000000025466,0.22000000000025466,0.24000000000023647,0,0.0,PASS,per-driver telemetry row
2020:Hungarian Grand Prix:Race,train,2020,Hungarian Grand Prix,Race,MAG,CACHED_SELECTED_LAP_STREAM,722,12,NEW_DOWNLOAD_EXPECTED,SUCCESS,,,TRUE,23845,26409,1.6089591666666665,1.608997222222222,1977.719,7769.972,1977.501,7769.891,0.23999999999978172,0.27999999999974534,0.32100000000036744,0,0.0,0.22000000000025466,0.22000000000025466,0.24000000000023647,0,0.0,PASS,per-driver telemetry row
2020:Hungarian Grand Prix:Race,train,2020,Hungarian Grand Prix,Race,NOR,CACHED_SELECTED_LAP_STREAM,738,12,NEW_DOWNLOAD_EXPECTED,SUCCESS,,,TRUE,23953,26528,1.6162258333333333,1.6162472222222222,1977.719,7796.132,1977.501,7795.991,0.23999999999978172,0.27999999999974534,0.32100000000036744,0,0.0,0.22000000000025466,0.22000000000025466,0.24000000000023647,0,0.0,PASS,per-driver telemetry row
2020:Hungarian Grand Prix:Race,train,2020,Hungarian Grand Prix,Race,OCO,CACHED_SELECTED_LAP_STREAM,737,12,NEW_DOWNLOAD_EXPECTED,SUCCESS,,,TRUE,23956,26532,1.6164258333333332,1.6164916666666667,1977.719,7796.852,1977.501,7796.871,0.23999999999978172,0.27999999999974534,0.32100000000036744,0,0.0,0.22000000000025466,0.22000000000025466,0.24000000000023647,0,0.0,PASS,per-driver telemetry row
2020:Hungarian Grand Prix:Race,train,2020,Hungarian Grand Prix,Race,PER,CACHED_SELECTED_LAP_STREAM,732,12,NEW_DOWNLOAD_EXPECTED,SUCCESS,,,TRUE,23790,26349,1.6052258333333334,1.6053416666666664,1977.719,7756.532,1977.501,7756.731,0.23999999999978172,0.27999999999974534,0.32100000000036744,0,0.0,0.22000000000025466,0.22000000000025466,0.24000000000023647,0,0.0,PASS,per-driver telemetry row
2020:Hungarian Grand Prix:Race,train,2020,Hungarian Grand Prix,Race,RAI,CACHED_SELECTED_LAP_STREAM,735,12,NEW_DOWNLOAD_EXPECTED,SUCCESS,,,TRUE,23984,26563,1.6183147222222223,1.6183805555555555,1977.719,7803.652,1977.501,7803.671,0.23999999999978172,0.27999999999974534,0.32100000000036744,0,0.0,0.22000000000025466,0.22000000000025466,0.24000000000023647,0,0.0,PASS,per-driver telemetry row
2020:Hungarian Grand Prix:Race,train,2020,Hungarian Grand Prix,Race,RIC,CACHED_SELECTED_LAP_STREAM,730,12,NEW_DOWNLOAD_EXPECTED,SUCCESS,,,TRUE,23794,26353,1.6054925,1.605586111111111,1977.719,7757.492,1977.501,7757.611,0.23999999999978172,0.27999999999974534,0.32100000000036744,0,0.0,0.22000000000025466,0.22000000000025466,0.24000000000023647,0,0.0,PASS,per-driver telemetry row
2020:Hungarian Grand Prix:Race,train,2020,Hungarian Grand Prix,Race,RUS,CACHED_SELECTED_LAP_STREAM,737,12,NEW_DOWNLOAD_EXPECTED,SUCCESS,,,TRUE,24073,26662,1.6243366666666668,1.6244086111111111,1977.719,7825.331,1977.501,7825.372,0.23999999999978172,0.27999999999974534,0.32100000000036744,0,0.0,0.22000000000025466,0.22000000000025466,0.24000000000023647,0,0.0,PASS,per-driver telemetry row
2020:Hungarian Grand Prix:Race,train,2020,Hungarian Grand Prix,Race,SAI,CACHED_SELECTED_LAP_STREAM,728,12,NEW_DOWNLOAD_EXPECTED,SUCCESS,,,TRUE,23853,26419,1.609492222222222,1.6096030555555556,1977.719,7771.891,1977.501,7772.072,0.23999999999978172,0.27999999999974534,0.32100000000036744,0,0.0,0.22000000000025466,0.22000000000025466,0.24000000000023647,0,0.0,PASS,per-driver telemetry row
2020:Hungarian Grand Prix:Race,train,2020,Hungarian Grand Prix,Race,STR,CACHED_SELECTED_LAP_STREAM,723,12,NEW_DOWNLOAD_EXPECTED,SUCCESS,,,TRUE,24000,26581,1.6194144444444445,1.619475,1977.719,7807.611,1977.501,7807.611,0.23999999999978172,0.27999999999974534,0.32100000000036744,0,0.0,0.22000000000025466,0.22000000000025466,0.24000000000023647,0,0.0,PASS,per-driver telemetry row
2020:Hungarian Grand Prix:Race,train,2020,Hungarian Grand Prix,Race,VER,CACHED_SELECTED_LAP_STREAM,715,12,NEW_DOWNLOAD_EXPECTED,SUCCESS,,,TRUE,23799,26358,1.6058255555555554,1.6058863888888888,1977.719,7758.691,1977.501,7758.692,0.23999999999978172,0.27999999999974534,0.32100000000036744,0,0.0,0.22000000000025466,0.22000000000025466,0.24000000000023647,0,0.0,PASS,per-driver telemetry row
2020:Hungarian Grand Prix:Race,train,2020,Hungarian Grand Prix,Race,VET,CACHED_SELECTED_LAP_STREAM,726,12,NEW_DOWNLOAD_EXPECTED,SUCCESS,,,TRUE,23786,26343,1.6049477777777776,1.604975,1977.719,7755.531,1977.501,7755.411,0.23999999999978172,0.27999999999974534,0.32100000000036744,0,0.0,0.22000000000025466,0.22000000000025466,0.24000000000023647,0,0.0,PASS,per-driver telemetry row
2020:Italian Grand Prix:Race,train,2020,Italian Grand Prix,Race,ALB,CACHED_SELECTED_LAP_STREAM,755,9,NEW_DOWNLOAD_EXPECTED,SUCCESS,,,TRUE,26685,29469,1.7954152777777774,1.7954141666666668,2008.189,8471.684,2008.216,8471.707,0.23999999999978172,0.27999999999974534,0.36000000000012733,0,0.0,0.22000000000025466,0.22000000000025466,0.22100000000045839,0,0.0,PASS,per-driver telemetry row
2020:Italian Grand Prix:Race,train,2020,Italian Grand Prix,Race,BOT,CACHED_SELECTED_LAP_STREAM,749,9,NEW_DOWNLOAD_EXPECTED,SUCCESS,,,TRUE,26559,29330,1.7869819444444446,1.7869475000000001,2008.189,8441.324,2008.216,8441.227,0.23999999999978172,0.27999999999974534,0.36000000000012733,0,0.0,0.22000000000025466,0.22000000000025466,0.22100000000045839,0,0.0,PASS,per-driver telemetry row
2020:Italian Grand Prix:Race,train,2020,Italian Grand Prix,Race,GAS,CACHED_SELECTED_LAP_STREAM,750,9,NEW_DOWNLOAD_EXPECTED,SUCCESS,,,TRUE,26529,29298,1.7849819444444444,1.7849975,2008.189,8434.124,2008.216,8434.207,0.23999999999978172,0.27999999999974534,0.36000000000012733,0,0.0,0.22000000000025466,0.22000000000025466,0.22100000000045839,0,0.0,PASS,per-driver telemetry row
2020:Italian Grand Prix:Race,train,2020,Italian Grand Prix,Race,GIO,CACHED_SELECTED_LAP_STREAM,754,9,NEW_DOWNLOAD_EXPECTED,SUCCESS,,,TRUE,26757,29549,1.8003263888888887,1.8002916666666664,2008.189,8489.364,2008.216,8489.266,0.23999999999978172,0.27999999999974534,0.36000000000012733,0,0.0,0.22000000000025466,0.22000000000025466,0.22100000000045839,0,0.0,PASS,per-driver telemetry row
2020:Italian Grand Prix:Race,train,2020,Italian Grand Prix,Race,GRO,CACHED_SELECTED_LAP_STREAM,755,9,NEW_DOWNLOAD_EXPECTED,SUCCESS,,,TRUE,26675,29458,1.7947375,1.7947472222222223,2008.189,8469.244,2008.216,8469.306,0.23999999999978172,0.27999999999974534,0.36000000000012733,0,0.0,0.22000000000025466,0.22000000000025466,0.22100000000045839,0,0.0,PASS,per-driver telemetry row
2020:Italian Grand Prix:Race,train,2020,Italian Grand Prix,Race,HAM,CACHED_SELECTED_LAP_STREAM,744,9,NEW_DOWNLOAD_EXPECTED,SUCCESS,,,TRUE,26601,29377,1.7897816666666666,1.7898086111111111,2008.189,8451.403,2008.216,8451.527,0.23999999999978172,0.27999999999974534,0.36000000000012733,0,0.0,0.22000000000025466,0.22000000000025466,0.22100000000045839,0,0.0,PASS,per-driver telemetry row
2020:Italian Grand Prix:Race,train,2020,Italian Grand Prix,Race,KVY,CACHED_SELECTED_LAP_STREAM,754,9,NEW_DOWNLOAD_EXPECTED,SUCCESS,,,TRUE,26621,29399,1.7911374999999998,1.7911527777777776,2008.189,8456.284,2008.216,8456.366,0.23999999999978172,0.27999999999974534,0.36000000000012733,0,0.0,0.22000000000025466,0.22000000000025466,0.22100000000045839,0,0.0,PASS,per-driver telemetry row
2020:Italian Grand Prix:Race,train,2020,Italian Grand Prix,Race,LAT,CACHED_SELECTED_LAP_STREAM,758,9,NEW_DOWNLOAD_EXPECTED,SUCCESS,,,TRUE,26666,29448,1.7941375000000002,1.7941363888888888,2008.189,8467.084,2008.216,8467.107,0.23999999999978172,0.27999999999974534,0.36000000000012733,0,0.0,0.22000000000025466,0.22000000000025466,0.22100000000045839,0,0.0,PASS,per-driver telemetry row
2020:Italian Grand Prix:Race,train,2020,Italian Grand Prix,Race,LEC,CACHED_SELECTED_LAP_STREAM,752,5,NEW_DOWNLOAD_EXPECTED,SUCCESS,,,TRUE,13332,14724,0.8970241666666665,0.8970375000000002,2008.189,5237.476,2008.216,5237.551,0.23999999999978172,0.27999999999974534,0.36000000000012733,0,0.0,0.22000000000002728,0.22000000000025466,0.22100000000045839,0,0.0,PASS,per-driver telemetry row
2020:Italian Grand Prix:Race,train,2020,Italian Grand Prix,Race,MAG,CACHED_SELECTED_LAP_STREAM,749,4,NEW_DOWNLOAD_EXPECTED,SUCCESS,,,TRUE,7771,8587,0.5231566666666666,0.5231269444444444,2008.189,3891.553,2008.216,3891.473,0.2400000000000091,0.27999999999974534,0.36000000000012733,0,0.0,0.2199999999997999,0.22000000000025466,0.22100000000000364,0,0.0,PASS,per-driver telemetry row
2020:Italian Grand Prix:Race,train,2020,Italian Grand Prix,Race,NOR,CACHED_SELECTED_LAP_STREAM,751,9,NEW_DOWNLOAD_EXPECTED,SUCCESS,,,TRUE,26554,29325,1.786648611111111,1.7866419444444444,2008.189,8440.124,2008.216,8440.127,0.23999999999978172,0.27999999999974534,0.36000000000012733,0,0.0,0.22000000000025466,0.22000000000025466,0.22100000000045839,0,0.0,PASS,per-driver telemetry row
2020:Italian Grand Prix:Race,train,2020,Italian Grand Prix,Race,OCO,CACHED_SELECTED_LAP_STREAM,752,9,NEW_DOWNLOAD_EXPECTED,SUCCESS,,,TRUE,26607,29383,1.7901708333333333,1.7901752777777775,2008.189,8452.804,2008.216,8452.847,0.23999999999978172,0.27999999999974534,0.36000000000012733,0,0.0,0.22000000000025466,0.22000000000025466,0.22100000000045839,0,0.0,PASS,per-driver telemetry row
2020:Italian Grand Prix:Race,train,2020,Italian Grand Prix,Race,PER,CACHED_SELECTED_LAP_STREAM,754,9,NEW_DOWNLOAD_EXPECTED,SUCCESS,,,TRUE,26626,29404,1.7914705555555555,1.7914530555555555,2008.189,8457.483,2008.216,8457.447,0.23999999999978172,0.27999999999974534,0.36000000000012733,0,0.0,0.22000000000025466,0.22000000000025466,0.22100000000045839,0,0.0,PASS,per-driver telemetry row
2020:Italian Grand Prix:Race,train,2020,Italian Grand Prix,Race,RAI,CACHED_SELECTED_LAP_STREAM,752,9,NEW_DOWNLOAD_EXPECTED,SUCCESS,,,TRUE,26680,29464,1.7950705555555553,1.795108611111111,2008.189,8470.443,2008.216,8470.607,0.23999999999978172,0.27999999999974534,0.36000000000012733,0,0.0,0.22000000000025466,0.22000000000025466,0.22100000000045839,0,0.0,PASS,per-driver telemetry row
2020:Italian Grand Prix:Race,train,2020,Italian Grand Prix,Race,RIC,CACHED_SELECTED_LAP_STREAM,750,9,NEW_DOWNLOAD_EXPECTED,SUCCESS,,,TRUE,26564,29336,1.7873152777777774,1.7873138888888889,2008.189,8442.524,2008.216,8442.546,0.23999999999978172,0.27999999999974534,0.36000000000012733,0,0.0,0.22000000000025466,0.22000000000025466,0.22100000000045839,0,0.0,PASS,per-driver telemetry row
2020:Italian Grand Prix:Race,train,2020,Italian Grand Prix,Race,RUS,CACHED_SELECTED_LAP_STREAM,751,9,NEW_DOWNLOAD_EXPECTED,SUCCESS,,,TRUE,26681,29465,1.7951372222222224,1.795169722222222,2008.189,8470.683,2008.216,8470.827,0.23999999999978172,0.27999999999974534,0.36000000000012733,0,0.0,0.22000000000025466,0.22000000000025466,0.22100000000045839,0,0.0,PASS,per-driver telemetry row
2020:Italian Grand Prix:Race,train,2020,Italian Grand Prix,Race,SAI,CACHED_SELECTED_LAP_STREAM,746,9,NEW_DOWNLOAD_EXPECTED,SUCCESS,,,TRUE,26531,29300,1.7851152777777775,1.7851197222222224,2008.189,8434.604,2008.216,8434.647,0.23999999999978172,0.27999999999974534,0.36000000000012733,0,0.0,0.22000000000025466,0.22000000000025466,0.22100000000045839,0,0.0,PASS,per-driver telemetry row
2020:Italian Grand Prix:Race,train,2020,Italian Grand Prix,Race,STR,CACHED_SELECTED_LAP_STREAM,752,9,NEW_DOWNLOAD_EXPECTED,SUCCESS,,,TRUE,26543,29313,1.7859261111111109,1.7859086111111109,2008.189,8437.523,2008.216,8437.487,0.23999999999978172,0.27999999999974534,0.36000000000012733,0,0.0,0.22000000000025466,0.22000000000025466,0.22100000000045839,0,0.0,PASS,per-driver telemetry row
2020:Italian Grand Prix:Race,train,2020,Italian Grand Prix,Race,VER,CACHED_SELECTED_LAP_STREAM,754,6,NEW_DOWNLOAD_EXPECTED,SUCCESS,,,TRUE,18582,20514,1.249825,1.2498091666666666,2008.189,6507.559,2008.216,6507.529,0.23999999999978172,0.27999999999974534,0.36000000000012733,0,0.0,0.22000000000025466,0.22000000000025466,0.22100000000045839,0,0.0,PASS,per-driver telemetry row
2020:Italian Grand Prix:Race,train,2020,Italian Grand Prix,Race,VET,CACHED_SELECTED_LAP_STREAM,766,2,NEW_DOWNLOAD_EXPECTED,SUCCESS,,,TRUE,2428,2685,0.16352249999999996,0.16352750000000002,2008.189,2596.87,2008.216,2596.915,0.2400000000000091,0.27999999999974534,0.36000000000012733,0,0.0,0.2199999999997999,0.22000000000025466,0.22100000000000364,0,0.0,PASS,per-driver telemetry row
2020:Portuguese Grand Prix:Race,train,2020,Portuguese Grand Prix,Race,ALB,CACHED_SELECTED_LAP_STREAM,731,11,NEW_DOWNLOAD_EXPECTED,SUCCESS,,,TRUE,22346,24771,1.509149722222222,1.509185277777778,1989.943,7422.882,1989.845,7422.912,0.23999999999978172,0.27999999999974534,0.44000000000005457,0,0.0,0.22000000000025466,0.22000000000025466,0.23999999999978172,0,0.0,PASS,per-driver telemetry row
2020:Portuguese Grand Prix:Race,train,2020,Portuguese Grand Prix,Race,BOT,CACHED_SELECTED_LAP_STREAM,711,12,NEW_DOWNLOAD_EXPECTED,SUCCESS,,,TRUE,22301,24722,1.5061608333333334,1.5062019444444443,1989.943,7412.122,1989.845,7412.172,0.23999999999978172,0.27999999999974534,0.44000000000005457,0,0.0,0.22000000000025466,0.22000000000025466,0.23999999999978172,0,0.0,PASS,per-driver telemetry row
2020:Portuguese Grand Prix:Race,train,2020,Portuguese Grand Prix,Race,GAS,CACHED_SELECTED_LAP_STREAM,712,11,NEW_DOWNLOAD_EXPECTED,SUCCESS,,,TRUE,22266,24683,1.5037941666666665,1.5038241666666665,1989.943,7403.602,1989.845,7403.612,0.23999999999978172,0.27999999999974534,0.44000000000005457,0,0.0,0.22000000000025466,0.22000000000025466,0.23999999999978172,0,0.0,PASS,per-driver telemetry row
2020:Portuguese Grand Prix:Race,train,2020,Portuguese Grand Prix,Race,GIO,CACHED_SELECTED_LAP_STREAM,731,11,NEW_DOWNLOAD_EXPECTED,SUCCESS,,,TRUE,22489,24928,1.5187719444444443,1.5187519444444444,1989.943,7457.522,1989.845,7457.352,0.23999999999978172,0.27999999999974534,0.44000000000005457,0,0.0,0.22000000000025466,0.22000000000025466,0.23999999999978172,0,0.0,PASS,per-driver telemetry row
2020:Portuguese Grand Prix:Race,train,2020,Portuguese Grand Prix,Race,GRO,CACHED_SELECTED_LAP_STREAM,724,11,NEW_DOWNLOAD_EXPECTED,SUCCESS,,,TRUE,22492,24932,1.5189719444444445,1.5189963888888889,1989.943,7458.242,1989.845,7458.232,0.23999999999978172,0.27999999999974534,0.44000000000005457,0,0.0,0.22000000000025466,0.22000000000025466,0.23999999999978172,0,0.0,PASS,per-driver telemetry row
2020:Portuguese Grand Prix:Race,train,2020,Portuguese Grand Prix,Race,HAM,CACHED_SELECTED_LAP_STREAM,712,12,NEW_DOWNLOAD_EXPECTED,SUCCESS,,,TRUE,22196,24606,1.4990719444444442,1.4991299999999999,1989.943,7386.602,1989.845,7386.713,0.23999999999978172,0.27999999999974534,0.44000000000005457,0,0.0,0.22000000000025466,0.22000000000025466,0.23999999999978172,0,0.0,PASS,per-driver telemetry row
2020:Portuguese Grand Prix:Race,train,2020,Portuguese Grand Prix,Race,KVY,CACHED_SELECTED_LAP_STREAM,732,11,NEW_DOWNLOAD_EXPECTED,SUCCESS,,,TRUE,22325,24748,1.5077608333333332,1.5077852777777778,1989.943,7417.882,1989.845,7417.872,0.23999999999978172,0.27999999999974534,0.44000000000005457,0,0.0,0.22000000000025466,0.22000000000025466,0.23999999999978172,0,0.0,PASS,per-driver telemetry row
2020:Portuguese Grand Prix:Race,train,2020,Portuguese Grand Prix,Race,LAT,CACHED_SELECTED_LAP_STREAM,723,11,NEW_DOWNLOAD_EXPECTED,SUCCESS,,,TRUE,22214,24625,1.5002719444444443,1.5002908333333331,1989.943,7390.922,1989.845,7390.892,0.23999999999978172,0.27999999999974534,0.44000000000005457,0,0.0,0.22000000000025466,0.22000000000025466,0.23999999999978172,0,0.0,PASS,per-driver telemetry row
2020:Portuguese Grand Prix:Race,train,2020,Portuguese Grand Prix,Race,LEC,CACHED_SELECTED_LAP_STREAM,711,12,NEW_DOWNLOAD_EXPECTED,SUCCESS,,,TRUE,22466,24903,1.5172386111111111,1.5172244444444445,1989.943,7452.002,1989.845,7451.853,0.23999999999978172,0.27999999999974534,0.44000000000005457,0,0.0,0.22000000000025466,0.22000000000025466,0.23999999999978172,0,0.0,PASS,per-driver telemetry row
2020:Portuguese Grand Prix:Race,train,2020,Portuguese Grand Prix,Race,MAG,CACHED_SELECTED_LAP_STREAM,722,11,NEW_DOWNLOAD_EXPECTED,SUCCESS,,,TRUE,22502,24943,1.5196608333333332,1.5196630555555555,1989.943,7460.722,1989.845,7460.632,0.23999999999978172,0.27999999999974534,0.44000000000005457,0,0.0,0.22000000000025466,0.22000000000025466,0.23999999999978172,0,0.0,PASS,per-driver telemetry row
2020:Portuguese Grand Prix:Race,train,2020,Portuguese Grand Prix,Race,NOR,CACHED_SELECTED_LAP_STREAM,723,11,NEW_DOWNLOAD_EXPECTED,SUCCESS,,,TRUE,22405,24836,1.5131275,1.5131463888888887,1989.943,7437.202,1989.845,7437.172,0.23999999999978172,0.27999999999974534,0.44000000000005457,0,0.0,0.22000000000025466,0.22000000000025466,0.23999999999978172,0,0.0,PASS,per-driver telemetry row
2020:Portuguese Grand Prix:Race,train,2020,Portuguese Grand Prix,Race,OCO,CACHED_SELECTED_LAP_STREAM,729,11,NEW_DOWNLOAD_EXPECTED,SUCCESS,,,TRUE,22285,24704,1.5050608333333333,1.5051019444444445,1989.943,7408.162,1989.845,7408.212,0.23999999999978172,0.27999999999974534,0.44000000000005457,0,0.0,0.22000000000025466,0.22000000000025466,0.23999999999978172,0,0.0,PASS,per-driver telemetry row
2020:Portuguese Grand Prix:Race,train,2020,Portuguese Grand Prix,Race,PER,CACHED_SELECTED_LAP_STREAM,716,11,NEW_DOWNLOAD_EXPECTED,SUCCESS,,,TRUE,22279,24697,1.5046608333333331,1.5046744444444442,1989.943,7406.722,1989.845,7406.673,0.23999999999978172,0.27999999999974534,0.44000000000005457,0,0.0,0.22000000000025466,0.22000000000025466,0.23999999999978172,0,0.0,PASS,per-driver telemetry row
2020:Portuguese Grand Prix:Race,train,2020,Portuguese Grand Prix,Race,RAI,CACHED_SELECTED_LAP_STREAM,764,11,NEW_DOWNLOAD_EXPECTED,SUCCESS,,,TRUE,22320,24742,1.5074275,1.507418611111111,1989.943,7416.682,1989.845,7416.552,0.23999999999978172,0.27999999999974534,0.44000000000005457,0,0.0,0.22000000000025466,0.22000000000025466,0.23999999999978172,0,0.0,PASS,per-driver telemetry row
2020:Portuguese Grand Prix:Race,train,2020,Portuguese Grand Prix,Race,RIC,CACHED_SELECTED_LAP_STREAM,732,11,NEW_DOWNLOAD_EXPECTED,SUCCESS,,,TRUE,22288,24707,1.5052608333333333,1.5052852777777779,1989.943,7408.882,1989.845,7408.872,0.23999999999978172,0.27999999999974534,0.44000000000005457,0,0.0,0.22000000000025466,0.22000000000025466,0.23999999999978172,0,0.0,PASS,per-driver telemetry row
2020:Portuguese Grand Prix:Race,train,2020,Portuguese Grand Prix,Race,RUS,CACHED_SELECTED_LAP_STREAM,729,11,NEW_DOWNLOAD_EXPECTED,SUCCESS,,,TRUE,22437,24871,1.515260833333333,1.515279722222222,1989.943,7444.882,1989.845,7444.852,0.23999999999978172,0.27999999999974534,0.44000000000005457,0,0.0,0.22000000000025466,0.22000000000025466,0.23999999999978172,0,0.0,PASS,per-driver telemetry row
2020:Portuguese Grand Prix:Race,train,2020,Portuguese Grand Prix,Race,SAI,CACHED_SELECTED_LAP_STREAM,722,11,NEW_DOWNLOAD_EXPECTED,SUCCESS,,,TRUE,22272,24690,1.5041941666666667,1.5042519444444444,1989.943,7405.042,1989.845,7405.152,0.23999999999978172,0.27999999999974534,0.44000000000005457,0,0.0,0.22000000000025466,0.22000000000025466,0.23999999999978172,0,0.0,PASS,per-driver telemetry row
2020:Portuguese Grand Prix:Race,train,2020,Portuguese Grand Prix,Race,STR,CACHED_SELECTED_LAP_STREAM,733,9,NEW_DOWNLOAD_EXPECTED,SUCCESS,,,TRUE,17912,19853,1.2095269444444443,1.2095458333333333,1989.943,6344.24,1989.845,6344.21,0.23999999999978172,0.27999999999974534,0.44000000000005457,0,0.0,0.22000000000025466,0.22000000000025466,0.23999999999978172,0,0.0,PASS,per-driver telemetry row
2020:Portuguese Grand Prix:Race,train,2020,Portuguese Grand Prix,Race,VER,CACHED_SELECTED_LAP_STREAM,720,12,NEW_DOWNLOAD_EXPECTED,SUCCESS,,,TRUE,22338,24763,1.5086275,1.508696388888889,1989.943,7421.002,1989.845,7421.152,0.23999999999978172,0.27999999999974534,0.44000000000005457,0,0.0,0.22000000000025466,0.22000000000025466,0.23999999999978172,0,0.0,PASS,per-driver telemetry row
2020:Portuguese Grand Prix:Race,train,2020,Portuguese Grand Prix,Race,VET,CACHED_SELECTED_LAP_STREAM,729,11,NEW_DOWNLOAD_EXPECTED,SUCCESS,,,TRUE,22293,24713,1.5055830555555556,1.5056519444444443,1989.943,7410.042,1989.845,7410.192,0.23999999999978172,0.27999999999974534,0.44000000000005457,0,0.0,0.22000000000025466,0.22000000000025466,0.23999999999978172,0,0.0,PASS,per-driver telemetry row
2020:Russian Grand Prix:Race,train,2020,Russian Grand Prix,Race,ALB,CACHED_SELECTED_LAP_STREAM,920,9,NEW_DOWNLOAD_EXPECTED,SUCCESS,,,TRUE,23595,26139,1.5925591666666667,1.5925527777777777,2013.539,7746.752,2013.519,7746.709,0.23999999999978172,0.27999999999974534,0.40099999999983993,0,0.0,0.22000000000025466,0.22000000000025466,0.24000000000069122,0,0.0,PASS,per-driver telemetry row
2020:Russian Grand Prix:Race,train,2020,Russian Grand Prix,Race,BOT,CACHED_SELECTED_LAP_STREAM,881,9,NEW_DOWNLOAD_EXPECTED,SUCCESS,,,TRUE,23212,25716,1.5667702777777779,1.5667697222222223,2013.539,7653.912,2013.519,7653.89,0.23999999999978172,0.27999999999974534,0.40099999999983993,0,0.0,0.22000000000025466,0.22000000000025466,0.24000000000069122,0,0.0,PASS,per-driver telemetry row
2020:Russian Grand Prix:Race,train,2020,Russian Grand Prix,Race,GAS,CACHED_SELECTED_LAP_STREAM,884,9,NEW_DOWNLOAD_EXPECTED,SUCCESS,,,TRUE,23582,26125,1.5916705555555557,1.591702777777778,2013.539,7743.553,2013.519,7743.649,0.23999999999978172,0.27999999999974534,0.40099999999983993,0,0.0,0.22000000000025466,0.22000000000025466,0.24000000000069122,0,0.0,PASS,per-driver telemetry row
2020:Russian Grand Prix:Race,train,2020,Russian Grand Prix,Race,GIO,CACHED_SELECTED_LAP_STREAM,900,9,NEW_DOWNLOAD_EXPECTED,SUCCESS,,,TRUE,23262,25771,1.5701480555555556,1.570125,2013.539,7666.072,2013.519,7665.969,0.23999999999978172,0.27999999999974534,0.40099999999983993,0,0.0,0.22000000000025466,0.22000000000025466,0.24000000000069122,0,0.0,PASS,per-driver telemetry row
2020:Russian Grand Prix:Race,train,2020,Russian Grand Prix,Race,GRO,CACHED_SELECTED_LAP_STREAM,900,9,NEW_DOWNLOAD_EXPECTED,SUCCESS,,,TRUE,23437,25964,1.5818925,1.5818916666666665,2013.539,7708.352,2013.519,7708.329,0.23999999999978172,0.27999999999974534,0.40099999999983993,0,0.0,0.22000000000025466,0.22000000000025466,0.24000000000069122,0,0.0,PASS,per-driver telemetry row
2020:Russian Grand Prix:Race,train,2020,Russian Grand Prix,Race,HAM,CACHED_SELECTED_LAP_STREAM,884,9,NEW_DOWNLOAD_EXPECTED,SUCCESS,,,TRUE,23306,25819,1.5730925,1.573047222222222,2013.539,7676.672,2013.519,7676.489,0.23999999999978172,0.27999999999974534,0.40099999999983993,0,0.0,0.22000000000025466,0.22000000000025466,0.24000000000069122,0,0.0,PASS,per-driver telemetry row
2020:Russian Grand Prix:Race,train,2020,Russian Grand Prix,Race,KVY,CACHED_SELECTED_LAP_STREAM,893,9,NEW_DOWNLOAD_EXPECTED,SUCCESS,,,TRUE,23495,26029,1.5858036111111111,1.5858527777777778,2013.539,7722.432,2013.519,7722.589,0.23999999999978172,0.27999999999974534,0.40099999999983993,0,0.0,0.22000000000025466,0.22000000000025466,0.24000000000069122,0,0.0,PASS,per-driver telemetry row
2020:Russian Grand Prix:Race,train,2020,Russian Grand Prix,Race,LAT,CACHED_SELECTED_LAP_STREAM,927,9,NEW_DOWNLOAD_EXPECTED,SUCCESS,,,TRUE,23433,25959,1.5816258333333333,1.5815805555555555,2013.539,7707.392,2013.519,7707.209,0.23999999999978172,0.27999999999974534,0.40099999999983993,0,0.0,0.22000000000025466,0.22000000000025466,0.24000000000069122,0,0.0,PASS,per-driver telemetry row
2020:Russian Grand Prix:Race,train,2020,Russian Grand Prix,Race,LEC,CACHED_SELECTED_LAP_STREAM,889,9,NEW_DOWNLOAD_EXPECTED,SUCCESS,,,TRUE,23469,25999,1.5840480555555556,1.584025,2013.539,7716.112,2013.519,7716.009,0.23999999999978172,0.27999999999974534,0.40099999999983993,0,0.0,0.22000000000025466,0.22000000000025466,0.24000000000069122,0,0.0,PASS,per-driver telemetry row
2020:Russian Grand Prix:Race,train,2020,Russian Grand Prix,Race,MAG,CACHED_SELECTED_LAP_STREAM,894,9,NEW_DOWNLOAD_EXPECTED,SUCCESS,,,TRUE,23269,25780,1.5706369444444446,1.5706694444444445,2013.539,7667.832,2013.519,7667.929,0.23999999999978172,0.27999999999974534,0.40099999999983993,0,0.0,0.22000000000025466,0.22000000000025466,0.24000000000069122,0,0.0,PASS,per-driver telemetry row
2020:Russian Grand Prix:Race,train,2020,Russian Grand Prix,Race,NOR,CACHED_SELECTED_LAP_STREAM,921,9,NEW_DOWNLOAD_EXPECTED,SUCCESS,,,TRUE,23319,25833,1.5739480555555558,1.5739027777777779,2013.539,7679.752,2013.519,7679.569,0.23999999999978172,0.27999999999974534,0.40099999999983993,0,0.0,0.22000000000025466,0.22000000000025466,0.24000000000069122,0,0.0,PASS,per-driver telemetry row
2020:Russian Grand Prix:Race,train,2020,Russian Grand Prix,Race,OCO,CACHED_SELECTED_LAP_STREAM,883,9,NEW_DOWNLOAD_EXPECTED,SUCCESS,,,TRUE,23493,26026,1.5856591666666668,1.5856694444444444,2013.539,7721.912,2013.519,7721.929,0.23999999999978172,0.27999999999974534,0.40099999999983993,0,0.0,0.22000000000025466,0.22000000000025466,0.24000000000069122,0,0.0,PASS,per-driver telemetry row
2020:Russian Grand Prix:Race,train,2020,Russian Grand Prix,Race,PER,CACHED_SELECTED_LAP_STREAM,882,9,NEW_DOWNLOAD_EXPECTED,SUCCESS,,,TRUE,23338,25855,1.5752594444444445,1.5752416666666667,2013.539,7684.473,2013.519,7684.389,0.23999999999978172,0.27999999999974534,0.40099999999983993,0,0.0,0.22000000000025466,0.22000000000025466,0.24000000000069122,0,0.0,PASS,per-driver telemetry row
2020:Russian Grand Prix:Race,train,2020,Russian Grand Prix,Race,RAI,CACHED_SELECTED_LAP_STREAM,911,9,NEW_DOWNLOAD_EXPECTED,SUCCESS,,,TRUE,23277,25788,1.571170277777778,1.5711583333333334,2013.539,7669.752,2013.519,7669.689,0.23999999999978172,0.27999999999974534,0.40099999999983993,0,0.0,0.22000000000025466,0.22000000000025466,0.24000000000069122,0,0.0,PASS,per-driver telemetry row
2020:Russian Grand Prix:Race,train,2020,Russian Grand Prix,Race,RIC,CACHED_SELECTED_LAP_STREAM,881,9,NEW_DOWNLOAD_EXPECTED,SUCCESS,,,TRUE,23407,25930,1.5798480555555556,1.5798138888888889,2013.539,7700.992,2013.519,7700.849,0.23999999999978172,0.27999999999974534,0.40099999999983993,0,0.0,0.22000000000025466,0.22000000000025466,0.24000000000069122,0,0.0,PASS,per-driver telemetry row
2020:Russian Grand Prix:Race,train,2020,Russian Grand Prix,Race,RUS,CACHED_SELECTED_LAP_STREAM,920,9,NEW_DOWNLOAD_EXPECTED,SUCCESS,,,TRUE,23549,26089,1.5894591666666666,1.5895083333333333,2013.539,7735.592,2013.519,7735.749,0.23999999999978172,0.27999999999974534,0.40099999999983993,0,0.0,0.22000000000025466,0.22000000000025466,0.24000000000069122,0,0.0,PASS,per-driver telemetry row
2020:Russian Grand Prix:Race,train,2020,Russian Grand Prix,Race,SAI,CACHED_SELECTED_LAP_STREAM,1086,1,NEW_DOWNLOAD_EXPECTED,SUCCESS,,,TRUE,526,581,0.03532249999999995,0.0353388888888889,2013.539,2140.7,2013.519,2140.739,0.2400000000000091,0.24099999999998545,0.40000000000009095,0,0.0,0.22000000000002728,0.22000000000025466,0.22000000000025466,0,0.0,PASS,per-driver telemetry row
2020:Russian Grand Prix:Race,train,2020,Russian Grand Prix,Race,STR,CACHED_SELECTED_LAP_STREAM,1086,1,NEW_DOWNLOAD_EXPECTED,SUCCESS,,,TRUE,526,581,0.03532249999999995,0.0353388888888889,2013.539,2140.7,2013.519,2140.739,0.2400000000000091,0.24099999999998545,0.40000000000009095,0,0.0,0.22000000000002728,0.22000000000025466,0.22000000000025466,0,0.0,PASS,per-driver telemetry row
2020:Russian Grand Prix:Race,train,2020,Russian Grand Prix,Race,VER,CACHED_SELECTED_LAP_STREAM,879,9,NEW_DOWNLOAD_EXPECTED,SUCCESS,,,TRUE,23243,25751,1.5688813888888888,1.5689027777777778,2013.539,7661.512,2013.519,7661.569,0.23999999999978172,0.27999999999974534,0.40099999999983993,0,0.0,0.22000000000025466,0.22000000000025466,0.24000000000069122,0,0.0,PASS,per-driver telemetry row
2020:Russian Grand Prix:Race,train,2020,Russian Grand Prix,Race,VET,CACHED_SELECTED_LAP_STREAM,901,9,NEW_DOWNLOAD_EXPECTED,SUCCESS,,,TRUE,23273,25784,1.5709036111111112,1.570913888888889,2013.539,7668.792,2013.519,7668.809,0.23999999999978172,0.27999999999974534,0.40099999999983993,0,0.0,0.22000000000025466,0.22000000000025466,0.24000000000069122,0,0.0,PASS,per-driver telemetry row
2020:Sakhir Grand Prix:Race,train,2020,Sakhir Grand Prix,Race,AIT,CACHED_SELECTED_LAP_STREAM,521,15,NEW_DOWNLOAD_EXPECTED,SUCCESS,,,TRUE,22605,25116,1.5302041666666666,1.5302238888888888,1963.787,7472.522,1963.755,7472.561,0.23999999999978172,0.27999999999974534,0.40000000000009095,0,0.0,0.22000000000025466,0.22000000000025466,0.306999999999789,0,0.0,PASS,per-driver telemetry row
2020:Sakhir Grand Prix:Race,train,2020,Sakhir Grand Prix,Race,ALB,CACHED_SELECTED_LAP_STREAM,513,15,NEW_DOWNLOAD_EXPECTED,SUCCESS,,,TRUE,22523,25025,1.5246708333333332,1.5246794444444443,1963.787,7452.602,1963.755,7452.601,0.23999999999978172,0.27999999999974534,0.40000000000009095,0,0.0,0.22000000000025466,0.22000000000025466,0.306999999999789,0,0.0,PASS,per-driver telemetry row
2020:Sakhir Grand Prix:Race,train,2020,Sakhir Grand Prix,Race,BOT,CACHED_SELECTED_LAP_STREAM,507,15,NEW_DOWNLOAD_EXPECTED,SUCCESS,,,TRUE,22530,25032,1.5251372222222221,1.5251072222222222,1963.787,7454.281,1963.755,7454.141,0.23999999999978172,0.27999999999974534,0.40000000000009095,0,0.0,0.22000000000025466,0.22000000000025466,0.306999999999789,0,0.0,PASS,per-driver telemetry row
2020:Sakhir Grand Prix:Race,train,2020,Sakhir Grand Prix,Race,FIT,CACHED_SELECTED_LAP_STREAM,523,15,NEW_DOWNLOAD_EXPECTED,SUCCESS,,,TRUE,22618,25130,1.5310705555555553,1.5310738888888888,1963.787,7475.641,1963.755,7475.621,0.23999999999978172,0.27999999999974534,0.40000000000009095,0,0.0,0.22000000000025466,0.22000000000025466,0.306999999999789,0,0.0,PASS,per-driver telemetry row
2020:Sakhir Grand Prix:Race,train,2020,Sakhir Grand Prix,Race,GAS,CACHED_SELECTED_LAP_STREAM,513,15,NEW_DOWNLOAD_EXPECTED,SUCCESS,,,TRUE,22551,25056,1.526526388888889,1.5265683333333333,1963.787,7459.282,1963.755,7459.401,0.23999999999978172,0.27999999999974534,0.40000000000009095,0,0.0,0.22000000000025466,0.22000000000025466,0.306999999999789,0,0.0,PASS,per-driver telemetry row
2020:Sakhir Grand Prix:Race,train,2020,Sakhir Grand Prix,Race,GIO,CACHED_SELECTED_LAP_STREAM,517,15,NEW_DOWNLOAD_EXPECTED,SUCCESS,,,TRUE,22566,25072,1.5275483333333333,1.5275405555555555,1963.787,7462.961,1963.755,7462.901,0.23999999999978172,0.27999999999974534,0.40000000000009095,0,0.0,0.22000000000025466,0.22000000000025466,0.306999999999789,0,0.0,PASS,per-driver telemetry row
2020:Sakhir Grand Prix:Race,train,2020,Sakhir Grand Prix,Race,KVY,CACHED_SELECTED_LAP_STREAM,513,15,NEW_DOWNLOAD_EXPECTED,SUCCESS,,,TRUE,22526,25028,1.5248708333333334,1.524862777777778,1963.787,7453.322,1963.755,7453.261,0.23999999999978172,0.27999999999974534,0.40000000000009095,0,0.0,0.22000000000025466,0.22000000000025466,0.306999999999789,0,0.0,PASS,per-driver telemetry row
2020:Sakhir Grand Prix:Race,train,2020,Sakhir Grand Prix,Race,LAT,CACHED_SELECTED_LAP_STREAM,527,9,NEW_DOWNLOAD_EXPECTED,SUCCESS,,,TRUE,14078,15637,0.9526472222222222,0.9526716666666665,1963.787,5393.317,1963.755,5393.373,0.23999999999978172,0.27999999999974534,0.40000000000009095,0,0.0,0.22000000000025466,0.22000000000025466,0.22100000000045839,0,0.0,PASS,per-driver telemetry row
2020:Sakhir Grand Prix:Race,train,2020,Sakhir Grand Prix,Race,LEC,CACHED_SELECTED_LAP_STREAM,599,1,NEW_DOWNLOAD_EXPECTED,SUCCESS,,,TRUE,282,315,0.019089166666666667,0.0191333333333333,1963.787,2032.508,1963.755,2032.635,0.2400000000000091,0.2799999999999727,0.36000000000012733,0,0.0,0.22000000000002728,0.22000000000002728,0.22100000000000364,0,0.0,PASS,per-driver telemetry row
2020:Sakhir Grand Prix:Race,train,2020,Sakhir Grand Prix,Race,MAG,CACHED_SELECTED_LAP_STREAM,521,15,NEW_DOWNLOAD_EXPECTED,SUCCESS,,,TRUE,22600,25110,1.5298486111111111,1.5298572222222222,1963.787,7471.242,1963.755,7471.241,0.23999999999978172,0.27999999999974534,0.40000000000009095,0,0.0,0.22000000000025466,0.22000000000025466,0.306999999999789,0,0.0,PASS,per-driver telemetry row
2020:Sakhir Grand Prix:Race,train,2020,Sakhir Grand Prix,Race,NOR,CACHED_SELECTED_LAP_STREAM,514,15,NEW_DOWNLOAD_EXPECTED,SUCCESS,,,TRUE,22547,25051,1.5262597222222223,1.5262627777777777,1963.787,7458.322,1963.755,7458.301,0.23999999999978172,0.27999999999974534,0.40000000000009095,0,0.0,0.22000000000025466,0.22000000000025466,0.306999999999789,0,0.0,PASS,per-driver telemetry row
2020:Sakhir Grand Prix:Race,train,2020,Sakhir Grand Prix,Race,OCO,CACHED_SELECTED_LAP_STREAM,513,15,NEW_DOWNLOAD_EXPECTED,SUCCESS,,,TRUE,22509,25010,1.5237261111111111,1.5237627777777778,1963.787,7449.201,1963.755,7449.301,0.23999999999978172,0.27999999999974534,0.40000000000009095,0,0.0,0.22000000000025466,0.22000000000025466,0.306999999999789,0,0.0,PASS,per-driver telemetry row
2020:Sakhir Grand Prix:Race,train,2020,Sakhir Grand Prix,Race,PER,CACHED_SELECTED_LAP_STREAM,513,15,NEW_DOWNLOAD_EXPECTED,SUCCESS,,,TRUE,22468,24962,1.520859722222222,1.5208405555555555,1963.787,7438.882,1963.755,7438.781,0.23999999999978172,0.27999999999974534,0.40000000000009095,0,0.0,0.22000000000025466,0.22000000000025466,0.306999999999789,0,0.0,PASS,per-driver telemetry row
2020:Sakhir Grand Prix:Race,train,2020,Sakhir Grand Prix,Race,RAI,CACHED_SELECTED_LAP_STREAM,521,15,NEW_DOWNLOAD_EXPECTED,SUCCESS,,,TRUE,22574,25081,1.5281041666666668,1.5280905555555555,1963.787,7464.962,1963.755,7464.881,0.23999999999978172,0.27999999999974534,0.40000000000009095,0,0.0,0.22000000000025466,0.22000000000025466,0.306999999999789,0,0.0,PASS,per-driver telemetry row
2020:Sakhir Grand Prix:Race,train,2020,Sakhir Grand Prix,Race,RIC,CACHED_SELECTED_LAP_STREAM,514,15,NEW_DOWNLOAD_EXPECTED,SUCCESS,,,TRUE,22521,25023,1.5245375,1.5245572222222221,1963.787,7452.122,1963.755,7452.161,0.23999999999978172,0.27999999999974534,0.40000000000009095,0,0.0,0.22000000000025466,0.22000000000025466,0.306999999999789,0,0.0,PASS,per-driver telemetry row
2020:Sakhir Grand Prix:Race,train,2020,Sakhir Grand Prix,Race,RUS,CACHED_SELECTED_LAP_STREAM,507,15,NEW_DOWNLOAD_EXPECTED,SUCCESS,,,TRUE,22543,25047,1.5259930555555554,1.5260183333333335,1963.787,7457.362,1963.755,7457.421,0.23999999999978172,0.27999999999974534,0.40000000000009095,0,0.0,0.22000000000025466,0.22000000000025466,0.306999999999789,0,0.0,PASS,per-driver telemetry row
2020:Sakhir Grand Prix:Race,train,2020,Sakhir Grand Prix,Race,SAI,CACHED_SELECTED_LAP_STREAM,511,15,NEW_DOWNLOAD_EXPECTED,SUCCESS,,,TRUE,22518,25019,1.5243152777777778,1.5243127777777776,1963.787,7451.322,1963.755,7451.281,0.23999999999978172,0.27999999999974534,0.40000000000009095,0,0.0,0.22000000000025466,0.22000000000025466,0.306999999999789,0,0.0,PASS,per-driver telemetry row
2020:Sakhir Grand Prix:Race,train,2020,Sakhir Grand Prix,Race,STR,CACHED_SELECTED_LAP_STREAM,513,15,NEW_DOWNLOAD_EXPECTED,SUCCESS,,,TRUE,22515,25016,1.5241261111111108,1.5241294444444444,1963.787,7450.641,1963.755,7450.621,0.23999999999978172,0.27999999999974534,0.40000000000009095,0,0.0,0.22000000000025466,0.22000000000025466,0.306999999999789,0,0.0,PASS,per-driver telemetry row
2020:Sakhir Grand Prix:Race,train,2020,Sakhir Grand Prix,Race,VER,CACHED_SELECTED_LAP_STREAM,599,1,NEW_DOWNLOAD_EXPECTED,SUCCESS,,,TRUE,282,315,0.019089166666666667,0.0191333333333333,1963.787,2032.508,1963.755,2032.635,0.2400000000000091,0.2799999999999727,0.36000000000012733,0,0.0,0.22000000000002728,0.22000000000002728,0.22100000000000364,0,0.0,PASS,per-driver telemetry row
2020:Sakhir Grand Prix:Race,train,2020,Sakhir Grand Prix,Race,VET,CACHED_SELECTED_LAP_STREAM,519,15,NEW_DOWNLOAD_EXPECTED,SUCCESS,,,TRUE,22559,25065,1.5270816666666667,1.5271130555555557,1963.787,7461.281,1963.755,7461.362,0.23999999999978172,0.27999999999974534,0.40000000000009095,0,0.0,0.22000000000025466,0.22000000000025466,0.306999999999789,0,0.0,PASS,per-driver telemetry row
2020:Spanish Grand Prix:Race,train,2020,Spanish Grand Prix,Race,ALB,CACHED_SELECTED_LAP_STREAM,746,11,NEW_DOWNLOAD_EXPECTED,SUCCESS,,,TRUE,22812,25281,1.5402480555555556,1.54027,1997.443,7542.336,1997.41,7542.382,0.23999999999978172,0.27999999999974534,0.36000000000012733,0,0.0,0.22000000000025466,0.22000000000025466,0.23999999999978172,0,0.0,PASS,per-driver telemetry row
2020:Spanish Grand Prix:Race,train,2020,Spanish Grand Prix,Race,BOT,CACHED_SELECTED_LAP_STREAM,726,12,NEW_DOWNLOAD_EXPECTED,SUCCESS,,,TRUE,22833,25304,1.5416591666666666,1.5416702777777778,1997.443,7547.416,1997.41,7547.423,0.23999999999978172,0.27999999999974534,0.36000000000012733,0,0.0,0.22000000000025466,0.22000000000025466,0.23999999999978172,0,0.0,PASS,per-driver telemetry row
2020:Spanish Grand Prix:Race,train,2020,Spanish Grand Prix,Race,GAS,CACHED_SELECTED_LAP_STREAM,740,11,NEW_DOWNLOAD_EXPECTED,SUCCESS,,,TRUE,22815,25284,1.5404480555555553,1.5404533333333335,1997.443,7543.056,1997.41,7543.042,0.23999999999978172,0.27999999999974534,0.36000000000012733,0,0.0,0.22000000000025466,0.22000000000025466,0.23999999999978172,0,0.0,PASS,per-driver telemetry row
2020:Spanish Grand Prix:Race,train,2020,Spanish Grand Prix,Race,GIO,CACHED_SELECTED_LAP_STREAM,750,11,NEW_DOWNLOAD_EXPECTED,SUCCESS,,,TRUE,22935,25418,1.5485813888888889,1.54862,1997.443,7572.336,1997.41,7572.442,0.23999999999978172,0.27999999999974534,0.36000000000012733,0,0.0,0.22000000000025466,0.22000000000025466,0.23999999999978172,0,0.0,PASS,per-driver telemetry row
2020:Spanish Grand Prix:Race,train,2020,Spanish Grand Prix,Race,GRO,CACHED_SELECTED_LAP_STREAM,750,11,NEW_DOWNLOAD_EXPECTED,SUCCESS,,,TRUE,22770,25235,1.5374369444444445,1.53747,1997.443,7532.216,1997.41,7532.302,0.23999999999978172,0.27999999999974534,0.36000000000012733,0,0.0,0.22000000000025466,0.22000000000025466,0.23999999999978172,0,0.0,PASS,per-driver telemetry row
2020:Spanish Grand Prix:Race,train,2020,Spanish Grand Prix,Race,HAM,CACHED_SELECTED_LAP_STREAM,723,12,NEW_DOWNLOAD_EXPECTED,SUCCESS,,,TRUE,22648,25100,1.5292036111111111,1.5292422222222222,1997.443,7502.576,1997.41,7502.682,0.23999999999978172,0.27999999999974534,0.36000000000012733,0,0.0,0.22000000000025466,0.22000000000025466,0.23999999999978172,0,0.0,PASS,per-driver telemetry row
2020:Spanish Grand Prix:Race,train,2020,Spanish Grand Prix,Race,KVY,MISSING_FROM_SUPPLIED_ARCHIVE,0,,NEW_DOWNLOAD_EXPECTED,SUCCESS,,,TRUE,22824,25295,1.5410591666666666,1.5411255555555556,1997.443,7545.256,1997.41,7545.462,0.23999999999978172,0.27999999999974534,0.36000000000012733,0,0.0,0.22000000000025466,0.22000000000025466,0.23999999999978172,0,0.0,PASS,per-driver telemetry row
2020:Spanish Grand Prix:Race,train,2020,Spanish Grand Prix,Race,LAT,MISSING_FROM_SUPPLIED_ARCHIVE,0,,NEW_DOWNLOAD_EXPECTED,SUCCESS,,,TRUE,22656,25109,1.5297477777777777,1.5297922222222224,1997.443,7504.535,1997.41,7504.662,0.23999999999978172,0.27999999999974534,0.36000000000012733,0,0.0,0.22000000000025466,0.22000000000025466,0.23999999999978172,0,0.0,PASS,per-driver telemetry row
2020:Spanish Grand Prix:Race,train,2020,Spanish Grand Prix,Race,LEC,MISSING_FROM_SUPPLIED_ARCHIVE,0,,NEW_DOWNLOAD_EXPECTED,SUCCESS,,,TRUE,13707,15190,0.9254466666666668,0.9254319444444445,1997.443,5329.051,1997.41,5328.965,0.23999999999978172,0.27999999999974534,0.36000000000012733,0,0.0,0.22000000000025466,0.22000000000025466,0.22100000000000364,0,0.0,PASS,per-driver telemetry row
2020:Spanish Grand Prix:Race,train,2020,Spanish Grand Prix,Race,MAG,MISSING_FROM_SUPPLIED_ARCHIVE,0,,NEW_DOWNLOAD_EXPECTED,SUCCESS,,,TRUE,22932,25415,1.5483702777777777,1.5484366666666667,1997.443,7571.576,1997.41,7571.782,0.23999999999978172,0.27999999999974534,0.36000000000012733,0,0.0,0.22000000000025466,0.22000000000025466,0.23999999999978172,0,0.0,PASS,per-driver telemetry row
2020:Spanish Grand Prix:Race,train,2020,Spanish Grand Prix,Race,NOR,MISSING_FROM_SUPPLIED_ARCHIVE,0,,NEW_DOWNLOAD_EXPECTED,SUCCESS,,,TRUE,22817,25286,1.5405813888888888,1.5405755555555556,1997.443,7543.536,1997.41,7543.482,0.23999999999978172,0.27999999999974534,0.36000000000012733,0,0.0,0.22000000000025466,0.22000000000025466,0.23999999999978172,0,0.0,PASS,per-driver telemetry row
2020:Spanish Grand Prix:Race,train,2020,Spanish Grand Prix,Race,OCO,MISSING_FROM_SUPPLIED_ARCHIVE,0,,NEW_DOWNLOAD_EXPECTED,SUCCESS,,,TRUE,22879,25355,1.5447702777777776,1.5447811111111112,1997.443,7558.616,1997.41,7558.622,0.23999999999978172,0.27999999999974534,0.36000000000012733,0,0.0,0.22000000000025466,0.22000000000025466,0.23999999999978172,0,0.0,PASS,per-driver telemetry row
2020:Spanish Grand Prix:Race,train,2020,Spanish Grand Prix,Race,PER,MISSING_FROM_SUPPLIED_ARCHIVE,0,,NEW_DOWNLOAD_EXPECTED,SUCCESS,,,TRUE,22727,25187,1.5345258333333331,1.5345425,1997.443,7521.736,1997.41,7521.763,0.23999999999978172,0.27999999999974534,0.36000000000012733,0,0.0,0.22000000000025466,0.22000000000025466,0.23999999999978172,0,0.0,PASS,per-driver telemetry row
2020:Spanish Grand Prix:Race,train,2020,Spanish Grand Prix,Race,RAI,MISSING_FROM_SUPPLIED_ARCHIVE,0,,NEW_DOWNLOAD_EXPECTED,SUCCESS,,,TRUE,22901,25380,1.5462588888888888,1.5463033333333334,1997.443,7563.975,1997.41,7564.102,0.23999999999978172,0.27999999999974534,0.36000000000012733,0,0.0,0.22000000000025466,0.22000000000025466,0.23999999999978172,0,0.0,PASS,per-driver telemetry row
2020:Spanish Grand Prix:Race,train,2020,Spanish Grand Prix,Race,RIC,MISSING_FROM_SUPPLIED_ARCHIVE,0,,NEW_DOWNLOAD_EXPECTED,SUCCESS,,,TRUE,22821,25291,1.5408480555555555,1.5408811111111111,1997.443,7544.496,1997.41,7544.582,0.23999999999978172,0.27999999999974534,0.36000000000012733,0,0.0,0.22000000000025466,0.22000000000025466,0.23999999999978172,0,0.0,PASS,per-driver telemetry row
2020:Spanish Grand Prix:Race,train,2020,Spanish Grand Prix,Race,RUS,MISSING_FROM_SUPPLIED_ARCHIVE,0,,NEW_DOWNLOAD_EXPECTED,SUCCESS,,,TRUE,22974,25462,1.5512480555555554,1.5512977777777779,1997.443,7581.936,1997.41,7582.082,0.23999999999978172,0.27999999999974534,0.36000000000012733,0,0.0,0.22000000000025466,0.22000000000025466,0.23999999999978172,0,0.0,PASS,per-driver telemetry row
2020:Spanish Grand Prix:Race,train,2020,Spanish Grand Prix,Race,SAI,MISSING_FROM_SUPPLIED_ARCHIVE,0,,NEW_DOWNLOAD_EXPECTED,SUCCESS,,,TRUE,22754,25217,1.5363702777777777,1.5363702777777777,1997.443,7528.376,1997.41,7528.343,0.23999999999978172,0.27999999999974534,0.36000000000012733,0,0.0,0.22000000000025466,0.22000000000025466,0.23999999999978172,0,0.0,PASS,per-driver telemetry row
2020:Spanish Grand Prix:Race,train,2020,Spanish Grand Prix,Race,STR,MISSING_FROM_SUPPLIED_ARCHIVE,0,,NEW_DOWNLOAD_EXPECTED,SUCCESS,,,TRUE,22737,25198,1.5352033333333333,1.5352144444444444,1997.443,7524.175,1997.41,7524.182,0.23999999999978172,0.27999999999974534,0.36000000000012733,0,0.0,0.22000000000025466,0.22000000000025466,0.23999999999978172,0,0.0,PASS,per-driver telemetry row
2020:Spanish Grand Prix:Race,train,2020,Spanish Grand Prix,Race,VER,MISSING_FROM_SUPPLIED_ARCHIVE,0,,NEW_DOWNLOAD_EXPECTED,SUCCESS,,,TRUE,22748,25210,1.5359591666666665,1.5359425,1997.443,7526.896,1997.41,7526.803,0.23999999999978172,0.27999999999974534,0.36000000000012733,0,0.0,0.22000000000025466,0.22000000000025466,0.23999999999978172,0,0.0,PASS,per-driver telemetry row
2020:Spanish Grand Prix:Race,train,2020,Spanish Grand Prix,Race,VET,MISSING_FROM_SUPPLIED_ARCHIVE,0,,NEW_DOWNLOAD_EXPECTED,SUCCESS,,,TRUE,22807,25276,1.5399147222222223,1.5399647222222224,1997.443,7541.136,1997.41,7541.283,0.23999999999978172,0.27999999999974534,0.36000000000012733,0,0.0,0.22000000000025466,0.22000000000025466,0.23999999999978172,0,0.0,PASS,per-driver telemetry row
