year,event,session,driver,identity_status,source_url,source_sha256,fetch_status,http_status,bytes,lap_records,min_lap,max_lap,position_records,parse_error,race_id,cache_path,verified_sha256
2018,Abu Dhabi Grand Prix,Race,ALO,VERIFIED_IN_SOURCE_DRIVERS_JSON,https://raw.githubusercontent.com/TracingInsights/2018/ec6317adac6786e38b5d35e008f4b87926a3a55c/Abu%20Dhabi%20Grand%20Prix/Race/ALO/laptimes.json,7f887515bb0ae6d58c16370a6ba6f05c18862240776aa35b33e9c1b843f1e64b,PHASE2_CACHE_HIT,200,16094,54,1,54,54,,2018:Abu Dhabi Grand Prix:Race,/home/anshumandutta/Downloads/APEX-R_Devsez_Full_Application/phase2_data_foundation/cache/remote/613241c268d7a6583ba107ca69f49fb3c7ca1fb6d3251962edb172277c922f02.bin,7f887515bb0ae6d58c16370a6ba6f05c18862240776aa35b33e9c1b843f1e64b
2018,Abu Dhabi Grand Prix,Race,BOT,VERIFIED_IN_SOURCE_DRIVERS_JSON,https://raw.githubusercontent.com/TracingInsights/2018/ec6317adac6786e38b5d35e008f4b87926a3a55c/Abu%20Dhabi%20Grand%20Prix/Race/BOT/laptimes.json,dc2d66feda1b579562aae7334ffe4af67ea049745686518ab522c79eb47c9018,PHASE2_CACHE_HIT,200,16395,55,1,55,55,,2018:Abu Dhabi Grand Prix:Race,/home/anshumandutta/Downloads/APEX-R_Devsez_Full_Application/phase2_data_foundation/cache/remote/fe4c120a9e6424ad3d4fe855f24855aee24bf099e2cca601fc21d2723140f940.bin,dc2d66feda1b579562aae7334ffe4af67ea049745686518ab522c79eb47c9018
2018,Abu Dhabi Grand Prix,Race,ERI,VERIFIED_IN_SOURCE_DRIVERS_JSON,https://raw.githubusercontent.com/TracingInsights/2018/ec6317adac6786e38b5d35e008f4b87926a3a55c/Abu%20Dhabi%20Grand%20Prix/Race/ERI/laptimes.json,5339db1bac1abb62aab6f6b747fd302dcc2b8f438d0362a76a36abb8e26fbe74,PHASE2_CACHE_HIT,200,7577,25,1,25,24,,2018:Abu Dhabi Grand Prix:Race,/home/anshumandutta/Downloads/APEX-R_Devsez_Full_Application/phase2_data_foundation/cache/remote/072ecec9a431bbd44a46e308a98864cc61c2c4ab88e7a5ea2931cd3ab90d0e7a.bin,5339db1bac1abb62aab6f6b747fd302dcc2b8f438d0362a76a36abb8e26fbe74
2018,Abu Dhabi Grand Prix,Race,GAS,VERIFIED_IN_SOURCE_DRIVERS_JSON,https://raw.githubusercontent.com/TracingInsights/2018/ec6317adac6786e38b5d35e008f4b87926a3a55c/Abu%20Dhabi%20Grand%20Prix/Race/GAS/laptimes.json,873fcdf7f4f784d7d8d1a6db6eb1f9c9cbecf946958ac62f767c99a64e94f0d5,PHASE2_CACHE_HIT,200,14179,47,1,47,46,,2018:Abu Dhabi Grand Prix:Race,/home/anshumandutta/Downloads/APEX-R_Devsez_Full_Application/phase2_data_foundation/cache/remote/b282a76cc293f7b8495d5b8d7ae8b5229fb7fde98ff33446493aef94f560f40e.bin,873fcdf7f4f784d7d8d1a6db6eb1f9c9cbecf946958ac62f767c99a64e94f0d5
2018,Abu Dhabi Grand Prix,Race,GRO,VERIFIED_IN_SOURCE_DRIVERS_JSON,https://raw.githubusercontent.com/TracingInsights/2018/ec6317adac6786e38b5d35e008f4b87926a3a55c/Abu%20Dhabi%20Grand%20Prix/Race/GRO/laptimes.json,34e15c8843bfa744bf210ec674343baeefd3028f3d4b5c4590dc52266d4c46d2,PHASE2_CACHE_HIT,200,16290,54,1,54,54,,2018:Abu Dhabi Grand Prix:Race,/home/anshumandutta/Downloads/APEX-R_Devsez_Full_Application/phase2_data_foundation/cache/remote/14321954dac7981da194ce686c80abe7c4a9b5151306647b00bd68bc7299bbce.bin,34e15c8843bfa744bf210ec674343baeefd3028f3d4b5c4590dc52266d4c46d2
2018,Abu Dhabi Grand Prix,Race,HAM,VERIFIED_IN_SOURCE_DRIVERS_JSON,https://raw.githubusercontent.com/TracingInsights/2018/ec6317adac6786e38b5d35e008f4b87926a3a55c/Abu%20Dhabi%20Grand%20Prix/Race/HAM/laptimes.json,43f3a355ee6c0ff64aeb128aa2014b8728b911fc8b0c70341b93680b8fb0c9f9,PHASE2_CACHE_HIT,200,16392,55,1,55,55,,2018:Abu Dhabi Grand Prix:Race,/home/anshumandutta/Downloads/APEX-R_Devsez_Full_Application/phase2_data_foundation/cache/remote/d863e36346173ec14cc0773a42719a9dfa247ad7142178a1397542b64af819e2.bin,43f3a355ee6c0ff64aeb128aa2014b8728b911fc8b0c70341b93680b8fb0c9f9
2018,Abu Dhabi Grand Prix,Race,HAR,VERIFIED_IN_SOURCE_DRIVERS_JSON,https://raw.githubusercontent.com/TracingInsights/2018/ec6317adac6786e38b5d35e008f4b87926a3a55c/Abu%20Dhabi%20Grand%20Prix/Race/HAR/laptimes.json,f7084b762a187ae243bdb306c2642cc7496d71a2ac29f8b827372fd532691d4c,PHASE2_CACHE_HIT,200,16266,54,1,54,54,,2018:Abu Dhabi Grand Prix:Race,/home/anshumandutta/Downloads/APEX-R_Devsez_Full_Application/phase2_data_foundation/cache/remote/d35a82d93297fac3b1ce47dee1b6b2c494d323e2585c86ea5859fee93ce06a45.bin,f7084b762a187ae243bdb306c2642cc7496d71a2ac29f8b827372fd532691d4c
2018,Abu Dhabi Grand Prix,Race,HUL,VERIFIED_IN_SOURCE_DRIVERS_JSON,https://raw.githubusercontent.com/TracingInsights/2018/ec6317adac6786e38b5d35e008f4b87926a3a55c/Abu%20Dhabi%20Grand%20Prix/Race/HUL/laptimes.json,8e15ca560ee1b2f20adc37d0af2875d9ae034c1d5987e5510524ec97ed26e8c3,PHASE2_CACHE_HIT,200,644,1,1,1,0,,2018:Abu Dhabi Grand Prix:Race,/home/anshumandutta/Downloads/APEX-R_Devsez_Full_Application/phase2_data_foundation/cache/remote/42efa4aa9d5b0ff7b635de68eee7e9c07c50714c7f9a47ce681883cfc926b614.bin,8e15ca560ee1b2f20adc37d0af2875d9ae034c1d5987e5510524ec97ed26e8c3
2018,Abu Dhabi Grand Prix,Race,LEC,VERIFIED_IN_SOURCE_DRIVERS_JSON,https://raw.githubusercontent.com/TracingInsights/2018/ec6317adac6786e38b5d35e008f4b87926a3a55c/Abu%20Dhabi%20Grand%20Prix/Race/LEC/laptimes.json,325ea9f7290b9c6d9572005cfc0c216c4cc5311b5ac2c54b54b66c7191620685,PHASE2_CACHE_HIT,200,16288,55,1,55,55,,2018:Abu Dhabi Grand Prix:Race,/home/anshumandutta/Downloads/APEX-R_Devsez_Full_Application/phase2_data_foundation/cache/remote/1548bf3a88778f2e639dbe53a8269ea16afa1ef34d6907d11521d541f3cd834b.bin,325ea9f7290b9c6d9572005cfc0c216c4cc5311b5ac2c54b54b66c7191620685
2018,Abu Dhabi Grand Prix,Race,MAG,VERIFIED_IN_SOURCE_DRIVERS_JSON,https://raw.githubusercontent.com/TracingInsights/2018/ec6317adac6786e38b5d35e008f4b87926a3a55c/Abu%20Dhabi%20Grand%20Prix/Race/MAG/laptimes.json,8c2548f37cf366d2b110ab249593efacc597d59e45fa2c2d7512fbbe0bc26435,PHASE2_CACHE_HIT,200,16356,54,1,54,54,,2018:Abu Dhabi Grand Prix:Race,/home/anshumandutta/Downloads/APEX-R_Devsez_Full_Application/phase2_data_foundation/cache/remote/54310f8ef343290f9db3d03745e14c7e10334a214ec09864d2951be2d207854e.bin,8c2548f37cf366d2b110ab249593efacc597d59e45fa2c2d7512fbbe0bc26435
2018,Abu Dhabi Grand Prix,Race,OCO,VERIFIED_IN_SOURCE_DRIVERS_JSON,https://raw.githubusercontent.com/TracingInsights/2018/ec6317adac6786e38b5d35e008f4b87926a3a55c/Abu%20Dhabi%20Grand%20Prix/Race/OCO/laptimes.json,178faa4795cddc2e0c2f9e6b6a6c6e6baa7b5d7b0e3ae6cd0bd95e221cb2bc78,PHASE2_CACHE_HIT,200,13673,45,1,45,45,,2018:Abu Dhabi Grand Prix:Race,/home/anshumandutta/Downloads/APEX-R_Devsez_Full_Application/phase2_data_foundation/cache/remote/45c9b42e7ffb43fbd7dcda42cec4a9fcd3c4a578a7d43d0c6ad0930c72089905.bin,178faa4795cddc2e0c2f9e6b6a6c6e6baa7b5d7b0e3ae6cd0bd95e221cb2bc78
2018,Abu Dhabi Grand Prix,Race,PER,VERIFIED_IN_SOURCE_DRIVERS_JSON,https://raw.githubusercontent.com/TracingInsights/2018/ec6317adac6786e38b5d35e008f4b87926a3a55c/Abu%20Dhabi%20Grand%20Prix/Race/PER/laptimes.json,6e96ff6541aa37d1896c25723a297566c8ec54ce302beadc77c5e55cabb53bb0,PHASE2_CACHE_HIT,200,16599,55,1,55,55,,2018:Abu Dhabi Grand Prix:Race,/home/anshumandutta/Downloads/APEX-R_Devsez_Full_Application/phase2_data_foundation/cache/remote/28ea8c6fbfcab2a6a606c43068292c9a6c3ac584a8fc7af3b4e9556db1b23f7d.bin,6e96ff6541aa37d1896c25723a297566c8ec54ce302beadc77c5e55cabb53bb0
2018,Abu Dhabi Grand Prix,Race,RAI,VERIFIED_IN_SOURCE_DRIVERS_JSON,https://raw.githubusercontent.com/TracingInsights/2018/ec6317adac6786e38b5d35e008f4b87926a3a55c/Abu%20Dhabi%20Grand%20Prix/Race/RAI/laptimes.json,a8eb1a92e0f7176a03f8292c6839f75a596e5318682d03e8a7619e209d7c1ca5,PHASE2_CACHE_HIT,200,2383,7,1,7,7,,2018:Abu Dhabi Grand Prix:Race,/home/anshumandutta/Downloads/APEX-R_Devsez_Full_Application/phase2_data_foundation/cache/remote/4a83580a9e7d59761a6760dde17a14079ec1fb930674961f0545729459426be5.bin,a8eb1a92e0f7176a03f8292c6839f75a596e5318682d03e8a7619e209d7c1ca5
2018,Abu Dhabi Grand Prix,Race,RIC,VERIFIED_IN_SOURCE_DRIVERS_JSON,https://raw.githubusercontent.com/TracingInsights/2018/ec6317adac6786e38b5d35e008f4b87926a3a55c/Abu%20Dhabi%20Grand%20Prix/Race/RIC/laptimes.json,1ed574d9fa6b277e2153208f95752f9c6546d1365e0e067213ffa9b1ed6e4585,PHASE2_CACHE_HIT,200,16734,55,1,55,55,,2018:Abu Dhabi Grand Prix:Race,/home/anshumandutta/Downloads/APEX-R_Devsez_Full_Application/phase2_data_foundation/cache/remote/ce3f6462b49e7db485be960cca5f23dc6a706fe9819e5c53f93b4e7f9b06e6cf.bin,1ed574d9fa6b277e2153208f95752f9c6546d1365e0e067213ffa9b1ed6e4585
2018,Abu Dhabi Grand Prix,Race,SAI,VERIFIED_IN_SOURCE_DRIVERS_JSON,https://raw.githubusercontent.com/TracingInsights/2018/ec6317adac6786e38b5d35e008f4b87926a3a55c/Abu%20Dhabi%20Grand%20Prix/Race/SAI/laptimes.json,eced516d5699b15fa3bc183c5c857c0d26f4941dd51db52de8e875416853e304,PHASE2_CACHE_HIT,200,16323,55,1,55,55,,2018:Abu Dhabi Grand Prix:Race,/home/anshumandutta/Downloads/APEX-R_Devsez_Full_Application/phase2_data_foundation/cache/remote/e626f6d8f8da10d0f0caebaa356a0dffc7e6a2ef287f6568ad6a4c98de8abf85.bin,eced516d5699b15fa3bc183c5c857c0d26f4941dd51db52de8e875416853e304
2018,Abu Dhabi Grand Prix,Race,SIR,VERIFIED_IN_SOURCE_DRIVERS_JSON,https://raw.githubusercontent.com/TracingInsights/2018/ec6317adac6786e38b5d35e008f4b87926a3a55c/Abu%20Dhabi%20Grand%20Prix/Race/SIR/laptimes.json,8bf667fa337ecb5154e119d5c81f2d0a01cbe9956c6aa4fa11fd9eb378cd68ab,PHASE2_CACHE_HIT,200,16145,54,1,54,54,,2018:Abu Dhabi Grand Prix:Race,/home/anshumandutta/Downloads/APEX-R_Devsez_Full_Application/phase2_data_foundation/cache/remote/a3f5bc35f9a9196ff1b4a1e64afa8058f69fbbda78a6bc539b0a29f0562fad7a.bin,8bf667fa337ecb5154e119d5c81f2d0a01cbe9956c6aa4fa11fd9eb378cd68ab
2018,Abu Dhabi Grand Prix,Race,STR,VERIFIED_IN_SOURCE_DRIVERS_JSON,https://raw.githubusercontent.com/TracingInsights/2018/ec6317adac6786e38b5d35e008f4b87926a3a55c/Abu%20Dhabi%20Grand%20Prix/Race/STR/laptimes.json,f131fc318823f5f0168a54da8aaf66fcff72c79aee5ee388aca824c364ffcdde,PHASE2_CACHE_HIT,200,16135,54,1,54,54,,2018:Abu Dhabi Grand Prix:Race,/home/anshumandutta/Downloads/APEX-R_Devsez_Full_Application/phase2_data_foundation/cache/remote/43cabebc8d3ad14ce127ac63c0eaa8252ff11f5a62e980f170e5ab95bfc06361.bin,f131fc318823f5f0168a54da8aaf66fcff72c79aee5ee388aca824c364ffcdde
2018,Abu Dhabi Grand Prix,Race,VAN,VERIFIED_IN_SOURCE_DRIVERS_JSON,https://raw.githubusercontent.com/TracingInsights/2018/ec6317adac6786e38b5d35e008f4b87926a3a55c/Abu%20Dhabi%20Grand%20Prix/Race/VAN/laptimes.json,cd42b9b0e90776b533f8ba7f87a857bc59a9f5c1b9616732be8fb6b9d4b0a1e5,PHASE2_CACHE_HIT,200,16018,54,1,54,54,,2018:Abu Dhabi Grand Prix:Race,/home/anshumandutta/Downloads/APEX-R_Devsez_Full_Application/phase2_data_foundation/cache/remote/8da5c684cca8b60194ac6209bdbb88bd4e305093e595c28cb0d479486963bca6.bin,cd42b9b0e90776b533f8ba7f87a857bc59a9f5c1b9616732be8fb6b9d4b0a1e5
2018,Abu Dhabi Grand Prix,Race,VER,VERIFIED_IN_SOURCE_DRIVERS_JSON,https://raw.githubusercontent.com/TracingInsights/2018/ec6317adac6786e38b5d35e008f4b87926a3a55c/Abu%20Dhabi%20Grand%20Prix/Race/VER/laptimes.json,e6717e9810450286e14ce58bacd2c1ee9630ed6c0617ac7c6a5f572e339b726e,PHASE2_CACHE_HIT,200,16782,55,1,55,55,,2018:Abu Dhabi Grand Prix:Race,/home/anshumandutta/Downloads/APEX-R_Devsez_Full_Application/phase2_data_foundation/cache/remote/7deb4780da0f6eb8735d2e7523da63ad0e6c7827ee9d0140c3b5755a802cba96.bin,e6717e9810450286e14ce58bacd2c1ee9630ed6c0617ac7c6a5f572e339b726e
2018,Abu Dhabi Grand Prix,Race,VET,VERIFIED_IN_SOURCE_DRIVERS_JSON,https://raw.githubusercontent.com/TracingInsights/2018/ec6317adac6786e38b5d35e008f4b87926a3a55c/Abu%20Dhabi%20Grand%20Prix/Race/VET/laptimes.json,0e23fe1ba4a571aad624abb8c825a70692f2e1cc02a35964d9cfb62f6770b40d,PHASE2_CACHE_HIT,200,16296,55,1,55,55,,2018:Abu Dhabi Grand Prix:Race,/home/anshumandutta/Downloads/APEX-R_Devsez_Full_Application/phase2_data_foundation/cache/remote/32e7fcf4b99f421c2389ecfbcf5f4b487390cd29b5e4f0958db3af6a655f0496.bin,0e23fe1ba4a571aad624abb8c825a70692f2e1cc02a35964d9cfb62f6770b40d
2018,Austrian Grand Prix,Race,ALO,VERIFIED_IN_SOURCE_DRIVERS_JSON,https://raw.githubusercontent.com/TracingInsights/2018/ec6317adac6786e38b5d35e008f4b87926a3a55c/Austrian%20Grand%20Prix/Race/ALO/laptimes.json,379b15ae26d4bc236cdc548ee40590e5de67956a3e9be66f6386e22214cdbd6e,PHASE2_CACHE_HIT,200,20224,70,1,70,70,,2018:Austrian Grand Prix:Race,/home/anshumandutta/Downloads/APEX-R_Devsez_Full_Application/phase2_data_foundation/cache/remote/b86efd09c907a5daad5f0d5c3327d41f6555eed92766263a0274654964f13782.bin,379b15ae26d4bc236cdc548ee40590e5de67956a3e9be66f6386e22214cdbd6e
2018,Austrian Grand Prix,Race,BOT,VERIFIED_IN_SOURCE_DRIVERS_JSON,https://raw.githubusercontent.com/TracingInsights/2018/ec6317adac6786e38b5d35e008f4b87926a3a55c/Austrian%20Grand%20Prix/Race/BOT/laptimes.json,b945a4b5212397ba0e230e65087e25ca460e406f68702a2a25431a95b0359e83,PHASE2_CACHE_HIT,200,4346,14,1,14,13,,2018:Austrian Grand Prix:Race,/home/anshumandutta/Downloads/APEX-R_Devsez_Full_Application/phase2_data_foundation/cache/remote/54345fa0706fb390126085b270b8fe41cff4a2e191649fe02b3b53a0bf773078.bin,b945a4b5212397ba0e230e65087e25ca460e406f68702a2a25431a95b0359e83
2018,Austrian Grand Prix,Race,ERI,VERIFIED_IN_SOURCE_DRIVERS_JSON,https://raw.githubusercontent.com/TracingInsights/2018/ec6317adac6786e38b5d35e008f4b87926a3a55c/Austrian%20Grand%20Prix/Race/ERI/laptimes.json,1846f83161ae07aad33163903b0273b513115e558348c65f46916eb6cf912e2e,PHASE2_CACHE_HIT,200,20126,70,1,70,70,,2018:Austrian Grand Prix:Race,/home/anshumandutta/Downloads/APEX-R_Devsez_Full_Application/phase2_data_foundation/cache/remote/208fa294742c834d93ec37ce97bc1a92029fe0839b53b42785d096b2d12f2c87.bin,1846f83161ae07aad33163903b0273b513115e558348c65f46916eb6cf912e2e
2018,Austrian Grand Prix,Race,GAS,VERIFIED_IN_SOURCE_DRIVERS_JSON,https://raw.githubusercontent.com/TracingInsights/2018/ec6317adac6786e38b5d35e008f4b87926a3a55c/Austrian%20Grand%20Prix/Race/GAS/laptimes.json,8aff17ab5d7b6d3d90af97c59c6e1f7fec3832d9efaf6815b4373a289b5abe28,PHASE2_CACHE_HIT,200,20437,70,1,70,70,,2018:Austrian Grand Prix:Race,/home/anshumandutta/Downloads/APEX-R_Devsez_Full_Application/phase2_data_foundation/cache/remote/bf4201622a38e9eef6efaf9259568186e45d54d7c15a8bc446fed168fe42a1b7.bin,8aff17ab5d7b6d3d90af97c59c6e1f7fec3832d9efaf6815b4373a289b5abe28
2018,Austrian Grand Prix,Race,GRO,VERIFIED_IN_SOURCE_DRIVERS_JSON,https://raw.githubusercontent.com/TracingInsights/2018/ec6317adac6786e38b5d35e008f4b87926a3a55c/Austrian%20Grand%20Prix/Race/GRO/laptimes.json,3c822f9a8d0f6558d8f9b57841a189052df91dd63bb251345a2e5ec3f4a11dc9,PHASE2_CACHE_HIT,200,20463,70,1,70,70,,2018:Austrian Grand Prix:Race,/home/anshumandutta/Downloads/APEX-R_Devsez_Full_Application/phase2_data_foundation/cache/remote/61f9edbae1cc41e8300a99341cac90f5c11d1f3895c9fc1d58675d7b0a1be114.bin,3c822f9a8d0f6558d8f9b57841a189052df91dd63bb251345a2e5ec3f4a11dc9
2018,Austrian Grand Prix,Race,HAM,VERIFIED_IN_SOURCE_DRIVERS_JSON,https://raw.githubusercontent.com/TracingInsights/2018/ec6317adac6786e38b5d35e008f4b87926a3a55c/Austrian%20Grand%20Prix/Race/HAM/laptimes.json,d9eee24875d19da05679148ff99ceb1034dd78f8dbd11af178f37efa1c6d8414,PHASE2_CACHE_HIT,200,18395,63,1,63,62,,2018:Austrian Grand Prix:Race,/home/anshumandutta/Downloads/APEX-R_Devsez_Full_Application/phase2_data_foundation/cache/remote/f24ba3cffadcdd082c8b12db3bb6dd26b519f861652c52528f31231c315e3b6c.bin,d9eee24875d19da05679148ff99ceb1034dd78f8dbd11af178f37efa1c6d8414
2018,Austrian Grand Prix,Race,HAR,VERIFIED_IN_SOURCE_DRIVERS_JSON,https://raw.githubusercontent.com/TracingInsights/2018/ec6317adac6786e38b5d35e008f4b87926a3a55c/Austrian%20Grand%20Prix/Race/HAR/laptimes.json,40e3894b303cd45b0fc68d89febc2f9ac1bcc20afff699fa8c70daa6aaf0d96e,PHASE2_CACHE_HIT,200,16358,55,1,55,54,,2018:Austrian Grand Prix:Race,/home/anshumandutta/Downloads/APEX-R_Devsez_Full_Application/phase2_data_foundation/cache/remote/d937c4aba695ab9b889758fde541363630e03b93c7cb918c725653d1d6c440b8.bin,40e3894b303cd45b0fc68d89febc2f9ac1bcc20afff699fa8c70daa6aaf0d96e
2018,Austrian Grand Prix,Race,HUL,VERIFIED_IN_SOURCE_DRIVERS_JSON,https://raw.githubusercontent.com/TracingInsights/2018/ec6317adac6786e38b5d35e008f4b87926a3a55c/Austrian%20Grand%20Prix/Race/HUL/laptimes.json,10124ed658a301e5a96ecbe871c9808f8f4832a6554d642060885317205e285d,PHASE2_CACHE_HIT,200,3763,12,1,12,11,,2018:Austrian Grand Prix:Race,/home/anshumandutta/Downloads/APEX-R_Devsez_Full_Application/phase2_data_foundation/cache/remote/4532d6131dee07d1b5da2c149218f61b74a43b2a583faf6ed434ea2b6962dc12.bin,10124ed658a301e5a96ecbe871c9808f8f4832a6554d642060885317205e285d
2018,Austrian Grand Prix,Race,LEC,VERIFIED_IN_SOURCE_DRIVERS_JSON,https://raw.githubusercontent.com/TracingInsights/2018/ec6317adac6786e38b5d35e008f4b87926a3a55c/Austrian%20Grand%20Prix/Race/LEC/laptimes.json,9d038cc5c3ad070691cc3cde32aade4b227c81bd989f22823934b40303235f36,PHASE2_CACHE_HIT,200,20171,70,1,70,70,,2018:Austrian Grand Prix:Race,/home/anshumandutta/Downloads/APEX-R_Devsez_Full_Application/phase2_data_foundation/cache/remote/2b4213d3c439b5bdb8db73078eb7a7a4bf1981a9f4348eaa138c9e50134bfe5b.bin,9d038cc5c3ad070691cc3cde32aade4b227c81bd989f22823934b40303235f36
2018,Austrian Grand Prix,Race,MAG,VERIFIED_IN_SOURCE_DRIVERS_JSON,https://raw.githubusercontent.com/TracingInsights/2018/ec6317adac6786e38b5d35e008f4b87926a3a55c/Austrian%20Grand%20Prix/Race/MAG/laptimes.json,237f74b92899d4a31b00290bcddd5222978d9cae79042949b4b9b1e679008286,PHASE2_CACHE_HIT,200,20608,70,1,70,70,,2018:Austrian Grand Prix:Race,/home/anshumandutta/Downloads/APEX-R_Devsez_Full_Application/phase2_data_foundation/cache/remote/706787129b2e11bd32d1688cc638f05910b7c5538f2553fbd8bba1768e5f51b7.bin,237f74b92899d4a31b00290bcddd5222978d9cae79042949b4b9b1e679008286
2018,Austrian Grand Prix,Race,OCO,VERIFIED_IN_SOURCE_DRIVERS_JSON,https://raw.githubusercontent.com/TracingInsights/2018/ec6317adac6786e38b5d35e008f4b87926a3a55c/Austrian%20Grand%20Prix/Race/OCO/laptimes.json,bbcd29b2c9a169111d79a351ca14d21bb6c4605595231f3723027a91d4fb5d07,PHASE2_CACHE_HIT,200,20454,70,1,70,70,,2018:Austrian Grand Prix:Race,/home/anshumandutta/Downloads/APEX-R_Devsez_Full_Application/phase2_data_foundation/cache/remote/cebf923ea4a1e4787e6131c052c655aeccda83c5256f66a4fc8d6aa18ee70449.bin,bbcd29b2c9a169111d79a351ca14d21bb6c4605595231f3723027a91d4fb5d07
2018,Austrian Grand Prix,Race,PER,VERIFIED_IN_SOURCE_DRIVERS_JSON,https://raw.githubusercontent.com/TracingInsights/2018/ec6317adac6786e38b5d35e008f4b87926a3a55c/Austrian%20Grand%20Prix/Race/PER/laptimes.json,e10c7c81364f40e894e590d27f26b558af6219f3723c8814b2e214ad371b82aa,PHASE2_CACHE_HIT,200,20529,70,1,70,70,,2018:Austrian Grand Prix:Race,/home/anshumandutta/Downloads/APEX-R_Devsez_Full_Application/phase2_data_foundation/cache/remote/1d3f8f2e2ab1529750d282ba7ba2ac44c279142659a5d2f266c5a97410258960.bin,e10c7c81364f40e894e590d27f26b558af6219f3723c8814b2e214ad371b82aa
2018,Austrian Grand Prix,Race,RAI,VERIFIED_IN_SOURCE_DRIVERS_JSON,https://raw.githubusercontent.com/TracingInsights/2018/ec6317adac6786e38b5d35e008f4b87926a3a55c/Austrian%20Grand%20Prix/Race/RAI/laptimes.json,96daabcd1c44a7a888cc63b5bed33d523921288535d395338cd3e908b941937a,PHASE2_CACHE_HIT,200,20383,71,1,71,71,,2018:Austrian Grand Prix:Race,/home/anshumandutta/Downloads/APEX-R_Devsez_Full_Application/phase2_data_foundation/cache/remote/79d3bf94b91c1e1bc17d1cbcb79e4c42f967ae0988f571819d09a9390106c5e0.bin,96daabcd1c44a7a888cc63b5bed33d523921288535d395338cd3e908b941937a
2018,Austrian Grand Prix,Race,RIC,VERIFIED_IN_SOURCE_DRIVERS_JSON,https://raw.githubusercontent.com/TracingInsights/2018/ec6317adac6786e38b5d35e008f4b87926a3a55c/Austrian%20Grand%20Prix/Race/RIC/laptimes.json,fc7f1bf7562b783f8fba36be5aaa15259cfda1f31fac0abb9996ebae1b9bb0f7,PHASE2_CACHE_HIT,200,16128,54,1,54,53,,2018:Austrian Grand Prix:Race,/home/anshumandutta/Downloads/APEX-R_Devsez_Full_Application/phase2_data_foundation/cache/remote/bc8407ac040f2d7747088dfc093a26a885064fb7654342de60ca7a075faf132a.bin,fc7f1bf7562b783f8fba36be5aaa15259cfda1f31fac0abb9996ebae1b9bb0f7
2018,Austrian Grand Prix,Race,SAI,VERIFIED_IN_SOURCE_DRIVERS_JSON,https://raw.githubusercontent.com/TracingInsights/2018/ec6317adac6786e38b5d35e008f4b87926a3a55c/Austrian%20Grand%20Prix/Race/SAI/laptimes.json,c9fe5ac0a003b80e7f8b718da091a4b71d9371ccf8f7bfab741b2beb1ef30d1e,PHASE2_CACHE_HIT,200,20430,70,1,70,70,,2018:Austrian Grand Prix:Race,/home/anshumandutta/Downloads/APEX-R_Devsez_Full_Application/phase2_data_foundation/cache/remote/933b35780ff4fa3f4a24853427b23e87f8ec58ae85b83163627f90ad562a50f3.bin,c9fe5ac0a003b80e7f8b718da091a4b71d9371ccf8f7bfab741b2beb1ef30d1e
2018,Austrian Grand Prix,Race,SIR,VERIFIED_IN_SOURCE_DRIVERS_JSON,https://raw.githubusercontent.com/TracingInsights/2018/ec6317adac6786e38b5d35e008f4b87926a3a55c/Austrian%20Grand%20Prix/Race/SIR/laptimes.json,666836d91d2abc93d0d23caeaaa6ea763243c82f253c3b24c117b0a3edacaf27,PHASE2_CACHE_HIT,200,20123,69,1,69,69,,2018:Austrian Grand Prix:Race,/home/anshumandutta/Downloads/APEX-R_Devsez_Full_Application/phase2_data_foundation/cache/remote/b2bedeaeb5c48ba7504f2a875159bd3c73878659aca8e8ffe72469993cd3d690.bin,666836d91d2abc93d0d23caeaaa6ea763243c82f253c3b24c117b0a3edacaf27
2018,Austrian Grand Prix,Race,STR,VERIFIED_IN_SOURCE_DRIVERS_JSON,https://raw.githubusercontent.com/TracingInsights/2018/ec6317adac6786e38b5d35e008f4b87926a3a55c/Austrian%20Grand%20Prix/Race/STR/laptimes.json,0c9610b0f72ce16925d9852384d7df476efcba7f61974e003bd0eb90ee412ece,PHASE2_CACHE_HIT,200,20037,69,1,69,69,,2018:Austrian Grand Prix:Race,/home/anshumandutta/Downloads/APEX-R_Devsez_Full_Application/phase2_data_foundation/cache/remote/0a4c2963456a23b16fa86c793bb3f5a61f049e5312324d513493acf5a818b411.bin,0c9610b0f72ce16925d9852384d7df476efcba7f61974e003bd0eb90ee412ece
2018,Austrian Grand Prix,Race,VAN,VERIFIED_IN_SOURCE_DRIVERS_JSON,https://raw.githubusercontent.com/TracingInsights/2018/ec6317adac6786e38b5d35e008f4b87926a3a55c/Austrian%20Grand%20Prix/Race/VAN/laptimes.json,a2d20929782441dd7eeedeffa2f9ada2b251b16d2694da0e09f6d3953ef45a41,PHASE2_CACHE_HIT,200,18708,65,1,65,65,,2018:Austrian Grand Prix:Race,/home/anshumandutta/Downloads/APEX-R_Devsez_Full_Application/phase2_data_foundation/cache/remote/d843ba92c3ac20973f7f9c3b17b83edf83e9cb66e8a7cf01664c2647b64c2681.bin,a2d20929782441dd7eeedeffa2f9ada2b251b16d2694da0e09f6d3953ef45a41
2018,Austrian Grand Prix,Race,VER,VERIFIED_IN_SOURCE_DRIVERS_JSON,https://raw.githubusercontent.com/TracingInsights/2018/ec6317adac6786e38b5d35e008f4b87926a3a55c/Austrian%20Grand%20Prix/Race/VER/laptimes.json,07cec31bf1e29665755aa4f0a12dfbbac93eba9cc14dcca4a031ef559560e12f,PHASE2_CACHE_HIT,200,21027,71,1,71,71,,2018:Austrian Grand Prix:Race,/home/anshumandutta/Downloads/APEX-R_Devsez_Full_Application/phase2_data_foundation/cache/remote/10bfdd07506be73e31bd5684b4d16cb109dcab486b08752ff08d479ab4877b6b.bin,07cec31bf1e29665755aa4f0a12dfbbac93eba9cc14dcca4a031ef559560e12f
2018,Austrian Grand Prix,Race,VET,VERIFIED_IN_SOURCE_DRIVERS_JSON,https://raw.githubusercontent.com/TracingInsights/2018/ec6317adac6786e38b5d35e008f4b87926a3a55c/Austrian%20Grand%20Prix/Race/VET/laptimes.json,6c08d569a1d16897afee41f2d3b02c61125299f5edb4f99be11187b9791dbc57,PHASE2_CACHE_HIT,200,20396,71,1,71,71,,2018:Austrian Grand Prix:Race,/home/anshumandutta/Downloads/APEX-R_Devsez_Full_Application/phase2_data_foundation/cache/remote/1a52ae661593af365dc33510e9023db00efb1a2ecfbbf847dcdc381b11b3d803.bin,6c08d569a1d16897afee41f2d3b02c61125299f5edb4f99be11187b9791dbc57
2018,Azerbaijan Grand Prix,Race,ALO,VERIFIED_IN_SOURCE_DRIVERS_JSON,https://raw.githubusercontent.com/TracingInsights/2018/ec6317adac6786e38b5d35e008f4b87926a3a55c/Azerbaijan%20Grand%20Prix/Race/ALO/laptimes.json,3ef78bb2b5807ff47bd7877190badd5d247884ca0695949078702ee2e61be3d7,PHASE2_CACHE_HIT,200,14988,51,1,51,51,,2018:Azerbaijan Grand Prix:Race,/home/anshumandutta/Downloads/APEX-R_Devsez_Full_Application/phase2_data_foundation/cache/remote/b6b194d222354c124e3413fab9657726ac86112d2c4d215a6b401b82ea6fdc64.bin,3ef78bb2b5807ff47bd7877190badd5d247884ca0695949078702ee2e61be3d7
2018,Azerbaijan Grand Prix,Race,BOT,VERIFIED_IN_SOURCE_DRIVERS_JSON,https://raw.githubusercontent.com/TracingInsights/2018/ec6317adac6786e38b5d35e008f4b87926a3a55c/Azerbaijan%20Grand%20Prix/Race/BOT/laptimes.json,6d73e14a0abec0f20d56aba91138f99a8e029c509b36b9c57ef64fb590bd2f3a,PHASE2_CACHE_HIT,200,14650,49,1,49,48,,2018:Azerbaijan Grand Prix:Race,/home/anshumandutta/Downloads/APEX-R_Devsez_Full_Application/phase2_data_foundation/cache/remote/1e524f3d46ad20d2e18678a14126abdebb5b14a7fb89364df0c20b06e7216699.bin,6d73e14a0abec0f20d56aba91138f99a8e029c509b36b9c57ef64fb590bd2f3a
2018,Azerbaijan Grand Prix,Race,ERI,VERIFIED_IN_SOURCE_DRIVERS_JSON,https://raw.githubusercontent.com/TracingInsights/2018/ec6317adac6786e38b5d35e008f4b87926a3a55c/Azerbaijan%20Grand%20Prix/Race/ERI/laptimes.json,9686ed80c53de8d0aa652a680126df55c747486c4757e1264eb90b50f1792b75,PHASE2_CACHE_HIT,200,15001,51,1,51,51,,2018:Azerbaijan Grand Prix:Race,/home/anshumandutta/Downloads/APEX-R_Devsez_Full_Application/phase2_data_foundation/cache/remote/108f2793cfd8b029b58e51d345685ae8c256ec67468fd31d59bfda4d65b5dd66.bin,9686ed80c53de8d0aa652a680126df55c747486c4757e1264eb90b50f1792b75
2018,Azerbaijan Grand Prix,Race,GAS,VERIFIED_IN_SOURCE_DRIVERS_JSON,https://raw.githubusercontent.com/TracingInsights/2018/ec6317adac6786e38b5d35e008f4b87926a3a55c/Azerbaijan%20Grand%20Prix/Race/GAS/laptimes.json,b53d8dceeabafe0e046c68b1634b8c36d171d26da06cdf19e47cff4b50856b55,PHASE2_CACHE_HIT,200,15184,51,1,51,51,,2018:Azerbaijan Grand Prix:Race,/home/anshumandutta/Downloads/APEX-R_Devsez_Full_Application/phase2_data_foundation/cache/remote/912345d309bbd3e00b5040246c8d372c1aeb377bf79e28605a1250edbaa14ca1.bin,b53d8dceeabafe0e046c68b1634b8c36d171d26da06cdf19e47cff4b50856b55
2018,Azerbaijan Grand Prix,Race,GRO,VERIFIED_IN_SOURCE_DRIVERS_JSON,https://raw.githubusercontent.com/TracingInsights/2018/ec6317adac6786e38b5d35e008f4b87926a3a55c/Azerbaijan%20Grand%20Prix/Race/GRO/laptimes.json,166d1f53810cd3dbaf7be866d14b9b969d12478fcc5fe56e3cb08b8a326b11c7,PHASE2_CACHE_HIT,200,12977,43,1,43,42,,2018:Azerbaijan Grand Prix:Race,/home/anshumandutta/Downloads/APEX-R_Devsez_Full_Application/phase2_data_foundation/cache/remote/0b95cf990082ab471b3e61c9adf9fcb4bc9a4cd22129267fd81e7648634b6085.bin,166d1f53810cd3dbaf7be866d14b9b969d12478fcc5fe56e3cb08b8a326b11c7
2018,Azerbaijan Grand Prix,Race,HAM,VERIFIED_IN_SOURCE_DRIVERS_JSON,https://raw.githubusercontent.com/TracingInsights/2018/ec6317adac6786e38b5d35e008f4b87926a3a55c/Azerbaijan%20Grand%20Prix/Race/HAM/laptimes.json,b92331742069c11af7f209b54043d4522aff764059a44642febb7d856123d877,PHASE2_CACHE_HIT,200,15111,51,1,51,51,,2018:Azerbaijan Grand Prix:Race,/home/anshumandutta/Downloads/APEX-R_Devsez_Full_Application/phase2_data_foundation/cache/remote/a2ce49f9fc407854e07b06590736e30909304eadcc58b7bab1e658c6c95c7fa4.bin,b92331742069c11af7f209b54043d4522aff764059a44642febb7d856123d877
2018,Azerbaijan Grand Prix,Race,HAR,VERIFIED_IN_SOURCE_DRIVERS_JSON,https://raw.githubusercontent.com/TracingInsights/2018/ec6317adac6786e38b5d35e008f4b87926a3a55c/Azerbaijan%20Grand%20Prix/Race/HAR/laptimes.json,4e717c20c9ce4c07f95c1660a56656d5d851e2cce1ab341e1c13da2df0ff87b6,PHASE2_CACHE_HIT,200,15313,51,1,51,51,,2018:Azerbaijan Grand Prix:Race,/home/anshumandutta/Downloads/APEX-R_Devsez_Full_Application/phase2_data_foundation/cache/remote/45715eeee80a358c43dbaf90480dd32a68af0da81d4004607112079b1c8f5293.bin,4e717c20c9ce4c07f95c1660a56656d5d851e2cce1ab341e1c13da2df0ff87b6
2018,Azerbaijan Grand Prix,Race,HUL,VERIFIED_IN_SOURCE_DRIVERS_JSON,https://raw.githubusercontent.com/TracingInsights/2018/ec6317adac6786e38b5d35e008f4b87926a3a55c/Azerbaijan%20Grand%20Prix/Race/HUL/laptimes.json,66abeadfc9abf57b71cbefad3f840f2257a795cf4f3a94cb4f9f4504d44ac82a,PHASE2_CACHE_HIT,200,3527,11,1,11,10,,2018:Azerbaijan Grand Prix:Race,/home/anshumandutta/Downloads/APEX-R_Devsez_Full_Application/phase2_data_foundation/cache/remote/4864d5e74e85bd492a2b7efc63fef71e7c3860e784cee3ca11f6a3aa6b0f8855.bin,66abeadfc9abf57b71cbefad3f840f2257a795cf4f3a94cb4f9f4504d44ac82a
2018,Azerbaijan Grand Prix,Race,LEC,VERIFIED_IN_SOURCE_DRIVERS_JSON,https://raw.githubusercontent.com/TracingInsights/2018/ec6317adac6786e38b5d35e008f4b87926a3a55c/Azerbaijan%20Grand%20Prix/Race/LEC/laptimes.json,b2a86b41b977f5cbd54bf81ce77f0919a99a1e765a603ce279ede9bdaf54b7a5,PHASE2_CACHE_HIT,200,15013,51,1,51,51,,2018:Azerbaijan Grand Prix:Race,/home/anshumandutta/Downloads/APEX-R_Devsez_Full_Application/phase2_data_foundation/cache/remote/a90d034280152c78d5b2d180cbfd45c2607b5e099d09156244373ac05003832f.bin,b2a86b41b977f5cbd54bf81ce77f0919a99a1e765a603ce279ede9bdaf54b7a5
2018,Azerbaijan Grand Prix,Race,MAG,VERIFIED_IN_SOURCE_DRIVERS_JSON,https://raw.githubusercontent.com/TracingInsights/2018/ec6317adac6786e38b5d35e008f4b87926a3a55c/Azerbaijan%20Grand%20Prix/Race/MAG/laptimes.json,1b255bc0b875127621606e398ad8d959e27b5c96f957575c31f7162744e66838,PHASE2_CACHE_HIT,200,15241,51,1,51,51,,2018:Azerbaijan Grand Prix:Race,/home/anshumandutta/Downloads/APEX-R_Devsez_Full_Application/phase2_data_foundation/cache/remote/c4ef1e4f6e72d73b83487145e4be58eb82508807357f10df832d43bdefae0cbd.bin,1b255bc0b875127621606e398ad8d959e27b5c96f957575c31f7162744e66838
2018,Azerbaijan Grand Prix,Race,OCO,VERIFIED_IN_SOURCE_DRIVERS_JSON,https://raw.githubusercontent.com/TracingInsights/2018/ec6317adac6786e38b5d35e008f4b87926a3a55c/Azerbaijan%20Grand%20Prix/Race/OCO/laptimes.json,9a7f3bcab94015f49a3485d4e1732c29f3c4493bacc8566eebce5ddee0633f30,PHASE2_CACHE_HIT,200,643,1,1,1,0,,2018:Azerbaijan Grand Prix:Race,/home/anshumandutta/Downloads/APEX-R_Devsez_Full_Application/phase2_data_foundation/cache/remote/04e5ef7def984956dc8c2d23dc9672bdb8256f97434207f0b35ae11afe46f8ad.bin,9a7f3bcab94015f49a3485d4e1732c29f3c4493bacc8566eebce5ddee0633f30
2018,Azerbaijan Grand Prix,Race,PER,VERIFIED_IN_SOURCE_DRIVERS_JSON,https://raw.githubusercontent.com/TracingInsights/2018/ec6317adac6786e38b5d35e008f4b87926a3a55c/Azerbaijan%20Grand%20Prix/Race/PER/laptimes.json,642609c278fd03651a15f1175f5277833f0e78819b2c1631905ab9cb0db61b10,PHASE2_CACHE_HIT,200,15152,51,1,51,51,,2018:Azerbaijan Grand Prix:Race,/home/anshumandutta/Downloads/APEX-R_Devsez_Full_Application/phase2_data_foundation/cache/remote/972ffe85b9d49227b3bc2e1784e3ce86ddc5bd0a822e0c4f62233320a7ba9dee.bin,642609c278fd03651a15f1175f5277833f0e78819b2c1631905ab9cb0db61b10
2018,Azerbaijan Grand Prix,Race,RAI,VERIFIED_IN_SOURCE_DRIVERS_JSON,https://raw.githubusercontent.com/TracingInsights/2018/ec6317adac6786e38b5d35e008f4b87926a3a55c/Azerbaijan%20Grand%20Prix/Race/RAI/laptimes.json,941a0da857d064254cbc8aee5ed4f8a045711014b7324e32b418064fede9d297,PHASE2_CACHE_HIT,200,14951,51,1,51,51,,2018:Azerbaijan Grand Prix:Race,/home/anshumandutta/Downloads/APEX-R_Devsez_Full_Application/phase2_data_foundation/cache/remote/9ebcc5a46e3b726f12d7d24adb7a5a4333df29e9cb586840764f06e0caa8a3e0.bin,941a0da857d064254cbc8aee5ed4f8a045711014b7324e32b418064fede9d297
2018,Azerbaijan Grand Prix,Race,RIC,VERIFIED_IN_SOURCE_DRIVERS_JSON,https://raw.githubusercontent.com/TracingInsights/2018/ec6317adac6786e38b5d35e008f4b87926a3a55c/Azerbaijan%20Grand%20Prix/Race/RIC/laptimes.json,f6cde5e4be252d20f840f0889dbb771289d804d33dc99302db1b81efbbf4726f,PHASE2_CACHE_HIT,200,12258,40,1,40,39,,2018:Azerbaijan Grand Prix:Race,/home/anshumandutta/Downloads/APEX-R_Devsez_Full_Application/phase2_data_foundation/cache/remote/1dc02f8529232bc8dc54a0c69ca64c3aa6bff263ba43035c7f73cc8735437478.bin,f6cde5e4be252d20f840f0889dbb771289d804d33dc99302db1b81efbbf4726f
2018,Azerbaijan Grand Prix,Race,SAI,VERIFIED_IN_SOURCE_DRIVERS_JSON,https://raw.githubusercontent.com/TracingInsights/2018/ec6317adac6786e38b5d35e008f4b87926a3a55c/Azerbaijan%20Grand%20Prix/Race/SAI/laptimes.json,8d3d8fa21bedd96bc824fb1c4238587b1f39b92486ae02b469d27953de71d9b4,PHASE2_CACHE_HIT,200,15035,51,1,51,51,,2018:Azerbaijan Grand Prix:Race,/home/anshumandutta/Downloads/APEX-R_Devsez_Full_Application/phase2_data_foundation/cache/remote/1784a33ab1984d3cd8ed21733fb257a68cf1846725ad16620f13fddab38fafa6.bin,8d3d8fa21bedd96bc824fb1c4238587b1f39b92486ae02b469d27953de71d9b4
2018,Azerbaijan Grand Prix,Race,SIR,VERIFIED_IN_SOURCE_DRIVERS_JSON,https://raw.githubusercontent.com/TracingInsights/2018/ec6317adac6786e38b5d35e008f4b87926a3a55c/Azerbaijan%20Grand%20Prix/Race/SIR/laptimes.json,7dbe4de255e61394427953c829317c04729d00ac71f71442edb5096b4e078e7a,PHASE2_CACHE_HIT,200,639,1,1,1,0,,2018:Azerbaijan Grand Prix:Race,/home/anshumandutta/Downloads/APEX-R_Devsez_Full_Application/phase2_data_foundation/cache/remote/0b61ae291b29038efce89e7c520b79c5d43666d3a457ff1beb33fb5edf986aae.bin,7dbe4de255e61394427953c829317c04729d00ac71f71442edb5096b4e078e7a
2018,Azerbaijan Grand Prix,Race,STR,VERIFIED_IN_SOURCE_DRIVERS_JSON,https://raw.githubusercontent.com/TracingInsights/2018/ec6317adac6786e38b5d35e008f4b87926a3a55c/Azerbaijan%20Grand%20Prix/Race/STR/laptimes.json,4aa8453e99da726187e9e65943e491d476caf10711160e71856a0c9c0000f044,PHASE2_CACHE_HIT,200,15103,51,1,51,51,,2018:Azerbaijan Grand Prix:Race,/home/anshumandutta/Downloads/APEX-R_Devsez_Full_Application/phase2_data_foundation/cache/remote/3bf7da2847e4fbfcc9498d6a666a909d5785cbf8fe251c0320c694632d515028.bin,4aa8453e99da726187e9e65943e491d476caf10711160e71856a0c9c0000f044
2018,Azerbaijan Grand Prix,Race,VAN,VERIFIED_IN_SOURCE_DRIVERS_JSON,https://raw.githubusercontent.com/TracingInsights/2018/ec6317adac6786e38b5d35e008f4b87926a3a55c/Azerbaijan%20Grand%20Prix/Race/VAN/laptimes.json,d685f62c93fa7782c5ccb1f35532a04669e19d2db68c2af5f74cdf652dc4e099,PHASE2_CACHE_HIT,200,15090,51,1,51,51,,2018:Azerbaijan Grand Prix:Race,/home/anshumandutta/Downloads/APEX-R_Devsez_Full_Application/phase2_data_foundation/cache/remote/456e84e7735ab5efa9f9cd0881ee5fc45f2750ffda99427a16ac002f0d6c149f.bin,d685f62c93fa7782c5ccb1f35532a04669e19d2db68c2af5f74cdf652dc4e099
2018,Azerbaijan Grand Prix,Race,VER,VERIFIED_IN_SOURCE_DRIVERS_JSON,https://raw.githubusercontent.com/TracingInsights/2018/ec6317adac6786e38b5d35e008f4b87926a3a55c/Azerbaijan%20Grand%20Prix/Race/VER/laptimes.json,9febdfee05de21b239c764b5e5fe56a8b0aaff37f104a31c5225f0c9e158108c,PHASE2_CACHE_HIT,200,12295,40,1,40,39,,2018:Azerbaijan Grand Prix:Race,/home/anshumandutta/Downloads/APEX-R_Devsez_Full_Application/phase2_data_foundation/cache/remote/030ccbb0228e13fae6538a6d7aabae4298dce6bd251f8a85d4870fb149a76a1d.bin,9febdfee05de21b239c764b5e5fe56a8b0aaff37f104a31c5225f0c9e158108c
2018,Azerbaijan Grand Prix,Race,VET,VERIFIED_IN_SOURCE_DRIVERS_JSON,https://raw.githubusercontent.com/TracingInsights/2018/ec6317adac6786e38b5d35e008f4b87926a3a55c/Azerbaijan%20Grand%20Prix/Race/VET/laptimes.json,e9a105599918212a20e6e719685b143249f8bc59e3ed05c75daa791d0af9839d,PHASE2_CACHE_HIT,200,15062,51,1,51,51,,2018:Azerbaijan Grand Prix:Race,/home/anshumandutta/Downloads/APEX-R_Devsez_Full_Application/phase2_data_foundation/cache/remote/446f8957914a0ad3f266bfc175a79a853940a40383718b25150f9254155d9551.bin,e9a105599918212a20e6e719685b143249f8bc59e3ed05c75daa791d0af9839d
2018,Belgian Grand Prix,Race,ALO,VERIFIED_IN_SOURCE_DRIVERS_JSON,https://raw.githubusercontent.com/TracingInsights/2018/ec6317adac6786e38b5d35e008f4b87926a3a55c/Belgian%20Grand%20Prix/Race/ALO/laptimes.json,cee2015c2de84600a7cf9a40ed6d3c7660d2c99f62e1faf002cc6edc777a0b8a,PHASE2_CACHE_HIT,200,638,1,1,1,0,,2018:Belgian Grand Prix:Race,/home/anshumandutta/Downloads/APEX-R_Devsez_Full_Application/phase2_data_foundation/cache/remote/0172bac05bfea1944682d87a04ff5014dc8190fd4ac7a13eafa529fbb895cd53.bin,cee2015c2de84600a7cf9a40ed6d3c7660d2c99f62e1faf002cc6edc777a0b8a
2018,Belgian Grand Prix,Race,BOT,VERIFIED_IN_SOURCE_DRIVERS_JSON,https://raw.githubusercontent.com/TracingInsights/2018/ec6317adac6786e38b5d35e008f4b87926a3a55c/Belgian%20Grand%20Prix/Race/BOT/laptimes.json,5a5d1a3b9e36262b5db9ed41093941ef6a1ca3e0c671a2f608fb586eb3a219bd,PHASE2_CACHE_HIT,200,13094,44,1,44,44,,2018:Belgian Grand Prix:Race,/home/anshumandutta/Downloads/APEX-R_Devsez_Full_Application/phase2_data_foundation/cache/remote/411971b491128777d8d633a224cb9b679d4cac099b7363f3efcac1eb16baf335.bin,5a5d1a3b9e36262b5db9ed41093941ef6a1ca3e0c671a2f608fb586eb3a219bd
2018,Belgian Grand Prix,Race,ERI,VERIFIED_IN_SOURCE_DRIVERS_JSON,https://raw.githubusercontent.com/TracingInsights/2018/ec6317adac6786e38b5d35e008f4b87926a3a55c/Belgian%20Grand%20Prix/Race/ERI/laptimes.json,a3d501f16acabc93e198c2c2a9c44132b99b77701ad1c76772e6447b1d6ba76a,PHASE2_CACHE_HIT,200,12635,43,1,43,43,,2018:Belgian Grand Prix:Race,/home/anshumandutta/Downloads/APEX-R_Devsez_Full_Application/phase2_data_foundation/cache/remote/a15dfc871282abdafa8957a3441f73b1e0d5745487dbb9d9b4b3647047a71816.bin,a3d501f16acabc93e198c2c2a9c44132b99b77701ad1c76772e6447b1d6ba76a
2018,Belgian Grand Prix,Race,GAS,VERIFIED_IN_SOURCE_DRIVERS_JSON,https://raw.githubusercontent.com/TracingInsights/2018/ec6317adac6786e38b5d35e008f4b87926a3a55c/Belgian%20Grand%20Prix/Race/GAS/laptimes.json,d7f29efee07432b226a3e708028b09b1bfdacef3810455f6757b4190e7170680,PHASE2_CACHE_HIT,200,13152,44,1,44,44,,2018:Belgian Grand Prix:Race,/home/anshumandutta/Downloads/APEX-R_Devsez_Full_Application/phase2_data_foundation/cache/remote/11435dde504a314a6046a5c1748874f139b1404a924654b016d78c2037af731f.bin,d7f29efee07432b226a3e708028b09b1bfdacef3810455f6757b4190e7170680
2018,Belgian Grand Prix,Race,GRO,VERIFIED_IN_SOURCE_DRIVERS_JSON,https://raw.githubusercontent.com/TracingInsights/2018/ec6317adac6786e38b5d35e008f4b87926a3a55c/Belgian%20Grand%20Prix/Race/GRO/laptimes.json,b928679c87cf427d2562445c25f32068a770198596ecc441ec3989ed6e454c6d,PHASE2_CACHE_HIT,200,13303,44,1,44,44,,2018:Belgian Grand Prix:Race,/home/anshumandutta/Downloads/APEX-R_Devsez_Full_Application/phase2_data_foundation/cache/remote/2b2a86eb1ee20acee57447208ff9a6cdc84de14e0000c0c0c95ac5dff8fa01ff.bin,b928679c87cf427d2562445c25f32068a770198596ecc441ec3989ed6e454c6d
2018,Belgian Grand Prix,Race,HAM,VERIFIED_IN_SOURCE_DRIVERS_JSON,https://raw.githubusercontent.com/TracingInsights/2018/ec6317adac6786e38b5d35e008f4b87926a3a55c/Belgian%20Grand%20Prix/Race/HAM/laptimes.json,0a48bf01f360e27b83f553f62f4772b12856134821997101d7dd0537926bc5dc,PHASE2_CACHE_HIT,200,13041,44,1,44,44,,2018:Belgian Grand Prix:Race,/home/anshumandutta/Downloads/APEX-R_Devsez_Full_Application/phase2_data_foundation/cache/remote/f813119572d405289df903ee3a0dc6740e3b30f9c26d9b2c6b9cb5f91d39b2cc.bin,0a48bf01f360e27b83f553f62f4772b12856134821997101d7dd0537926bc5dc
2018,Belgian Grand Prix,Race,HAR,VERIFIED_IN_SOURCE_DRIVERS_JSON,https://raw.githubusercontent.com/TracingInsights/2018/ec6317adac6786e38b5d35e008f4b87926a3a55c/Belgian%20Grand%20Prix/Race/HAR/laptimes.json,ef49ee0c9c3904f9e54a3ac1ab581b501228f1f91670c27874e5bfef55306427,PHASE2_CACHE_HIT,200,12840,43,1,43,43,,2018:Belgian Grand Prix:Race,/home/anshumandutta/Downloads/APEX-R_Devsez_Full_Application/phase2_data_foundation/cache/remote/34e5d44da97a41f94a14c4aad5a9eea3bf6632d33d4dbfb5b3a6629cd8396d8e.bin,ef49ee0c9c3904f9e54a3ac1ab581b501228f1f91670c27874e5bfef55306427
2018,Belgian Grand Prix,Race,HUL,VERIFIED_IN_SOURCE_DRIVERS_JSON,https://raw.githubusercontent.com/TracingInsights/2018/ec6317adac6786e38b5d35e008f4b87926a3a55c/Belgian%20Grand%20Prix/Race/HUL/laptimes.json,ec686f72b19c60648922a4c73eb12263e30129c4803b3609cad70c57973a1d92,PHASE2_CACHE_HIT,200,638,1,1,1,0,,2018:Belgian Grand Prix:Race,/home/anshumandutta/Downloads/APEX-R_Devsez_Full_Application/phase2_data_foundation/cache/remote/4ed20b1b539bd35495663296611261634ed2fdb760d2c8d1f866cf9f8fdeb0da.bin,ec686f72b19c60648922a4c73eb12263e30129c4803b3609cad70c57973a1d92
2018,Belgian Grand Prix,Race,LEC,VERIFIED_IN_SOURCE_DRIVERS_JSON,https://raw.githubusercontent.com/TracingInsights/2018/ec6317adac6786e38b5d35e008f4b87926a3a55c/Belgian%20Grand%20Prix/Race/LEC/laptimes.json,733885cf6f17eb021ff8ec25be732f7275014191cdd20947cb859dcffa0bf7e9,PHASE2_CACHE_HIT,200,637,1,1,1,0,,2018:Belgian Grand Prix:Race,/home/anshumandutta/Downloads/APEX-R_Devsez_Full_Application/phase2_data_foundation/cache/remote/a232ac3ea3835f47f9b0ac6eb3358bcd9b2012719c529d5af6d4996c36e2af8e.bin,733885cf6f17eb021ff8ec25be732f7275014191cdd20947cb859dcffa0bf7e9
2018,Belgian Grand Prix,Race,MAG,VERIFIED_IN_SOURCE_DRIVERS_JSON,https://raw.githubusercontent.com/TracingInsights/2018/ec6317adac6786e38b5d35e008f4b87926a3a55c/Belgian%20Grand%20Prix/Race/MAG/laptimes.json,fb6f268660b6f8707a447e4542d27c49710e4fc4a40aa8825fc7d00821035fcb,PHASE2_CACHE_HIT,200,13355,44,1,44,44,,2018:Belgian Grand Prix:Race,/home/anshumandutta/Downloads/APEX-R_Devsez_Full_Application/phase2_data_foundation/cache/remote/9c53a3b17ea60ddb9af57ba96679c3d5d60fca21f071d241e2ad4b5b3ff8766e.bin,fb6f268660b6f8707a447e4542d27c49710e4fc4a40aa8825fc7d00821035fcb
2018,Belgian Grand Prix,Race,OCO,VERIFIED_IN_SOURCE_DRIVERS_JSON,https://raw.githubusercontent.com/TracingInsights/2018/ec6317adac6786e38b5d35e008f4b87926a3a55c/Belgian%20Grand%20Prix/Race/OCO/laptimes.json,93892a09c32ef6a36b505b41a3e9fae368f3568ea635ceeea455b2f832dc07c7,PHASE2_CACHE_HIT,200,13235,44,1,44,44,,2018:Belgian Grand Prix:Race,/home/anshumandutta/Downloads/APEX-R_Devsez_Full_Application/phase2_data_foundation/cache/remote/289d38d604ef3fc1f93b43b20fabd603fd82e71b281345c3238eb4b8403ea254.bin,93892a09c32ef6a36b505b41a3e9fae368f3568ea635ceeea455b2f832dc07c7
2018,Belgian Grand Prix,Race,PER,VERIFIED_IN_SOURCE_DRIVERS_JSON,https://raw.githubusercontent.com/TracingInsights/2018/ec6317adac6786e38b5d35e008f4b87926a3a55c/Belgian%20Grand%20Prix/Race/PER/laptimes.json,51ec22d5b301a73c23f9ae6e22923273106e8a0205a6d793393e091f2d7d4036,PHASE2_CACHE_HIT,200,13214,44,1,44,44,,2018:Belgian Grand Prix:Race,/home/anshumandutta/Downloads/APEX-R_Devsez_Full_Application/phase2_data_foundation/cache/remote/9473ca904bebbe013ff4bc1aa9e54dcd025c8ae13bf012bbf141bc4179fe98be.bin,51ec22d5b301a73c23f9ae6e22923273106e8a0205a6d793393e091f2d7d4036
2018,Belgian Grand Prix,Race,RAI,VERIFIED_IN_SOURCE_DRIVERS_JSON,https://raw.githubusercontent.com/TracingInsights/2018/ec6317adac6786e38b5d35e008f4b87926a3a55c/Belgian%20Grand%20Prix/Race/RAI/laptimes.json,735e50e1875f1583d7ca9c94701404b2415042e5e1df6544b9b05e4ea3610d1f,PHASE2_CACHE_HIT,200,2655,8,1,8,8,,2018:Belgian Grand Prix:Race,/home/anshumandutta/Downloads/APEX-R_Devsez_Full_Application/phase2_data_foundation/cache/remote/cd89f94d86ddab65ba2f50ccac5c910d7b23b7f727438973eb56eaeb592225a4.bin,735e50e1875f1583d7ca9c94701404b2415042e5e1df6544b9b05e4ea3610d1f
2018,Belgian Grand Prix,Race,RIC,VERIFIED_IN_SOURCE_DRIVERS_JSON,https://raw.githubusercontent.com/TracingInsights/2018/ec6317adac6786e38b5d35e008f4b87926a3a55c/Belgian%20Grand%20Prix/Race/RIC/laptimes.json,745ff93d521fa97958c228a518c65b527c91ed7764b092ce10eb16e0f6a5767a,PHASE2_CACHE_HIT,200,8533,28,1,28,28,,2018:Belgian Grand Prix:Race,/home/anshumandutta/Downloads/APEX-R_Devsez_Full_Application/phase2_data_foundation/cache/remote/300f68748d7e17fb0dcf078890037d31e7b2e4812dd2a28c10dd3316fe22e2e3.bin,745ff93d521fa97958c228a518c65b527c91ed7764b092ce10eb16e0f6a5767a
2018,Belgian Grand Prix,Race,SAI,VERIFIED_IN_SOURCE_DRIVERS_JSON,https://raw.githubusercontent.com/TracingInsights/2018/ec6317adac6786e38b5d35e008f4b87926a3a55c/Belgian%20Grand%20Prix/Race/SAI/laptimes.json,73496e725b8625802a65016deba7232cd4520e9ba39f27315d0ffef9fb651e91,PHASE2_CACHE_HIT,200,12809,43,1,43,43,,2018:Belgian Grand Prix:Race,/home/anshumandutta/Downloads/APEX-R_Devsez_Full_Application/phase2_data_foundation/cache/remote/15268ec99b7cec611f7a8f39dba0c51d3a9444998114553d4818ac56f839451a.bin,73496e725b8625802a65016deba7232cd4520e9ba39f27315d0ffef9fb651e91
2018,Belgian Grand Prix,Race,SIR,VERIFIED_IN_SOURCE_DRIVERS_JSON,https://raw.githubusercontent.com/TracingInsights/2018/ec6317adac6786e38b5d35e008f4b87926a3a55c/Belgian%20Grand%20Prix/Race/SIR/laptimes.json,1670b7196ebd702085c601d88d08c2e6610bf3b4d1e7399835bf21050609ae41,PHASE2_CACHE_HIT,200,12786,43,1,43,43,,2018:Belgian Grand Prix:Race,/home/anshumandutta/Downloads/APEX-R_Devsez_Full_Application/phase2_data_foundation/cache/remote/31572c8281ca0e27f9718fd61ecf3e1d371a18f43d1e837470bd124d2f1b2ce8.bin,1670b7196ebd702085c601d88d08c2e6610bf3b4d1e7399835bf21050609ae41
2018,Belgian Grand Prix,Race,STR,VERIFIED_IN_SOURCE_DRIVERS_JSON,https://raw.githubusercontent.com/TracingInsights/2018/ec6317adac6786e38b5d35e008f4b87926a3a55c/Belgian%20Grand%20Prix/Race/STR/laptimes.json,9efe22961efcbaef112819107e8d2215ace049d360b02d74ea4222f7d79269f0,PHASE2_CACHE_HIT,200,12804,43,1,43,43,,2018:Belgian Grand Prix:Race,/home/anshumandutta/Downloads/APEX-R_Devsez_Full_Application/phase2_data_foundation/cache/remote/20aa9f5955929c0fa8076d585efee014dcbfabbe3d5ef781c20abc77a14f37e7.bin,9efe22961efcbaef112819107e8d2215ace049d360b02d74ea4222f7d79269f0
2018,Belgian Grand Prix,Race,VAN,VERIFIED_IN_SOURCE_DRIVERS_JSON,https://raw.githubusercontent.com/TracingInsights/2018/ec6317adac6786e38b5d35e008f4b87926a3a55c/Belgian%20Grand%20Prix/Race/VAN/laptimes.json,67ac2d0949229bf9ff5d5aefb34f3b5a7432bdc6aa972c5b89746ead32f89d0c,PHASE2_CACHE_HIT,200,12709,43,1,43,43,,2018:Belgian Grand Prix:Race,/home/anshumandutta/Downloads/APEX-R_Devsez_Full_Application/phase2_data_foundation/cache/remote/336f106075426be6e644e7053be738e6f647a197c89a0225b612e9c1db8d247e.bin,67ac2d0949229bf9ff5d5aefb34f3b5a7432bdc6aa972c5b89746ead32f89d0c
2018,Belgian Grand Prix,Race,VER,VERIFIED_IN_SOURCE_DRIVERS_JSON,https://raw.githubusercontent.com/TracingInsights/2018/ec6317adac6786e38b5d35e008f4b87926a3a55c/Belgian%20Grand%20Prix/Race/VER/laptimes.json,71daab3a69c078744faa746d50e01b3ee699bd8315d568e332e218b54e57b09c,PHASE2_CACHE_HIT,200,13376,44,1,44,44,,2018:Belgian Grand Prix:Race,/home/anshumandutta/Downloads/APEX-R_Devsez_Full_Application/phase2_data_foundation/cache/remote/d700d598be29f0a51a01a9726d273320ea556cc518c25d7d2cecb30d0eca58d5.bin,71daab3a69c078744faa746d50e01b3ee699bd8315d568e332e218b54e57b09c
2018,Belgian Grand Prix,Race,VET,VERIFIED_IN_SOURCE_DRIVERS_JSON,https://raw.githubusercontent.com/TracingInsights/2018/ec6317adac6786e38b5d35e008f4b87926a3a55c/Belgian%20Grand%20Prix/Race/VET/laptimes.json,56119ce5096c1abeb8c2c3b93e26e3bda221a2ee953aeeb72447c115d7d8c853,PHASE2_CACHE_HIT,200,12970,44,1,44,44,,2018:Belgian Grand Prix:Race,/home/anshumandutta/Downloads/APEX-R_Devsez_Full_Application/phase2_data_foundation/cache/remote/9bf814633272492ce40e6a812b04256238622357de6f95ba75711424cb4ee0a3.bin,56119ce5096c1abeb8c2c3b93e26e3bda221a2ee953aeeb72447c115d7d8c853
2018,Brazilian Grand Prix,Race,ALO,VERIFIED_IN_SOURCE_DRIVERS_JSON,https://raw.githubusercontent.com/TracingInsights/2018/ec6317adac6786e38b5d35e008f4b87926a3a55c/Brazilian%20Grand%20Prix/Race/ALO/laptimes.json,483cee0fb06e935caf37d6daf79627f352ba9191c880d9711ce0b95d89dba86b,PHASE2_CACHE_HIT,200,20122,69,1,69,69,,2018:Brazilian Grand Prix:Race,/home/anshumandutta/Downloads/APEX-R_Devsez_Full_Application/phase2_data_foundation/cache/remote/c34d6527404a908088132c16ad7d0c7158eb4e0c9a635a8f471c4414581b0640.bin,483cee0fb06e935caf37d6daf79627f352ba9191c880d9711ce0b95d89dba86b
2018,Brazilian Grand Prix,Race,BOT,VERIFIED_IN_SOURCE_DRIVERS_JSON,https://raw.githubusercontent.com/TracingInsights/2018/ec6317adac6786e38b5d35e008f4b87926a3a55c/Brazilian%20Grand%20Prix/Race/BOT/laptimes.json,74c5415c1c26eb8acb083505c16654015d338856c0b2b717b8d3f7b23871d042,PHASE2_CACHE_HIT,200,20727,71,1,71,71,,2018:Brazilian Grand Prix:Race,/home/anshumandutta/Downloads/APEX-R_Devsez_Full_Application/phase2_data_foundation/cache/remote/e39079101e76c18ee00eb23df1bad4dad4c8e9a584232def76f251fdba3b2ed3.bin,74c5415c1c26eb8acb083505c16654015d338856c0b2b717b8d3f7b23871d042
2018,Brazilian Grand Prix,Race,ERI,VERIFIED_IN_SOURCE_DRIVERS_JSON,https://raw.githubusercontent.com/TracingInsights/2018/ec6317adac6786e38b5d35e008f4b87926a3a55c/Brazilian%20Grand%20Prix/Race/ERI/laptimes.json,88bdbac84c8a0139f86683b61167e0b8b9ef7451f628ec43ef0e153c653b2f6d,PHASE2_CACHE_HIT,200,6110,20,1,20,20,,2018:Brazilian Grand Prix:Race,/home/anshumandutta/Downloads/APEX-R_Devsez_Full_Application/phase2_data_foundation/cache/remote/dbe7608c81ee0ff1fbfb90326d3ef6b003383a8fe92f56071a6747a292a8c605.bin,88bdbac84c8a0139f86683b61167e0b8b9ef7451f628ec43ef0e153c653b2f6d
2018,Brazilian Grand Prix,Race,GAS,VERIFIED_IN_SOURCE_DRIVERS_JSON,https://raw.githubusercontent.com/TracingInsights/2018/ec6317adac6786e38b5d35e008f4b87926a3a55c/Brazilian%20Grand%20Prix/Race/GAS/laptimes.json,1f8d83ebb4f7dfcdf8d07ee0dbadc8ba22add58054d90afee777f2f526d58885,PHASE2_CACHE_HIT,200,20695,70,1,70,70,,2018:Brazilian Grand Prix:Race,/home/anshumandutta/Downloads/APEX-R_Devsez_Full_Application/phase2_data_foundation/cache/remote/a2c37c7058f4154ad6e6844108bf2da828c404f21d28630390d743ceba131c30.bin,1f8d83ebb4f7dfcdf8d07ee0dbadc8ba22add58054d90afee777f2f526d58885
2018,Brazilian Grand Prix,Race,GRO,VERIFIED_IN_SOURCE_DRIVERS_JSON,https://raw.githubusercontent.com/TracingInsights/2018/ec6317adac6786e38b5d35e008f4b87926a3a55c/Brazilian%20Grand%20Prix/Race/GRO/laptimes.json,ec5e2f03c8e0b223c2ff2c29989570c012ec030593159a80fbd9c90a68b8fd5a,PHASE2_CACHE_HIT,200,21042,71,1,71,71,,2018:Brazilian Grand Prix:Race,/home/anshumandutta/Downloads/APEX-R_Devsez_Full_Application/phase2_data_foundation/cache/remote/d0db9347cd6eaf54bbdbc7ed08c75c81cd151a960e32a47d83f0de954a93c246.bin,ec5e2f03c8e0b223c2ff2c29989570c012ec030593159a80fbd9c90a68b8fd5a
2018,Brazilian Grand Prix,Race,HAM,VERIFIED_IN_SOURCE_DRIVERS_JSON,https://raw.githubusercontent.com/TracingInsights/2018/ec6317adac6786e38b5d35e008f4b87926a3a55c/Brazilian%20Grand%20Prix/Race/HAM/laptimes.json,fbaf2c3f815800f269fc140b401710aba2b0732adf6bcb8ccd9fdcb148fc40e8,PHASE2_CACHE_HIT,200,20764,71,1,71,71,,2018:Brazilian Grand Prix:Race,/home/anshumandutta/Downloads/APEX-R_Devsez_Full_Application/phase2_data_foundation/cache/remote/e210b88f78574bbf48e57a21c4dc0de7695b16d6b4abeb09087b6530a0c9eaac.bin,fbaf2c3f815800f269fc140b401710aba2b0732adf6bcb8ccd9fdcb148fc40e8
2018,Brazilian Grand Prix,Race,HAR,VERIFIED_IN_SOURCE_DRIVERS_JSON,https://raw.githubusercontent.com/TracingInsights/2018/ec6317adac6786e38b5d35e008f4b87926a3a55c/Brazilian%20Grand%20Prix/Race/HAR/laptimes.json,2aa172e10cb8a89d73d6989dd164c8ddc0f7f3405eacef05664371dd2bce35c0,PHASE2_CACHE_HIT,200,20665,70,1,70,70,,2018:Brazilian Grand Prix:Race,/home/anshumandutta/Downloads/APEX-R_Devsez_Full_Application/phase2_data_foundation/cache/remote/5fd98e15c0c5b9998007f07ffed0f4ef7b784a409c80d5d6d673347600905208.bin,2aa172e10cb8a89d73d6989dd164c8ddc0f7f3405eacef05664371dd2bce35c0
2018,Brazilian Grand Prix,Race,HUL,VERIFIED_IN_SOURCE_DRIVERS_JSON,https://raw.githubusercontent.com/TracingInsights/2018/ec6317adac6786e38b5d35e008f4b87926a3a55c/Brazilian%20Grand%20Prix/Race/HUL/laptimes.json,a090c8977465bb6d3aee3001d5894757924aebd7a8510947483f86545c965b78,PHASE2_CACHE_HIT,200,9432,32,1,32,32,,2018:Brazilian Grand Prix:Race,/home/anshumandutta/Downloads/APEX-R_Devsez_Full_Application/phase2_data_foundation/cache/remote/5ec1e86b5b989a441047efa187957849d84968d29a6595169625428f362ed296.bin,a090c8977465bb6d3aee3001d5894757924aebd7a8510947483f86545c965b78
2018,Brazilian Grand Prix,Race,LEC,VERIFIED_IN_SOURCE_DRIVERS_JSON,https://raw.githubusercontent.com/TracingInsights/2018/ec6317adac6786e38b5d35e008f4b87926a3a55c/Brazilian%20Grand%20Prix/Race/LEC/laptimes.json,af0a0f142655f578cec43e21a5f8f9c8b3f3f34533db26bdac13094f375306c1,PHASE2_CACHE_HIT,200,20669,71,1,71,71,,2018:Brazilian Grand Prix:Race,/home/anshumandutta/Downloads/APEX-R_Devsez_Full_Application/phase2_data_foundation/cache/remote/bbd9eb0cb182ad2bb85d5aeec0acef7883d0e9de44b6e5ff178c9535d788a2c1.bin,af0a0f142655f578cec43e21a5f8f9c8b3f3f34533db26bdac13094f375306c1
2018,Brazilian Grand Prix,Race,MAG,VERIFIED_IN_SOURCE_DRIVERS_JSON,https://raw.githubusercontent.com/TracingInsights/2018/ec6317adac6786e38b5d35e008f4b87926a3a55c/Brazilian%20Grand%20Prix/Race/MAG/laptimes.json,44dfd916216445fc3ec5ac82825e823c262bdda6614645d73c667ac6adfcf1b7,PHASE2_CACHE_HIT,200,20982,71,1,71,71,,2018:Brazilian Grand Prix:Race,/home/anshumandutta/Downloads/APEX-R_Devsez_Full_Application/phase2_data_foundation/cache/remote/c63ca06150a3af908daa2e484594d5e178a4b5dd1fdce80ffa5f424dff86d985.bin,44dfd916216445fc3ec5ac82825e823c262bdda6614645d73c667ac6adfcf1b7
2018,Brazilian Grand Prix,Race,OCO,VERIFIED_IN_SOURCE_DRIVERS_JSON,https://raw.githubusercontent.com/TracingInsights/2018/ec6317adac6786e38b5d35e008f4b87926a3a55c/Brazilian%20Grand%20Prix/Race/OCO/laptimes.json,142927a46ae0f5820bfe60dafb9985a218337749ae3c5c8cafd4efb4b663446e,PHASE2_CACHE_HIT,200,20792,70,1,70,70,,2018:Brazilian Grand Prix:Race,/home/anshumandutta/Downloads/APEX-R_Devsez_Full_Application/phase2_data_foundation/cache/remote/b4e5bc57467702c8966d172f5597a9a53158cb676353f8f9259a7f2443639e40.bin,142927a46ae0f5820bfe60dafb9985a218337749ae3c5c8cafd4efb4b663446e
2018,Brazilian Grand Prix,Race,PER,VERIFIED_IN_SOURCE_DRIVERS_JSON,https://raw.githubusercontent.com/TracingInsights/2018/ec6317adac6786e38b5d35e008f4b87926a3a55c/Brazilian%20Grand%20Prix/Race/PER/laptimes.json,db9063d1cf696af6b437f9df7e6a5aa302990b274c5f754741ccf6dd85088ca9,PHASE2_CACHE_HIT,200,20797,70,1,70,70,,2018:Brazilian Grand Prix:Race,/home/anshumandutta/Downloads/APEX-R_Devsez_Full_Application/phase2_data_foundation/cache/remote/d64d02cd4610c303362322d4a2508bc381e011dbbfc3b558cc4bb476efb8bfb7.bin,db9063d1cf696af6b437f9df7e6a5aa302990b274c5f754741ccf6dd85088ca9
2018,Brazilian Grand Prix,Race,RAI,VERIFIED_IN_SOURCE_DRIVERS_JSON,https://raw.githubusercontent.com/TracingInsights/2018/ec6317adac6786e38b5d35e008f4b87926a3a55c/Brazilian%20Grand%20Prix/Race/RAI/laptimes.json,cf6b5f92a0c71fe940f04cc0212185841624fded06ee533eb832e7be5ac06cb2,PHASE2_CACHE_HIT,200,20525,71,1,71,71,,2018:Brazilian Grand Prix:Race,/home/anshumandutta/Downloads/APEX-R_Devsez_Full_Application/phase2_data_foundation/cache/remote/77ddc5eacc41ef0519492036f4254be93d454a98dfd4c51910b94ca6f2def376.bin,cf6b5f92a0c71fe940f04cc0212185841624fded06ee533eb832e7be5ac06cb2
2018,Brazilian Grand Prix,Race,RIC,VERIFIED_IN_SOURCE_DRIVERS_JSON,https://raw.githubusercontent.com/TracingInsights/2018/ec6317adac6786e38b5d35e008f4b87926a3a55c/Brazilian%20Grand%20Prix/Race/RIC/laptimes.json,1fbeb89a964774baf7c4c176f197b8266ac5a5c046fd34eaa38676a4d8a0d9b0,PHASE2_CACHE_HIT,200,21218,71,1,71,71,,2018:Brazilian Grand Prix:Race,/home/anshumandutta/Downloads/APEX-R_Devsez_Full_Application/phase2_data_foundation/cache/remote/841abbb41d279e19dd2ef17009dc58c7e9a7c4131256e438369bab0c5953d0c1.bin,1fbeb89a964774baf7c4c176f197b8266ac5a5c046fd34eaa38676a4d8a0d9b0
2018,Brazilian Grand Prix,Race,SAI,VERIFIED_IN_SOURCE_DRIVERS_JSON,https://raw.githubusercontent.com/TracingInsights/2018/ec6317adac6786e38b5d35e008f4b87926a3a55c/Brazilian%20Grand%20Prix/Race/SAI/laptimes.json,8d178766c5e318c91bcca196419556f59cadfde5c2d050d4a08a28ea3513b3fa,PHASE2_CACHE_HIT,200,20418,70,1,70,70,,2018:Brazilian Grand Prix:Race,/home/anshumandutta/Downloads/APEX-R_Devsez_Full_Application/phase2_data_foundation/cache/remote/c80647b5148c2e356f3733474c09872a83310ef55fbffe494ec9f46ba350b832.bin,8d178766c5e318c91bcca196419556f59cadfde5c2d050d4a08a28ea3513b3fa
2018,Brazilian Grand Prix,Race,SIR,VERIFIED_IN_SOURCE_DRIVERS_JSON,https://raw.githubusercontent.com/TracingInsights/2018/ec6317adac6786e38b5d35e008f4b87926a3a55c/Brazilian%20Grand%20Prix/Race/SIR/laptimes.json,a5a374b871f73bd0179c37a9819595a5b7a2c9795dbaa660c8feacdc6f96c73c,PHASE2_CACHE_HIT,200,20158,69,1,69,69,,2018:Brazilian Grand Prix:Race,/home/anshumandutta/Downloads/APEX-R_Devsez_Full_Application/phase2_data_foundation/cache/remote/8c220142600ca0d2568c0cdcc45fcc172704dfe80350065e26506fce4d66583b.bin,a5a374b871f73bd0179c37a9819595a5b7a2c9795dbaa660c8feacdc6f96c73c
2018,Brazilian Grand Prix,Race,STR,VERIFIED_IN_SOURCE_DRIVERS_JSON,https://raw.githubusercontent.com/TracingInsights/2018/ec6317adac6786e38b5d35e008f4b87926a3a55c/Brazilian%20Grand%20Prix/Race/STR/laptimes.json,902c391405932421b067fb4d09eb0c2071d57a7b124596449ca57f646aa477e1,PHASE2_CACHE_HIT,200,20158,69,1,69,69,,2018:Brazilian Grand Prix:Race,/home/anshumandutta/Downloads/APEX-R_Devsez_Full_Application/phase2_data_foundation/cache/remote/581b1965b663a3670c4ef2c7e372e0346401d4d08816ad8dbb18398f48a56da6.bin,902c391405932421b067fb4d09eb0c2071d57a7b124596449ca57f646aa477e1
2018,Brazilian Grand Prix,Race,VAN,VERIFIED_IN_SOURCE_DRIVERS_JSON,https://raw.githubusercontent.com/TracingInsights/2018/ec6317adac6786e38b5d35e008f4b87926a3a55c/Brazilian%20Grand%20Prix/Race/VAN/laptimes.json,156da9b4462b704308e3e3da03bead4d5c8c0be1697cb9b88b5dd37f51944c7e,PHASE2_CACHE_HIT,200,20275,70,1,70,70,,2018:Brazilian Grand Prix:Race,/home/anshumandutta/Downloads/APEX-R_Devsez_Full_Application/phase2_data_foundation/cache/remote/bcadcb1e7cc95d29e37c50748bab694d927faeb88a00812b0f5b8557a61374ec.bin,156da9b4462b704308e3e3da03bead4d5c8c0be1697cb9b88b5dd37f51944c7e
2018,Brazilian Grand Prix,Race,VER,VERIFIED_IN_SOURCE_DRIVERS_JSON,https://raw.githubusercontent.com/TracingInsights/2018/ec6317adac6786e38b5d35e008f4b87926a3a55c/Brazilian%20Grand%20Prix/Race/VER/laptimes.json,12f29fcdb76c8b3853a386bbc8632b07ca68da02ef9b305b9690fe2dcb44881d,PHASE2_CACHE_HIT,200,21262,71,1,71,71,,2018:Brazilian Grand Prix:Race,/home/anshumandutta/Downloads/APEX-R_Devsez_Full_Application/phase2_data_foundation/cache/remote/7aac19735864fe0c94b6ab7bd13d254d515e5a703e5b01f853e5426c2d720099.bin,12f29fcdb76c8b3853a386bbc8632b07ca68da02ef9b305b9690fe2dcb44881d
2018,Brazilian Grand Prix,Race,VET,VERIFIED_IN_SOURCE_DRIVERS_JSON,https://raw.githubusercontent.com/TracingInsights/2018/ec6317adac6786e38b5d35e008f4b87926a3a55c/Brazilian%20Grand%20Prix/Race/VET/laptimes.json,ca69561a0be527d22e9b03fca2c9ce363ec4e707cf450057ff8247e82d227cd2,PHASE2_CACHE_HIT,200,20582,71,1,71,71,,2018:Brazilian Grand Prix:Race,/home/anshumandutta/Downloads/APEX-R_Devsez_Full_Application/phase2_data_foundation/cache/remote/5b45a4e4b989f93074ab776c6f96be2bf33b6eabe5b2de941acf00ce44258ea7.bin,ca69561a0be527d22e9b03fca2c9ce363ec4e707cf450057ff8247e82d227cd2
2018,British Grand Prix,Race,ALO,VERIFIED_IN_SOURCE_DRIVERS_JSON,https://raw.githubusercontent.com/TracingInsights/2018/ec6317adac6786e38b5d35e008f4b87926a3a55c/British%20Grand%20Prix/Race/ALO/laptimes.json,176052ad49a1857b8e1facd3de418703f50420bfdb62130b0901495b3a3f16b0,PHASE2_CACHE_HIT,200,15200,52,1,52,52,,2018:British Grand Prix:Race,/home/anshumandutta/Downloads/APEX-R_Devsez_Full_Application/phase2_data_foundation/cache/remote/4744698d21953d9356e578b28f5f7c361209378dfe97167e41712d2f1f9f4da0.bin,176052ad49a1857b8e1facd3de418703f50420bfdb62130b0901495b3a3f16b0
2018,British Grand Prix,Race,BOT,VERIFIED_IN_SOURCE_DRIVERS_JSON,https://raw.githubusercontent.com/TracingInsights/2018/ec6317adac6786e38b5d35e008f4b87926a3a55c/British%20Grand%20Prix/Race/BOT/laptimes.json,19d1a07b9ad08c3690252578edc8eb605135fdfa842fde8077da459d2f224f70,PHASE2_CACHE_HIT,200,15248,52,1,52,52,,2018:British Grand Prix:Race,/home/anshumandutta/Downloads/APEX-R_Devsez_Full_Application/phase2_data_foundation/cache/remote/8a8504bf65c3020ed9bc63e21d9b6a348ec17bb216bd99c32bb15cc01c7fb4ba.bin,19d1a07b9ad08c3690252578edc8eb605135fdfa842fde8077da459d2f224f70
2018,British Grand Prix,Race,ERI,VERIFIED_IN_SOURCE_DRIVERS_JSON,https://raw.githubusercontent.com/TracingInsights/2018/ec6317adac6786e38b5d35e008f4b87926a3a55c/British%20Grand%20Prix/Race/ERI/laptimes.json,3b22f45e4c4911d45a65ea79a34443bd18dcd53a365520a4d326fd506f171880,PHASE2_CACHE_HIT,200,9380,32,1,32,31,,2018:British Grand Prix:Race,/home/anshumandutta/Downloads/APEX-R_Devsez_Full_Application/phase2_data_foundation/cache/remote/90bbc015e7604962503857c1dafbe929a4e875fe689496272ad41e63ff1f522b.bin,3b22f45e4c4911d45a65ea79a34443bd18dcd53a365520a4d326fd506f171880
2018,British Grand Prix,Race,GAS,VERIFIED_IN_SOURCE_DRIVERS_JSON,https://raw.githubusercontent.com/TracingInsights/2018/ec6317adac6786e38b5d35e008f4b87926a3a55c/British%20Grand%20Prix/Race/GAS/laptimes.json,8aa8887ac1085b5ff4c29146ed342a3064da095ce4a0192a832cc7450da31907,PHASE2_CACHE_HIT,200,15362,52,1,52,52,,2018:British Grand Prix:Race,/home/anshumandutta/Downloads/APEX-R_Devsez_Full_Application/phase2_data_foundation/cache/remote/30c4c058d4c972537a3c5a7fbdb0a9df12f1eb663fbe1a4511b0f4e21a8b77a7.bin,8aa8887ac1085b5ff4c29146ed342a3064da095ce4a0192a832cc7450da31907
2018,British Grand Prix,Race,GRO,VERIFIED_IN_SOURCE_DRIVERS_JSON,https://raw.githubusercontent.com/TracingInsights/2018/ec6317adac6786e38b5d35e008f4b87926a3a55c/British%20Grand%20Prix/Race/GRO/laptimes.json,9cb5b4b41b6dac8f242453a84ee5f5ef97c9987732a4a341b427a874dff458c7,PHASE2_CACHE_HIT,200,11375,38,1,38,37,,2018:British Grand Prix:Race,/home/anshumandutta/Downloads/APEX-R_Devsez_Full_Application/phase2_data_foundation/cache/remote/8f1313308556a92730da1534132f8b6c769db7fa4436f7cebc9e40b7d4e34903.bin,9cb5b4b41b6dac8f242453a84ee5f5ef97c9987732a4a341b427a874dff458c7
2018,British Grand Prix,Race,HAM,VERIFIED_IN_SOURCE_DRIVERS_JSON,https://raw.githubusercontent.com/TracingInsights/2018/ec6317adac6786e38b5d35e008f4b87926a3a55c/British%20Grand%20Prix/Race/HAM/laptimes.json,aebe90685f70bd63fa54291895a92d7a5dd9b7492993fde672e4feb7090e71ed,PHASE2_CACHE_HIT,200,15254,52,1,52,52,,2018:British Grand Prix:Race,/home/anshumandutta/Downloads/APEX-R_Devsez_Full_Application/phase2_data_foundation/cache/remote/d063c9fb50c25bf6da76badf8bcc6aaa7bf5e0831d37fb5e2efebcaa78140cfe.bin,aebe90685f70bd63fa54291895a92d7a5dd9b7492993fde672e4feb7090e71ed
2018,British Grand Prix,Race,HAR,VERIFIED_IN_SOURCE_DRIVERS_JSON,https://raw.githubusercontent.com/TracingInsights/2018/ec6317adac6786e38b5d35e008f4b87926a3a55c/British%20Grand%20Prix/Race/HAR/laptimes.json,540bc2cd94ae0a5abb97fe21720a0efc2c1c8048dbfdc3f47a81d575a7ce5bd2,PHASE2_CACHE_HIT,200,646,1,1,1,1,,2018:British Grand Prix:Race,/home/anshumandutta/Downloads/APEX-R_Devsez_Full_Application/phase2_data_foundation/cache/remote/b17fe928b8d9cc3b80917cab36b81755ffb808359b52746584bdd99c505c67c5.bin,540bc2cd94ae0a5abb97fe21720a0efc2c1c8048dbfdc3f47a81d575a7ce5bd2
2018,British Grand Prix,Race,HUL,VERIFIED_IN_SOURCE_DRIVERS_JSON,https://raw.githubusercontent.com/TracingInsights/2018/ec6317adac6786e38b5d35e008f4b87926a3a55c/British%20Grand%20Prix/Race/HUL/laptimes.json,340e2e50af518a8ca7bc4aa4891f0ed1b7df28024ea07d089915d89d580a2221,PHASE2_CACHE_HIT,200,15157,52,1,52,52,,2018:British Grand Prix:Race,/home/anshumandutta/Downloads/APEX-R_Devsez_Full_Application/phase2_data_foundation/cache/remote/a4591ade8695e8bb67919cf40c64118cbfe513d054848bca2ae75a49297410b3.bin,340e2e50af518a8ca7bc4aa4891f0ed1b7df28024ea07d089915d89d580a2221
2018,British Grand Prix,Race,LEC,VERIFIED_IN_SOURCE_DRIVERS_JSON,https://raw.githubusercontent.com/TracingInsights/2018/ec6317adac6786e38b5d35e008f4b87926a3a55c/British%20Grand%20Prix/Race/LEC/laptimes.json,b281e16b84aaea1eb73182b7e408c02be2bb0a753564863c29b70c63256976e1,PHASE2_CACHE_HIT,200,5435,18,1,18,18,,2018:British Grand Prix:Race,/home/anshumandutta/Downloads/APEX-R_Devsez_Full_Application/phase2_data_foundation/cache/remote/8968f2e32d8483f588b362c8b3e9b5edbee6bc37c7957aebf3d36c437af9c27d.bin,b281e16b84aaea1eb73182b7e408c02be2bb0a753564863c29b70c63256976e1
2018,British Grand Prix,Race,MAG,VERIFIED_IN_SOURCE_DRIVERS_JSON,https://raw.githubusercontent.com/TracingInsights/2018/ec6317adac6786e38b5d35e008f4b87926a3a55c/British%20Grand%20Prix/Race/MAG/laptimes.json,3c2ae9005e1f335d60d9ee87acbc5dc021a941f45d091d6b7a92750ed5931b68,PHASE2_CACHE_HIT,200,15471,52,1,52,52,,2018:British Grand Prix:Race,/home/anshumandutta/Downloads/APEX-R_Devsez_Full_Application/phase2_data_foundation/cache/remote/0696c98eaf59ee4febdede3e31e81dab4713e0c88b725c0037069d7f942c39dc.bin,3c2ae9005e1f335d60d9ee87acbc5dc021a941f45d091d6b7a92750ed5931b68
2018,British Grand Prix,Race,OCO,VERIFIED_IN_SOURCE_DRIVERS_JSON,https://raw.githubusercontent.com/TracingInsights/2018/ec6317adac6786e38b5d35e008f4b87926a3a55c/British%20Grand%20Prix/Race/OCO/laptimes.json,6c6b43c8452f86f88ec0eea145c30f96c1e2e3b554184c73007ead3c746862e3,PHASE2_CACHE_HIT,200,15427,52,1,52,52,,2018:British Grand Prix:Race,/home/anshumandutta/Downloads/APEX-R_Devsez_Full_Application/phase2_data_foundation/cache/remote/5cd99f344383855d2b1fc4c06343e0e567746796419550a2cc4378ba4cb94589.bin,6c6b43c8452f86f88ec0eea145c30f96c1e2e3b554184c73007ead3c746862e3
2018,British Grand Prix,Race,PER,VERIFIED_IN_SOURCE_DRIVERS_JSON,https://raw.githubusercontent.com/TracingInsights/2018/ec6317adac6786e38b5d35e008f4b87926a3a55c/British%20Grand%20Prix/Race/PER/laptimes.json,13f5f024a08158d38ae260679feb91665b53a017724946d74e6c3bf551c7d681,PHASE2_CACHE_HIT,200,15443,52,1,52,52,,2018:British Grand Prix:Race,/home/anshumandutta/Downloads/APEX-R_Devsez_Full_Application/phase2_data_foundation/cache/remote/8e29e510e58482ddbbade6f54d0345a263858e0d9bf3977ea6d5f2d8b0bd6ea1.bin,13f5f024a08158d38ae260679feb91665b53a017724946d74e6c3bf551c7d681
2018,British Grand Prix,Race,RAI,VERIFIED_IN_SOURCE_DRIVERS_JSON,https://raw.githubusercontent.com/TracingInsights/2018/ec6317adac6786e38b5d35e008f4b87926a3a55c/British%20Grand%20Prix/Race/RAI/laptimes.json,97a4d9f46bff9475b8331a4e962d1a457b5c7c9f70d4c5f5e3d85d09afaccebe,PHASE2_CACHE_HIT,200,15112,52,1,52,52,,2018:British Grand Prix:Race,/home/anshumandutta/Downloads/APEX-R_Devsez_Full_Application/phase2_data_foundation/cache/remote/4ded211476769feec25fe39331fa33926c29fc92b7d5011026ce0991e8f6a13b.bin,97a4d9f46bff9475b8331a4e962d1a457b5c7c9f70d4c5f5e3d85d09afaccebe
2018,British Grand Prix,Race,RIC,VERIFIED_IN_SOURCE_DRIVERS_JSON,https://raw.githubusercontent.com/TracingInsights/2018/ec6317adac6786e38b5d35e008f4b87926a3a55c/British%20Grand%20Prix/Race/RIC/laptimes.json,6865c42fdfd9b561d3c70ab0f6c7c9d7030fe8dcaac3aa799657434f4db189c6,PHASE2_CACHE_HIT,200,15516,52,1,52,52,,2018:British Grand Prix:Race,/home/anshumandutta/Downloads/APEX-R_Devsez_Full_Application/phase2_data_foundation/cache/remote/a1b68d8bed3431eb7aa1d67b0ae8b9d5cf434d70edc6a794ee6a1bfab8ab3313.bin,6865c42fdfd9b561d3c70ab0f6c7c9d7030fe8dcaac3aa799657434f4db189c6
2018,British Grand Prix,Race,SAI,VERIFIED_IN_SOURCE_DRIVERS_JSON,https://raw.githubusercontent.com/TracingInsights/2018/ec6317adac6786e38b5d35e008f4b87926a3a55c/British%20Grand%20Prix/Race/SAI/laptimes.json,9f5d07cfe9b04849d971438b183d7646d37b82c3e40187199cdc14b96cc1b81c,PHASE2_CACHE_HIT,200,11204,38,1,38,37,,2018:British Grand Prix:Race,/home/anshumandutta/Downloads/APEX-R_Devsez_Full_Application/phase2_data_foundation/cache/remote/58f905b6c08341083f565b2f76c90cd316a000f057658516e0d216679175828c.bin,9f5d07cfe9b04849d971438b183d7646d37b82c3e40187199cdc14b96cc1b81c
2018,British Grand Prix,Race,SIR,VERIFIED_IN_SOURCE_DRIVERS_JSON,https://raw.githubusercontent.com/TracingInsights/2018/ec6317adac6786e38b5d35e008f4b87926a3a55c/British%20Grand%20Prix/Race/SIR/laptimes.json,23864c82c478a2c940029f50b73dea93415f804b7a1d3465a342333f07997827,PHASE2_CACHE_HIT,200,15272,52,1,52,52,,2018:British Grand Prix:Race,/home/anshumandutta/Downloads/APEX-R_Devsez_Full_Application/phase2_data_foundation/cache/remote/b10f89b22a37ae5378224582c20f0ad001b951cf286c9eb2c99c3d40b45a1697.bin,23864c82c478a2c940029f50b73dea93415f804b7a1d3465a342333f07997827
2018,British Grand Prix,Race,STR,VERIFIED_IN_SOURCE_DRIVERS_JSON,https://raw.githubusercontent.com/TracingInsights/2018/ec6317adac6786e38b5d35e008f4b87926a3a55c/British%20Grand%20Prix/Race/STR/laptimes.json,6d52b8a557a6818e728450db80e46926f85ec5762e71c533749cea5d27c1c005,PHASE2_CACHE_HIT,200,15257,52,1,52,52,,2018:British Grand Prix:Race,/home/anshumandutta/Downloads/APEX-R_Devsez_Full_Application/phase2_data_foundation/cache/remote/f4c62d285167a6d40915ef965a9b0799f0adc1f73f50546bc0eb9ddff84941cc.bin,6d52b8a557a6818e728450db80e46926f85ec5762e71c533749cea5d27c1c005
2018,British Grand Prix,Race,VAN,VERIFIED_IN_SOURCE_DRIVERS_JSON,https://raw.githubusercontent.com/TracingInsights/2018/ec6317adac6786e38b5d35e008f4b87926a3a55c/British%20Grand%20Prix/Race/VAN/laptimes.json,dbcd0f3f6fbf9f34c1332167c493b57205aac9de15d353f4ca7634ee29bb18f4,PHASE2_CACHE_HIT,200,15122,52,1,52,52,,2018:British Grand Prix:Race,/home/anshumandutta/Downloads/APEX-R_Devsez_Full_Application/phase2_data_foundation/cache/remote/cbcfcfea80078315fcff3097c471a80b3bbf0e74269b1e03d8fe04a01a9dfc7f.bin,dbcd0f3f6fbf9f34c1332167c493b57205aac9de15d353f4ca7634ee29bb18f4
2018,British Grand Prix,Race,VER,VERIFIED_IN_SOURCE_DRIVERS_JSON,https://raw.githubusercontent.com/TracingInsights/2018/ec6317adac6786e38b5d35e008f4b87926a3a55c/British%20Grand%20Prix/Race/VER/laptimes.json,eb4095972cbe2dcd31babe559c7b91c3bbebe527045b15e5004222a45aee6fe7,PHASE2_CACHE_HIT,200,14122,47,1,47,46,,2018:British Grand Prix:Race,/home/anshumandutta/Downloads/APEX-R_Devsez_Full_Application/phase2_data_foundation/cache/remote/bf2624e5a5c45eb6dc68f877a6321047e811de36d201a4bed5ea4db79ee7ac63.bin,eb4095972cbe2dcd31babe559c7b91c3bbebe527045b15e5004222a45aee6fe7
2018,British Grand Prix,Race,VET,VERIFIED_IN_SOURCE_DRIVERS_JSON,https://raw.githubusercontent.com/TracingInsights/2018/ec6317adac6786e38b5d35e008f4b87926a3a55c/British%20Grand%20Prix/Race/VET/laptimes.json,d2923a63e86ae9f60028889b1c46ffaa8ea446b8b3d1ae2a54486016cea56bd3,PHASE2_CACHE_HIT,200,15096,52,1,52,52,,2018:British Grand Prix:Race,/home/anshumandutta/Downloads/APEX-R_Devsez_Full_Application/phase2_data_foundation/cache/remote/9103125d771aee78e43d2627145354f2001dbdf214476a6b984b4ed99f9cf56f.bin,d2923a63e86ae9f60028889b1c46ffaa8ea446b8b3d1ae2a54486016cea56bd3
2018,Canadian Grand Prix,Race,ALO,VERIFIED_IN_SOURCE_DRIVERS_JSON,https://raw.githubusercontent.com/TracingInsights/2018/ec6317adac6786e38b5d35e008f4b87926a3a55c/Canadian%20Grand%20Prix/Race/ALO/laptimes.json,9b659210de7299304bf3633ce0b04dc7ecf123b485f99ade586b7a94fed03b5b,PHASE2_CACHE_HIT,200,12168,41,1,41,41,,2018:Canadian Grand Prix:Race,/home/anshumandutta/Downloads/APEX-R_Devsez_Full_Application/phase2_data_foundation/cache/remote/b352c9b3524a1ab919058b7c6ef35d8faa416410a6bc41dbbe89cf9916285038.bin,9b659210de7299304bf3633ce0b04dc7ecf123b485f99ade586b7a94fed03b5b
2018,Canadian Grand Prix,Race,BOT,VERIFIED_IN_SOURCE_DRIVERS_JSON,https://raw.githubusercontent.com/TracingInsights/2018/ec6317adac6786e38b5d35e008f4b87926a3a55c/Canadian%20Grand%20Prix/Race/BOT/laptimes.json,27e05b13f004407e88259dc82b44962486a43d31feae32cf6b39764aceeeee77,PHASE2_CACHE_HIT,200,20621,70,1,70,70,,2018:Canadian Grand Prix:Race,/home/anshumandutta/Downloads/APEX-R_Devsez_Full_Application/phase2_data_foundation/cache/remote/31044e59db098106db8ba2e25872b2627e08b5456f75f5f0a3ea71b7272e3010.bin,27e05b13f004407e88259dc82b44962486a43d31feae32cf6b39764aceeeee77
2018,Canadian Grand Prix,Race,ERI,VERIFIED_IN_SOURCE_DRIVERS_JSON,https://raw.githubusercontent.com/TracingInsights/2018/ec6317adac6786e38b5d35e008f4b87926a3a55c/Canadian%20Grand%20Prix/Race/ERI/laptimes.json,e23a36e0106655f6554ec636fabb613f160642cb6a3122683f93d63cfe5da62e,PHASE2_CACHE_HIT,200,19875,68,1,68,68,,2018:Canadian Grand Prix:Race,/home/anshumandutta/Downloads/APEX-R_Devsez_Full_Application/phase2_data_foundation/cache/remote/9b98e15154bd94bcb99729d153dbb430cf1c227c38b7703c4d6fa8b9062605e2.bin,e23a36e0106655f6554ec636fabb613f160642cb6a3122683f93d63cfe5da62e
2018,Canadian Grand Prix,Race,GAS,VERIFIED_IN_SOURCE_DRIVERS_JSON,https://raw.githubusercontent.com/TracingInsights/2018/ec6317adac6786e38b5d35e008f4b87926a3a55c/Canadian%20Grand%20Prix/Race/GAS/laptimes.json,947ed794f60274ebdf8fa5679bb686a3276d1cb4b3e3c0816c1e540de02b63e4,PHASE2_CACHE_HIT,200,20492,69,1,69,69,,2018:Canadian Grand Prix:Race,/home/anshumandutta/Downloads/APEX-R_Devsez_Full_Application/phase2_data_foundation/cache/remote/faa2720bf2d146592fe5cebe1a695172d45936299627eeb44bf767b13aa51f88.bin,947ed794f60274ebdf8fa5679bb686a3276d1cb4b3e3c0816c1e540de02b63e4
2018,Canadian Grand Prix,Race,GRO,VERIFIED_IN_SOURCE_DRIVERS_JSON,https://raw.githubusercontent.com/TracingInsights/2018/ec6317adac6786e38b5d35e008f4b87926a3a55c/Canadian%20Grand%20Prix/Race/GRO/laptimes.json,00da0807795f38be02b463cf8c731a5e82efff8d4d659222cc3e2ead3011f6f5,PHASE2_CACHE_HIT,200,20543,69,1,69,69,,2018:Canadian Grand Prix:Race,/home/anshumandutta/Downloads/APEX-R_Devsez_Full_Application/phase2_data_foundation/cache/remote/bb3cc02b8ea3a5e19d646d90c1da283930fd38d9ffb41228da0f6709635648b7.bin,00da0807795f38be02b463cf8c731a5e82efff8d4d659222cc3e2ead3011f6f5
2018,Canadian Grand Prix,Race,HAM,VERIFIED_IN_SOURCE_DRIVERS_JSON,https://raw.githubusercontent.com/TracingInsights/2018/ec6317adac6786e38b5d35e008f4b87926a3a55c/Canadian%20Grand%20Prix/Race/HAM/laptimes.json,8b07636857833e288f5b7cff5893f1a15bca9dc5ccada668c5526c717465d750,PHASE2_CACHE_HIT,200,20613,70,1,70,70,,2018:Canadian Grand Prix:Race,/home/anshumandutta/Downloads/APEX-R_Devsez_Full_Application/phase2_data_foundation/cache/remote/d477e1d3217e28952e48821588b88a20262b8b7b61ecae506f209481a4eecb4a.bin,8b07636857833e288f5b7cff5893f1a15bca9dc5ccada668c5526c717465d750
2018,Canadian Grand Prix,Race,HAR,VERIFIED_IN_SOURCE_DRIVERS_JSON,https://raw.githubusercontent.com/TracingInsights/2018/ec6317adac6786e38b5d35e008f4b87926a3a55c/Canadian%20Grand%20Prix/Race/HAR/laptimes.json,5017ab521c35d433b52903446843c6b28a1050885959e134fc9ca920d7b1a8b4,PHASE2_CACHE_HIT,200,641,1,1,1,0,,2018:Canadian Grand Prix:Race,/home/anshumandutta/Downloads/APEX-R_Devsez_Full_Application/phase2_data_foundation/cache/remote/f32531105815f4273b8661d461557fe93f7ead8d138a0471d7e16f71a0fc23ac.bin,5017ab521c35d433b52903446843c6b28a1050885959e134fc9ca920d7b1a8b4
2018,Canadian Grand Prix,Race,HUL,VERIFIED_IN_SOURCE_DRIVERS_JSON,https://raw.githubusercontent.com/TracingInsights/2018/ec6317adac6786e38b5d35e008f4b87926a3a55c/Canadian%20Grand%20Prix/Race/HUL/laptimes.json,fdbf41d5fe304f90758055f1c84859c4eb6160d04e0fc212750af2ef3fb9aff2,PHASE2_CACHE_HIT,200,20261,69,1,69,69,,2018:Canadian Grand Prix:Race,/home/anshumandutta/Downloads/APEX-R_Devsez_Full_Application/phase2_data_foundation/cache/remote/29028a9f03f825a794a2b7844ae20cacf6395e6b1f8d9227726498d5e0e19364.bin,fdbf41d5fe304f90758055f1c84859c4eb6160d04e0fc212750af2ef3fb9aff2
2018,Canadian Grand Prix,Race,LEC,VERIFIED_IN_SOURCE_DRIVERS_JSON,https://raw.githubusercontent.com/TracingInsights/2018/ec6317adac6786e38b5d35e008f4b87926a3a55c/Canadian%20Grand%20Prix/Race/LEC/laptimes.json,ee8c9c56696c8b5e0a7ad2ca7a692135d8c56f3b18f5bb7d9ac110eaa0da225f,PHASE2_CACHE_HIT,200,20204,69,1,69,69,,2018:Canadian Grand Prix:Race,/home/anshumandutta/Downloads/APEX-R_Devsez_Full_Application/phase2_data_foundation/cache/remote/dc6618f5b6c78d78e6b414edd14a9c6740928c817731d2b6a8d230d48653ec34.bin,ee8c9c56696c8b5e0a7ad2ca7a692135d8c56f3b18f5bb7d9ac110eaa0da225f
2018,Canadian Grand Prix,Race,MAG,VERIFIED_IN_SOURCE_DRIVERS_JSON,https://raw.githubusercontent.com/TracingInsights/2018/ec6317adac6786e38b5d35e008f4b87926a3a55c/Canadian%20Grand%20Prix/Race/MAG/laptimes.json,24eeeddd2b02b1f6494ae1937af15b54321a6729248cf15fd2be4a185fc24ff1,PHASE2_CACHE_HIT,200,20637,69,1,69,69,,2018:Canadian Grand Prix:Race,/home/anshumandutta/Downloads/APEX-R_Devsez_Full_Application/phase2_data_foundation/cache/remote/93f57f58c08f7f2d9bfa35518a3bdd97b311ce84e320378949c269749f3de941.bin,24eeeddd2b02b1f6494ae1937af15b54321a6729248cf15fd2be4a185fc24ff1
2018,Canadian Grand Prix,Race,OCO,VERIFIED_IN_SOURCE_DRIVERS_JSON,https://raw.githubusercontent.com/TracingInsights/2018/ec6317adac6786e38b5d35e008f4b87926a3a55c/Canadian%20Grand%20Prix/Race/OCO/laptimes.json,2fe9c3be4ab1cf7e05968789e907cca0e78e648fd694ab40803054471ad1b0a5,PHASE2_CACHE_HIT,200,20564,69,1,69,69,,2018:Canadian Grand Prix:Race,/home/anshumandutta/Downloads/APEX-R_Devsez_Full_Application/phase2_data_foundation/cache/remote/b5ecafbc5dd3de9972ce619cb77b7c2eed2dd96117edc696886210f3516dca53.bin,2fe9c3be4ab1cf7e05968789e907cca0e78e648fd694ab40803054471ad1b0a5
2018,Canadian Grand Prix,Race,PER,VERIFIED_IN_SOURCE_DRIVERS_JSON,https://raw.githubusercontent.com/TracingInsights/2018/ec6317adac6786e38b5d35e008f4b87926a3a55c/Canadian%20Grand%20Prix/Race/PER/laptimes.json,24da3e0a891acee9fa220d7a65bd864986cfab3798b56a2a29af1396b2560ee3,PHASE2_CACHE_HIT,200,20587,69,1,69,69,,2018:Canadian Grand Prix:Race,/home/anshumandutta/Downloads/APEX-R_Devsez_Full_Application/phase2_data_foundation/cache/remote/22ee857b986b00e5fbda83f3caa8b5141e115909c5c90f9fb784cdbdde5c7329.bin,24da3e0a891acee9fa220d7a65bd864986cfab3798b56a2a29af1396b2560ee3
2018,Canadian Grand Prix,Race,RAI,VERIFIED_IN_SOURCE_DRIVERS_JSON,https://raw.githubusercontent.com/TracingInsights/2018/ec6317adac6786e38b5d35e008f4b87926a3a55c/Canadian%20Grand%20Prix/Race/RAI/laptimes.json,b1c6e2be21e5175ccc248cb46c8c86c9de9be861bb5a369d1b193319f6d29696,PHASE2_CACHE_HIT,200,20495,70,1,70,70,,2018:Canadian Grand Prix:Race,/home/anshumandutta/Downloads/APEX-R_Devsez_Full_Application/phase2_data_foundation/cache/remote/5eeb139b89c3669ac3a5e041ae0bac8029014e4aa5fc6c3854ffc1aab1745ff2.bin,b1c6e2be21e5175ccc248cb46c8c86c9de9be861bb5a369d1b193319f6d29696
2018,Canadian Grand Prix,Race,RIC,VERIFIED_IN_SOURCE_DRIVERS_JSON,https://raw.githubusercontent.com/TracingInsights/2018/ec6317adac6786e38b5d35e008f4b87926a3a55c/Canadian%20Grand%20Prix/Race/RIC/laptimes.json,3a4f9e9fc844676d9dc2a3f2878d1ea4e498d993f256abb4c2277ee588e970c2,PHASE2_CACHE_HIT,200,21022,70,1,70,70,,2018:Canadian Grand Prix:Race,/home/anshumandutta/Downloads/APEX-R_Devsez_Full_Application/phase2_data_foundation/cache/remote/b63b63895f6419d1c11ad881be27b26a35830ed07b2ffbdc25eec40863cfa4d4.bin,3a4f9e9fc844676d9dc2a3f2878d1ea4e498d993f256abb4c2277ee588e970c2
2018,Canadian Grand Prix,Race,SAI,VERIFIED_IN_SOURCE_DRIVERS_JSON,https://raw.githubusercontent.com/TracingInsights/2018/ec6317adac6786e38b5d35e008f4b87926a3a55c/Canadian%20Grand%20Prix/Race/SAI/laptimes.json,41c357d9536e6f16283b7e47663fbd2f09b748e25cad598f11415ace4a56d19a,PHASE2_CACHE_HIT,200,20261,69,1,69,69,,2018:Canadian Grand Prix:Race,/home/anshumandutta/Downloads/APEX-R_Devsez_Full_Application/phase2_data_foundation/cache/remote/91d2ce107815f01d8742abfc7127dbc7d508e0a0a5019c9902b6813bf8ae8368.bin,41c357d9536e6f16283b7e47663fbd2f09b748e25cad598f11415ace4a56d19a
2018,Canadian Grand Prix,Race,SIR,VERIFIED_IN_SOURCE_DRIVERS_JSON,https://raw.githubusercontent.com/TracingInsights/2018/ec6317adac6786e38b5d35e008f4b87926a3a55c/Canadian%20Grand%20Prix/Race/SIR/laptimes.json,bc27f040827baa66018490e1e6f56d8c1ec7856c526d91bf38af9013e214becb,PHASE2_CACHE_HIT,200,20077,68,1,68,68,,2018:Canadian Grand Prix:Race,/home/anshumandutta/Downloads/APEX-R_Devsez_Full_Application/phase2_data_foundation/cache/remote/c6d405f196386a6b8e070d14515e00c67dac016853b74d7d6e363c7df8dbb6c7.bin,bc27f040827baa66018490e1e6f56d8c1ec7856c526d91bf38af9013e214becb
2018,Canadian Grand Prix,Race,STR,VERIFIED_IN_SOURCE_DRIVERS_JSON,https://raw.githubusercontent.com/TracingInsights/2018/ec6317adac6786e38b5d35e008f4b87926a3a55c/Canadian%20Grand%20Prix/Race/STR/laptimes.json,d6b1676fba39868b00ddcd85bb9ede5c3249b0ad3111f777aa896ebd45891b9a,PHASE2_CACHE_HIT,200,639,1,1,1,0,,2018:Canadian Grand Prix:Race,/home/anshumandutta/Downloads/APEX-R_Devsez_Full_Application/phase2_data_foundation/cache/remote/48b8cd9724d90437ca23094ba794069d7fdf74d5d39869ca9428e4f9eda68176.bin,d6b1676fba39868b00ddcd85bb9ede5c3249b0ad3111f777aa896ebd45891b9a
2018,Canadian Grand Prix,Race,VAN,VERIFIED_IN_SOURCE_DRIVERS_JSON,https://raw.githubusercontent.com/TracingInsights/2018/ec6317adac6786e38b5d35e008f4b87926a3a55c/Canadian%20Grand%20Prix/Race/VAN/laptimes.json,fef952b6f39b926ec33e0a7a21576676a39262949e635c5cc6811b6f17c57e89,PHASE2_CACHE_HIT,200,19949,68,1,68,68,,2018:Canadian Grand Prix:Race,/home/anshumandutta/Downloads/APEX-R_Devsez_Full_Application/phase2_data_foundation/cache/remote/4a37053979fe3480307af993158f9ded8924ca7750cdde0cb80392c52e5f0d7c.bin,fef952b6f39b926ec33e0a7a21576676a39262949e635c5cc6811b6f17c57e89
2018,Canadian Grand Prix,Race,VER,VERIFIED_IN_SOURCE_DRIVERS_JSON,https://raw.githubusercontent.com/TracingInsights/2018/ec6317adac6786e38b5d35e008f4b87926a3a55c/Canadian%20Grand%20Prix/Race/VER/laptimes.json,d5e4191f855af2412fed1d085957760a420678f4f41fb35b299316119138adcf,PHASE2_CACHE_HIT,200,21088,70,1,70,70,,2018:Canadian Grand Prix:Race,/home/anshumandutta/Downloads/APEX-R_Devsez_Full_Application/phase2_data_foundation/cache/remote/05a93e09a096372bbbb5f6fe2fc0801b68f8a19bb4558325c524ef91a113361c.bin,d5e4191f855af2412fed1d085957760a420678f4f41fb35b299316119138adcf
2018,Canadian Grand Prix,Race,VET,VERIFIED_IN_SOURCE_DRIVERS_JSON,https://raw.githubusercontent.com/TracingInsights/2018/ec6317adac6786e38b5d35e008f4b87926a3a55c/Canadian%20Grand%20Prix/Race/VET/laptimes.json,162a1584087e2c4a616a8f9726d0de89ab4e8d05f446773460a7f57b7adbd3b1,PHASE2_CACHE_HIT,200,20488,70,1,70,70,,2018:Canadian Grand Prix:Race,/home/anshumandutta/Downloads/APEX-R_Devsez_Full_Application/phase2_data_foundation/cache/remote/a528b566bd336fb325eb789c9ec7e073aeb3483d3d134e9eeb02a8cc3cb60cbe.bin,162a1584087e2c4a616a8f9726d0de89ab4e8d05f446773460a7f57b7adbd3b1
2018,Chinese Grand Prix,Race,ALO,VERIFIED_IN_SOURCE_DRIVERS_JSON,https://raw.githubusercontent.com/TracingInsights/2018/ec6317adac6786e38b5d35e008f4b87926a3a55c/Chinese%20Grand%20Prix/Race/ALO/laptimes.json,d5cd4007ae842fa34a2c6461c5ca9be2376a2f126975dc11423239cb269e9e41,PHASE2_CACHE_HIT,200,16381,56,1,56,56,,2018:Chinese Grand Prix:Race,/home/anshumandutta/Downloads/APEX-R_Devsez_Full_Application/phase2_data_foundation/cache/remote/8ab0ea6815bfbf1f8bec7c3c339f8ccf4ac0e760a4427db8c72cb21252108c9c.bin,d5cd4007ae842fa34a2c6461c5ca9be2376a2f126975dc11423239cb269e9e41
2018,Chinese Grand Prix,Race,BOT,VERIFIED_IN_SOURCE_DRIVERS_JSON,https://raw.githubusercontent.com/TracingInsights/2018/ec6317adac6786e38b5d35e008f4b87926a3a55c/Chinese%20Grand%20Prix/Race/BOT/laptimes.json,4f7d6fa0d1a2249e268b69316d071e43821dc2ba4e4673fc11e782e23d3ab0a4,PHASE2_CACHE_HIT,200,16480,56,1,56,56,,2018:Chinese Grand Prix:Race,/home/anshumandutta/Downloads/APEX-R_Devsez_Full_Application/phase2_data_foundation/cache/remote/77ec5cb0c4bcf15bc5b590424a1a49e992c576770f6dc0f2de4633492f093048.bin,4f7d6fa0d1a2249e268b69316d071e43821dc2ba4e4673fc11e782e23d3ab0a4
2018,Chinese Grand Prix,Race,ERI,VERIFIED_IN_SOURCE_DRIVERS_JSON,https://raw.githubusercontent.com/TracingInsights/2018/ec6317adac6786e38b5d35e008f4b87926a3a55c/Chinese%20Grand%20Prix/Race/ERI/laptimes.json,1f1c08e00dc393efb41b2883cf6d50da1e9f6222d0ea0e6507a2edfaf32560c8,PHASE2_CACHE_HIT,200,16332,56,1,56,56,,2018:Chinese Grand Prix:Race,/home/anshumandutta/Downloads/APEX-R_Devsez_Full_Application/phase2_data_foundation/cache/remote/6d18f14eaa530218f337cfcfda679c0534708171a762e5231c5912a01dafe688.bin,1f1c08e00dc393efb41b2883cf6d50da1e9f6222d0ea0e6507a2edfaf32560c8
2018,Chinese Grand Prix,Race,GAS,VERIFIED_IN_SOURCE_DRIVERS_JSON,https://raw.githubusercontent.com/TracingInsights/2018/ec6317adac6786e38b5d35e008f4b87926a3a55c/Chinese%20Grand%20Prix/Race/GAS/laptimes.json,fff77598940307eaa1259cf2d34741811b788bf550a79c1a237ccb4a8dcee614,PHASE2_CACHE_HIT,200,16734,56,1,56,56,,2018:Chinese Grand Prix:Race,/home/anshumandutta/Downloads/APEX-R_Devsez_Full_Application/phase2_data_foundation/cache/remote/2b1650bbff79f71506342825db9483f13bf6ddc0df07aaf3ec3be0fd49ef9d04.bin,fff77598940307eaa1259cf2d34741811b788bf550a79c1a237ccb4a8dcee614
2018,Chinese Grand Prix,Race,GRO,VERIFIED_IN_SOURCE_DRIVERS_JSON,https://raw.githubusercontent.com/TracingInsights/2018/ec6317adac6786e38b5d35e008f4b87926a3a55c/Chinese%20Grand%20Prix/Race/GRO/laptimes.json,15890bdbe1e09a2e9d579e0f1cc83225c6b8b1d7bf64b312c3a2c06c74a22474,PHASE2_CACHE_HIT,200,16956,56,1,56,56,,2018:Chinese Grand Prix:Race,/home/anshumandutta/Downloads/APEX-R_Devsez_Full_Application/phase2_data_foundation/cache/remote/3f03d95c6bc6cce4ab8158d0bb6041141ef0e392aad4291828c3cbb3b8551e26.bin,15890bdbe1e09a2e9d579e0f1cc83225c6b8b1d7bf64b312c3a2c06c74a22474
2018,Chinese Grand Prix,Race,HAM,VERIFIED_IN_SOURCE_DRIVERS_JSON,https://raw.githubusercontent.com/TracingInsights/2018/ec6317adac6786e38b5d35e008f4b87926a3a55c/Chinese%20Grand%20Prix/Race/HAM/laptimes.json,1a1ca519fe31abcaa8e9204918b13ae60210c232701f628a4c28afd74cb27f96,PHASE2_CACHE_HIT,200,16482,56,1,56,56,,2018:Chinese Grand Prix:Race,/home/anshumandutta/Downloads/APEX-R_Devsez_Full_Application/phase2_data_foundation/cache/remote/0e9f262b6fd6740d55bb73be6390c81ecd4faf355d91aec03b1ad5f585e82a51.bin,1a1ca519fe31abcaa8e9204918b13ae60210c232701f628a4c28afd74cb27f96
2018,Chinese Grand Prix,Race,HAR,VERIFIED_IN_SOURCE_DRIVERS_JSON,https://raw.githubusercontent.com/TracingInsights/2018/ec6317adac6786e38b5d35e008f4b87926a3a55c/Chinese%20Grand%20Prix/Race/HAR/laptimes.json,bdc3818389207bd9e60bf83788a4231851338863ef8f3abdeac818cc6bbaa938,PHASE2_CACHE_HIT,200,15393,51,1,51,51,,2018:Chinese Grand Prix:Race,/home/anshumandutta/Downloads/APEX-R_Devsez_Full_Application/phase2_data_foundation/cache/remote/7885c923e8391b0c9b1e36ce2fa4e4a1b764ec634faa689abc61a11773b11c8a.bin,bdc3818389207bd9e60bf83788a4231851338863ef8f3abdeac818cc6bbaa938
2018,Chinese Grand Prix,Race,HUL,VERIFIED_IN_SOURCE_DRIVERS_JSON,https://raw.githubusercontent.com/TracingInsights/2018/ec6317adac6786e38b5d35e008f4b87926a3a55c/Chinese%20Grand%20Prix/Race/HUL/laptimes.json,76a56a6c39235480cca5cfda455ab4aeba0eeea972c7037b0d2ae8e1644c6aa6,PHASE2_CACHE_HIT,200,16634,56,1,56,56,,2018:Chinese Grand Prix:Race,/home/anshumandutta/Downloads/APEX-R_Devsez_Full_Application/phase2_data_foundation/cache/remote/94362fb5fba3fe766508046acbf1cf9fc1bccda66497957205087df6207d7d67.bin,76a56a6c39235480cca5cfda455ab4aeba0eeea972c7037b0d2ae8e1644c6aa6
2018,Chinese Grand Prix,Race,LEC,VERIFIED_IN_SOURCE_DRIVERS_JSON,https://raw.githubusercontent.com/TracingInsights/2018/ec6317adac6786e38b5d35e008f4b87926a3a55c/Chinese%20Grand%20Prix/Race/LEC/laptimes.json,a456c31af0c89c5dba8559f77728479202227b15ef266e7a0de4e37fe233b7e7,PHASE2_CACHE_HIT,200,16394,56,1,56,56,,2018:Chinese Grand Prix:Race,/home/anshumandutta/Downloads/APEX-R_Devsez_Full_Application/phase2_data_foundation/cache/remote/5291b4f734bd73fa201706fa815d81510006ec5be8d5b9c39322cb747c4ce259.bin,a456c31af0c89c5dba8559f77728479202227b15ef266e7a0de4e37fe233b7e7
2018,Chinese Grand Prix,Race,MAG,VERIFIED_IN_SOURCE_DRIVERS_JSON,https://raw.githubusercontent.com/TracingInsights/2018/ec6317adac6786e38b5d35e008f4b87926a3a55c/Chinese%20Grand%20Prix/Race/MAG/laptimes.json,dc305a6d3344697b11894c9c6381ec74ba19b25bff34b9af649d94eb2cd1ccc8,PHASE2_CACHE_HIT,200,16713,56,1,56,56,,2018:Chinese Grand Prix:Race,/home/anshumandutta/Downloads/APEX-R_Devsez_Full_Application/phase2_data_foundation/cache/remote/66f782e64722644c84215256f1a92b4a02794607ef4812e754ee2d42e04b5da1.bin,dc305a6d3344697b11894c9c6381ec74ba19b25bff34b9af649d94eb2cd1ccc8
2018,Chinese Grand Prix,Race,OCO,VERIFIED_IN_SOURCE_DRIVERS_JSON,https://raw.githubusercontent.com/TracingInsights/2018/ec6317adac6786e38b5d35e008f4b87926a3a55c/Chinese%20Grand%20Prix/Race/OCO/laptimes.json,d2396b278d1e070bf7e48cae39b9c4d14efea677d480e1951f1afc70ce59228e,PHASE2_CACHE_HIT,200,16698,56,1,56,56,,2018:Chinese Grand Prix:Race,/home/anshumandutta/Downloads/APEX-R_Devsez_Full_Application/phase2_data_foundation/cache/remote/c75ceba61a3f3dd2987ff3b3ebb1821f72c0e8d5fa842ccf923e2ad8025dde32.bin,d2396b278d1e070bf7e48cae39b9c4d14efea677d480e1951f1afc70ce59228e
2018,Chinese Grand Prix,Race,PER,VERIFIED_IN_SOURCE_DRIVERS_JSON,https://raw.githubusercontent.com/TracingInsights/2018/ec6317adac6786e38b5d35e008f4b87926a3a55c/Chinese%20Grand%20Prix/Race/PER/laptimes.json,d629edf9d57089328edb4c1fe6ca18f94e9027695c99ba4c0b45b0e77fe2787c,PHASE2_CACHE_HIT,200,16919,56,1,56,56,,2018:Chinese Grand Prix:Race,/home/anshumandutta/Downloads/APEX-R_Devsez_Full_Application/phase2_data_foundation/cache/remote/6390d5ada8352fa5c3af73a5c5fda68241c766314cdf5e98e47022761f618f8c.bin,d629edf9d57089328edb4c1fe6ca18f94e9027695c99ba4c0b45b0e77fe2787c
2018,Chinese Grand Prix,Race,RAI,VERIFIED_IN_SOURCE_DRIVERS_JSON,https://raw.githubusercontent.com/TracingInsights/2018/ec6317adac6786e38b5d35e008f4b87926a3a55c/Chinese%20Grand%20Prix/Race/RAI/laptimes.json,3778b087bbb5a0428646197368eed4d601baaf20aff86725a4ad91cdd5bee487,PHASE2_CACHE_HIT,200,16355,56,1,56,56,,2018:Chinese Grand Prix:Race,/home/anshumandutta/Downloads/APEX-R_Devsez_Full_Application/phase2_data_foundation/cache/remote/4292370ac0707a3a18bb8f8316902f483627a5aca30dccaefb89df15bc0b27cb.bin,3778b087bbb5a0428646197368eed4d601baaf20aff86725a4ad91cdd5bee487
2018,Chinese Grand Prix,Race,RIC,VERIFIED_IN_SOURCE_DRIVERS_JSON,https://raw.githubusercontent.com/TracingInsights/2018/ec6317adac6786e38b5d35e008f4b87926a3a55c/Chinese%20Grand%20Prix/Race/RIC/laptimes.json,e1bee2a82ec91880447cc90dea3e179198040cccaa1e4c9cf17530409fcabb39,PHASE2_CACHE_HIT,200,17006,56,1,56,56,,2018:Chinese Grand Prix:Race,/home/anshumandutta/Downloads/APEX-R_Devsez_Full_Application/phase2_data_foundation/cache/remote/66ba4d1e7e01bd0db55a6492fcadd3fb82004c19de60288bd33788d3eec334f7.bin,e1bee2a82ec91880447cc90dea3e179198040cccaa1e4c9cf17530409fcabb39
2018,Chinese Grand Prix,Race,SAI,VERIFIED_IN_SOURCE_DRIVERS_JSON,https://raw.githubusercontent.com/TracingInsights/2018/ec6317adac6786e38b5d35e008f4b87926a3a55c/Chinese%20Grand%20Prix/Race/SAI/laptimes.json,2a5acdfea7346ea1f53900ebe5d695525a330529c6eefedb251d9cdcdbd9e559,PHASE2_CACHE_HIT,200,16657,56,1,56,56,,2018:Chinese Grand Prix:Race,/home/anshumandutta/Downloads/APEX-R_Devsez_Full_Application/phase2_data_foundation/cache/remote/ff2547c4f82be3f5d6ae7acf3baf2659ba2b8aba42d300f0907a6b0f6a5e4bb3.bin,2a5acdfea7346ea1f53900ebe5d695525a330529c6eefedb251d9cdcdbd9e559
2018,Chinese Grand Prix,Race,SIR,VERIFIED_IN_SOURCE_DRIVERS_JSON,https://raw.githubusercontent.com/TracingInsights/2018/ec6317adac6786e38b5d35e008f4b87926a3a55c/Chinese%20Grand%20Prix/Race/SIR/laptimes.json,af18798e333ad8dda7dbbbee3239d9e22f96c7572b025cdfe1d0688091a53e83,PHASE2_CACHE_HIT,200,16502,56,1,56,56,,2018:Chinese Grand Prix:Race,/home/anshumandutta/Downloads/APEX-R_Devsez_Full_Application/phase2_data_foundation/cache/remote/f932c35230f28dd866c9a21f5b6e854bd46eb7697ed78fa584851c9edb8de4c6.bin,af18798e333ad8dda7dbbbee3239d9e22f96c7572b025cdfe1d0688091a53e83
2018,Chinese Grand Prix,Race,STR,VERIFIED_IN_SOURCE_DRIVERS_JSON,https://raw.githubusercontent.com/TracingInsights/2018/ec6317adac6786e38b5d35e008f4b87926a3a55c/Chinese%20Grand%20Prix/Race/STR/laptimes.json,63e904c41dc22c58f3862b2e5f8dd2ffdd3b9534072b50377844744cf6a60044,PHASE2_CACHE_HIT,200,16485,56,1,56,56,,2018:Chinese Grand Prix:Race,/home/anshumandutta/Downloads/APEX-R_Devsez_Full_Application/phase2_data_foundation/cache/remote/6f07e1728e666373337ca5a483ba6cf31dfc2a70225e0bee3c0cd8a39daab536.bin,63e904c41dc22c58f3862b2e5f8dd2ffdd3b9534072b50377844744cf6a60044
2018,Chinese Grand Prix,Race,VAN,VERIFIED_IN_SOURCE_DRIVERS_JSON,https://raw.githubusercontent.com/TracingInsights/2018/ec6317adac6786e38b5d35e008f4b87926a3a55c/Chinese%20Grand%20Prix/Race/VAN/laptimes.json,7df9d53eb834135cdacd992f7519f58bab2bc915feaeb0b615eb8b16d4b765ea,PHASE2_CACHE_HIT,200,16379,56,1,56,56,,2018:Chinese Grand Prix:Race,/home/anshumandutta/Downloads/APEX-R_Devsez_Full_Application/phase2_data_foundation/cache/remote/7bc6b49f2c482b09b2e89ccd0f019b0eb2d4e1b2b66bee7366f3431b62f44023.bin,7df9d53eb834135cdacd992f7519f58bab2bc915feaeb0b615eb8b16d4b765ea
2018,Chinese Grand Prix,Race,VER,VERIFIED_IN_SOURCE_DRIVERS_JSON,https://raw.githubusercontent.com/TracingInsights/2018/ec6317adac6786e38b5d35e008f4b87926a3a55c/Chinese%20Grand%20Prix/Race/VER/laptimes.json,6240f216fb479197a5736d01367912ef90c2ca59e512d22441b4f83238aa028c,PHASE2_CACHE_HIT,200,17067,56,1,56,56,,2018:Chinese Grand Prix:Race,/home/anshumandutta/Downloads/APEX-R_Devsez_Full_Application/phase2_data_foundation/cache/remote/42046e40ed4f6483ab8150dff6fb79b53db501bc1f688c3a73c928953c2d7ae7.bin,6240f216fb479197a5736d01367912ef90c2ca59e512d22441b4f83238aa028c
2018,Chinese Grand Prix,Race,VET,VERIFIED_IN_SOURCE_DRIVERS_JSON,https://raw.githubusercontent.com/TracingInsights/2018/ec6317adac6786e38b5d35e008f4b87926a3a55c/Chinese%20Grand%20Prix/Race/VET/laptimes.json,c05ce3b9ea57224a49679d9cdac0ff4d4d1201067be0d7b9cdc9513f83e427cd,PHASE2_CACHE_HIT,200,16387,56,1,56,56,,2018:Chinese Grand Prix:Race,/home/anshumandutta/Downloads/APEX-R_Devsez_Full_Application/phase2_data_foundation/cache/remote/3ee482043266c0ca20e76d6afece70412053f499a6444f5e6362b905ecb64fa7.bin,c05ce3b9ea57224a49679d9cdac0ff4d4d1201067be0d7b9cdc9513f83e427cd
2018,French Grand Prix,Race,ALO,VERIFIED_IN_SOURCE_DRIVERS_JSON,https://raw.githubusercontent.com/TracingInsights/2018/ec6317adac6786e38b5d35e008f4b87926a3a55c/French%20Grand%20Prix/Race/ALO/laptimes.json,ffc69a780ceebe55dd5343df3797c4efbc09af0ed37c7621a9c5af88c41c0d78,PHASE2_CACHE_HIT,200,14882,51,1,51,51,,2018:French Grand Prix:Race,/home/anshumandutta/Downloads/APEX-R_Devsez_Full_Application/phase2_data_foundation/cache/remote/ce2513f0b389f8be1263a50e8cafba5be6279e1c9f4fa3c5e9afb42e3c3b288b.bin,ffc69a780ceebe55dd5343df3797c4efbc09af0ed37c7621a9c5af88c41c0d78
2018,French Grand Prix,Race,BOT,VERIFIED_IN_SOURCE_DRIVERS_JSON,https://raw.githubusercontent.com/TracingInsights/2018/ec6317adac6786e38b5d35e008f4b87926a3a55c/French%20Grand%20Prix/Race/BOT/laptimes.json,bcb14ae8d249a0c91b3da2342362009d1c5838c6fdee9043219c7e27e9bc8743,PHASE2_CACHE_HIT,200,15491,53,1,53,53,,2018:French Grand Prix:Race,/home/anshumandutta/Downloads/APEX-R_Devsez_Full_Application/phase2_data_foundation/cache/remote/a33ba2b369fbff87509ae43748a7280f2322d1e36672b7c390d834d8f0176c6b.bin,bcb14ae8d249a0c91b3da2342362009d1c5838c6fdee9043219c7e27e9bc8743
2018,French Grand Prix,Race,ERI,VERIFIED_IN_SOURCE_DRIVERS_JSON,https://raw.githubusercontent.com/TracingInsights/2018/ec6317adac6786e38b5d35e008f4b87926a3a55c/French%20Grand%20Prix/Race/ERI/laptimes.json,d7f8440b22571f16242a2d2874369b458136ce072660fedcd36fce83ca3c2850,PHASE2_CACHE_HIT,200,15275,52,1,52,52,,2018:French Grand Prix:Race,/home/anshumandutta/Downloads/APEX-R_Devsez_Full_Application/phase2_data_foundation/cache/remote/698967b484e8e01d6bc0ebe9dee9337398baccb3aab45883a1b7ee69d1b57431.bin,d7f8440b22571f16242a2d2874369b458136ce072660fedcd36fce83ca3c2850
2018,French Grand Prix,Race,GAS,VERIFIED_IN_SOURCE_DRIVERS_JSON,https://raw.githubusercontent.com/TracingInsights/2018/ec6317adac6786e38b5d35e008f4b87926a3a55c/French%20Grand%20Prix/Race/GAS/laptimes.json,f0d23d47cbc819913788cfa334bb23d3ddc31c96b1ea3c40e63d4a50394ade9f,PHASE2_CACHE_HIT,200,643,1,1,1,0,,2018:French Grand Prix:Race,/home/anshumandutta/Downloads/APEX-R_Devsez_Full_Application/phase2_data_foundation/cache/remote/b0c6e251e38628efbb6212a47b48754b6d544fe980339e8736659cafc57f3c04.bin,f0d23d47cbc819913788cfa334bb23d3ddc31c96b1ea3c40e63d4a50394ade9f
2018,French Grand Prix,Race,GRO,VERIFIED_IN_SOURCE_DRIVERS_JSON,https://raw.githubusercontent.com/TracingInsights/2018/ec6317adac6786e38b5d35e008f4b87926a3a55c/French%20Grand%20Prix/Race/GRO/laptimes.json,ba756da94f4fa496adc7d72c9227ff4eb512401ff6c7561be57318dfeea1ddd5,PHASE2_CACHE_HIT,200,15588,52,1,52,52,,2018:French Grand Prix:Race,/home/anshumandutta/Downloads/APEX-R_Devsez_Full_Application/phase2_data_foundation/cache/remote/a071748e0dc2eb6e892fdb4f1af3bbba2e37ba91072e22518cd2eacad2aa6569.bin,ba756da94f4fa496adc7d72c9227ff4eb512401ff6c7561be57318dfeea1ddd5
2018,French Grand Prix,Race,HAM,VERIFIED_IN_SOURCE_DRIVERS_JSON,https://raw.githubusercontent.com/TracingInsights/2018/ec6317adac6786e38b5d35e008f4b87926a3a55c/French%20Grand%20Prix/Race/HAM/laptimes.json,46224583cc385663c51cde409e1bf7f1127e23315a5dd45147f677d79f39a871,PHASE2_CACHE_HIT,200,15587,53,1,53,53,,2018:French Grand Prix:Race,/home/anshumandutta/Downloads/APEX-R_Devsez_Full_Application/phase2_data_foundation/cache/remote/b759509af1d2a0711f3c089aba556c4d8bdc66924c9f696d085fcc5b5f6bafb7.bin,46224583cc385663c51cde409e1bf7f1127e23315a5dd45147f677d79f39a871
2018,French Grand Prix,Race,HAR,VERIFIED_IN_SOURCE_DRIVERS_JSON,https://raw.githubusercontent.com/TracingInsights/2018/ec6317adac6786e38b5d35e008f4b87926a3a55c/French%20Grand%20Prix/Race/HAR/laptimes.json,2da0ad643a95f14c40b098549cab9866df9edb0d012659a0d85c9d152e66c24e,PHASE2_CACHE_HIT,200,15538,52,1,52,52,,2018:French Grand Prix:Race,/home/anshumandutta/Downloads/APEX-R_Devsez_Full_Application/phase2_data_foundation/cache/remote/8f2613460c5b6224a5fddee439997651670b61e81b4c3981b4cb3c7180abe4bd.bin,2da0ad643a95f14c40b098549cab9866df9edb0d012659a0d85c9d152e66c24e
2018,French Grand Prix,Race,HUL,VERIFIED_IN_SOURCE_DRIVERS_JSON,https://raw.githubusercontent.com/TracingInsights/2018/ec6317adac6786e38b5d35e008f4b87926a3a55c/French%20Grand%20Prix/Race/HUL/laptimes.json,f73d70e7585ba94dbc95f7051b67a963e3b05ecf79eb57cdaf8556c6e3a34542,PHASE2_CACHE_HIT,200,15438,53,1,53,53,,2018:French Grand Prix:Race,/home/anshumandutta/Downloads/APEX-R_Devsez_Full_Application/phase2_data_foundation/cache/remote/926b2ed10e31693aa15582a6cbd949a1c9dcca3621dea39ffb32abdcb79b914d.bin,f73d70e7585ba94dbc95f7051b67a963e3b05ecf79eb57cdaf8556c6e3a34542
2018,French Grand Prix,Race,LEC,VERIFIED_IN_SOURCE_DRIVERS_JSON,https://raw.githubusercontent.com/TracingInsights/2018/ec6317adac6786e38b5d35e008f4b87926a3a55c/French%20Grand%20Prix/Race/LEC/laptimes.json,8b13a0aa0711da47340e3334f38a9deb2a3f86e710262ba997226ed34e05f0d2,PHASE2_CACHE_HIT,200,15606,53,1,53,53,,2018:French Grand Prix:Race,/home/anshumandutta/Downloads/APEX-R_Devsez_Full_Application/phase2_data_foundation/cache/remote/8779d057378938f3ce4211f6f15e974c9cd2ed56c1224849b0769e424e3cb7be.bin,8b13a0aa0711da47340e3334f38a9deb2a3f86e710262ba997226ed34e05f0d2
2018,French Grand Prix,Race,MAG,VERIFIED_IN_SOURCE_DRIVERS_JSON,https://raw.githubusercontent.com/TracingInsights/2018/ec6317adac6786e38b5d35e008f4b87926a3a55c/French%20Grand%20Prix/Race/MAG/laptimes.json,0dc3aaef52ea27c9f48ee7e3abd8c7469ab2a4510331aff9de43545a40dc7150,PHASE2_CACHE_HIT,200,15761,53,1,53,53,,2018:French Grand Prix:Race,/home/anshumandutta/Downloads/APEX-R_Devsez_Full_Application/phase2_data_foundation/cache/remote/decdb45d5548c36c69f2acb7ec461cc5f97f63e60a9f84f1576f555cff0a2906.bin,0dc3aaef52ea27c9f48ee7e3abd8c7469ab2a4510331aff9de43545a40dc7150
2018,French Grand Prix,Race,OCO,VERIFIED_IN_SOURCE_DRIVERS_JSON,https://raw.githubusercontent.com/TracingInsights/2018/ec6317adac6786e38b5d35e008f4b87926a3a55c/French%20Grand%20Prix/Race/OCO/laptimes.json,cb7142eba3f002f550e5e2bc803785d3e7c671f79e0f7c0d9952c3b6d75c0983,PHASE2_CACHE_HIT,200,644,1,1,1,0,,2018:French Grand Prix:Race,/home/anshumandutta/Downloads/APEX-R_Devsez_Full_Application/phase2_data_foundation/cache/remote/3d3813c3e12620eece336c0d75b6b0c8f892c8a45febde73149a4aff279de96a.bin,cb7142eba3f002f550e5e2bc803785d3e7c671f79e0f7c0d9952c3b6d75c0983
2018,French Grand Prix,Race,PER,VERIFIED_IN_SOURCE_DRIVERS_JSON,https://raw.githubusercontent.com/TracingInsights/2018/ec6317adac6786e38b5d35e008f4b87926a3a55c/French%20Grand%20Prix/Race/PER/laptimes.json,3a9384567eb393fa63fba885acb94099c244cf6755b2a270fbbeae926ca913fe,PHASE2_CACHE_HIT,200,8392,28,1,28,28,,2018:French Grand Prix:Race,/home/anshumandutta/Downloads/APEX-R_Devsez_Full_Application/phase2_data_foundation/cache/remote/9f527de831075812908f8201004503ab41399b9280d792f528aa63ff991f688a.bin,3a9384567eb393fa63fba885acb94099c244cf6755b2a270fbbeae926ca913fe
2018,French Grand Prix,Race,RAI,VERIFIED_IN_SOURCE_DRIVERS_JSON,https://raw.githubusercontent.com/TracingInsights/2018/ec6317adac6786e38b5d35e008f4b87926a3a55c/French%20Grand%20Prix/Race/RAI/laptimes.json,b539b3ebb81d56a9b09c86208991d9d18fb159851438ca06e9c49c0451cd2558,PHASE2_CACHE_HIT,200,15565,53,1,53,53,,2018:French Grand Prix:Race,/home/anshumandutta/Downloads/APEX-R_Devsez_Full_Application/phase2_data_foundation/cache/remote/a33c456df8b4a6b2c31437e44702191aff0fc1e2c13526facc606d1127ba7343.bin,b539b3ebb81d56a9b09c86208991d9d18fb159851438ca06e9c49c0451cd2558
2018,French Grand Prix,Race,RIC,VERIFIED_IN_SOURCE_DRIVERS_JSON,https://raw.githubusercontent.com/TracingInsights/2018/ec6317adac6786e38b5d35e008f4b87926a3a55c/French%20Grand%20Prix/Race/RIC/laptimes.json,8ac4bb5ecf9a83a129868a5ab80703f937cd8d0717f346d3aa3c0be87612170f,PHASE2_CACHE_HIT,200,15875,53,1,53,53,,2018:French Grand Prix:Race,/home/anshumandutta/Downloads/APEX-R_Devsez_Full_Application/phase2_data_foundation/cache/remote/a6173bb35aa1e7c24a4bc506ffe38d1ee2ae59627761a6c8cd1a5882bafaa0e0.bin,8ac4bb5ecf9a83a129868a5ab80703f937cd8d0717f346d3aa3c0be87612170f
2018,French Grand Prix,Race,SAI,VERIFIED_IN_SOURCE_DRIVERS_JSON,https://raw.githubusercontent.com/TracingInsights/2018/ec6317adac6786e38b5d35e008f4b87926a3a55c/French%20Grand%20Prix/Race/SAI/laptimes.json,51d099e781c76197347a40e429e3589185734379ac879fa9d8949387cbe4b85d,PHASE2_CACHE_HIT,200,15509,53,1,53,53,,2018:French Grand Prix:Race,/home/anshumandutta/Downloads/APEX-R_Devsez_Full_Application/phase2_data_foundation/cache/remote/026af6038676ed381caab0d5c0d374d7841f8188baa905ba603b3b56465ee344.bin,51d099e781c76197347a40e429e3589185734379ac879fa9d8949387cbe4b85d
2018,French Grand Prix,Race,SIR,VERIFIED_IN_SOURCE_DRIVERS_JSON,https://raw.githubusercontent.com/TracingInsights/2018/ec6317adac6786e38b5d35e008f4b87926a3a55c/French%20Grand%20Prix/Race/SIR/laptimes.json,2582487f1597ee39bd9c638be63213f151457412c78735bdef5e7cf9600008fc,PHASE2_CACHE_HIT,200,15445,52,1,52,52,,2018:French Grand Prix:Race,/home/anshumandutta/Downloads/APEX-R_Devsez_Full_Application/phase2_data_foundation/cache/remote/fdbf8a1c2bbf670e76dbec00bb107920aba2b0cc48d36145a96078a3a390fb90.bin,2582487f1597ee39bd9c638be63213f151457412c78735bdef5e7cf9600008fc
2018,French Grand Prix,Race,STR,VERIFIED_IN_SOURCE_DRIVERS_JSON,https://raw.githubusercontent.com/TracingInsights/2018/ec6317adac6786e38b5d35e008f4b87926a3a55c/French%20Grand%20Prix/Race/STR/laptimes.json,d35c0c14e351f6309078cdf7f666f12b0a15bbd4eae8fc9f9124b13b55de251e,PHASE2_CACHE_HIT,200,14311,49,1,49,48,,2018:French Grand Prix:Race,/home/anshumandutta/Downloads/APEX-R_Devsez_Full_Application/phase2_data_foundation/cache/remote/6541e248044770ba04eeb37d7dc7964ced03d9a0c7355a4ee5c81fedaa871670.bin,d35c0c14e351f6309078cdf7f666f12b0a15bbd4eae8fc9f9124b13b55de251e
2018,French Grand Prix,Race,VAN,VERIFIED_IN_SOURCE_DRIVERS_JSON,https://raw.githubusercontent.com/TracingInsights/2018/ec6317adac6786e38b5d35e008f4b87926a3a55c/French%20Grand%20Prix/Race/VAN/laptimes.json,9738f470307a653013296f01a2d1825e760df99832ab1f746b9fae5c4d3e084c,PHASE2_CACHE_HIT,200,15310,52,1,52,52,,2018:French Grand Prix:Race,/home/anshumandutta/Downloads/APEX-R_Devsez_Full_Application/phase2_data_foundation/cache/remote/9ee73ab4d60473f45c29bf40f55b79f2301750c5ff273fa399601ccc3aa8e2db.bin,9738f470307a653013296f01a2d1825e760df99832ab1f746b9fae5c4d3e084c
2018,French Grand Prix,Race,VER,VERIFIED_IN_SOURCE_DRIVERS_JSON,https://raw.githubusercontent.com/TracingInsights/2018/ec6317adac6786e38b5d35e008f4b87926a3a55c/French%20Grand%20Prix/Race/VER/laptimes.json,f61bf6981e978fc39a8ab09a64f4fab9db27423c12a97552dafa232a0750e514,PHASE2_CACHE_HIT,200,15912,53,1,53,53,,2018:French Grand Prix:Race,/home/anshumandutta/Downloads/APEX-R_Devsez_Full_Application/phase2_data_foundation/cache/remote/0c959f0903c4a93d043a4fc4b0e900c1a3e806d19ea5f2b992c736989fda5a8c.bin,f61bf6981e978fc39a8ab09a64f4fab9db27423c12a97552dafa232a0750e514
2018,French Grand Prix,Race,VET,VERIFIED_IN_SOURCE_DRIVERS_JSON,https://raw.githubusercontent.com/TracingInsights/2018/ec6317adac6786e38b5d35e008f4b87926a3a55c/French%20Grand%20Prix/Race/VET/laptimes.json,a57704de94fe7718229ff166c7bc5fa069ed046d269c375004777d3063ec1945,PHASE2_CACHE_HIT,200,15391,53,1,53,53,,2018:French Grand Prix:Race,/home/anshumandutta/Downloads/APEX-R_Devsez_Full_Application/phase2_data_foundation/cache/remote/8458f8464141d8ae5dd4744ede07f1b6591e51e9fa9dca4ea97d1cac918aef82.bin,a57704de94fe7718229ff166c7bc5fa069ed046d269c375004777d3063ec1945
2018,German Grand Prix,Race,ALO,VERIFIED_IN_SOURCE_DRIVERS_JSON,https://raw.githubusercontent.com/TracingInsights/2018/ec6317adac6786e38b5d35e008f4b87926a3a55c/German%20Grand%20Prix/Race/ALO/laptimes.json,ae23b9d35a0116271961e8e49718eeaf3f54c9deb59326e355d26aea3d4ae9ec,PHASE2_CACHE_HIT,200,19032,65,1,65,65,,2018:German Grand Prix:Race,/home/anshumandutta/Downloads/APEX-R_Devsez_Full_Application/phase2_data_foundation/cache/remote/a80bf8a8d5eecad1b11edde60664493c3670aaaece4d8e59b93ac09bdd77ecdd.bin,ae23b9d35a0116271961e8e49718eeaf3f54c9deb59326e355d26aea3d4ae9ec
2018,German Grand Prix,Race,BOT,VERIFIED_IN_SOURCE_DRIVERS_JSON,https://raw.githubusercontent.com/TracingInsights/2018/ec6317adac6786e38b5d35e008f4b87926a3a55c/German%20Grand%20Prix/Race/BOT/laptimes.json,9732f4fa914ab65b604cbc91a55e9a1bf9a1e1beb54fdff33931d4bee1661d20,PHASE2_CACHE_HIT,200,19746,67,1,67,67,,2018:German Grand Prix:Race,/home/anshumandutta/Downloads/APEX-R_Devsez_Full_Application/phase2_data_foundation/cache/remote/cf28661e85761ab721489f94b72331fbd98d93b3c5c895256c59afda8386ee0c.bin,9732f4fa914ab65b604cbc91a55e9a1bf9a1e1beb54fdff33931d4bee1661d20
2018,German Grand Prix,Race,ERI,VERIFIED_IN_SOURCE_DRIVERS_JSON,https://raw.githubusercontent.com/TracingInsights/2018/ec6317adac6786e38b5d35e008f4b87926a3a55c/German%20Grand%20Prix/Race/ERI/laptimes.json,53ebbd1ba9ddbd7bf5df5dac31c85df23140b367444d34679a01017e36ea9ac7,PHASE2_CACHE_HIT,200,19521,67,1,67,67,,2018:German Grand Prix:Race,/home/anshumandutta/Downloads/APEX-R_Devsez_Full_Application/phase2_data_foundation/cache/remote/79900b0c89627de5d683e6a03de6dcd0faba0f7d903cea742ede1305714b80ab.bin,53ebbd1ba9ddbd7bf5df5dac31c85df23140b367444d34679a01017e36ea9ac7
2018,German Grand Prix,Race,GAS,VERIFIED_IN_SOURCE_DRIVERS_JSON,https://raw.githubusercontent.com/TracingInsights/2018/ec6317adac6786e38b5d35e008f4b87926a3a55c/German%20Grand%20Prix/Race/GAS/laptimes.json,af3c3b179e520bdc1f331da8f4e7e380f019f9b163e4a714fd7287757236769b,PHASE2_CACHE_HIT,200,19574,66,1,66,66,,2018:German Grand Prix:Race,/home/anshumandutta/Downloads/APEX-R_Devsez_Full_Application/phase2_data_foundation/cache/remote/5c2850c26985bd336d5b60e7944f73e308ce0883e26c32201a039e0a41d5c6cc.bin,af3c3b179e520bdc1f331da8f4e7e380f019f9b163e4a714fd7287757236769b
2018,German Grand Prix,Race,GRO,VERIFIED_IN_SOURCE_DRIVERS_JSON,https://raw.githubusercontent.com/TracingInsights/2018/ec6317adac6786e38b5d35e008f4b87926a3a55c/German%20Grand%20Prix/Race/GRO/laptimes.json,1191a0beb4fdd9f00b5e7214a3f29628c2f38960f4cbff941834201fea9537fe,PHASE2_CACHE_HIT,200,20030,67,1,67,67,,2018:German Grand Prix:Race,/home/anshumandutta/Downloads/APEX-R_Devsez_Full_Application/phase2_data_foundation/cache/remote/3ed8aee61ae57c437f577c390dd2f6925822cad6eab7bf4d8ba70008f4e3c684.bin,1191a0beb4fdd9f00b5e7214a3f29628c2f38960f4cbff941834201fea9537fe
2018,German Grand Prix,Race,HAM,VERIFIED_IN_SOURCE_DRIVERS_JSON,https://raw.githubusercontent.com/TracingInsights/2018/ec6317adac6786e38b5d35e008f4b87926a3a55c/German%20Grand%20Prix/Race/HAM/laptimes.json,5db14ec830f2636a678db7b2a95cdd2563459f7bca4c5d0ce91b5c1cf9f108c8,PHASE2_CACHE_HIT,200,19642,67,1,67,67,,2018:German Grand Prix:Race,/home/anshumandutta/Downloads/APEX-R_Devsez_Full_Application/phase2_data_foundation/cache/remote/ab897a0846f22fd424b7c100d6c9fb525ba72dd7651a97eb1680eb1031d19b28.bin,5db14ec830f2636a678db7b2a95cdd2563459f7bca4c5d0ce91b5c1cf9f108c8
2018,German Grand Prix,Race,HAR,VERIFIED_IN_SOURCE_DRIVERS_JSON,https://raw.githubusercontent.com/TracingInsights/2018/ec6317adac6786e38b5d35e008f4b87926a3a55c/German%20Grand%20Prix/Race/HAR/laptimes.json,8669feff5b009cdba79ceceb90e379d09df33f69ea40efd435aaef668395a122,PHASE2_CACHE_HIT,200,19839,67,1,67,67,,2018:German Grand Prix:Race,/home/anshumandutta/Downloads/APEX-R_Devsez_Full_Application/phase2_data_foundation/cache/remote/bd76b9cac50ddb8e7b10f3e90d20a116add3246a489340fd501dea132225b0b9.bin,8669feff5b009cdba79ceceb90e379d09df33f69ea40efd435aaef668395a122
2018,German Grand Prix,Race,HUL,VERIFIED_IN_SOURCE_DRIVERS_JSON,https://raw.githubusercontent.com/TracingInsights/2018/ec6317adac6786e38b5d35e008f4b87926a3a55c/German%20Grand%20Prix/Race/HUL/laptimes.json,9efb6f5a196b9ce30d97b9e5e7f74c3980dc1ed1dc7f132dc6408e6d111c061c,PHASE2_CACHE_HIT,200,19730,67,1,67,67,,2018:German Grand Prix:Race,/home/anshumandutta/Downloads/APEX-R_Devsez_Full_Application/phase2_data_foundation/cache/remote/f62e27ffd7efed10dd5245a618f95fd568c45a51e15c778d3918b7e519abaab6.bin,9efb6f5a196b9ce30d97b9e5e7f74c3980dc1ed1dc7f132dc6408e6d111c061c
2018,German Grand Prix,Race,LEC,VERIFIED_IN_SOURCE_DRIVERS_JSON,https://raw.githubusercontent.com/TracingInsights/2018/ec6317adac6786e38b5d35e008f4b87926a3a55c/German%20Grand%20Prix/Race/LEC/laptimes.json,7a055cb150758c6c612a2dea408add40a952cf2ba6ee8159f2992e3fe33ba155,PHASE2_CACHE_HIT,200,19440,66,1,66,66,,2018:German Grand Prix:Race,/home/anshumandutta/Downloads/APEX-R_Devsez_Full_Application/phase2_data_foundation/cache/remote/60a76732110ae3967370112a95ebcdfb9619b2bab46de3c5b1c56195d0a3e8cc.bin,7a055cb150758c6c612a2dea408add40a952cf2ba6ee8159f2992e3fe33ba155
2018,German Grand Prix,Race,MAG,VERIFIED_IN_SOURCE_DRIVERS_JSON,https://raw.githubusercontent.com/TracingInsights/2018/ec6317adac6786e38b5d35e008f4b87926a3a55c/German%20Grand%20Prix/Race/MAG/laptimes.json,2c54b13b0c60f27bf1f868251a79cc56b295c2685f7223129a25452d4a00a034,PHASE2_CACHE_HIT,200,20100,67,1,67,67,,2018:German Grand Prix:Race,/home/anshumandutta/Downloads/APEX-R_Devsez_Full_Application/phase2_data_foundation/cache/remote/db82a1554591e0df228166f037d3abd4c73c0343de1edacd7e3f26c1d1175591.bin,2c54b13b0c60f27bf1f868251a79cc56b295c2685f7223129a25452d4a00a034
2018,German Grand Prix,Race,OCO,VERIFIED_IN_SOURCE_DRIVERS_JSON,https://raw.githubusercontent.com/TracingInsights/2018/ec6317adac6786e38b5d35e008f4b87926a3a55c/German%20Grand%20Prix/Race/OCO/laptimes.json,570b55ba22978fd22c63f741f32b8267fea3214261c9f2d87e7cc848ff8798bf,PHASE2_CACHE_HIT,200,19895,67,1,67,67,,2018:German Grand Prix:Race,/home/anshumandutta/Downloads/APEX-R_Devsez_Full_Application/phase2_data_foundation/cache/remote/342ce72b8d94be052b8ea75205f9f5912a3b79dd4c2ffb23618d2bbdb2b69d90.bin,570b55ba22978fd22c63f741f32b8267fea3214261c9f2d87e7cc848ff8798bf
2018,German Grand Prix,Race,PER,VERIFIED_IN_SOURCE_DRIVERS_JSON,https://raw.githubusercontent.com/TracingInsights/2018/ec6317adac6786e38b5d35e008f4b87926a3a55c/German%20Grand%20Prix/Race/PER/laptimes.json,3cd0ad821f9ccbf2e14bc0d1fdf28e256a9cb8cd84669ce7ee8e27f90b0ce4b1,PHASE2_CACHE_HIT,200,19849,67,1,67,67,,2018:German Grand Prix:Race,/home/anshumandutta/Downloads/APEX-R_Devsez_Full_Application/phase2_data_foundation/cache/remote/5870d274aa193748c596a9cf526c7fcb7fe59855662600bb5fe1f56eb67eb38d.bin,3cd0ad821f9ccbf2e14bc0d1fdf28e256a9cb8cd84669ce7ee8e27f90b0ce4b1
2018,German Grand Prix,Race,RAI,VERIFIED_IN_SOURCE_DRIVERS_JSON,https://raw.githubusercontent.com/TracingInsights/2018/ec6317adac6786e38b5d35e008f4b87926a3a55c/German%20Grand%20Prix/Race/RAI/laptimes.json,9e332147d16120e5dd22d7baa19258d4e58d114e89aee3569146bcd32bcb77d1,PHASE2_CACHE_HIT,200,19536,67,1,67,67,,2018:German Grand Prix:Race,/home/anshumandutta/Downloads/APEX-R_Devsez_Full_Application/phase2_data_foundation/cache/remote/ea1fea38a6d0e5af7534d9f84394181c58f63474baedb9d1ec44f4e370d2dfc4.bin,9e332147d16120e5dd22d7baa19258d4e58d114e89aee3569146bcd32bcb77d1
2018,German Grand Prix,Race,RIC,VERIFIED_IN_SOURCE_DRIVERS_JSON,https://raw.githubusercontent.com/TracingInsights/2018/ec6317adac6786e38b5d35e008f4b87926a3a55c/German%20Grand%20Prix/Race/RIC/laptimes.json,5cd7d475a968956b0bbcb7a8f0a33b0f12c3c87120d23f369e7fa5ca96e67cfe,PHASE2_CACHE_HIT,200,8637,28,1,28,27,,2018:German Grand Prix:Race,/home/anshumandutta/Downloads/APEX-R_Devsez_Full_Application/phase2_data_foundation/cache/remote/bfd55151f6cc889a1d98ebcc31e2379feab2d87857961ca238a7639d3c3e83cf.bin,5cd7d475a968956b0bbcb7a8f0a33b0f12c3c87120d23f369e7fa5ca96e67cfe
2018,German Grand Prix,Race,SAI,VERIFIED_IN_SOURCE_DRIVERS_JSON,https://raw.githubusercontent.com/TracingInsights/2018/ec6317adac6786e38b5d35e008f4b87926a3a55c/German%20Grand%20Prix/Race/SAI/laptimes.json,8005436bd0c7ebba01dec2e8a973c051fd2078bd607cc18621005a1097ce3385,PHASE2_CACHE_HIT,200,19791,67,1,67,67,,2018:German Grand Prix:Race,/home/anshumandutta/Downloads/APEX-R_Devsez_Full_Application/phase2_data_foundation/cache/remote/7e683b0383e4b289d6faade0aaf08c6c609bc82dcc21671c815f7f8254921c6d.bin,8005436bd0c7ebba01dec2e8a973c051fd2078bd607cc18621005a1097ce3385
2018,German Grand Prix,Race,SIR,VERIFIED_IN_SOURCE_DRIVERS_JSON,https://raw.githubusercontent.com/TracingInsights/2018/ec6317adac6786e38b5d35e008f4b87926a3a55c/German%20Grand%20Prix/Race/SIR/laptimes.json,fe6be4b5f6f65fbf0b0ac27e4a925e801ee68139ff502139e0c74c217134b323,PHASE2_CACHE_HIT,200,15068,51,1,51,51,,2018:German Grand Prix:Race,/home/anshumandutta/Downloads/APEX-R_Devsez_Full_Application/phase2_data_foundation/cache/remote/e5ccff2e5f06b0f603ec37a326c5a09ca77291bbd42f44fe8c2f4b78c19cb375.bin,fe6be4b5f6f65fbf0b0ac27e4a925e801ee68139ff502139e0c74c217134b323
2018,German Grand Prix,Race,STR,VERIFIED_IN_SOURCE_DRIVERS_JSON,https://raw.githubusercontent.com/TracingInsights/2018/ec6317adac6786e38b5d35e008f4b87926a3a55c/German%20Grand%20Prix/Race/STR/laptimes.json,397abc36c71a1d0d74f10dca85bb1380f19df4abd011413d5ee14f7d0cb6119f,PHASE2_CACHE_HIT,200,15665,53,1,53,53,,2018:German Grand Prix:Race,/home/anshumandutta/Downloads/APEX-R_Devsez_Full_Application/phase2_data_foundation/cache/remote/af64e90630ffae61b44ae8eb8db47895a23c89bd1b223dbc2bec25fddc81acb6.bin,397abc36c71a1d0d74f10dca85bb1380f19df4abd011413d5ee14f7d0cb6119f
2018,German Grand Prix,Race,VAN,VERIFIED_IN_SOURCE_DRIVERS_JSON,https://raw.githubusercontent.com/TracingInsights/2018/ec6317adac6786e38b5d35e008f4b87926a3a55c/German%20Grand%20Prix/Race/VAN/laptimes.json,29abd22b4e3e0359bca03585ff37ed28cf8471312ba0f02e44fb4ad3ae4ec5d4,PHASE2_CACHE_HIT,200,19581,67,1,67,67,,2018:German Grand Prix:Race,/home/anshumandutta/Downloads/APEX-R_Devsez_Full_Application/phase2_data_foundation/cache/remote/d4d239da86491acf7b44987e5a19a4be930a3f1be68efc04208ff0d7610e133f.bin,29abd22b4e3e0359bca03585ff37ed28cf8471312ba0f02e44fb4ad3ae4ec5d4
2018,German Grand Prix,Race,VER,VERIFIED_IN_SOURCE_DRIVERS_JSON,https://raw.githubusercontent.com/TracingInsights/2018/ec6317adac6786e38b5d35e008f4b87926a3a55c/German%20Grand%20Prix/Race/VER/laptimes.json,297ffd75e7fb1bd9fab4ec2ef327abe36f4193533c22bfa4a838962a704be788,PHASE2_CACHE_HIT,200,20308,67,1,67,67,,2018:German Grand Prix:Race,/home/anshumandutta/Downloads/APEX-R_Devsez_Full_Application/phase2_data_foundation/cache/remote/1fea1733c8fc43f6bdb97160a83c7fd3acdc16e63e85efe05bf5b4bb1f021bf1.bin,297ffd75e7fb1bd9fab4ec2ef327abe36f4193533c22bfa4a838962a704be788
2018,German Grand Prix,Race,VET,VERIFIED_IN_SOURCE_DRIVERS_JSON,https://raw.githubusercontent.com/TracingInsights/2018/ec6317adac6786e38b5d35e008f4b87926a3a55c/German%20Grand%20Prix/Race/VET/laptimes.json,135b3f67ed458380e55d8ad674eb6295e5fb60d40947f5d645231b1b70b5bfc3,PHASE2_CACHE_HIT,200,15312,52,1,52,51,,2018:German Grand Prix:Race,/home/anshumandutta/Downloads/APEX-R_Devsez_Full_Application/phase2_data_foundation/cache/remote/c53290e5f89bb45c15ff8abc6e27b0de6ff89a8734ebc9cfe917a6a4f42bff9c.bin,135b3f67ed458380e55d8ad674eb6295e5fb60d40947f5d645231b1b70b5bfc3
2018,Hungarian Grand Prix,Race,ALO,VERIFIED_IN_SOURCE_DRIVERS_JSON,https://raw.githubusercontent.com/TracingInsights/2018/ec6317adac6786e38b5d35e008f4b87926a3a55c/Hungarian%20Grand%20Prix/Race/ALO/laptimes.json,d810ed5f62e702cb95fc7bf86313524d0f8f4e436f16a5ad97f90f6c0b80c78d,PHASE2_CACHE_HIT,200,19956,69,1,69,69,,2018:Hungarian Grand Prix:Race,/home/anshumandutta/Downloads/APEX-R_Devsez_Full_Application/phase2_data_foundation/cache/remote/c5f2eec363b04f96d20866c0102b1edb7b591ede16b00379cbfcb027737737ec.bin,d810ed5f62e702cb95fc7bf86313524d0f8f4e436f16a5ad97f90f6c0b80c78d
2018,Hungarian Grand Prix,Race,BOT,VERIFIED_IN_SOURCE_DRIVERS_JSON,https://raw.githubusercontent.com/TracingInsights/2018/ec6317adac6786e38b5d35e008f4b87926a3a55c/Hungarian%20Grand%20Prix/Race/BOT/laptimes.json,b1bfc684bd6379704319c20896da7798d7c61d6021e5de450749dbc00fdedda5,PHASE2_CACHE_HIT,200,20331,70,1,70,70,,2018:Hungarian Grand Prix:Race,/home/anshumandutta/Downloads/APEX-R_Devsez_Full_Application/phase2_data_foundation/cache/remote/a1ebd984ce4109b593cbbe09b7d5fecdccfb3bb62d3bd23e5f755153b6451ffe.bin,b1bfc684bd6379704319c20896da7798d7c61d6021e5de450749dbc00fdedda5
2018,Hungarian Grand Prix,Race,ERI,VERIFIED_IN_SOURCE_DRIVERS_JSON,https://raw.githubusercontent.com/TracingInsights/2018/ec6317adac6786e38b5d35e008f4b87926a3a55c/Hungarian%20Grand%20Prix/Race/ERI/laptimes.json,6550d05a68aaf6c580fb8f8effdd1d2fca109a967eb8c4100639be6c83841625,PHASE2_CACHE_HIT,200,19704,68,1,68,68,,2018:Hungarian Grand Prix:Race,/home/anshumandutta/Downloads/APEX-R_Devsez_Full_Application/phase2_data_foundation/cache/remote/da05be4c13a9bfcd542268664125777bb8c7c06fc480dcade26e0d9eece1bfb6.bin,6550d05a68aaf6c580fb8f8effdd1d2fca109a967eb8c4100639be6c83841625
2018,Hungarian Grand Prix,Race,GAS,VERIFIED_IN_SOURCE_DRIVERS_JSON,https://raw.githubusercontent.com/TracingInsights/2018/ec6317adac6786e38b5d35e008f4b87926a3a55c/Hungarian%20Grand%20Prix/Race/GAS/laptimes.json,b3e41023caf071e8ea371983b806c537809ec69d53eec4c9458c1efa144eb1d1,PHASE2_CACHE_HIT,200,20519,70,1,70,70,,2018:Hungarian Grand Prix:Race,/home/anshumandutta/Downloads/APEX-R_Devsez_Full_Application/phase2_data_foundation/cache/remote/45f3c5aa2cdf94afd544ad29c3be219ea47d3cc1a1609541da7d79b8f86cdfea.bin,b3e41023caf071e8ea371983b806c537809ec69d53eec4c9458c1efa144eb1d1
2018,Hungarian Grand Prix,Race,GRO,VERIFIED_IN_SOURCE_DRIVERS_JSON,https://raw.githubusercontent.com/TracingInsights/2018/ec6317adac6786e38b5d35e008f4b87926a3a55c/Hungarian%20Grand%20Prix/Race/GRO/laptimes.json,38d30c8e3676f9dce93ea9c14a9b5941a22c67124cc8a2d6e909965c10236026,PHASE2_CACHE_HIT,200,20361,69,1,69,69,,2018:Hungarian Grand Prix:Race,/home/anshumandutta/Downloads/APEX-R_Devsez_Full_Application/phase2_data_foundation/cache/remote/0c0298d243d257d8a7df244b8ec8cdae8144f2abc63f49f05730fab5df94dac2.bin,38d30c8e3676f9dce93ea9c14a9b5941a22c67124cc8a2d6e909965c10236026
2018,Hungarian Grand Prix,Race,HAM,VERIFIED_IN_SOURCE_DRIVERS_JSON,https://raw.githubusercontent.com/TracingInsights/2018/ec6317adac6786e38b5d35e008f4b87926a3a55c/Hungarian%20Grand%20Prix/Race/HAM/laptimes.json,92b2eb6767c7f9c39a9e630a041094202fcfd5b587968c12311ba4559c3a3b9d,PHASE2_CACHE_HIT,200,20383,70,1,70,70,,2018:Hungarian Grand Prix:Race,/home/anshumandutta/Downloads/APEX-R_Devsez_Full_Application/phase2_data_foundation/cache/remote/021cef20a9a204b0ea4b02b4476364d7fe5fd446f4d84d7b7b813119018d6843.bin,92b2eb6767c7f9c39a9e630a041094202fcfd5b587968c12311ba4559c3a3b9d
2018,Hungarian Grand Prix,Race,HAR,VERIFIED_IN_SOURCE_DRIVERS_JSON,https://raw.githubusercontent.com/TracingInsights/2018/ec6317adac6786e38b5d35e008f4b87926a3a55c/Hungarian%20Grand%20Prix/Race/HAR/laptimes.json,aab915023c897c234ea05fb78e7f4e94fe55810e54f6b102f7c7677e890af5d3,PHASE2_CACHE_HIT,200,20354,69,1,69,69,,2018:Hungarian Grand Prix:Race,/home/anshumandutta/Downloads/APEX-R_Devsez_Full_Application/phase2_data_foundation/cache/remote/e277a364b7ff177aff07b912e50e512f8255d04dd528b29734597a857bac5d40.bin,aab915023c897c234ea05fb78e7f4e94fe55810e54f6b102f7c7677e890af5d3
2018,Hungarian Grand Prix,Race,HUL,VERIFIED_IN_SOURCE_DRIVERS_JSON,https://raw.githubusercontent.com/TracingInsights/2018/ec6317adac6786e38b5d35e008f4b87926a3a55c/Hungarian%20Grand%20Prix/Race/HUL/laptimes.json,c373674f9dc25e172be2e2fb1079f0f17807195789a475785b080575e4020725,PHASE2_CACHE_HIT,200,20104,69,1,69,69,,2018:Hungarian Grand Prix:Race,/home/anshumandutta/Downloads/APEX-R_Devsez_Full_Application/phase2_data_foundation/cache/remote/4d76769afbb72599edfc8418a4b6f20439fa25151e6839e8274d1dc8e0124cae.bin,c373674f9dc25e172be2e2fb1079f0f17807195789a475785b080575e4020725
2018,Hungarian Grand Prix,Race,LEC,VERIFIED_IN_SOURCE_DRIVERS_JSON,https://raw.githubusercontent.com/TracingInsights/2018/ec6317adac6786e38b5d35e008f4b87926a3a55c/Hungarian%20Grand%20Prix/Race/LEC/laptimes.json,47cc2d68b2dd0609443c2bba7df348393a182ec37823fc417daf9fe36994242b,PHASE2_CACHE_HIT,200,635,1,1,1,0,,2018:Hungarian Grand Prix:Race,/home/anshumandutta/Downloads/APEX-R_Devsez_Full_Application/phase2_data_foundation/cache/remote/d0e17409accca6786991db1ab839e9bb9446093ff781c3ba8921c44992305a50.bin,47cc2d68b2dd0609443c2bba7df348393a182ec37823fc417daf9fe36994242b
2018,Hungarian Grand Prix,Race,MAG,VERIFIED_IN_SOURCE_DRIVERS_JSON,https://raw.githubusercontent.com/TracingInsights/2018/ec6317adac6786e38b5d35e008f4b87926a3a55c/Hungarian%20Grand%20Prix/Race/MAG/laptimes.json,25e77468c2c5fd0346c820c7f5d8920719c84e1716260412f02d4c8a439d87aa,PHASE2_CACHE_HIT,200,20392,69,1,69,69,,2018:Hungarian Grand Prix:Race,/home/anshumandutta/Downloads/APEX-R_Devsez_Full_Application/phase2_data_foundation/cache/remote/dde1ade99b2c86c97446963910162b1c858ad0a14a828aa55acbc4eeef201d74.bin,25e77468c2c5fd0346c820c7f5d8920719c84e1716260412f02d4c8a439d87aa
2018,Hungarian Grand Prix,Race,OCO,VERIFIED_IN_SOURCE_DRIVERS_JSON,https://raw.githubusercontent.com/TracingInsights/2018/ec6317adac6786e38b5d35e008f4b87926a3a55c/Hungarian%20Grand%20Prix/Race/OCO/laptimes.json,a5c3683893678691fdcef2465737d2eb8eeed92435f1dc5bf06f781802270b0d,PHASE2_CACHE_HIT,200,20380,69,1,69,69,,2018:Hungarian Grand Prix:Race,/home/anshumandutta/Downloads/APEX-R_Devsez_Full_Application/phase2_data_foundation/cache/remote/7436101908b4f15d5add32cb0f589753266afe8bc12f2b4a12b2c539d3218988.bin,a5c3683893678691fdcef2465737d2eb8eeed92435f1dc5bf06f781802270b0d
2018,Hungarian Grand Prix,Race,PER,VERIFIED_IN_SOURCE_DRIVERS_JSON,https://raw.githubusercontent.com/TracingInsights/2018/ec6317adac6786e38b5d35e008f4b87926a3a55c/Hungarian%20Grand%20Prix/Race/PER/laptimes.json,79fa6d3c85ae4627c6c35ba6ccdc2627ee503496ef3aafd1b39f8d4e612fb811,PHASE2_CACHE_HIT,200,20346,69,1,69,69,,2018:Hungarian Grand Prix:Race,/home/anshumandutta/Downloads/APEX-R_Devsez_Full_Application/phase2_data_foundation/cache/remote/d342e3c70c69156fc91373cfdc9feaace9c7b3f933681861e125c4502d85fe28.bin,79fa6d3c85ae4627c6c35ba6ccdc2627ee503496ef3aafd1b39f8d4e612fb811
2018,Hungarian Grand Prix,Race,RAI,VERIFIED_IN_SOURCE_DRIVERS_JSON,https://raw.githubusercontent.com/TracingInsights/2018/ec6317adac6786e38b5d35e008f4b87926a3a55c/Hungarian%20Grand%20Prix/Race/RAI/laptimes.json,20023be7f83950266ba48b6fe06adf73e0227d8d09cb9cafd8d0153715d08684,PHASE2_CACHE_HIT,200,20191,70,1,70,70,,2018:Hungarian Grand Prix:Race,/home/anshumandutta/Downloads/APEX-R_Devsez_Full_Application/phase2_data_foundation/cache/remote/47c31c25b6e8381df440ff0ba0eadca45834856cb5a8dbb28e85a93f187cb2b4.bin,20023be7f83950266ba48b6fe06adf73e0227d8d09cb9cafd8d0153715d08684
2018,Hungarian Grand Prix,Race,RIC,VERIFIED_IN_SOURCE_DRIVERS_JSON,https://raw.githubusercontent.com/TracingInsights/2018/ec6317adac6786e38b5d35e008f4b87926a3a55c/Hungarian%20Grand%20Prix/Race/RIC/laptimes.json,2eb145e5ec88d149a387cf359720544abbd4c55c74a207994555150b5c2575cf,PHASE2_CACHE_HIT,200,20820,70,1,70,70,,2018:Hungarian Grand Prix:Race,/home/anshumandutta/Downloads/APEX-R_Devsez_Full_Application/phase2_data_foundation/cache/remote/9445a0a78f39100779a214b811a79bfa5851e54cef2f1445523169e8de644986.bin,2eb145e5ec88d149a387cf359720544abbd4c55c74a207994555150b5c2575cf
2018,Hungarian Grand Prix,Race,SAI,VERIFIED_IN_SOURCE_DRIVERS_JSON,https://raw.githubusercontent.com/TracingInsights/2018/ec6317adac6786e38b5d35e008f4b87926a3a55c/Hungarian%20Grand%20Prix/Race/SAI/laptimes.json,f2a42b35377805d223cdfed18a982bb37e5a4e4a5a4f37146ec88554cfccc3e7,PHASE2_CACHE_HIT,200,19982,69,1,69,69,,2018:Hungarian Grand Prix:Race,/home/anshumandutta/Downloads/APEX-R_Devsez_Full_Application/phase2_data_foundation/cache/remote/3dacc62d55c2b1ee9773277f707c3d0386b7179886e611a6f344632d422f8651.bin,f2a42b35377805d223cdfed18a982bb37e5a4e4a5a4f37146ec88554cfccc3e7
2018,Hungarian Grand Prix,Race,SIR,VERIFIED_IN_SOURCE_DRIVERS_JSON,https://raw.githubusercontent.com/TracingInsights/2018/ec6317adac6786e38b5d35e008f4b87926a3a55c/Hungarian%20Grand%20Prix/Race/SIR/laptimes.json,758e3faf7b6cdfec32e992b6f5f9bb1844c83f5ece27eda50596ac5446543058,PHASE2_CACHE_HIT,200,19811,68,1,68,68,,2018:Hungarian Grand Prix:Race,/home/anshumandutta/Downloads/APEX-R_Devsez_Full_Application/phase2_data_foundation/cache/remote/5ea06bfa121e8dea3318fe9739d5dc5d6b06240766114d3dc7fdc99cc937fb8f.bin,758e3faf7b6cdfec32e992b6f5f9bb1844c83f5ece27eda50596ac5446543058
2018,Hungarian Grand Prix,Race,STR,VERIFIED_IN_SOURCE_DRIVERS_JSON,https://raw.githubusercontent.com/TracingInsights/2018/ec6317adac6786e38b5d35e008f4b87926a3a55c/Hungarian%20Grand%20Prix/Race/STR/laptimes.json,afd0138582d3eb9836caa496139ebc8e88962aa640814cc7e8731fa937f0d606,PHASE2_CACHE_HIT,200,19945,68,1,68,68,,2018:Hungarian Grand Prix:Race,/home/anshumandutta/Downloads/APEX-R_Devsez_Full_Application/phase2_data_foundation/cache/remote/e78f8a396fff5a53b763bd3dbfe0265fbcee5b78ffdad48de16e341b493aa5e3.bin,afd0138582d3eb9836caa496139ebc8e88962aa640814cc7e8731fa937f0d606
2018,Hungarian Grand Prix,Race,VAN,VERIFIED_IN_SOURCE_DRIVERS_JSON,https://raw.githubusercontent.com/TracingInsights/2018/ec6317adac6786e38b5d35e008f4b87926a3a55c/Hungarian%20Grand%20Prix/Race/VAN/laptimes.json,40122729fae53519db604f58317c7d2d20bca89a5b012a4cf76c647a4f5d2c16,PHASE2_CACHE_HIT,200,14496,50,1,50,49,,2018:Hungarian Grand Prix:Race,/home/anshumandutta/Downloads/APEX-R_Devsez_Full_Application/phase2_data_foundation/cache/remote/f2492f8080d915f774437787c1af42cf37e7ea84d5bb17a542111841622547e0.bin,40122729fae53519db604f58317c7d2d20bca89a5b012a4cf76c647a4f5d2c16
2018,Hungarian Grand Prix,Race,VER,VERIFIED_IN_SOURCE_DRIVERS_JSON,https://raw.githubusercontent.com/TracingInsights/2018/ec6317adac6786e38b5d35e008f4b87926a3a55c/Hungarian%20Grand%20Prix/Race/VER/laptimes.json,1b8d267edba70669683854064e1ccb51b09b4e2dc8913cdef17f8c56ec0eadca,PHASE2_CACHE_HIT,200,2114,6,1,6,5,,2018:Hungarian Grand Prix:Race,/home/anshumandutta/Downloads/APEX-R_Devsez_Full_Application/phase2_data_foundation/cache/remote/e4b8809abf79babb2d12b6b15dc8b494c1ee1d43f10e88ed9d07c8fb1bd283bc.bin,1b8d267edba70669683854064e1ccb51b09b4e2dc8913cdef17f8c56ec0eadca
2018,Hungarian Grand Prix,Race,VET,VERIFIED_IN_SOURCE_DRIVERS_JSON,https://raw.githubusercontent.com/TracingInsights/2018/ec6317adac6786e38b5d35e008f4b87926a3a55c/Hungarian%20Grand%20Prix/Race/VET/laptimes.json,13a620fab413ac94e110155fd20a1e9d8700ddde9e36638d81182a24885a5f07,PHASE2_CACHE_HIT,200,20260,70,1,70,70,,2018:Hungarian Grand Prix:Race,/home/anshumandutta/Downloads/APEX-R_Devsez_Full_Application/phase2_data_foundation/cache/remote/88e9f432b0220cedd9dd4f7cea6ad3828b3829dc7f3e2cf3d66ff263993cae56.bin,13a620fab413ac94e110155fd20a1e9d8700ddde9e36638d81182a24885a5f07
2018,Japanese Grand Prix,Race,ALO,VERIFIED_IN_SOURCE_DRIVERS_JSON,https://raw.githubusercontent.com/TracingInsights/2018/ec6317adac6786e38b5d35e008f4b87926a3a55c/Japanese%20Grand%20Prix/Race/ALO/laptimes.json,65db77c0c262011a3a3d4d301f6a39eb1aaf15b27ebd358342c8760be1d3c381,PHASE2_CACHE_HIT,200,15272,52,1,52,52,,2018:Japanese Grand Prix:Race,/home/anshumandutta/Downloads/APEX-R_Devsez_Full_Application/phase2_data_foundation/cache/remote/b41a8e246541d1995154f10e56b8b7379de0ad5471f0f0f5dfcee94c0b8d43c5.bin,65db77c0c262011a3a3d4d301f6a39eb1aaf15b27ebd358342c8760be1d3c381
2018,Japanese Grand Prix,Race,BOT,VERIFIED_IN_SOURCE_DRIVERS_JSON,https://raw.githubusercontent.com/TracingInsights/2018/ec6317adac6786e38b5d35e008f4b87926a3a55c/Japanese%20Grand%20Prix/Race/BOT/laptimes.json,2b44e2b7663ea67997445cf9eed8f0826d826a2f7071047e74ad44ce6f00cbf4,PHASE2_CACHE_HIT,200,15582,53,1,53,53,,2018:Japanese Grand Prix:Race,/home/anshumandutta/Downloads/APEX-R_Devsez_Full_Application/phase2_data_foundation/cache/remote/1bf6e4733f98e2a210857891ee859c9a465f29e9a18a9816ce61c41110e2ad6a.bin,2b44e2b7663ea67997445cf9eed8f0826d826a2f7071047e74ad44ce6f00cbf4
2018,Japanese Grand Prix,Race,ERI,VERIFIED_IN_SOURCE_DRIVERS_JSON,https://raw.githubusercontent.com/TracingInsights/2018/ec6317adac6786e38b5d35e008f4b87926a3a55c/Japanese%20Grand%20Prix/Race/ERI/laptimes.json,55b9fb0e87335324e9c4492c9c2bff2550c5915a7c650f823740de2824e9ece5,PHASE2_CACHE_HIT,200,15203,52,1,52,52,,2018:Japanese Grand Prix:Race,/home/anshumandutta/Downloads/APEX-R_Devsez_Full_Application/phase2_data_foundation/cache/remote/8cc8f4ba076ced8798cc36e9f06572418e70f7898fa1584c24028a60aedf8509.bin,55b9fb0e87335324e9c4492c9c2bff2550c5915a7c650f823740de2824e9ece5
2018,Japanese Grand Prix,Race,GAS,VERIFIED_IN_SOURCE_DRIVERS_JSON,https://raw.githubusercontent.com/TracingInsights/2018/ec6317adac6786e38b5d35e008f4b87926a3a55c/Japanese%20Grand%20Prix/Race/GAS/laptimes.json,7e075a30fade605720dfbb1f00a30f9551a26805644a25c7304963dd9cce5fc4,PHASE2_CACHE_HIT,200,15517,52,1,52,52,,2018:Japanese Grand Prix:Race,/home/anshumandutta/Downloads/APEX-R_Devsez_Full_Application/phase2_data_foundation/cache/remote/3e973fbad42a7a0e5a8c0579090f1214a67a8276c9f95193def21e9621c0c936.bin,7e075a30fade605720dfbb1f00a30f9551a26805644a25c7304963dd9cce5fc4
2018,Japanese Grand Prix,Race,GRO,VERIFIED_IN_SOURCE_DRIVERS_JSON,https://raw.githubusercontent.com/TracingInsights/2018/ec6317adac6786e38b5d35e008f4b87926a3a55c/Japanese%20Grand%20Prix/Race/GRO/laptimes.json,c4aff6f2e003620353d3931fdcd096922a2d5af92d49e5eda3f170df457bcf12,PHASE2_CACHE_HIT,200,15743,53,1,53,53,,2018:Japanese Grand Prix:Race,/home/anshumandutta/Downloads/APEX-R_Devsez_Full_Application/phase2_data_foundation/cache/remote/fff6e10ff244d24d3f6976d6f5def8cf085ba4c74bd793901894073d1cf3e662.bin,c4aff6f2e003620353d3931fdcd096922a2d5af92d49e5eda3f170df457bcf12
2018,Japanese Grand Prix,Race,HAM,VERIFIED_IN_SOURCE_DRIVERS_JSON,https://raw.githubusercontent.com/TracingInsights/2018/ec6317adac6786e38b5d35e008f4b87926a3a55c/Japanese%20Grand%20Prix/Race/HAM/laptimes.json,2cf48458f016b0782dd1db33da8fbece71b53ebb4ed13732ec99f7d230f0d466,PHASE2_CACHE_HIT,200,15597,53,1,53,53,,2018:Japanese Grand Prix:Race,/home/anshumandutta/Downloads/APEX-R_Devsez_Full_Application/phase2_data_foundation/cache/remote/ff3e31d49d7b7c7c0b3e5da24dc122b31b17907ab5658a5cc9192aa0cfee5e5f.bin,2cf48458f016b0782dd1db33da8fbece71b53ebb4ed13732ec99f7d230f0d466
2018,Japanese Grand Prix,Race,HAR,VERIFIED_IN_SOURCE_DRIVERS_JSON,https://raw.githubusercontent.com/TracingInsights/2018/ec6317adac6786e38b5d35e008f4b87926a3a55c/Japanese%20Grand%20Prix/Race/HAR/laptimes.json,601a2c302650e523117340220d53808d175b11042c4f9757bf22b0c3f7114a29,PHASE2_CACHE_HIT,200,15535,52,1,52,52,,2018:Japanese Grand Prix:Race,/home/anshumandutta/Downloads/APEX-R_Devsez_Full_Application/phase2_data_foundation/cache/remote/457ca9252df31e6546b5aabfa278b0aa8b1356aad9d6a54a37de88cf7e295586.bin,601a2c302650e523117340220d53808d175b11042c4f9757bf22b0c3f7114a29
2018,Japanese Grand Prix,Race,HUL,VERIFIED_IN_SOURCE_DRIVERS_JSON,https://raw.githubusercontent.com/TracingInsights/2018/ec6317adac6786e38b5d35e008f4b87926a3a55c/Japanese%20Grand%20Prix/Race/HUL/laptimes.json,5b8032bdc03c84d1912de3c8fe1a73074d041cd594d36d43264db1c64bee9e7c,PHASE2_CACHE_HIT,200,10972,37,1,37,37,,2018:Japanese Grand Prix:Race,/home/anshumandutta/Downloads/APEX-R_Devsez_Full_Application/phase2_data_foundation/cache/remote/8674cc841ea0b4aa6fa842c94834c3d1b31359fb707083fc53b8741b06191ffc.bin,5b8032bdc03c84d1912de3c8fe1a73074d041cd594d36d43264db1c64bee9e7c
2018,Japanese Grand Prix,Race,LEC,VERIFIED_IN_SOURCE_DRIVERS_JSON,https://raw.githubusercontent.com/TracingInsights/2018/ec6317adac6786e38b5d35e008f4b87926a3a55c/Japanese%20Grand%20Prix/Race/LEC/laptimes.json,da2459abc34da696a0759a7dbbd3d4303a5678b6042368cbe2cf916f5906d196,PHASE2_CACHE_HIT,200,11531,39,1,39,38,,2018:Japanese Grand Prix:Race,/home/anshumandutta/Downloads/APEX-R_Devsez_Full_Application/phase2_data_foundation/cache/remote/8906b25d66ada4e65234f753ef89d52ec7d7a1ee05315215b109d6bf967f9071.bin,da2459abc34da696a0759a7dbbd3d4303a5678b6042368cbe2cf916f5906d196
2018,Japanese Grand Prix,Race,MAG,VERIFIED_IN_SOURCE_DRIVERS_JSON,https://raw.githubusercontent.com/TracingInsights/2018/ec6317adac6786e38b5d35e008f4b87926a3a55c/Japanese%20Grand%20Prix/Race/MAG/laptimes.json,cc0b435bd7f632c6c20d5972c471c43cb12a4580a4dc115ce88638d678f72f75,PHASE2_CACHE_HIT,200,2699,8,1,8,8,,2018:Japanese Grand Prix:Race,/home/anshumandutta/Downloads/APEX-R_Devsez_Full_Application/phase2_data_foundation/cache/remote/cc62211ef8ff833c6f1b61d701ddd7bebeebd6d14b72549308b1195fbca4a2ff.bin,cc0b435bd7f632c6c20d5972c471c43cb12a4580a4dc115ce88638d678f72f75
2018,Japanese Grand Prix,Race,OCO,VERIFIED_IN_SOURCE_DRIVERS_JSON,https://raw.githubusercontent.com/TracingInsights/2018/ec6317adac6786e38b5d35e008f4b87926a3a55c/Japanese%20Grand%20Prix/Race/OCO/laptimes.json,3d09483b7c7853c708eefe8ac729abf14e238318333ad7c9e6f345a51787343e,PHASE2_CACHE_HIT,200,15926,53,1,53,53,,2018:Japanese Grand Prix:Race,/home/anshumandutta/Downloads/APEX-R_Devsez_Full_Application/phase2_data_foundation/cache/remote/ea24b07c298c4e4bf30fdc4b3108c63d343d107a0fb2fb410ce67cebc175c672.bin,3d09483b7c7853c708eefe8ac729abf14e238318333ad7c9e6f345a51787343e
2018,Japanese Grand Prix,Race,PER,VERIFIED_IN_SOURCE_DRIVERS_JSON,https://raw.githubusercontent.com/TracingInsights/2018/ec6317adac6786e38b5d35e008f4b87926a3a55c/Japanese%20Grand%20Prix/Race/PER/laptimes.json,1d2d11726be22532600368c63fb5d2470bb0ffb864a51530d838a16bf463f51b,PHASE2_CACHE_HIT,200,15859,53,1,53,53,,2018:Japanese Grand Prix:Race,/home/anshumandutta/Downloads/APEX-R_Devsez_Full_Application/phase2_data_foundation/cache/remote/b194f53dc4afbdeedad57a93ec9a2f1846ce8c09a13a560e383528a73faca7df.bin,1d2d11726be22532600368c63fb5d2470bb0ffb864a51530d838a16bf463f51b
2018,Japanese Grand Prix,Race,RAI,VERIFIED_IN_SOURCE_DRIVERS_JSON,https://raw.githubusercontent.com/TracingInsights/2018/ec6317adac6786e38b5d35e008f4b87926a3a55c/Japanese%20Grand%20Prix/Race/RAI/laptimes.json,077e753f7639d1ce0b7de78ec7b2b3013ef4f262bf788b35a3bf3803de04d3d4,PHASE2_CACHE_HIT,200,15549,53,1,53,53,,2018:Japanese Grand Prix:Race,/home/anshumandutta/Downloads/APEX-R_Devsez_Full_Application/phase2_data_foundation/cache/remote/857b8e90b51fb76056366000635c417b1afc23be481ce5be5b0ea2899908ba1c.bin,077e753f7639d1ce0b7de78ec7b2b3013ef4f262bf788b35a3bf3803de04d3d4
2018,Japanese Grand Prix,Race,RIC,VERIFIED_IN_SOURCE_DRIVERS_JSON,https://raw.githubusercontent.com/TracingInsights/2018/ec6317adac6786e38b5d35e008f4b87926a3a55c/Japanese%20Grand%20Prix/Race/RIC/laptimes.json,322e05ccc862d905353fea4eef4a18cec70147d2d82e39148d26d8393c48806f,PHASE2_CACHE_HIT,200,15890,53,1,53,53,,2018:Japanese Grand Prix:Race,/home/anshumandutta/Downloads/APEX-R_Devsez_Full_Application/phase2_data_foundation/cache/remote/e97967f97b1cea7674124925721e5aee93c6ec21add564476b0fcb0955d4a599.bin,322e05ccc862d905353fea4eef4a18cec70147d2d82e39148d26d8393c48806f
2018,Japanese Grand Prix,Race,SAI,VERIFIED_IN_SOURCE_DRIVERS_JSON,https://raw.githubusercontent.com/TracingInsights/2018/ec6317adac6786e38b5d35e008f4b87926a3a55c/Japanese%20Grand%20Prix/Race/SAI/laptimes.json,716c2224b3cacfd3389548c5368fe6eb8971828b2d6d5e61886374348c14e9a3,PHASE2_CACHE_HIT,200,15241,52,1,52,52,,2018:Japanese Grand Prix:Race,/home/anshumandutta/Downloads/APEX-R_Devsez_Full_Application/phase2_data_foundation/cache/remote/4c79f064b6f1a7b0324c2288308568f2fe9ee60018d1a4912b37e926294b69b6.bin,716c2224b3cacfd3389548c5368fe6eb8971828b2d6d5e61886374348c14e9a3
2018,Japanese Grand Prix,Race,SIR,VERIFIED_IN_SOURCE_DRIVERS_JSON,https://raw.githubusercontent.com/TracingInsights/2018/ec6317adac6786e38b5d35e008f4b87926a3a55c/Japanese%20Grand%20Prix/Race/SIR/laptimes.json,e5ecdc36d8dc5a56ff3ed3b6df9d4f5ae77e161b58ff3b46d67afe38c704e56d,PHASE2_CACHE_HIT,200,15402,52,1,52,52,,2018:Japanese Grand Prix:Race,/home/anshumandutta/Downloads/APEX-R_Devsez_Full_Application/phase2_data_foundation/cache/remote/8ae86160c0c804316ccd9089a0466fae7d281ba8e313057253e99497f84b99b3.bin,e5ecdc36d8dc5a56ff3ed3b6df9d4f5ae77e161b58ff3b46d67afe38c704e56d
2018,Japanese Grand Prix,Race,STR,VERIFIED_IN_SOURCE_DRIVERS_JSON,https://raw.githubusercontent.com/TracingInsights/2018/ec6317adac6786e38b5d35e008f4b87926a3a55c/Japanese%20Grand%20Prix/Race/STR/laptimes.json,ad54311e7c9d70bb95c1114b452d98db4ff3caf2cf25bc1f041bf1f6b5169762,PHASE2_CACHE_HIT,200,15374,52,1,52,52,,2018:Japanese Grand Prix:Race,/home/anshumandutta/Downloads/APEX-R_Devsez_Full_Application/phase2_data_foundation/cache/remote/5bba2cbec548d259e0b1213f27f329a86391e24f1e1b7103722a2d9eb88fa839.bin,ad54311e7c9d70bb95c1114b452d98db4ff3caf2cf25bc1f041bf1f6b5169762
2018,Japanese Grand Prix,Race,VAN,VERIFIED_IN_SOURCE_DRIVERS_JSON,https://raw.githubusercontent.com/TracingInsights/2018/ec6317adac6786e38b5d35e008f4b87926a3a55c/Japanese%20Grand%20Prix/Race/VAN/laptimes.json,11f4bac053e7e2f350ebfa71c25715c78464d16e7abc4fb055e731b8366e8120,PHASE2_CACHE_HIT,200,15233,52,1,52,52,,2018:Japanese Grand Prix:Race,/home/anshumandutta/Downloads/APEX-R_Devsez_Full_Application/phase2_data_foundation/cache/remote/de5a221466c254ee9ca9ebff8aaa734c6838605c2b352d5c2eae490af2c2ee50.bin,11f4bac053e7e2f350ebfa71c25715c78464d16e7abc4fb055e731b8366e8120
2018,Japanese Grand Prix,Race,VER,VERIFIED_IN_SOURCE_DRIVERS_JSON,https://raw.githubusercontent.com/TracingInsights/2018/ec6317adac6786e38b5d35e008f4b87926a3a55c/Japanese%20Grand%20Prix/Race/VER/laptimes.json,f63713c695d3c59fe338d61889273c31add7a3f7702ef92f854cb559e6f30705,PHASE2_CACHE_HIT,200,15984,53,1,53,53,,2018:Japanese Grand Prix:Race,/home/anshumandutta/Downloads/APEX-R_Devsez_Full_Application/phase2_data_foundation/cache/remote/be99902c3b17e3700f488ec89dd88146994f32635bfd8d4a9b353c4c75d31e35.bin,f63713c695d3c59fe338d61889273c31add7a3f7702ef92f854cb559e6f30705
2018,Japanese Grand Prix,Race,VET,VERIFIED_IN_SOURCE_DRIVERS_JSON,https://raw.githubusercontent.com/TracingInsights/2018/ec6317adac6786e38b5d35e008f4b87926a3a55c/Japanese%20Grand%20Prix/Race/VET/laptimes.json,0831a2944bd9fbbb3d3b99e6a820a91fde618d930952aef07bd4d76a874bb5f9,PHASE2_CACHE_HIT,200,15575,53,1,53,53,,2018:Japanese Grand Prix:Race,/home/anshumandutta/Downloads/APEX-R_Devsez_Full_Application/phase2_data_foundation/cache/remote/395aa4bb625b33dee084e8194554e71cbd374f9e623242548ac575e10d1a9aa7.bin,0831a2944bd9fbbb3d3b99e6a820a91fde618d930952aef07bd4d76a874bb5f9
2018,Mexican Grand Prix,Race,ALO,VERIFIED_IN_SOURCE_DRIVERS_JSON,https://raw.githubusercontent.com/TracingInsights/2018/ec6317adac6786e38b5d35e008f4b87926a3a55c/Mexican%20Grand%20Prix/Race/ALO/laptimes.json,f910032e3c94309d50b026ec635e854fcd8645001b1878d1102695ae68ced2d9,PHASE2_CACHE_HIT,200,1506,4,1,4,3,,2018:Mexican Grand Prix:Race,/home/anshumandutta/Downloads/APEX-R_Devsez_Full_Application/phase2_data_foundation/cache/remote/170a750c52bddc7efb2ccf24c5b02ea8abee6856580e48b563d643bfd5686f5a.bin,f910032e3c94309d50b026ec635e854fcd8645001b1878d1102695ae68ced2d9
2018,Mexican Grand Prix,Race,BOT,VERIFIED_IN_SOURCE_DRIVERS_JSON,https://raw.githubusercontent.com/TracingInsights/2018/ec6317adac6786e38b5d35e008f4b87926a3a55c/Mexican%20Grand%20Prix/Race/BOT/laptimes.json,fee38d56c16c4363d8cc3ac15a3b2c6dfb48ce7907f082310b09caedc4a350d4,PHASE2_CACHE_HIT,200,20667,70,1,70,70,,2018:Mexican Grand Prix:Race,/home/anshumandutta/Downloads/APEX-R_Devsez_Full_Application/phase2_data_foundation/cache/remote/99c381fbef78baec5a65708375e4e4d16a14377492b1c1e5fb148ac27da84161.bin,fee38d56c16c4363d8cc3ac15a3b2c6dfb48ce7907f082310b09caedc4a350d4
2018,Mexican Grand Prix,Race,ERI,VERIFIED_IN_SOURCE_DRIVERS_JSON,https://raw.githubusercontent.com/TracingInsights/2018/ec6317adac6786e38b5d35e008f4b87926a3a55c/Mexican%20Grand%20Prix/Race/ERI/laptimes.json,a815c4c135d1f6c1269598f9b8df9ce843e6aa4354e87ba758e2d0fb89152254,PHASE2_CACHE_HIT,200,20222,69,1,69,69,,2018:Mexican Grand Prix:Race,/home/anshumandutta/Downloads/APEX-R_Devsez_Full_Application/phase2_data_foundation/cache/remote/8688b71309e033a1f5198bbdd5cf9489213d024fe79b28868c04a44352f2a791.bin,a815c4c135d1f6c1269598f9b8df9ce843e6aa4354e87ba758e2d0fb89152254
2018,Mexican Grand Prix,Race,GAS,VERIFIED_IN_SOURCE_DRIVERS_JSON,https://raw.githubusercontent.com/TracingInsights/2018/ec6317adac6786e38b5d35e008f4b87926a3a55c/Mexican%20Grand%20Prix/Race/GAS/laptimes.json,62324f59fde895b490911a0300d04949a2c5bb6f2be08adcc2bec5b9c2f27bb7,PHASE2_CACHE_HIT,200,20555,69,1,69,69,,2018:Mexican Grand Prix:Race,/home/anshumandutta/Downloads/APEX-R_Devsez_Full_Application/phase2_data_foundation/cache/remote/44873907e61336b7a0b8b92de74f242399d91b48d79b2437a6f0a839ba4c6352.bin,62324f59fde895b490911a0300d04949a2c5bb6f2be08adcc2bec5b9c2f27bb7
2018,Mexican Grand Prix,Race,GRO,VERIFIED_IN_SOURCE_DRIVERS_JSON,https://raw.githubusercontent.com/TracingInsights/2018/ec6317adac6786e38b5d35e008f4b87926a3a55c/Mexican%20Grand%20Prix/Race/GRO/laptimes.json,97794c87c68c622be94c3a4dba1b8322fd92b8c10aa15660c8797b7c3ec6c0f2,PHASE2_CACHE_HIT,200,20328,68,1,68,68,,2018:Mexican Grand Prix:Race,/home/anshumandutta/Downloads/APEX-R_Devsez_Full_Application/phase2_data_foundation/cache/remote/bb86e843c7928433dab5468d1321e37fb8459abfe2059e7485917295be39d0e9.bin,97794c87c68c622be94c3a4dba1b8322fd92b8c10aa15660c8797b7c3ec6c0f2
2018,Mexican Grand Prix,Race,HAM,VERIFIED_IN_SOURCE_DRIVERS_JSON,https://raw.githubusercontent.com/TracingInsights/2018/ec6317adac6786e38b5d35e008f4b87926a3a55c/Mexican%20Grand%20Prix/Race/HAM/laptimes.json,857f0340418dcc5b68485e7279cb16ffbd8244df3147eb58a225375cc91f0eae,PHASE2_CACHE_HIT,200,20959,71,1,71,71,,2018:Mexican Grand Prix:Race,/home/anshumandutta/Downloads/APEX-R_Devsez_Full_Application/phase2_data_foundation/cache/remote/f78bc081d24d7a51d592f242049378995deea6407774d6b105855d971d489532.bin,857f0340418dcc5b68485e7279cb16ffbd8244df3147eb58a225375cc91f0eae
2018,Mexican Grand Prix,Race,HAR,VERIFIED_IN_SOURCE_DRIVERS_JSON,https://raw.githubusercontent.com/TracingInsights/2018/ec6317adac6786e38b5d35e008f4b87926a3a55c/Mexican%20Grand%20Prix/Race/HAR/laptimes.json,cff0f9bc779c28a18b12ac0331946fe46c9f4eb897f3a32ba94998bc484d0661,PHASE2_CACHE_HIT,200,20546,69,1,69,69,,2018:Mexican Grand Prix:Race,/home/anshumandutta/Downloads/APEX-R_Devsez_Full_Application/phase2_data_foundation/cache/remote/578de38f5b8fcec8685266c46b28920c40caa46c28e3902235f488ad001121e4.bin,cff0f9bc779c28a18b12ac0331946fe46c9f4eb897f3a32ba94998bc484d0661
2018,Mexican Grand Prix,Race,HUL,VERIFIED_IN_SOURCE_DRIVERS_JSON,https://raw.githubusercontent.com/TracingInsights/2018/ec6317adac6786e38b5d35e008f4b87926a3a55c/Mexican%20Grand%20Prix/Race/HUL/laptimes.json,d07a61b534ed2ce79d2aee0828f4c63f992a06e17e7dad6633fac5c8fb7181bc,PHASE3_CACHE_HIT,200,20288,69,1,69,69,,2018:Mexican Grand Prix:Race,/home/anshumandutta/Downloads/APEX-R_Devsez_Full_Application/phase3_prediction_dataset/cache/laptimes/5494f86ffddc689c910819ff61e885aeb05770b44d3cf2940badd18fc49a6b21.json,d07a61b534ed2ce79d2aee0828f4c63f992a06e17e7dad6633fac5c8fb7181bc
2018,Mexican Grand Prix,Race,LEC,VERIFIED_IN_SOURCE_DRIVERS_JSON,https://raw.githubusercontent.com/TracingInsights/2018/ec6317adac6786e38b5d35e008f4b87926a3a55c/Mexican%20Grand%20Prix/Race/LEC/laptimes.json,7ccca458fde93a7b9536683494b8ce254f1b21cd326de35f809fa033c813b1d4,PHASE3_CACHE_HIT,200,20235,69,1,69,69,,2018:Mexican Grand Prix:Race,/home/anshumandutta/Downloads/APEX-R_Devsez_Full_Application/phase3_prediction_dataset/cache/laptimes/957d53a4fbbf5561e0ec512856b85f0312d4e806daf2284633bc2490c1f99761.json,7ccca458fde93a7b9536683494b8ce254f1b21cd326de35f809fa033c813b1d4
2018,Mexican Grand Prix,Race,MAG,VERIFIED_IN_SOURCE_DRIVERS_JSON,https://raw.githubusercontent.com/TracingInsights/2018/ec6317adac6786e38b5d35e008f4b87926a3a55c/Mexican%20Grand%20Prix/Race/MAG/laptimes.json,239a7b993a86c84e01996266a49a16baf02c88af87af8f2d8da06e6e80d75575,PHASE3_CACHE_HIT,200,20674,69,1,69,69,,2018:Mexican Grand Prix:Race,/home/anshumandutta/Downloads/APEX-R_Devsez_Full_Application/phase3_prediction_dataset/cache/laptimes/9201a49defbc5709751ce5bc2355e06afee6880bc77ac473db94196765b0e3d6.json,239a7b993a86c84e01996266a49a16baf02c88af87af8f2d8da06e6e80d75575
2018,Mexican Grand Prix,Race,OCO,VERIFIED_IN_SOURCE_DRIVERS_JSON,https://raw.githubusercontent.com/TracingInsights/2018/ec6317adac6786e38b5d35e008f4b87926a3a55c/Mexican%20Grand%20Prix/Race/OCO/laptimes.json,7df5865d6271774bd79238972da5dc977e403a6d90ed6f9e111ba8fe46aca60f,PHASE3_CACHE_HIT,200,20792,69,1,69,69,,2018:Mexican Grand Prix:Race,/home/anshumandutta/Downloads/APEX-R_Devsez_Full_Application/phase3_prediction_dataset/cache/laptimes/308a37606406277263a48e3a9dc821b511f369949923b4848fe5c1859d283b0c.json,7df5865d6271774bd79238972da5dc977e403a6d90ed6f9e111ba8fe46aca60f
2018,Mexican Grand Prix,Race,PER,VERIFIED_IN_SOURCE_DRIVERS_JSON,https://raw.githubusercontent.com/TracingInsights/2018/ec6317adac6786e38b5d35e008f4b87926a3a55c/Mexican%20Grand%20Prix/Race/PER/laptimes.json,dd9db1c3945f5d24faacb151d1d84feb9e3d5f6536c2211899b7e5b6216e4138,PHASE3_CACHE_HIT,200,11538,38,1,38,38,,2018:Mexican Grand Prix:Race,/home/anshumandutta/Downloads/APEX-R_Devsez_Full_Application/phase3_prediction_dataset/cache/laptimes/51e47b7dfeb803d8cd426e093a4bef0d99b52ed981f3b838e41e89157659eba2.json,dd9db1c3945f5d24faacb151d1d84feb9e3d5f6536c2211899b7e5b6216e4138
2018,Mexican Grand Prix,Race,RAI,VERIFIED_IN_SOURCE_DRIVERS_JSON,https://raw.githubusercontent.com/TracingInsights/2018/ec6317adac6786e38b5d35e008f4b87926a3a55c/Mexican%20Grand%20Prix/Race/RAI/laptimes.json,1b588b3f0bc43e361a2bf322d64f1269ddc8e50537df14c827dab6f05b78a46c,PHASE3_CACHE_HIT,200,20799,71,1,71,71,,2018:Mexican Grand Prix:Race,/home/anshumandutta/Downloads/APEX-R_Devsez_Full_Application/phase3_prediction_dataset/cache/laptimes/a37730be4ed7d8063808e08f0cb38c004f203b9ef4d72100d20c7bc00157ddf7.json,1b588b3f0bc43e361a2bf322d64f1269ddc8e50537df14c827dab6f05b78a46c
2018,Mexican Grand Prix,Race,RIC,VERIFIED_IN_SOURCE_DRIVERS_JSON,https://raw.githubusercontent.com/TracingInsights/2018/ec6317adac6786e38b5d35e008f4b87926a3a55c/Mexican%20Grand%20Prix/Race/RIC/laptimes.json,ee0ee723da9e2b4f7178c40bb8265fc5897f4c102bc723edaa3621d0ecf102c8,PHASE3_CACHE_HIT,200,18696,62,1,62,61,,2018:Mexican Grand Prix:Race,/home/anshumandutta/Downloads/APEX-R_Devsez_Full_Application/phase3_prediction_dataset/cache/laptimes/fc933b61af2a2ac097bf1944367371299484c423a748ee16d0aa82bfce1c3118.json,ee0ee723da9e2b4f7178c40bb8265fc5897f4c102bc723edaa3621d0ecf102c8
2018,Mexican Grand Prix,Race,SAI,VERIFIED_IN_SOURCE_DRIVERS_JSON,https://raw.githubusercontent.com/TracingInsights/2018/ec6317adac6786e38b5d35e008f4b87926a3a55c/Mexican%20Grand%20Prix/Race/SAI/laptimes.json,423af5608504d092893a8556c43729d07bc2ce0b2d57cc96e5895dcf7a7c437b,PHASE3_CACHE_HIT,200,8723,29,1,29,28,,2018:Mexican Grand Prix:Race,/home/anshumandutta/Downloads/APEX-R_Devsez_Full_Application/phase3_prediction_dataset/cache/laptimes/7667475b6c7a3f72da24c62026df886c54660289be4b863b83131f0b4ffdc460.json,423af5608504d092893a8556c43729d07bc2ce0b2d57cc96e5895dcf7a7c437b
2018,Mexican Grand Prix,Race,SIR,VERIFIED_IN_SOURCE_DRIVERS_JSON,https://raw.githubusercontent.com/TracingInsights/2018/ec6317adac6786e38b5d35e008f4b87926a3a55c/Mexican%20Grand%20Prix/Race/SIR/laptimes.json,94a5fa30fc034be4be75a3215b393e5012be749744b66446b098005c70aedabf,PHASE3_CACHE_HIT,200,20420,69,1,69,69,,2018:Mexican Grand Prix:Race,/home/anshumandutta/Downloads/APEX-R_Devsez_Full_Application/phase3_prediction_dataset/cache/laptimes/a5e48ff6734cfc220e3887777089b277a8ec8f7a1f4021cf07c72e5ca57ff005.json,94a5fa30fc034be4be75a3215b393e5012be749744b66446b098005c70aedabf
2018,Mexican Grand Prix,Race,STR,VERIFIED_IN_SOURCE_DRIVERS_JSON,https://raw.githubusercontent.com/TracingInsights/2018/ec6317adac6786e38b5d35e008f4b87926a3a55c/Mexican%20Grand%20Prix/Race/STR/laptimes.json,16897b3df024c58106c4cfa9304cce027170677011679f355bc105fdecbe6fb5,PHASE3_CACHE_HIT,200,20414,69,1,69,69,,2018:Mexican Grand Prix:Race,/home/anshumandutta/Downloads/APEX-R_Devsez_Full_Application/phase3_prediction_dataset/cache/laptimes/fb9859742370726fab5ea45b99e5d2ff9963c71fa2d043cb9a162a39dd77d763.json,16897b3df024c58106c4cfa9304cce027170677011679f355bc105fdecbe6fb5
2018,Mexican Grand Prix,Race,VAN,VERIFIED_IN_SOURCE_DRIVERS_JSON,https://raw.githubusercontent.com/TracingInsights/2018/ec6317adac6786e38b5d35e008f4b87926a3a55c/Mexican%20Grand%20Prix/Race/VAN/laptimes.json,f4c4164ba77db2e81d23532a76c40e9fa20da0972e72ce913185305bf5f2148a,PHASE3_CACHE_HIT,200,20252,69,1,69,69,,2018:Mexican Grand Prix:Race,/home/anshumandutta/Downloads/APEX-R_Devsez_Full_Application/phase3_prediction_dataset/cache/laptimes/87691a3b8d990bdc62715fa0311724460e3870a3a8039acb4323ab1f16545a35.json,f4c4164ba77db2e81d23532a76c40e9fa20da0972e72ce913185305bf5f2148a
2018,Mexican Grand Prix,Race,VER,VERIFIED_IN_SOURCE_DRIVERS_JSON,https://raw.githubusercontent.com/TracingInsights/2018/ec6317adac6786e38b5d35e008f4b87926a3a55c/Mexican%20Grand%20Prix/Race/VER/laptimes.json,f321e179ae458161eae391f179d98502d590af36e1ec54006eafdb326258e0dd,PHASE3_CACHE_HIT,200,21449,71,1,71,71,,2018:Mexican Grand Prix:Race,/home/anshumandutta/Downloads/APEX-R_Devsez_Full_Application/phase3_prediction_dataset/cache/laptimes/18192f53bbb591d3e8be1d073eebe0901307896f6bcdb6ee03444dd86ba37433.json,f321e179ae458161eae391f179d98502d590af36e1ec54006eafdb326258e0dd
2018,Mexican Grand Prix,Race,VET,VERIFIED_IN_SOURCE_DRIVERS_JSON,https://raw.githubusercontent.com/TracingInsights/2018/ec6317adac6786e38b5d35e008f4b87926a3a55c/Mexican%20Grand%20Prix/Race/VET/laptimes.json,79ad0e5a7a3c5473f726d31c2530d5185d76e2ede2af9d89d65b735758658436,PHASE3_CACHE_HIT,200,20778,71,1,71,71,,2018:Mexican Grand Prix:Race,/home/anshumandutta/Downloads/APEX-R_Devsez_Full_Application/phase3_prediction_dataset/cache/laptimes/c5f8f77d980a73aac1efac8d6d07751eaca2e5625394f0ffc0319dd096f0a4a1.json,79ad0e5a7a3c5473f726d31c2530d5185d76e2ede2af9d89d65b735758658436
2019,Abu Dhabi Grand Prix,Race,ALB,VERIFIED_IN_SOURCE_DRIVERS_JSON,https://raw.githubusercontent.com/TracingInsights/2019/38741496a2d3736954069c3301e33737ffb3d777/Abu%20Dhabi%20Grand%20Prix/Race/ALB/laptimes.json,cbf5506fb2c396d65b7d09e3ede2416bac382b4de3030008e114a8eef0e0cf6d,PHASE2_CACHE_HIT,200,16521,55,1,55,55,,2019:Abu Dhabi Grand Prix:Race,/home/anshumandutta/Downloads/APEX-R_Devsez_Full_Application/phase2_data_foundation/cache/remote/62ff1717b956f169a65e902a267e95d1e19dc3bf8be5b38369d54a36091c86d6.bin,cbf5506fb2c396d65b7d09e3ede2416bac382b4de3030008e114a8eef0e0cf6d
2019,Abu Dhabi Grand Prix,Race,BOT,VERIFIED_IN_SOURCE_DRIVERS_JSON,https://raw.githubusercontent.com/TracingInsights/2019/38741496a2d3736954069c3301e33737ffb3d777/Abu%20Dhabi%20Grand%20Prix/Race/BOT/laptimes.json,1ccf727736db80329bdece27e33d233dfbcb05bee24af8678811457d1b8c9ff8,PHASE2_CACHE_HIT,200,16184,55,1,55,55,,2019:Abu Dhabi Grand Prix:Race,/home/anshumandutta/Downloads/APEX-R_Devsez_Full_Application/phase2_data_foundation/cache/remote/0d93331987fa857f112a07c225c9f06f37a4f3585b6cd930c1e9faf797a7f59d.bin,1ccf727736db80329bdece27e33d233dfbcb05bee24af8678811457d1b8c9ff8
2019,Abu Dhabi Grand Prix,Race,GAS,VERIFIED_IN_SOURCE_DRIVERS_JSON,https://raw.githubusercontent.com/TracingInsights/2019/38741496a2d3736954069c3301e33737ffb3d777/Abu%20Dhabi%20Grand%20Prix/Race/GAS/laptimes.json,b051934a9f755fad10092e38e841ef441ae6d818d9a5fda50a0bd355e9c49f14,PHASE2_CACHE_HIT,200,15687,53,1,53,53,,2019:Abu Dhabi Grand Prix:Race,/home/anshumandutta/Downloads/APEX-R_Devsez_Full_Application/phase2_data_foundation/cache/remote/67a8020288a920c801ac124ae3c5633a6b65f43a658c87d22fbf34430bb2d81b.bin,b051934a9f755fad10092e38e841ef441ae6d818d9a5fda50a0bd355e9c49f14
2019,Abu Dhabi Grand Prix,Race,GIO,VERIFIED_IN_SOURCE_DRIVERS_JSON,https://raw.githubusercontent.com/TracingInsights/2019/38741496a2d3736954069c3301e33737ffb3d777/Abu%20Dhabi%20Grand%20Prix/Race/GIO/laptimes.json,896c92338e08611f81a40fe8f5938c3943d776eee3eebdb417344867e4a643ac,PHASE2_CACHE_HIT,200,16402,54,1,54,54,,2019:Abu Dhabi Grand Prix:Race,/home/anshumandutta/Downloads/APEX-R_Devsez_Full_Application/phase2_data_foundation/cache/remote/d6182e6bb90487c382a380d5df6e5a417aa95c7cb4f81e305b5d2e5e10269c51.bin,896c92338e08611f81a40fe8f5938c3943d776eee3eebdb417344867e4a643ac
2019,Abu Dhabi Grand Prix,Race,GRO,VERIFIED_IN_SOURCE_DRIVERS_JSON,https://raw.githubusercontent.com/TracingInsights/2019/38741496a2d3736954069c3301e33737ffb3d777/Abu%20Dhabi%20Grand%20Prix/Race/GRO/laptimes.json,49b306571c5b8de7a39436fe102f65d622b7a7297a3141f1442b2175fb669eec,PHASE2_CACHE_HIT,200,16085,54,1,54,54,,2019:Abu Dhabi Grand Prix:Race,/home/anshumandutta/Downloads/APEX-R_Devsez_Full_Application/phase2_data_foundation/cache/remote/f499680aa4b410e51265a1b7e50b11cb149d5c3007136feed096d2b9b5541e5f.bin,49b306571c5b8de7a39436fe102f65d622b7a7297a3141f1442b2175fb669eec
2019,Abu Dhabi Grand Prix,Race,HAM,VERIFIED_IN_SOURCE_DRIVERS_JSON,https://raw.githubusercontent.com/TracingInsights/2019/38741496a2d3736954069c3301e33737ffb3d777/Abu%20Dhabi%20Grand%20Prix/Race/HAM/laptimes.json,0a5942f9132576df31e47df175c3bd874b6d93e4203c28e7cbc4a1551c8ad725,PHASE2_CACHE_HIT,200,16176,55,1,55,55,,2019:Abu Dhabi Grand Prix:Race,/home/anshumandutta/Downloads/APEX-R_Devsez_Full_Application/phase2_data_foundation/cache/remote/51d8ac929b1f77c9454167d1af6b709ddfeb19c0208c4012eb689e02b995da63.bin,0a5942f9132576df31e47df175c3bd874b6d93e4203c28e7cbc4a1551c8ad725
2019,Abu Dhabi Grand Prix,Race,HUL,VERIFIED_IN_SOURCE_DRIVERS_JSON,https://raw.githubusercontent.com/TracingInsights/2019/38741496a2d3736954069c3301e33737ffb3d777/Abu%20Dhabi%20Grand%20Prix/Race/HUL/laptimes.json,e4b54c59388b31088efaf4950f59c00422fce639846b5906c024312f55d404cc,PHASE2_CACHE_HIT,200,15870,54,1,54,54,,2019:Abu Dhabi Grand Prix:Race,/home/anshumandutta/Downloads/APEX-R_Devsez_Full_Application/phase2_data_foundation/cache/remote/90d13d0f023a0997b03fa0fbb205a17c882ce5576d0e2723d9c339eb7fa06a45.bin,e4b54c59388b31088efaf4950f59c00422fce639846b5906c024312f55d404cc
2019,Abu Dhabi Grand Prix,Race,KUB,VERIFIED_IN_SOURCE_DRIVERS_JSON,https://raw.githubusercontent.com/TracingInsights/2019/38741496a2d3736954069c3301e33737ffb3d777/Abu%20Dhabi%20Grand%20Prix/Race/KUB/laptimes.json,789e79bcfc878711b2c353624a8db778291011f95aeab6662ed07ceca4c56a6e,PHASE2_CACHE_HIT,200,15634,53,1,53,53,,2019:Abu Dhabi Grand Prix:Race,/home/anshumandutta/Downloads/APEX-R_Devsez_Full_Application/phase2_data_foundation/cache/remote/565905ceba75f541f0b782732e33264e7025b12af854ada96ed751ffb4022bf5.bin,789e79bcfc878711b2c353624a8db778291011f95aeab6662ed07ceca4c56a6e
2019,Abu Dhabi Grand Prix,Race,KVY,VERIFIED_IN_SOURCE_DRIVERS_JSON,https://raw.githubusercontent.com/TracingInsights/2019/38741496a2d3736954069c3301e33737ffb3d777/Abu%20Dhabi%20Grand%20Prix/Race/KVY/laptimes.json,c2be95ae7685ed6ee0c23d2a8649ccbb644f7d0971c25412ad9a642af70118e5,PHASE2_CACHE_HIT,200,15959,54,1,54,54,,2019:Abu Dhabi Grand Prix:Race,/home/anshumandutta/Downloads/APEX-R_Devsez_Full_Application/phase2_data_foundation/cache/remote/716b79c49eeaf3125e24270badaead4e78f53a5bb605609739e2a82fcb532b3f.bin,c2be95ae7685ed6ee0c23d2a8649ccbb644f7d0971c25412ad9a642af70118e5
2019,Abu Dhabi Grand Prix,Race,LEC,VERIFIED_IN_SOURCE_DRIVERS_JSON,https://raw.githubusercontent.com/TracingInsights/2019/38741496a2d3736954069c3301e33737ffb3d777/Abu%20Dhabi%20Grand%20Prix/Race/LEC/laptimes.json,89ffe62f5483d7f8558c1bd3e461066347b32b5953a2a740192fd003c5b77c8c,PHASE2_CACHE_HIT,200,16090,55,1,55,55,,2019:Abu Dhabi Grand Prix:Race,/home/anshumandutta/Downloads/APEX-R_Devsez_Full_Application/phase2_data_foundation/cache/remote/3888bc4b98520dade73539d32a51c4eaeb76bf2c91d6db27e4e36ed8f7be59ea.bin,89ffe62f5483d7f8558c1bd3e461066347b32b5953a2a740192fd003c5b77c8c
2019,Abu Dhabi Grand Prix,Race,MAG,VERIFIED_IN_SOURCE_DRIVERS_JSON,https://raw.githubusercontent.com/TracingInsights/2019/38741496a2d3736954069c3301e33737ffb3d777/Abu%20Dhabi%20Grand%20Prix/Race/MAG/laptimes.json,b87440fd83610febbde1eef6ec747bfc336a6e9482f426d713c7998009cc3896,PHASE2_CACHE_HIT,200,16149,54,1,54,54,,2019:Abu Dhabi Grand Prix:Race,/home/anshumandutta/Downloads/APEX-R_Devsez_Full_Application/phase2_data_foundation/cache/remote/4bc350036703e6cf787c5b6ec12e5f654bdd29cab8c6ed98a1452cd6b45c1e2b.bin,b87440fd83610febbde1eef6ec747bfc336a6e9482f426d713c7998009cc3896
2019,Abu Dhabi Grand Prix,Race,NOR,VERIFIED_IN_SOURCE_DRIVERS_JSON,https://raw.githubusercontent.com/TracingInsights/2019/38741496a2d3736954069c3301e33737ffb3d777/Abu%20Dhabi%20Grand%20Prix/Race/NOR/laptimes.json,fd04e41059a30496719d84b6022502f4df06f8c09aba60801c4ba3a595f50a8e,PHASE2_CACHE_HIT,200,15731,54,1,54,54,,2019:Abu Dhabi Grand Prix:Race,/home/anshumandutta/Downloads/APEX-R_Devsez_Full_Application/phase2_data_foundation/cache/remote/ea4feec473c4824975ef007a30c5b7a50d74f6de4748fe9c0c725a141041bcb2.bin,fd04e41059a30496719d84b6022502f4df06f8c09aba60801c4ba3a595f50a8e
2019,Abu Dhabi Grand Prix,Race,PER,VERIFIED_IN_SOURCE_DRIVERS_JSON,https://raw.githubusercontent.com/TracingInsights/2019/38741496a2d3736954069c3301e33737ffb3d777/Abu%20Dhabi%20Grand%20Prix/Race/PER/laptimes.json,1054b4759d1b61ae8d1e94af28b733780e20735de0cf33cbf9ac1d00c7f38bff,PHASE2_CACHE_HIT,200,16099,54,1,54,54,,2019:Abu Dhabi Grand Prix:Race,/home/anshumandutta/Downloads/APEX-R_Devsez_Full_Application/phase2_data_foundation/cache/remote/76235735d5cda8190f5058493aad86c9ffa7c32bba44dd8dfe321a070bcd713d.bin,1054b4759d1b61ae8d1e94af28b733780e20735de0cf33cbf9ac1d00c7f38bff
2019,Abu Dhabi Grand Prix,Race,RAI,VERIFIED_IN_SOURCE_DRIVERS_JSON,https://raw.githubusercontent.com/TracingInsights/2019/38741496a2d3736954069c3301e33737ffb3d777/Abu%20Dhabi%20Grand%20Prix/Race/RAI/laptimes.json,06f5eeb202d5dd4d29230d86867e3ada9b53355e2d38dc11de102023902cc205,PHASE2_CACHE_HIT,200,16347,54,1,54,54,,2019:Abu Dhabi Grand Prix:Race,/home/anshumandutta/Downloads/APEX-R_Devsez_Full_Application/phase2_data_foundation/cache/remote/5feaf034a6780316f9ef6be0907d24b68cff6c63e1600d7af6b11293b533817c.bin,06f5eeb202d5dd4d29230d86867e3ada9b53355e2d38dc11de102023902cc205
2019,Abu Dhabi Grand Prix,Race,RIC,VERIFIED_IN_SOURCE_DRIVERS_JSON,https://raw.githubusercontent.com/TracingInsights/2019/38741496a2d3736954069c3301e33737ffb3d777/Abu%20Dhabi%20Grand%20Prix/Race/RIC/laptimes.json,dfa7ae298d2ef8adb186756c5369a3f002e39a269f55f44fdaa0ec9fe113fe9d,PHASE2_CACHE_HIT,200,15771,54,1,54,54,,2019:Abu Dhabi Grand Prix:Race,/home/anshumandutta/Downloads/APEX-R_Devsez_Full_Application/phase2_data_foundation/cache/remote/c8e61144a73fda00ee3b5b065114084c6ea21b46f6bfcc1ecb9ddbb81b9f13bd.bin,dfa7ae298d2ef8adb186756c5369a3f002e39a269f55f44fdaa0ec9fe113fe9d
2019,Abu Dhabi Grand Prix,Race,RUS,VERIFIED_IN_SOURCE_DRIVERS_JSON,https://raw.githubusercontent.com/TracingInsights/2019/38741496a2d3736954069c3301e33737ffb3d777/Abu%20Dhabi%20Grand%20Prix/Race/RUS/laptimes.json,c1fec0f562ded43f15c700cbc10351d19c28152a1a27653e4ddc8d220722c862,PHASE2_CACHE_HIT,200,15908,54,1,54,54,,2019:Abu Dhabi Grand Prix:Race,/home/anshumandutta/Downloads/APEX-R_Devsez_Full_Application/phase2_data_foundation/cache/remote/647c3a4ea894ebc8ffc95599cc76cc3bbafa0eb6f0b296db0d9f1e5a9610f2e2.bin,c1fec0f562ded43f15c700cbc10351d19c28152a1a27653e4ddc8d220722c862
2019,Abu Dhabi Grand Prix,Race,SAI,VERIFIED_IN_SOURCE_DRIVERS_JSON,https://raw.githubusercontent.com/TracingInsights/2019/38741496a2d3736954069c3301e33737ffb3d777/Abu%20Dhabi%20Grand%20Prix/Race/SAI/laptimes.json,6ec85715e51a64bf2a50654ae5cef4261c3cb84a11d630493c717b171fc5764e,PHASE2_CACHE_HIT,200,15828,54,1,54,54,,2019:Abu Dhabi Grand Prix:Race,/home/anshumandutta/Downloads/APEX-R_Devsez_Full_Application/phase2_data_foundation/cache/remote/dfe039a59a9d76eaae12ee41da233506ddd83e990c20ae355a6b1d7c09bb6acc.bin,6ec85715e51a64bf2a50654ae5cef4261c3cb84a11d630493c717b171fc5764e
2019,Abu Dhabi Grand Prix,Race,STR,VERIFIED_IN_SOURCE_DRIVERS_JSON,https://raw.githubusercontent.com/TracingInsights/2019/38741496a2d3736954069c3301e33737ffb3d777/Abu%20Dhabi%20Grand%20Prix/Race/STR/laptimes.json,c579240d2a7eb654ef68ee2f57ca48f44f316d7b9eb7d624573682b68d3cb9ce,PHASE2_CACHE_HIT,200,13472,45,1,45,45,,2019:Abu Dhabi Grand Prix:Race,/home/anshumandutta/Downloads/APEX-R_Devsez_Full_Application/phase2_data_foundation/cache/remote/ee27723bc45c8ceac3213a0bcb08d82e9a10f2566fb86c0fca2c79a16eda34fc.bin,c579240d2a7eb654ef68ee2f57ca48f44f316d7b9eb7d624573682b68d3cb9ce
2019,Abu Dhabi Grand Prix,Race,VER,VERIFIED_IN_SOURCE_DRIVERS_JSON,https://raw.githubusercontent.com/TracingInsights/2019/38741496a2d3736954069c3301e33737ffb3d777/Abu%20Dhabi%20Grand%20Prix/Race/VER/laptimes.json,2476872ac72e8374246a819dcce016a96e3b95b23c14c44464a12d8b5dd4a065,PHASE2_CACHE_HIT,200,16561,55,1,55,55,,2019:Abu Dhabi Grand Prix:Race,/home/anshumandutta/Downloads/APEX-R_Devsez_Full_Application/phase2_data_foundation/cache/remote/a9013327fa30ac221c6ddac1194f8d1e4b3631907b4cd6a46c03c15c7e336820.bin,2476872ac72e8374246a819dcce016a96e3b95b23c14c44464a12d8b5dd4a065
2019,Abu Dhabi Grand Prix,Race,VET,VERIFIED_IN_SOURCE_DRIVERS_JSON,https://raw.githubusercontent.com/TracingInsights/2019/38741496a2d3736954069c3301e33737ffb3d777/Abu%20Dhabi%20Grand%20Prix/Race/VET/laptimes.json,898501386c9ff0dee94deb02e5c16eea14379dd33310d2db940629cf3334cd0a,PHASE2_CACHE_HIT,200,16044,55,1,55,55,,2019:Abu Dhabi Grand Prix:Race,/home/anshumandutta/Downloads/APEX-R_Devsez_Full_Application/phase2_data_foundation/cache/remote/1d805576c72422c5e3c5301880f6234c1ea3f47fe81c9179e9a905d2db96cb5f.bin,898501386c9ff0dee94deb02e5c16eea14379dd33310d2db940629cf3334cd0a
2019,Australian Grand Prix,Race,ALB,VERIFIED_IN_SOURCE_DRIVERS_JSON,https://raw.githubusercontent.com/TracingInsights/2019/38741496a2d3736954069c3301e33737ffb3d777/Australian%20Grand%20Prix/Race/ALB/laptimes.json,cb02ee9037dcedbda11f33aed077b27211d564f4e4349d8278b1194e4df575b8,PHASE2_CACHE_HIT,200,16855,57,1,57,57,,2019:Australian Grand Prix:Race,/home/anshumandutta/Downloads/APEX-R_Devsez_Full_Application/phase2_data_foundation/cache/remote/6b29afe13a0df05912eeac561302084a47e255387151de25537328767bcb81a1.bin,cb02ee9037dcedbda11f33aed077b27211d564f4e4349d8278b1194e4df575b8
2019,Australian Grand Prix,Race,BOT,VERIFIED_IN_SOURCE_DRIVERS_JSON,https://raw.githubusercontent.com/TracingInsights/2019/38741496a2d3736954069c3301e33737ffb3d777/Australian%20Grand%20Prix/Race/BOT/laptimes.json,6126c9ba102792c16e289d5f39b4f37fa57451418e6f7ff95dfdc91cf891d86c,PHASE2_CACHE_HIT,200,16971,58,1,58,58,,2019:Australian Grand Prix:Race,/home/anshumandutta/Downloads/APEX-R_Devsez_Full_Application/phase2_data_foundation/cache/remote/becd13982721680077af07be46370c20cb63d9d83364a5af4f40883f264c33a3.bin,6126c9ba102792c16e289d5f39b4f37fa57451418e6f7ff95dfdc91cf891d86c
2019,Australian Grand Prix,Race,GAS,VERIFIED_IN_SOURCE_DRIVERS_JSON,https://raw.githubusercontent.com/TracingInsights/2019/38741496a2d3736954069c3301e33737ffb3d777/Australian%20Grand%20Prix/Race/GAS/laptimes.json,67ec03b6dc1af84d3262b1adbc7eca0e74588ba89fe463df185388be6ec3adb9,PHASE2_CACHE_HIT,200,17109,57,1,57,57,,2019:Australian Grand Prix:Race,/home/anshumandutta/Downloads/APEX-R_Devsez_Full_Application/phase2_data_foundation/cache/remote/953019cc24d5a1647616f08c0924033d6948ea44add6d51388e5255cd4af12d0.bin,67ec03b6dc1af84d3262b1adbc7eca0e74588ba89fe463df185388be6ec3adb9
2019,Australian Grand Prix,Race,GIO,VERIFIED_IN_SOURCE_DRIVERS_JSON,https://raw.githubusercontent.com/TracingInsights/2019/38741496a2d3736954069c3301e33737ffb3d777/Australian%20Grand%20Prix/Race/GIO/laptimes.json,bc3224080456899bb7fa3dba217ee521bb412914ab1b3d6af0e55b64802fccaf,PHASE2_CACHE_HIT,200,17222,57,1,57,57,,2019:Australian Grand Prix:Race,/home/anshumandutta/Downloads/APEX-R_Devsez_Full_Application/phase2_data_foundation/cache/remote/bff2d1c3cdaadf9302a1d46a7d5db45ee7e9f10b65cc77927dc29e88084ce5a7.bin,bc3224080456899bb7fa3dba217ee521bb412914ab1b3d6af0e55b64802fccaf
2019,Australian Grand Prix,Race,GRO,VERIFIED_IN_SOURCE_DRIVERS_JSON,https://raw.githubusercontent.com/TracingInsights/2019/38741496a2d3736954069c3301e33737ffb3d777/Australian%20Grand%20Prix/Race/GRO/laptimes.json,4c11a64f0d46de540142c750c14fec22d037de08c0331936f40b2f7b9937bcba,PHASE2_CACHE_HIT,200,9035,30,1,30,29,,2019:Australian Grand Prix:Race,/home/anshumandutta/Downloads/APEX-R_Devsez_Full_Application/phase2_data_foundation/cache/remote/ce78602ea5dd3bccf7884551bc65882e884455f3d531b244186b4216ecfe11b4.bin,4c11a64f0d46de540142c750c14fec22d037de08c0331936f40b2f7b9937bcba
2019,Australian Grand Prix,Race,HAM,VERIFIED_IN_SOURCE_DRIVERS_JSON,https://raw.githubusercontent.com/TracingInsights/2019/38741496a2d3736954069c3301e33737ffb3d777/Australian%20Grand%20Prix/Race/HAM/laptimes.json,50bb3857b2893293da38dcccc464ac18786e71af9dec9d8af4098b418697b8fd,PHASE2_CACHE_HIT,200,16994,58,1,58,58,,2019:Australian Grand Prix:Race,/home/anshumandutta/Downloads/APEX-R_Devsez_Full_Application/phase2_data_foundation/cache/remote/a77b85ebd4eafcfac1da7672d397966be4c20370ce69730162590f4b3015af10.bin,50bb3857b2893293da38dcccc464ac18786e71af9dec9d8af4098b418697b8fd
2019,Australian Grand Prix,Race,HUL,VERIFIED_IN_SOURCE_DRIVERS_JSON,https://raw.githubusercontent.com/TracingInsights/2019/38741496a2d3736954069c3301e33737ffb3d777/Australian%20Grand%20Prix/Race/HUL/laptimes.json,4ed97efd0ab68d2dca8205ea69fac1307a6b5a90c9a8e6cdd7cd7fff93d9eaa1,PHASE2_CACHE_HIT,200,16560,57,1,57,57,,2019:Australian Grand Prix:Race,/home/anshumandutta/Downloads/APEX-R_Devsez_Full_Application/phase2_data_foundation/cache/remote/67516b4b6e1e1eedcfb620d54f3623ac000f3b7e60c5c808397a6f35dec0b332.bin,4ed97efd0ab68d2dca8205ea69fac1307a6b5a90c9a8e6cdd7cd7fff93d9eaa1
2019,Australian Grand Prix,Race,KUB,VERIFIED_IN_SOURCE_DRIVERS_JSON,https://raw.githubusercontent.com/TracingInsights/2019/38741496a2d3736954069c3301e33737ffb3d777/Australian%20Grand%20Prix/Race/KUB/laptimes.json,ddc8a689887adb8df302268caf8da61953c05b4bc5330c8ea070032e5d161f92,PHASE2_CACHE_HIT,200,16162,55,1,55,55,,2019:Australian Grand Prix:Race,/home/anshumandutta/Downloads/APEX-R_Devsez_Full_Application/phase2_data_foundation/cache/remote/f413f926d0ae95d15dcb6c0d12a59ddc6e767c8abea586ef78f05ea96fa34ec1.bin,ddc8a689887adb8df302268caf8da61953c05b4bc5330c8ea070032e5d161f92
2019,Australian Grand Prix,Race,KVY,VERIFIED_IN_SOURCE_DRIVERS_JSON,https://raw.githubusercontent.com/TracingInsights/2019/38741496a2d3736954069c3301e33737ffb3d777/Australian%20Grand%20Prix/Race/KVY/laptimes.json,d61ff710b2c4ee308148344fd2e78c89941f661f8a63ce0381b230124bb2bbc2,PHASE2_CACHE_HIT,200,16846,57,1,57,57,,2019:Australian Grand Prix:Race,/home/anshumandutta/Downloads/APEX-R_Devsez_Full_Application/phase2_data_foundation/cache/remote/e04e6a5cec95048b5d2bd5e354cfc8aecc5cd12f58b6f98c265c6f6b00ad2df1.bin,d61ff710b2c4ee308148344fd2e78c89941f661f8a63ce0381b230124bb2bbc2
2019,Australian Grand Prix,Race,LEC,VERIFIED_IN_SOURCE_DRIVERS_JSON,https://raw.githubusercontent.com/TracingInsights/2019/38741496a2d3736954069c3301e33737ffb3d777/Australian%20Grand%20Prix/Race/LEC/laptimes.json,957de7bc7925f670c85a57b35fdeb574cb35cdb8cf6fa65e05e6be8f665bcd95,PHASE2_CACHE_HIT,200,16855,58,1,58,58,,2019:Australian Grand Prix:Race,/home/anshumandutta/Downloads/APEX-R_Devsez_Full_Application/phase2_data_foundation/cache/remote/286d751f4f8f852a9792bd6281d6b1fcb1d85e015334469b69dcb8887cbbeef7.bin,957de7bc7925f670c85a57b35fdeb574cb35cdb8cf6fa65e05e6be8f665bcd95
2019,Australian Grand Prix,Race,MAG,VERIFIED_IN_SOURCE_DRIVERS_JSON,https://raw.githubusercontent.com/TracingInsights/2019/38741496a2d3736954069c3301e33737ffb3d777/Australian%20Grand%20Prix/Race/MAG/laptimes.json,ee81b4fc727302ae973b4cf530dfc5e7bba80b5d7de106499898877151812771,PHASE2_CACHE_HIT,200,17233,58,1,58,58,,2019:Australian Grand Prix:Race,/home/anshumandutta/Downloads/APEX-R_Devsez_Full_Application/phase2_data_foundation/cache/remote/0f4666d0aba92787bb55380058860b0f41baf3099232c948273ca3c1d0b05288.bin,ee81b4fc727302ae973b4cf530dfc5e7bba80b5d7de106499898877151812771
2019,Australian Grand Prix,Race,NOR,VERIFIED_IN_SOURCE_DRIVERS_JSON,https://raw.githubusercontent.com/TracingInsights/2019/38741496a2d3736954069c3301e33737ffb3d777/Australian%20Grand%20Prix/Race/NOR/laptimes.json,edff08666bc20572e7a34e246518cc39dbc3553870701868e96487e3a995ea59,PHASE2_CACHE_HIT,200,16568,57,1,57,57,,2019:Australian Grand Prix:Race,/home/anshumandutta/Downloads/APEX-R_Devsez_Full_Application/phase2_data_foundation/cache/remote/049058bebb72f3283922bc86d3b4ee8ec8c19a4a1bb95668fac9ce054faa7a20.bin,edff08666bc20572e7a34e246518cc39dbc3553870701868e96487e3a995ea59
2019,Australian Grand Prix,Race,PER,VERIFIED_IN_SOURCE_DRIVERS_JSON,https://raw.githubusercontent.com/TracingInsights/2019/38741496a2d3736954069c3301e33737ffb3d777/Australian%20Grand%20Prix/Race/PER/laptimes.json,3920be13fe6538d2004c086339b2ff67dfe7b3c55b676e5d0986065afbf0d969,PHASE2_CACHE_HIT,200,16878,57,1,57,57,,2019:Australian Grand Prix:Race,/home/anshumandutta/Downloads/APEX-R_Devsez_Full_Application/phase2_data_foundation/cache/remote/9911034f758e844c44d80b0e1bf92dca5a2163fa1f925e3731e5f8d43ae02671.bin,3920be13fe6538d2004c086339b2ff67dfe7b3c55b676e5d0986065afbf0d969
2019,Australian Grand Prix,Race,RAI,VERIFIED_IN_SOURCE_DRIVERS_JSON,https://raw.githubusercontent.com/TracingInsights/2019/38741496a2d3736954069c3301e33737ffb3d777/Australian%20Grand%20Prix/Race/RAI/laptimes.json,b27dcc7facd75570f9fd94966a3f289fe3c224a837480cfc345bc50d74bd9eba,PHASE2_CACHE_HIT,200,17144,57,1,57,57,,2019:Australian Grand Prix:Race,/home/anshumandutta/Downloads/APEX-R_Devsez_Full_Application/phase2_data_foundation/cache/remote/ed1779d691f399c994e4ece561c34d463fea700dc2b198ca79dc1896d16f6778.bin,b27dcc7facd75570f9fd94966a3f289fe3c224a837480cfc345bc50d74bd9eba
2019,Australian Grand Prix,Race,RIC,VERIFIED_IN_SOURCE_DRIVERS_JSON,https://raw.githubusercontent.com/TracingInsights/2019/38741496a2d3736954069c3301e33737ffb3d777/Australian%20Grand%20Prix/Race/RIC/laptimes.json,34071ca3ed66185734906edb093ba128e4ceff6d1f41f5d56b5e70ad38b2cf66,PHASE2_CACHE_HIT,200,8595,29,1,29,29,,2019:Australian Grand Prix:Race,/home/anshumandutta/Downloads/APEX-R_Devsez_Full_Application/phase2_data_foundation/cache/remote/11dc70c25f116281faa116ddc9b67277c12064e3e418bbedfd1d53c77dc933e3.bin,34071ca3ed66185734906edb093ba128e4ceff6d1f41f5d56b5e70ad38b2cf66
2019,Australian Grand Prix,Race,RUS,VERIFIED_IN_SOURCE_DRIVERS_JSON,https://raw.githubusercontent.com/TracingInsights/2019/38741496a2d3736954069c3301e33737ffb3d777/Australian%20Grand%20Prix/Race/RUS/laptimes.json,dc9c39413c1d36508c7b6cd19687c167520e27e3f1db5afd8c1af295197d7fd9,PHASE2_CACHE_HIT,200,16419,56,1,56,56,,2019:Australian Grand Prix:Race,/home/anshumandutta/Downloads/APEX-R_Devsez_Full_Application/phase2_data_foundation/cache/remote/9f1ecb06736313db8a6a1a6221f375a5dc19d2ebb320d0a981841743cf3d72ef.bin,dc9c39413c1d36508c7b6cd19687c167520e27e3f1db5afd8c1af295197d7fd9
2019,Australian Grand Prix,Race,SAI,VERIFIED_IN_SOURCE_DRIVERS_JSON,https://raw.githubusercontent.com/TracingInsights/2019/38741496a2d3736954069c3301e33737ffb3d777/Australian%20Grand%20Prix/Race/SAI/laptimes.json,1773edaca7c486f89ed3b828c09bdf082a102649372cda0448334633ec5d8f16,PHASE2_CACHE_HIT,200,3191,10,1,10,9,,2019:Australian Grand Prix:Race,/home/anshumandutta/Downloads/APEX-R_Devsez_Full_Application/phase2_data_foundation/cache/remote/1afdd941b5766aecabd4a25c979156278d952bc6c7efe6669766986622148837.bin,1773edaca7c486f89ed3b828c09bdf082a102649372cda0448334633ec5d8f16
2019,Australian Grand Prix,Race,STR,VERIFIED_IN_SOURCE_DRIVERS_JSON,https://raw.githubusercontent.com/TracingInsights/2019/38741496a2d3736954069c3301e33737ffb3d777/Australian%20Grand%20Prix/Race/STR/laptimes.json,ccf59e0780ad3d9bf12f8d85470437456244e76205473dc8f506dcd49cc7022c,PHASE2_CACHE_HIT,200,16887,57,1,57,57,,2019:Australian Grand Prix:Race,/home/anshumandutta/Downloads/APEX-R_Devsez_Full_Application/phase2_data_foundation/cache/remote/51a558d44328b700881dfe15b2721a2b5a3ba25bc3866b28e69dd4627965918d.bin,ccf59e0780ad3d9bf12f8d85470437456244e76205473dc8f506dcd49cc7022c
2019,Australian Grand Prix,Race,VER,VERIFIED_IN_SOURCE_DRIVERS_JSON,https://raw.githubusercontent.com/TracingInsights/2019/38741496a2d3736954069c3301e33737ffb3d777/Australian%20Grand%20Prix/Race/VER/laptimes.json,6ecc7e7243e1c4898e96891eb6c9915b9c208d650050e5183f1736ffb03477c3,PHASE2_CACHE_HIT,200,17371,58,1,58,58,,2019:Australian Grand Prix:Race,/home/anshumandutta/Downloads/APEX-R_Devsez_Full_Application/phase2_data_foundation/cache/remote/4ec897be2f08dd691393ea8f271f854e8b84700ca544ae2f06c96218255be318.bin,6ecc7e7243e1c4898e96891eb6c9915b9c208d650050e5183f1736ffb03477c3
2019,Australian Grand Prix,Race,VET,VERIFIED_IN_SOURCE_DRIVERS_JSON,https://raw.githubusercontent.com/TracingInsights/2019/38741496a2d3736954069c3301e33737ffb3d777/Australian%20Grand%20Prix/Race/VET/laptimes.json,1f9a0db163689c681ac16cc0b0d441794dbb919898ed25a235a02edf09663f0e,PHASE2_CACHE_HIT,200,16892,58,1,58,58,,2019:Australian Grand Prix:Race,/home/anshumandutta/Downloads/APEX-R_Devsez_Full_Application/phase2_data_foundation/cache/remote/d48effa336173f384eedbad2a1f4f630e4b75e8a9660573983fa0520eb7ef998.bin,1f9a0db163689c681ac16cc0b0d441794dbb919898ed25a235a02edf09663f0e
2019,Austrian Grand Prix,Race,ALB,VERIFIED_IN_SOURCE_DRIVERS_JSON,https://raw.githubusercontent.com/TracingInsights/2019/38741496a2d3736954069c3301e33737ffb3d777/Austrian%20Grand%20Prix/Race/ALB/laptimes.json,e8168313a0b2d1c7e44d25dd16ddb6a415ace2d6bc8b6ab02891fd6f25dfbe1b,PHASE2_CACHE_HIT,200,20521,70,1,70,70,,2019:Austrian Grand Prix:Race,/home/anshumandutta/Downloads/APEX-R_Devsez_Full_Application/phase2_data_foundation/cache/remote/3901346e73b0d7caddaf0eda37758bbc3b2c8dd927de65020e80b7d3c557a9b3.bin,e8168313a0b2d1c7e44d25dd16ddb6a415ace2d6bc8b6ab02891fd6f25dfbe1b
2019,Austrian Grand Prix,Race,BOT,VERIFIED_IN_SOURCE_DRIVERS_JSON,https://raw.githubusercontent.com/TracingInsights/2019/38741496a2d3736954069c3301e33737ffb3d777/Austrian%20Grand%20Prix/Race/BOT/laptimes.json,662ed05209a1f147db4b1dfa8ce9071a9369aadb7e81f0709d6437c8d2235901,PHASE2_CACHE_HIT,200,20558,71,1,71,71,,2019:Austrian Grand Prix:Race,/home/anshumandutta/Downloads/APEX-R_Devsez_Full_Application/phase2_data_foundation/cache/remote/36e10b4b06db9769c2a74e4089e0ffdde70600fdd60cb9b69ab381410650a592.bin,662ed05209a1f147db4b1dfa8ce9071a9369aadb7e81f0709d6437c8d2235901
2019,Austrian Grand Prix,Race,GAS,VERIFIED_IN_SOURCE_DRIVERS_JSON,https://raw.githubusercontent.com/TracingInsights/2019/38741496a2d3736954069c3301e33737ffb3d777/Austrian%20Grand%20Prix/Race/GAS/laptimes.json,b14646f168d11140656c966040571f8b17feaa42720607e554df32cf4d5c537f,PHASE2_CACHE_HIT,200,20731,70,1,70,70,,2019:Austrian Grand Prix:Race,/home/anshumandutta/Downloads/APEX-R_Devsez_Full_Application/phase2_data_foundation/cache/remote/3af37d74e11d310b59f8117d122789bfe8837b337634e34223a27fded170afe7.bin,b14646f168d11140656c966040571f8b17feaa42720607e554df32cf4d5c537f
2019,Austrian Grand Prix,Race,GIO,VERIFIED_IN_SOURCE_DRIVERS_JSON,https://raw.githubusercontent.com/TracingInsights/2019/38741496a2d3736954069c3301e33737ffb3d777/Austrian%20Grand%20Prix/Race/GIO/laptimes.json,150320dc4e370c907d3a291b354948d0c1782832e44ba95798363bfc1c1c0fdf,PHASE2_CACHE_HIT,200,20915,70,1,70,70,,2019:Austrian Grand Prix:Race,/home/anshumandutta/Downloads/APEX-R_Devsez_Full_Application/phase2_data_foundation/cache/remote/dfb81ecac6a5ae69a3c912b241259f966ea0fa2b9f3d39f0d1e7cdf1225625e8.bin,150320dc4e370c907d3a291b354948d0c1782832e44ba95798363bfc1c1c0fdf
2019,Austrian Grand Prix,Race,GRO,VERIFIED_IN_SOURCE_DRIVERS_JSON,https://raw.githubusercontent.com/TracingInsights/2019/38741496a2d3736954069c3301e33737ffb3d777/Austrian%20Grand%20Prix/Race/GRO/laptimes.json,80d9ba65eecc5a23cc979f373a6fc66c4eab2d38b52d181789d1527cfe30db2a,PHASE2_CACHE_HIT,200,20568,70,1,70,70,,2019:Austrian Grand Prix:Race,/home/anshumandutta/Downloads/APEX-R_Devsez_Full_Application/phase2_data_foundation/cache/remote/a6d60a5a97ddc7c74ea2c846798d127fe91b173e451ca5c51e34a135b489ea66.bin,80d9ba65eecc5a23cc979f373a6fc66c4eab2d38b52d181789d1527cfe30db2a
2019,Austrian Grand Prix,Race,HAM,VERIFIED_IN_SOURCE_DRIVERS_JSON,https://raw.githubusercontent.com/TracingInsights/2019/38741496a2d3736954069c3301e33737ffb3d777/Austrian%20Grand%20Prix/Race/HAM/laptimes.json,9e895b5e69afc3ad9e8576d849c93dfe5b74f0da6776eca4a14fd361ac0ea169,PHASE2_CACHE_HIT,200,20576,71,1,71,71,,2019:Austrian Grand Prix:Race,/home/anshumandutta/Downloads/APEX-R_Devsez_Full_Application/phase2_data_foundation/cache/remote/0a91e03a97e9f641930c9867db216b3d434b2d41372288072dc8a63c4ac5d0c9.bin,9e895b5e69afc3ad9e8576d849c93dfe5b74f0da6776eca4a14fd361ac0ea169
2019,Austrian Grand Prix,Race,HUL,VERIFIED_IN_SOURCE_DRIVERS_JSON,https://raw.githubusercontent.com/TracingInsights/2019/38741496a2d3736954069c3301e33737ffb3d777/Austrian%20Grand%20Prix/Race/HUL/laptimes.json,7469783a894fc2cd315346b85ef4159d5ce0c8c0211b7f157d132e8effca99b1,PHASE2_CACHE_HIT,200,20260,70,1,70,70,,2019:Austrian Grand Prix:Race,/home/anshumandutta/Downloads/APEX-R_Devsez_Full_Application/phase2_data_foundation/cache/remote/742726f24ea1a1c08ee3acdffa9d55c5d1607fe1ad0d23cdc245a00e94cd6a8b.bin,7469783a894fc2cd315346b85ef4159d5ce0c8c0211b7f157d132e8effca99b1
2019,Austrian Grand Prix,Race,KUB,VERIFIED_IN_SOURCE_DRIVERS_JSON,https://raw.githubusercontent.com/TracingInsights/2019/38741496a2d3736954069c3301e33737ffb3d777/Austrian%20Grand%20Prix/Race/KUB/laptimes.json,0b66d3e47deca9ce4bbb0019d2f405a593bc85d26d46dc95ec0544554fbd431e,PHASE2_CACHE_HIT,200,19763,68,1,68,68,,2019:Austrian Grand Prix:Race,/home/anshumandutta/Downloads/APEX-R_Devsez_Full_Application/phase2_data_foundation/cache/remote/023dbc67daa6bd443b9a08af06d2d8b7423fd57f9c524919809cf8753d9c23c7.bin,0b66d3e47deca9ce4bbb0019d2f405a593bc85d26d46dc95ec0544554fbd431e
2019,Austrian Grand Prix,Race,KVY,VERIFIED_IN_SOURCE_DRIVERS_JSON,https://raw.githubusercontent.com/TracingInsights/2019/38741496a2d3736954069c3301e33737ffb3d777/Austrian%20Grand%20Prix/Race/KVY/laptimes.json,9d841c9bab36d04941c2fcf111c75d5eaaffd64d42aa56c545d1f19fbf40b620,PHASE2_CACHE_HIT,200,20502,70,1,70,70,,2019:Austrian Grand Prix:Race,/home/anshumandutta/Downloads/APEX-R_Devsez_Full_Application/phase2_data_foundation/cache/remote/5670527460a225a2fef6e564a58581d208f1c3b4fb2f19b9c73287bd9ec5bc98.bin,9d841c9bab36d04941c2fcf111c75d5eaaffd64d42aa56c545d1f19fbf40b620
2019,Austrian Grand Prix,Race,LEC,VERIFIED_IN_SOURCE_DRIVERS_JSON,https://raw.githubusercontent.com/TracingInsights/2019/38741496a2d3736954069c3301e33737ffb3d777/Austrian%20Grand%20Prix/Race/LEC/laptimes.json,73372d39e6c26ce21c3be90af9b7fbb23c97573428e2554cb973fd02d679cfb7,PHASE2_CACHE_HIT,200,20505,71,1,71,71,,2019:Austrian Grand Prix:Race,/home/anshumandutta/Downloads/APEX-R_Devsez_Full_Application/phase2_data_foundation/cache/remote/0716ae01b693409038b4e7c0f5eb211c2ce5c1dda312f744ac5579a11bcb6c1f.bin,73372d39e6c26ce21c3be90af9b7fbb23c97573428e2554cb973fd02d679cfb7
2019,Austrian Grand Prix,Race,MAG,VERIFIED_IN_SOURCE_DRIVERS_JSON,https://raw.githubusercontent.com/TracingInsights/2019/38741496a2d3736954069c3301e33737ffb3d777/Austrian%20Grand%20Prix/Race/MAG/laptimes.json,335b1b9bb4e11cc25c032b20b937d6544fbd7e9eb812486f75e95a509ff6e5c3,PHASE2_CACHE_HIT,200,20370,69,1,69,69,,2019:Austrian Grand Prix:Race,/home/anshumandutta/Downloads/APEX-R_Devsez_Full_Application/phase2_data_foundation/cache/remote/e8c1261ff90c35b4b4c732551e7bb3fcb8b1cd36c6e9f2937839baac26059e4d.bin,335b1b9bb4e11cc25c032b20b937d6544fbd7e9eb812486f75e95a509ff6e5c3
2019,Austrian Grand Prix,Race,NOR,VERIFIED_IN_SOURCE_DRIVERS_JSON,https://raw.githubusercontent.com/TracingInsights/2019/38741496a2d3736954069c3301e33737ffb3d777/Austrian%20Grand%20Prix/Race/NOR/laptimes.json,da9baa5b889c847a7f7eab689b421a051fc42872e4fbc3e89917c5cab4a4b508,PHASE2_CACHE_HIT,200,20213,70,1,70,70,,2019:Austrian Grand Prix:Race,/home/anshumandutta/Downloads/APEX-R_Devsez_Full_Application/phase2_data_foundation/cache/remote/6b65c1d961cb535a87e3e781f10d6efc2991422a69d5163fb1abf287588e9cb5.bin,da9baa5b889c847a7f7eab689b421a051fc42872e4fbc3e89917c5cab4a4b508
2019,Austrian Grand Prix,Race,PER,VERIFIED_IN_SOURCE_DRIVERS_JSON,https://raw.githubusercontent.com/TracingInsights/2019/38741496a2d3736954069c3301e33737ffb3d777/Austrian%20Grand%20Prix/Race/PER/laptimes.json,29258b1563b29e97bef15ba0c476d64b866ee98a982589befb79870ccba5d5f5,PHASE2_CACHE_HIT,200,20627,70,1,70,70,,2019:Austrian Grand Prix:Race,/home/anshumandutta/Downloads/APEX-R_Devsez_Full_Application/phase2_data_foundation/cache/remote/c6ffd4f0eb9a47b545ca1687efc87d0a091a9d626b270e55f6ba742d0d47ee72.bin,29258b1563b29e97bef15ba0c476d64b866ee98a982589befb79870ccba5d5f5
2019,Austrian Grand Prix,Race,RAI,VERIFIED_IN_SOURCE_DRIVERS_JSON,https://raw.githubusercontent.com/TracingInsights/2019/38741496a2d3736954069c3301e33737ffb3d777/Austrian%20Grand%20Prix/Race/RAI/laptimes.json,ff68cea17e2736eceb4ce9fce446ea189376e07d5c3f59cd7a6c29c355288fcc,PHASE2_CACHE_HIT,200,20832,70,1,70,70,,2019:Austrian Grand Prix:Race,/home/anshumandutta/Downloads/APEX-R_Devsez_Full_Application/phase2_data_foundation/cache/remote/52656f4b72ccff64de7d376ccffb69cb65587963acb27296950d2120a90ae60a.bin,ff68cea17e2736eceb4ce9fce446ea189376e07d5c3f59cd7a6c29c355288fcc
2019,Austrian Grand Prix,Race,RIC,VERIFIED_IN_SOURCE_DRIVERS_JSON,https://raw.githubusercontent.com/TracingInsights/2019/38741496a2d3736954069c3301e33737ffb3d777/Austrian%20Grand%20Prix/Race/RIC/laptimes.json,8106b04c597c62b6a5979780c908ef142953b0305ec89dfa6a0d2164efd397b1,PHASE2_CACHE_HIT,200,20230,70,1,70,70,,2019:Austrian Grand Prix:Race,/home/anshumandutta/Downloads/APEX-R_Devsez_Full_Application/phase2_data_foundation/cache/remote/467aab210511bcdbbdb5ea9b7a7d9857107cefde7cfe34b5d1a359e7a072a625.bin,8106b04c597c62b6a5979780c908ef142953b0305ec89dfa6a0d2164efd397b1
2019,Austrian Grand Prix,Race,RUS,VERIFIED_IN_SOURCE_DRIVERS_JSON,https://raw.githubusercontent.com/TracingInsights/2019/38741496a2d3736954069c3301e33737ffb3d777/Austrian%20Grand%20Prix/Race/RUS/laptimes.json,d1ab01202daf4e11fd98812dd28f445548dc9a787e714fe46e92f2e945506975,PHASE2_CACHE_HIT,200,20072,69,1,69,69,,2019:Austrian Grand Prix:Race,/home/anshumandutta/Downloads/APEX-R_Devsez_Full_Application/phase2_data_foundation/cache/remote/77af7089d960e8fb14c8a268c12eabf1ab39a91fc6d439084d5892264882fcd4.bin,d1ab01202daf4e11fd98812dd28f445548dc9a787e714fe46e92f2e945506975
2019,Austrian Grand Prix,Race,SAI,VERIFIED_IN_SOURCE_DRIVERS_JSON,https://raw.githubusercontent.com/TracingInsights/2019/38741496a2d3736954069c3301e33737ffb3d777/Austrian%20Grand%20Prix/Race/SAI/laptimes.json,3097ba17e8ab3c0b0b5c95232cf3e6a0879bd9e6d0110375f39c7a34150faa15,PHASE2_CACHE_HIT,200,20253,70,1,70,70,,2019:Austrian Grand Prix:Race,/home/anshumandutta/Downloads/APEX-R_Devsez_Full_Application/phase2_data_foundation/cache/remote/a3e068efc16295218fcd30804ac22bb9dd3e3c969af4778a7df702680ca3e3da.bin,3097ba17e8ab3c0b0b5c95232cf3e6a0879bd9e6d0110375f39c7a34150faa15
2019,Austrian Grand Prix,Race,STR,VERIFIED_IN_SOURCE_DRIVERS_JSON,https://raw.githubusercontent.com/TracingInsights/2019/38741496a2d3736954069c3301e33737ffb3d777/Austrian%20Grand%20Prix/Race/STR/laptimes.json,0c1f528e9db765699439670df5a805ef4d384a80ac1344808e7001d075bbab8e,PHASE2_CACHE_HIT,200,20609,70,1,70,70,,2019:Austrian Grand Prix:Race,/home/anshumandutta/Downloads/APEX-R_Devsez_Full_Application/phase2_data_foundation/cache/remote/35f4d31a853f68218264db9962d37cf99a12df2c9be80be1b61118f0a944164d.bin,0c1f528e9db765699439670df5a805ef4d384a80ac1344808e7001d075bbab8e
2019,Austrian Grand Prix,Race,VER,VERIFIED_IN_SOURCE_DRIVERS_JSON,https://raw.githubusercontent.com/TracingInsights/2019/38741496a2d3736954069c3301e33737ffb3d777/Austrian%20Grand%20Prix/Race/VER/laptimes.json,6a288f27275eb13669d789e72a0ef0e935f701be3516c92e0009e130b2b423a1,PHASE2_CACHE_HIT,200,21084,71,1,71,71,,2019:Austrian Grand Prix:Race,/home/anshumandutta/Downloads/APEX-R_Devsez_Full_Application/phase2_data_foundation/cache/remote/175fb96a2f603b9e1930c0c16693ebc9faeab68bee257cf5cc01e7c4699fc782.bin,6a288f27275eb13669d789e72a0ef0e935f701be3516c92e0009e130b2b423a1
2019,Austrian Grand Prix,Race,VET,VERIFIED_IN_SOURCE_DRIVERS_JSON,https://raw.githubusercontent.com/TracingInsights/2019/38741496a2d3736954069c3301e33737ffb3d777/Austrian%20Grand%20Prix/Race/VET/laptimes.json,ff3b4244c5174f3356d3a24c584fe2944fa865fc26ff9c32f229ff0bc47a4ef5,PHASE2_CACHE_HIT,200,20367,71,1,71,71,,2019:Austrian Grand Prix:Race,/home/anshumandutta/Downloads/APEX-R_Devsez_Full_Application/phase2_data_foundation/cache/remote/4e8f3967315e5bd434f81b4f168d2b0ad5fd281a83149f0cae2446ccf889fd95.bin,ff3b4244c5174f3356d3a24c584fe2944fa865fc26ff9c32f229ff0bc47a4ef5
2019,Azerbaijan Grand Prix,Race,ALB,VERIFIED_IN_SOURCE_DRIVERS_JSON,https://raw.githubusercontent.com/TracingInsights/2019/38741496a2d3736954069c3301e33737ffb3d777/Azerbaijan%20Grand%20Prix/Race/ALB/laptimes.json,380411f8ca5e7751b340ea8fecb2887b98f24c3d56080cb4904266d05e4cf222,PHASE2_CACHE_HIT,200,14874,50,1,50,50,,2019:Azerbaijan Grand Prix:Race,/home/anshumandutta/Downloads/APEX-R_Devsez_Full_Application/phase2_data_foundation/cache/remote/3129112fbabdaf972ceaabf72dcdd6f756c015b7b48cc7c41152a4016e620933.bin,380411f8ca5e7751b340ea8fecb2887b98f24c3d56080cb4904266d05e4cf222
2019,Azerbaijan Grand Prix,Race,BOT,VERIFIED_IN_SOURCE_DRIVERS_JSON,https://raw.githubusercontent.com/TracingInsights/2019/38741496a2d3736954069c3301e33737ffb3d777/Azerbaijan%20Grand%20Prix/Race/BOT/laptimes.json,43ada9c0164a260085d4d8a03e06b199aefb336e5e6f650358a6a67f5d9778e8,PHASE2_CACHE_HIT,200,15039,51,1,51,51,,2019:Azerbaijan Grand Prix:Race,/home/anshumandutta/Downloads/APEX-R_Devsez_Full_Application/phase2_data_foundation/cache/remote/57b0b6813e7837f6ec4a8576dfe78a86960da0a932ea83a3d1e276188e89ccbb.bin,43ada9c0164a260085d4d8a03e06b199aefb336e5e6f650358a6a67f5d9778e8
2019,Azerbaijan Grand Prix,Race,GAS,VERIFIED_IN_SOURCE_DRIVERS_JSON,https://raw.githubusercontent.com/TracingInsights/2019/38741496a2d3736954069c3301e33737ffb3d777/Azerbaijan%20Grand%20Prix/Race/GAS/laptimes.json,ee60d6b2fa559adea3980facf6ed6fcac2e424309b0d7e1f11c47e2a9d976532,PHASE2_CACHE_HIT,200,11856,39,1,39,38,,2019:Azerbaijan Grand Prix:Race,/home/anshumandutta/Downloads/APEX-R_Devsez_Full_Application/phase2_data_foundation/cache/remote/cb2fc2277896bf9c4a5d80b72041b764f1d47c889588338aacc2d02140cebbba.bin,ee60d6b2fa559adea3980facf6ed6fcac2e424309b0d7e1f11c47e2a9d976532
2019,Azerbaijan Grand Prix,Race,GIO,VERIFIED_IN_SOURCE_DRIVERS_JSON,https://raw.githubusercontent.com/TracingInsights/2019/38741496a2d3736954069c3301e33737ffb3d777/Azerbaijan%20Grand%20Prix/Race/GIO/laptimes.json,b687d58fd3ce81941748f5237083a3887a003aa4fff3e50ca62ac6c53e8a43fe,PHASE2_CACHE_HIT,200,15260,50,1,50,50,,2019:Azerbaijan Grand Prix:Race,/home/anshumandutta/Downloads/APEX-R_Devsez_Full_Application/phase2_data_foundation/cache/remote/c9b3514c675bfa5f43f3e1f2fb3b7a2ae0e818efe169a45ef413742101ddaada.bin,b687d58fd3ce81941748f5237083a3887a003aa4fff3e50ca62ac6c53e8a43fe
2019,Azerbaijan Grand Prix,Race,GRO,VERIFIED_IN_SOURCE_DRIVERS_JSON,https://raw.githubusercontent.com/TracingInsights/2019/38741496a2d3736954069c3301e33737ffb3d777/Azerbaijan%20Grand%20Prix/Race/GRO/laptimes.json,101bdf28504cdeb56214a2b63e8d46514ef817c73eb50636409a5cae75338a18,PHASE2_CACHE_HIT,200,11433,38,1,38,38,,2019:Azerbaijan Grand Prix:Race,/home/anshumandutta/Downloads/APEX-R_Devsez_Full_Application/phase2_data_foundation/cache/remote/774eb53a3ea5f17a3d4bacf63b1cc790a0644cd764721c625053c27f0de4f16f.bin,101bdf28504cdeb56214a2b63e8d46514ef817c73eb50636409a5cae75338a18
2019,Azerbaijan Grand Prix,Race,HAM,VERIFIED_IN_SOURCE_DRIVERS_JSON,https://raw.githubusercontent.com/TracingInsights/2019/38741496a2d3736954069c3301e33737ffb3d777/Azerbaijan%20Grand%20Prix/Race/HAM/laptimes.json,3b9668413398b873cb29289f8e4a6656fe65809f4e0fab399b9ee317695ea330,PHASE2_CACHE_HIT,200,15019,51,1,51,51,,2019:Azerbaijan Grand Prix:Race,/home/anshumandutta/Downloads/APEX-R_Devsez_Full_Application/phase2_data_foundation/cache/remote/83918fa557b92db110414b0fd74a628ed5fee39e5290b84d7b04f53ae0f1a1b5.bin,3b9668413398b873cb29289f8e4a6656fe65809f4e0fab399b9ee317695ea330
2019,Azerbaijan Grand Prix,Race,HUL,VERIFIED_IN_SOURCE_DRIVERS_JSON,https://raw.githubusercontent.com/TracingInsights/2019/38741496a2d3736954069c3301e33737ffb3d777/Azerbaijan%20Grand%20Prix/Race/HUL/laptimes.json,0bd77f08981558efc95130f6a0a8e13b5c43b01b3a2fee5b1b64b1b8f6b7e4d8,PHASE2_CACHE_HIT,200,14704,50,1,50,50,,2019:Azerbaijan Grand Prix:Race,/home/anshumandutta/Downloads/APEX-R_Devsez_Full_Application/phase2_data_foundation/cache/remote/25b3e32485625778d2bfbbbfbfa68e4aa40b74b15ae12d64bd99ba62f267f8d3.bin,0bd77f08981558efc95130f6a0a8e13b5c43b01b3a2fee5b1b64b1b8f6b7e4d8
2019,Azerbaijan Grand Prix,Race,KUB,VERIFIED_IN_SOURCE_DRIVERS_JSON,https://raw.githubusercontent.com/TracingInsights/2019/38741496a2d3736954069c3301e33737ffb3d777/Azerbaijan%20Grand%20Prix/Race/KUB/laptimes.json,fadec43f07dea8dfcdec27aff4a07f1508f2475baafc287a47890d7a7a24a126,PHASE2_CACHE_HIT,200,14523,49,1,49,49,,2019:Azerbaijan Grand Prix:Race,/home/anshumandutta/Downloads/APEX-R_Devsez_Full_Application/phase2_data_foundation/cache/remote/89eb1c688f7f895c3294766888c9e56f31b3d35cfaeac2ee60311b1a7debb69e.bin,fadec43f07dea8dfcdec27aff4a07f1508f2475baafc287a47890d7a7a24a126
2019,Azerbaijan Grand Prix,Race,KVY,VERIFIED_IN_SOURCE_DRIVERS_JSON,https://raw.githubusercontent.com/TracingInsights/2019/38741496a2d3736954069c3301e33737ffb3d777/Azerbaijan%20Grand%20Prix/Race/KVY/laptimes.json,07349dd2ffc74340e538b42a1ce87489048693d8b68b89484e00030c624cb477,PHASE2_CACHE_HIT,200,9946,33,1,33,33,,2019:Azerbaijan Grand Prix:Race,/home/anshumandutta/Downloads/APEX-R_Devsez_Full_Application/phase2_data_foundation/cache/remote/0481321fc64f832b908ab147956081f8d386547286d72192c1f8a26a61ab6df5.bin,07349dd2ffc74340e538b42a1ce87489048693d8b68b89484e00030c624cb477
2019,Azerbaijan Grand Prix,Race,LEC,VERIFIED_IN_SOURCE_DRIVERS_JSON,https://raw.githubusercontent.com/TracingInsights/2019/38741496a2d3736954069c3301e33737ffb3d777/Azerbaijan%20Grand%20Prix/Race/LEC/laptimes.json,09361e5c4627135902681322efcfc2ee7ca586cc7e01c8f623a6247af70df1b7,PHASE2_CACHE_HIT,200,14960,51,1,51,51,,2019:Azerbaijan Grand Prix:Race,/home/anshumandutta/Downloads/APEX-R_Devsez_Full_Application/phase2_data_foundation/cache/remote/81306f6e4f8e7964ce1cfd3db13708eb5c355b2fda974843795dfbeed6f9f4eb.bin,09361e5c4627135902681322efcfc2ee7ca586cc7e01c8f623a6247af70df1b7
2019,Azerbaijan Grand Prix,Race,MAG,VERIFIED_IN_SOURCE_DRIVERS_JSON,https://raw.githubusercontent.com/TracingInsights/2019/38741496a2d3736954069c3301e33737ffb3d777/Azerbaijan%20Grand%20Prix/Race/MAG/laptimes.json,65f7417b059907fb6bd243f84125a7198f8e2c6d0f8cf6bd175fbc2f8c3dd7ca,PHASE2_CACHE_HIT,200,14981,50,1,50,50,,2019:Azerbaijan Grand Prix:Race,/home/anshumandutta/Downloads/APEX-R_Devsez_Full_Application/phase2_data_foundation/cache/remote/450b9ae1e2aedd11782c85f5899bc38f4ba1e71bec2514e3af8ffbd7f71df047.bin,65f7417b059907fb6bd243f84125a7198f8e2c6d0f8cf6bd175fbc2f8c3dd7ca
2019,Azerbaijan Grand Prix,Race,NOR,VERIFIED_IN_SOURCE_DRIVERS_JSON,https://raw.githubusercontent.com/TracingInsights/2019/38741496a2d3736954069c3301e33737ffb3d777/Azerbaijan%20Grand%20Prix/Race/NOR/laptimes.json,fa475e6fe73b06b99035b323a71e12870eee8934f46bc2197e21c8cba6d03066,PHASE2_CACHE_HIT,200,14922,51,1,51,51,,2019:Azerbaijan Grand Prix:Race,/home/anshumandutta/Downloads/APEX-R_Devsez_Full_Application/phase2_data_foundation/cache/remote/7ab87a8f810cfcb58444ac95aaf5626244def928caf0db27f3b64b87acd515e8.bin,fa475e6fe73b06b99035b323a71e12870eee8934f46bc2197e21c8cba6d03066
2019,Azerbaijan Grand Prix,Race,PER,VERIFIED_IN_SOURCE_DRIVERS_JSON,https://raw.githubusercontent.com/TracingInsights/2019/38741496a2d3736954069c3301e33737ffb3d777/Azerbaijan%20Grand%20Prix/Race/PER/laptimes.json,c0901f5de587242932205371eb125a636575e9f7436d2b0330b314c752354a63,PHASE2_CACHE_HIT,200,15233,51,1,51,51,,2019:Azerbaijan Grand Prix:Race,/home/anshumandutta/Downloads/APEX-R_Devsez_Full_Application/phase2_data_foundation/cache/remote/bb46e7514e8f216723335bc3ac45a9412f6a253e36a193220f52a0a076ef15f2.bin,c0901f5de587242932205371eb125a636575e9f7436d2b0330b314c752354a63
2019,Azerbaijan Grand Prix,Race,RAI,VERIFIED_IN_SOURCE_DRIVERS_JSON,https://raw.githubusercontent.com/TracingInsights/2019/38741496a2d3736954069c3301e33737ffb3d777/Azerbaijan%20Grand%20Prix/Race/RAI/laptimes.json,dc7d1a18367d479206fd0cbd2b5358656f739a747e1ffde2e469d5fb7dc83a79,PHASE2_CACHE_HIT,200,15194,50,1,50,50,,2019:Azerbaijan Grand Prix:Race,/home/anshumandutta/Downloads/APEX-R_Devsez_Full_Application/phase2_data_foundation/cache/remote/4887be3e00ef55fbcaf51f1554250045735cf518203d70c86a06ba66ac7a81d9.bin,dc7d1a18367d479206fd0cbd2b5358656f739a747e1ffde2e469d5fb7dc83a79
2019,Azerbaijan Grand Prix,Race,RIC,VERIFIED_IN_SOURCE_DRIVERS_JSON,https://raw.githubusercontent.com/TracingInsights/2019/38741496a2d3736954069c3301e33737ffb3d777/Azerbaijan%20Grand%20Prix/Race/RIC/laptimes.json,4fec92523d8b100b0b50540435f7b8a87d4d3bd78ef137edc68ccb3ddb59077f,PHASE2_CACHE_HIT,200,9213,31,1,31,31,,2019:Azerbaijan Grand Prix:Race,/home/anshumandutta/Downloads/APEX-R_Devsez_Full_Application/phase2_data_foundation/cache/remote/0deb10ba42abbbb396dcc0bf7768f0f179f1843edbee60e01dddaf3881837153.bin,4fec92523d8b100b0b50540435f7b8a87d4d3bd78ef137edc68ccb3ddb59077f
2019,Azerbaijan Grand Prix,Race,RUS,VERIFIED_IN_SOURCE_DRIVERS_JSON,https://raw.githubusercontent.com/TracingInsights/2019/38741496a2d3736954069c3301e33737ffb3d777/Azerbaijan%20Grand%20Prix/Race/RUS/laptimes.json,fcfd21ecc35bd766fe6b55148f09910f2dd18e1949703528db73567d703df7fe,PHASE2_CACHE_HIT,200,14497,49,1,49,49,,2019:Azerbaijan Grand Prix:Race,/home/anshumandutta/Downloads/APEX-R_Devsez_Full_Application/phase2_data_foundation/cache/remote/e27c7050edf759546f17b1352c0391707efeb73c0d20bfff6a4df2a5616a7d2d.bin,fcfd21ecc35bd766fe6b55148f09910f2dd18e1949703528db73567d703df7fe
2019,Azerbaijan Grand Prix,Race,SAI,VERIFIED_IN_SOURCE_DRIVERS_JSON,https://raw.githubusercontent.com/TracingInsights/2019/38741496a2d3736954069c3301e33737ffb3d777/Azerbaijan%20Grand%20Prix/Race/SAI/laptimes.json,418b58257a8c9282c74d66787bd1d133e04f03ed0d73ceea7c97c26097e1c0c8,PHASE2_CACHE_HIT,200,14940,51,1,51,51,,2019:Azerbaijan Grand Prix:Race,/home/anshumandutta/Downloads/APEX-R_Devsez_Full_Application/phase2_data_foundation/cache/remote/142d24a8dc0dc1bee43fb60bc8ac871be9433e52f5d560716bddddb4aea59172.bin,418b58257a8c9282c74d66787bd1d133e04f03ed0d73ceea7c97c26097e1c0c8
2019,Azerbaijan Grand Prix,Race,STR,VERIFIED_IN_SOURCE_DRIVERS_JSON,https://raw.githubusercontent.com/TracingInsights/2019/38741496a2d3736954069c3301e33737ffb3d777/Azerbaijan%20Grand%20Prix/Race/STR/laptimes.json,e0864fec6e4d1132bffd67b7fb975ccf7e1a90054918e00fff17102b19db48c8,PHASE2_CACHE_HIT,200,15244,51,1,51,51,,2019:Azerbaijan Grand Prix:Race,/home/anshumandutta/Downloads/APEX-R_Devsez_Full_Application/phase2_data_foundation/cache/remote/894679482bfb11c7a2d04a4668a5ef3c87149f4c8512f6d45b1777a081428171.bin,e0864fec6e4d1132bffd67b7fb975ccf7e1a90054918e00fff17102b19db48c8
2019,Azerbaijan Grand Prix,Race,VER,VERIFIED_IN_SOURCE_DRIVERS_JSON,https://raw.githubusercontent.com/TracingInsights/2019/38741496a2d3736954069c3301e33737ffb3d777/Azerbaijan%20Grand%20Prix/Race/VER/laptimes.json,fcbc13526639c75e81f818606f64b943815edf4c4bf1dbbea768ece3e17f0ad7,PHASE2_CACHE_HIT,200,15391,51,1,51,51,,2019:Azerbaijan Grand Prix:Race,/home/anshumandutta/Downloads/APEX-R_Devsez_Full_Application/phase2_data_foundation/cache/remote/86eec14148380d544e695dd8c47389be6550feb80b797c944abf65069bd84a2a.bin,fcbc13526639c75e81f818606f64b943815edf4c4bf1dbbea768ece3e17f0ad7
2019,Azerbaijan Grand Prix,Race,VET,VERIFIED_IN_SOURCE_DRIVERS_JSON,https://raw.githubusercontent.com/TracingInsights/2019/38741496a2d3736954069c3301e33737ffb3d777/Azerbaijan%20Grand%20Prix/Race/VET/laptimes.json,1abf774249aa9184eb7e9c4fa283042e469e38ce0684422135c6242397cf03a4,PHASE2_CACHE_HIT,200,14933,51,1,51,51,,2019:Azerbaijan Grand Prix:Race,/home/anshumandutta/Downloads/APEX-R_Devsez_Full_Application/phase2_data_foundation/cache/remote/a12f7c75bc11b830898d519100f7855f317d84a72cff706753f0886adb90dbdb.bin,1abf774249aa9184eb7e9c4fa283042e469e38ce0684422135c6242397cf03a4
2019,Bahrain Grand Prix,Race,ALB,VERIFIED_IN_SOURCE_DRIVERS_JSON,https://raw.githubusercontent.com/TracingInsights/2019/38741496a2d3736954069c3301e33737ffb3d777/Bahrain%20Grand%20Prix/Race/ALB/laptimes.json,2a9d85ad7fe3285ade2cacb03d14f49f15d24e4de591d85b18e028b68356dc28,PHASE2_CACHE_HIT,200,16829,57,1,57,57,,2019:Bahrain Grand Prix:Race,/home/anshumandutta/Downloads/APEX-R_Devsez_Full_Application/phase2_data_foundation/cache/remote/62f5d0f91d76cc390a49f2144695d607649a72262037654284f1b60ed64b76f3.bin,2a9d85ad7fe3285ade2cacb03d14f49f15d24e4de591d85b18e028b68356dc28
2019,Bahrain Grand Prix,Race,BOT,VERIFIED_IN_SOURCE_DRIVERS_JSON,https://raw.githubusercontent.com/TracingInsights/2019/38741496a2d3736954069c3301e33737ffb3d777/Bahrain%20Grand%20Prix/Race/BOT/laptimes.json,4a8e132a097baf02822e4eb9503dc4159b330fd57a28b9b7cd3fd2067acb5acb,PHASE2_CACHE_HIT,200,16669,57,1,57,57,,2019:Bahrain Grand Prix:Race,/home/anshumandutta/Downloads/APEX-R_Devsez_Full_Application/phase2_data_foundation/cache/remote/86c12defcd16be3d5bf37e36b613523e172cd7e45cd76053be4cb7f02736d352.bin,4a8e132a097baf02822e4eb9503dc4159b330fd57a28b9b7cd3fd2067acb5acb
2019,Bahrain Grand Prix,Race,GAS,VERIFIED_IN_SOURCE_DRIVERS_JSON,https://raw.githubusercontent.com/TracingInsights/2019/38741496a2d3736954069c3301e33737ffb3d777/Bahrain%20Grand%20Prix/Race/GAS/laptimes.json,10d272363872a07ca529d6554f669f3c5b57d68e582eaa3aa8571d2e6938ddb6,PHASE2_CACHE_HIT,200,17067,57,1,57,57,,2019:Bahrain Grand Prix:Race,/home/anshumandutta/Downloads/APEX-R_Devsez_Full_Application/phase2_data_foundation/cache/remote/3e0d1edfed8c0c473f135578484a5912bf94cd622674f488dd3c46c13e792082.bin,10d272363872a07ca529d6554f669f3c5b57d68e582eaa3aa8571d2e6938ddb6
2019,Bahrain Grand Prix,Race,GIO,VERIFIED_IN_SOURCE_DRIVERS_JSON,https://raw.githubusercontent.com/TracingInsights/2019/38741496a2d3736954069c3301e33737ffb3d777/Bahrain%20Grand%20Prix/Race/GIO/laptimes.json,ba99519b3ceee4df000260800c38fefb6ff508dfd9d8f63ef781a2be3694eb58,PHASE2_CACHE_HIT,200,17204,57,1,57,57,,2019:Bahrain Grand Prix:Race,/home/anshumandutta/Downloads/APEX-R_Devsez_Full_Application/phase2_data_foundation/cache/remote/985eb3c22ed65924af7af61ffa8b24d14fbaa25b67fb321987aad37a5dfea197.bin,ba99519b3ceee4df000260800c38fefb6ff508dfd9d8f63ef781a2be3694eb58
2019,Bahrain Grand Prix,Race,GRO,VERIFIED_IN_SOURCE_DRIVERS_JSON,https://raw.githubusercontent.com/TracingInsights/2019/38741496a2d3736954069c3301e33737ffb3d777/Bahrain%20Grand%20Prix/Race/GRO/laptimes.json,77a74a49e854904cbf1705455420dacf00cfbba6652651505e695deb52061e41,PHASE2_CACHE_HIT,200,5002,16,1,16,16,,2019:Bahrain Grand Prix:Race,/home/anshumandutta/Downloads/APEX-R_Devsez_Full_Application/phase2_data_foundation/cache/remote/090bf3192ecff8ced6be72f19063ce4ebbcc457f45b1703166e4070d01b8e7a3.bin,77a74a49e854904cbf1705455420dacf00cfbba6652651505e695deb52061e41
2019,Bahrain Grand Prix,Race,HAM,VERIFIED_IN_SOURCE_DRIVERS_JSON,https://raw.githubusercontent.com/TracingInsights/2019/38741496a2d3736954069c3301e33737ffb3d777/Bahrain%20Grand%20Prix/Race/HAM/laptimes.json,361d152a709d145631b0d71ee6ca1817a30da5efc3ac2245abfd988bd314b93d,PHASE2_CACHE_HIT,200,16644,57,1,57,57,,2019:Bahrain Grand Prix:Race,/home/anshumandutta/Downloads/APEX-R_Devsez_Full_Application/phase2_data_foundation/cache/remote/e12324d5eece7d5b971aaae04919b41c79d202343e524844e26a71e9d251a31b.bin,361d152a709d145631b0d71ee6ca1817a30da5efc3ac2245abfd988bd314b93d
2019,Bahrain Grand Prix,Race,HUL,VERIFIED_IN_SOURCE_DRIVERS_JSON,https://raw.githubusercontent.com/TracingInsights/2019/38741496a2d3736954069c3301e33737ffb3d777/Bahrain%20Grand%20Prix/Race/HUL/laptimes.json,ed2970eda8ada43deed1ea73acbe954b6f7f77cb610af8d529ad10452e1f6354,PHASE2_CACHE_HIT,200,15722,54,1,54,53,,2019:Bahrain Grand Prix:Race,/home/anshumandutta/Downloads/APEX-R_Devsez_Full_Application/phase2_data_foundation/cache/remote/bd1ba61afa746df85b7a8873c927fae47c4c8506ff25dbb0b1b82eca5ac88cea.bin,ed2970eda8ada43deed1ea73acbe954b6f7f77cb610af8d529ad10452e1f6354
2019,Bahrain Grand Prix,Race,KUB,VERIFIED_IN_SOURCE_DRIVERS_JSON,https://raw.githubusercontent.com/TracingInsights/2019/38741496a2d3736954069c3301e33737ffb3d777/Bahrain%20Grand%20Prix/Race/KUB/laptimes.json,024b33e62b34da0a204aa010288c2e949070eac7384fc54595c200e3cecf9c61,PHASE2_CACHE_HIT,200,16191,55,1,55,55,,2019:Bahrain Grand Prix:Race,/home/anshumandutta/Downloads/APEX-R_Devsez_Full_Application/phase2_data_foundation/cache/remote/672e16321333c301d38cae848f0f07cc18017f73525369d2d0832412d18c3aa4.bin,024b33e62b34da0a204aa010288c2e949070eac7384fc54595c200e3cecf9c61
2019,Bahrain Grand Prix,Race,KVY,VERIFIED_IN_SOURCE_DRIVERS_JSON,https://raw.githubusercontent.com/TracingInsights/2019/38741496a2d3736954069c3301e33737ffb3d777/Bahrain%20Grand%20Prix/Race/KVY/laptimes.json,2c7a7b8c55046c27bc727bd701f699dc9bc5b883c362021b6e35e2e78c1f7160,PHASE2_CACHE_HIT,200,16520,56,1,56,56,,2019:Bahrain Grand Prix:Race,/home/anshumandutta/Downloads/APEX-R_Devsez_Full_Application/phase2_data_foundation/cache/remote/2088f1253b60772ae334cb16b196bb2cd9db73d9f3f34362af70efa4ac0e0820.bin,2c7a7b8c55046c27bc727bd701f699dc9bc5b883c362021b6e35e2e78c1f7160
2019,Bahrain Grand Prix,Race,LEC,VERIFIED_IN_SOURCE_DRIVERS_JSON,https://raw.githubusercontent.com/TracingInsights/2019/38741496a2d3736954069c3301e33737ffb3d777/Bahrain%20Grand%20Prix/Race/LEC/laptimes.json,d9b53df54258e27f0ba809fd0c72e85df97955b203cbc2549af2e8b11a673583,PHASE2_CACHE_HIT,200,16633,57,1,57,57,,2019:Bahrain Grand Prix:Race,/home/anshumandutta/Downloads/APEX-R_Devsez_Full_Application/phase2_data_foundation/cache/remote/91be9e68830fb1be94cdb17ff0c17740d8f49bddfa016e2bb0b8edfd329935c4.bin,d9b53df54258e27f0ba809fd0c72e85df97955b203cbc2549af2e8b11a673583
2019,Bahrain Grand Prix,Race,MAG,VERIFIED_IN_SOURCE_DRIVERS_JSON,https://raw.githubusercontent.com/TracingInsights/2019/38741496a2d3736954069c3301e33737ffb3d777/Bahrain%20Grand%20Prix/Race/MAG/laptimes.json,18c9f907b7adc015221df3f422897c49c26b9b9c0a51e0e643a23a4052055647,PHASE2_CACHE_HIT,200,16665,56,1,56,56,,2019:Bahrain Grand Prix:Race,/home/anshumandutta/Downloads/APEX-R_Devsez_Full_Application/phase2_data_foundation/cache/remote/2a5b017494db35052cfdfe910025df7821ad79939619c65dc04d69fc5a21a510.bin,18c9f907b7adc015221df3f422897c49c26b9b9c0a51e0e643a23a4052055647
2019,Bahrain Grand Prix,Race,NOR,VERIFIED_IN_SOURCE_DRIVERS_JSON,https://raw.githubusercontent.com/TracingInsights/2019/38741496a2d3736954069c3301e33737ffb3d777/Bahrain%20Grand%20Prix/Race/NOR/laptimes.json,e2cf732398fad3699d10e8f5763c7ec3902bbd9d0efd94d7ecc4bd8373f3f64b,PHASE2_CACHE_HIT,200,16578,57,1,57,57,,2019:Bahrain Grand Prix:Race,/home/anshumandutta/Downloads/APEX-R_Devsez_Full_Application/phase2_data_foundation/cache/remote/e6c15cc73e955517bab0a063dd859fe42ab13adf9c5e9eeb32201e49e5b71fb0.bin,e2cf732398fad3699d10e8f5763c7ec3902bbd9d0efd94d7ecc4bd8373f3f64b
2019,Bahrain Grand Prix,Race,PER,VERIFIED_IN_SOURCE_DRIVERS_JSON,https://raw.githubusercontent.com/TracingInsights/2019/38741496a2d3736954069c3301e33737ffb3d777/Bahrain%20Grand%20Prix/Race/PER/laptimes.json,353192b6396bf897c7e0a6ac792661fe4cbe6132acc4c5d0753b84df206647ff,PHASE2_CACHE_HIT,200,16946,57,1,57,57,,2019:Bahrain Grand Prix:Race,/home/anshumandutta/Downloads/APEX-R_Devsez_Full_Application/phase2_data_foundation/cache/remote/892279b9f5b39f45c3c2a6724be2f6adecd8cd3bb692116e1ae0d62599a3443d.bin,353192b6396bf897c7e0a6ac792661fe4cbe6132acc4c5d0753b84df206647ff
2019,Bahrain Grand Prix,Race,RAI,VERIFIED_IN_SOURCE_DRIVERS_JSON,https://raw.githubusercontent.com/TracingInsights/2019/38741496a2d3736954069c3301e33737ffb3d777/Bahrain%20Grand%20Prix/Race/RAI/laptimes.json,d2593438637c04846b40508d82b2ac924dc1ebb30a925eb28059c2f0b47ae2fe,PHASE2_CACHE_HIT,200,17140,57,1,57,57,,2019:Bahrain Grand Prix:Race,/home/anshumandutta/Downloads/APEX-R_Devsez_Full_Application/phase2_data_foundation/cache/remote/7d85b5e83f1ed972845c8d96c6f0483fc84faf8a0afd4446065e037290c003d1.bin,d2593438637c04846b40508d82b2ac924dc1ebb30a925eb28059c2f0b47ae2fe
2019,Bahrain Grand Prix,Race,RIC,VERIFIED_IN_SOURCE_DRIVERS_JSON,https://raw.githubusercontent.com/TracingInsights/2019/38741496a2d3736954069c3301e33737ffb3d777/Bahrain%20Grand%20Prix/Race/RIC/laptimes.json,6bda6b2be7134e1e18146ab65bb99ad190bbf02d71c3b6666cc49fe78439f274,PHASE2_CACHE_HIT,200,15684,54,1,54,53,,2019:Bahrain Grand Prix:Race,/home/anshumandutta/Downloads/APEX-R_Devsez_Full_Application/phase2_data_foundation/cache/remote/6398d9f5915fb7bac76fda8781644aaf2a68d991b311c7900c2bbc92787289e4.bin,6bda6b2be7134e1e18146ab65bb99ad190bbf02d71c3b6666cc49fe78439f274
2019,Bahrain Grand Prix,Race,RUS,VERIFIED_IN_SOURCE_DRIVERS_JSON,https://raw.githubusercontent.com/TracingInsights/2019/38741496a2d3736954069c3301e33737ffb3d777/Bahrain%20Grand%20Prix/Race/RUS/laptimes.json,5a1bae7297a5ff4bc35018a23153825c3020f8e97cb96be94aab217887a9de94,PHASE2_CACHE_HIT,200,16459,56,1,56,56,,2019:Bahrain Grand Prix:Race,/home/anshumandutta/Downloads/APEX-R_Devsez_Full_Application/phase2_data_foundation/cache/remote/adff6f6f34ae9e6a8b7913e59cc4d54480169d11fd17995e908bd0b2996c9eb6.bin,5a1bae7297a5ff4bc35018a23153825c3020f8e97cb96be94aab217887a9de94
2019,Bahrain Grand Prix,Race,SAI,VERIFIED_IN_SOURCE_DRIVERS_JSON,https://raw.githubusercontent.com/TracingInsights/2019/38741496a2d3736954069c3301e33737ffb3d777/Bahrain%20Grand%20Prix/Race/SAI/laptimes.json,45f90b206eb1e9b0b80b602718c3e6db4107b4bc4cbea4b4f5bb44b39d607503,PHASE2_CACHE_HIT,200,15525,53,1,53,53,,2019:Bahrain Grand Prix:Race,/home/anshumandutta/Downloads/APEX-R_Devsez_Full_Application/phase2_data_foundation/cache/remote/0637768f8cd51e31adad381cb48c52a289373b7e8addf672ee4100bc86215281.bin,45f90b206eb1e9b0b80b602718c3e6db4107b4bc4cbea4b4f5bb44b39d607503
2019,Bahrain Grand Prix,Race,STR,VERIFIED_IN_SOURCE_DRIVERS_JSON,https://raw.githubusercontent.com/TracingInsights/2019/38741496a2d3736954069c3301e33737ffb3d777/Bahrain%20Grand%20Prix/Race/STR/laptimes.json,c33c28914af2f9c8897cf4c932c67f07de7e34881685f4324381d7a4925d12d0,PHASE2_CACHE_HIT,200,16702,56,1,56,56,,2019:Bahrain Grand Prix:Race,/home/anshumandutta/Downloads/APEX-R_Devsez_Full_Application/phase2_data_foundation/cache/remote/f5609355081324a1e7ddf7a2e34d49d90a11b2573c9e4c8f9045d7729418fedc.bin,c33c28914af2f9c8897cf4c932c67f07de7e34881685f4324381d7a4925d12d0
2019,Bahrain Grand Prix,Race,VER,VERIFIED_IN_SOURCE_DRIVERS_JSON,https://raw.githubusercontent.com/TracingInsights/2019/38741496a2d3736954069c3301e33737ffb3d777/Bahrain%20Grand%20Prix/Race/VER/laptimes.json,75b05b434ea9303ea816f507b641b2cc39a853874f6e0f8ae87ff41f5cc9c132,PHASE2_CACHE_HIT,200,17086,57,1,57,57,,2019:Bahrain Grand Prix:Race,/home/anshumandutta/Downloads/APEX-R_Devsez_Full_Application/phase2_data_foundation/cache/remote/9a8a9194a76ecf3c0c6fb76c8ffa3d40aa2404eba3ffced77ae3cb5dacd0e85a.bin,75b05b434ea9303ea816f507b641b2cc39a853874f6e0f8ae87ff41f5cc9c132
2019,Bahrain Grand Prix,Race,VET,VERIFIED_IN_SOURCE_DRIVERS_JSON,https://raw.githubusercontent.com/TracingInsights/2019/38741496a2d3736954069c3301e33737ffb3d777/Bahrain%20Grand%20Prix/Race/VET/laptimes.json,506e2cd554f28f58e5dddc77830040761e2e7671567298b96764139233824f01,PHASE2_CACHE_HIT,200,16563,57,1,57,57,,2019:Bahrain Grand Prix:Race,/home/anshumandutta/Downloads/APEX-R_Devsez_Full_Application/phase2_data_foundation/cache/remote/aef2f9d556dc02eda6017585b0f9f0c88a0c2c6c22453395aa6b2bd321909d0c.bin,506e2cd554f28f58e5dddc77830040761e2e7671567298b96764139233824f01
2019,Belgian Grand Prix,Race,ALB,VERIFIED_IN_SOURCE_DRIVERS_JSON,https://raw.githubusercontent.com/TracingInsights/2019/38741496a2d3736954069c3301e33737ffb3d777/Belgian%20Grand%20Prix/Race/ALB/laptimes.json,6c42855fec0065db8ea7066aa781948557c46b067c5ea6bf6cab9272e53f1517,PHASE2_CACHE_HIT,200,13257,44,1,44,44,,2019:Belgian Grand Prix:Race,/home/anshumandutta/Downloads/APEX-R_Devsez_Full_Application/phase2_data_foundation/cache/remote/e0926b9fa339cf465bd515ab010b967943f22aca886e97a41ef1e5610a1b03ac.bin,6c42855fec0065db8ea7066aa781948557c46b067c5ea6bf6cab9272e53f1517
2019,Belgian Grand Prix,Race,BOT,VERIFIED_IN_SOURCE_DRIVERS_JSON,https://raw.githubusercontent.com/TracingInsights/2019/38741496a2d3736954069c3301e33737ffb3d777/Belgian%20Grand%20Prix/Race/BOT/laptimes.json,65dfab7f4f2faabcc7eefae96b29f9ab4a7d8319a020bdbb823ca3a8990e6b56,PHASE2_CACHE_HIT,200,12931,44,1,44,44,,2019:Belgian Grand Prix:Race,/home/anshumandutta/Downloads/APEX-R_Devsez_Full_Application/phase2_data_foundation/cache/remote/606569459bdbdb7042b22ac5a3f3cef76850787f0352c610e3ea06e133a31ff5.bin,65dfab7f4f2faabcc7eefae96b29f9ab4a7d8319a020bdbb823ca3a8990e6b56
2019,Belgian Grand Prix,Race,GAS,VERIFIED_IN_SOURCE_DRIVERS_JSON,https://raw.githubusercontent.com/TracingInsights/2019/38741496a2d3736954069c3301e33737ffb3d777/Belgian%20Grand%20Prix/Race/GAS/laptimes.json,859ba34b4e924369c227c17a44b5bd62d7b2a71ecfeb70748045aed0da0c7e6e,PHASE2_CACHE_HIT,200,13043,44,1,44,44,,2019:Belgian Grand Prix:Race,/home/anshumandutta/Downloads/APEX-R_Devsez_Full_Application/phase2_data_foundation/cache/remote/95e233541530efde235eb69072451b3b9e1268bf6ae94693cef2d2de56237a72.bin,859ba34b4e924369c227c17a44b5bd62d7b2a71ecfeb70748045aed0da0c7e6e
2019,Belgian Grand Prix,Race,GIO,VERIFIED_IN_SOURCE_DRIVERS_JSON,https://raw.githubusercontent.com/TracingInsights/2019/38741496a2d3736954069c3301e33737ffb3d777/Belgian%20Grand%20Prix/Race/GIO/laptimes.json,8b2091ad82bdaeba1aa5ef030fa040b4c73d51bd86aba572df3233ecfa118f5d,PHASE2_CACHE_HIT,200,13052,43,1,43,42,,2019:Belgian Grand Prix:Race,/home/anshumandutta/Downloads/APEX-R_Devsez_Full_Application/phase2_data_foundation/cache/remote/a5ffcd07f6b27cb0dfe5e3e4ab64e5308140b5943a175e885afed8cbf16d2c75.bin,8b2091ad82bdaeba1aa5ef030fa040b4c73d51bd86aba572df3233ecfa118f5d
2019,Belgian Grand Prix,Race,GRO,VERIFIED_IN_SOURCE_DRIVERS_JSON,https://raw.githubusercontent.com/TracingInsights/2019/38741496a2d3736954069c3301e33737ffb3d777/Belgian%20Grand%20Prix/Race/GRO/laptimes.json,9995ec142d1980f4a2884586691aefa07c22907b2b894761fe6bfeda4fbe775a,PHASE2_CACHE_HIT,200,12777,43,1,43,43,,2019:Belgian Grand Prix:Race,/home/anshumandutta/Downloads/APEX-R_Devsez_Full_Application/phase2_data_foundation/cache/remote/f4cfd8f206bb05d996b49a0835e8415aabea67343c7f5238956fdb64c28a60fa.bin,9995ec142d1980f4a2884586691aefa07c22907b2b894761fe6bfeda4fbe775a
2019,Belgian Grand Prix,Race,HAM,VERIFIED_IN_SOURCE_DRIVERS_JSON,https://raw.githubusercontent.com/TracingInsights/2019/38741496a2d3736954069c3301e33737ffb3d777/Belgian%20Grand%20Prix/Race/HAM/laptimes.json,9e849f6ae9a1c45ce712f9690a9ef899d9940a16331fb738dff086ddbd8bdb1d,PHASE2_CACHE_HIT,200,12941,44,1,44,44,,2019:Belgian Grand Prix:Race,/home/anshumandutta/Downloads/APEX-R_Devsez_Full_Application/phase2_data_foundation/cache/remote/6e10d7530c3c2bcac7f585af6333e9be787b3e46cbe7c4687fe487606de480ee.bin,9e849f6ae9a1c45ce712f9690a9ef899d9940a16331fb738dff086ddbd8bdb1d
2019,Belgian Grand Prix,Race,HUL,VERIFIED_IN_SOURCE_DRIVERS_JSON,https://raw.githubusercontent.com/TracingInsights/2019/38741496a2d3736954069c3301e33737ffb3d777/Belgian%20Grand%20Prix/Race/HUL/laptimes.json,61d19019688612c4c30974c9016ed4b6a3fd9f484ab72fba62983719d5cfbcc8,PHASE2_CACHE_HIT,200,12934,44,1,44,44,,2019:Belgian Grand Prix:Race,/home/anshumandutta/Downloads/APEX-R_Devsez_Full_Application/phase2_data_foundation/cache/remote/27b22f88738de3b5460899c1ea6604cc82a0de763b23c68951b6f063da2cc5cb.bin,61d19019688612c4c30974c9016ed4b6a3fd9f484ab72fba62983719d5cfbcc8
2019,Belgian Grand Prix,Race,KUB,VERIFIED_IN_SOURCE_DRIVERS_JSON,https://raw.githubusercontent.com/TracingInsights/2019/38741496a2d3736954069c3301e33737ffb3d777/Belgian%20Grand%20Prix/Race/KUB/laptimes.json,bd9f863bf118172a19e8a1ff0ce722be9569ac148996dc2bdb771729a3ee641d,PHASE2_CACHE_HIT,200,12695,43,1,43,43,,2019:Belgian Grand Prix:Race,/home/anshumandutta/Downloads/APEX-R_Devsez_Full_Application/phase2_data_foundation/cache/remote/3fa0feeaae27c945f79e9c25da16e54a701efb3540024c7ff563008bc71afa43.bin,bd9f863bf118172a19e8a1ff0ce722be9569ac148996dc2bdb771729a3ee641d
2019,Belgian Grand Prix,Race,KVY,VERIFIED_IN_SOURCE_DRIVERS_JSON,https://raw.githubusercontent.com/TracingInsights/2019/38741496a2d3736954069c3301e33737ffb3d777/Belgian%20Grand%20Prix/Race/KVY/laptimes.json,90b2d30f431c9abee7bbc98d469c8f3c383247a608ba8244ab5bf6b957958437,PHASE2_CACHE_HIT,200,13024,44,1,44,44,,2019:Belgian Grand Prix:Race,/home/anshumandutta/Downloads/APEX-R_Devsez_Full_Application/phase2_data_foundation/cache/remote/ab496fe921d0a9a83ec41dabd8feac58fb1e7a94e33933739f9236d8843ca19b.bin,90b2d30f431c9abee7bbc98d469c8f3c383247a608ba8244ab5bf6b957958437
2019,Belgian Grand Prix,Race,LEC,VERIFIED_IN_SOURCE_DRIVERS_JSON,https://raw.githubusercontent.com/TracingInsights/2019/38741496a2d3736954069c3301e33737ffb3d777/Belgian%20Grand%20Prix/Race/LEC/laptimes.json,6a9860b18b08e28f194ce76b591da043c8660604f55226ae90c575a285a19e4c,PHASE2_CACHE_HIT,200,12887,44,1,44,44,,2019:Belgian Grand Prix:Race,/home/anshumandutta/Downloads/APEX-R_Devsez_Full_Application/phase2_data_foundation/cache/remote/62bedead88c9f1d94bdb125aac25657159a5d8d9067ea928925452022db9b562.bin,6a9860b18b08e28f194ce76b591da043c8660604f55226ae90c575a285a19e4c
2019,Belgian Grand Prix,Race,MAG,VERIFIED_IN_SOURCE_DRIVERS_JSON,https://raw.githubusercontent.com/TracingInsights/2019/38741496a2d3736954069c3301e33737ffb3d777/Belgian%20Grand%20Prix/Race/MAG/laptimes.json,a13e8b8ad876531ed217474b0e8da3bdf181fa1417d5e14a59b5577f13a4f051,PHASE2_CACHE_HIT,200,12858,43,1,43,43,,2019:Belgian Grand Prix:Race,/home/anshumandutta/Downloads/APEX-R_Devsez_Full_Application/phase2_data_foundation/cache/remote/b09c68cc00f0c09d979f1244647084ea995074aee20b10ee3928212491857d9d.bin,a13e8b8ad876531ed217474b0e8da3bdf181fa1417d5e14a59b5577f13a4f051
2019,Belgian Grand Prix,Race,NOR,VERIFIED_IN_SOURCE_DRIVERS_JSON,https://raw.githubusercontent.com/TracingInsights/2019/38741496a2d3736954069c3301e33737ffb3d777/Belgian%20Grand%20Prix/Race/NOR/laptimes.json,07ada7e3694df6b9d90a24c9417265cb2ad441a1cc640569ba22ff1303dbe1df,PHASE2_CACHE_HIT,200,12833,44,1,44,43,,2019:Belgian Grand Prix:Race,/home/anshumandutta/Downloads/APEX-R_Devsez_Full_Application/phase2_data_foundation/cache/remote/a2a74e88f996441526c4a7952004a9a2eb83a6fb630b82d23db00f0483156582.bin,07ada7e3694df6b9d90a24c9417265cb2ad441a1cc640569ba22ff1303dbe1df
2019,Belgian Grand Prix,Race,PER,VERIFIED_IN_SOURCE_DRIVERS_JSON,https://raw.githubusercontent.com/TracingInsights/2019/38741496a2d3736954069c3301e33737ffb3d777/Belgian%20Grand%20Prix/Race/PER/laptimes.json,f10edf1a18e55709914320f027a44ea6d28d93b5dfbd7671aa6dcb290a2c2bcf,PHASE2_CACHE_HIT,200,13123,44,1,44,44,,2019:Belgian Grand Prix:Race,/home/anshumandutta/Downloads/APEX-R_Devsez_Full_Application/phase2_data_foundation/cache/remote/f1595dd55b73f673a966b9769b2ee68c360efccfd67f128578b02836da8acaac.bin,f10edf1a18e55709914320f027a44ea6d28d93b5dfbd7671aa6dcb290a2c2bcf
2019,Belgian Grand Prix,Race,RAI,VERIFIED_IN_SOURCE_DRIVERS_JSON,https://raw.githubusercontent.com/TracingInsights/2019/38741496a2d3736954069c3301e33737ffb3d777/Belgian%20Grand%20Prix/Race/RAI/laptimes.json,cbd3fa3212c711c579c80e7fe1e248a1d00adab874c0529fd0bfe4f88d2d2a78,PHASE2_CACHE_HIT,200,13095,43,1,43,43,,2019:Belgian Grand Prix:Race,/home/anshumandutta/Downloads/APEX-R_Devsez_Full_Application/phase2_data_foundation/cache/remote/e56ce8e6865b7f8500c32171de14c31757f7bd042a34f0662fe73c93f443d656.bin,cbd3fa3212c711c579c80e7fe1e248a1d00adab874c0529fd0bfe4f88d2d2a78
2019,Belgian Grand Prix,Race,RIC,VERIFIED_IN_SOURCE_DRIVERS_JSON,https://raw.githubusercontent.com/TracingInsights/2019/38741496a2d3736954069c3301e33737ffb3d777/Belgian%20Grand%20Prix/Race/RIC/laptimes.json,bff8d6252f283797c64113a398d887fd4a6cab43bead12f34f4905b15052e1cb,PHASE2_CACHE_HIT,200,12575,43,1,43,43,,2019:Belgian Grand Prix:Race,/home/anshumandutta/Downloads/APEX-R_Devsez_Full_Application/phase2_data_foundation/cache/remote/918ba49f70ad6623aa434a0836a6cc28d1797f84e9fa4b8182999bf55e64c1e3.bin,bff8d6252f283797c64113a398d887fd4a6cab43bead12f34f4905b15052e1cb
2019,Belgian Grand Prix,Race,RUS,VERIFIED_IN_SOURCE_DRIVERS_JSON,https://raw.githubusercontent.com/TracingInsights/2019/38741496a2d3736954069c3301e33737ffb3d777/Belgian%20Grand%20Prix/Race/RUS/laptimes.json,d3c6ac711b68d825613f1b581994c36969e1628880c8561a44085de8e1374a64,PHASE2_CACHE_HIT,200,12693,43,1,43,43,,2019:Belgian Grand Prix:Race,/home/anshumandutta/Downloads/APEX-R_Devsez_Full_Application/phase2_data_foundation/cache/remote/9cdd4eb36a68febff9fb397bdb67dff6c1072e9878eeaed8490194cdea09f90e.bin,d3c6ac711b68d825613f1b581994c36969e1628880c8561a44085de8e1374a64
2019,Belgian Grand Prix,Race,SAI,VERIFIED_IN_SOURCE_DRIVERS_JSON,https://raw.githubusercontent.com/TracingInsights/2019/38741496a2d3736954069c3301e33737ffb3d777/Belgian%20Grand%20Prix/Race/SAI/laptimes.json,193a58fb04ebd0c73986faee66684815012cb2e2cdcc986d4b84dee595d827f0,PHASE2_CACHE_HIT,200,637,1,1,1,1,,2019:Belgian Grand Prix:Race,/home/anshumandutta/Downloads/APEX-R_Devsez_Full_Application/phase2_data_foundation/cache/remote/a865abbab547858a8791379dbaa62a9107eeca35ede312fa6b3cb0b37589c8a2.bin,193a58fb04ebd0c73986faee66684815012cb2e2cdcc986d4b84dee595d827f0
2019,Belgian Grand Prix,Race,STR,VERIFIED_IN_SOURCE_DRIVERS_JSON,https://raw.githubusercontent.com/TracingInsights/2019/38741496a2d3736954069c3301e33737ffb3d777/Belgian%20Grand%20Prix/Race/STR/laptimes.json,e8902dd8e63d53c684a677f47b673df5cb7fc3989535c35c63a2e0ac500eeaae,PHASE2_CACHE_HIT,200,13115,44,1,44,44,,2019:Belgian Grand Prix:Race,/home/anshumandutta/Downloads/APEX-R_Devsez_Full_Application/phase2_data_foundation/cache/remote/ebc30104f569e0e3c561738a6845ebc898fc608f79d80675d9bf5577a63dde62.bin,e8902dd8e63d53c684a677f47b673df5cb7fc3989535c35c63a2e0ac500eeaae
2019,Belgian Grand Prix,Race,VER,VERIFIED_IN_SOURCE_DRIVERS_JSON,https://raw.githubusercontent.com/TracingInsights/2019/38741496a2d3736954069c3301e33737ffb3d777/Belgian%20Grand%20Prix/Race/VER/laptimes.json,ab008170af22dbd17e560f011d4fab797c564bbbe28e60c185bd58224965d2c3,PHASE2_CACHE_HIT,200,646,1,1,1,0,,2019:Belgian Grand Prix:Race,/home/anshumandutta/Downloads/APEX-R_Devsez_Full_Application/phase2_data_foundation/cache/remote/cd867af16a6751bf26331790b83902379e3912449eaea87290b8423b7263ac56.bin,ab008170af22dbd17e560f011d4fab797c564bbbe28e60c185bd58224965d2c3
2019,Belgian Grand Prix,Race,VET,VERIFIED_IN_SOURCE_DRIVERS_JSON,https://raw.githubusercontent.com/TracingInsights/2019/38741496a2d3736954069c3301e33737ffb3d777/Belgian%20Grand%20Prix/Race/VET/laptimes.json,a4da830e819f1666d4352cb8d463f6c2c7bec8c347b35e39ea57b8fd36528c69,PHASE2_CACHE_HIT,200,12849,44,1,44,44,,2019:Belgian Grand Prix:Race,/home/anshumandutta/Downloads/APEX-R_Devsez_Full_Application/phase2_data_foundation/cache/remote/11af8751904db258efb6a7c75f50b81e58f33538b6ffe8d96ed4275181957916.bin,a4da830e819f1666d4352cb8d463f6c2c7bec8c347b35e39ea57b8fd36528c69
2019,Brazilian Grand Prix,Race,ALB,VERIFIED_IN_SOURCE_DRIVERS_JSON,https://raw.githubusercontent.com/TracingInsights/2019/38741496a2d3736954069c3301e33737ffb3d777/Brazilian%20Grand%20Prix/Race/ALB/laptimes.json,0d3f05295e370e8cf322414ab063d1e694ca8f451ff0e0b61c9b9cf66b41308d,PHASE2_CACHE_HIT,200,21108,71,1,71,71,,2019:Brazilian Grand Prix:Race,/home/anshumandutta/Downloads/APEX-R_Devsez_Full_Application/phase2_data_foundation/cache/remote/fb3b84b48018d80b3ab30ccad9edafedf14ca0a7f0fdf46affdb426b5da5d2ff.bin,0d3f05295e370e8cf322414ab063d1e694ca8f451ff0e0b61c9b9cf66b41308d
2019,Brazilian Grand Prix,Race,BOT,VERIFIED_IN_SOURCE_DRIVERS_JSON,https://raw.githubusercontent.com/TracingInsights/2019/38741496a2d3736954069c3301e33737ffb3d777/Brazilian%20Grand%20Prix/Race/BOT/laptimes.json,4402bdb012cf92b4a3e9962f9bb621430761c8723f75a929713f1d85aaf709aa,PHASE2_CACHE_HIT,200,15162,52,1,52,51,,2019:Brazilian Grand Prix:Race,/home/anshumandutta/Downloads/APEX-R_Devsez_Full_Application/phase2_data_foundation/cache/remote/43e28223af5979cc91b95951fdf47d61ff5c67bee9ee9f38b7b1d76ca6c6cead.bin,4402bdb012cf92b4a3e9962f9bb621430761c8723f75a929713f1d85aaf709aa
2019,Brazilian Grand Prix,Race,GAS,VERIFIED_IN_SOURCE_DRIVERS_JSON,https://raw.githubusercontent.com/TracingInsights/2019/38741496a2d3736954069c3301e33737ffb3d777/Brazilian%20Grand%20Prix/Race/GAS/laptimes.json,9ac707dcdaf85e50c926d24ee45588c90ca4461ca755184acc64df55899fe78a,PHASE2_CACHE_HIT,200,20745,71,1,71,71,,2019:Brazilian Grand Prix:Race,/home/anshumandutta/Downloads/APEX-R_Devsez_Full_Application/phase2_data_foundation/cache/remote/969a6acaf8119ff91a44baf6d511c670f3dd66983907a01628d415b19ec82463.bin,9ac707dcdaf85e50c926d24ee45588c90ca4461ca755184acc64df55899fe78a
2019,Brazilian Grand Prix,Race,GIO,VERIFIED_IN_SOURCE_DRIVERS_JSON,https://raw.githubusercontent.com/TracingInsights/2019/38741496a2d3736954069c3301e33737ffb3d777/Brazilian%20Grand%20Prix/Race/GIO/laptimes.json,fce11e3210c6959ca7f6e3507f23fcbcf1d319f256e5f32f1b14aec9a984a358,PHASE2_CACHE_HIT,200,21286,71,1,71,71,,2019:Brazilian Grand Prix:Race,/home/anshumandutta/Downloads/APEX-R_Devsez_Full_Application/phase2_data_foundation/cache/remote/85661aaaf12ae222b281886fa50060721cc0f7d4eab8a7bc5dca2d1da7c4f98b.bin,fce11e3210c6959ca7f6e3507f23fcbcf1d319f256e5f32f1b14aec9a984a358
2019,Brazilian Grand Prix,Race,GRO,VERIFIED_IN_SOURCE_DRIVERS_JSON,https://raw.githubusercontent.com/TracingInsights/2019/38741496a2d3736954069c3301e33737ffb3d777/Brazilian%20Grand%20Prix/Race/GRO/laptimes.json,c663792d149371690825870ce911d24c42b7d323732214cfc13d820ea29909cc,PHASE2_CACHE_HIT,200,20885,71,1,71,71,,2019:Brazilian Grand Prix:Race,/home/anshumandutta/Downloads/APEX-R_Devsez_Full_Application/phase2_data_foundation/cache/remote/7bffff6200613ab7bb0b7ef0b58d5fc8b131390930e2552ddc0334aff5053e84.bin,c663792d149371690825870ce911d24c42b7d323732214cfc13d820ea29909cc
2019,Brazilian Grand Prix,Race,HAM,VERIFIED_IN_SOURCE_DRIVERS_JSON,https://raw.githubusercontent.com/TracingInsights/2019/38741496a2d3736954069c3301e33737ffb3d777/Brazilian%20Grand%20Prix/Race/HAM/laptimes.json,f5a3ae981cebeedf2e06403458f1fe49101c24c9f4ac2ec8944e4cc7c39d4863,PHASE2_CACHE_HIT,200,20605,71,1,71,71,,2019:Brazilian Grand Prix:Race,/home/anshumandutta/Downloads/APEX-R_Devsez_Full_Application/phase2_data_foundation/cache/remote/15daa658326cc5c515cb1a49ea0a848ffb6c79014ed18d7f10044e184c16fbb0.bin,f5a3ae981cebeedf2e06403458f1fe49101c24c9f4ac2ec8944e4cc7c39d4863
2019,Brazilian Grand Prix,Race,HUL,VERIFIED_IN_SOURCE_DRIVERS_JSON,https://raw.githubusercontent.com/TracingInsights/2019/38741496a2d3736954069c3301e33737ffb3d777/Brazilian%20Grand%20Prix/Race/HUL/laptimes.json,22f2863e9a881402c3d0281970ce5627db1d0c54caf01c4e6337502ea2f09b82,PHASE2_CACHE_HIT,200,20604,71,1,71,71,,2019:Brazilian Grand Prix:Race,/home/anshumandutta/Downloads/APEX-R_Devsez_Full_Application/phase2_data_foundation/cache/remote/9c9083b18cec05d83d5517602e05247693608c487232f4bc4a4225758d111ca6.bin,22f2863e9a881402c3d0281970ce5627db1d0c54caf01c4e6337502ea2f09b82
2019,Brazilian Grand Prix,Race,KUB,VERIFIED_IN_SOURCE_DRIVERS_JSON,https://raw.githubusercontent.com/TracingInsights/2019/38741496a2d3736954069c3301e33737ffb3d777/Brazilian%20Grand%20Prix/Race/KUB/laptimes.json,9d8b09fbed6b380921b26ac0313e3f5b96a832f9ed9522437a1ce2e24348533d,PHASE2_CACHE_HIT,200,20405,70,1,70,70,,2019:Brazilian Grand Prix:Race,/home/anshumandutta/Downloads/APEX-R_Devsez_Full_Application/phase2_data_foundation/cache/remote/037b3293e6c00c82045dd936f6c1bb6ea80a2b8969bdb60d793151d8d0e65fc2.bin,9d8b09fbed6b380921b26ac0313e3f5b96a832f9ed9522437a1ce2e24348533d
2019,Brazilian Grand Prix,Race,KVY,VERIFIED_IN_SOURCE_DRIVERS_JSON,https://raw.githubusercontent.com/TracingInsights/2019/38741496a2d3736954069c3301e33737ffb3d777/Brazilian%20Grand%20Prix/Race/KVY/laptimes.json,6c5112ce65eafe691c5e9e6fae75333dd10375bc14fbe8bc30caa87a986ed358,PHASE2_CACHE_HIT,200,20808,71,1,71,71,,2019:Brazilian Grand Prix:Race,/home/anshumandutta/Downloads/APEX-R_Devsez_Full_Application/phase2_data_foundation/cache/remote/32a508d896cd64f2e355725195f6a9b51f23bc34b78b5289647442fc68480830.bin,6c5112ce65eafe691c5e9e6fae75333dd10375bc14fbe8bc30caa87a986ed358
2019,Brazilian Grand Prix,Race,LEC,VERIFIED_IN_SOURCE_DRIVERS_JSON,https://raw.githubusercontent.com/TracingInsights/2019/38741496a2d3736954069c3301e33737ffb3d777/Brazilian%20Grand%20Prix/Race/LEC/laptimes.json,6a93e3941dabaf9ac77905fc4987afae193b8f85fbc426a7684e9332ef7aca47,PHASE2_CACHE_HIT,200,19126,66,1,66,65,,2019:Brazilian Grand Prix:Race,/home/anshumandutta/Downloads/APEX-R_Devsez_Full_Application/phase2_data_foundation/cache/remote/360b1a1777d1328ff3f55c178f5f3f13c650ef87666517185e8f89156b0c3dfe.bin,6a93e3941dabaf9ac77905fc4987afae193b8f85fbc426a7684e9332ef7aca47
2019,Brazilian Grand Prix,Race,MAG,VERIFIED_IN_SOURCE_DRIVERS_JSON,https://raw.githubusercontent.com/TracingInsights/2019/38741496a2d3736954069c3301e33737ffb3d777/Brazilian%20Grand%20Prix/Race/MAG/laptimes.json,c2af56e13b8106767742682661f11b1f84e1d36383bc8b74e40168b2d1553886,PHASE2_CACHE_HIT,200,20944,71,1,71,71,,2019:Brazilian Grand Prix:Race,/home/anshumandutta/Downloads/APEX-R_Devsez_Full_Application/phase2_data_foundation/cache/remote/613cefdd178629e889a42ba6f81c8f41ceba29ac5c4d56186721227d72c34094.bin,c2af56e13b8106767742682661f11b1f84e1d36383bc8b74e40168b2d1553886
2019,Brazilian Grand Prix,Race,NOR,VERIFIED_IN_SOURCE_DRIVERS_JSON,https://raw.githubusercontent.com/TracingInsights/2019/38741496a2d3736954069c3301e33737ffb3d777/Brazilian%20Grand%20Prix/Race/NOR/laptimes.json,b0bf744f8eab4d96e0438855d067713bd9b68d94dd9db5e38125c985aca717ac,PHASE2_CACHE_HIT,200,20508,71,1,71,71,,2019:Brazilian Grand Prix:Race,/home/anshumandutta/Downloads/APEX-R_Devsez_Full_Application/phase2_data_foundation/cache/remote/2cab56d0b711714c949d82ca0e7873129cc109bb6c3c428959bfbcf5924f5cc2.bin,b0bf744f8eab4d96e0438855d067713bd9b68d94dd9db5e38125c985aca717ac
2019,Brazilian Grand Prix,Race,PER,VERIFIED_IN_SOURCE_DRIVERS_JSON,https://raw.githubusercontent.com/TracingInsights/2019/38741496a2d3736954069c3301e33737ffb3d777/Brazilian%20Grand%20Prix/Race/PER/laptimes.json,9a744414b2019b438fedbaf06bb8578eaa01dff7845a6c6154da75ee5281b457,PHASE2_CACHE_HIT,200,20961,71,1,71,71,,2019:Brazilian Grand Prix:Race,/home/anshumandutta/Downloads/APEX-R_Devsez_Full_Application/phase2_data_foundation/cache/remote/55ab28753b1ad4ea37bf1fc06bc849bd4a59874418f539b69a6a2ca5198e757a.bin,9a744414b2019b438fedbaf06bb8578eaa01dff7845a6c6154da75ee5281b457
2019,Brazilian Grand Prix,Race,RAI,VERIFIED_IN_SOURCE_DRIVERS_JSON,https://raw.githubusercontent.com/TracingInsights/2019/38741496a2d3736954069c3301e33737ffb3d777/Brazilian%20Grand%20Prix/Race/RAI/laptimes.json,514b7c5763271b0d748c12eceb40240f8d0ef3286f3d8aaefb38ae81f47aed23,PHASE2_CACHE_HIT,200,21204,71,1,71,71,,2019:Brazilian Grand Prix:Race,/home/anshumandutta/Downloads/APEX-R_Devsez_Full_Application/phase2_data_foundation/cache/remote/583b8ec9835d8897fe3d60ca7a363ef720f472281a83486d0393a3ff68803845.bin,514b7c5763271b0d748c12eceb40240f8d0ef3286f3d8aaefb38ae81f47aed23
2019,Brazilian Grand Prix,Race,RIC,VERIFIED_IN_SOURCE_DRIVERS_JSON,https://raw.githubusercontent.com/TracingInsights/2019/38741496a2d3736954069c3301e33737ffb3d777/Brazilian%20Grand%20Prix/Race/RIC/laptimes.json,2faefa0c6627aea15cf1b013b6e542600d9a0f297ca4676bdc8123b65db980cd,PHASE2_CACHE_HIT,200,20509,71,1,71,71,,2019:Brazilian Grand Prix:Race,/home/anshumandutta/Downloads/APEX-R_Devsez_Full_Application/phase2_data_foundation/cache/remote/13177d1563cb5296652e3f59c0970dcf301b9e62c3c1c5a4eb14b85dfa08ec7c.bin,2faefa0c6627aea15cf1b013b6e542600d9a0f297ca4676bdc8123b65db980cd
2019,Brazilian Grand Prix,Race,RUS,VERIFIED_IN_SOURCE_DRIVERS_JSON,https://raw.githubusercontent.com/TracingInsights/2019/38741496a2d3736954069c3301e33737ffb3d777/Brazilian%20Grand%20Prix/Race/RUS/laptimes.json,99df3877b133e6996aff589759469bf99d2faccd621ae5a813cefb009e8011bf,PHASE2_CACHE_HIT,200,20736,71,1,71,71,,2019:Brazilian Grand Prix:Race,/home/anshumandutta/Downloads/APEX-R_Devsez_Full_Application/phase2_data_foundation/cache/remote/3ac9bd51bf4021dee3a56eef082db89dc9abc0f2deb23b4909cb2e499658f386.bin,99df3877b133e6996aff589759469bf99d2faccd621ae5a813cefb009e8011bf
2019,Brazilian Grand Prix,Race,SAI,VERIFIED_IN_SOURCE_DRIVERS_JSON,https://raw.githubusercontent.com/TracingInsights/2019/38741496a2d3736954069c3301e33737ffb3d777/Brazilian%20Grand%20Prix/Race/SAI/laptimes.json,9c3d69f0f629598a0b17c937b72af23b0f6c1849abd7633f521bcc41ad79f6ec,PHASE2_CACHE_HIT,200,20627,71,1,71,71,,2019:Brazilian Grand Prix:Race,/home/anshumandutta/Downloads/APEX-R_Devsez_Full_Application/phase2_data_foundation/cache/remote/36e0b16b34af7c03c9c310970bca60d3107f135a2d4c87d05b4791ac898104b1.bin,9c3d69f0f629598a0b17c937b72af23b0f6c1849abd7633f521bcc41ad79f6ec
2019,Brazilian Grand Prix,Race,STR,VERIFIED_IN_SOURCE_DRIVERS_JSON,https://raw.githubusercontent.com/TracingInsights/2019/38741496a2d3736954069c3301e33737ffb3d777/Brazilian%20Grand%20Prix/Race/STR/laptimes.json,508a94ebf772270425a0f63a9a0e37dfdf7b69c89665f5b8698ffb5457ac86d3,PHASE2_CACHE_HIT,200,19486,66,1,66,65,,2019:Brazilian Grand Prix:Race,/home/anshumandutta/Downloads/APEX-R_Devsez_Full_Application/phase2_data_foundation/cache/remote/13438a0ea53ed4a420a940632693c2fe2f658e0676b72f6d8873d130d97d1938.bin,508a94ebf772270425a0f63a9a0e37dfdf7b69c89665f5b8698ffb5457ac86d3
2019,Brazilian Grand Prix,Race,VER,VERIFIED_IN_SOURCE_DRIVERS_JSON,https://raw.githubusercontent.com/TracingInsights/2019/38741496a2d3736954069c3301e33737ffb3d777/Brazilian%20Grand%20Prix/Race/VER/laptimes.json,00d362c6ea1cc3cbdf9f6fd122f530e0e26c7bef76ea56539f7102723f1b8fcb,PHASE2_CACHE_HIT,200,21067,71,1,71,71,,2019:Brazilian Grand Prix:Race,/home/anshumandutta/Downloads/APEX-R_Devsez_Full_Application/phase2_data_foundation/cache/remote/a7345fd57d9c392eff5f2569fcb9f3900a8acc3c80abdfcf969176ee54676988.bin,00d362c6ea1cc3cbdf9f6fd122f530e0e26c7bef76ea56539f7102723f1b8fcb
2019,Brazilian Grand Prix,Race,VET,VERIFIED_IN_SOURCE_DRIVERS_JSON,https://raw.githubusercontent.com/TracingInsights/2019/38741496a2d3736954069c3301e33737ffb3d777/Brazilian%20Grand%20Prix/Race/VET/laptimes.json,17c6fe28998bd4cbdff5cd154972d722acdf645bbb4586d07b5664c257722d95,PHASE2_CACHE_HIT,200,19057,66,1,66,65,,2019:Brazilian Grand Prix:Race,/home/anshumandutta/Downloads/APEX-R_Devsez_Full_Application/phase2_data_foundation/cache/remote/37ec87e0a42db823df8b294f5f62fa63c315768039314e7610ddbb6082e9c2bf.bin,17c6fe28998bd4cbdff5cd154972d722acdf645bbb4586d07b5664c257722d95
2019,British Grand Prix,Race,ALB,VERIFIED_IN_SOURCE_DRIVERS_JSON,https://raw.githubusercontent.com/TracingInsights/2019/38741496a2d3736954069c3301e33737ffb3d777/British%20Grand%20Prix/Race/ALB/laptimes.json,7e1c0304b41eaabc98e0c2d9728ceda68263fbec38d22342778b080695915073,PHASE2_CACHE_HIT,200,15396,52,1,52,52,,2019:British Grand Prix:Race,/home/anshumandutta/Downloads/APEX-R_Devsez_Full_Application/phase2_data_foundation/cache/remote/0fe53398f42ee914885b4e97b37e09b7e057d2cb445c03ebba29103832ab180e.bin,7e1c0304b41eaabc98e0c2d9728ceda68263fbec38d22342778b080695915073
2019,British Grand Prix,Race,BOT,VERIFIED_IN_SOURCE_DRIVERS_JSON,https://raw.githubusercontent.com/TracingInsights/2019/38741496a2d3736954069c3301e33737ffb3d777/British%20Grand%20Prix/Race/BOT/laptimes.json,147f0cd7d18fef42ecb25cad883db855fb951a2da2f7d55fda0a7d6f2a58debd,PHASE2_CACHE_HIT,200,15260,52,1,52,52,,2019:British Grand Prix:Race,/home/anshumandutta/Downloads/APEX-R_Devsez_Full_Application/phase2_data_foundation/cache/remote/80ff63f3a229656c298c6a9f5929553403d067f3df3a29a4cf8cff87163d6589.bin,147f0cd7d18fef42ecb25cad883db855fb951a2da2f7d55fda0a7d6f2a58debd
2019,British Grand Prix,Race,GAS,VERIFIED_IN_SOURCE_DRIVERS_JSON,https://raw.githubusercontent.com/TracingInsights/2019/38741496a2d3736954069c3301e33737ffb3d777/British%20Grand%20Prix/Race/GAS/laptimes.json,aae421a3c5ef0910f8c233d07f3038c96489e3bd286f3cfb4acb04cfd007436d,PHASE2_CACHE_HIT,200,15554,52,1,52,52,,2019:British Grand Prix:Race,/home/anshumandutta/Downloads/APEX-R_Devsez_Full_Application/phase2_data_foundation/cache/remote/fa0ddd78a1bb371b2fd6db9fbffb9a75b11b3563346233ad737e2932a58bbfae.bin,aae421a3c5ef0910f8c233d07f3038c96489e3bd286f3cfb4acb04cfd007436d
2019,British Grand Prix,Race,GIO,VERIFIED_IN_SOURCE_DRIVERS_JSON,https://raw.githubusercontent.com/TracingInsights/2019/38741496a2d3736954069c3301e33737ffb3d777/British%20Grand%20Prix/Race/GIO/laptimes.json,d71dcf2085da056938c6b08e57523b55689c0fbfe0938aaf65e2538296c69a81,PHASE2_CACHE_HIT,200,5974,19,1,19,18,,2019:British Grand Prix:Race,/home/anshumandutta/Downloads/APEX-R_Devsez_Full_Application/phase2_data_foundation/cache/remote/2bd656c9ae7f17a1b559e1582fa4a4ec6727fc28897f7cb5dc7f7a78a50d5e45.bin,d71dcf2085da056938c6b08e57523b55689c0fbfe0938aaf65e2538296c69a81
2019,British Grand Prix,Race,GRO,VERIFIED_IN_SOURCE_DRIVERS_JSON,https://raw.githubusercontent.com/TracingInsights/2019/38741496a2d3736954069c3301e33737ffb3d777/British%20Grand%20Prix/Race/GRO/laptimes.json,6c360ef45b944b554e594936c268b0818b86637b6a98b3b7495f737b81575d3b,PHASE2_CACHE_HIT,200,2947,9,1,9,9,,2019:British Grand Prix:Race,/home/anshumandutta/Downloads/APEX-R_Devsez_Full_Application/phase2_data_foundation/cache/remote/a696c3029d37d672541d7089a3587b921aff07255f6f43244a0a0b309a53d974.bin,6c360ef45b944b554e594936c268b0818b86637b6a98b3b7495f737b81575d3b
2019,British Grand Prix,Race,HAM,VERIFIED_IN_SOURCE_DRIVERS_JSON,https://raw.githubusercontent.com/TracingInsights/2019/38741496a2d3736954069c3301e33737ffb3d777/British%20Grand%20Prix/Race/HAM/laptimes.json,78b0e1e231992882a0658f1f5e21f56e8644908b694f73b37a3cae8b19f4faaf,PHASE2_CACHE_HIT,200,15215,52,1,52,52,,2019:British Grand Prix:Race,/home/anshumandutta/Downloads/APEX-R_Devsez_Full_Application/phase2_data_foundation/cache/remote/8c2d52faa3f4259f29d42f865ff047ed9cbb04f1872f7333ec4d7b254bd76bbc.bin,78b0e1e231992882a0658f1f5e21f56e8644908b694f73b37a3cae8b19f4faaf
2019,British Grand Prix,Race,HUL,VERIFIED_IN_SOURCE_DRIVERS_JSON,https://raw.githubusercontent.com/TracingInsights/2019/38741496a2d3736954069c3301e33737ffb3d777/British%20Grand%20Prix/Race/HUL/laptimes.json,73da671c144a827ada394160a173a9e7d9cf8d974c20f86cf5b438689df64e28,PHASE2_CACHE_HIT,200,15202,52,1,52,52,,2019:British Grand Prix:Race,/home/anshumandutta/Downloads/APEX-R_Devsez_Full_Application/phase2_data_foundation/cache/remote/d56a4a4bec28fa0a1aa51fc5a9555858d2d8c17cb5bdaab3c639f6a203f1beb0.bin,73da671c144a827ada394160a173a9e7d9cf8d974c20f86cf5b438689df64e28
2019,British Grand Prix,Race,KUB,VERIFIED_IN_SOURCE_DRIVERS_JSON,https://raw.githubusercontent.com/TracingInsights/2019/38741496a2d3736954069c3301e33737ffb3d777/British%20Grand%20Prix/Race/KUB/laptimes.json,a11f64371cfc083fdf8720963e039bbbd5785dc04130299cb8fd5dbfc6247139,PHASE2_CACHE_HIT,200,14948,51,1,51,51,,2019:British Grand Prix:Race,/home/anshumandutta/Downloads/APEX-R_Devsez_Full_Application/phase2_data_foundation/cache/remote/74d36e56119faf1fd86274117cd2e08aef5a9f8ded38cbc2656a48f82b937168.bin,a11f64371cfc083fdf8720963e039bbbd5785dc04130299cb8fd5dbfc6247139
2019,British Grand Prix,Race,KVY,VERIFIED_IN_SOURCE_DRIVERS_JSON,https://raw.githubusercontent.com/TracingInsights/2019/38741496a2d3736954069c3301e33737ffb3d777/British%20Grand%20Prix/Race/KVY/laptimes.json,7529de69490d8fe0aad0333438fe4ba2bc4294c15255accf4bdcecd441167cca,PHASE2_CACHE_HIT,200,15337,52,1,52,52,,2019:British Grand Prix:Race,/home/anshumandutta/Downloads/APEX-R_Devsez_Full_Application/phase2_data_foundation/cache/remote/5b14c458c237e1a7d36da10fce5c994d3cc8751b33fe2085a3d22950c457aa28.bin,7529de69490d8fe0aad0333438fe4ba2bc4294c15255accf4bdcecd441167cca
2019,British Grand Prix,Race,LEC,VERIFIED_IN_SOURCE_DRIVERS_JSON,https://raw.githubusercontent.com/TracingInsights/2019/38741496a2d3736954069c3301e33737ffb3d777/British%20Grand%20Prix/Race/LEC/laptimes.json,26dbcc3465b341bdeac453e076e44ade90f03a0dc552fbd15a72e36745ae7806,PHASE2_CACHE_HIT,200,15170,52,1,52,52,,2019:British Grand Prix:Race,/home/anshumandutta/Downloads/APEX-R_Devsez_Full_Application/phase2_data_foundation/cache/remote/c8ad78c86bbd9d2cd043ec4b179af61235743dea17f0cd8d29e5ffcdec85fc66.bin,26dbcc3465b341bdeac453e076e44ade90f03a0dc552fbd15a72e36745ae7806
2019,British Grand Prix,Race,MAG,VERIFIED_IN_SOURCE_DRIVERS_JSON,https://raw.githubusercontent.com/TracingInsights/2019/38741496a2d3736954069c3301e33737ffb3d777/British%20Grand%20Prix/Race/MAG/laptimes.json,5a53c6a9a476124e75d55522b5a52444b555de3adee413d08c81592766d4a808,PHASE2_CACHE_HIT,200,2088,6,1,6,6,,2019:British Grand Prix:Race,/home/anshumandutta/Downloads/APEX-R_Devsez_Full_Application/phase2_data_foundation/cache/remote/a566287f97b8fb8eadb478bcafe9052deecb266bc6750f5a6672202dc42c8dbe.bin,5a53c6a9a476124e75d55522b5a52444b555de3adee413d08c81592766d4a808
2019,British Grand Prix,Race,NOR,VERIFIED_IN_SOURCE_DRIVERS_JSON,https://raw.githubusercontent.com/TracingInsights/2019/38741496a2d3736954069c3301e33737ffb3d777/British%20Grand%20Prix/Race/NOR/laptimes.json,ca6122da64b6ef866987f02fafacf6a29caa5c60f5ea6a128b5e2f1dcfbbaf51,PHASE2_CACHE_HIT,200,15125,52,1,52,52,,2019:British Grand Prix:Race,/home/anshumandutta/Downloads/APEX-R_Devsez_Full_Application/phase2_data_foundation/cache/remote/af64c4be1f82e45c46175ff191b2103e549067c2cb90c6b84acdf3c8ff68d252.bin,ca6122da64b6ef866987f02fafacf6a29caa5c60f5ea6a128b5e2f1dcfbbaf51
2019,British Grand Prix,Race,PER,VERIFIED_IN_SOURCE_DRIVERS_JSON,https://raw.githubusercontent.com/TracingInsights/2019/38741496a2d3736954069c3301e33737ffb3d777/British%20Grand%20Prix/Race/PER/laptimes.json,278669d49428242dd5fed4ba5ed69f85d271ecbe80d2275cb2e7d709f6140bf7,PHASE2_CACHE_HIT,200,15164,51,1,51,51,,2019:British Grand Prix:Race,/home/anshumandutta/Downloads/APEX-R_Devsez_Full_Application/phase2_data_foundation/cache/remote/87c1e1a7e315d1b8653d1145b21a0c8797ccaf15e5ef6db3d5130cbdbcf7d6ff.bin,278669d49428242dd5fed4ba5ed69f85d271ecbe80d2275cb2e7d709f6140bf7
2019,British Grand Prix,Race,RAI,VERIFIED_IN_SOURCE_DRIVERS_JSON,https://raw.githubusercontent.com/TracingInsights/2019/38741496a2d3736954069c3301e33737ffb3d777/British%20Grand%20Prix/Race/RAI/laptimes.json,0a92d838c0c46a11968c9b4e7731644e5713f11c71db0e3ddda88b463cd476c3,PHASE2_CACHE_HIT,200,15623,52,1,52,52,,2019:British Grand Prix:Race,/home/anshumandutta/Downloads/APEX-R_Devsez_Full_Application/phase2_data_foundation/cache/remote/00ee230f51a928d90bc48d4a5b833db9134abc993aecc4c1d727d4d2f6d19e00.bin,0a92d838c0c46a11968c9b4e7731644e5713f11c71db0e3ddda88b463cd476c3
2019,British Grand Prix,Race,RIC,VERIFIED_IN_SOURCE_DRIVERS_JSON,https://raw.githubusercontent.com/TracingInsights/2019/38741496a2d3736954069c3301e33737ffb3d777/British%20Grand%20Prix/Race/RIC/laptimes.json,5e87e62c3dd50ac525ac101a73681e5c0f1eced3959f4eb7e7984481e627961a,PHASE2_CACHE_HIT,200,15084,52,1,52,52,,2019:British Grand Prix:Race,/home/anshumandutta/Downloads/APEX-R_Devsez_Full_Application/phase2_data_foundation/cache/remote/2a8ea10230ca56cd8a571da989fb2c83371211ee92cba90098e2b94230ae33f9.bin,5e87e62c3dd50ac525ac101a73681e5c0f1eced3959f4eb7e7984481e627961a
2019,British Grand Prix,Race,RUS,VERIFIED_IN_SOURCE_DRIVERS_JSON,https://raw.githubusercontent.com/TracingInsights/2019/38741496a2d3736954069c3301e33737ffb3d777/British%20Grand%20Prix/Race/RUS/laptimes.json,b0bc66fb4f9d016ad30248a857550d3610930f26d90eb71aace166189cbf46fc,PHASE2_CACHE_HIT,200,14958,51,1,51,51,,2019:British Grand Prix:Race,/home/anshumandutta/Downloads/APEX-R_Devsez_Full_Application/phase2_data_foundation/cache/remote/eb2c6ad85d10cf100098c83c10f0798202cb4a7732bec2ed8c12cc4304d149b5.bin,b0bc66fb4f9d016ad30248a857550d3610930f26d90eb71aace166189cbf46fc
2019,British Grand Prix,Race,SAI,VERIFIED_IN_SOURCE_DRIVERS_JSON,https://raw.githubusercontent.com/TracingInsights/2019/38741496a2d3736954069c3301e33737ffb3d777/British%20Grand%20Prix/Race/SAI/laptimes.json,49e1ac7f94b316ddfe22ed5bff6a370c35733aeffe60663f5460168b844af86a,PHASE2_CACHE_HIT,200,15149,52,1,52,52,,2019:British Grand Prix:Race,/home/anshumandutta/Downloads/APEX-R_Devsez_Full_Application/phase2_data_foundation/cache/remote/a4aff3407146e8248b88c42932c15f2fa347d1add64a4d04f101356961c143e7.bin,49e1ac7f94b316ddfe22ed5bff6a370c35733aeffe60663f5460168b844af86a
2019,British Grand Prix,Race,STR,VERIFIED_IN_SOURCE_DRIVERS_JSON,https://raw.githubusercontent.com/TracingInsights/2019/38741496a2d3736954069c3301e33737ffb3d777/British%20Grand%20Prix/Race/STR/laptimes.json,b554ff6a25edd8c90a64c928d819801c898d9f7a8b12b64a499a7c31ea5559a6,PHASE2_CACHE_HIT,200,15421,52,1,52,52,,2019:British Grand Prix:Race,/home/anshumandutta/Downloads/APEX-R_Devsez_Full_Application/phase2_data_foundation/cache/remote/5a10711f999885f49638494b9d0863f9aeb45da495c1ebf8cf5501a569295b28.bin,b554ff6a25edd8c90a64c928d819801c898d9f7a8b12b64a499a7c31ea5559a6
2019,British Grand Prix,Race,VER,VERIFIED_IN_SOURCE_DRIVERS_JSON,https://raw.githubusercontent.com/TracingInsights/2019/38741496a2d3736954069c3301e33737ffb3d777/British%20Grand%20Prix/Race/VER/laptimes.json,d367375a77a41c6baeb6cb18a7857a10636bc8c501d857f5d21908b153cf649b,PHASE2_CACHE_HIT,200,15576,52,1,52,52,,2019:British Grand Prix:Race,/home/anshumandutta/Downloads/APEX-R_Devsez_Full_Application/phase2_data_foundation/cache/remote/2b0e1645c6e3f102c0bde5f9f86359c6c4c4f292b15171a73835b06b24ad8596.bin,d367375a77a41c6baeb6cb18a7857a10636bc8c501d857f5d21908b153cf649b
2019,British Grand Prix,Race,VET,VERIFIED_IN_SOURCE_DRIVERS_JSON,https://raw.githubusercontent.com/TracingInsights/2019/38741496a2d3736954069c3301e33737ffb3d777/British%20Grand%20Prix/Race/VET/laptimes.json,4f5305a68ef8f296da4677245b02e6066fa2f0e64b9301a0e819d92ec4fd4196,PHASE2_CACHE_HIT,200,14827,51,1,51,51,,2019:British Grand Prix:Race,/home/anshumandutta/Downloads/APEX-R_Devsez_Full_Application/phase2_data_foundation/cache/remote/d71ec2c5ae130ef168724abe637354b7eaf986a81e1381487282553942bf68f1.bin,4f5305a68ef8f296da4677245b02e6066fa2f0e64b9301a0e819d92ec4fd4196
2019,Canadian Grand Prix,Race,ALB,VERIFIED_IN_SOURCE_DRIVERS_JSON,https://raw.githubusercontent.com/TracingInsights/2019/38741496a2d3736954069c3301e33737ffb3d777/Canadian%20Grand%20Prix/Race/ALB/laptimes.json,bac37a8e735f4fd98cf90c3642481e7798e375ad9134204f46e7bee528a2d115,PHASE2_CACHE_HIT,200,17663,60,1,60,60,,2019:Canadian Grand Prix:Race,/home/anshumandutta/Downloads/APEX-R_Devsez_Full_Application/phase2_data_foundation/cache/remote/26f55bbc9a7daa620732bc69fdcebc2099a0d7afa3665880596a87874ae48bf5.bin,bac37a8e735f4fd98cf90c3642481e7798e375ad9134204f46e7bee528a2d115
2019,Canadian Grand Prix,Race,BOT,VERIFIED_IN_SOURCE_DRIVERS_JSON,https://raw.githubusercontent.com/TracingInsights/2019/38741496a2d3736954069c3301e33737ffb3d777/Canadian%20Grand%20Prix/Race/BOT/laptimes.json,ba3d14758bb42e0131cf78985e7ae7752665749939cc07f1c7d230f91e0d9974,PHASE2_CACHE_HIT,200,20413,70,1,70,70,,2019:Canadian Grand Prix:Race,/home/anshumandutta/Downloads/APEX-R_Devsez_Full_Application/phase2_data_foundation/cache/remote/193d5ff88312a84f64bb21d991c0f5f76ffe8eeed2efab299874fb901670250d.bin,ba3d14758bb42e0131cf78985e7ae7752665749939cc07f1c7d230f91e0d9974
2019,Canadian Grand Prix,Race,GAS,VERIFIED_IN_SOURCE_DRIVERS_JSON,https://raw.githubusercontent.com/TracingInsights/2019/38741496a2d3736954069c3301e33737ffb3d777/Canadian%20Grand%20Prix/Race/GAS/laptimes.json,1e4a468301b3d7da7c6b560b4d152f23d51639f47c32a31250222865d8bef87e,PHASE2_CACHE_HIT,200,20535,69,1,69,69,,2019:Canadian Grand Prix:Race,/home/anshumandutta/Downloads/APEX-R_Devsez_Full_Application/phase2_data_foundation/cache/remote/0e4b3ff485a6988bd9bebc52197b2175aa4d27d118bbeb2e2036c9f60f03f8c9.bin,1e4a468301b3d7da7c6b560b4d152f23d51639f47c32a31250222865d8bef87e
2019,Canadian Grand Prix,Race,GIO,VERIFIED_IN_SOURCE_DRIVERS_JSON,https://raw.githubusercontent.com/TracingInsights/2019/38741496a2d3736954069c3301e33737ffb3d777/Canadian%20Grand%20Prix/Race/GIO/laptimes.json,04f102766230d7d3dd48bb9d4b0ff5e874f3b48bc925e272086512999215a362,PHASE2_CACHE_HIT,200,20792,69,1,69,69,,2019:Canadian Grand Prix:Race,/home/anshumandutta/Downloads/APEX-R_Devsez_Full_Application/phase2_data_foundation/cache/remote/aba6cd89437c6dd56eda2c59e3c69fc27e8ee3cbfc70ef0ba9bf80c8ad41c80b.bin,04f102766230d7d3dd48bb9d4b0ff5e874f3b48bc925e272086512999215a362
2019,Canadian Grand Prix,Race,GRO,VERIFIED_IN_SOURCE_DRIVERS_JSON,https://raw.githubusercontent.com/TracingInsights/2019/38741496a2d3736954069c3301e33737ffb3d777/Canadian%20Grand%20Prix/Race/GRO/laptimes.json,1c5fa54d340eedd47e76f5f72986e3b9015c1b46ca38ba6dd4f2afb8baa1980e,PHASE2_CACHE_HIT,200,20366,69,1,69,69,,2019:Canadian Grand Prix:Race,/home/anshumandutta/Downloads/APEX-R_Devsez_Full_Application/phase2_data_foundation/cache/remote/580fce34cc6dd8104a4dd91f2ca20d120efa6f500d77ba6e9aa57e3642cdcd1b.bin,1c5fa54d340eedd47e76f5f72986e3b9015c1b46ca38ba6dd4f2afb8baa1980e
2019,Canadian Grand Prix,Race,HAM,VERIFIED_IN_SOURCE_DRIVERS_JSON,https://raw.githubusercontent.com/TracingInsights/2019/38741496a2d3736954069c3301e33737ffb3d777/Canadian%20Grand%20Prix/Race/HAM/laptimes.json,4065892a7648b7a450efa188e2c3e2b28b8d519cee08780f926244fd686a9e61,PHASE2_CACHE_HIT,200,20403,70,1,70,70,,2019:Canadian Grand Prix:Race,/home/anshumandutta/Downloads/APEX-R_Devsez_Full_Application/phase2_data_foundation/cache/remote/ead0aae9e5828f3094efc998b8445ea92bf7c987be0998bd2cb075b7b1c69c9a.bin,4065892a7648b7a450efa188e2c3e2b28b8d519cee08780f926244fd686a9e61
2019,Canadian Grand Prix,Race,HUL,VERIFIED_IN_SOURCE_DRIVERS_JSON,https://raw.githubusercontent.com/TracingInsights/2019/38741496a2d3736954069c3301e33737ffb3d777/Canadian%20Grand%20Prix/Race/HUL/laptimes.json,bfc44e543f3089046c06423ded1414f9f6109a953c71e075d11599b9ecc916a4,PHASE2_CACHE_HIT,200,19986,69,1,69,69,,2019:Canadian Grand Prix:Race,/home/anshumandutta/Downloads/APEX-R_Devsez_Full_Application/phase2_data_foundation/cache/remote/dc321987b1ab35b2979d992b81ee9b5e67887d4fbb9620e4c833600965175cb3.bin,bfc44e543f3089046c06423ded1414f9f6109a953c71e075d11599b9ecc916a4
2019,Canadian Grand Prix,Race,KUB,VERIFIED_IN_SOURCE_DRIVERS_JSON,https://raw.githubusercontent.com/TracingInsights/2019/38741496a2d3736954069c3301e33737ffb3d777/Canadian%20Grand%20Prix/Race/KUB/laptimes.json,83a6b6acc016a9d220494f19a055e56928875d8a8975b66675e087232ba1a71d,PHASE2_CACHE_HIT,200,19537,67,1,67,67,,2019:Canadian Grand Prix:Race,/home/anshumandutta/Downloads/APEX-R_Devsez_Full_Application/phase2_data_foundation/cache/remote/6109087ca6957dfe72301bc5d8d20f6dbb74e2a5d2968e63e6cc172bfefd51fb.bin,83a6b6acc016a9d220494f19a055e56928875d8a8975b66675e087232ba1a71d
2019,Canadian Grand Prix,Race,KVY,VERIFIED_IN_SOURCE_DRIVERS_JSON,https://raw.githubusercontent.com/TracingInsights/2019/38741496a2d3736954069c3301e33737ffb3d777/Canadian%20Grand%20Prix/Race/KVY/laptimes.json,3c09007eacb0a7ca86be54ef19995c259ddc2d96bf17b7d4a4c4be84e9377d39,PHASE2_CACHE_HIT,200,20248,69,1,69,69,,2019:Canadian Grand Prix:Race,/home/anshumandutta/Downloads/APEX-R_Devsez_Full_Application/phase2_data_foundation/cache/remote/337eea500ff73fb05a4f2d592b28522d37efbcb11f3eb50835d9d8da1472c631.bin,3c09007eacb0a7ca86be54ef19995c259ddc2d96bf17b7d4a4c4be84e9377d39
2019,Canadian Grand Prix,Race,LEC,VERIFIED_IN_SOURCE_DRIVERS_JSON,https://raw.githubusercontent.com/TracingInsights/2019/38741496a2d3736954069c3301e33737ffb3d777/Canadian%20Grand%20Prix/Race/LEC/laptimes.json,b576c0ac390e8c036e8f88f6b04c0e74239ab020870cee68e6d07343e8828a6b,PHASE2_CACHE_HIT,200,20389,70,1,70,70,,2019:Canadian Grand Prix:Race,/home/anshumandutta/Downloads/APEX-R_Devsez_Full_Application/phase2_data_foundation/cache/remote/96d4af97433d09464568c555f619ae5ef5c932bf8642472ce673604ece230172.bin,b576c0ac390e8c036e8f88f6b04c0e74239ab020870cee68e6d07343e8828a6b
2019,Canadian Grand Prix,Race,MAG,VERIFIED_IN_SOURCE_DRIVERS_JSON,https://raw.githubusercontent.com/TracingInsights/2019/38741496a2d3736954069c3301e33737ffb3d777/Canadian%20Grand%20Prix/Race/MAG/laptimes.json,a0855250e4168a70bb9402a4322b2b5eee526392a098986d57d76fcca0ee95f3,PHASE2_CACHE_HIT,200,20157,68,1,68,68,,2019:Canadian Grand Prix:Race,/home/anshumandutta/Downloads/APEX-R_Devsez_Full_Application/phase2_data_foundation/cache/remote/3de6987452ab29aba2b0e939094be553ccfb953915becaa452b4f6abdeebe871.bin,a0855250e4168a70bb9402a4322b2b5eee526392a098986d57d76fcca0ee95f3
2019,Canadian Grand Prix,Race,NOR,VERIFIED_IN_SOURCE_DRIVERS_JSON,https://raw.githubusercontent.com/TracingInsights/2019/38741496a2d3736954069c3301e33737ffb3d777/Canadian%20Grand%20Prix/Race/NOR/laptimes.json,cb1b124f6ef8401064383f2ecef3eff9a2f70d0bf3a93da513efd91b8261526c,PHASE2_CACHE_HIT,200,2900,9,1,9,8,,2019:Canadian Grand Prix:Race,/home/anshumandutta/Downloads/APEX-R_Devsez_Full_Application/phase2_data_foundation/cache/remote/af093b0cfca25c96cfcd78f8fb4152d6a733462dd4e2d244e052cc4c69f4ae9c.bin,cb1b124f6ef8401064383f2ecef3eff9a2f70d0bf3a93da513efd91b8261526c
2019,Canadian Grand Prix,Race,PER,VERIFIED_IN_SOURCE_DRIVERS_JSON,https://raw.githubusercontent.com/TracingInsights/2019/38741496a2d3736954069c3301e33737ffb3d777/Canadian%20Grand%20Prix/Race/PER/laptimes.json,2efc03c228d0237d2c16b1e5758589e06c0a593a9fa85ebc874c36e09da1e52a,PHASE2_CACHE_HIT,200,20389,69,1,69,69,,2019:Canadian Grand Prix:Race,/home/anshumandutta/Downloads/APEX-R_Devsez_Full_Application/phase2_data_foundation/cache/remote/88b3d1a2d67888842e433930a75ce85c7355f79907c8887aa60ef2f0ab789fe3.bin,2efc03c228d0237d2c16b1e5758589e06c0a593a9fa85ebc874c36e09da1e52a
2019,Canadian Grand Prix,Race,RAI,VERIFIED_IN_SOURCE_DRIVERS_JSON,https://raw.githubusercontent.com/TracingInsights/2019/38741496a2d3736954069c3301e33737ffb3d777/Canadian%20Grand%20Prix/Race/RAI/laptimes.json,e182422551faa753b4135a5b073e851b84939a2e5217a833068d1c124886c17e,PHASE2_CACHE_HIT,200,20664,69,1,69,69,,2019:Canadian Grand Prix:Race,/home/anshumandutta/Downloads/APEX-R_Devsez_Full_Application/phase2_data_foundation/cache/remote/189ba81a7f05e4cd161c22db7e1a07bee9b0b6b75b409261ca60f212fcc168aa.bin,e182422551faa753b4135a5b073e851b84939a2e5217a833068d1c124886c17e
2019,Canadian Grand Prix,Race,RIC,VERIFIED_IN_SOURCE_DRIVERS_JSON,https://raw.githubusercontent.com/TracingInsights/2019/38741496a2d3736954069c3301e33737ffb3d777/Canadian%20Grand%20Prix/Race/RIC/laptimes.json,9a7082b7b43d405c58443e9201f8c6c97d4fc5482fa81f4bd5cfa12ddc8a459a,PHASE2_CACHE_HIT,200,19918,69,1,69,69,,2019:Canadian Grand Prix:Race,/home/anshumandutta/Downloads/APEX-R_Devsez_Full_Application/phase2_data_foundation/cache/remote/94fd940f8c1d55d7f4434f4429e22da10e55bd19a7f1cdb3f422f7d6228dee1d.bin,9a7082b7b43d405c58443e9201f8c6c97d4fc5482fa81f4bd5cfa12ddc8a459a
2019,Canadian Grand Prix,Race,RUS,VERIFIED_IN_SOURCE_DRIVERS_JSON,https://raw.githubusercontent.com/TracingInsights/2019/38741496a2d3736954069c3301e33737ffb3d777/Canadian%20Grand%20Prix/Race/RUS/laptimes.json,d19a28a8eace5d461f1fe7598200b49a61e8e53107f8bfebf0941f957b1f15dd,PHASE2_CACHE_HIT,200,19829,68,1,68,68,,2019:Canadian Grand Prix:Race,/home/anshumandutta/Downloads/APEX-R_Devsez_Full_Application/phase2_data_foundation/cache/remote/a42eb15bfa684a584a51b1e930c542d108f7d62834559cf6c8afd9873ab83def.bin,d19a28a8eace5d461f1fe7598200b49a61e8e53107f8bfebf0941f957b1f15dd
2019,Canadian Grand Prix,Race,SAI,VERIFIED_IN_SOURCE_DRIVERS_JSON,https://raw.githubusercontent.com/TracingInsights/2019/38741496a2d3736954069c3301e33737ffb3d777/Canadian%20Grand%20Prix/Race/SAI/laptimes.json,7bd6e1c1c8f580e2a98eb4c1ed62a6eb02936a01f70f961c6fca6171a0396bd7,PHASE2_CACHE_HIT,200,20018,69,1,69,69,,2019:Canadian Grand Prix:Race,/home/anshumandutta/Downloads/APEX-R_Devsez_Full_Application/phase2_data_foundation/cache/remote/19e694959d46e119f8bbf65f00b7ea7785c4d2ecda28d78f20e501c09e2a2cd5.bin,7bd6e1c1c8f580e2a98eb4c1ed62a6eb02936a01f70f961c6fca6171a0396bd7
2019,Canadian Grand Prix,Race,STR,VERIFIED_IN_SOURCE_DRIVERS_JSON,https://raw.githubusercontent.com/TracingInsights/2019/38741496a2d3736954069c3301e33737ffb3d777/Canadian%20Grand%20Prix/Race/STR/laptimes.json,4fa7bd2a3132591684cf4336582576a69f2a5f5ab28a8d660ceb3391237f2d0a,PHASE2_CACHE_HIT,200,20392,69,1,69,69,,2019:Canadian Grand Prix:Race,/home/anshumandutta/Downloads/APEX-R_Devsez_Full_Application/phase2_data_foundation/cache/remote/d48b2f3cc89f59fb04360c651bb594bd7e00d9880a5852cfe093f8cb97e91fb4.bin,4fa7bd2a3132591684cf4336582576a69f2a5f5ab28a8d660ceb3391237f2d0a
2019,Canadian Grand Prix,Race,VER,VERIFIED_IN_SOURCE_DRIVERS_JSON,https://raw.githubusercontent.com/TracingInsights/2019/38741496a2d3736954069c3301e33737ffb3d777/Canadian%20Grand%20Prix/Race/VER/laptimes.json,f1143d0cdd8e4f4f24f26e0c677495cef30b20627cc906fb44c0049f7d86f47d,PHASE2_CACHE_HIT,200,20893,70,1,70,70,,2019:Canadian Grand Prix:Race,/home/anshumandutta/Downloads/APEX-R_Devsez_Full_Application/phase2_data_foundation/cache/remote/40ab73bc6f820d674f000dc60887b1b548888b5e9c9f1f485f9cefe8f8af6642.bin,f1143d0cdd8e4f4f24f26e0c677495cef30b20627cc906fb44c0049f7d86f47d
2019,Canadian Grand Prix,Race,VET,VERIFIED_IN_SOURCE_DRIVERS_JSON,https://raw.githubusercontent.com/TracingInsights/2019/38741496a2d3736954069c3301e33737ffb3d777/Canadian%20Grand%20Prix/Race/VET/laptimes.json,72dd636f7e97236b4f19f3d3bc00c9075233bd5713635759d71c4419cff3df31,PHASE2_CACHE_HIT,200,20318,70,1,70,70,,2019:Canadian Grand Prix:Race,/home/anshumandutta/Downloads/APEX-R_Devsez_Full_Application/phase2_data_foundation/cache/remote/5c714d77b78aa3d1ef0755e9e95d7329593a10c5085b8b6e944f3f5c002d1cc8.bin,72dd636f7e97236b4f19f3d3bc00c9075233bd5713635759d71c4419cff3df31
2019,Chinese Grand Prix,Race,ALB,VERIFIED_IN_SOURCE_DRIVERS_JSON,https://raw.githubusercontent.com/TracingInsights/2019/38741496a2d3736954069c3301e33737ffb3d777/Chinese%20Grand%20Prix/Race/ALB/laptimes.json,f5ee32b2bc4acae40c702dc9b9d93b3b6dac866b2dd29de1e5b6b57a77af342a,PHASE2_CACHE_HIT,200,16194,55,1,55,55,,2019:Chinese Grand Prix:Race,/home/anshumandutta/Downloads/APEX-R_Devsez_Full_Application/phase2_data_foundation/cache/remote/ab659b9f63383e1ff2ac62469ffadbc5774cab78e6f5546a7f6c5ec2a97caf76.bin,f5ee32b2bc4acae40c702dc9b9d93b3b6dac866b2dd29de1e5b6b57a77af342a
2019,Chinese Grand Prix,Race,BOT,VERIFIED_IN_SOURCE_DRIVERS_JSON,https://raw.githubusercontent.com/TracingInsights/2019/38741496a2d3736954069c3301e33737ffb3d777/Chinese%20Grand%20Prix/Race/BOT/laptimes.json,eacee676213f6a9bc88a6f301e7675427b02d5164900f07ada0f5b074db0af0b,PHASE2_CACHE_HIT,200,16395,56,1,56,56,,2019:Chinese Grand Prix:Race,/home/anshumandutta/Downloads/APEX-R_Devsez_Full_Application/phase2_data_foundation/cache/remote/7bb5609da29cfc90099319038315a9bdaba552c31182539a9250130b0aff16d4.bin,eacee676213f6a9bc88a6f301e7675427b02d5164900f07ada0f5b074db0af0b
2019,Chinese Grand Prix,Race,GAS,VERIFIED_IN_SOURCE_DRIVERS_JSON,https://raw.githubusercontent.com/TracingInsights/2019/38741496a2d3736954069c3301e33737ffb3d777/Chinese%20Grand%20Prix/Race/GAS/laptimes.json,8ce67b777a516784a9ca88d36780e965e7c7b7e579f6fc4ad4b75c80a3af2a88,PHASE2_CACHE_HIT,200,16746,56,1,56,56,,2019:Chinese Grand Prix:Race,/home/anshumandutta/Downloads/APEX-R_Devsez_Full_Application/phase2_data_foundation/cache/remote/99cae780abff1390682acc236e16768e46d7499dcd1832a20d4ace62607c52ea.bin,8ce67b777a516784a9ca88d36780e965e7c7b7e579f6fc4ad4b75c80a3af2a88
2019,Chinese Grand Prix,Race,GIO,VERIFIED_IN_SOURCE_DRIVERS_JSON,https://raw.githubusercontent.com/TracingInsights/2019/38741496a2d3736954069c3301e33737ffb3d777/Chinese%20Grand%20Prix/Race/GIO/laptimes.json,b716b6a997e412e90d884abef9609c9e30b8639fe96058c43e95bf324dc852cb,PHASE2_CACHE_HIT,200,16700,55,1,55,55,,2019:Chinese Grand Prix:Race,/home/anshumandutta/Downloads/APEX-R_Devsez_Full_Application/phase2_data_foundation/cache/remote/886d6eb049b6169a7e53e5ffba19c3dd82cd97ec8b2a5d6c8b9d21236ab961c7.bin,b716b6a997e412e90d884abef9609c9e30b8639fe96058c43e95bf324dc852cb
2019,Chinese Grand Prix,Race,GRO,VERIFIED_IN_SOURCE_DRIVERS_JSON,https://raw.githubusercontent.com/TracingInsights/2019/38741496a2d3736954069c3301e33737ffb3d777/Chinese%20Grand%20Prix/Race/GRO/laptimes.json,ac3cff143e6b09ada9b989be7c88495adb1b60d32b75138f91940d79d5fd1c3f,PHASE2_CACHE_HIT,200,16309,55,1,55,55,,2019:Chinese Grand Prix:Race,/home/anshumandutta/Downloads/APEX-R_Devsez_Full_Application/phase2_data_foundation/cache/remote/f7970729173a698af0dbf030ae7730367145a00cfbe7f3808c372fa9d89e2e66.bin,ac3cff143e6b09ada9b989be7c88495adb1b60d32b75138f91940d79d5fd1c3f
2019,Chinese Grand Prix,Race,HAM,VERIFIED_IN_SOURCE_DRIVERS_JSON,https://raw.githubusercontent.com/TracingInsights/2019/38741496a2d3736954069c3301e33737ffb3d777/Chinese%20Grand%20Prix/Race/HAM/laptimes.json,39266e7f8f561abd382d73de727d7d8af504ec720e14a2508741df32adf1bfbe,PHASE2_CACHE_HIT,200,16440,56,1,56,56,,2019:Chinese Grand Prix:Race,/home/anshumandutta/Downloads/APEX-R_Devsez_Full_Application/phase2_data_foundation/cache/remote/19043ee345454d5da560091a3430ad394c254b1df625b46bac4893a9089f662c.bin,39266e7f8f561abd382d73de727d7d8af504ec720e14a2508741df32adf1bfbe
2019,Chinese Grand Prix,Race,HUL,VERIFIED_IN_SOURCE_DRIVERS_JSON,https://raw.githubusercontent.com/TracingInsights/2019/38741496a2d3736954069c3301e33737ffb3d777/Chinese%20Grand%20Prix/Race/HUL/laptimes.json,cbb16c3601d6b529262fd98ebbbc41cc0f3374a0275f1fa052925f1ba2709d83,PHASE2_CACHE_HIT,200,4928,16,1,16,16,,2019:Chinese Grand Prix:Race,/home/anshumandutta/Downloads/APEX-R_Devsez_Full_Application/phase2_data_foundation/cache/remote/17e9fcd661e76a5c8ce6d57b690d03f5e35278e59096b30187770e0cf841fa0c.bin,cbb16c3601d6b529262fd98ebbbc41cc0f3374a0275f1fa052925f1ba2709d83
2019,Chinese Grand Prix,Race,KUB,VERIFIED_IN_SOURCE_DRIVERS_JSON,https://raw.githubusercontent.com/TracingInsights/2019/38741496a2d3736954069c3301e33737ffb3d777/Chinese%20Grand%20Prix/Race/KUB/laptimes.json,6d4ac8e67550cfa026a7d4beb7454212e508ab8a87f460a8a819ecc131e20afc,PHASE2_CACHE_HIT,200,15876,54,1,54,54,,2019:Chinese Grand Prix:Race,/home/anshumandutta/Downloads/APEX-R_Devsez_Full_Application/phase2_data_foundation/cache/remote/484aa12ab06faff5f65cfa10489987468342cf4db73ac9520568560abfae7116.bin,6d4ac8e67550cfa026a7d4beb7454212e508ab8a87f460a8a819ecc131e20afc
2019,Chinese Grand Prix,Race,KVY,VERIFIED_IN_SOURCE_DRIVERS_JSON,https://raw.githubusercontent.com/TracingInsights/2019/38741496a2d3736954069c3301e33737ffb3d777/Chinese%20Grand%20Prix/Race/KVY/laptimes.json,31ac3f8d6001291f8a072d6779a0080b50585b391d603e011d55634f11ca6121,PHASE2_CACHE_HIT,200,12254,41,1,41,41,,2019:Chinese Grand Prix:Race,/home/anshumandutta/Downloads/APEX-R_Devsez_Full_Application/phase2_data_foundation/cache/remote/375e8bcf0801abe3773ec4ff073dbf4df4f3116b0809c6f7822a87b7612e0e96.bin,31ac3f8d6001291f8a072d6779a0080b50585b391d603e011d55634f11ca6121
2019,Chinese Grand Prix,Race,LEC,VERIFIED_IN_SOURCE_DRIVERS_JSON,https://raw.githubusercontent.com/TracingInsights/2019/38741496a2d3736954069c3301e33737ffb3d777/Chinese%20Grand%20Prix/Race/LEC/laptimes.json,d7efe4dd767be6ee6af7b61e96f69dcec683fda230ed9806345e6a38c3e25b93,PHASE2_CACHE_HIT,200,16356,56,1,56,56,,2019:Chinese Grand Prix:Race,/home/anshumandutta/Downloads/APEX-R_Devsez_Full_Application/phase2_data_foundation/cache/remote/51e3a85ea4ba705c6075e86d3559405b04d21127fb702217a7dda3ecc008df61.bin,d7efe4dd767be6ee6af7b61e96f69dcec683fda230ed9806345e6a38c3e25b93
2019,Chinese Grand Prix,Race,MAG,VERIFIED_IN_SOURCE_DRIVERS_JSON,https://raw.githubusercontent.com/TracingInsights/2019/38741496a2d3736954069c3301e33737ffb3d777/Chinese%20Grand%20Prix/Race/MAG/laptimes.json,bb86275c985455de9ba5b1572e6eb32ebd520c1506e8da8f37d554550dccc570,PHASE2_CACHE_HIT,200,16378,55,1,55,55,,2019:Chinese Grand Prix:Race,/home/anshumandutta/Downloads/APEX-R_Devsez_Full_Application/phase2_data_foundation/cache/remote/79926da61c34ec0bab07f02aaadf0045f543ef9ece8f698e4824b30afa7321cd.bin,bb86275c985455de9ba5b1572e6eb32ebd520c1506e8da8f37d554550dccc570
2019,Chinese Grand Prix,Race,NOR,VERIFIED_IN_SOURCE_DRIVERS_JSON,https://raw.githubusercontent.com/TracingInsights/2019/38741496a2d3736954069c3301e33737ffb3d777/Chinese%20Grand%20Prix/Race/NOR/laptimes.json,3c1dc5437095caf2d3d9c13bf3427c33cd703d487dc45416f80e3691f475547c,PHASE2_CACHE_HIT,200,14632,50,1,50,50,,2019:Chinese Grand Prix:Race,/home/anshumandutta/Downloads/APEX-R_Devsez_Full_Application/phase2_data_foundation/cache/remote/7d48fced662a70d36a33f74718e8538d742369695ac5f645f1a379a975fb0382.bin,3c1dc5437095caf2d3d9c13bf3427c33cd703d487dc45416f80e3691f475547c
2019,Chinese Grand Prix,Race,PER,VERIFIED_IN_SOURCE_DRIVERS_JSON,https://raw.githubusercontent.com/TracingInsights/2019/38741496a2d3736954069c3301e33737ffb3d777/Chinese%20Grand%20Prix/Race/PER/laptimes.json,ff2049619538dfbf1084f40a902df4dd5488be1db56da8abe3ebe55d907e8b51,PHASE2_CACHE_HIT,200,16312,55,1,55,55,,2019:Chinese Grand Prix:Race,/home/anshumandutta/Downloads/APEX-R_Devsez_Full_Application/phase2_data_foundation/cache/remote/53beef609b0544b801a8f2e2251ff108a21d02bd890ed067279ce3c26a42ee0f.bin,ff2049619538dfbf1084f40a902df4dd5488be1db56da8abe3ebe55d907e8b51
2019,Chinese Grand Prix,Race,RAI,VERIFIED_IN_SOURCE_DRIVERS_JSON,https://raw.githubusercontent.com/TracingInsights/2019/38741496a2d3736954069c3301e33737ffb3d777/Chinese%20Grand%20Prix/Race/RAI/laptimes.json,fe7f1de574b1d59f4ba583b8bf3936800405ddbecbb231fb3361344694f4aec3,PHASE2_CACHE_HIT,200,16535,55,1,55,55,,2019:Chinese Grand Prix:Race,/home/anshumandutta/Downloads/APEX-R_Devsez_Full_Application/phase2_data_foundation/cache/remote/d34c5b0d194dfc70ee7f798c3555e9bd297be7ecb3de8575f7e454d7d117413b.bin,fe7f1de574b1d59f4ba583b8bf3936800405ddbecbb231fb3361344694f4aec3
2019,Chinese Grand Prix,Race,RIC,VERIFIED_IN_SOURCE_DRIVERS_JSON,https://raw.githubusercontent.com/TracingInsights/2019/38741496a2d3736954069c3301e33737ffb3d777/Chinese%20Grand%20Prix/Race/RIC/laptimes.json,50e2edc5be85d2d761e008f836ff7846b864a00a39d3f53311b16bb8ba0db839,PHASE2_CACHE_HIT,200,15949,55,1,55,55,,2019:Chinese Grand Prix:Race,/home/anshumandutta/Downloads/APEX-R_Devsez_Full_Application/phase2_data_foundation/cache/remote/42b4ea03643577cf22a993efb2b1b1d036e93fc6f8b8d4ad655b8440d34051f1.bin,50e2edc5be85d2d761e008f836ff7846b864a00a39d3f53311b16bb8ba0db839
2019,Chinese Grand Prix,Race,RUS,VERIFIED_IN_SOURCE_DRIVERS_JSON,https://raw.githubusercontent.com/TracingInsights/2019/38741496a2d3736954069c3301e33737ffb3d777/Chinese%20Grand%20Prix/Race/RUS/laptimes.json,86480a158639fe2ddeecfd42545c1f4551b12bb22f9c2f339249f9f428f20019,PHASE2_CACHE_HIT,200,15879,54,1,54,54,,2019:Chinese Grand Prix:Race,/home/anshumandutta/Downloads/APEX-R_Devsez_Full_Application/phase2_data_foundation/cache/remote/12e802a451cc01ff23207c7bf5f7be518eda986ab1ab4f6af378d0eee407c8ba.bin,86480a158639fe2ddeecfd42545c1f4551b12bb22f9c2f339249f9f428f20019
2019,Chinese Grand Prix,Race,SAI,VERIFIED_IN_SOURCE_DRIVERS_JSON,https://raw.githubusercontent.com/TracingInsights/2019/38741496a2d3736954069c3301e33737ffb3d777/Chinese%20Grand%20Prix/Race/SAI/laptimes.json,d908641630c27245d2b73577045ff2719ac193a3fe582a3e78b65f1ded0780a0,PHASE2_CACHE_HIT,200,16050,55,1,55,55,,2019:Chinese Grand Prix:Race,/home/anshumandutta/Downloads/APEX-R_Devsez_Full_Application/phase2_data_foundation/cache/remote/aa31de17f536028734e70cb2b4608cb94667f9b4a9ccb5b3f4e59027385457be.bin,d908641630c27245d2b73577045ff2719ac193a3fe582a3e78b65f1ded0780a0
2019,Chinese Grand Prix,Race,STR,VERIFIED_IN_SOURCE_DRIVERS_JSON,https://raw.githubusercontent.com/TracingInsights/2019/38741496a2d3736954069c3301e33737ffb3d777/Chinese%20Grand%20Prix/Race/STR/laptimes.json,a267000d81290bfee106aa35c7afa0af589a391b0b7bc5c4810c14465e8ede5f,PHASE2_CACHE_HIT,200,16344,55,1,55,55,,2019:Chinese Grand Prix:Race,/home/anshumandutta/Downloads/APEX-R_Devsez_Full_Application/phase2_data_foundation/cache/remote/1b66f2300a25d40284485b47b38c3d670f2c964b5585448b17d61a619e323d92.bin,a267000d81290bfee106aa35c7afa0af589a391b0b7bc5c4810c14465e8ede5f
2019,Chinese Grand Prix,Race,VER,VERIFIED_IN_SOURCE_DRIVERS_JSON,https://raw.githubusercontent.com/TracingInsights/2019/38741496a2d3736954069c3301e33737ffb3d777/Chinese%20Grand%20Prix/Race/VER/laptimes.json,bca205ba5b8c0a11ab12249a16f7aff7a7f52562c4a17840aab41b189fa3b498,PHASE2_CACHE_HIT,200,16788,56,1,56,56,,2019:Chinese Grand Prix:Race,/home/anshumandutta/Downloads/APEX-R_Devsez_Full_Application/phase2_data_foundation/cache/remote/82979efa991cc8a3d5e41ae77e82a7364249386368f9b14a40c2400099c0ab3d.bin,bca205ba5b8c0a11ab12249a16f7aff7a7f52562c4a17840aab41b189fa3b498
2019,Chinese Grand Prix,Race,VET,VERIFIED_IN_SOURCE_DRIVERS_JSON,https://raw.githubusercontent.com/TracingInsights/2019/38741496a2d3736954069c3301e33737ffb3d777/Chinese%20Grand%20Prix/Race/VET/laptimes.json,ae2c2216142fcd2a5a0f0c4ab5911d298711189e2631f8835a0507a68ad5fe79,PHASE2_CACHE_HIT,200,16304,56,1,56,56,,2019:Chinese Grand Prix:Race,/home/anshumandutta/Downloads/APEX-R_Devsez_Full_Application/phase2_data_foundation/cache/remote/bb22fdb6767fd0bd2d462deaca2c52daff077ebdbcb7483f7595369c788351e8.bin,ae2c2216142fcd2a5a0f0c4ab5911d298711189e2631f8835a0507a68ad5fe79
2019,French Grand Prix,Race,ALB,VERIFIED_IN_SOURCE_DRIVERS_JSON,https://raw.githubusercontent.com/TracingInsights/2019/38741496a2d3736954069c3301e33737ffb3d777/French%20Grand%20Prix/Race/ALB/laptimes.json,2f6a5601906f848bf38d7365d9f4a7a480ba1d8240c4c502f7180d6b3250d30f,PHASE2_CACHE_HIT,200,15307,52,1,52,52,,2019:French Grand Prix:Race,/home/anshumandutta/Downloads/APEX-R_Devsez_Full_Application/phase2_data_foundation/cache/remote/90cb72b9aa36494b942db29033be62e6b6a175b9daceeec9de7f2ed19fee6345.bin,2f6a5601906f848bf38d7365d9f4a7a480ba1d8240c4c502f7180d6b3250d30f
2019,French Grand Prix,Race,BOT,VERIFIED_IN_SOURCE_DRIVERS_JSON,https://raw.githubusercontent.com/TracingInsights/2019/38741496a2d3736954069c3301e33737ffb3d777/French%20Grand%20Prix/Race/BOT/laptimes.json,47822ce362cb78ce2553382f0e40c4574fcbaaa95282acff9e24037b848d5ea0,PHASE2_CACHE_HIT,200,15465,53,1,53,53,,2019:French Grand Prix:Race,/home/anshumandutta/Downloads/APEX-R_Devsez_Full_Application/phase2_data_foundation/cache/remote/90fc60bd57ab7ce1fb88d5a458be52234efb0576b95b7c01528bf53724b51f73.bin,47822ce362cb78ce2553382f0e40c4574fcbaaa95282acff9e24037b848d5ea0
2019,French Grand Prix,Race,GAS,VERIFIED_IN_SOURCE_DRIVERS_JSON,https://raw.githubusercontent.com/TracingInsights/2019/38741496a2d3736954069c3301e33737ffb3d777/French%20Grand%20Prix/Race/GAS/laptimes.json,c33f9ed8663da6c191b74dc7401cb36967ef328d29935ad6e43d10853e17e2e8,PHASE2_CACHE_HIT,200,15534,52,1,52,52,,2019:French Grand Prix:Race,/home/anshumandutta/Downloads/APEX-R_Devsez_Full_Application/phase2_data_foundation/cache/remote/1a0d42a374b304712098cad5f3914a0200c25a8ef307f6c8fe2ff62b279d3247.bin,c33f9ed8663da6c191b74dc7401cb36967ef328d29935ad6e43d10853e17e2e8
2019,French Grand Prix,Race,GIO,VERIFIED_IN_SOURCE_DRIVERS_JSON,https://raw.githubusercontent.com/TracingInsights/2019/38741496a2d3736954069c3301e33737ffb3d777/French%20Grand%20Prix/Race/GIO/laptimes.json,2feb0475717d7c3dd36e87fc6292c5c5e5870e97f7fab6db931681fce6476de8,PHASE2_CACHE_HIT,200,15683,52,1,52,52,,2019:French Grand Prix:Race,/home/anshumandutta/Downloads/APEX-R_Devsez_Full_Application/phase2_data_foundation/cache/remote/e24cf33f95c5639088e0c9ec9639b2e7b5776df159b4ff06b82e681aa3e2eccd.bin,2feb0475717d7c3dd36e87fc6292c5c5e5870e97f7fab6db931681fce6476de8
2019,French Grand Prix,Race,GRO,VERIFIED_IN_SOURCE_DRIVERS_JSON,https://raw.githubusercontent.com/TracingInsights/2019/38741496a2d3736954069c3301e33737ffb3d777/French%20Grand%20Prix/Race/GRO/laptimes.json,1380d7eb789348ffb8d0f47f2ffac6d2bb6b8c54e6f3692bf70685291bb4d071,PHASE2_CACHE_HIT,200,13328,45,1,45,45,,2019:French Grand Prix:Race,/home/anshumandutta/Downloads/APEX-R_Devsez_Full_Application/phase2_data_foundation/cache/remote/d63ec2dc129c9676deddba9a837a9b30cbb9a6e0b1e8b7107f9b4a548f37ae02.bin,1380d7eb789348ffb8d0f47f2ffac6d2bb6b8c54e6f3692bf70685291bb4d071
2019,French Grand Prix,Race,HAM,VERIFIED_IN_SOURCE_DRIVERS_JSON,https://raw.githubusercontent.com/TracingInsights/2019/38741496a2d3736954069c3301e33737ffb3d777/French%20Grand%20Prix/Race/HAM/laptimes.json,7e0e3a68864448046382e0656381628e7d176e80d17c76aafff9bf2557c89345,PHASE2_CACHE_HIT,200,15461,53,1,53,53,,2019:French Grand Prix:Race,/home/anshumandutta/Downloads/APEX-R_Devsez_Full_Application/phase2_data_foundation/cache/remote/4c72a6492b216bd1a4d35beccaa7acc2ed2a5a913cd50dddd9485da65861abd1.bin,7e0e3a68864448046382e0656381628e7d176e80d17c76aafff9bf2557c89345
2019,French Grand Prix,Race,HUL,VERIFIED_IN_SOURCE_DRIVERS_JSON,https://raw.githubusercontent.com/TracingInsights/2019/38741496a2d3736954069c3301e33737ffb3d777/French%20Grand%20Prix/Race/HUL/laptimes.json,b7d5d3206c0e01e2cf8bbc902ee68adbe18d443113d5fd01124c44c7cba0119e,PHASE2_CACHE_HIT,200,15151,52,1,52,52,,2019:French Grand Prix:Race,/home/anshumandutta/Downloads/APEX-R_Devsez_Full_Application/phase2_data_foundation/cache/remote/6a6db8e32b6d7cda5e82dc1638024a88709697143f538a20de090ee0af1023c3.bin,b7d5d3206c0e01e2cf8bbc902ee68adbe18d443113d5fd01124c44c7cba0119e
2019,French Grand Prix,Race,KUB,VERIFIED_IN_SOURCE_DRIVERS_JSON,https://raw.githubusercontent.com/TracingInsights/2019/38741496a2d3736954069c3301e33737ffb3d777/French%20Grand%20Prix/Race/KUB/laptimes.json,73fc16dad947ebf4f7c4075d71a71feefce7d6f00085b80b5697933993573e15,PHASE2_CACHE_HIT,200,14947,51,1,51,51,,2019:French Grand Prix:Race,/home/anshumandutta/Downloads/APEX-R_Devsez_Full_Application/phase2_data_foundation/cache/remote/4a0c1dbaddeccc6a6b267c9e740bba1bf3196ba7198d969abadefde486aa0f7d.bin,73fc16dad947ebf4f7c4075d71a71feefce7d6f00085b80b5697933993573e15
2019,French Grand Prix,Race,KVY,VERIFIED_IN_SOURCE_DRIVERS_JSON,https://raw.githubusercontent.com/TracingInsights/2019/38741496a2d3736954069c3301e33737ffb3d777/French%20Grand%20Prix/Race/KVY/laptimes.json,1f8481fd0b8296a506dabca152714165f792a39e8ecfb918814bb400632dc638,PHASE2_CACHE_HIT,200,15307,52,1,52,52,,2019:French Grand Prix:Race,/home/anshumandutta/Downloads/APEX-R_Devsez_Full_Application/phase2_data_foundation/cache/remote/0a4c6d95ba16d94ac98ede2727899a689fa68a9d70ae122c0da16dc64e6d5729.bin,1f8481fd0b8296a506dabca152714165f792a39e8ecfb918814bb400632dc638
2019,French Grand Prix,Race,LEC,VERIFIED_IN_SOURCE_DRIVERS_JSON,https://raw.githubusercontent.com/TracingInsights/2019/38741496a2d3736954069c3301e33737ffb3d777/French%20Grand%20Prix/Race/LEC/laptimes.json,bb83501bcbc89b598e9d219069cfe4a3f2828d37a5fc012c45719e8303b6065f,PHASE2_CACHE_HIT,200,15442,53,1,53,53,,2019:French Grand Prix:Race,/home/anshumandutta/Downloads/APEX-R_Devsez_Full_Application/phase2_data_foundation/cache/remote/063d521ec88bd8998ba7157ca986e4cdd8a4621d00def9549a33cb8e63cf7362.bin,bb83501bcbc89b598e9d219069cfe4a3f2828d37a5fc012c45719e8303b6065f
2019,French Grand Prix,Race,MAG,VERIFIED_IN_SOURCE_DRIVERS_JSON,https://raw.githubusercontent.com/TracingInsights/2019/38741496a2d3736954069c3301e33737ffb3d777/French%20Grand%20Prix/Race/MAG/laptimes.json,3e32a7b71786c781fa55d447ba2a4c4a46d0a4b428aa0f4687fd1ddbe30493b6,PHASE2_CACHE_HIT,200,15408,52,1,52,52,,2019:French Grand Prix:Race,/home/anshumandutta/Downloads/APEX-R_Devsez_Full_Application/phase2_data_foundation/cache/remote/904311acdbf82c088b63f4c37a421084061726eb426ba7c3bef5d44846cb7ea5.bin,3e32a7b71786c781fa55d447ba2a4c4a46d0a4b428aa0f4687fd1ddbe30493b6
2019,French Grand Prix,Race,NOR,VERIFIED_IN_SOURCE_DRIVERS_JSON,https://raw.githubusercontent.com/TracingInsights/2019/38741496a2d3736954069c3301e33737ffb3d777/French%20Grand%20Prix/Race/NOR/laptimes.json,975bca7aeadb91718d8ea08653a74d0fde83bf2d48a4a0630aa8c36e00c7899d,PHASE2_CACHE_HIT,200,15088,52,1,52,52,,2019:French Grand Prix:Race,/home/anshumandutta/Downloads/APEX-R_Devsez_Full_Application/phase2_data_foundation/cache/remote/a80e683eb9896d7c1262eb1006da5acbaba0f48f90d5e9fe5c3d3c1120e7ad84.bin,975bca7aeadb91718d8ea08653a74d0fde83bf2d48a4a0630aa8c36e00c7899d
2019,French Grand Prix,Race,PER,VERIFIED_IN_SOURCE_DRIVERS_JSON,https://raw.githubusercontent.com/TracingInsights/2019/38741496a2d3736954069c3301e33737ffb3d777/French%20Grand%20Prix/Race/PER/laptimes.json,7110ba288e733937bd03d6447aca9d517de1cffeff9af704e59fa2dc5c2e3f7e,PHASE2_CACHE_HIT,200,15424,52,1,52,52,,2019:French Grand Prix:Race,/home/anshumandutta/Downloads/APEX-R_Devsez_Full_Application/phase2_data_foundation/cache/remote/2db1f902b81fc43599c586044870fd6cf7029486d6d0732422e569e5b33f34f3.bin,7110ba288e733937bd03d6447aca9d517de1cffeff9af704e59fa2dc5c2e3f7e
2019,French Grand Prix,Race,RAI,VERIFIED_IN_SOURCE_DRIVERS_JSON,https://raw.githubusercontent.com/TracingInsights/2019/38741496a2d3736954069c3301e33737ffb3d777/French%20Grand%20Prix/Race/RAI/laptimes.json,e919d9ace5ec7c7f3f5b024d0901eea235322f8c17fd5c5df25ec744d77abefe,PHASE2_CACHE_HIT,200,15602,52,1,52,52,,2019:French Grand Prix:Race,/home/anshumandutta/Downloads/APEX-R_Devsez_Full_Application/phase2_data_foundation/cache/remote/d4a65b57998a28abcd75e4bf5b3e3e30bc2a55e853fdb531f819a3ea8a9c85e8.bin,e919d9ace5ec7c7f3f5b024d0901eea235322f8c17fd5c5df25ec744d77abefe
2019,French Grand Prix,Race,RIC,VERIFIED_IN_SOURCE_DRIVERS_JSON,https://raw.githubusercontent.com/TracingInsights/2019/38741496a2d3736954069c3301e33737ffb3d777/French%20Grand%20Prix/Race/RIC/laptimes.json,530433350e27dc427219f2724e86c538c8b16f309c138dc26105f254335e5aa4,PHASE2_CACHE_HIT,200,15069,52,1,52,52,,2019:French Grand Prix:Race,/home/anshumandutta/Downloads/APEX-R_Devsez_Full_Application/phase2_data_foundation/cache/remote/0a7f6a9b2aaf85c0f9b12a129c00f03bf9f8d4e218c914a065d0dcf92435ae84.bin,530433350e27dc427219f2724e86c538c8b16f309c138dc26105f254335e5aa4
2019,French Grand Prix,Race,RUS,VERIFIED_IN_SOURCE_DRIVERS_JSON,https://raw.githubusercontent.com/TracingInsights/2019/38741496a2d3736954069c3301e33737ffb3d777/French%20Grand%20Prix/Race/RUS/laptimes.json,03d0845086fff567cbf41b8873a720cbd6c43c6c41b126111812fda86d4289c8,PHASE2_CACHE_HIT,200,14970,51,1,51,51,,2019:French Grand Prix:Race,/home/anshumandutta/Downloads/APEX-R_Devsez_Full_Application/phase2_data_foundation/cache/remote/ac15990ae26c4d04f1b7288310031fe6179b38a8142d09f6da11fc5b51157c42.bin,03d0845086fff567cbf41b8873a720cbd6c43c6c41b126111812fda86d4289c8
2019,French Grand Prix,Race,SAI,VERIFIED_IN_SOURCE_DRIVERS_JSON,https://raw.githubusercontent.com/TracingInsights/2019/38741496a2d3736954069c3301e33737ffb3d777/French%20Grand%20Prix/Race/SAI/laptimes.json,cc289e8c1f2005773f2f9209f2e329281d3edf8e27393d4acfd88ba04f413125,PHASE2_CACHE_HIT,200,15416,53,1,53,53,,2019:French Grand Prix:Race,/home/anshumandutta/Downloads/APEX-R_Devsez_Full_Application/phase2_data_foundation/cache/remote/d7336093622579cc59c813a4c47a042bbac91056c97268da3ff66730df1b4e52.bin,cc289e8c1f2005773f2f9209f2e329281d3edf8e27393d4acfd88ba04f413125
2019,French Grand Prix,Race,STR,VERIFIED_IN_SOURCE_DRIVERS_JSON,https://raw.githubusercontent.com/TracingInsights/2019/38741496a2d3736954069c3301e33737ffb3d777/French%20Grand%20Prix/Race/STR/laptimes.json,a81d83ca77003db9d63ab95f306fc0a163d49d9e8b4c7da017c2baaa03cbeeca,PHASE2_CACHE_HIT,200,15373,52,1,52,52,,2019:French Grand Prix:Race,/home/anshumandutta/Downloads/APEX-R_Devsez_Full_Application/phase2_data_foundation/cache/remote/15388ca3f93c826cfaf46cf4f807f8380af92a48816e5b4ee533be0270f48641.bin,a81d83ca77003db9d63ab95f306fc0a163d49d9e8b4c7da017c2baaa03cbeeca
2019,French Grand Prix,Race,VER,VERIFIED_IN_SOURCE_DRIVERS_JSON,https://raw.githubusercontent.com/TracingInsights/2019/38741496a2d3736954069c3301e33737ffb3d777/French%20Grand%20Prix/Race/VER/laptimes.json,f30959162754b1771682cc6b5f8dee98685de8b00aa0f7db615a732d730de799,PHASE2_CACHE_HIT,200,15827,53,1,53,53,,2019:French Grand Prix:Race,/home/anshumandutta/Downloads/APEX-R_Devsez_Full_Application/phase2_data_foundation/cache/remote/6574d67cef7add243d33d72056ec4a54460b1fdbfacc45b034bad35c4a36ded4.bin,f30959162754b1771682cc6b5f8dee98685de8b00aa0f7db615a732d730de799
2019,French Grand Prix,Race,VET,VERIFIED_IN_SOURCE_DRIVERS_JSON,https://raw.githubusercontent.com/TracingInsights/2019/38741496a2d3736954069c3301e33737ffb3d777/French%20Grand%20Prix/Race/VET/laptimes.json,51e16e63c291479ec393750a0cee519a6205f3608bfe1c87a4f37abb78da0af7,PHASE2_CACHE_HIT,200,15353,53,1,53,53,,2019:French Grand Prix:Race,/home/anshumandutta/Downloads/APEX-R_Devsez_Full_Application/phase2_data_foundation/cache/remote/5f5e0da96b42a9c37599324a55af67b8650c66bfb6e91c9e7f5eaeefeb434dee.bin,51e16e63c291479ec393750a0cee519a6205f3608bfe1c87a4f37abb78da0af7
2019,German Grand Prix,Race,ALB,VERIFIED_IN_SOURCE_DRIVERS_JSON,https://raw.githubusercontent.com/TracingInsights/2019/38741496a2d3736954069c3301e33737ffb3d777/German%20Grand%20Prix/Race/ALB/laptimes.json,6f446b9fc809f53de05a1370c5fa0e7a406735868d711e04bfc39c87e0bc3dcf,PHASE2_CACHE_HIT,200,18991,64,1,64,64,,2019:German Grand Prix:Race,/home/anshumandutta/Downloads/APEX-R_Devsez_Full_Application/phase2_data_foundation/cache/remote/b570a8339e638873d8336aada2cf33f06ed7cc3fbc9efb287851cf52652dde4d.bin,6f446b9fc809f53de05a1370c5fa0e7a406735868d711e04bfc39c87e0bc3dcf
2019,German Grand Prix,Race,BOT,VERIFIED_IN_SOURCE_DRIVERS_JSON,https://raw.githubusercontent.com/TracingInsights/2019/38741496a2d3736954069c3301e33737ffb3d777/German%20Grand%20Prix/Race/BOT/laptimes.json,69f1f5fec338150af5374897b38d3659ef735de9265a3cbf984a0ec97894b6fa,PHASE2_CACHE_HIT,200,16851,57,1,57,56,,2019:German Grand Prix:Race,/home/anshumandutta/Downloads/APEX-R_Devsez_Full_Application/phase2_data_foundation/cache/remote/e294b425f0e339f2cc8deb4c6460bbf0d146084e5f6aa5fb7c1c56453cccc136.bin,69f1f5fec338150af5374897b38d3659ef735de9265a3cbf984a0ec97894b6fa
2019,German Grand Prix,Race,GAS,VERIFIED_IN_SOURCE_DRIVERS_JSON,https://raw.githubusercontent.com/TracingInsights/2019/38741496a2d3736954069c3301e33737ffb3d777/German%20Grand%20Prix/Race/GAS/laptimes.json,8a85eee1efc81ae7212dc5f10689643f200cc7ad9e68bc9f128dafa84dc3a9aa,PHASE2_CACHE_HIT,200,18755,62,1,62,61,,2019:German Grand Prix:Race,/home/anshumandutta/Downloads/APEX-R_Devsez_Full_Application/phase2_data_foundation/cache/remote/d07c90256e2ef275050929a157bcfaaaff39e05e88fecc6b869d54ce6016bc00.bin,8a85eee1efc81ae7212dc5f10689643f200cc7ad9e68bc9f128dafa84dc3a9aa
2019,German Grand Prix,Race,GIO,VERIFIED_IN_SOURCE_DRIVERS_JSON,https://raw.githubusercontent.com/TracingInsights/2019/38741496a2d3736954069c3301e33737ffb3d777/German%20Grand%20Prix/Race/GIO/laptimes.json,ef720f3ee5d464447d263ff7d4c6ed8751875c730b0eeceded0819ebcd1f46c2,PHASE2_CACHE_HIT,200,19467,64,1,64,64,,2019:German Grand Prix:Race,/home/anshumandutta/Downloads/APEX-R_Devsez_Full_Application/phase2_data_foundation/cache/remote/72b5fa1f5e42dbe7e39790f2fb2a958083e4c0add3dcf06ac883cdc4f91544b6.bin,ef720f3ee5d464447d263ff7d4c6ed8751875c730b0eeceded0819ebcd1f46c2
2019,German Grand Prix,Race,GRO,VERIFIED_IN_SOURCE_DRIVERS_JSON,https://raw.githubusercontent.com/TracingInsights/2019/38741496a2d3736954069c3301e33737ffb3d777/German%20Grand%20Prix/Race/GRO/laptimes.json,b7b6f78f7eeed56aa6b2980df0fa4eb3414f8d279e891a2a60ab48b71e42bf41,PHASE2_CACHE_HIT,200,19103,64,1,64,64,,2019:German Grand Prix:Race,/home/anshumandutta/Downloads/APEX-R_Devsez_Full_Application/phase2_data_foundation/cache/remote/03ac00573fd38d78221887a60db474581935d0e8cbf990405dc36dbf556a9487.bin,b7b6f78f7eeed56aa6b2980df0fa4eb3414f8d279e891a2a60ab48b71e42bf41
2019,German Grand Prix,Race,HAM,VERIFIED_IN_SOURCE_DRIVERS_JSON,https://raw.githubusercontent.com/TracingInsights/2019/38741496a2d3736954069c3301e33737ffb3d777/German%20Grand%20Prix/Race/HAM/laptimes.json,f0a8320486730578bb7529e5419f4e64b310b8409c3fc3ada230ab327c78e466,PHASE2_CACHE_HIT,200,18892,64,1,64,64,,2019:German Grand Prix:Race,/home/anshumandutta/Downloads/APEX-R_Devsez_Full_Application/phase2_data_foundation/cache/remote/ac5b676ff37e0460e6dfeac1f45b978ea121ce3ce9e452070c89bdd6f2f3ac86.bin,f0a8320486730578bb7529e5419f4e64b310b8409c3fc3ada230ab327c78e466
2019,German Grand Prix,Race,HUL,VERIFIED_IN_SOURCE_DRIVERS_JSON,https://raw.githubusercontent.com/TracingInsights/2019/38741496a2d3736954069c3301e33737ffb3d777/German%20Grand%20Prix/Race/HUL/laptimes.json,77623abd8885a7358d178321a9779fc3635c31c6256395687e9fa4bb9f9c10c2,PHASE2_CACHE_HIT,200,11951,40,1,40,39,,2019:German Grand Prix:Race,/home/anshumandutta/Downloads/APEX-R_Devsez_Full_Application/phase2_data_foundation/cache/remote/7e8f2030dbb7578cce499acf9e186bcaf0944a33d4903a085da4d73921c1d07c.bin,77623abd8885a7358d178321a9779fc3635c31c6256395687e9fa4bb9f9c10c2
2019,German Grand Prix,Race,KUB,VERIFIED_IN_SOURCE_DRIVERS_JSON,https://raw.githubusercontent.com/TracingInsights/2019/38741496a2d3736954069c3301e33737ffb3d777/German%20Grand%20Prix/Race/KUB/laptimes.json,aafce652f1505a52be41eb450824fa50041a12bb72cecc85e0e78ca0ede630bb,PHASE2_CACHE_HIT,200,18900,64,1,64,64,,2019:German Grand Prix:Race,/home/anshumandutta/Downloads/APEX-R_Devsez_Full_Application/phase2_data_foundation/cache/remote/5fe3f6e14aeca7ecab1d196b552c06c36ff5b9bf6d4fd282b6700a544882653a.bin,aafce652f1505a52be41eb450824fa50041a12bb72cecc85e0e78ca0ede630bb
2019,German Grand Prix,Race,KVY,VERIFIED_IN_SOURCE_DRIVERS_JSON,https://raw.githubusercontent.com/TracingInsights/2019/38741496a2d3736954069c3301e33737ffb3d777/German%20Grand%20Prix/Race/KVY/laptimes.json,3c6437059c0c8eae0322fd90aa74ec9598214f07a14894ff46cd120aa2c96073,PHASE2_CACHE_HIT,200,19009,64,1,64,64,,2019:German Grand Prix:Race,/home/anshumandutta/Downloads/APEX-R_Devsez_Full_Application/phase2_data_foundation/cache/remote/ba2e821b38b318016486e59d0a7cce48171a7f8610d6f317c22e6136f9a24d68.bin,3c6437059c0c8eae0322fd90aa74ec9598214f07a14894ff46cd120aa2c96073
2019,German Grand Prix,Race,LEC,VERIFIED_IN_SOURCE_DRIVERS_JSON,https://raw.githubusercontent.com/TracingInsights/2019/38741496a2d3736954069c3301e33737ffb3d777/German%20Grand%20Prix/Race/LEC/laptimes.json,5e96c4e0846c55f59134cd0425cda207ddf2df1bcd71d3c10899c4192b40edb9,PHASE2_CACHE_HIT,200,8153,27,1,27,27,,2019:German Grand Prix:Race,/home/anshumandutta/Downloads/APEX-R_Devsez_Full_Application/phase2_data_foundation/cache/remote/a7eb8acedeab529ffe44f88188257179264921d684716cc92b84811ab52c3398.bin,5e96c4e0846c55f59134cd0425cda207ddf2df1bcd71d3c10899c4192b40edb9
2019,German Grand Prix,Race,MAG,VERIFIED_IN_SOURCE_DRIVERS_JSON,https://raw.githubusercontent.com/TracingInsights/2019/38741496a2d3736954069c3301e33737ffb3d777/German%20Grand%20Prix/Race/MAG/laptimes.json,ecaf4d5401b4ada34c3cb189b63854ecbbbee02fbcb440fba010208d44a8e233,PHASE2_CACHE_HIT,200,19077,64,1,64,64,,2019:German Grand Prix:Race,/home/anshumandutta/Downloads/APEX-R_Devsez_Full_Application/phase2_data_foundation/cache/remote/4a3ac64e1cec5427a4c1b076f015c26a86e90b31c75a387dde740c248614a627.bin,ecaf4d5401b4ada34c3cb189b63854ecbbbee02fbcb440fba010208d44a8e233
2019,German Grand Prix,Race,NOR,VERIFIED_IN_SOURCE_DRIVERS_JSON,https://raw.githubusercontent.com/TracingInsights/2019/38741496a2d3736954069c3301e33737ffb3d777/German%20Grand%20Prix/Race/NOR/laptimes.json,ba509dce4c0654608efeab13c0316ec175dcc19b0edc7b30b10f70efb4d883d8,PHASE2_CACHE_HIT,200,7554,25,1,25,25,,2019:German Grand Prix:Race,/home/anshumandutta/Downloads/APEX-R_Devsez_Full_Application/phase2_data_foundation/cache/remote/2333dac5bc36a42805c8bcc1c8b1d881b7d947c33dbff0cb53e54f298d71e096.bin,ba509dce4c0654608efeab13c0316ec175dcc19b0edc7b30b10f70efb4d883d8
2019,German Grand Prix,Race,PER,VERIFIED_IN_SOURCE_DRIVERS_JSON,https://raw.githubusercontent.com/TracingInsights/2019/38741496a2d3736954069c3301e33737ffb3d777/German%20Grand%20Prix/Race/PER/laptimes.json,0c773abca87c8e9bc8830c001714627736faa6267a08b5c203028e039da51021,PHASE2_CACHE_HIT,200,928,2,1,2,1,,2019:German Grand Prix:Race,/home/anshumandutta/Downloads/APEX-R_Devsez_Full_Application/phase2_data_foundation/cache/remote/f693a83a8e0c10033a27f0163fd3403ef19054311d7b8f3290ce8262d786ddb8.bin,0c773abca87c8e9bc8830c001714627736faa6267a08b5c203028e039da51021
2019,German Grand Prix,Race,RAI,VERIFIED_IN_SOURCE_DRIVERS_JSON,https://raw.githubusercontent.com/TracingInsights/2019/38741496a2d3736954069c3301e33737ffb3d777/German%20Grand%20Prix/Race/RAI/laptimes.json,eee14471c232844d4e35ec314566e143f0570b0c9030530347b72b6f9be37023,PHASE2_CACHE_HIT,200,19384,64,1,64,64,,2019:German Grand Prix:Race,/home/anshumandutta/Downloads/APEX-R_Devsez_Full_Application/phase2_data_foundation/cache/remote/74c00339f394aab6441aeec12a29892d9c7920a4c1605dd874c0de512cef65bf.bin,eee14471c232844d4e35ec314566e143f0570b0c9030530347b72b6f9be37023
2019,German Grand Prix,Race,RIC,VERIFIED_IN_SOURCE_DRIVERS_JSON,https://raw.githubusercontent.com/TracingInsights/2019/38741496a2d3736954069c3301e33737ffb3d777/German%20Grand%20Prix/Race/RIC/laptimes.json,ef24f1663dc8965752b3f02ce1ab304f300b5ad4a4b7aaa90ab562f3b5749061,PHASE2_CACHE_HIT,200,4379,14,1,14,13,,2019:German Grand Prix:Race,/home/anshumandutta/Downloads/APEX-R_Devsez_Full_Application/phase2_data_foundation/cache/remote/d79c14dde59878c63050c7e5d9c26258b3ecf05feb36eeac847f8042d4e44a92.bin,ef24f1663dc8965752b3f02ce1ab304f300b5ad4a4b7aaa90ab562f3b5749061
2019,German Grand Prix,Race,RUS,VERIFIED_IN_SOURCE_DRIVERS_JSON,https://raw.githubusercontent.com/TracingInsights/2019/38741496a2d3736954069c3301e33737ffb3d777/German%20Grand%20Prix/Race/RUS/laptimes.json,6bcff8cd371a365ac516bde1c87fbe05a44ecc9287c59119c759ec37746dee1e,PHASE2_CACHE_HIT,200,18891,64,1,64,64,,2019:German Grand Prix:Race,/home/anshumandutta/Downloads/APEX-R_Devsez_Full_Application/phase2_data_foundation/cache/remote/db3185814d65a8c45d49da6455d84b2707c47b7af2f388a25190bb687739f941.bin,6bcff8cd371a365ac516bde1c87fbe05a44ecc9287c59119c759ec37746dee1e
2019,German Grand Prix,Race,SAI,VERIFIED_IN_SOURCE_DRIVERS_JSON,https://raw.githubusercontent.com/TracingInsights/2019/38741496a2d3736954069c3301e33737ffb3d777/German%20Grand%20Prix/Race/SAI/laptimes.json,0219fb0c51fa158a8675a41604a705527276124039084e23fbe99dcb8cd8a585,PHASE2_CACHE_HIT,200,18832,64,1,64,64,,2019:German Grand Prix:Race,/home/anshumandutta/Downloads/APEX-R_Devsez_Full_Application/phase2_data_foundation/cache/remote/620946552e395147f579547d66a9d8fc08a72c981f3d22d31694c9b4f5fec1c5.bin,0219fb0c51fa158a8675a41604a705527276124039084e23fbe99dcb8cd8a585
2019,German Grand Prix,Race,STR,VERIFIED_IN_SOURCE_DRIVERS_JSON,https://raw.githubusercontent.com/TracingInsights/2019/38741496a2d3736954069c3301e33737ffb3d777/German%20Grand%20Prix/Race/STR/laptimes.json,1bbbe1bdeea853ccc2fb29d03c2e504a6f629a62b4059b9fdb4fe81ba7952b40,PHASE2_CACHE_HIT,200,19086,64,1,64,64,,2019:German Grand Prix:Race,/home/anshumandutta/Downloads/APEX-R_Devsez_Full_Application/phase2_data_foundation/cache/remote/11e86b54bbe8a0b97fd983c0ecfd853769b26f726212497cf6b2511372c6f73f.bin,1bbbe1bdeea853ccc2fb29d03c2e504a6f629a62b4059b9fdb4fe81ba7952b40
2019,German Grand Prix,Race,VER,VERIFIED_IN_SOURCE_DRIVERS_JSON,https://raw.githubusercontent.com/TracingInsights/2019/38741496a2d3736954069c3301e33737ffb3d777/German%20Grand%20Prix/Race/VER/laptimes.json,34005849541b797f721bb945e79b163a85c7fabf1fea718719de94b7ef568ddd,PHASE2_CACHE_HIT,200,19273,64,1,64,64,,2019:German Grand Prix:Race,/home/anshumandutta/Downloads/APEX-R_Devsez_Full_Application/phase2_data_foundation/cache/remote/eed772b091b50af70e02f705c2cff58ed423c0b3cc2b517d752388cf08f6d35d.bin,34005849541b797f721bb945e79b163a85c7fabf1fea718719de94b7ef568ddd
2019,German Grand Prix,Race,VET,VERIFIED_IN_SOURCE_DRIVERS_JSON,https://raw.githubusercontent.com/TracingInsights/2019/38741496a2d3736954069c3301e33737ffb3d777/German%20Grand%20Prix/Race/VET/laptimes.json,b0fb79f882ed6f5b8fd99f35bcdfbfa8f19d15abafa16eb3940d3e18f2bdbba6,PHASE2_CACHE_HIT,200,18725,64,1,64,64,,2019:German Grand Prix:Race,/home/anshumandutta/Downloads/APEX-R_Devsez_Full_Application/phase2_data_foundation/cache/remote/7faf090897896ec3be03352dc033eca9fd5b67e9d3d6be9df255179fe1d4f288.bin,b0fb79f882ed6f5b8fd99f35bcdfbfa8f19d15abafa16eb3940d3e18f2bdbba6
2019,Hungarian Grand Prix,Race,ALB,VERIFIED_IN_SOURCE_DRIVERS_JSON,https://raw.githubusercontent.com/TracingInsights/2019/38741496a2d3736954069c3301e33737ffb3d777/Hungarian%20Grand%20Prix/Race/ALB/laptimes.json,a17b3447043131055c97c33e4469f3b19d6a4fa85209965083f4a0adc9c2bb3a,PHASE2_CACHE_HIT,200,20227,69,1,69,69,,2019:Hungarian Grand Prix:Race,/home/anshumandutta/Downloads/APEX-R_Devsez_Full_Application/phase2_data_foundation/cache/remote/59049a2a208742f25b56ca2c1c913d46c2cf338b49589baa884dd20d76f2a19a.bin,a17b3447043131055c97c33e4469f3b19d6a4fa85209965083f4a0adc9c2bb3a
2019,Hungarian Grand Prix,Race,BOT,VERIFIED_IN_SOURCE_DRIVERS_JSON,https://raw.githubusercontent.com/TracingInsights/2019/38741496a2d3736954069c3301e33737ffb3d777/Hungarian%20Grand%20Prix/Race/BOT/laptimes.json,273eaa722120500f3cc4b9c50e3143d418bb69d9c2667bd11620b73bce6221bb,PHASE2_CACHE_HIT,200,20086,69,1,69,69,,2019:Hungarian Grand Prix:Race,/home/anshumandutta/Downloads/APEX-R_Devsez_Full_Application/phase2_data_foundation/cache/remote/cff81bb1eab749b5315220646ca19e03aff4098d5b28a598ae4601978864bdc1.bin,273eaa722120500f3cc4b9c50e3143d418bb69d9c2667bd11620b73bce6221bb
2019,Hungarian Grand Prix,Race,GAS,VERIFIED_IN_SOURCE_DRIVERS_JSON,https://raw.githubusercontent.com/TracingInsights/2019/38741496a2d3736954069c3301e33737ffb3d777/Hungarian%20Grand%20Prix/Race/GAS/laptimes.json,0c169b65d1c1c8ec0c99eac73dcd98a36ec15b2434ea48b83cb46c44a151dd70,PHASE2_CACHE_HIT,200,20542,69,1,69,69,,2019:Hungarian Grand Prix:Race,/home/anshumandutta/Downloads/APEX-R_Devsez_Full_Application/phase2_data_foundation/cache/remote/5fd6364d57b9807fa8bf6e1ee666fd0af6ff2ab164e4985e63aed3bf50d56160.bin,0c169b65d1c1c8ec0c99eac73dcd98a36ec15b2434ea48b83cb46c44a151dd70
2019,Hungarian Grand Prix,Race,GIO,VERIFIED_IN_SOURCE_DRIVERS_JSON,https://raw.githubusercontent.com/TracingInsights/2019/38741496a2d3736954069c3301e33737ffb3d777/Hungarian%20Grand%20Prix/Race/GIO/laptimes.json,89aa4c13343a14e18c033ded0b707f61b8b889d709e2b61a40fa1c3bca6992ff,PHASE2_CACHE_HIT,200,20396,68,1,68,68,,2019:Hungarian Grand Prix:Race,/home/anshumandutta/Downloads/APEX-R_Devsez_Full_Application/phase2_data_foundation/cache/remote/0cb956308c87562b340a16551c30c656062b111744920150252fb89cb050a8f5.bin,89aa4c13343a14e18c033ded0b707f61b8b889d709e2b61a40fa1c3bca6992ff
2019,Hungarian Grand Prix,Race,GRO,VERIFIED_IN_SOURCE_DRIVERS_JSON,https://raw.githubusercontent.com/TracingInsights/2019/38741496a2d3736954069c3301e33737ffb3d777/Hungarian%20Grand%20Prix/Race/GRO/laptimes.json,11a595f6ff4ae53e2df91b54221aac2d43b4eb6d4168043b0c351f9aa95a377d,PHASE2_CACHE_HIT,200,14489,49,1,49,49,,2019:Hungarian Grand Prix:Race,/home/anshumandutta/Downloads/APEX-R_Devsez_Full_Application/phase2_data_foundation/cache/remote/365da24f244a2c15d930bc7030903e0484004f222aec4b506022adebcb3a93ef.bin,11a595f6ff4ae53e2df91b54221aac2d43b4eb6d4168043b0c351f9aa95a377d
2019,Hungarian Grand Prix,Race,HAM,VERIFIED_IN_SOURCE_DRIVERS_JSON,https://raw.githubusercontent.com/TracingInsights/2019/38741496a2d3736954069c3301e33737ffb3d777/Hungarian%20Grand%20Prix/Race/HAM/laptimes.json,2d2cfefcdcd630f5da99d90465d2ab169bffdcaccd1bdbad439f74125f65bc03,PHASE2_CACHE_HIT,200,20415,70,1,70,70,,2019:Hungarian Grand Prix:Race,/home/anshumandutta/Downloads/APEX-R_Devsez_Full_Application/phase2_data_foundation/cache/remote/8749bc38a786dc957d3bfce2be4aea0a283146ba0b75d3d43206563927f90dba.bin,2d2cfefcdcd630f5da99d90465d2ab169bffdcaccd1bdbad439f74125f65bc03
2019,Hungarian Grand Prix,Race,HUL,VERIFIED_IN_SOURCE_DRIVERS_JSON,https://raw.githubusercontent.com/TracingInsights/2019/38741496a2d3736954069c3301e33737ffb3d777/Hungarian%20Grand%20Prix/Race/HUL/laptimes.json,7f19a8c66f9d4b502632c3cb101871f4db2432e8c5b1ef36d95e91afb8519070,PHASE2_CACHE_HIT,200,20013,69,1,69,69,,2019:Hungarian Grand Prix:Race,/home/anshumandutta/Downloads/APEX-R_Devsez_Full_Application/phase2_data_foundation/cache/remote/27e98d0ac31968543fb32bfeebfda9303be2e998136c4268c6fd1425c32e36fa.bin,7f19a8c66f9d4b502632c3cb101871f4db2432e8c5b1ef36d95e91afb8519070
2019,Hungarian Grand Prix,Race,KUB,VERIFIED_IN_SOURCE_DRIVERS_JSON,https://raw.githubusercontent.com/TracingInsights/2019/38741496a2d3736954069c3301e33737ffb3d777/Hungarian%20Grand%20Prix/Race/KUB/laptimes.json,33dff9f0891570f7263b6fe421016496c0fd84cb6f129362f1f418608893b745,PHASE2_CACHE_HIT,200,19483,67,1,67,67,,2019:Hungarian Grand Prix:Race,/home/anshumandutta/Downloads/APEX-R_Devsez_Full_Application/phase2_data_foundation/cache/remote/251638f9b156b045d7b0aa7d222facf86e4a8266748d731afff2b9bb5decc347.bin,33dff9f0891570f7263b6fe421016496c0fd84cb6f129362f1f418608893b745
2019,Hungarian Grand Prix,Race,KVY,VERIFIED_IN_SOURCE_DRIVERS_JSON,https://raw.githubusercontent.com/TracingInsights/2019/38741496a2d3736954069c3301e33737ffb3d777/Hungarian%20Grand%20Prix/Race/KVY/laptimes.json,8e2c3b43da57f86975b2bb112a709a7f49a7e7dec617f3963642611b82446e86,PHASE2_CACHE_HIT,200,19928,68,1,68,68,,2019:Hungarian Grand Prix:Race,/home/anshumandutta/Downloads/APEX-R_Devsez_Full_Application/phase2_data_foundation/cache/remote/b9ea4fbc4b8c24c6a44c921f5022c278d84d02d3117fbe7a63d4bd096fce490c.bin,8e2c3b43da57f86975b2bb112a709a7f49a7e7dec617f3963642611b82446e86
2019,Hungarian Grand Prix,Race,LEC,VERIFIED_IN_SOURCE_DRIVERS_JSON,https://raw.githubusercontent.com/TracingInsights/2019/38741496a2d3736954069c3301e33737ffb3d777/Hungarian%20Grand%20Prix/Race/LEC/laptimes.json,01cf8bf2b64c7bc663e445846ddee7f57d6f07dbac876ec23b3529bc220cea79,PHASE2_CACHE_HIT,200,20308,70,1,70,70,,2019:Hungarian Grand Prix:Race,/home/anshumandutta/Downloads/APEX-R_Devsez_Full_Application/phase2_data_foundation/cache/remote/bd04188acdb519c338bc5dca52c5a191d0f264fca1859d66bb5cdd3f0adfce97.bin,01cf8bf2b64c7bc663e445846ddee7f57d6f07dbac876ec23b3529bc220cea79
2019,Hungarian Grand Prix,Race,MAG,VERIFIED_IN_SOURCE_DRIVERS_JSON,https://raw.githubusercontent.com/TracingInsights/2019/38741496a2d3736954069c3301e33737ffb3d777/Hungarian%20Grand%20Prix/Race/MAG/laptimes.json,7b708155ab8c1d2e86400e3fc0b7c7a1081676b37eac970327a8e5efa7bfc495,PHASE2_CACHE_HIT,200,20367,69,1,69,69,,2019:Hungarian Grand Prix:Race,/home/anshumandutta/Downloads/APEX-R_Devsez_Full_Application/phase2_data_foundation/cache/remote/cef05476770e2125ca10d69e375c9df7017e8682371c57fa0e91a125e52019cb.bin,7b708155ab8c1d2e86400e3fc0b7c7a1081676b37eac970327a8e5efa7bfc495
2019,Hungarian Grand Prix,Race,NOR,VERIFIED_IN_SOURCE_DRIVERS_JSON,https://raw.githubusercontent.com/TracingInsights/2019/38741496a2d3736954069c3301e33737ffb3d777/Hungarian%20Grand%20Prix/Race/NOR/laptimes.json,e0ab053e91cd6ead97f6bd83674e16d2ebd41d2695275a423924f9dbc0ba254e,PHASE2_CACHE_HIT,200,19871,69,1,69,69,,2019:Hungarian Grand Prix:Race,/home/anshumandutta/Downloads/APEX-R_Devsez_Full_Application/phase2_data_foundation/cache/remote/b73fce8918a6a3308c71a8f6fdf935cb8877c1e7ea8da840ae47c16f401c2b02.bin,e0ab053e91cd6ead97f6bd83674e16d2ebd41d2695275a423924f9dbc0ba254e
2019,Hungarian Grand Prix,Race,PER,VERIFIED_IN_SOURCE_DRIVERS_JSON,https://raw.githubusercontent.com/TracingInsights/2019/38741496a2d3736954069c3301e33737ffb3d777/Hungarian%20Grand%20Prix/Race/PER/laptimes.json,618c70c9dee21c1dc6e1ad07ddac724ea0f7563df234a6033be04eebc5260ebd,PHASE2_CACHE_HIT,200,20355,69,1,69,69,,2019:Hungarian Grand Prix:Race,/home/anshumandutta/Downloads/APEX-R_Devsez_Full_Application/phase2_data_foundation/cache/remote/1c35014aeeaab027fec48002d3656ca1c9a40cf9f6c79eced0c18326b1422bc0.bin,618c70c9dee21c1dc6e1ad07ddac724ea0f7563df234a6033be04eebc5260ebd
2019,Hungarian Grand Prix,Race,RAI,VERIFIED_IN_SOURCE_DRIVERS_JSON,https://raw.githubusercontent.com/TracingInsights/2019/38741496a2d3736954069c3301e33737ffb3d777/Hungarian%20Grand%20Prix/Race/RAI/laptimes.json,9eda9242ede0a25b78270d97eb36257494af46614c2355a95d436a6646bfbb48,PHASE2_CACHE_HIT,200,20627,69,1,69,69,,2019:Hungarian Grand Prix:Race,/home/anshumandutta/Downloads/APEX-R_Devsez_Full_Application/phase2_data_foundation/cache/remote/a4c8f529d5bc8b59b0f7688b188346f5fef61bf968f9831b5511318b2effc01f.bin,9eda9242ede0a25b78270d97eb36257494af46614c2355a95d436a6646bfbb48
2019,Hungarian Grand Prix,Race,RIC,VERIFIED_IN_SOURCE_DRIVERS_JSON,https://raw.githubusercontent.com/TracingInsights/2019/38741496a2d3736954069c3301e33737ffb3d777/Hungarian%20Grand%20Prix/Race/RIC/laptimes.json,9f5c88eb6fc0f71b4f62cca97db3b3fca020a4d2a623cf2304e58ca4ab961706,PHASE2_CACHE_HIT,200,19877,69,1,69,69,,2019:Hungarian Grand Prix:Race,/home/anshumandutta/Downloads/APEX-R_Devsez_Full_Application/phase2_data_foundation/cache/remote/78e68103afdd600a8d285c27c3440a43d35d83874491cc55fd450748a1cb8f96.bin,9f5c88eb6fc0f71b4f62cca97db3b3fca020a4d2a623cf2304e58ca4ab961706
2019,Hungarian Grand Prix,Race,RUS,VERIFIED_IN_SOURCE_DRIVERS_JSON,https://raw.githubusercontent.com/TracingInsights/2019/38741496a2d3736954069c3301e33737ffb3d777/Hungarian%20Grand%20Prix/Race/RUS/laptimes.json,534e3655efb038c4630ea060eab4aef5db6049fc3fd8202a78234215525dc9f5,PHASE2_CACHE_HIT,200,19786,68,1,68,68,,2019:Hungarian Grand Prix:Race,/home/anshumandutta/Downloads/APEX-R_Devsez_Full_Application/phase2_data_foundation/cache/remote/d1f57d57aa71732093f3f088781874f393bb3f20f12cebb7ea13f0461e59b741.bin,534e3655efb038c4630ea060eab4aef5db6049fc3fd8202a78234215525dc9f5
2019,Hungarian Grand Prix,Race,SAI,VERIFIED_IN_SOURCE_DRIVERS_JSON,https://raw.githubusercontent.com/TracingInsights/2019/38741496a2d3736954069c3301e33737ffb3d777/Hungarian%20Grand%20Prix/Race/SAI/laptimes.json,2eb9fa16534fa51c586632c078da1920a7f49f492a4ec3df308580989d00eee2,PHASE2_CACHE_HIT,200,19921,69,1,69,69,,2019:Hungarian Grand Prix:Race,/home/anshumandutta/Downloads/APEX-R_Devsez_Full_Application/phase2_data_foundation/cache/remote/cec10b812a2c9406614317af7ab2489fec520229967747706a4269aa1202dafd.bin,2eb9fa16534fa51c586632c078da1920a7f49f492a4ec3df308580989d00eee2
2019,Hungarian Grand Prix,Race,STR,VERIFIED_IN_SOURCE_DRIVERS_JSON,https://raw.githubusercontent.com/TracingInsights/2019/38741496a2d3736954069c3301e33737ffb3d777/Hungarian%20Grand%20Prix/Race/STR/laptimes.json,365a7542f5dcbab1584efac4f1b73bdf2c07575f0203467e3645884ff7ccd710,PHASE2_CACHE_HIT,200,20038,68,1,68,68,,2019:Hungarian Grand Prix:Race,/home/anshumandutta/Downloads/APEX-R_Devsez_Full_Application/phase2_data_foundation/cache/remote/38357a79ca6f58cdb83b9a9f6639edb0b4e43d40f854bd439542f02b840b49b2.bin,365a7542f5dcbab1584efac4f1b73bdf2c07575f0203467e3645884ff7ccd710
2019,Hungarian Grand Prix,Race,VER,VERIFIED_IN_SOURCE_DRIVERS_JSON,https://raw.githubusercontent.com/TracingInsights/2019/38741496a2d3736954069c3301e33737ffb3d777/Hungarian%20Grand%20Prix/Race/VER/laptimes.json,b933f6baa0fee0e2dc5f6a8405a1edb7a75eeabd9ac4394a5ebcdd5ae8dda999,PHASE2_CACHE_HIT,200,20807,70,1,70,70,,2019:Hungarian Grand Prix:Race,/home/anshumandutta/Downloads/APEX-R_Devsez_Full_Application/phase2_data_foundation/cache/remote/65533ce6a2adca3bbd0ed6be367134461560b7f871c82f19dbb558197b4f90b6.bin,b933f6baa0fee0e2dc5f6a8405a1edb7a75eeabd9ac4394a5ebcdd5ae8dda999
2019,Hungarian Grand Prix,Race,VET,VERIFIED_IN_SOURCE_DRIVERS_JSON,https://raw.githubusercontent.com/TracingInsights/2019/38741496a2d3736954069c3301e33737ffb3d777/Hungarian%20Grand%20Prix/Race/VET/laptimes.json,2de612958906a5daba8ade7669a5039d72fbe214175aaaf1159765be3b5ffe50,PHASE2_CACHE_HIT,200,20233,70,1,70,70,,2019:Hungarian Grand Prix:Race,/home/anshumandutta/Downloads/APEX-R_Devsez_Full_Application/phase2_data_foundation/cache/remote/d34908919b7cfdba7d1aea2a9b23fa8e3347ede5156ebbb7d622879d41a79920.bin,2de612958906a5daba8ade7669a5039d72fbe214175aaaf1159765be3b5ffe50
2019,Italian Grand Prix,Race,ALB,VERIFIED_IN_SOURCE_DRIVERS_JSON,https://raw.githubusercontent.com/TracingInsights/2019/38741496a2d3736954069c3301e33737ffb3d777/Italian%20Grand%20Prix/Race/ALB/laptimes.json,1e1a77d8376e357ad7c9e86619633586069a92bc803b1bbfa9fe04f78b560d42,PHASE2_CACHE_HIT,200,15888,53,1,53,53,,2019:Italian Grand Prix:Race,/home/anshumandutta/Downloads/APEX-R_Devsez_Full_Application/phase2_data_foundation/cache/remote/09bf06d04c13f065342601acd6d1638e5b3242c4bbbeda3272c4f558fd87465f.bin,1e1a77d8376e357ad7c9e86619633586069a92bc803b1bbfa9fe04f78b560d42
2019,Italian Grand Prix,Race,BOT,VERIFIED_IN_SOURCE_DRIVERS_JSON,https://raw.githubusercontent.com/TracingInsights/2019/38741496a2d3736954069c3301e33737ffb3d777/Italian%20Grand%20Prix/Race/BOT/laptimes.json,973d1f10806dce6bba731ddc0da46e9e01a9be024f4310a3349b814ee657e583,PHASE2_CACHE_HIT,200,15514,53,1,53,53,,2019:Italian Grand Prix:Race,/home/anshumandutta/Downloads/APEX-R_Devsez_Full_Application/phase2_data_foundation/cache/remote/8cba35c9d52d502dd3631536df66aa41f8fcc13f60795147617c947ef4e6c9e5.bin,973d1f10806dce6bba731ddc0da46e9e01a9be024f4310a3349b814ee657e583
2019,Italian Grand Prix,Race,GAS,VERIFIED_IN_SOURCE_DRIVERS_JSON,https://raw.githubusercontent.com/TracingInsights/2019/38741496a2d3736954069c3301e33737ffb3d777/Italian%20Grand%20Prix/Race/GAS/laptimes.json,e351a51360a1881085f0f7a217edf4c556b23b70d1ffdce4248117e707060703,PHASE2_CACHE_HIT,200,15365,52,1,52,52,,2019:Italian Grand Prix:Race,/home/anshumandutta/Downloads/APEX-R_Devsez_Full_Application/phase2_data_foundation/cache/remote/7f8273e6ede91f1b7323509ba737a46a8096a9107a847941a0be536aa743b104.bin,e351a51360a1881085f0f7a217edf4c556b23b70d1ffdce4248117e707060703
2019,Italian Grand Prix,Race,GIO,VERIFIED_IN_SOURCE_DRIVERS_JSON,https://raw.githubusercontent.com/TracingInsights/2019/38741496a2d3736954069c3301e33737ffb3d777/Italian%20Grand%20Prix/Race/GIO/laptimes.json,9c651f959c2339fa435fe1474d80d7a03b1b2dca3a0b9caad6e074ab27eca05c,PHASE2_CACHE_HIT,200,15683,52,1,52,52,,2019:Italian Grand Prix:Race,/home/anshumandutta/Downloads/APEX-R_Devsez_Full_Application/phase2_data_foundation/cache/remote/8d688519d1a4022c288bcf6145cfebcd252a50b3ba7af237c6dc4ebf7f9c489c.bin,9c651f959c2339fa435fe1474d80d7a03b1b2dca3a0b9caad6e074ab27eca05c
2019,Italian Grand Prix,Race,GRO,VERIFIED_IN_SOURCE_DRIVERS_JSON,https://raw.githubusercontent.com/TracingInsights/2019/38741496a2d3736954069c3301e33737ffb3d777/Italian%20Grand%20Prix/Race/GRO/laptimes.json,d97d5d541a76c28e8f92be41585f1122bcc037cf8f8530417141954299944bdf,PHASE2_CACHE_HIT,200,15417,52,1,52,52,,2019:Italian Grand Prix:Race,/home/anshumandutta/Downloads/APEX-R_Devsez_Full_Application/phase2_data_foundation/cache/remote/56c8ca60317d8e65d31d8ebbe0f0d07f7aad1c33a19066d1ae961b6b6dd0f1bf.bin,d97d5d541a76c28e8f92be41585f1122bcc037cf8f8530417141954299944bdf
2019,Italian Grand Prix,Race,HAM,VERIFIED_IN_SOURCE_DRIVERS_JSON,https://raw.githubusercontent.com/TracingInsights/2019/38741496a2d3736954069c3301e33737ffb3d777/Italian%20Grand%20Prix/Race/HAM/laptimes.json,6f38590fe8e805b5ce4bc6c87877e8966c408f55d200d67a02ad6ed56b69f5f2,PHASE2_CACHE_HIT,200,15530,53,1,53,53,,2019:Italian Grand Prix:Race,/home/anshumandutta/Downloads/APEX-R_Devsez_Full_Application/phase2_data_foundation/cache/remote/60f11c805f56d92c12c3146ca93c80bdc7718ae6e09c937793b07b68cc3f32f1.bin,6f38590fe8e805b5ce4bc6c87877e8966c408f55d200d67a02ad6ed56b69f5f2
2019,Italian Grand Prix,Race,HUL,VERIFIED_IN_SOURCE_DRIVERS_JSON,https://raw.githubusercontent.com/TracingInsights/2019/38741496a2d3736954069c3301e33737ffb3d777/Italian%20Grand%20Prix/Race/HUL/laptimes.json,1ba4d2d3737bdb890ccf84bfc44f1762eeffa4e101cbba6f0baa150800df9829,PHASE2_CACHE_HIT,200,15454,53,1,53,53,,2019:Italian Grand Prix:Race,/home/anshumandutta/Downloads/APEX-R_Devsez_Full_Application/phase2_data_foundation/cache/remote/f45bed92baedcd2fb9747a1b5465dfc4d4d7591531825f0f7ae9184f3469ebae.bin,1ba4d2d3737bdb890ccf84bfc44f1762eeffa4e101cbba6f0baa150800df9829
2019,Italian Grand Prix,Race,KUB,VERIFIED_IN_SOURCE_DRIVERS_JSON,https://raw.githubusercontent.com/TracingInsights/2019/38741496a2d3736954069c3301e33737ffb3d777/Italian%20Grand%20Prix/Race/KUB/laptimes.json,bbb721ae6f80a54849f70d50b8249b0a5a9b5dd35fa7a66c56372ce40f94cd40,PHASE3_CACHE_HIT,200,14990,51,1,51,51,,2019:Italian Grand Prix:Race,/home/anshumandutta/Downloads/APEX-R_Devsez_Full_Application/phase3_prediction_dataset/cache/laptimes/9a497b0322bb42b36009f77fad33cde792ee99528142ed93440bbb9fbca4a063.json,bbb721ae6f80a54849f70d50b8249b0a5a9b5dd35fa7a66c56372ce40f94cd40
2019,Italian Grand Prix,Race,KVY,VERIFIED_IN_SOURCE_DRIVERS_JSON,https://raw.githubusercontent.com/TracingInsights/2019/38741496a2d3736954069c3301e33737ffb3d777/Italian%20Grand%20Prix/Race/KVY/laptimes.json,dc20c5a1a09fda83f7bbcad6aba61529515fe426aa77b72929703c3d2d749628,PHASE3_CACHE_HIT,200,9020,30,1,30,29,,2019:Italian Grand Prix:Race,/home/anshumandutta/Downloads/APEX-R_Devsez_Full_Application/phase3_prediction_dataset/cache/laptimes/98072852ecc2859ff5abd82f2f784a053bedd093df2a59e4da807d06f574fdcc.json,dc20c5a1a09fda83f7bbcad6aba61529515fe426aa77b72929703c3d2d749628
2019,Italian Grand Prix,Race,LEC,VERIFIED_IN_SOURCE_DRIVERS_JSON,https://raw.githubusercontent.com/TracingInsights/2019/38741496a2d3736954069c3301e33737ffb3d777/Italian%20Grand%20Prix/Race/LEC/laptimes.json,d932959fdb6bbe2eb109f62015b347444e4ddb8971834058143ed4de7a3685af,PHASE3_CACHE_HIT,200,15412,53,1,53,53,,2019:Italian Grand Prix:Race,/home/anshumandutta/Downloads/APEX-R_Devsez_Full_Application/phase3_prediction_dataset/cache/laptimes/cdbb6c1df7ed9a606265234b404c70b20f0ff3a08986081eddb5738077930ed9.json,d932959fdb6bbe2eb109f62015b347444e4ddb8971834058143ed4de7a3685af
2019,Italian Grand Prix,Race,MAG,VERIFIED_IN_SOURCE_DRIVERS_JSON,https://raw.githubusercontent.com/TracingInsights/2019/38741496a2d3736954069c3301e33737ffb3d777/Italian%20Grand%20Prix/Race/MAG/laptimes.json,a1f45838aae7f2292cd1bd7574e6e00b79a0befdfc94eb28afbf067c93ae0d44,PHASE3_CACHE_HIT,200,12843,43,1,43,43,,2019:Italian Grand Prix:Race,/home/anshumandutta/Downloads/APEX-R_Devsez_Full_Application/phase3_prediction_dataset/cache/laptimes/51b6ead53bf697126d64dea27a71750b526f4ef9efde202187fb52e9a7db67bd.json,a1f45838aae7f2292cd1bd7574e6e00b79a0befdfc94eb28afbf067c93ae0d44
2019,Italian Grand Prix,Race,NOR,VERIFIED_IN_SOURCE_DRIVERS_JSON,https://raw.githubusercontent.com/TracingInsights/2019/38741496a2d3736954069c3301e33737ffb3d777/Italian%20Grand%20Prix/Race/NOR/laptimes.json,cb7bb16e065eed8e1296fe47f7c5dab6c0363a03a51b25f5ddc9400f19952128,PHASE3_CACHE_HIT,200,15156,52,1,52,52,,2019:Italian Grand Prix:Race,/home/anshumandutta/Downloads/APEX-R_Devsez_Full_Application/phase3_prediction_dataset/cache/laptimes/1aa26bb9584796f6bce879f7a98976b643490064c04a1a4493163c568b11e63c.json,cb7bb16e065eed8e1296fe47f7c5dab6c0363a03a51b25f5ddc9400f19952128
2019,Italian Grand Prix,Race,PER,VERIFIED_IN_SOURCE_DRIVERS_JSON,https://raw.githubusercontent.com/TracingInsights/2019/38741496a2d3736954069c3301e33737ffb3d777/Italian%20Grand%20Prix/Race/PER/laptimes.json,12b167a1395b72c518d8d9997ff8ad9bf8a67e8f11596709ff4cd941907df37c,PHASE3_CACHE_HIT,200,15717,53,1,53,53,,2019:Italian Grand Prix:Race,/home/anshumandutta/Downloads/APEX-R_Devsez_Full_Application/phase3_prediction_dataset/cache/laptimes/17c2619aa928268df487add10ed09889fb995c1f289acc70a036d7efa9f7a541.json,12b167a1395b72c518d8d9997ff8ad9bf8a67e8f11596709ff4cd941907df37c
2019,Italian Grand Prix,Race,RAI,VERIFIED_IN_SOURCE_DRIVERS_JSON,https://raw.githubusercontent.com/TracingInsights/2019/38741496a2d3736954069c3301e33737ffb3d777/Italian%20Grand%20Prix/Race/RAI/laptimes.json,4f738c7a3bc0c2844ae86d070b570146ad6bdf94f9e9f55078aaa9b01293e82f,PHASE3_CACHE_HIT,200,15699,52,1,52,52,,2019:Italian Grand Prix:Race,/home/anshumandutta/Downloads/APEX-R_Devsez_Full_Application/phase3_prediction_dataset/cache/laptimes/add4518d314e8a2676e0eab84c8ade9f13bcab4986db4c99dc8711de24909a62.json,4f738c7a3bc0c2844ae86d070b570146ad6bdf94f9e9f55078aaa9b01293e82f
2019,Italian Grand Prix,Race,RIC,VERIFIED_IN_SOURCE_DRIVERS_JSON,https://raw.githubusercontent.com/TracingInsights/2019/38741496a2d3736954069c3301e33737ffb3d777/Italian%20Grand%20Prix/Race/RIC/laptimes.json,291db4401ef4e5a9c4fd406543f2a6c4eb1b573a6a43cc94e23af704c28dee29,PHASE3_CACHE_HIT,200,15410,53,1,53,53,,2019:Italian Grand Prix:Race,/home/anshumandutta/Downloads/APEX-R_Devsez_Full_Application/phase3_prediction_dataset/cache/laptimes/2bef1978fcf3cae8c409ec6ae2f8f9b5f8d374f09780314b90e6cdbbcd21b167.json,291db4401ef4e5a9c4fd406543f2a6c4eb1b573a6a43cc94e23af704c28dee29
2019,Italian Grand Prix,Race,RUS,VERIFIED_IN_SOURCE_DRIVERS_JSON,https://raw.githubusercontent.com/TracingInsights/2019/38741496a2d3736954069c3301e33737ffb3d777/Italian%20Grand%20Prix/Race/RUS/laptimes.json,f9703e9da75e6db48b8db43e13657097950cd77dc791d43e7194b2954e74d9eb,PHASE3_CACHE_HIT,200,15246,52,1,52,52,,2019:Italian Grand Prix:Race,/home/anshumandutta/Downloads/APEX-R_Devsez_Full_Application/phase3_prediction_dataset/cache/laptimes/fc21fb975a001be0859a4617ceb07c9e5e97f20bb7e0562850a58c55e87236af.json,f9703e9da75e6db48b8db43e13657097950cd77dc791d43e7194b2954e74d9eb
2019,Italian Grand Prix,Race,SAI,VERIFIED_IN_SOURCE_DRIVERS_JSON,https://raw.githubusercontent.com/TracingInsights/2019/38741496a2d3736954069c3301e33737ffb3d777/Italian%20Grand%20Prix/Race/SAI/laptimes.json,a15e185417f82f06e928da35ed396f62ea17996927306053b11d79c75bc4fbcd,PHASE3_CACHE_HIT,200,8032,27,1,27,27,,2019:Italian Grand Prix:Race,/home/anshumandutta/Downloads/APEX-R_Devsez_Full_Application/phase3_prediction_dataset/cache/laptimes/e6ef3990480e455d808db2f31e725a10fe077ce9ce8da652bb20baf81777f6b7.json,a15e185417f82f06e928da35ed396f62ea17996927306053b11d79c75bc4fbcd
2019,Italian Grand Prix,Race,STR,VERIFIED_IN_SOURCE_DRIVERS_JSON,https://raw.githubusercontent.com/TracingInsights/2019/38741496a2d3736954069c3301e33737ffb3d777/Italian%20Grand%20Prix/Race/STR/laptimes.json,3ca7404d304053cc1b865e1006f2f86914b070eebcba32fc199ac0b367fe020f,PHASE3_CACHE_HIT,200,15486,52,1,52,52,,2019:Italian Grand Prix:Race,/home/anshumandutta/Downloads/APEX-R_Devsez_Full_Application/phase3_prediction_dataset/cache/laptimes/ff8ebdd104a520de58466bd52cf807d7208d8b90f619d73c0050261a413cf744.json,3ca7404d304053cc1b865e1006f2f86914b070eebcba32fc199ac0b367fe020f
2019,Italian Grand Prix,Race,VER,VERIFIED_IN_SOURCE_DRIVERS_JSON,https://raw.githubusercontent.com/TracingInsights/2019/38741496a2d3736954069c3301e33737ffb3d777/Italian%20Grand%20Prix/Race/VER/laptimes.json,c4edbba2f65b165c010379749a298578dba6d2c286cdaad9af3522cbab0ffc45,PHASE3_CACHE_HIT,200,15931,53,1,53,53,,2019:Italian Grand Prix:Race,/home/anshumandutta/Downloads/APEX-R_Devsez_Full_Application/phase3_prediction_dataset/cache/laptimes/22d73093ff2d28495f4cd014d6f5698bef045221ecbfceb31c2db5a0fa3e5252.json,c4edbba2f65b165c010379749a298578dba6d2c286cdaad9af3522cbab0ffc45
2019,Italian Grand Prix,Race,VET,VERIFIED_IN_SOURCE_DRIVERS_JSON,https://raw.githubusercontent.com/TracingInsights/2019/38741496a2d3736954069c3301e33737ffb3d777/Italian%20Grand%20Prix/Race/VET/laptimes.json,e0390dc4520b6748509b4cdbca8968f3ef6ff1296b78478f50f00a25d19ef9c9,PHASE3_CACHE_HIT,200,15159,52,1,52,52,,2019:Italian Grand Prix:Race,/home/anshumandutta/Downloads/APEX-R_Devsez_Full_Application/phase3_prediction_dataset/cache/laptimes/054c81fcc0ca9d3781294d68ea52ab0141f8f755e728b753981bc574fe4706b5.json,e0390dc4520b6748509b4cdbca8968f3ef6ff1296b78478f50f00a25d19ef9c9
2020,70th Anniversary Grand Prix,Race,ALB,VERIFIED_IN_SOURCE_DRIVERS_JSON,https://raw.githubusercontent.com/TracingInsights/2020/264ae1db8f1381540fb839c89f7b249ae2d8957d/70th%20Anniversary%20Grand%20Prix/Race/ALB/laptimes.json,92c22603b015431d4f1c0d24c01623e15d47b70f749e7adf7417b8ac3dc11337,PHASE2_CACHE_HIT,200,15567,52,1,52,52,,2020:70th Anniversary Grand Prix:Race,/home/anshumandutta/Downloads/APEX-R_Devsez_Full_Application/phase2_data_foundation/cache/remote/13df77ba91a169a5347754ae5c6315ae52c5cbae7698059c736b686cbabda792.bin,92c22603b015431d4f1c0d24c01623e15d47b70f749e7adf7417b8ac3dc11337
2020,70th Anniversary Grand Prix,Race,BOT,VERIFIED_IN_SOURCE_DRIVERS_JSON,https://raw.githubusercontent.com/TracingInsights/2020/264ae1db8f1381540fb839c89f7b249ae2d8957d/70th%20Anniversary%20Grand%20Prix/Race/BOT/laptimes.json,742b8288ef2248a8dc5b75d1b98e3411354e1920c6a9d488612110abe24308ff,PHASE2_CACHE_HIT,200,15183,52,1,52,52,,2020:70th Anniversary Grand Prix:Race,/home/anshumandutta/Downloads/APEX-R_Devsez_Full_Application/phase2_data_foundation/cache/remote/03387f6f55a8c0a98735b9f627be0fc2f494920880d5f216a4f722850a235a3c.bin,742b8288ef2248a8dc5b75d1b98e3411354e1920c6a9d488612110abe24308ff
2020,70th Anniversary Grand Prix,Race,GAS,VERIFIED_IN_SOURCE_DRIVERS_JSON,https://raw.githubusercontent.com/TracingInsights/2020/264ae1db8f1381540fb839c89f7b249ae2d8957d/70th%20Anniversary%20Grand%20Prix/Race/GAS/laptimes.json,9ae9ebd18b9c1de49490500398ec66eb0169a049d117762905cdc5841322b8d7,PHASE2_CACHE_HIT,200,15301,52,1,52,52,,2020:70th Anniversary Grand Prix:Race,/home/anshumandutta/Downloads/APEX-R_Devsez_Full_Application/phase2_data_foundation/cache/remote/3b6bd817faecac53bfb81feef01e2caf5413068f2877fb83b93eb884fcbf8d43.bin,9ae9ebd18b9c1de49490500398ec66eb0169a049d117762905cdc5841322b8d7
2020,70th Anniversary Grand Prix,Race,GIO,VERIFIED_IN_SOURCE_DRIVERS_JSON,https://raw.githubusercontent.com/TracingInsights/2020/264ae1db8f1381540fb839c89f7b249ae2d8957d/70th%20Anniversary%20Grand%20Prix/Race/GIO/laptimes.json,58a89a3da23a62a0dc486ebe5d5677963b783d611683a227461b8934437885e7,PHASE2_CACHE_HIT,200,15435,51,1,51,51,,2020:70th Anniversary Grand Prix:Race,/home/anshumandutta/Downloads/APEX-R_Devsez_Full_Application/phase2_data_foundation/cache/remote/9d591bc7fd331faf485ee8b00a6850edead8b2ed4d93740c058d428caf9f5827.bin,58a89a3da23a62a0dc486ebe5d5677963b783d611683a227461b8934437885e7
2020,70th Anniversary Grand Prix,Race,GRO,VERIFIED_IN_SOURCE_DRIVERS_JSON,https://raw.githubusercontent.com/TracingInsights/2020/264ae1db8f1381540fb839c89f7b249ae2d8957d/70th%20Anniversary%20Grand%20Prix/Race/GRO/laptimes.json,b20ebbc16474271617ec8d653693aa060bfc193c6d84af994a8bf05b9dd91e2a,PHASE2_CACHE_HIT,200,15157,51,1,51,51,,2020:70th Anniversary Grand Prix:Race,/home/anshumandutta/Downloads/APEX-R_Devsez_Full_Application/phase2_data_foundation/cache/remote/4e355c4b1eb58ccdb6a9fca713ffa4cd9c8cfa60f12754fda71427fa38e8e2cd.bin,b20ebbc16474271617ec8d653693aa060bfc193c6d84af994a8bf05b9dd91e2a
2020,70th Anniversary Grand Prix,Race,HAM,VERIFIED_IN_SOURCE_DRIVERS_JSON,https://raw.githubusercontent.com/TracingInsights/2020/264ae1db8f1381540fb839c89f7b249ae2d8957d/70th%20Anniversary%20Grand%20Prix/Race/HAM/laptimes.json,fe2e7ab35c0e26bd97952fdc3ef60d4f04e4c10257d2fa25d44cd181528de1fe,PHASE2_CACHE_HIT,200,15188,52,1,52,52,,2020:70th Anniversary Grand Prix:Race,/home/anshumandutta/Downloads/APEX-R_Devsez_Full_Application/phase2_data_foundation/cache/remote/0c214bf659613bce8c564c5c0bcf5e049c5e3abf59cdf73f83f547d3289793dd.bin,fe2e7ab35c0e26bd97952fdc3ef60d4f04e4c10257d2fa25d44cd181528de1fe
2020,70th Anniversary Grand Prix,Race,HUL,VERIFIED_IN_SOURCE_DRIVERS_JSON,https://raw.githubusercontent.com/TracingInsights/2020/264ae1db8f1381540fb839c89f7b249ae2d8957d/70th%20Anniversary%20Grand%20Prix/Race/HUL/laptimes.json,8d38b88e750651311737c5f0f2e59f4642505f4c3c03c8955c36ae861ef27f94,PHASE2_CACHE_HIT,200,15411,52,1,52,52,,2020:70th Anniversary Grand Prix:Race,/home/anshumandutta/Downloads/APEX-R_Devsez_Full_Application/phase2_data_foundation/cache/remote/3ad60fddbcbac4711ca474c2eca31b70c82fec9ba76b18809e4862f1d742a703.bin,8d38b88e750651311737c5f0f2e59f4642505f4c3c03c8955c36ae861ef27f94
2020,70th Anniversary Grand Prix,Race,KVY,VERIFIED_IN_SOURCE_DRIVERS_JSON,https://raw.githubusercontent.com/TracingInsights/2020/264ae1db8f1381540fb839c89f7b249ae2d8957d/70th%20Anniversary%20Grand%20Prix/Race/KVY/laptimes.json,b1c0aecea706c5a5a7b06b6e62e9afd972ec4794608d687ab2e06d348643967a,PHASE2_CACHE_HIT,200,15329,52,1,52,52,,2020:70th Anniversary Grand Prix:Race,/home/anshumandutta/Downloads/APEX-R_Devsez_Full_Application/phase2_data_foundation/cache/remote/e3ccfd499e6ba21913e354943d5366572fc4cb1971768b92c709e79428da504f.bin,b1c0aecea706c5a5a7b06b6e62e9afd972ec4794608d687ab2e06d348643967a
2020,70th Anniversary Grand Prix,Race,LAT,VERIFIED_IN_SOURCE_DRIVERS_JSON,https://raw.githubusercontent.com/TracingInsights/2020/264ae1db8f1381540fb839c89f7b249ae2d8957d/70th%20Anniversary%20Grand%20Prix/Race/LAT/laptimes.json,7c5f3d99d990d2cdf04efc9f70dd399d0ad0a72d0d87bf86d4b7efc5b4a5be37,PHASE2_CACHE_HIT,200,14908,51,1,51,51,,2020:70th Anniversary Grand Prix:Race,/home/anshumandutta/Downloads/APEX-R_Devsez_Full_Application/phase2_data_foundation/cache/remote/367d34eb774e1ff7175793fbcc2275f6d1835cb9bf9ae4bc535636281b60a84c.bin,7c5f3d99d990d2cdf04efc9f70dd399d0ad0a72d0d87bf86d4b7efc5b4a5be37
2020,70th Anniversary Grand Prix,Race,LEC,VERIFIED_IN_SOURCE_DRIVERS_JSON,https://raw.githubusercontent.com/TracingInsights/2020/264ae1db8f1381540fb839c89f7b249ae2d8957d/70th%20Anniversary%20Grand%20Prix/Race/LEC/laptimes.json,184211ecd8115240087b7fbc2badfba4914555cae82b4a4dad94434204c7df79,PHASE2_CACHE_HIT,200,15140,52,1,52,52,,2020:70th Anniversary Grand Prix:Race,/home/anshumandutta/Downloads/APEX-R_Devsez_Full_Application/phase2_data_foundation/cache/remote/951018c0ab7b628368af25bab1380978e774543e92aa03020bdc0cc742757b7e.bin,184211ecd8115240087b7fbc2badfba4914555cae82b4a4dad94434204c7df79
2020,70th Anniversary Grand Prix,Race,MAG,VERIFIED_IN_SOURCE_DRIVERS_JSON,https://raw.githubusercontent.com/TracingInsights/2020/264ae1db8f1381540fb839c89f7b249ae2d8957d/70th%20Anniversary%20Grand%20Prix/Race/MAG/laptimes.json,dc5dcb597ab299a41a1c1dae9e4e353c9e8d70db070484c16f94e6fcc27d408f,PHASE2_CACHE_HIT,200,12817,43,1,43,43,,2020:70th Anniversary Grand Prix:Race,/home/anshumandutta/Downloads/APEX-R_Devsez_Full_Application/phase2_data_foundation/cache/remote/0382bc2529197af2c20adc11d805ffeb4a1ec34cb1dc9cc6dd551b06d62ba8b8.bin,dc5dcb597ab299a41a1c1dae9e4e353c9e8d70db070484c16f94e6fcc27d408f
2020,70th Anniversary Grand Prix,Race,NOR,VERIFIED_IN_SOURCE_DRIVERS_JSON,https://raw.githubusercontent.com/TracingInsights/2020/264ae1db8f1381540fb839c89f7b249ae2d8957d/70th%20Anniversary%20Grand%20Prix/Race/NOR/laptimes.json,1793758065beeadd5031efd3b3bb7b8d9e75c6b2476eb30e1df0457026e50d24,PHASE2_CACHE_HIT,200,15083,52,1,52,52,,2020:70th Anniversary Grand Prix:Race,/home/anshumandutta/Downloads/APEX-R_Devsez_Full_Application/phase2_data_foundation/cache/remote/2b8fa79f41b82422d440495f173cfa74755b43570d03301090b67b4adfd7f33e.bin,1793758065beeadd5031efd3b3bb7b8d9e75c6b2476eb30e1df0457026e50d24
2020,70th Anniversary Grand Prix,Race,OCO,VERIFIED_IN_SOURCE_DRIVERS_JSON,https://raw.githubusercontent.com/TracingInsights/2020/264ae1db8f1381540fb839c89f7b249ae2d8957d/70th%20Anniversary%20Grand%20Prix/Race/OCO/laptimes.json,dce2c3dd0e2ee053b1a46c6f9feec39b1efc0b65dbca9d6e15b15794528745e7,PHASE2_CACHE_HIT,200,15127,52,1,52,52,,2020:70th Anniversary Grand Prix:Race,/home/anshumandutta/Downloads/APEX-R_Devsez_Full_Application/phase2_data_foundation/cache/remote/7dc94926d993bb671e31761186df4ccfafd84196049e6ba1eefdfce94a1837c5.bin,dce2c3dd0e2ee053b1a46c6f9feec39b1efc0b65dbca9d6e15b15794528745e7
2020,70th Anniversary Grand Prix,Race,RAI,VERIFIED_IN_SOURCE_DRIVERS_JSON,https://raw.githubusercontent.com/TracingInsights/2020/264ae1db8f1381540fb839c89f7b249ae2d8957d/70th%20Anniversary%20Grand%20Prix/Race/RAI/laptimes.json,fee874e340f1fbb9f11e64bacc33e71b950731a2d9b95b28f05384e0991e396d,PHASE2_CACHE_HIT,200,15382,51,1,51,51,,2020:70th Anniversary Grand Prix:Race,/home/anshumandutta/Downloads/APEX-R_Devsez_Full_Application/phase2_data_foundation/cache/remote/c26afabfe42e4f869f35b9095e303137abe30bdef5385ee0750cd37a49132115.bin,fee874e340f1fbb9f11e64bacc33e71b950731a2d9b95b28f05384e0991e396d
2020,70th Anniversary Grand Prix,Race,RIC,VERIFIED_IN_SOURCE_DRIVERS_JSON,https://raw.githubusercontent.com/TracingInsights/2020/264ae1db8f1381540fb839c89f7b249ae2d8957d/70th%20Anniversary%20Grand%20Prix/Race/RIC/laptimes.json,78b5419bcce99df3e70adee27867d46e0b0ea60c7fce97503b6591a1c5de3ecd,PHASE2_CACHE_HIT,200,14889,51,1,51,51,,2020:70th Anniversary Grand Prix:Race,/home/anshumandutta/Downloads/APEX-R_Devsez_Full_Application/phase2_data_foundation/cache/remote/169a01fd8792b38cf24d44a045811b7c7c7fb335926b919e20f9fb29630ba99e.bin,78b5419bcce99df3e70adee27867d46e0b0ea60c7fce97503b6591a1c5de3ecd
2020,70th Anniversary Grand Prix,Race,RUS,VERIFIED_IN_SOURCE_DRIVERS_JSON,https://raw.githubusercontent.com/TracingInsights/2020/264ae1db8f1381540fb839c89f7b249ae2d8957d/70th%20Anniversary%20Grand%20Prix/Race/RUS/laptimes.json,1e8a4045e7a95dee215e0e3d3c351bfcd74a2c98abc536a14d5babbbbfa2da85,PHASE2_CACHE_HIT,200,14948,51,1,51,51,,2020:70th Anniversary Grand Prix:Race,/home/anshumandutta/Downloads/APEX-R_Devsez_Full_Application/phase2_data_foundation/cache/remote/8e9500890748b8f3fe224b8b414ad5cdbc0464e1bd635d19309bb9bbc0e873c0.bin,1e8a4045e7a95dee215e0e3d3c351bfcd74a2c98abc536a14d5babbbbfa2da85
2020,70th Anniversary Grand Prix,Race,SAI,VERIFIED_IN_SOURCE_DRIVERS_JSON,https://raw.githubusercontent.com/TracingInsights/2020/264ae1db8f1381540fb839c89f7b249ae2d8957d/70th%20Anniversary%20Grand%20Prix/Race/SAI/laptimes.json,0413b41d5b7c27fcd39255742ea54646e368a10cb4c46c7a535131314aebdc2d,PHASE2_CACHE_HIT,200,15146,52,1,52,52,,2020:70th Anniversary Grand Prix:Race,/home/anshumandutta/Downloads/APEX-R_Devsez_Full_Application/phase2_data_foundation/cache/remote/9e9c6efb06c52b410dc7589928968ef82e1654710ebdbfb34277497d1bad7512.bin,0413b41d5b7c27fcd39255742ea54646e368a10cb4c46c7a535131314aebdc2d
2020,70th Anniversary Grand Prix,Race,STR,VERIFIED_IN_SOURCE_DRIVERS_JSON,https://raw.githubusercontent.com/TracingInsights/2020/264ae1db8f1381540fb839c89f7b249ae2d8957d/70th%20Anniversary%20Grand%20Prix/Race/STR/laptimes.json,cdbfceb2d78610695206cd4abbde16b0a4933ad25946c6f9ee4a48ba8d85144c,PHASE2_CACHE_HIT,200,15399,52,1,52,52,,2020:70th Anniversary Grand Prix:Race,/home/anshumandutta/Downloads/APEX-R_Devsez_Full_Application/phase2_data_foundation/cache/remote/bf28043d825215013afd51594ff86749db5c23936124c79052e60cf57f9af6f8.bin,cdbfceb2d78610695206cd4abbde16b0a4933ad25946c6f9ee4a48ba8d85144c
2020,70th Anniversary Grand Prix,Race,VER,VERIFIED_IN_SOURCE_DRIVERS_JSON,https://raw.githubusercontent.com/TracingInsights/2020/264ae1db8f1381540fb839c89f7b249ae2d8957d/70th%20Anniversary%20Grand%20Prix/Race/VER/laptimes.json,bcf4e0a11d2128aa5f45ff3ca9ea83f1ad2a28346da61cb108702ee0ae684073,PHASE2_CACHE_HIT,200,15529,52,1,52,52,,2020:70th Anniversary Grand Prix:Race,/home/anshumandutta/Downloads/APEX-R_Devsez_Full_Application/phase2_data_foundation/cache/remote/f70617e3ef9f6d1409686597aa64fd516070df1f133b65e1adda2e82dd5e789e.bin,bcf4e0a11d2128aa5f45ff3ca9ea83f1ad2a28346da61cb108702ee0ae684073
2020,70th Anniversary Grand Prix,Race,VET,VERIFIED_IN_SOURCE_DRIVERS_JSON,https://raw.githubusercontent.com/TracingInsights/2020/264ae1db8f1381540fb839c89f7b249ae2d8957d/70th%20Anniversary%20Grand%20Prix/Race/VET/laptimes.json,9096626ed47c2e21540a285e80a630104e4ba1b523e1f8e5934fc6a8df8da8cb,PHASE2_CACHE_HIT,200,15191,52,1,52,52,,2020:70th Anniversary Grand Prix:Race,/home/anshumandutta/Downloads/APEX-R_Devsez_Full_Application/phase2_data_foundation/cache/remote/194fd011222414061f570783dbba0f2f009182558cd5dc2fbd7e49a87a9ebd3f.bin,9096626ed47c2e21540a285e80a630104e4ba1b523e1f8e5934fc6a8df8da8cb
2020,Bahrain Grand Prix,Race,ALB,VERIFIED_IN_SOURCE_DRIVERS_JSON,https://raw.githubusercontent.com/TracingInsights/2020/264ae1db8f1381540fb839c89f7b249ae2d8957d/Bahrain%20Grand%20Prix/Race/ALB/laptimes.json,7881cd7329a3c2a0e039aaabfa418984be0acfc655d48e7fbd3a5f339060cc92,PHASE2_CACHE_HIT,200,17313,57,1,57,57,,2020:Bahrain Grand Prix:Race,/home/anshumandutta/Downloads/APEX-R_Devsez_Full_Application/phase2_data_foundation/cache/remote/0445b31fe822ecbef7176d7de80f4c4fc848cde00352b44d154cb0385c5b491f.bin,7881cd7329a3c2a0e039aaabfa418984be0acfc655d48e7fbd3a5f339060cc92
2020,Bahrain Grand Prix,Race,BOT,VERIFIED_IN_SOURCE_DRIVERS_JSON,https://raw.githubusercontent.com/TracingInsights/2020/264ae1db8f1381540fb839c89f7b249ae2d8957d/Bahrain%20Grand%20Prix/Race/BOT/laptimes.json,13314ce2bf3088d425b6690861079cfa0947c63e8f30342ab6a3e1df7bc45b4f,PHASE2_CACHE_HIT,200,16946,57,1,57,57,,2020:Bahrain Grand Prix:Race,/home/anshumandutta/Downloads/APEX-R_Devsez_Full_Application/phase2_data_foundation/cache/remote/e2f061d4bb7025641819496e5646f6051215692462dfcdeb3ccae5fddde5ba80.bin,13314ce2bf3088d425b6690861079cfa0947c63e8f30342ab6a3e1df7bc45b4f
2020,Bahrain Grand Prix,Race,GAS,VERIFIED_IN_SOURCE_DRIVERS_JSON,https://raw.githubusercontent.com/TracingInsights/2020/264ae1db8f1381540fb839c89f7b249ae2d8957d/Bahrain%20Grand%20Prix/Race/GAS/laptimes.json,04cfb6d4579868155f3c10000ede2d703dbf0953f583cc0efbbf3efaf28ba103,PHASE2_CACHE_HIT,200,16935,57,1,57,57,,2020:Bahrain Grand Prix:Race,/home/anshumandutta/Downloads/APEX-R_Devsez_Full_Application/phase2_data_foundation/cache/remote/4e0cf20fb138cd7adba538155c52d2c82db55d1e751b106ccb85ea0fad2e16fa.bin,04cfb6d4579868155f3c10000ede2d703dbf0953f583cc0efbbf3efaf28ba103
2020,Bahrain Grand Prix,Race,GIO,VERIFIED_IN_SOURCE_DRIVERS_JSON,https://raw.githubusercontent.com/TracingInsights/2020/264ae1db8f1381540fb839c89f7b249ae2d8957d/Bahrain%20Grand%20Prix/Race/GIO/laptimes.json,226679313cbbb4e1bbdf54ce5b86ffc531b110804b1509234326c7e09585a633,PHASE2_CACHE_HIT,200,17139,56,1,56,56,,2020:Bahrain Grand Prix:Race,/home/anshumandutta/Downloads/APEX-R_Devsez_Full_Application/phase2_data_foundation/cache/remote/f025c593f56c9b70bf1b7c0e74e2399686ec3beb3a07724af6c3e0d909777fe7.bin,226679313cbbb4e1bbdf54ce5b86ffc531b110804b1509234326c7e09585a633
2020,Bahrain Grand Prix,Race,GRO,VERIFIED_IN_SOURCE_DRIVERS_JSON,https://raw.githubusercontent.com/TracingInsights/2020/264ae1db8f1381540fb839c89f7b249ae2d8957d/Bahrain%20Grand%20Prix/Race/GRO/laptimes.json,52c359724114dc96b4224c3239e1197020c5770e433cdc17c2d291b14270e124,PHASE2_CACHE_HIT,200,642,1,1,1,0,,2020:Bahrain Grand Prix:Race,/home/anshumandutta/Downloads/APEX-R_Devsez_Full_Application/phase2_data_foundation/cache/remote/5a840be2a7cc1123827a21e09c5f20a424f105d050246aa8289dd2473b6e4575.bin,52c359724114dc96b4224c3239e1197020c5770e433cdc17c2d291b14270e124
2020,Bahrain Grand Prix,Race,HAM,VERIFIED_IN_SOURCE_DRIVERS_JSON,https://raw.githubusercontent.com/TracingInsights/2020/264ae1db8f1381540fb839c89f7b249ae2d8957d/Bahrain%20Grand%20Prix/Race/HAM/laptimes.json,a888b4029ad3ad6ef5a507cde1c8e6ab2c9f31b47f9b2586b4be3c4f2060a062,PHASE2_CACHE_HIT,200,16930,57,1,57,57,,2020:Bahrain Grand Prix:Race,/home/anshumandutta/Downloads/APEX-R_Devsez_Full_Application/phase2_data_foundation/cache/remote/f05260cfea00849ba410206964e2a043083b9674a64c2f90e61e1af20d2343aa.bin,a888b4029ad3ad6ef5a507cde1c8e6ab2c9f31b47f9b2586b4be3c4f2060a062
2020,Bahrain Grand Prix,Race,KVY,VERIFIED_IN_SOURCE_DRIVERS_JSON,https://raw.githubusercontent.com/TracingInsights/2020/264ae1db8f1381540fb839c89f7b249ae2d8957d/Bahrain%20Grand%20Prix/Race/KVY/laptimes.json,6ee492d8bee39f620300a19e233af16929f91457d77b5fbeceb845509cce4a52,PHASE2_CACHE_HIT,200,16720,56,1,56,56,,2020:Bahrain Grand Prix:Race,/home/anshumandutta/Downloads/APEX-R_Devsez_Full_Application/phase2_data_foundation/cache/remote/441bbb51b580930871567166a0467df9c36ed276a3b831b4d4e98715a4a3fc4f.bin,6ee492d8bee39f620300a19e233af16929f91457d77b5fbeceb845509cce4a52
2020,Bahrain Grand Prix,Race,LAT,VERIFIED_IN_SOURCE_DRIVERS_JSON,https://raw.githubusercontent.com/TracingInsights/2020/264ae1db8f1381540fb839c89f7b249ae2d8957d/Bahrain%20Grand%20Prix/Race/LAT/laptimes.json,8f38bfbd99274f3efad6a1161f18822542ac9d79a493e860f0d19c72faa115e0,PHASE2_CACHE_HIT,200,16612,56,1,56,56,,2020:Bahrain Grand Prix:Race,/home/anshumandutta/Downloads/APEX-R_Devsez_Full_Application/phase2_data_foundation/cache/remote/98409ec01783f743caeeb0d114bc607878ab457db4b29450f7e1935b21e810db.bin,8f38bfbd99274f3efad6a1161f18822542ac9d79a493e860f0d19c72faa115e0
2020,Bahrain Grand Prix,Race,LEC,VERIFIED_IN_SOURCE_DRIVERS_JSON,https://raw.githubusercontent.com/TracingInsights/2020/264ae1db8f1381540fb839c89f7b249ae2d8957d/Bahrain%20Grand%20Prix/Race/LEC/laptimes.json,40f1bf6df81fd21681feaf645e5aa3fa7c1cde359f012f770f180d41012c65fe,PHASE2_CACHE_HIT,200,16572,56,1,56,56,,2020:Bahrain Grand Prix:Race,/home/anshumandutta/Downloads/APEX-R_Devsez_Full_Application/phase2_data_foundation/cache/remote/b9e403516eb72b20354a19cb3f20253bf014afdb2226848eeb1ca2cb8ea4e930.bin,40f1bf6df81fd21681feaf645e5aa3fa7c1cde359f012f770f180d41012c65fe
2020,Bahrain Grand Prix,Race,MAG,VERIFIED_IN_SOURCE_DRIVERS_JSON,https://raw.githubusercontent.com/TracingInsights/2020/264ae1db8f1381540fb839c89f7b249ae2d8957d/Bahrain%20Grand%20Prix/Race/MAG/laptimes.json,8ff95862a91c49f6080a4d94e27051d62dee5ff2bdbb11a66d4e96abcf42fef6,PHASE2_CACHE_HIT,200,16834,56,1,56,56,,2020:Bahrain Grand Prix:Race,/home/anshumandutta/Downloads/APEX-R_Devsez_Full_Application/phase2_data_foundation/cache/remote/30b7cf759be0b5517257819ff1c9452e09c6f6b62f08e9c08a73203e82ca3693.bin,8ff95862a91c49f6080a4d94e27051d62dee5ff2bdbb11a66d4e96abcf42fef6
2020,Bahrain Grand Prix,Race,NOR,VERIFIED_IN_SOURCE_DRIVERS_JSON,https://raw.githubusercontent.com/TracingInsights/2020/264ae1db8f1381540fb839c89f7b249ae2d8957d/Bahrain%20Grand%20Prix/Race/NOR/laptimes.json,621b5f716af49799c2647fee5a6f10fe203a76b273d2d09ded6ccb1cc8dbf08f,PHASE2_CACHE_HIT,200,16825,57,1,57,57,,2020:Bahrain Grand Prix:Race,/home/anshumandutta/Downloads/APEX-R_Devsez_Full_Application/phase2_data_foundation/cache/remote/dc63103d0d43e0216ae9e15f0bdc171c0426eb5bd7f374224fab5964d4a15f59.bin,621b5f716af49799c2647fee5a6f10fe203a76b273d2d09ded6ccb1cc8dbf08f
2020,Bahrain Grand Prix,Race,OCO,VERIFIED_IN_SOURCE_DRIVERS_JSON,https://raw.githubusercontent.com/TracingInsights/2020/264ae1db8f1381540fb839c89f7b249ae2d8957d/Bahrain%20Grand%20Prix/Race/OCO/laptimes.json,739a0464b32832212ce06c250ddf18c5ead9bfbeca90ef94ba5d85bcc8bc9209,PHASE2_CACHE_HIT,200,16873,57,1,57,57,,2020:Bahrain Grand Prix:Race,/home/anshumandutta/Downloads/APEX-R_Devsez_Full_Application/phase2_data_foundation/cache/remote/b6cec3e3107dbd453bdab9f7461a2fc7eb1cdb9bc9449509db005d1f5bdff823.bin,739a0464b32832212ce06c250ddf18c5ead9bfbeca90ef94ba5d85bcc8bc9209
2020,Bahrain Grand Prix,Race,PER,VERIFIED_IN_SOURCE_DRIVERS_JSON,https://raw.githubusercontent.com/TracingInsights/2020/264ae1db8f1381540fb839c89f7b249ae2d8957d/Bahrain%20Grand%20Prix/Race/PER/laptimes.json,3be317fdc196b129382fe3d7793435f81a5e91ae2bd6a3fe62686e874c4ea08a,PHASE2_CACHE_HIT,200,16213,54,1,54,53,,2020:Bahrain Grand Prix:Race,/home/anshumandutta/Downloads/APEX-R_Devsez_Full_Application/phase2_data_foundation/cache/remote/e3ef9689d67e2e4efe0b2b1354d942394661275dab56d79f40a5f14fb380ed4a.bin,3be317fdc196b129382fe3d7793435f81a5e91ae2bd6a3fe62686e874c4ea08a
2020,Bahrain Grand Prix,Race,RAI,VERIFIED_IN_SOURCE_DRIVERS_JSON,https://raw.githubusercontent.com/TracingInsights/2020/264ae1db8f1381540fb839c89f7b249ae2d8957d/Bahrain%20Grand%20Prix/Race/RAI/laptimes.json,ed267c3b8cb5d9f89c1c38f0f5188add3301fd11ed50d44187f77d02aeef59ff,PHASE2_CACHE_HIT,200,17096,56,1,56,56,,2020:Bahrain Grand Prix:Race,/home/anshumandutta/Downloads/APEX-R_Devsez_Full_Application/phase2_data_foundation/cache/remote/57adbdee9cf948adb7c8df6d363f7085aff2ad9be1e320cb7853b0e28d4c1119.bin,ed267c3b8cb5d9f89c1c38f0f5188add3301fd11ed50d44187f77d02aeef59ff
2020,Bahrain Grand Prix,Race,RIC,VERIFIED_IN_SOURCE_DRIVERS_JSON,https://raw.githubusercontent.com/TracingInsights/2020/264ae1db8f1381540fb839c89f7b249ae2d8957d/Bahrain%20Grand%20Prix/Race/RIC/laptimes.json,0292b48f2d8280075546fe53d69a74b60052bddb05fc099081fba46967ba5585,PHASE2_CACHE_HIT,200,16757,57,1,57,57,,2020:Bahrain Grand Prix:Race,/home/anshumandutta/Downloads/APEX-R_Devsez_Full_Application/phase2_data_foundation/cache/remote/1bc4e77da171dd652ba4b539f8003423395e834df2a506340946480c4b64c64c.bin,0292b48f2d8280075546fe53d69a74b60052bddb05fc099081fba46967ba5585
2020,Bahrain Grand Prix,Race,RUS,VERIFIED_IN_SOURCE_DRIVERS_JSON,https://raw.githubusercontent.com/TracingInsights/2020/264ae1db8f1381540fb839c89f7b249ae2d8957d/Bahrain%20Grand%20Prix/Race/RUS/laptimes.json,c193d49ef4aef5745d64ef452256fc6057fd2a80029e5cba92c5bc4a8faed67b,PHASE2_CACHE_HIT,200,16670,56,1,56,56,,2020:Bahrain Grand Prix:Race,/home/anshumandutta/Downloads/APEX-R_Devsez_Full_Application/phase2_data_foundation/cache/remote/ca96da9d95d42f47f59fc2864164e13b05d50997849056e87e943ff4fae7e0cb.bin,c193d49ef4aef5745d64ef452256fc6057fd2a80029e5cba92c5bc4a8faed67b
2020,Bahrain Grand Prix,Race,SAI,VERIFIED_IN_SOURCE_DRIVERS_JSON,https://raw.githubusercontent.com/TracingInsights/2020/264ae1db8f1381540fb839c89f7b249ae2d8957d/Bahrain%20Grand%20Prix/Race/SAI/laptimes.json,1765fdef87fc938fe6c76c6a4f43924a8a8c99b060248bc1fd008545e8215918,PHASE2_CACHE_HIT,200,16800,57,1,57,57,,2020:Bahrain Grand Prix:Race,/home/anshumandutta/Downloads/APEX-R_Devsez_Full_Application/phase2_data_foundation/cache/remote/6d0b8bf5aee0bf71dd7fe7274084ca9549c351f03a9f6dab889c8a254023df90.bin,1765fdef87fc938fe6c76c6a4f43924a8a8c99b060248bc1fd008545e8215918
2020,Bahrain Grand Prix,Race,STR,VERIFIED_IN_SOURCE_DRIVERS_JSON,https://raw.githubusercontent.com/TracingInsights/2020/264ae1db8f1381540fb839c89f7b249ae2d8957d/Bahrain%20Grand%20Prix/Race/STR/laptimes.json,4a8a15ea262ca37bb967024aac0cebcaead1e1c33b2db15bb6c8dafdeddd766d,PHASE2_CACHE_HIT,200,1235,3,1,3,2,,2020:Bahrain Grand Prix:Race,/home/anshumandutta/Downloads/APEX-R_Devsez_Full_Application/phase2_data_foundation/cache/remote/01a4beaa56d3cdf832a176652f2e913b7fd6f3dfe8088be0c11ef229bd6c3a97.bin,4a8a15ea262ca37bb967024aac0cebcaead1e1c33b2db15bb6c8dafdeddd766d
2020,Bahrain Grand Prix,Race,VER,VERIFIED_IN_SOURCE_DRIVERS_JSON,https://raw.githubusercontent.com/TracingInsights/2020/264ae1db8f1381540fb839c89f7b249ae2d8957d/Bahrain%20Grand%20Prix/Race/VER/laptimes.json,4587a35768e0a42f78f1d266a82e3d11794dddfbab9c0288c0220a6cfd02c4f3,PHASE2_CACHE_HIT,200,17309,57,1,57,57,,2020:Bahrain Grand Prix:Race,/home/anshumandutta/Downloads/APEX-R_Devsez_Full_Application/phase2_data_foundation/cache/remote/98a5ccd635a22203936b524d723dbc0c6fa9adf0e574561cea5601f774f79809.bin,4587a35768e0a42f78f1d266a82e3d11794dddfbab9c0288c0220a6cfd02c4f3
2020,Bahrain Grand Prix,Race,VET,VERIFIED_IN_SOURCE_DRIVERS_JSON,https://raw.githubusercontent.com/TracingInsights/2020/264ae1db8f1381540fb839c89f7b249ae2d8957d/Bahrain%20Grand%20Prix/Race/VET/laptimes.json,564d84ae53dde312b78e6c8023236a09b520aadaeb0aad5cdb2886fd1c4ad622,PHASE2_CACHE_HIT,200,16548,56,1,56,56,,2020:Bahrain Grand Prix:Race,/home/anshumandutta/Downloads/APEX-R_Devsez_Full_Application/phase2_data_foundation/cache/remote/94d6bf40f1df28b2e45e338089be86cfeb4b058942c6f4dc529cea9ad38b8a26.bin,564d84ae53dde312b78e6c8023236a09b520aadaeb0aad5cdb2886fd1c4ad622
2020,Eifel Grand Prix,Race,ALB,VERIFIED_IN_SOURCE_DRIVERS_JSON,https://raw.githubusercontent.com/TracingInsights/2020/264ae1db8f1381540fb839c89f7b249ae2d8957d/Eifel%20Grand%20Prix/Race/ALB/laptimes.json,3cee9baad891eda7a02d5c929150f38015ecc9365c1d711265f3b16deea9fc82,PHASE2_CACHE_HIT,200,6990,23,1,23,23,,2020:Eifel Grand Prix:Race,/home/anshumandutta/Downloads/APEX-R_Devsez_Full_Application/phase2_data_foundation/cache/remote/c4db83a2f7825f455e3284540ddcc0449f501cf46b396c132d772469f99ee123.bin,3cee9baad891eda7a02d5c929150f38015ecc9365c1d711265f3b16deea9fc82
2020,Eifel Grand Prix,Race,BOT,VERIFIED_IN_SOURCE_DRIVERS_JSON,https://raw.githubusercontent.com/TracingInsights/2020/264ae1db8f1381540fb839c89f7b249ae2d8957d/Eifel%20Grand%20Prix/Race/BOT/laptimes.json,9b4a2189e34e3617a40ab016d5e4fd73c0b1c4ffbd09363178dac56fee6af142,PHASE2_CACHE_HIT,200,5401,18,1,18,18,,2020:Eifel Grand Prix:Race,/home/anshumandutta/Downloads/APEX-R_Devsez_Full_Application/phase2_data_foundation/cache/remote/627ae76db21d0460a9d0d27746b09d4917638b8ab62c27ce42b53fe337c06ba8.bin,9b4a2189e34e3617a40ab016d5e4fd73c0b1c4ffbd09363178dac56fee6af142
2020,Eifel Grand Prix,Race,GAS,VERIFIED_IN_SOURCE_DRIVERS_JSON,https://raw.githubusercontent.com/TracingInsights/2020/264ae1db8f1381540fb839c89f7b249ae2d8957d/Eifel%20Grand%20Prix/Race/GAS/laptimes.json,fa3dc6979bcd5080fbf2358dcec9a20435702aca76d2e5edad5b56384d0abce9,PHASE2_CACHE_HIT,200,17492,60,1,60,60,,2020:Eifel Grand Prix:Race,/home/anshumandutta/Downloads/APEX-R_Devsez_Full_Application/phase2_data_foundation/cache/remote/e6f7f0600c7bdd7394c10594316a53d566e3e5276aec947e5d247f7f26cdd8ba.bin,fa3dc6979bcd5080fbf2358dcec9a20435702aca76d2e5edad5b56384d0abce9
2020,Eifel Grand Prix,Race,GIO,VERIFIED_IN_SOURCE_DRIVERS_JSON,https://raw.githubusercontent.com/TracingInsights/2020/264ae1db8f1381540fb839c89f7b249ae2d8957d/Eifel%20Grand%20Prix/Race/GIO/laptimes.json,786d6fb90ea7acb51798191aac6a4028cef97e1992fd9a8929aa7b519b797481,PHASE2_CACHE_HIT,200,17957,60,1,60,60,,2020:Eifel Grand Prix:Race,/home/anshumandutta/Downloads/APEX-R_Devsez_Full_Application/phase2_data_foundation/cache/remote/0dad52cde551d291f258a798b3a8c29eb63296a12c161284b97f0489c7fd53b3.bin,786d6fb90ea7acb51798191aac6a4028cef97e1992fd9a8929aa7b519b797481
2020,Eifel Grand Prix,Race,GRO,VERIFIED_IN_SOURCE_DRIVERS_JSON,https://raw.githubusercontent.com/TracingInsights/2020/264ae1db8f1381540fb839c89f7b249ae2d8957d/Eifel%20Grand%20Prix/Race/GRO/laptimes.json,868b650268592a89b1361918d550d2c1383fa446f6cf82bd44454687f8d4abc9,PHASE2_CACHE_HIT,200,17588,60,1,60,60,,2020:Eifel Grand Prix:Race,/home/anshumandutta/Downloads/APEX-R_Devsez_Full_Application/phase2_data_foundation/cache/remote/1e4427a1204f82c747fc39470fd07401ebcd076010574d828019018cd1dc2032.bin,868b650268592a89b1361918d550d2c1383fa446f6cf82bd44454687f8d4abc9
2020,Eifel Grand Prix,Race,HAM,VERIFIED_IN_SOURCE_DRIVERS_JSON,https://raw.githubusercontent.com/TracingInsights/2020/264ae1db8f1381540fb839c89f7b249ae2d8957d/Eifel%20Grand%20Prix/Race/HAM/laptimes.json,370d80b35d1ce233bbea12ec804ff14593ac0886fb5cb636722153f1950515d6,PHASE2_CACHE_HIT,200,17369,60,1,60,60,,2020:Eifel Grand Prix:Race,/home/anshumandutta/Downloads/APEX-R_Devsez_Full_Application/phase2_data_foundation/cache/remote/27635bde6798ca1728ff1f3772b549fd7adc3928e55a6d02fca735d8f9abaa85.bin,370d80b35d1ce233bbea12ec804ff14593ac0886fb5cb636722153f1950515d6
2020,Eifel Grand Prix,Race,HUL,VERIFIED_IN_SOURCE_DRIVERS_JSON,https://raw.githubusercontent.com/TracingInsights/2020/264ae1db8f1381540fb839c89f7b249ae2d8957d/Eifel%20Grand%20Prix/Race/HUL/laptimes.json,5c2135a904d9ed5fed8e408a914dc72fa085549dfef8ebf7a918a9d426b4643f,PHASE2_CACHE_HIT,200,17585,60,1,60,60,,2020:Eifel Grand Prix:Race,/home/anshumandutta/Downloads/APEX-R_Devsez_Full_Application/phase2_data_foundation/cache/remote/21c0a8eb9843aba2a4bfc7dfeb5f9a1a42c3a922c590b088a916cc263e6a30c3.bin,5c2135a904d9ed5fed8e408a914dc72fa085549dfef8ebf7a918a9d426b4643f
2020,Eifel Grand Prix,Race,KVY,VERIFIED_IN_SOURCE_DRIVERS_JSON,https://raw.githubusercontent.com/TracingInsights/2020/264ae1db8f1381540fb839c89f7b249ae2d8957d/Eifel%20Grand%20Prix/Race/KVY/laptimes.json,9ad9cadffa48ce4c020f1ecceaa74794b30c91d5de77efd8932c65f6d2456ca2,PHASE2_CACHE_HIT,200,17491,60,1,60,60,,2020:Eifel Grand Prix:Race,/home/anshumandutta/Downloads/APEX-R_Devsez_Full_Application/phase2_data_foundation/cache/remote/986943154d4ff2da879b4110f8a9439bed92f67b6f875a8c128c489976098177.bin,9ad9cadffa48ce4c020f1ecceaa74794b30c91d5de77efd8932c65f6d2456ca2
2020,Eifel Grand Prix,Race,LAT,VERIFIED_IN_SOURCE_DRIVERS_JSON,https://raw.githubusercontent.com/TracingInsights/2020/264ae1db8f1381540fb839c89f7b249ae2d8957d/Eifel%20Grand%20Prix/Race/LAT/laptimes.json,87d39c725a98ca87524c31a9bdb4a7778d313c6ab7b0a647feab3e6ca2857bc9,PHASE2_CACHE_HIT,200,17366,60,1,60,60,,2020:Eifel Grand Prix:Race,/home/anshumandutta/Downloads/APEX-R_Devsez_Full_Application/phase2_data_foundation/cache/remote/77701b4f9d33bb803efd645c670fed16655cc6f4de76ea0b2785600982a9a144.bin,87d39c725a98ca87524c31a9bdb4a7778d313c6ab7b0a647feab3e6ca2857bc9
2020,Eifel Grand Prix,Race,LEC,VERIFIED_IN_SOURCE_DRIVERS_JSON,https://raw.githubusercontent.com/TracingInsights/2020/264ae1db8f1381540fb839c89f7b249ae2d8957d/Eifel%20Grand%20Prix/Race/LEC/laptimes.json,0cbc7eaaf89da26b20dc0f354691ef90f92d54209e5307e6105bfea0e87dc671,PHASE2_CACHE_HIT,200,17368,60,1,60,60,,2020:Eifel Grand Prix:Race,/home/anshumandutta/Downloads/APEX-R_Devsez_Full_Application/phase2_data_foundation/cache/remote/31e133b3ffc8f7c528d74e65c13a1c8844351c13852486d6deb4c40b2ae1dbc1.bin,0cbc7eaaf89da26b20dc0f354691ef90f92d54209e5307e6105bfea0e87dc671
2020,Eifel Grand Prix,Race,MAG,VERIFIED_IN_SOURCE_DRIVERS_JSON,https://raw.githubusercontent.com/TracingInsights/2020/264ae1db8f1381540fb839c89f7b249ae2d8957d/Eifel%20Grand%20Prix/Race/MAG/laptimes.json,cd5b5764019156f82dcdcb1390a5d7560698d3bab191be232d03b86fd19abaa3,PHASE2_CACHE_HIT,200,17689,60,1,60,60,,2020:Eifel Grand Prix:Race,/home/anshumandutta/Downloads/APEX-R_Devsez_Full_Application/phase2_data_foundation/cache/remote/5f83ed5629bb3f6bea33e8ffe40906a69a0858bd84f19485532df2b8109f85a6.bin,cd5b5764019156f82dcdcb1390a5d7560698d3bab191be232d03b86fd19abaa3
2020,Eifel Grand Prix,Race,NOR,VERIFIED_IN_SOURCE_DRIVERS_JSON,https://raw.githubusercontent.com/TracingInsights/2020/264ae1db8f1381540fb839c89f7b249ae2d8957d/Eifel%20Grand%20Prix/Race/NOR/laptimes.json,a166c4f20b5c3e2e8ab84b3c2a94afa7f9c7180abd7bc1ca8250dc4db883c0bf,PHASE2_CACHE_HIT,200,12405,43,1,43,42,,2020:Eifel Grand Prix:Race,/home/anshumandutta/Downloads/APEX-R_Devsez_Full_Application/phase2_data_foundation/cache/remote/0ce7f595763e8488ba5bbcf3da60a6e4ad5ec2f1e437d47ea03cfb217c70ef66.bin,a166c4f20b5c3e2e8ab84b3c2a94afa7f9c7180abd7bc1ca8250dc4db883c0bf
2020,Eifel Grand Prix,Race,OCO,VERIFIED_IN_SOURCE_DRIVERS_JSON,https://raw.githubusercontent.com/TracingInsights/2020/264ae1db8f1381540fb839c89f7b249ae2d8957d/Eifel%20Grand%20Prix/Race/OCO/laptimes.json,87a78e9476d8fa496ad371e09bb644e5ba37b76ea5bcd24a6cb11574534d505c,PHASE2_CACHE_HIT,200,6513,22,1,22,22,,2020:Eifel Grand Prix:Race,/home/anshumandutta/Downloads/APEX-R_Devsez_Full_Application/phase2_data_foundation/cache/remote/dca2f599baa8d011d57cbc50010d76a201a2a57be6297e969d7a44d4c6e874a4.bin,87a78e9476d8fa496ad371e09bb644e5ba37b76ea5bcd24a6cb11574534d505c
2020,Eifel Grand Prix,Race,PER,VERIFIED_IN_SOURCE_DRIVERS_JSON,https://raw.githubusercontent.com/TracingInsights/2020/264ae1db8f1381540fb839c89f7b249ae2d8957d/Eifel%20Grand%20Prix/Race/PER/laptimes.json,9d6aa35502b06f4ac9d2ce6bd0ad1af9a6c8b4f9f73144c3a531e2bbb1c46579,PHASE2_CACHE_HIT,200,17598,60,1,60,60,,2020:Eifel Grand Prix:Race,/home/anshumandutta/Downloads/APEX-R_Devsez_Full_Application/phase2_data_foundation/cache/remote/a356548dcbd26669b04ef5c965cbeac9944cc9c46029a9a54f46cd1f6dcd776b.bin,9d6aa35502b06f4ac9d2ce6bd0ad1af9a6c8b4f9f73144c3a531e2bbb1c46579
2020,Eifel Grand Prix,Race,RAI,VERIFIED_IN_SOURCE_DRIVERS_JSON,https://raw.githubusercontent.com/TracingInsights/2020/264ae1db8f1381540fb839c89f7b249ae2d8957d/Eifel%20Grand%20Prix/Race/RAI/laptimes.json,29ba7dd13a73c8452e2433924665a85b66d4230f03583083dd6fe3538ad4dfb7,PHASE2_CACHE_HIT,200,17868,60,1,60,60,,2020:Eifel Grand Prix:Race,/home/anshumandutta/Downloads/APEX-R_Devsez_Full_Application/phase2_data_foundation/cache/remote/99caf7bce831064038339a6e00ab756eb21b66bac0572e21a258f05aad9d3b9f.bin,29ba7dd13a73c8452e2433924665a85b66d4230f03583083dd6fe3538ad4dfb7
2020,Eifel Grand Prix,Race,RIC,VERIFIED_IN_SOURCE_DRIVERS_JSON,https://raw.githubusercontent.com/TracingInsights/2020/264ae1db8f1381540fb839c89f7b249ae2d8957d/Eifel%20Grand%20Prix/Race/RIC/laptimes.json,f1c864674607aa4986705167de358232d9746d08dce1547b4aa7d425ba96ee4e,PHASE2_CACHE_HIT,200,17242,60,1,60,60,,2020:Eifel Grand Prix:Race,/home/anshumandutta/Downloads/APEX-R_Devsez_Full_Application/phase2_data_foundation/cache/remote/5120d5ff6310b3918fd1d952857e9f8ec77dd323b0620bc9e0315816a4f2a51d.bin,f1c864674607aa4986705167de358232d9746d08dce1547b4aa7d425ba96ee4e
2020,Eifel Grand Prix,Race,RUS,VERIFIED_IN_SOURCE_DRIVERS_JSON,https://raw.githubusercontent.com/TracingInsights/2020/264ae1db8f1381540fb839c89f7b249ae2d8957d/Eifel%20Grand%20Prix/Race/RUS/laptimes.json,ef79360911f6c787859cc3049eb87fef505dc0adb2ee7509b5b6578f42ecfe88,PHASE2_CACHE_HIT,200,3973,13,1,13,12,,2020:Eifel Grand Prix:Race,/home/anshumandutta/Downloads/APEX-R_Devsez_Full_Application/phase2_data_foundation/cache/remote/5b6dbf11f1eb7c6aa1b32202ffd4bdc033834c764c5c0324d876292bde430bc0.bin,ef79360911f6c787859cc3049eb87fef505dc0adb2ee7509b5b6578f42ecfe88
2020,Eifel Grand Prix,Race,SAI,VERIFIED_IN_SOURCE_DRIVERS_JSON,https://raw.githubusercontent.com/TracingInsights/2020/264ae1db8f1381540fb839c89f7b249ae2d8957d/Eifel%20Grand%20Prix/Race/SAI/laptimes.json,311029deb05a38578292f5bbe60ffa7be9f29fc64d26f0122f49468edde5a5ee,PHASE2_CACHE_HIT,200,17293,60,1,60,60,,2020:Eifel Grand Prix:Race,/home/anshumandutta/Downloads/APEX-R_Devsez_Full_Application/phase2_data_foundation/cache/remote/525a5ea51b2f0c9ea2d2c8a658032fea30a4a05ad62e18eedc0a5e992d569199.bin,311029deb05a38578292f5bbe60ffa7be9f29fc64d26f0122f49468edde5a5ee
2020,Eifel Grand Prix,Race,VER,VERIFIED_IN_SOURCE_DRIVERS_JSON,https://raw.githubusercontent.com/TracingInsights/2020/264ae1db8f1381540fb839c89f7b249ae2d8957d/Eifel%20Grand%20Prix/Race/VER/laptimes.json,37539a80bcf179d90d0f2c63bf582269157021a0f6b4c09f458b44eb5706afa8,PHASE2_CACHE_HIT,200,17761,60,1,60,60,,2020:Eifel Grand Prix:Race,/home/anshumandutta/Downloads/APEX-R_Devsez_Full_Application/phase2_data_foundation/cache/remote/285e6c577205e04f8691ab928d94739cb0aa5e6087b3da304eeb67a1c9c27068.bin,37539a80bcf179d90d0f2c63bf582269157021a0f6b4c09f458b44eb5706afa8
2020,Eifel Grand Prix,Race,VET,VERIFIED_IN_SOURCE_DRIVERS_JSON,https://raw.githubusercontent.com/TracingInsights/2020/264ae1db8f1381540fb839c89f7b249ae2d8957d/Eifel%20Grand%20Prix/Race/VET/laptimes.json,3caeae13785386f9c89d1161221b5ecf1805aac973d317aaf7be48d9982248cc,PHASE2_CACHE_HIT,200,17260,60,1,60,60,,2020:Eifel Grand Prix:Race,/home/anshumandutta/Downloads/APEX-R_Devsez_Full_Application/phase2_data_foundation/cache/remote/c32676234e802a889065a41ed9b1a1e1e9ae4604d5936933029787b061c927e4.bin,3caeae13785386f9c89d1161221b5ecf1805aac973d317aaf7be48d9982248cc
2020,Emilia Romagna Grand Prix,Race,ALB,VERIFIED_IN_SOURCE_DRIVERS_JSON,https://raw.githubusercontent.com/TracingInsights/2020/264ae1db8f1381540fb839c89f7b249ae2d8957d/Emilia%20Romagna%20Grand%20Prix/Race/ALB/laptimes.json,02929fe86ea052e1bedd826ce64c6a2cb85ef335c1b422c49ad6236b8b3ea686,PHASE2_CACHE_HIT,200,18801,63,1,63,63,,2020:Emilia Romagna Grand Prix:Race,/home/anshumandutta/Downloads/APEX-R_Devsez_Full_Application/phase2_data_foundation/cache/remote/1de06e14236323c0394349b426abe1fec488b2ac8dd620a68aab614587eb2158.bin,02929fe86ea052e1bedd826ce64c6a2cb85ef335c1b422c49ad6236b8b3ea686
2020,Emilia Romagna Grand Prix,Race,BOT,VERIFIED_IN_SOURCE_DRIVERS_JSON,https://raw.githubusercontent.com/TracingInsights/2020/264ae1db8f1381540fb839c89f7b249ae2d8957d/Emilia%20Romagna%20Grand%20Prix/Race/BOT/laptimes.json,ed3c7ef8c9830a955a59e5a7817e1bd65c4014698d42ed5bf4e2acf1cb4a5ce5,PHASE2_CACHE_HIT,200,18385,63,1,63,63,,2020:Emilia Romagna Grand Prix:Race,/home/anshumandutta/Downloads/APEX-R_Devsez_Full_Application/phase2_data_foundation/cache/remote/79f6d31f43a9863ce01deaadc75dae37c71745f1ded920707dc4099078d40b40.bin,ed3c7ef8c9830a955a59e5a7817e1bd65c4014698d42ed5bf4e2acf1cb4a5ce5
2020,Emilia Romagna Grand Prix,Race,GAS,VERIFIED_IN_SOURCE_DRIVERS_JSON,https://raw.githubusercontent.com/TracingInsights/2020/264ae1db8f1381540fb839c89f7b249ae2d8957d/Emilia%20Romagna%20Grand%20Prix/Race/GAS/laptimes.json,22ed589720c481c36d407b23e58c6414ea9736a1fb775faa037f39c177a1a750,PHASE2_CACHE_HIT,200,2637,8,1,8,8,,2020:Emilia Romagna Grand Prix:Race,/home/anshumandutta/Downloads/APEX-R_Devsez_Full_Application/phase2_data_foundation/cache/remote/5007d352d4dac8822b0a7bbcd70c673b0e1604a5d2d005457db4059b7e4b7c97.bin,22ed589720c481c36d407b23e58c6414ea9736a1fb775faa037f39c177a1a750
2020,Emilia Romagna Grand Prix,Race,GIO,VERIFIED_IN_SOURCE_DRIVERS_JSON,https://raw.githubusercontent.com/TracingInsights/2020/264ae1db8f1381540fb839c89f7b249ae2d8957d/Emilia%20Romagna%20Grand%20Prix/Race/GIO/laptimes.json,ab45b06dbdb5763dc02d9ee15631d1d21b260c6790afccec4080163b54d25afb,PHASE2_CACHE_HIT,200,19023,63,1,63,63,,2020:Emilia Romagna Grand Prix:Race,/home/anshumandutta/Downloads/APEX-R_Devsez_Full_Application/phase2_data_foundation/cache/remote/157f0928d99462171e939d4414d15634a8fad3f23b80ee82b16e31ac6b31b7b3.bin,ab45b06dbdb5763dc02d9ee15631d1d21b260c6790afccec4080163b54d25afb
2020,Emilia Romagna Grand Prix,Race,GRO,VERIFIED_IN_SOURCE_DRIVERS_JSON,https://raw.githubusercontent.com/TracingInsights/2020/264ae1db8f1381540fb839c89f7b249ae2d8957d/Emilia%20Romagna%20Grand%20Prix/Race/GRO/laptimes.json,32b26356fcbd9f1b3b26a0d73a8ab07c66f097dab6e54407b419ad0fab92af41,PHASE2_CACHE_HIT,200,18613,63,1,63,63,,2020:Emilia Romagna Grand Prix:Race,/home/anshumandutta/Downloads/APEX-R_Devsez_Full_Application/phase2_data_foundation/cache/remote/6285cc0ac36f60ea785f4a422f4bd626cbf877bca1efc4b341f0fac947125c04.bin,32b26356fcbd9f1b3b26a0d73a8ab07c66f097dab6e54407b419ad0fab92af41
2020,Emilia Romagna Grand Prix,Race,HAM,VERIFIED_IN_SOURCE_DRIVERS_JSON,https://raw.githubusercontent.com/TracingInsights/2020/264ae1db8f1381540fb839c89f7b249ae2d8957d/Emilia%20Romagna%20Grand%20Prix/Race/HAM/laptimes.json,16839eb08af2183c5f225cca0d979f997dbe987133240c6dc86b3a1f3276eba0,PHASE2_CACHE_HIT,200,18419,63,1,63,63,,2020:Emilia Romagna Grand Prix:Race,/home/anshumandutta/Downloads/APEX-R_Devsez_Full_Application/phase2_data_foundation/cache/remote/8eaeb70969c68d774f0bffadd7426aefc756f6d62d5f03a4a57004d2ff99d309.bin,16839eb08af2183c5f225cca0d979f997dbe987133240c6dc86b3a1f3276eba0
2020,Emilia Romagna Grand Prix,Race,KVY,VERIFIED_IN_SOURCE_DRIVERS_JSON,https://raw.githubusercontent.com/TracingInsights/2020/264ae1db8f1381540fb839c89f7b249ae2d8957d/Emilia%20Romagna%20Grand%20Prix/Race/KVY/laptimes.json,ee1f40abe5d2c16c575c02c927b6b1211bd8eb480de5cf09bd5f450a5379be91,PHASE2_CACHE_HIT,200,18477,63,1,63,63,,2020:Emilia Romagna Grand Prix:Race,/home/anshumandutta/Downloads/APEX-R_Devsez_Full_Application/phase2_data_foundation/cache/remote/f05a11f9cc5ab134f500fb07a4f91ced302f126206a849d311788d6512381b6c.bin,ee1f40abe5d2c16c575c02c927b6b1211bd8eb480de5cf09bd5f450a5379be91
2020,Emilia Romagna Grand Prix,Race,LAT,VERIFIED_IN_SOURCE_DRIVERS_JSON,https://raw.githubusercontent.com/TracingInsights/2020/264ae1db8f1381540fb839c89f7b249ae2d8957d/Emilia%20Romagna%20Grand%20Prix/Race/LAT/laptimes.json,6fc3460c1494e5deb1f6beab29bfd4fd7f84d5dc6d9113f25ead9105b30e5b56,PHASE2_CACHE_HIT,200,18354,63,1,63,63,,2020:Emilia Romagna Grand Prix:Race,/home/anshumandutta/Downloads/APEX-R_Devsez_Full_Application/phase2_data_foundation/cache/remote/ec2318c02a06c141fc6b7eba814aa641029c16e8b205cd1cb516ff8df6e3db90.bin,6fc3460c1494e5deb1f6beab29bfd4fd7f84d5dc6d9113f25ead9105b30e5b56
2020,Emilia Romagna Grand Prix,Race,LEC,VERIFIED_IN_SOURCE_DRIVERS_JSON,https://raw.githubusercontent.com/TracingInsights/2020/264ae1db8f1381540fb839c89f7b249ae2d8957d/Emilia%20Romagna%20Grand%20Prix/Race/LEC/laptimes.json,3210b4d36bde5f1c6d5bbe853aa8459f04299cf7f1e0975533fbb9a947d60cfd,PHASE2_CACHE_HIT,200,18271,63,1,63,63,,2020:Emilia Romagna Grand Prix:Race,/home/anshumandutta/Downloads/APEX-R_Devsez_Full_Application/phase2_data_foundation/cache/remote/dc22449493be7f3a6b3fb178ac9ac9f19cdc42684af4ef0eb9bb59f3a36f304a.bin,3210b4d36bde5f1c6d5bbe853aa8459f04299cf7f1e0975533fbb9a947d60cfd
2020,Emilia Romagna Grand Prix,Race,MAG,VERIFIED_IN_SOURCE_DRIVERS_JSON,https://raw.githubusercontent.com/TracingInsights/2020/264ae1db8f1381540fb839c89f7b249ae2d8957d/Emilia%20Romagna%20Grand%20Prix/Race/MAG/laptimes.json,b63904e47b6ec4cdc3bbeede8ffe239d47e1a9273a6fcdbac837de131da110d3,PHASE2_CACHE_HIT,200,14019,47,1,47,47,,2020:Emilia Romagna Grand Prix:Race,/home/anshumandutta/Downloads/APEX-R_Devsez_Full_Application/phase2_data_foundation/cache/remote/3c5472286a549345114b93310eaaa9891cf498eb05027bdf74e4eb748550237b.bin,b63904e47b6ec4cdc3bbeede8ffe239d47e1a9273a6fcdbac837de131da110d3
2020,Emilia Romagna Grand Prix,Race,NOR,VERIFIED_IN_SOURCE_DRIVERS_JSON,https://raw.githubusercontent.com/TracingInsights/2020/264ae1db8f1381540fb839c89f7b249ae2d8957d/Emilia%20Romagna%20Grand%20Prix/Race/NOR/laptimes.json,e3df554c483c7c692d75cf83bf9117c08dff0bfc433f34a127e24d70cf348288,PHASE2_CACHE_HIT,200,18330,63,1,63,63,,2020:Emilia Romagna Grand Prix:Race,/home/anshumandutta/Downloads/APEX-R_Devsez_Full_Application/phase2_data_foundation/cache/remote/4d891b7e15afd829208bdf19223088773ca51b190a7a6d6ed1674b675d98d381.bin,e3df554c483c7c692d75cf83bf9117c08dff0bfc433f34a127e24d70cf348288
2020,Emilia Romagna Grand Prix,Race,OCO,VERIFIED_IN_SOURCE_DRIVERS_JSON,https://raw.githubusercontent.com/TracingInsights/2020/264ae1db8f1381540fb839c89f7b249ae2d8957d/Emilia%20Romagna%20Grand%20Prix/Race/OCO/laptimes.json,27d3ea825eb6b68ea9ec26b389e17b805042d9d93d82be687c1ecfa48ea19f6f,PHASE2_CACHE_HIT,200,8324,28,1,28,27,,2020:Emilia Romagna Grand Prix:Race,/home/anshumandutta/Downloads/APEX-R_Devsez_Full_Application/phase2_data_foundation/cache/remote/ae6293b88aa044e085397f648001e32e337a0cc71eb80fd5856f0ba1f0006645.bin,27d3ea825eb6b68ea9ec26b389e17b805042d9d93d82be687c1ecfa48ea19f6f
2020,Emilia Romagna Grand Prix,Race,PER,VERIFIED_IN_SOURCE_DRIVERS_JSON,https://raw.githubusercontent.com/TracingInsights/2020/264ae1db8f1381540fb839c89f7b249ae2d8957d/Emilia%20Romagna%20Grand%20Prix/Race/PER/laptimes.json,ca86a1452892c25f4063313b0e06a4228819d6600b635a464e32b6baa9570595,PHASE2_CACHE_HIT,200,18596,63,1,63,63,,2020:Emilia Romagna Grand Prix:Race,/home/anshumandutta/Downloads/APEX-R_Devsez_Full_Application/phase2_data_foundation/cache/remote/c80a789d21449bad014196b975a7fc1ad98f00d4786029cd297fafd0d3948f18.bin,ca86a1452892c25f4063313b0e06a4228819d6600b635a464e32b6baa9570595
2020,Emilia Romagna Grand Prix,Race,RAI,VERIFIED_IN_SOURCE_DRIVERS_JSON,https://raw.githubusercontent.com/TracingInsights/2020/264ae1db8f1381540fb839c89f7b249ae2d8957d/Emilia%20Romagna%20Grand%20Prix/Race/RAI/laptimes.json,3e66a9ea0d05109e664be0b2f7731f23b9113e4d61723f6f615429fae6dc8bec,PHASE2_CACHE_HIT,200,18904,63,1,63,63,,2020:Emilia Romagna Grand Prix:Race,/home/anshumandutta/Downloads/APEX-R_Devsez_Full_Application/phase2_data_foundation/cache/remote/fdba3c482f8445220e64815861f053cab29625de1827375fb24299febe0db46a.bin,3e66a9ea0d05109e664be0b2f7731f23b9113e4d61723f6f615429fae6dc8bec
2020,Emilia Romagna Grand Prix,Race,RIC,VERIFIED_IN_SOURCE_DRIVERS_JSON,https://raw.githubusercontent.com/TracingInsights/2020/264ae1db8f1381540fb839c89f7b249ae2d8957d/Emilia%20Romagna%20Grand%20Prix/Race/RIC/laptimes.json,bd74774f201502229ea89b918b70c0db6da4274daa1e57b7a47d484839072d9f,PHASE2_CACHE_HIT,200,18173,63,1,63,63,,2020:Emilia Romagna Grand Prix:Race,/home/anshumandutta/Downloads/APEX-R_Devsez_Full_Application/phase2_data_foundation/cache/remote/b8f6d8eea5bb69271d2216c7f9934b1aebc6037639c9f038bfa9ac260970b763.bin,bd74774f201502229ea89b918b70c0db6da4274daa1e57b7a47d484839072d9f
2020,Emilia Romagna Grand Prix,Race,RUS,VERIFIED_IN_SOURCE_DRIVERS_JSON,https://raw.githubusercontent.com/TracingInsights/2020/264ae1db8f1381540fb839c89f7b249ae2d8957d/Emilia%20Romagna%20Grand%20Prix/Race/RUS/laptimes.json,a7dc9faa6daceaf14dae9d41b9cd8b6a413f362ce0f16c33f40bdecd9d61de67,PHASE2_CACHE_HIT,200,15257,52,1,52,51,,2020:Emilia Romagna Grand Prix:Race,/home/anshumandutta/Downloads/APEX-R_Devsez_Full_Application/phase2_data_foundation/cache/remote/5d0085602112a2bffcf822305b79098a83b8d7c3e9dbbe4fbb9dda448d3a82cd.bin,a7dc9faa6daceaf14dae9d41b9cd8b6a413f362ce0f16c33f40bdecd9d61de67
2020,Emilia Romagna Grand Prix,Race,SAI,VERIFIED_IN_SOURCE_DRIVERS_JSON,https://raw.githubusercontent.com/TracingInsights/2020/264ae1db8f1381540fb839c89f7b249ae2d8957d/Emilia%20Romagna%20Grand%20Prix/Race/SAI/laptimes.json,359df198d692ebd38f8e5edded9a5a3c11707105b63ae7a718d2c8d985f3210e,PHASE2_CACHE_HIT,200,18392,63,1,63,63,,2020:Emilia Romagna Grand Prix:Race,/home/anshumandutta/Downloads/APEX-R_Devsez_Full_Application/phase2_data_foundation/cache/remote/388df0ee6c2cf4dd48afef35133bb5445a0f486fa002364ba37bc3e2f8565f14.bin,359df198d692ebd38f8e5edded9a5a3c11707105b63ae7a718d2c8d985f3210e
2020,Emilia Romagna Grand Prix,Race,STR,VERIFIED_IN_SOURCE_DRIVERS_JSON,https://raw.githubusercontent.com/TracingInsights/2020/264ae1db8f1381540fb839c89f7b249ae2d8957d/Emilia%20Romagna%20Grand%20Prix/Race/STR/laptimes.json,10ea0613392759896c5e6b6df6f1f6521031b94e6a5f9a796ae235d64ff7ae23,PHASE2_CACHE_HIT,200,18680,63,1,63,63,,2020:Emilia Romagna Grand Prix:Race,/home/anshumandutta/Downloads/APEX-R_Devsez_Full_Application/phase2_data_foundation/cache/remote/f582b120d021ffb37d6cab81446efb4d435d77dd05a98d368f83354ba6d175a2.bin,10ea0613392759896c5e6b6df6f1f6521031b94e6a5f9a796ae235d64ff7ae23
2020,Emilia Romagna Grand Prix,Race,VER,VERIFIED_IN_SOURCE_DRIVERS_JSON,https://raw.githubusercontent.com/TracingInsights/2020/264ae1db8f1381540fb839c89f7b249ae2d8957d/Emilia%20Romagna%20Grand%20Prix/Race/VER/laptimes.json,e43ee7241f333a204580341c784f934932d91b191d0b6fad9242f586b6594806,PHASE2_CACHE_HIT,200,15296,51,1,51,50,,2020:Emilia Romagna Grand Prix:Race,/home/anshumandutta/Downloads/APEX-R_Devsez_Full_Application/phase2_data_foundation/cache/remote/d0e0c189c91d9d68261d290099712b80ed150f686ba7884858afd415f0cba688.bin,e43ee7241f333a204580341c784f934932d91b191d0b6fad9242f586b6594806
2020,Emilia Romagna Grand Prix,Race,VET,VERIFIED_IN_SOURCE_DRIVERS_JSON,https://raw.githubusercontent.com/TracingInsights/2020/264ae1db8f1381540fb839c89f7b249ae2d8957d/Emilia%20Romagna%20Grand%20Prix/Race/VET/laptimes.json,a5a05df41ad0a915c0f0b0782554b3c005c2b041be505a73159ce27da3684da0,PHASE2_CACHE_HIT,200,18273,63,1,63,63,,2020:Emilia Romagna Grand Prix:Race,/home/anshumandutta/Downloads/APEX-R_Devsez_Full_Application/phase2_data_foundation/cache/remote/5bd5231a1597e0e515776cd378bbaef1a988b4f9902c4240efc23ce5adac37e6.bin,a5a05df41ad0a915c0f0b0782554b3c005c2b041be505a73159ce27da3684da0
2020,Hungarian Grand Prix,Race,ALB,VERIFIED_IN_SOURCE_DRIVERS_JSON,https://raw.githubusercontent.com/TracingInsights/2020/264ae1db8f1381540fb839c89f7b249ae2d8957d/Hungarian%20Grand%20Prix/Race/ALB/laptimes.json,daf1f3615bcba048995032f0bfc3283eea259220aafa83dc4923f8fc939c5c69,PHASE2_CACHE_HIT,200,20801,70,1,70,70,,2020:Hungarian Grand Prix:Race,/home/anshumandutta/Downloads/APEX-R_Devsez_Full_Application/phase2_data_foundation/cache/remote/965ee290fa00d319eda46173745370b454b05803fe6bf1bf2a63cdd76b9a718b.bin,daf1f3615bcba048995032f0bfc3283eea259220aafa83dc4923f8fc939c5c69
2020,Hungarian Grand Prix,Race,BOT,VERIFIED_IN_SOURCE_DRIVERS_JSON,https://raw.githubusercontent.com/TracingInsights/2020/264ae1db8f1381540fb839c89f7b249ae2d8957d/Hungarian%20Grand%20Prix/Race/BOT/laptimes.json,4cf99122b9a6e3b343b9f9166e9b7afaf2b8b116ba3305d44ea39d7a0f36f4a1,PHASE2_CACHE_HIT,200,20359,70,1,70,70,,2020:Hungarian Grand Prix:Race,/home/anshumandutta/Downloads/APEX-R_Devsez_Full_Application/phase2_data_foundation/cache/remote/b69870b106a0425cf2c478dec4255c43ecbf08d4370673b1685c7f34cd7b1ea2.bin,4cf99122b9a6e3b343b9f9166e9b7afaf2b8b116ba3305d44ea39d7a0f36f4a1
2020,Hungarian Grand Prix,Race,GAS,VERIFIED_IN_SOURCE_DRIVERS_JSON,https://raw.githubusercontent.com/TracingInsights/2020/264ae1db8f1381540fb839c89f7b249ae2d8957d/Hungarian%20Grand%20Prix/Race/GAS/laptimes.json,760803f0324176c2916f8bb1364732a162ee1ede528ac4983add8961ead5304d,PHASE2_CACHE_HIT,200,4672,15,1,15,15,,2020:Hungarian Grand Prix:Race,/home/anshumandutta/Downloads/APEX-R_Devsez_Full_Application/phase2_data_foundation/cache/remote/bf3db277b4b17214cfac65c2535afd266daf2c86749d02c702a0ac42c4ef930a.bin,760803f0324176c2916f8bb1364732a162ee1ede528ac4983add8961ead5304d
2020,Hungarian Grand Prix,Race,GIO,VERIFIED_IN_SOURCE_DRIVERS_JSON,https://raw.githubusercontent.com/TracingInsights/2020/264ae1db8f1381540fb839c89f7b249ae2d8957d/Hungarian%20Grand%20Prix/Race/GIO/laptimes.json,10e9ca37249435363dde67db5f9f7c3cf42f0f349d7fec12d079c15aa023beb1,PHASE2_CACHE_HIT,200,20686,69,1,69,69,,2020:Hungarian Grand Prix:Race,/home/anshumandutta/Downloads/APEX-R_Devsez_Full_Application/phase2_data_foundation/cache/remote/4ceaf320acc3f89e9f4c2848e24580e8e4cadf2f5d5630f4795af62d3aa6799a.bin,10e9ca37249435363dde67db5f9f7c3cf42f0f349d7fec12d079c15aa023beb1
2020,Hungarian Grand Prix,Race,GRO,VERIFIED_IN_SOURCE_DRIVERS_JSON,https://raw.githubusercontent.com/TracingInsights/2020/264ae1db8f1381540fb839c89f7b249ae2d8957d/Hungarian%20Grand%20Prix/Race/GRO/laptimes.json,53fc92e10064d3b6c97269235dd80b484198ebcf9b2cbcc34afc240562d1ac14,PHASE2_CACHE_HIT,200,20467,69,1,69,69,,2020:Hungarian Grand Prix:Race,/home/anshumandutta/Downloads/APEX-R_Devsez_Full_Application/phase2_data_foundation/cache/remote/1b3a27f9a3d0eff70aa33a728b6829b9cedf2aeaff9f6e9a8d9413666e18bfe6.bin,53fc92e10064d3b6c97269235dd80b484198ebcf9b2cbcc34afc240562d1ac14
2020,Hungarian Grand Prix,Race,HAM,VERIFIED_IN_SOURCE_DRIVERS_JSON,https://raw.githubusercontent.com/TracingInsights/2020/264ae1db8f1381540fb839c89f7b249ae2d8957d/Hungarian%20Grand%20Prix/Race/HAM/laptimes.json,fd8eddeae10b7de1fdb547243d36dea2aa527b3a77e47260fe23570a5441843a,PHASE2_CACHE_HIT,200,20404,70,1,70,70,,2020:Hungarian Grand Prix:Race,/home/anshumandutta/Downloads/APEX-R_Devsez_Full_Application/phase2_data_foundation/cache/remote/ba4e7e65c8bf913430615c36094df01db478f09a873dd5debd9d5c994efce566.bin,fd8eddeae10b7de1fdb547243d36dea2aa527b3a77e47260fe23570a5441843a
2020,Hungarian Grand Prix,Race,KVY,VERIFIED_IN_SOURCE_DRIVERS_JSON,https://raw.githubusercontent.com/TracingInsights/2020/264ae1db8f1381540fb839c89f7b249ae2d8957d/Hungarian%20Grand%20Prix/Race/KVY/laptimes.json,751ab9154c80f0ddf53e24fef6b4c4789345f88254bb154d4d79fef8d014d61a,PHASE2_CACHE_HIT,200,20165,69,1,69,69,,2020:Hungarian Grand Prix:Race,/home/anshumandutta/Downloads/APEX-R_Devsez_Full_Application/phase2_data_foundation/cache/remote/79bfe1d449083074f2cad7a3f15fa0775de6fb58f24e5dff3b890b6acceab6a7.bin,751ab9154c80f0ddf53e24fef6b4c4789345f88254bb154d4d79fef8d014d61a
2020,Hungarian Grand Prix,Race,LAT,VERIFIED_IN_SOURCE_DRIVERS_JSON,https://raw.githubusercontent.com/TracingInsights/2020/264ae1db8f1381540fb839c89f7b249ae2d8957d/Hungarian%20Grand%20Prix/Race/LAT/laptimes.json,1927f1547c1348886a96ca0d7b1bc0491bd24e5b289a36812ec8dca05fd58f85,PHASE2_CACHE_HIT,200,18929,65,1,65,65,,2020:Hungarian Grand Prix:Race,/home/anshumandutta/Downloads/APEX-R_Devsez_Full_Application/phase2_data_foundation/cache/remote/2abea590c106dc2d36965b393d67ded53b9b027f98cb58945d3d119d022beb17.bin,1927f1547c1348886a96ca0d7b1bc0491bd24e5b289a36812ec8dca05fd58f85
2020,Hungarian Grand Prix,Race,LEC,VERIFIED_IN_SOURCE_DRIVERS_JSON,https://raw.githubusercontent.com/TracingInsights/2020/264ae1db8f1381540fb839c89f7b249ae2d8957d/Hungarian%20Grand%20Prix/Race/LEC/laptimes.json,35419919293ee519b622caf5adf24af2a5268c609ad00873ebdd1787a810d407,PHASE2_CACHE_HIT,200,19972,69,1,69,69,,2020:Hungarian Grand Prix:Race,/home/anshumandutta/Downloads/APEX-R_Devsez_Full_Application/phase2_data_foundation/cache/remote/337c3ef78111b88f966f125c8f8807f6299a2f9be3c32f503ae68f42115d074b.bin,35419919293ee519b622caf5adf24af2a5268c609ad00873ebdd1787a810d407
2020,Hungarian Grand Prix,Race,MAG,VERIFIED_IN_SOURCE_DRIVERS_JSON,https://raw.githubusercontent.com/TracingInsights/2020/264ae1db8f1381540fb839c89f7b249ae2d8957d/Hungarian%20Grand%20Prix/Race/MAG/laptimes.json,cd50300e8e9530d2aaf12e1cc65693c7fa8b465b22c265101905f06387343d51,PHASE2_CACHE_HIT,200,20414,69,1,69,69,,2020:Hungarian Grand Prix:Race,/home/anshumandutta/Downloads/APEX-R_Devsez_Full_Application/phase2_data_foundation/cache/remote/0c6d0aa00c7bf3b07b7ff61e11ef8004afe5a184e3ab30aa3c4e783f56d8caa0.bin,cd50300e8e9530d2aaf12e1cc65693c7fa8b465b22c265101905f06387343d51
2020,Hungarian Grand Prix,Race,NOR,VERIFIED_IN_SOURCE_DRIVERS_JSON,https://raw.githubusercontent.com/TracingInsights/2020/264ae1db8f1381540fb839c89f7b249ae2d8957d/Hungarian%20Grand%20Prix/Race/NOR/laptimes.json,f566364ee8d05943be82ca4877acaec5981dd796a7c634bed9583257f81cf673,PHASE2_CACHE_HIT,200,19964,69,1,69,69,,2020:Hungarian Grand Prix:Race,/home/anshumandutta/Downloads/APEX-R_Devsez_Full_Application/phase2_data_foundation/cache/remote/b0cf71ddd843ddd31a977fa3bc390b1ed9e4176def60a8c8e88c4059a1eefbf2.bin,f566364ee8d05943be82ca4877acaec5981dd796a7c634bed9583257f81cf673
2020,Hungarian Grand Prix,Race,OCO,VERIFIED_IN_SOURCE_DRIVERS_JSON,https://raw.githubusercontent.com/TracingInsights/2020/264ae1db8f1381540fb839c89f7b249ae2d8957d/Hungarian%20Grand%20Prix/Race/OCO/laptimes.json,80941700f107c0f0e224ae03a30a62805a3fdce051c47abcfb27647d3f6e1bba,PHASE2_CACHE_HIT,200,20026,69,1,69,69,,2020:Hungarian Grand Prix:Race,/home/anshumandutta/Downloads/APEX-R_Devsez_Full_Application/phase2_data_foundation/cache/remote/af89b6562f0e02518e902bfff7b1ae3f853f8a8789cf2af6195680618fca924e.bin,80941700f107c0f0e224ae03a30a62805a3fdce051c47abcfb27647d3f6e1bba
2020,Hungarian Grand Prix,Race,PER,VERIFIED_IN_SOURCE_DRIVERS_JSON,https://raw.githubusercontent.com/TracingInsights/2020/264ae1db8f1381540fb839c89f7b249ae2d8957d/Hungarian%20Grand%20Prix/Race/PER/laptimes.json,8268d529d9d707695f45b95cf300af983a2b6dec340237e89b253500e6d8f8da,PHASE2_CACHE_HIT,200,20370,69,1,69,69,,2020:Hungarian Grand Prix:Race,/home/anshumandutta/Downloads/APEX-R_Devsez_Full_Application/phase2_data_foundation/cache/remote/8978ae815ac3c1c1dae3b4d48f5fd420f14a28187c836d9dde12eefefb7c0fcc.bin,8268d529d9d707695f45b95cf300af983a2b6dec340237e89b253500e6d8f8da
2020,Hungarian Grand Prix,Race,RAI,VERIFIED_IN_SOURCE_DRIVERS_JSON,https://raw.githubusercontent.com/TracingInsights/2020/264ae1db8f1381540fb839c89f7b249ae2d8957d/Hungarian%20Grand%20Prix/Race/RAI/laptimes.json,acb5331e09a8ee8286bdd3c350964d89b90d29ada17f4250513ae2091802812f,PHASE2_CACHE_HIT,200,20648,69,1,69,69,,2020:Hungarian Grand Prix:Race,/home/anshumandutta/Downloads/APEX-R_Devsez_Full_Application/phase2_data_foundation/cache/remote/7388cc5c48e8bbc7198e6ea9437001d7c3897772ee4ed4bae6dfd2e063e4fdec.bin,acb5331e09a8ee8286bdd3c350964d89b90d29ada17f4250513ae2091802812f
2020,Hungarian Grand Prix,Race,RIC,VERIFIED_IN_SOURCE_DRIVERS_JSON,https://raw.githubusercontent.com/TracingInsights/2020/264ae1db8f1381540fb839c89f7b249ae2d8957d/Hungarian%20Grand%20Prix/Race/RIC/laptimes.json,2e6a358a81d5696a94c402f4af11387a65c523973cd283ec5cbc41c2b7c7f4f9,PHASE2_CACHE_HIT,200,20039,69,1,69,69,,2020:Hungarian Grand Prix:Race,/home/anshumandutta/Downloads/APEX-R_Devsez_Full_Application/phase2_data_foundation/cache/remote/a2b6c2145f473903db88e0cc9515567fffb69337c8f8e6f784ccc3c3d81b04e7.bin,2e6a358a81d5696a94c402f4af11387a65c523973cd283ec5cbc41c2b7c7f4f9
2020,Hungarian Grand Prix,Race,RUS,VERIFIED_IN_SOURCE_DRIVERS_JSON,https://raw.githubusercontent.com/TracingInsights/2020/264ae1db8f1381540fb839c89f7b249ae2d8957d/Hungarian%20Grand%20Prix/Race/RUS/laptimes.json,a3ad90694770a3b0dff94dd2ad4253fefbd9d1bd7e8f1277be19d1d10e8f4a26,PHASE2_CACHE_HIT,200,20164,69,1,69,69,,2020:Hungarian Grand Prix:Race,/home/anshumandutta/Downloads/APEX-R_Devsez_Full_Application/phase2_data_foundation/cache/remote/ccc74809b2f0fdb576c8a289df893ca01530d3f075d2ecf67df1ffac21688624.bin,a3ad90694770a3b0dff94dd2ad4253fefbd9d1bd7e8f1277be19d1d10e8f4a26
2020,Hungarian Grand Prix,Race,SAI,VERIFIED_IN_SOURCE_DRIVERS_JSON,https://raw.githubusercontent.com/TracingInsights/2020/264ae1db8f1381540fb839c89f7b249ae2d8957d/Hungarian%20Grand%20Prix/Race/SAI/laptimes.json,6058477841b0b7f4b43ae4f83054c7eb489665afd5e4d6d64c306d6d8d09d2bd,PHASE2_CACHE_HIT,200,20024,69,1,69,69,,2020:Hungarian Grand Prix:Race,/home/anshumandutta/Downloads/APEX-R_Devsez_Full_Application/phase2_data_foundation/cache/remote/a7fecfc7f41976a49746138107100a24e57c05de9a2833eef73f099a76ee8228.bin,6058477841b0b7f4b43ae4f83054c7eb489665afd5e4d6d64c306d6d8d09d2bd
2020,Hungarian Grand Prix,Race,STR,VERIFIED_IN_SOURCE_DRIVERS_JSON,https://raw.githubusercontent.com/TracingInsights/2020/264ae1db8f1381540fb839c89f7b249ae2d8957d/Hungarian%20Grand%20Prix/Race/STR/laptimes.json,1de58c4b13fdf93dca5cb464d98fd21f5f486e90f57662b390fbb4c6b35cda98,PHASE2_CACHE_HIT,200,20691,70,1,70,70,,2020:Hungarian Grand Prix:Race,/home/anshumandutta/Downloads/APEX-R_Devsez_Full_Application/phase2_data_foundation/cache/remote/903774403946c2f6c7138489df508d04490d2fb75f242fff0e24578e0be577c4.bin,1de58c4b13fdf93dca5cb464d98fd21f5f486e90f57662b390fbb4c6b35cda98
2020,Hungarian Grand Prix,Race,VER,VERIFIED_IN_SOURCE_DRIVERS_JSON,https://raw.githubusercontent.com/TracingInsights/2020/264ae1db8f1381540fb839c89f7b249ae2d8957d/Hungarian%20Grand%20Prix/Race/VER/laptimes.json,c194f3fba2c0f04d7f941473ce7098b2ab6cc40ab6499b597c0e1fb264ba13bb,PHASE2_CACHE_HIT,200,20818,70,1,70,70,,2020:Hungarian Grand Prix:Race,/home/anshumandutta/Downloads/APEX-R_Devsez_Full_Application/phase2_data_foundation/cache/remote/25f0cec076cd6f312e0e15d6b15ab01ae2f225b72a2e1bd6e483777aa18fd5fe.bin,c194f3fba2c0f04d7f941473ce7098b2ab6cc40ab6499b597c0e1fb264ba13bb
2020,Hungarian Grand Prix,Race,VET,VERIFIED_IN_SOURCE_DRIVERS_JSON,https://raw.githubusercontent.com/TracingInsights/2020/264ae1db8f1381540fb839c89f7b249ae2d8957d/Hungarian%20Grand%20Prix/Race/VET/laptimes.json,aa2d4dcd3a9544b1b500421e648f9f6550163b0aaca0f7f178ae4c06be50ba54,PHASE2_CACHE_HIT,200,19915,69,1,69,69,,2020:Hungarian Grand Prix:Race,/home/anshumandutta/Downloads/APEX-R_Devsez_Full_Application/phase2_data_foundation/cache/remote/38c4cc8f4aaad8971a53e0e7bb8d3a8807c622900c392605971ba3cadc3ceb8b.bin,aa2d4dcd3a9544b1b500421e648f9f6550163b0aaca0f7f178ae4c06be50ba54
2020,Italian Grand Prix,Race,ALB,VERIFIED_IN_SOURCE_DRIVERS_JSON,https://raw.githubusercontent.com/TracingInsights/2020/264ae1db8f1381540fb839c89f7b249ae2d8957d/Italian%20Grand%20Prix/Race/ALB/laptimes.json,c6c8be9e5045d6efcdfb4487d2c10284f942d72c9f347e96f1ca14fda61cedb4,PHASE2_CACHE_HIT,200,15939,53,1,53,53,,2020:Italian Grand Prix:Race,/home/anshumandutta/Downloads/APEX-R_Devsez_Full_Application/phase2_data_foundation/cache/remote/a1fc6d5ea270b6f89bddef5963350005dd8df624cb89343fbca571a69199a8fc.bin,c6c8be9e5045d6efcdfb4487d2c10284f942d72c9f347e96f1ca14fda61cedb4
2020,Italian Grand Prix,Race,BOT,VERIFIED_IN_SOURCE_DRIVERS_JSON,https://raw.githubusercontent.com/TracingInsights/2020/264ae1db8f1381540fb839c89f7b249ae2d8957d/Italian%20Grand%20Prix/Race/BOT/laptimes.json,7db6a316a8e099508d6ea640389ce4656b65a05e63729e8b99fb6c5746bcfade,PHASE2_CACHE_HIT,200,15594,53,1,53,53,,2020:Italian Grand Prix:Race,/home/anshumandutta/Downloads/APEX-R_Devsez_Full_Application/phase2_data_foundation/cache/remote/9681a18d168bea3b1240fb42ab5cf5c61d24170468078cf613d9f1cd3814899b.bin,7db6a316a8e099508d6ea640389ce4656b65a05e63729e8b99fb6c5746bcfade
2020,Italian Grand Prix,Race,GAS,VERIFIED_IN_SOURCE_DRIVERS_JSON,https://raw.githubusercontent.com/TracingInsights/2020/264ae1db8f1381540fb839c89f7b249ae2d8957d/Italian%20Grand%20Prix/Race/GAS/laptimes.json,694804b2fa26939761ba00fd8eda66e91f0b7034af06b18da7268790179a4388,PHASE2_CACHE_HIT,200,15678,53,1,53,53,,2020:Italian Grand Prix:Race,/home/anshumandutta/Downloads/APEX-R_Devsez_Full_Application/phase2_data_foundation/cache/remote/229f25fb02a9956dcb0715ffa481a4f499de23a64eb58f9cf9d453328a47ae77.bin,694804b2fa26939761ba00fd8eda66e91f0b7034af06b18da7268790179a4388
2020,Italian Grand Prix,Race,GIO,VERIFIED_IN_SOURCE_DRIVERS_JSON,https://raw.githubusercontent.com/TracingInsights/2020/264ae1db8f1381540fb839c89f7b249ae2d8957d/Italian%20Grand%20Prix/Race/GIO/laptimes.json,3d4d17ee6ae5cbd1972118580426c5746ae7dfa850d4213af983ee9e8abbd593,PHASE2_CACHE_HIT,200,16022,53,1,53,53,,2020:Italian Grand Prix:Race,/home/anshumandutta/Downloads/APEX-R_Devsez_Full_Application/phase2_data_foundation/cache/remote/847edef6300f6512782943d588ac0e78413b4f448fe0aef98552420c47a72109.bin,3d4d17ee6ae5cbd1972118580426c5746ae7dfa850d4213af983ee9e8abbd593
2020,Italian Grand Prix,Race,GRO,VERIFIED_IN_SOURCE_DRIVERS_JSON,https://raw.githubusercontent.com/TracingInsights/2020/264ae1db8f1381540fb839c89f7b249ae2d8957d/Italian%20Grand%20Prix/Race/GRO/laptimes.json,29161302e017a9d027d60ad298bbc68ade3057d13d06021c0124c4ecee10bfc5,PHASE2_CACHE_HIT,200,15729,53,1,53,53,,2020:Italian Grand Prix:Race,/home/anshumandutta/Downloads/APEX-R_Devsez_Full_Application/phase2_data_foundation/cache/remote/69481565bbdbc7643b02554c6cc4f2b7019db28bf189eaf71e3858b08fe0bc2b.bin,29161302e017a9d027d60ad298bbc68ade3057d13d06021c0124c4ecee10bfc5
2020,Italian Grand Prix,Race,HAM,VERIFIED_IN_SOURCE_DRIVERS_JSON,https://raw.githubusercontent.com/TracingInsights/2020/264ae1db8f1381540fb839c89f7b249ae2d8957d/Italian%20Grand%20Prix/Race/HAM/laptimes.json,c70445988f1e459228ed1830b2e4a985c802a7fa0d1937f0b6782147c32c115b,PHASE2_CACHE_HIT,200,15525,53,1,53,53,,2020:Italian Grand Prix:Race,/home/anshumandutta/Downloads/APEX-R_Devsez_Full_Application/phase2_data_foundation/cache/remote/d3f0652673a5272bf7f6b092542e2f53126b743427b6beba4879de77f1c57101.bin,c70445988f1e459228ed1830b2e4a985c802a7fa0d1937f0b6782147c32c115b
2020,Italian Grand Prix,Race,KVY,VERIFIED_IN_SOURCE_DRIVERS_JSON,https://raw.githubusercontent.com/TracingInsights/2020/264ae1db8f1381540fb839c89f7b249ae2d8957d/Italian%20Grand%20Prix/Race/KVY/laptimes.json,39764172a464ff40e7c77d3e351fe3979a1f2a92ae748f9f4447e25d9e5d8fe0,PHASE2_CACHE_HIT,200,15738,53,1,53,53,,2020:Italian Grand Prix:Race,/home/anshumandutta/Downloads/APEX-R_Devsez_Full_Application/phase2_data_foundation/cache/remote/56537a821c9c8d086e0061bb893ee188cb97c1422510e0d273347cd3ddd4f77d.bin,39764172a464ff40e7c77d3e351fe3979a1f2a92ae748f9f4447e25d9e5d8fe0
2020,Italian Grand Prix,Race,LAT,VERIFIED_IN_SOURCE_DRIVERS_JSON,https://raw.githubusercontent.com/TracingInsights/2020/264ae1db8f1381540fb839c89f7b249ae2d8957d/Italian%20Grand%20Prix/Race/LAT/laptimes.json,1c757d221ec7a14bd56118f0dad70f285d6e7575bd4b96c5dbf00c27aea26155,PHASE2_CACHE_HIT,200,15517,53,1,53,53,,2020:Italian Grand Prix:Race,/home/anshumandutta/Downloads/APEX-R_Devsez_Full_Application/phase2_data_foundation/cache/remote/3355d8f7d6cb4cbb3e3bbb9f61c11cfe5d766ebee75355af8d9b3a14d88d9910.bin,1c757d221ec7a14bd56118f0dad70f285d6e7575bd4b96c5dbf00c27aea26155
2020,Italian Grand Prix,Race,LEC,VERIFIED_IN_SOURCE_DRIVERS_JSON,https://raw.githubusercontent.com/TracingInsights/2020/264ae1db8f1381540fb839c89f7b249ae2d8957d/Italian%20Grand%20Prix/Race/LEC/laptimes.json,64b250f539fa29d722408fd28309849ffec8407daaa73e0a13a7b62002118052,PHASE2_CACHE_HIT,200,7173,24,1,24,24,,2020:Italian Grand Prix:Race,/home/anshumandutta/Downloads/APEX-R_Devsez_Full_Application/phase2_data_foundation/cache/remote/a452ccd6f7a717f69782451c7643cf97f175dfab20f7914301573e77ad794fdd.bin,64b250f539fa29d722408fd28309849ffec8407daaa73e0a13a7b62002118052
2020,Italian Grand Prix,Race,MAG,VERIFIED_IN_SOURCE_DRIVERS_JSON,https://raw.githubusercontent.com/TracingInsights/2020/264ae1db8f1381540fb839c89f7b249ae2d8957d/Italian%20Grand%20Prix/Race/MAG/laptimes.json,95bf150bb9b18de46ebc42ade3a1e3b4b027d4d3c7e9a9334cf4cb1c6f8c79bf,PHASE2_CACHE_HIT,200,5556,18,1,18,18,,2020:Italian Grand Prix:Race,/home/anshumandutta/Downloads/APEX-R_Devsez_Full_Application/phase2_data_foundation/cache/remote/a9edf4bf49cb7cf4c89f68c8a63a11cc2b305e7f6cc60ccfe86d402887342bc4.bin,95bf150bb9b18de46ebc42ade3a1e3b4b027d4d3c7e9a9334cf4cb1c6f8c79bf
2020,Italian Grand Prix,Race,NOR,VERIFIED_IN_SOURCE_DRIVERS_JSON,https://raw.githubusercontent.com/TracingInsights/2020/264ae1db8f1381540fb839c89f7b249ae2d8957d/Italian%20Grand%20Prix/Race/NOR/laptimes.json,893fe31d4eb92b8dbcfa4c61e72483463ed692b081f1baf06d51333b0ffb827f,PHASE2_CACHE_HIT,200,15481,53,1,53,53,,2020:Italian Grand Prix:Race,/home/anshumandutta/Downloads/APEX-R_Devsez_Full_Application/phase2_data_foundation/cache/remote/56d2b33fe9bc44305e5f450dcb7ac3e40c1101a5b9f31e26cdc4af7f7503f08b.bin,893fe31d4eb92b8dbcfa4c61e72483463ed692b081f1baf06d51333b0ffb827f
2020,Italian Grand Prix,Race,OCO,VERIFIED_IN_SOURCE_DRIVERS_JSON,https://raw.githubusercontent.com/TracingInsights/2020/264ae1db8f1381540fb839c89f7b249ae2d8957d/Italian%20Grand%20Prix/Race/OCO/laptimes.json,ce13d6de5d48ebc0f9b19ab6b526a078b57427f7528392d642da1454279d9058,PHASE2_CACHE_HIT,200,15427,53,1,53,53,,2020:Italian Grand Prix:Race,/home/anshumandutta/Downloads/APEX-R_Devsez_Full_Application/phase2_data_foundation/cache/remote/1923f71951f5f3369f2664ad632ec89e74b40e6dac1576ed500348a1d3c9e70a.bin,ce13d6de5d48ebc0f9b19ab6b526a078b57427f7528392d642da1454279d9058
2020,Italian Grand Prix,Race,PER,VERIFIED_IN_SOURCE_DRIVERS_JSON,https://raw.githubusercontent.com/TracingInsights/2020/264ae1db8f1381540fb839c89f7b249ae2d8957d/Italian%20Grand%20Prix/Race/PER/laptimes.json,b4da322e85a303533648ee066c6352411a571bdfa9e480fa311d0ba708ecd461,PHASE2_CACHE_HIT,200,15787,53,1,53,53,,2020:Italian Grand Prix:Race,/home/anshumandutta/Downloads/APEX-R_Devsez_Full_Application/phase2_data_foundation/cache/remote/a1319f74bc8a5daac79c81289e3898fd09ccc77813e6b30d9c1edca58c18c7e3.bin,b4da322e85a303533648ee066c6352411a571bdfa9e480fa311d0ba708ecd461
2020,Italian Grand Prix,Race,RAI,VERIFIED_IN_SOURCE_DRIVERS_JSON,https://raw.githubusercontent.com/TracingInsights/2020/264ae1db8f1381540fb839c89f7b249ae2d8957d/Italian%20Grand%20Prix/Race/RAI/laptimes.json,49b18253f782bf9e9464074efc5cecfa4d62719d5967e5907101b382fb12e771,PHASE2_CACHE_HIT,200,15985,53,1,53,53,,2020:Italian Grand Prix:Race,/home/anshumandutta/Downloads/APEX-R_Devsez_Full_Application/phase2_data_foundation/cache/remote/fe68a6217517336d5c07831c8747140f63bb8518ddd0ea34d15da6d67f928c6e.bin,49b18253f782bf9e9464074efc5cecfa4d62719d5967e5907101b382fb12e771
2020,Italian Grand Prix,Race,RIC,VERIFIED_IN_SOURCE_DRIVERS_JSON,https://raw.githubusercontent.com/TracingInsights/2020/264ae1db8f1381540fb839c89f7b249ae2d8957d/Italian%20Grand%20Prix/Race/RIC/laptimes.json,061f9dc81f746b2dbb8e81ae75a559a0f3d6215a8eb6c5ecc25588bb41e804a4,PHASE2_CACHE_HIT,200,15457,53,1,53,53,,2020:Italian Grand Prix:Race,/home/anshumandutta/Downloads/APEX-R_Devsez_Full_Application/phase2_data_foundation/cache/remote/220b27116b172b19ee4dff44fa5060dbd2966e16594a1e9a6f7b3c7cd4789aa1.bin,061f9dc81f746b2dbb8e81ae75a559a0f3d6215a8eb6c5ecc25588bb41e804a4
2020,Italian Grand Prix,Race,RUS,VERIFIED_IN_SOURCE_DRIVERS_JSON,https://raw.githubusercontent.com/TracingInsights/2020/264ae1db8f1381540fb839c89f7b249ae2d8957d/Italian%20Grand%20Prix/Race/RUS/laptimes.json,a222fead1e33dea8eb2fa252cee450a5b10e8682cce87ba0ed379b4534b6a7e7,PHASE2_CACHE_HIT,200,15630,53,1,53,53,,2020:Italian Grand Prix:Race,/home/anshumandutta/Downloads/APEX-R_Devsez_Full_Application/phase2_data_foundation/cache/remote/c6407e292b42dd026122a81c44d940740e05cdf733fcfa918d25a7bfd01b65f3.bin,a222fead1e33dea8eb2fa252cee450a5b10e8682cce87ba0ed379b4534b6a7e7
2020,Italian Grand Prix,Race,SAI,VERIFIED_IN_SOURCE_DRIVERS_JSON,https://raw.githubusercontent.com/TracingInsights/2020/264ae1db8f1381540fb839c89f7b249ae2d8957d/Italian%20Grand%20Prix/Race/SAI/laptimes.json,6879c5720f2dbb792fd348acf3f57396f791fee38606415a333f1ee7ed00ea08,PHASE2_CACHE_HIT,200,15496,53,1,53,53,,2020:Italian Grand Prix:Race,/home/anshumandutta/Downloads/APEX-R_Devsez_Full_Application/phase2_data_foundation/cache/remote/ccffd6f5d999b8c8e3a54b83f9e560857cc151bbdb006b7c5c26efff69960807.bin,6879c5720f2dbb792fd348acf3f57396f791fee38606415a333f1ee7ed00ea08
2020,Italian Grand Prix,Race,STR,VERIFIED_IN_SOURCE_DRIVERS_JSON,https://raw.githubusercontent.com/TracingInsights/2020/264ae1db8f1381540fb839c89f7b249ae2d8957d/Italian%20Grand%20Prix/Race/STR/laptimes.json,0df68f2fb9e9f59e462e7f654a429699d01a73d8b0522924cc44cb5491f61e9a,PHASE2_CACHE_HIT,200,15750,53,1,53,53,,2020:Italian Grand Prix:Race,/home/anshumandutta/Downloads/APEX-R_Devsez_Full_Application/phase2_data_foundation/cache/remote/4491cdd3d7cb3b42c51665f94f3b223e59fa1f501d25480a18319a8883eabd2a.bin,0df68f2fb9e9f59e462e7f654a429699d01a73d8b0522924cc44cb5491f61e9a
2020,Italian Grand Prix,Race,VER,VERIFIED_IN_SOURCE_DRIVERS_JSON,https://raw.githubusercontent.com/TracingInsights/2020/264ae1db8f1381540fb839c89f7b249ae2d8957d/Italian%20Grand%20Prix/Race/VER/laptimes.json,cff48c832294e892bcb1e65addaed63f19b8324154c609601b1d27fda305d9e8,PHASE2_CACHE_HIT,200,9165,30,1,30,30,,2020:Italian Grand Prix:Race,/home/anshumandutta/Downloads/APEX-R_Devsez_Full_Application/phase2_data_foundation/cache/remote/8cf5743376bd845a685c655c666cdfc823dfa52ec38beaf89b7b947d7d8c29c7.bin,cff48c832294e892bcb1e65addaed63f19b8324154c609601b1d27fda305d9e8
2020,Italian Grand Prix,Race,VET,VERIFIED_IN_SOURCE_DRIVERS_JSON,https://raw.githubusercontent.com/TracingInsights/2020/264ae1db8f1381540fb839c89f7b249ae2d8957d/Italian%20Grand%20Prix/Race/VET/laptimes.json,4a3107b06109e39444265a6083b680e4324f297eb4f2157f5fff68a24282b5e2,PHASE2_CACHE_HIT,200,2043,6,1,6,6,,2020:Italian Grand Prix:Race,/home/anshumandutta/Downloads/APEX-R_Devsez_Full_Application/phase2_data_foundation/cache/remote/1cd5b9e2255b39039f2d07d3266f99f55cf611283ef65f3f21076c60c0a6018d.bin,4a3107b06109e39444265a6083b680e4324f297eb4f2157f5fff68a24282b5e2
2020,Portuguese Grand Prix,Race,ALB,VERIFIED_IN_SOURCE_DRIVERS_JSON,https://raw.githubusercontent.com/TracingInsights/2020/264ae1db8f1381540fb839c89f7b249ae2d8957d/Portuguese%20Grand%20Prix/Race/ALB/laptimes.json,54339a9bc972057b8cf5a67011227b412dcf4b0b567ccef7a0158f7d2bb2a954,PHASE2_CACHE_HIT,200,19559,65,1,65,65,,2020:Portuguese Grand Prix:Race,/home/anshumandutta/Downloads/APEX-R_Devsez_Full_Application/phase2_data_foundation/cache/remote/fa96b8f2cf1e37505738aaf78b81ffd2d1876847e60fa16046ab51d71f8c976a.bin,54339a9bc972057b8cf5a67011227b412dcf4b0b567ccef7a0158f7d2bb2a954
2020,Portuguese Grand Prix,Race,BOT,VERIFIED_IN_SOURCE_DRIVERS_JSON,https://raw.githubusercontent.com/TracingInsights/2020/264ae1db8f1381540fb839c89f7b249ae2d8957d/Portuguese%20Grand%20Prix/Race/BOT/laptimes.json,b2e54aafe014094b223f433754ae6f204f60dab0b2ca5e5ba49d652f1a226080,PHASE2_CACHE_HIT,200,19301,66,1,66,66,,2020:Portuguese Grand Prix:Race,/home/anshumandutta/Downloads/APEX-R_Devsez_Full_Application/phase2_data_foundation/cache/remote/40ebbb7e715a0be65815ebc36150e1d98fd211d7210831af8b64c78e2e855e55.bin,b2e54aafe014094b223f433754ae6f204f60dab0b2ca5e5ba49d652f1a226080
2020,Portuguese Grand Prix,Race,GAS,VERIFIED_IN_SOURCE_DRIVERS_JSON,https://raw.githubusercontent.com/TracingInsights/2020/264ae1db8f1381540fb839c89f7b249ae2d8957d/Portuguese%20Grand%20Prix/Race/GAS/laptimes.json,9714b5a0d301198de66b9713a2f353ac7013bb279a21c11bceff08a227c28703,PHASE2_CACHE_HIT,200,19163,65,1,65,65,,2020:Portuguese Grand Prix:Race,/home/anshumandutta/Downloads/APEX-R_Devsez_Full_Application/phase2_data_foundation/cache/remote/075be821a00e63336223cf19ac7c123f978ddadbe5e83765383d3559a574504b.bin,9714b5a0d301198de66b9713a2f353ac7013bb279a21c11bceff08a227c28703
2020,Portuguese Grand Prix,Race,GIO,VERIFIED_IN_SOURCE_DRIVERS_JSON,https://raw.githubusercontent.com/TracingInsights/2020/264ae1db8f1381540fb839c89f7b249ae2d8957d/Portuguese%20Grand%20Prix/Race/GIO/laptimes.json,a78dd50fb8905a9d7cb37a3048fc245ebba909f7b53ba05bbb8ce9ae89ed7952,PHASE2_CACHE_HIT,200,19614,65,1,65,65,,2020:Portuguese Grand Prix:Race,/home/anshumandutta/Downloads/APEX-R_Devsez_Full_Application/phase2_data_foundation/cache/remote/d1576df3c732b72fd5ffffcd12a1a7d8f054987dcd80c13aee1e8cf2633acc10.bin,a78dd50fb8905a9d7cb37a3048fc245ebba909f7b53ba05bbb8ce9ae89ed7952
2020,Portuguese Grand Prix,Race,GRO,VERIFIED_IN_SOURCE_DRIVERS_JSON,https://raw.githubusercontent.com/TracingInsights/2020/264ae1db8f1381540fb839c89f7b249ae2d8957d/Portuguese%20Grand%20Prix/Race/GRO/laptimes.json,aa8519cd641d4704cc5cf4d59e341c6da9f3dce5cbd79bb61d77a353ce7ce5c6,PHASE2_CACHE_HIT,200,19278,65,1,65,65,,2020:Portuguese Grand Prix:Race,/home/anshumandutta/Downloads/APEX-R_Devsez_Full_Application/phase2_data_foundation/cache/remote/4b4d13cf0cba2857859fdb7122f7b094c89bcaeb3c922db78bd004f881965c1f.bin,aa8519cd641d4704cc5cf4d59e341c6da9f3dce5cbd79bb61d77a353ce7ce5c6
2020,Portuguese Grand Prix,Race,HAM,VERIFIED_IN_SOURCE_DRIVERS_JSON,https://raw.githubusercontent.com/TracingInsights/2020/264ae1db8f1381540fb839c89f7b249ae2d8957d/Portuguese%20Grand%20Prix/Race/HAM/laptimes.json,5319c468093cf1019f70db01bfb289daa4231b628ca9eb7db26d3df2bb64d4df,PHASE2_CACHE_HIT,200,19292,66,1,66,66,,2020:Portuguese Grand Prix:Race,/home/anshumandutta/Downloads/APEX-R_Devsez_Full_Application/phase2_data_foundation/cache/remote/3cb4e616a8b17717a367b7f23568202b7ab9e79471ef03dceb8409d3e04924f9.bin,5319c468093cf1019f70db01bfb289daa4231b628ca9eb7db26d3df2bb64d4df
2020,Portuguese Grand Prix,Race,KVY,VERIFIED_IN_SOURCE_DRIVERS_JSON,https://raw.githubusercontent.com/TracingInsights/2020/264ae1db8f1381540fb839c89f7b249ae2d8957d/Portuguese%20Grand%20Prix/Race/KVY/laptimes.json,b49c8af4dd499319e55aa2d9b7da85ca1ff215e92f654b109234d1edd907c51b,PHASE2_CACHE_HIT,200,18953,64,1,64,64,,2020:Portuguese Grand Prix:Race,/home/anshumandutta/Downloads/APEX-R_Devsez_Full_Application/phase2_data_foundation/cache/remote/929e3c5b833c8768e30a9e63d3d19c6e5a319002e9fdf4bfc21c15c3e7356c67.bin,b49c8af4dd499319e55aa2d9b7da85ca1ff215e92f654b109234d1edd907c51b
2020,Portuguese Grand Prix,Race,LAT,VERIFIED_IN_SOURCE_DRIVERS_JSON,https://raw.githubusercontent.com/TracingInsights/2020/264ae1db8f1381540fb839c89f7b249ae2d8957d/Portuguese%20Grand%20Prix/Race/LAT/laptimes.json,b6553747d0e9ca994312c206d1e58051fdc4a6db1193f602bc1dabeabcc73231,PHASE2_CACHE_HIT,200,18712,64,1,64,64,,2020:Portuguese Grand Prix:Race,/home/anshumandutta/Downloads/APEX-R_Devsez_Full_Application/phase2_data_foundation/cache/remote/ba51d1ac5764c2cb0a48a20f476555bc3d356fd2b727853ed24120dd3bd5ee9b.bin,b6553747d0e9ca994312c206d1e58051fdc4a6db1193f602bc1dabeabcc73231
2020,Portuguese Grand Prix,Race,LEC,VERIFIED_IN_SOURCE_DRIVERS_JSON,https://raw.githubusercontent.com/TracingInsights/2020/264ae1db8f1381540fb839c89f7b249ae2d8957d/Portuguese%20Grand%20Prix/Race/LEC/laptimes.json,87140f909c57b8905db055daae25e34c54c622f64a0b688bdeafe57e29a283d5,PHASE2_CACHE_HIT,200,19207,66,1,66,66,,2020:Portuguese Grand Prix:Race,/home/anshumandutta/Downloads/APEX-R_Devsez_Full_Application/phase2_data_foundation/cache/remote/a0702937426dcc7985a8221ceb4d854069a239f2133576f4ab62554f88eb3110.bin,87140f909c57b8905db055daae25e34c54c622f64a0b688bdeafe57e29a283d5
2020,Portuguese Grand Prix,Race,MAG,VERIFIED_IN_SOURCE_DRIVERS_JSON,https://raw.githubusercontent.com/TracingInsights/2020/264ae1db8f1381540fb839c89f7b249ae2d8957d/Portuguese%20Grand%20Prix/Race/MAG/laptimes.json,1ba9e85afe843e2685ee576e363aa6b24ed2738b6403756e1531e7e063807dab,PHASE2_CACHE_HIT,200,19321,65,1,65,65,,2020:Portuguese Grand Prix:Race,/home/anshumandutta/Downloads/APEX-R_Devsez_Full_Application/phase2_data_foundation/cache/remote/f20a67c6e434c390f83d803d0edaacc77dfa9babe5c802cd1e622fefefa0ca08.bin,1ba9e85afe843e2685ee576e363aa6b24ed2738b6403756e1531e7e063807dab
2020,Portuguese Grand Prix,Race,NOR,VERIFIED_IN_SOURCE_DRIVERS_JSON,https://raw.githubusercontent.com/TracingInsights/2020/264ae1db8f1381540fb839c89f7b249ae2d8957d/Portuguese%20Grand%20Prix/Race/NOR/laptimes.json,b6f3591b6d816979c72a3c153699d09b82d573cab7b8b66f3924cbc23397fe9e,PHASE2_CACHE_HIT,200,18915,65,1,65,65,,2020:Portuguese Grand Prix:Race,/home/anshumandutta/Downloads/APEX-R_Devsez_Full_Application/phase2_data_foundation/cache/remote/56355306ebdbb1db1752e177a702ee9e1bb01e0201e07549a40c00a3d29f8ce3.bin,b6f3591b6d816979c72a3c153699d09b82d573cab7b8b66f3924cbc23397fe9e
2020,Portuguese Grand Prix,Race,OCO,VERIFIED_IN_SOURCE_DRIVERS_JSON,https://raw.githubusercontent.com/TracingInsights/2020/264ae1db8f1381540fb839c89f7b249ae2d8957d/Portuguese%20Grand%20Prix/Race/OCO/laptimes.json,60443e48528ecfbb84358b40749708446e01c7a4946f5127bc7bbc99c5269e78,PHASE2_CACHE_HIT,200,18951,65,1,65,65,,2020:Portuguese Grand Prix:Race,/home/anshumandutta/Downloads/APEX-R_Devsez_Full_Application/phase2_data_foundation/cache/remote/04e988a44e076665ba05189ac5170223ea6ba487c2a00bc589a14c24781c1817.bin,60443e48528ecfbb84358b40749708446e01c7a4946f5127bc7bbc99c5269e78
2020,Portuguese Grand Prix,Race,PER,VERIFIED_IN_SOURCE_DRIVERS_JSON,https://raw.githubusercontent.com/TracingInsights/2020/264ae1db8f1381540fb839c89f7b249ae2d8957d/Portuguese%20Grand%20Prix/Race/PER/laptimes.json,b3bf7415a5962455d8e4683045719f90bc8b7e11e98b26a089b0658d76c0cbb3,PHASE2_CACHE_HIT,200,19273,65,1,65,65,,2020:Portuguese Grand Prix:Race,/home/anshumandutta/Downloads/APEX-R_Devsez_Full_Application/phase2_data_foundation/cache/remote/0d6bbe2354fdbc3271f79897f41285a0660a09ef59ab799e4b52c48733eb3bcb.bin,b3bf7415a5962455d8e4683045719f90bc8b7e11e98b26a089b0658d76c0cbb3
2020,Portuguese Grand Prix,Race,RAI,VERIFIED_IN_SOURCE_DRIVERS_JSON,https://raw.githubusercontent.com/TracingInsights/2020/264ae1db8f1381540fb839c89f7b249ae2d8957d/Portuguese%20Grand%20Prix/Race/RAI/laptimes.json,03bcc2c023733346a7397af56af9bdab59fb6e00c63185d985353babf8473ca4,PHASE2_CACHE_HIT,200,19589,65,1,65,65,,2020:Portuguese Grand Prix:Race,/home/anshumandutta/Downloads/APEX-R_Devsez_Full_Application/phase2_data_foundation/cache/remote/5f1f01141a8bf404c726ce6095cf2cf669e0d906abe453e64eb8ed34d5dc817e.bin,03bcc2c023733346a7397af56af9bdab59fb6e00c63185d985353babf8473ca4
2020,Portuguese Grand Prix,Race,RIC,VERIFIED_IN_SOURCE_DRIVERS_JSON,https://raw.githubusercontent.com/TracingInsights/2020/264ae1db8f1381540fb839c89f7b249ae2d8957d/Portuguese%20Grand%20Prix/Race/RIC/laptimes.json,8dda890358d282b8bdcac0764142c158348890924b7fd01eb99805a1111806fd,PHASE2_CACHE_HIT,200,18880,65,1,65,65,,2020:Portuguese Grand Prix:Race,/home/anshumandutta/Downloads/APEX-R_Devsez_Full_Application/phase2_data_foundation/cache/remote/407e9d8c0a4a469ee688944849fce88303cb6356bdfafc940bc3305cc01d8d7b.bin,8dda890358d282b8bdcac0764142c158348890924b7fd01eb99805a1111806fd
2020,Portuguese Grand Prix,Race,RUS,VERIFIED_IN_SOURCE_DRIVERS_JSON,https://raw.githubusercontent.com/TracingInsights/2020/264ae1db8f1381540fb839c89f7b249ae2d8957d/Portuguese%20Grand%20Prix/Race/RUS/laptimes.json,2f9616fc8a1870eb595f5c57745b01aa7cd529c4b5c8cd941d8b8efbfefcfd5a,PHASE2_CACHE_HIT,200,19033,65,1,65,65,,2020:Portuguese Grand Prix:Race,/home/anshumandutta/Downloads/APEX-R_Devsez_Full_Application/phase2_data_foundation/cache/remote/6d13d774646b81b615d58f239c7cf5e3405852b43ef836ba9437cf63d9bc943c.bin,2f9616fc8a1870eb595f5c57745b01aa7cd529c4b5c8cd941d8b8efbfefcfd5a
2020,Portuguese Grand Prix,Race,SAI,VERIFIED_IN_SOURCE_DRIVERS_JSON,https://raw.githubusercontent.com/TracingInsights/2020/264ae1db8f1381540fb839c89f7b249ae2d8957d/Portuguese%20Grand%20Prix/Race/SAI/laptimes.json,c3af0de83286626378a76cb35611c2e96715ddbed4e8e681222a4e4c02203c1b,PHASE2_CACHE_HIT,200,18963,65,1,65,65,,2020:Portuguese Grand Prix:Race,/home/anshumandutta/Downloads/APEX-R_Devsez_Full_Application/phase2_data_foundation/cache/remote/2780749720c543e3147f2b230a7777aa137b95e56aa128338dc8f4e7fe8357ba.bin,c3af0de83286626378a76cb35611c2e96715ddbed4e8e681222a4e4c02203c1b
2020,Portuguese Grand Prix,Race,STR,VERIFIED_IN_SOURCE_DRIVERS_JSON,https://raw.githubusercontent.com/TracingInsights/2020/264ae1db8f1381540fb839c89f7b249ae2d8957d/Portuguese%20Grand%20Prix/Race/STR/laptimes.json,367834fd11b24e380d71757fd8d5bc2cbe3df9179a19c6b2068cd6eb9bd494e1,PHASE2_CACHE_HIT,200,15219,51,1,51,51,,2020:Portuguese Grand Prix:Race,/home/anshumandutta/Downloads/APEX-R_Devsez_Full_Application/phase2_data_foundation/cache/remote/079b968538dcc82b6bdb41cdb5619c5c1eae52bd5a0e50ee8bc77e4dc63e5ba8.bin,367834fd11b24e380d71757fd8d5bc2cbe3df9179a19c6b2068cd6eb9bd494e1
2020,Portuguese Grand Prix,Race,VER,VERIFIED_IN_SOURCE_DRIVERS_JSON,https://raw.githubusercontent.com/TracingInsights/2020/264ae1db8f1381540fb839c89f7b249ae2d8957d/Portuguese%20Grand%20Prix/Race/VER/laptimes.json,5af36be20fbdbd09c7724ccb64e569f329bbc0c74ce7d4b141f462844d4a2303,PHASE2_CACHE_HIT,200,19754,66,1,66,66,,2020:Portuguese Grand Prix:Race,/home/anshumandutta/Downloads/APEX-R_Devsez_Full_Application/phase2_data_foundation/cache/remote/20561b6e5a723e5a772c9406e594c8c9ed8a2dc7a9b05327d39b4cdc0e569e23.bin,5af36be20fbdbd09c7724ccb64e569f329bbc0c74ce7d4b141f462844d4a2303
2020,Portuguese Grand Prix,Race,VET,VERIFIED_IN_SOURCE_DRIVERS_JSON,https://raw.githubusercontent.com/TracingInsights/2020/264ae1db8f1381540fb839c89f7b249ae2d8957d/Portuguese%20Grand%20Prix/Race/VET/laptimes.json,476139bb856d5e71468705c87fe20c6b2df028d9921176e2db6f485a89b56fc4,PHASE2_CACHE_HIT,200,18910,65,1,65,65,,2020:Portuguese Grand Prix:Race,/home/anshumandutta/Downloads/APEX-R_Devsez_Full_Application/phase2_data_foundation/cache/remote/c0ff80f493f8603ad8eaad6fadfe8d56e0e9410fe8bb4c75799a40adbbdf2f9a.bin,476139bb856d5e71468705c87fe20c6b2df028d9921176e2db6f485a89b56fc4
2020,Russian Grand Prix,Race,ALB,VERIFIED_IN_SOURCE_DRIVERS_JSON,https://raw.githubusercontent.com/TracingInsights/2020/264ae1db8f1381540fb839c89f7b249ae2d8957d/Russian%20Grand%20Prix/Race/ALB/laptimes.json,92ee6ef085554697f69e0358456732c37e0f7e93268ec48df82d1fa027eb2e0c,PHASE2_CACHE_HIT,200,15991,53,1,53,53,,2020:Russian Grand Prix:Race,/home/anshumandutta/Downloads/APEX-R_Devsez_Full_Application/phase2_data_foundation/cache/remote/aaf73cc1111ab6793ced334f1617ecf2b1079817a619e69687f88938eb0a9dd0.bin,92ee6ef085554697f69e0358456732c37e0f7e93268ec48df82d1fa027eb2e0c
2020,Russian Grand Prix,Race,BOT,VERIFIED_IN_SOURCE_DRIVERS_JSON,https://raw.githubusercontent.com/TracingInsights/2020/264ae1db8f1381540fb839c89f7b249ae2d8957d/Russian%20Grand%20Prix/Race/BOT/laptimes.json,2c23cb7a97a843961f317d2f5c59c9bf85c1703396d54921d95b3bf19b71f2d9,PHASE2_CACHE_HIT,200,15570,53,1,53,53,,2020:Russian Grand Prix:Race,/home/anshumandutta/Downloads/APEX-R_Devsez_Full_Application/phase2_data_foundation/cache/remote/1f388256598d3bec47f1df116ec14397651b33f9b51062316cef557c7c74eb81.bin,2c23cb7a97a843961f317d2f5c59c9bf85c1703396d54921d95b3bf19b71f2d9
2020,Russian Grand Prix,Race,GAS,VERIFIED_IN_SOURCE_DRIVERS_JSON,https://raw.githubusercontent.com/TracingInsights/2020/264ae1db8f1381540fb839c89f7b249ae2d8957d/Russian%20Grand%20Prix/Race/GAS/laptimes.json,4690deb2cfbf175c3438ce806fd0fd19325aab7a2ada93cdb8a21f2b5b9d66fd,PHASE2_CACHE_HIT,200,15655,53,1,53,53,,2020:Russian Grand Prix:Race,/home/anshumandutta/Downloads/APEX-R_Devsez_Full_Application/phase2_data_foundation/cache/remote/ed5b07809eede940afcc08b9f628a440ef6bab94b876a05aada33fdabb40ce07.bin,4690deb2cfbf175c3438ce806fd0fd19325aab7a2ada93cdb8a21f2b5b9d66fd
2020,Russian Grand Prix,Race,GIO,VERIFIED_IN_SOURCE_DRIVERS_JSON,https://raw.githubusercontent.com/TracingInsights/2020/264ae1db8f1381540fb839c89f7b249ae2d8957d/Russian%20Grand%20Prix/Race/GIO/laptimes.json,d40353d7562e8e828d5134d692bd51dc1de3d0898d684001e439a29a7bf109dd,PHASE2_CACHE_HIT,200,15768,52,1,52,52,,2020:Russian Grand Prix:Race,/home/anshumandutta/Downloads/APEX-R_Devsez_Full_Application/phase2_data_foundation/cache/remote/7f9ba408859cc62c44d001776fd685d45b851c9e589a03918427fe8db12ee623.bin,d40353d7562e8e828d5134d692bd51dc1de3d0898d684001e439a29a7bf109dd
2020,Russian Grand Prix,Race,GRO,VERIFIED_IN_SOURCE_DRIVERS_JSON,https://raw.githubusercontent.com/TracingInsights/2020/264ae1db8f1381540fb839c89f7b249ae2d8957d/Russian%20Grand%20Prix/Race/GRO/laptimes.json,f7c7ac2cedb99969a5c977bdc1e51e17ec206912ba872d838bad4067792dd3a5,PHASE2_CACHE_HIT,200,15537,52,1,52,52,,2020:Russian Grand Prix:Race,/home/anshumandutta/Downloads/APEX-R_Devsez_Full_Application/phase2_data_foundation/cache/remote/dc059737676b4ff08f7ea3eec8cf7d7381a698a242c2052f7af5caefb1172311.bin,f7c7ac2cedb99969a5c977bdc1e51e17ec206912ba872d838bad4067792dd3a5
2020,Russian Grand Prix,Race,HAM,VERIFIED_IN_SOURCE_DRIVERS_JSON,https://raw.githubusercontent.com/TracingInsights/2020/264ae1db8f1381540fb839c89f7b249ae2d8957d/Russian%20Grand%20Prix/Race/HAM/laptimes.json,8a42d8d32acbb838583496235620adfb1439320d4349c4a5779893941ebedf8a,PHASE2_CACHE_HIT,200,15503,53,1,53,53,,2020:Russian Grand Prix:Race,/home/anshumandutta/Downloads/APEX-R_Devsez_Full_Application/phase2_data_foundation/cache/remote/4a0e575bb622cd2446147e7de634a7b12e3129b9a1ea70bc275f93e946913609.bin,8a42d8d32acbb838583496235620adfb1439320d4349c4a5779893941ebedf8a
2020,Russian Grand Prix,Race,KVY,VERIFIED_IN_SOURCE_DRIVERS_JSON,https://raw.githubusercontent.com/TracingInsights/2020/264ae1db8f1381540fb839c89f7b249ae2d8957d/Russian%20Grand%20Prix/Race/KVY/laptimes.json,606c894652610c97cd90e674261dfd59e8cad61a7c7ff030b2e82b77e1d1f7f5,PHASE2_CACHE_HIT,200,15659,53,1,53,53,,2020:Russian Grand Prix:Race,/home/anshumandutta/Downloads/APEX-R_Devsez_Full_Application/phase2_data_foundation/cache/remote/7563280392602851ac5e5ea2fa5d6ac9cf5909719003db600695352cc5024d76.bin,606c894652610c97cd90e674261dfd59e8cad61a7c7ff030b2e82b77e1d1f7f5
2020,Russian Grand Prix,Race,LAT,VERIFIED_IN_SOURCE_DRIVERS_JSON,https://raw.githubusercontent.com/TracingInsights/2020/264ae1db8f1381540fb839c89f7b249ae2d8957d/Russian%20Grand%20Prix/Race/LAT/laptimes.json,6f9daafc491ea501d44f43c3716819dcff41ea4367d10c06531917467b0c3dbd,PHASE2_CACHE_HIT,200,15267,52,1,52,52,,2020:Russian Grand Prix:Race,/home/anshumandutta/Downloads/APEX-R_Devsez_Full_Application/phase2_data_foundation/cache/remote/c7ee2077c020bd089501f711adffc0b9929863bf219a1839af883a558ade3b53.bin,6f9daafc491ea501d44f43c3716819dcff41ea4367d10c06531917467b0c3dbd
2020,Russian Grand Prix,Race,LEC,VERIFIED_IN_SOURCE_DRIVERS_JSON,https://raw.githubusercontent.com/TracingInsights/2020/264ae1db8f1381540fb839c89f7b249ae2d8957d/Russian%20Grand%20Prix/Race/LEC/laptimes.json,9394c177b26351561ea59704ff7ad9220d9d5fc5261193817c2d23450b40f406,PHASE2_CACHE_HIT,200,15502,53,1,53,53,,2020:Russian Grand Prix:Race,/home/anshumandutta/Downloads/APEX-R_Devsez_Full_Application/phase2_data_foundation/cache/remote/12627dd881eafde3bb0fabf9c536cedb14507f075a343b1adaf7c424614db0e9.bin,9394c177b26351561ea59704ff7ad9220d9d5fc5261193817c2d23450b40f406
2020,Russian Grand Prix,Race,MAG,VERIFIED_IN_SOURCE_DRIVERS_JSON,https://raw.githubusercontent.com/TracingInsights/2020/264ae1db8f1381540fb839c89f7b249ae2d8957d/Russian%20Grand%20Prix/Race/MAG/laptimes.json,48920618c5e092f032b147da1d2bc4a3c35449ff90716af59f4876c970f8768b,PHASE2_CACHE_HIT,200,15524,52,1,52,52,,2020:Russian Grand Prix:Race,/home/anshumandutta/Downloads/APEX-R_Devsez_Full_Application/phase2_data_foundation/cache/remote/e70763d59f034b3d096c77f1d1ef327847962d9971073a5f3553ef9e57d27e4c.bin,48920618c5e092f032b147da1d2bc4a3c35449ff90716af59f4876c970f8768b
2020,Russian Grand Prix,Race,NOR,VERIFIED_IN_SOURCE_DRIVERS_JSON,https://raw.githubusercontent.com/TracingInsights/2020/264ae1db8f1381540fb839c89f7b249ae2d8957d/Russian%20Grand%20Prix/Race/NOR/laptimes.json,d63a0c2115b9cc993561d0a02dab580f95ece9ce65eedfac0f361408c60cb655,PHASE2_CACHE_HIT,200,15168,52,1,52,52,,2020:Russian Grand Prix:Race,/home/anshumandutta/Downloads/APEX-R_Devsez_Full_Application/phase2_data_foundation/cache/remote/aec011d6d895468dc66d074a9a0853f2b8f98c067ac21872152458970c320932.bin,d63a0c2115b9cc993561d0a02dab580f95ece9ce65eedfac0f361408c60cb655
2020,Russian Grand Prix,Race,OCO,VERIFIED_IN_SOURCE_DRIVERS_JSON,https://raw.githubusercontent.com/TracingInsights/2020/264ae1db8f1381540fb839c89f7b249ae2d8957d/Russian%20Grand%20Prix/Race/OCO/laptimes.json,3989b7a00076c9583e93b2fc0c8fe670f176f392579d97589618cabfc3c957f6,PHASE2_CACHE_HIT,200,15481,53,1,53,53,,2020:Russian Grand Prix:Race,/home/anshumandutta/Downloads/APEX-R_Devsez_Full_Application/phase2_data_foundation/cache/remote/49303ac9f5642c5f8fbbd012fd3ef25818e909fa7712acb733a5447bdf4a1a13.bin,3989b7a00076c9583e93b2fc0c8fe670f176f392579d97589618cabfc3c957f6
2020,Russian Grand Prix,Race,PER,VERIFIED_IN_SOURCE_DRIVERS_JSON,https://raw.githubusercontent.com/TracingInsights/2020/264ae1db8f1381540fb839c89f7b249ae2d8957d/Russian%20Grand%20Prix/Race/PER/laptimes.json,273a3b60b35f0ae3cd7dc8e6776e897d363c92f683fc42ff6a1f8cc7bd7aec79,PHASE2_CACHE_HIT,200,15726,53,1,53,53,,2020:Russian Grand Prix:Race,/home/anshumandutta/Downloads/APEX-R_Devsez_Full_Application/phase2_data_foundation/cache/remote/5cb100476731f7525ef62283c1a335f9e05d391f76a3a7a35f4578d237dee80f.bin,273a3b60b35f0ae3cd7dc8e6776e897d363c92f683fc42ff6a1f8cc7bd7aec79
2020,Russian Grand Prix,Race,RAI,VERIFIED_IN_SOURCE_DRIVERS_JSON,https://raw.githubusercontent.com/TracingInsights/2020/264ae1db8f1381540fb839c89f7b249ae2d8957d/Russian%20Grand%20Prix/Race/RAI/laptimes.json,62da74e5948b229da48108822e0251769b227bcabd37e0e6ef51a8f6b2a961a9,PHASE2_CACHE_HIT,200,15701,52,1,52,52,,2020:Russian Grand Prix:Race,/home/anshumandutta/Downloads/APEX-R_Devsez_Full_Application/phase2_data_foundation/cache/remote/9b814b6aa1ec52d8657a5779030f24e1482004f927f61c40c2aeaa3590ca5091.bin,62da74e5948b229da48108822e0251769b227bcabd37e0e6ef51a8f6b2a961a9
2020,Russian Grand Prix,Race,RIC,VERIFIED_IN_SOURCE_DRIVERS_JSON,https://raw.githubusercontent.com/TracingInsights/2020/264ae1db8f1381540fb839c89f7b249ae2d8957d/Russian%20Grand%20Prix/Race/RIC/laptimes.json,2a06497f369b0eb965aefdddd97907cdeeb2a0f8941255d3b9b4fb88ed356daa,PHASE2_CACHE_HIT,200,15424,53,1,53,53,,2020:Russian Grand Prix:Race,/home/anshumandutta/Downloads/APEX-R_Devsez_Full_Application/phase2_data_foundation/cache/remote/01b3390dc02c8faf189fcdcfa582faef08926f550b4c6434bec732025b106cc1.bin,2a06497f369b0eb965aefdddd97907cdeeb2a0f8941255d3b9b4fb88ed356daa
2020,Russian Grand Prix,Race,RUS,VERIFIED_IN_SOURCE_DRIVERS_JSON,https://raw.githubusercontent.com/TracingInsights/2020/264ae1db8f1381540fb839c89f7b249ae2d8957d/Russian%20Grand%20Prix/Race/RUS/laptimes.json,73d8b83a4c17701486a52e6b50c85521f82ccfcc63f6759774f34d70f0b3c2c5,PHASE2_CACHE_HIT,200,15404,52,1,52,52,,2020:Russian Grand Prix:Race,/home/anshumandutta/Downloads/APEX-R_Devsez_Full_Application/phase2_data_foundation/cache/remote/5a5d054a08dd062a6f1ded0ee90b9250270e4e05c44dff45cf1361ccc233eb71.bin,73d8b83a4c17701486a52e6b50c85521f82ccfcc63f6759774f34d70f0b3c2c5
2020,Russian Grand Prix,Race,SAI,VERIFIED_IN_SOURCE_DRIVERS_JSON,https://raw.githubusercontent.com/TracingInsights/2020/264ae1db8f1381540fb839c89f7b249ae2d8957d/Russian%20Grand%20Prix/Race/SAI/laptimes.json,7ca85dbacc3b8a7ca96340688401a684570415246f67e40fe73a89c3d8583bce,PHASE2_CACHE_HIT,200,638,1,1,1,0,,2020:Russian Grand Prix:Race,/home/anshumandutta/Downloads/APEX-R_Devsez_Full_Application/phase2_data_foundation/cache/remote/731cf91606792a66f74b1d3e2f8255841089b7b9fb3cbc352245870f0172036f.bin,7ca85dbacc3b8a7ca96340688401a684570415246f67e40fe73a89c3d8583bce
2020,Russian Grand Prix,Race,STR,VERIFIED_IN_SOURCE_DRIVERS_JSON,https://raw.githubusercontent.com/TracingInsights/2020/264ae1db8f1381540fb839c89f7b249ae2d8957d/Russian%20Grand%20Prix/Race/STR/laptimes.json,129aa00e2c57b539021517dad8a4e41fbb4292a7b87be780b220793a47a2d09b,PHASE2_CACHE_HIT,200,644,1,1,1,0,,2020:Russian Grand Prix:Race,/home/anshumandutta/Downloads/APEX-R_Devsez_Full_Application/phase2_data_foundation/cache/remote/acfd574ed5efb5981ad01aac75a5ea51bdd95bcd183692359987b3e0630935d1.bin,129aa00e2c57b539021517dad8a4e41fbb4292a7b87be780b220793a47a2d09b
2020,Russian Grand Prix,Race,VER,VERIFIED_IN_SOURCE_DRIVERS_JSON,https://raw.githubusercontent.com/TracingInsights/2020/264ae1db8f1381540fb839c89f7b249ae2d8957d/Russian%20Grand%20Prix/Race/VER/laptimes.json,7cb149d95ed8cb13b36c55c67e68859c84b3177ed68523343ad6d42612c397b5,PHASE2_CACHE_HIT,200,15932,53,1,53,53,,2020:Russian Grand Prix:Race,/home/anshumandutta/Downloads/APEX-R_Devsez_Full_Application/phase2_data_foundation/cache/remote/bfc2b6145a964a1e007ca1e2a4022e42bbc60e4082a542da4d82ab8c4fa87e64.bin,7cb149d95ed8cb13b36c55c67e68859c84b3177ed68523343ad6d42612c397b5
2020,Russian Grand Prix,Race,VET,VERIFIED_IN_SOURCE_DRIVERS_JSON,https://raw.githubusercontent.com/TracingInsights/2020/264ae1db8f1381540fb839c89f7b249ae2d8957d/Russian%20Grand%20Prix/Race/VET/laptimes.json,4521d9ea18ad5c48a5876b3a7b3a4e39686b9a56083b56fd5119ffee74dd27b5,PHASE2_CACHE_HIT,200,15221,52,1,52,52,,2020:Russian Grand Prix:Race,/home/anshumandutta/Downloads/APEX-R_Devsez_Full_Application/phase2_data_foundation/cache/remote/fa78be84fe951c44d188af1d332d22b5ebed1f1a10e29eab5c3dc00694b3b26a.bin,4521d9ea18ad5c48a5876b3a7b3a4e39686b9a56083b56fd5119ffee74dd27b5
2020,Sakhir Grand Prix,Race,AIT,VERIFIED_IN_SOURCE_DRIVERS_JSON,https://raw.githubusercontent.com/TracingInsights/2020/264ae1db8f1381540fb839c89f7b249ae2d8957d/Sakhir%20Grand%20Prix/Race/AIT/laptimes.json,4aafefb136d6e2eb444e659cc13e6f11ece2bacc28fde4bf27ee628c2aab6121,PHASE2_CACHE_HIT,200,25320,87,1,87,87,,2020:Sakhir Grand Prix:Race,/home/anshumandutta/Downloads/APEX-R_Devsez_Full_Application/phase2_data_foundation/cache/remote/4ea22d41c7232f30fc2998754de53bf52c31233b7207b657d295546c15a7b67f.bin,4aafefb136d6e2eb444e659cc13e6f11ece2bacc28fde4bf27ee628c2aab6121
2020,Sakhir Grand Prix,Race,ALB,VERIFIED_IN_SOURCE_DRIVERS_JSON,https://raw.githubusercontent.com/TracingInsights/2020/264ae1db8f1381540fb839c89f7b249ae2d8957d/Sakhir%20Grand%20Prix/Race/ALB/laptimes.json,af78b50eafa3f11e44adb5dab71f8be800ef4267d8671cb25b8681fb24efd347,PHASE2_CACHE_HIT,200,25897,87,1,87,87,,2020:Sakhir Grand Prix:Race,/home/anshumandutta/Downloads/APEX-R_Devsez_Full_Application/phase2_data_foundation/cache/remote/d9f8807bed2a4aacbf9ddc12952ef4daa5d6bd8f863ab6e4f297e2df4090a2f8.bin,af78b50eafa3f11e44adb5dab71f8be800ef4267d8671cb25b8681fb24efd347
2020,Sakhir Grand Prix,Race,BOT,VERIFIED_IN_SOURCE_DRIVERS_JSON,https://raw.githubusercontent.com/TracingInsights/2020/264ae1db8f1381540fb839c89f7b249ae2d8957d/Sakhir%20Grand%20Prix/Race/BOT/laptimes.json,6d48548e9c6e0d6422b302667e27bd14527515fd360574022b1d01577bd3b9b0,PHASE2_CACHE_HIT,200,25349,87,1,87,87,,2020:Sakhir Grand Prix:Race,/home/anshumandutta/Downloads/APEX-R_Devsez_Full_Application/phase2_data_foundation/cache/remote/b9b34840af8fcc69fb6fcc3d7110ef902d0213c37c932ecfcaddf728e32e6d40.bin,6d48548e9c6e0d6422b302667e27bd14527515fd360574022b1d01577bd3b9b0
2020,Sakhir Grand Prix,Race,FIT,VERIFIED_IN_SOURCE_DRIVERS_JSON,https://raw.githubusercontent.com/TracingInsights/2020/264ae1db8f1381540fb839c89f7b249ae2d8957d/Sakhir%20Grand%20Prix/Race/FIT/laptimes.json,f5fc5b5c25b0ed012a50f93ae039caca015d5f400de05bc45130d36bdfc01425,PHASE2_CACHE_HIT,200,25643,87,1,87,87,,2020:Sakhir Grand Prix:Race,/home/anshumandutta/Downloads/APEX-R_Devsez_Full_Application/phase2_data_foundation/cache/remote/30712062ed02e9a013a88063eff8dffbd9cbaf5a057a18eefefef723b6b25655.bin,f5fc5b5c25b0ed012a50f93ae039caca015d5f400de05bc45130d36bdfc01425
2020,Sakhir Grand Prix,Race,GAS,VERIFIED_IN_SOURCE_DRIVERS_JSON,https://raw.githubusercontent.com/TracingInsights/2020/264ae1db8f1381540fb839c89f7b249ae2d8957d/Sakhir%20Grand%20Prix/Race/GAS/laptimes.json,05ff78af8cead0b280bb6d3b2d42f4d130dc549c528b35cecab6af9cde3c23b5,PHASE2_CACHE_HIT,200,25485,87,1,87,87,,2020:Sakhir Grand Prix:Race,/home/anshumandutta/Downloads/APEX-R_Devsez_Full_Application/phase2_data_foundation/cache/remote/a5e627372b6acb4d4514d56886e03fa8ccb027fd928c59ed811d2e985bc60a82.bin,05ff78af8cead0b280bb6d3b2d42f4d130dc549c528b35cecab6af9cde3c23b5
2020,Sakhir Grand Prix,Race,GIO,VERIFIED_IN_SOURCE_DRIVERS_JSON,https://raw.githubusercontent.com/TracingInsights/2020/264ae1db8f1381540fb839c89f7b249ae2d8957d/Sakhir%20Grand%20Prix/Race/GIO/laptimes.json,b36f6c278a9dfa04384aa1dda266240b0e8d7c84a2db4697441dba22647b9cfb,PHASE2_CACHE_HIT,200,26094,87,1,87,87,,2020:Sakhir Grand Prix:Race,/home/anshumandutta/Downloads/APEX-R_Devsez_Full_Application/phase2_data_foundation/cache/remote/aa6e5cf76ff4f287847773073ca23f9d11dc929e73a481917ee6e9048aff8173.bin,b36f6c278a9dfa04384aa1dda266240b0e8d7c84a2db4697441dba22647b9cfb
2020,Sakhir Grand Prix,Race,KVY,VERIFIED_IN_SOURCE_DRIVERS_JSON,https://raw.githubusercontent.com/TracingInsights/2020/264ae1db8f1381540fb839c89f7b249ae2d8957d/Sakhir%20Grand%20Prix/Race/KVY/laptimes.json,34334178b2e3dc501510ee356a9fdca21fb2322ef9e2fc368513524af89e6da7,PHASE2_CACHE_HIT,200,25425,87,1,87,87,,2020:Sakhir Grand Prix:Race,/home/anshumandutta/Downloads/APEX-R_Devsez_Full_Application/phase2_data_foundation/cache/remote/d6dafda061c39f140bd8275e471d9c2aa8e2516de1a4c2b2fb9fcfd3891ce414.bin,34334178b2e3dc501510ee356a9fdca21fb2322ef9e2fc368513524af89e6da7
2020,Sakhir Grand Prix,Race,LAT,VERIFIED_IN_SOURCE_DRIVERS_JSON,https://raw.githubusercontent.com/TracingInsights/2020/264ae1db8f1381540fb839c89f7b249ae2d8957d/Sakhir%20Grand%20Prix/Race/LAT/laptimes.json,1adb1184c7c71ae93ef1ec316937e2a5d714f67aaad3f70fe9186df9f7d7cf08,PHASE2_CACHE_HIT,200,15484,53,1,53,52,,2020:Sakhir Grand Prix:Race,/home/anshumandutta/Downloads/APEX-R_Devsez_Full_Application/phase2_data_foundation/cache/remote/98e08d5cda77e3d00573c5b1b3d1196bdd465fba7d132980a8bdf0ff4c73d8cd.bin,1adb1184c7c71ae93ef1ec316937e2a5d714f67aaad3f70fe9186df9f7d7cf08
2020,Sakhir Grand Prix,Race,LEC,VERIFIED_IN_SOURCE_DRIVERS_JSON,https://raw.githubusercontent.com/TracingInsights/2020/264ae1db8f1381540fb839c89f7b249ae2d8957d/Sakhir%20Grand%20Prix/Race/LEC/laptimes.json,f907a7d92516b25ccbcf483e5f7cb0584ac88e95ef9a9ea4a3e1833a7eeb7076,PHASE2_CACHE_HIT,200,638,1,1,1,0,,2020:Sakhir Grand Prix:Race,/home/anshumandutta/Downloads/APEX-R_Devsez_Full_Application/phase2_data_foundation/cache/remote/7f34b3d22975461a1b1b2ebd4915c3029ce5f82f020c51a259054b570aabd17e.bin,f907a7d92516b25ccbcf483e5f7cb0584ac88e95ef9a9ea4a3e1833a7eeb7076
2020,Sakhir Grand Prix,Race,MAG,VERIFIED_IN_SOURCE_DRIVERS_JSON,https://raw.githubusercontent.com/TracingInsights/2020/264ae1db8f1381540fb839c89f7b249ae2d8957d/Sakhir%20Grand%20Prix/Race/MAG/laptimes.json,68bf6aaa233dde5325eaa077cf4816962edaba17cfb111920bde26b62ade2b23,PHASE2_CACHE_HIT,200,25700,87,1,87,87,,2020:Sakhir Grand Prix:Race,/home/anshumandutta/Downloads/APEX-R_Devsez_Full_Application/phase2_data_foundation/cache/remote/a32045699f1ef0de755e33d321481ff2f453592d02e79084200ac0030ba758ae.bin,68bf6aaa233dde5325eaa077cf4816962edaba17cfb111920bde26b62ade2b23
2020,Sakhir Grand Prix,Race,NOR,VERIFIED_IN_SOURCE_DRIVERS_JSON,https://raw.githubusercontent.com/TracingInsights/2020/264ae1db8f1381540fb839c89f7b249ae2d8957d/Sakhir%20Grand%20Prix/Race/NOR/laptimes.json,1261652bb853810200c178468d46e8265f4c631584b86b320946394b86b57094,PHASE2_CACHE_HIT,200,25162,87,1,87,87,,2020:Sakhir Grand Prix:Race,/home/anshumandutta/Downloads/APEX-R_Devsez_Full_Application/phase2_data_foundation/cache/remote/f74823a0a7e9b458e882edf85aabd8b3b7cfc97c0e007f93843ca31d5a06fcf9.bin,1261652bb853810200c178468d46e8265f4c631584b86b320946394b86b57094
2020,Sakhir Grand Prix,Race,OCO,VERIFIED_IN_SOURCE_DRIVERS_JSON,https://raw.githubusercontent.com/TracingInsights/2020/264ae1db8f1381540fb839c89f7b249ae2d8957d/Sakhir%20Grand%20Prix/Race/OCO/laptimes.json,93e3e20c5d0707077e24a39871712e8900a56c491c51be384628f07b34abd8d0,PHASE2_CACHE_HIT,200,25125,87,1,87,87,,2020:Sakhir Grand Prix:Race,/home/anshumandutta/Downloads/APEX-R_Devsez_Full_Application/phase2_data_foundation/cache/remote/9159579ec9e9609cc8d1ca96272fa312530fecfda82b769b5f775951c8daf03c.bin,93e3e20c5d0707077e24a39871712e8900a56c491c51be384628f07b34abd8d0
2020,Sakhir Grand Prix,Race,PER,VERIFIED_IN_SOURCE_DRIVERS_JSON,https://raw.githubusercontent.com/TracingInsights/2020/264ae1db8f1381540fb839c89f7b249ae2d8957d/Sakhir%20Grand%20Prix/Race/PER/laptimes.json,786d4e3ee4808abe365b418f43d0abdce915008ba9f2717ca9e89ca4ec68e3d5,PHASE2_CACHE_HIT,200,25595,87,1,87,87,,2020:Sakhir Grand Prix:Race,/home/anshumandutta/Downloads/APEX-R_Devsez_Full_Application/phase2_data_foundation/cache/remote/bc55dc9829662dc23626522b55deb35e0231d20183717bcb6c8b753bfc51c9e8.bin,786d4e3ee4808abe365b418f43d0abdce915008ba9f2717ca9e89ca4ec68e3d5
2020,Sakhir Grand Prix,Race,RAI,VERIFIED_IN_SOURCE_DRIVERS_JSON,https://raw.githubusercontent.com/TracingInsights/2020/264ae1db8f1381540fb839c89f7b249ae2d8957d/Sakhir%20Grand%20Prix/Race/RAI/laptimes.json,be8e6e4c00c09cecefea256bfb784704990b2de69ae495ed7952b83ca0fb9992,PHASE2_CACHE_HIT,200,26004,87,1,87,87,,2020:Sakhir Grand Prix:Race,/home/anshumandutta/Downloads/APEX-R_Devsez_Full_Application/phase2_data_foundation/cache/remote/41f6af64107699f334ec8610868ffa529e2576aec7dab1c3897f0c93fae9095f.bin,be8e6e4c00c09cecefea256bfb784704990b2de69ae495ed7952b83ca0fb9992
2020,Sakhir Grand Prix,Race,RIC,VERIFIED_IN_SOURCE_DRIVERS_JSON,https://raw.githubusercontent.com/TracingInsights/2020/264ae1db8f1381540fb839c89f7b249ae2d8957d/Sakhir%20Grand%20Prix/Race/RIC/laptimes.json,3ec12a5f5e977140337d2fd35a9952e536a60aa8c6ee4785c66ef2ad4040e2db,PHASE2_CACHE_HIT,200,25029,87,1,87,87,,2020:Sakhir Grand Prix:Race,/home/anshumandutta/Downloads/APEX-R_Devsez_Full_Application/phase2_data_foundation/cache/remote/c228fd30366084b2d1e3ae42608ebb7f3f4553be4b86055f28a74d3cabeadfc2.bin,3ec12a5f5e977140337d2fd35a9952e536a60aa8c6ee4785c66ef2ad4040e2db
2020,Sakhir Grand Prix,Race,RUS,VERIFIED_IN_SOURCE_DRIVERS_JSON,https://raw.githubusercontent.com/TracingInsights/2020/264ae1db8f1381540fb839c89f7b249ae2d8957d/Sakhir%20Grand%20Prix/Race/RUS/laptimes.json,918aa250e1c9bfd7948f7bac348a6566bb43975a7fc338fad2798c6c9a75e091,PHASE2_CACHE_HIT,200,25349,87,1,87,87,,2020:Sakhir Grand Prix:Race,/home/anshumandutta/Downloads/APEX-R_Devsez_Full_Application/phase2_data_foundation/cache/remote/071257b9575ffdb7c2a6e937d2d6f0f8185d9fe7997038d85a5fd89ea74ab622.bin,918aa250e1c9bfd7948f7bac348a6566bb43975a7fc338fad2798c6c9a75e091
2020,Sakhir Grand Prix,Race,SAI,VERIFIED_IN_SOURCE_DRIVERS_JSON,https://raw.githubusercontent.com/TracingInsights/2020/264ae1db8f1381540fb839c89f7b249ae2d8957d/Sakhir%20Grand%20Prix/Race/SAI/laptimes.json,f29a0622395d5b05fecce25172e70de52209b462c2a50990861f67853192243d,PHASE2_CACHE_HIT,200,25183,87,1,87,87,,2020:Sakhir Grand Prix:Race,/home/anshumandutta/Downloads/APEX-R_Devsez_Full_Application/phase2_data_foundation/cache/remote/94810adb86aeea79eb622adf3aea160837dd4448bfc0526f6dd98dc36094f1ac.bin,f29a0622395d5b05fecce25172e70de52209b462c2a50990861f67853192243d
2020,Sakhir Grand Prix,Race,STR,VERIFIED_IN_SOURCE_DRIVERS_JSON,https://raw.githubusercontent.com/TracingInsights/2020/264ae1db8f1381540fb839c89f7b249ae2d8957d/Sakhir%20Grand%20Prix/Race/STR/laptimes.json,da85cb49a8bb70e517f12063fb0538bda8d98ffe6522775606706f30b2a5d210,PHASE2_CACHE_HIT,200,25615,87,1,87,87,,2020:Sakhir Grand Prix:Race,/home/anshumandutta/Downloads/APEX-R_Devsez_Full_Application/phase2_data_foundation/cache/remote/a8da57179d0e58f409cd1430a77884d4cbda6819ac8321b186adddd4db6a8076.bin,da85cb49a8bb70e517f12063fb0538bda8d98ffe6522775606706f30b2a5d210
2020,Sakhir Grand Prix,Race,VER,VERIFIED_IN_SOURCE_DRIVERS_JSON,https://raw.githubusercontent.com/TracingInsights/2020/264ae1db8f1381540fb839c89f7b249ae2d8957d/Sakhir%20Grand%20Prix/Race/VER/laptimes.json,5c3b4ec9b65e1f3936e723d5ea8d99d0c1626d07bad1abe490c6ed1940b79049,PHASE2_CACHE_HIT,200,646,1,1,1,0,,2020:Sakhir Grand Prix:Race,/home/anshumandutta/Downloads/APEX-R_Devsez_Full_Application/phase2_data_foundation/cache/remote/4f7ffd02262d0f5cc1f98895721c6968844889a4f5df9c1c206dcc92ca19883a.bin,5c3b4ec9b65e1f3936e723d5ea8d99d0c1626d07bad1abe490c6ed1940b79049
2020,Sakhir Grand Prix,Race,VET,VERIFIED_IN_SOURCE_DRIVERS_JSON,https://raw.githubusercontent.com/TracingInsights/2020/264ae1db8f1381540fb839c89f7b249ae2d8957d/Sakhir%20Grand%20Prix/Race/VET/laptimes.json,a5d018ef70899627712f1ced33e30afbf4a1ca3eabbea25a675e7c1318f9a480,PHASE2_CACHE_HIT,200,25132,87,1,87,87,,2020:Sakhir Grand Prix:Race,/home/anshumandutta/Downloads/APEX-R_Devsez_Full_Application/phase2_data_foundation/cache/remote/6abcecbcf9651ec9c5d3e1208f9b2d979c25bc9811a45ddf701f7c53e38af204.bin,a5d018ef70899627712f1ced33e30afbf4a1ca3eabbea25a675e7c1318f9a480
2020,Spanish Grand Prix,Race,ALB,VERIFIED_IN_SOURCE_DRIVERS_JSON,https://raw.githubusercontent.com/TracingInsights/2020/264ae1db8f1381540fb839c89f7b249ae2d8957d/Spanish%20Grand%20Prix/Race/ALB/laptimes.json,da7329b748d95b0113e7caff09e1965ce0f1c13c05d6486a42908eb380311b7a,PHASE2_CACHE_HIT,200,19363,65,1,65,65,,2020:Spanish Grand Prix:Race,/home/anshumandutta/Downloads/APEX-R_Devsez_Full_Application/phase2_data_foundation/cache/remote/843a467dde56367a61083911640eeae57494ec2d69baf739843ce03368164ff2.bin,da7329b748d95b0113e7caff09e1965ce0f1c13c05d6486a42908eb380311b7a
2020,Spanish Grand Prix,Race,BOT,VERIFIED_IN_SOURCE_DRIVERS_JSON,https://raw.githubusercontent.com/TracingInsights/2020/264ae1db8f1381540fb839c89f7b249ae2d8957d/Spanish%20Grand%20Prix/Race/BOT/laptimes.json,0125554a5da8da5c87b5e0c8e6396d037d065e11616f9bbfa1cbf9baa6a85649,PHASE2_CACHE_HIT,200,19201,66,1,66,66,,2020:Spanish Grand Prix:Race,/home/anshumandutta/Downloads/APEX-R_Devsez_Full_Application/phase2_data_foundation/cache/remote/b9c6d521eefa5bb36e394e04c3828209b89185d0257c87850557fbe21891ee64.bin,0125554a5da8da5c87b5e0c8e6396d037d065e11616f9bbfa1cbf9baa6a85649
2020,Spanish Grand Prix,Race,GAS,VERIFIED_IN_SOURCE_DRIVERS_JSON,https://raw.githubusercontent.com/TracingInsights/2020/264ae1db8f1381540fb839c89f7b249ae2d8957d/Spanish%20Grand%20Prix/Race/GAS/laptimes.json,1c2087be0a7d9ff896eb6fc46bf49b6a410063884202f96ca35076d856c2a19d,PHASE2_CACHE_HIT,200,19081,65,1,65,65,,2020:Spanish Grand Prix:Race,/home/anshumandutta/Downloads/APEX-R_Devsez_Full_Application/phase2_data_foundation/cache/remote/1f6778ac1e7cbc44d7bec4d0272f65645acc07f7610e51a0d3cb264fcffd1ac6.bin,1c2087be0a7d9ff896eb6fc46bf49b6a410063884202f96ca35076d856c2a19d
2020,Spanish Grand Prix,Race,GIO,VERIFIED_IN_SOURCE_DRIVERS_JSON,https://raw.githubusercontent.com/TracingInsights/2020/264ae1db8f1381540fb839c89f7b249ae2d8957d/Spanish%20Grand%20Prix/Race/GIO/laptimes.json,e6558b9ff35e2f7ed445f5320376e8f107691e7e707395964b8386d8e69ea4d0,PHASE2_CACHE_HIT,200,19547,65,1,65,65,,2020:Spanish Grand Prix:Race,/home/anshumandutta/Downloads/APEX-R_Devsez_Full_Application/phase2_data_foundation/cache/remote/bee6de63bb3b9d64ffb7675ec17143959a459794485ba06b64ffeee314dc1105.bin,e6558b9ff35e2f7ed445f5320376e8f107691e7e707395964b8386d8e69ea4d0
2020,Spanish Grand Prix,Race,GRO,VERIFIED_IN_SOURCE_DRIVERS_JSON,https://raw.githubusercontent.com/TracingInsights/2020/264ae1db8f1381540fb839c89f7b249ae2d8957d/Spanish%20Grand%20Prix/Race/GRO/laptimes.json,fb7a9c7925ca505c4002998b1e7b27320d5eb7a12c68dde48536429fb1bea615,PHASE2_CACHE_HIT,200,18953,64,1,64,64,,2020:Spanish Grand Prix:Race,/home/anshumandutta/Downloads/APEX-R_Devsez_Full_Application/phase2_data_foundation/cache/remote/b938995f675ce77e37ff49d4dbf9062cfb58d7a6bac01deaf94da14c6dd97abb.bin,fb7a9c7925ca505c4002998b1e7b27320d5eb7a12c68dde48536429fb1bea615
2020,Spanish Grand Prix,Race,HAM,VERIFIED_IN_SOURCE_DRIVERS_JSON,https://raw.githubusercontent.com/TracingInsights/2020/264ae1db8f1381540fb839c89f7b249ae2d8957d/Spanish%20Grand%20Prix/Race/HAM/laptimes.json,f5694c88a7c202ba51de9ee1db553f688d2dffae46a1b225897bfa6906cabcdb,PHASE2_CACHE_HIT,200,19204,66,1,66,66,,2020:Spanish Grand Prix:Race,/home/anshumandutta/Downloads/APEX-R_Devsez_Full_Application/phase2_data_foundation/cache/remote/32ccecf297f6d21489b30fa1313297c3d041ca0e126d628b855818d2b1904de0.bin,f5694c88a7c202ba51de9ee1db553f688d2dffae46a1b225897bfa6906cabcdb
2020,Spanish Grand Prix,Race,KVY,VERIFIED_IN_SOURCE_DRIVERS_JSON,https://raw.githubusercontent.com/TracingInsights/2020/264ae1db8f1381540fb839c89f7b249ae2d8957d/Spanish%20Grand%20Prix/Race/KVY/laptimes.json,1a226ee7dc836b6951ca09fdce8f88fdc9f6e419aaa6593146f62acb1a0db2ca,PHASE3_CACHE_HIT,200,19095,65,1,65,65,,2020:Spanish Grand Prix:Race,/home/anshumandutta/Downloads/APEX-R_Devsez_Full_Application/phase3_prediction_dataset/cache/laptimes/79ccf02f87bc55ff637eb7ec390a8c0317a7d2e619e3cdd691f69554c18b958d.json,1a226ee7dc836b6951ca09fdce8f88fdc9f6e419aaa6593146f62acb1a0db2ca
2020,Spanish Grand Prix,Race,LAT,VERIFIED_IN_SOURCE_DRIVERS_JSON,https://raw.githubusercontent.com/TracingInsights/2020/264ae1db8f1381540fb839c89f7b249ae2d8957d/Spanish%20Grand%20Prix/Race/LAT/laptimes.json,dadd2ed3a04e00ba5b9f5fca94b98d40f779af8ec03f52887d9ab24443912781,PHASE3_CACHE_HIT,200,18627,64,1,64,64,,2020:Spanish Grand Prix:Race,/home/anshumandutta/Downloads/APEX-R_Devsez_Full_Application/phase3_prediction_dataset/cache/laptimes/3f92429f8b50c79289df9dd1dcaa16d76386737e0982c9ad49c6f6168255f05f.json,dadd2ed3a04e00ba5b9f5fca94b98d40f779af8ec03f52887d9ab24443912781
2020,Spanish Grand Prix,Race,LEC,VERIFIED_IN_SOURCE_DRIVERS_JSON,https://raw.githubusercontent.com/TracingInsights/2020/264ae1db8f1381540fb839c89f7b249ae2d8957d/Spanish%20Grand%20Prix/Race/LEC/laptimes.json,d0b55a1e384324ffcdf14f89256e65ac39e0a9ce49ec577927b6014eda032d6b,PHASE3_CACHE_HIT,200,11155,38,1,38,38,,2020:Spanish Grand Prix:Race,/home/anshumandutta/Downloads/APEX-R_Devsez_Full_Application/phase3_prediction_dataset/cache/laptimes/e13d5a0d263e845496927b433b0ec26316428dfbbf17245e09e8e03b51bffc72.json,d0b55a1e384324ffcdf14f89256e65ac39e0a9ce49ec577927b6014eda032d6b
2020,Spanish Grand Prix,Race,MAG,VERIFIED_IN_SOURCE_DRIVERS_JSON,https://raw.githubusercontent.com/TracingInsights/2020/264ae1db8f1381540fb839c89f7b249ae2d8957d/Spanish%20Grand%20Prix/Race/MAG/laptimes.json,854d6e85462d89313a3e970bf2faa12c44f0b24db5522add0136324de24ae5bb,PHASE3_CACHE_HIT,200,19278,65,1,65,65,,2020:Spanish Grand Prix:Race,/home/anshumandutta/Downloads/APEX-R_Devsez_Full_Application/phase3_prediction_dataset/cache/laptimes/4612ddb61cedc7f1463fde1281fb549d04b8c6a023ffac3752a836ff90711f64.json,854d6e85462d89313a3e970bf2faa12c44f0b24db5522add0136324de24ae5bb
2020,Spanish Grand Prix,Race,NOR,VERIFIED_IN_SOURCE_DRIVERS_JSON,https://raw.githubusercontent.com/TracingInsights/2020/264ae1db8f1381540fb839c89f7b249ae2d8957d/Spanish%20Grand%20Prix/Race/NOR/laptimes.json,5864b610b54d1937c9a1904c58dc6d8880e59eb2c6450ed7719eb96acfd7c03f,PHASE3_CACHE_HIT,200,18826,65,1,65,65,,2020:Spanish Grand Prix:Race,/home/anshumandutta/Downloads/APEX-R_Devsez_Full_Application/phase3_prediction_dataset/cache/laptimes/cd986c7faaa8d83f900632e4f656df40ecb9abbf314ee442825185bb53c1ed53.json,5864b610b54d1937c9a1904c58dc6d8880e59eb2c6450ed7719eb96acfd7c03f
2020,Spanish Grand Prix,Race,OCO,VERIFIED_IN_SOURCE_DRIVERS_JSON,https://raw.githubusercontent.com/TracingInsights/2020/264ae1db8f1381540fb839c89f7b249ae2d8957d/Spanish%20Grand%20Prix/Race/OCO/laptimes.json,7ed070958a8e2f6243e0e5478a85e7076d031e58f4232dd31732c3983b371e48,PHASE3_CACHE_HIT,200,18866,65,1,65,65,,2020:Spanish Grand Prix:Race,/home/anshumandutta/Downloads/APEX-R_Devsez_Full_Application/phase3_prediction_dataset/cache/laptimes/28ef15d49aed9a4323fe9e4be03957c47802aa7d09f9dbd3b669eb32af4045d1.json,7ed070958a8e2f6243e0e5478a85e7076d031e58f4232dd31732c3983b371e48
2020,Spanish Grand Prix,Race,PER,VERIFIED_IN_SOURCE_DRIVERS_JSON,https://raw.githubusercontent.com/TracingInsights/2020/264ae1db8f1381540fb839c89f7b249ae2d8957d/Spanish%20Grand%20Prix/Race/PER/laptimes.json,76fb30e021afda5c3203e1699e0efd49cb355a7ae055739c82af52a2e8c894fd,PHASE3_CACHE_HIT,200,19192,65,1,65,65,,2020:Spanish Grand Prix:Race,/home/anshumandutta/Downloads/APEX-R_Devsez_Full_Application/phase3_prediction_dataset/cache/laptimes/300fcef5a0f498b0ff5a1e9aa9265b13ffa5fef6e22e178891f58507174a7af3.json,76fb30e021afda5c3203e1699e0efd49cb355a7ae055739c82af52a2e8c894fd
2020,Spanish Grand Prix,Race,RAI,VERIFIED_IN_SOURCE_DRIVERS_JSON,https://raw.githubusercontent.com/TracingInsights/2020/264ae1db8f1381540fb839c89f7b249ae2d8957d/Spanish%20Grand%20Prix/Race/RAI/laptimes.json,6094e8c034fc8a9b17346f9232408be009f88504921afd1e9f09f761bf6e432f,PHASE3_CACHE_HIT,200,19513,65,1,65,65,,2020:Spanish Grand Prix:Race,/home/anshumandutta/Downloads/APEX-R_Devsez_Full_Application/phase3_prediction_dataset/cache/laptimes/7e79d085a7b7df894a62114db8c566b6f360960144ed3460ab66185336fb7058.json,6094e8c034fc8a9b17346f9232408be009f88504921afd1e9f09f761bf6e432f
2020,Spanish Grand Prix,Race,RIC,VERIFIED_IN_SOURCE_DRIVERS_JSON,https://raw.githubusercontent.com/TracingInsights/2020/264ae1db8f1381540fb839c89f7b249ae2d8957d/Spanish%20Grand%20Prix/Race/RIC/laptimes.json,3ff0caebcc8414d740c8b1ea41ef54417ec7d31da1c3324b01f2e49449ea0ef2,PHASE3_CACHE_HIT,200,18799,65,1,65,65,,2020:Spanish Grand Prix:Race,/home/anshumandutta/Downloads/APEX-R_Devsez_Full_Application/phase3_prediction_dataset/cache/laptimes/aaa5f0e52a4f9afc7dcce1f0f9eca6040de225108cb7ab2b08c34ef2c151ab5e.json,3ff0caebcc8414d740c8b1ea41ef54417ec7d31da1c3324b01f2e49449ea0ef2
2020,Spanish Grand Prix,Race,RUS,VERIFIED_IN_SOURCE_DRIVERS_JSON,https://raw.githubusercontent.com/TracingInsights/2020/264ae1db8f1381540fb839c89f7b249ae2d8957d/Spanish%20Grand%20Prix/Race/RUS/laptimes.json,5cdfe03647959057336786e5129876f3b053e48e3af95fa173602c4104c6550a,PHASE3_CACHE_HIT,200,18986,65,1,65,65,,2020:Spanish Grand Prix:Race,/home/anshumandutta/Downloads/APEX-R_Devsez_Full_Application/phase3_prediction_dataset/cache/laptimes/d35b237ad0a03476d920c8485addb6a90190ab6efa87dc3ef8ae8eea16c6ad90.json,5cdfe03647959057336786e5129876f3b053e48e3af95fa173602c4104c6550a
2020,Spanish Grand Prix,Race,SAI,VERIFIED_IN_SOURCE_DRIVERS_JSON,https://raw.githubusercontent.com/TracingInsights/2020/264ae1db8f1381540fb839c89f7b249ae2d8957d/Spanish%20Grand%20Prix/Race/SAI/laptimes.json,45d3529bbce82a4f76644eb2bcd67941368e20c8aba20ba5124732c30fce2e57,PHASE3_CACHE_HIT,200,18850,65,1,65,65,,2020:Spanish Grand Prix:Race,/home/anshumandutta/Downloads/APEX-R_Devsez_Full_Application/phase3_prediction_dataset/cache/laptimes/ad7383cb69a034ae564233627a972610d3e40f5e0d8ccf3c9deaa35d80b80c7e.json,45d3529bbce82a4f76644eb2bcd67941368e20c8aba20ba5124732c30fce2e57
2020,Spanish Grand Prix,Race,STR,VERIFIED_IN_SOURCE_DRIVERS_JSON,https://raw.githubusercontent.com/TracingInsights/2020/264ae1db8f1381540fb839c89f7b249ae2d8957d/Spanish%20Grand%20Prix/Race/STR/laptimes.json,5acf2aaf4afdba1bfca21025039086e1fd041f2f768ad113fe52eb821a6c9c04,PHASE3_CACHE_HIT,200,19145,65,1,65,65,,2020:Spanish Grand Prix:Race,/home/anshumandutta/Downloads/APEX-R_Devsez_Full_Application/phase3_prediction_dataset/cache/laptimes/482bc452a7b8e9db7c8fc4e9d9f3b99328671596f44c3c86c88bf638d24d268b.json,5acf2aaf4afdba1bfca21025039086e1fd041f2f768ad113fe52eb821a6c9c04
2020,Spanish Grand Prix,Race,VER,VERIFIED_IN_SOURCE_DRIVERS_JSON,https://raw.githubusercontent.com/TracingInsights/2020/264ae1db8f1381540fb839c89f7b249ae2d8957d/Spanish%20Grand%20Prix/Race/VER/laptimes.json,52b3bdd47a010c18cbb38a7b74fe9030a61425fdd843e2d09085f21f098ac07f,PHASE3_CACHE_HIT,200,19662,66,1,66,66,,2020:Spanish Grand Prix:Race,/home/anshumandutta/Downloads/APEX-R_Devsez_Full_Application/phase3_prediction_dataset/cache/laptimes/2b627b2f55ec82ca22ec6c19d46a443471eab096928561ca755d28d34c7dd9a2.json,52b3bdd47a010c18cbb38a7b74fe9030a61425fdd843e2d09085f21f098ac07f
2020,Spanish Grand Prix,Race,VET,VERIFIED_IN_SOURCE_DRIVERS_JSON,https://raw.githubusercontent.com/TracingInsights/2020/264ae1db8f1381540fb839c89f7b249ae2d8957d/Spanish%20Grand%20Prix/Race/VET/laptimes.json,aa47f0963ec88fba73a6529aa6511181491b8b261323ad5401e736f240737d7c,PHASE3_CACHE_HIT,200,18819,65,1,65,65,,2020:Spanish Grand Prix:Race,/home/anshumandutta/Downloads/APEX-R_Devsez_Full_Application/phase3_prediction_dataset/cache/laptimes/16358b8462054dd81596bbc930ee9e611d79fa81868c3b0fb7d38b1ea3c732e2.json,aa47f0963ec88fba73a6529aa6511181491b8b261323ad5401e736f240737d7c
