year,event,session,pit_index,driver_id,driver_code,driver_identity_status,lap,stop_number,time_of_day,duration_sec,entry_time,exit_time,event_date,availability_status,source_url,source_sha256
2018,Abu Dhabi Grand Prix,Race,0,brendon_hartley,HAR,MATCHED_DRIVER_ID,1,1,17:16:20,41.012,,,2018-11-25,DURATION_AND_TIME_OF_DAY_ONLY,https://api.jolpi.ca/ergast/f1/2018/21/pitstops.json?limit=1000,45052575e71f9903413b4306b551d945805153a05fc708ffd2bebc6bfd0beeb1
2018,Abu Dhabi Grand Prix,Race,1,hamilton,HAM,MATCHED_DRIVER_ID,7,1,17:29:33,21.283,,,2018-11-25,DURATION_AND_TIME_OF_DAY_ONLY,https://api.jolpi.ca/ergast/f1/2018/21/pitstops.json?limit=1000,45052575e71f9903413b4306b551d945805153a05fc708ffd2bebc6bfd0beeb1
2018,Abu Dhabi Grand Prix,Race,2,leclerc,LEC,MATCHED_DRIVER_ID,7,1,17:29:43,21.828,,,2018-11-25,DURATION_AND_TIME_OF_DAY_ONLY,https://api.jolpi.ca/ergast/f1/2018/21/pitstops.json?limit=1000,45052575e71f9903413b4306b551d945805153a05fc708ffd2bebc6bfd0beeb1
2018,Abu Dhabi Grand Prix,Race,3,grosjean,GRO,MATCHED_DRIVER_ID,7,1,17:29:48,22.354,,,2018-11-25,DURATION_AND_TIME_OF_DAY_ONLY,https://api.jolpi.ca/ergast/f1/2018/21/pitstops.json?limit=1000,45052575e71f9903413b4306b551d945805153a05fc708ffd2bebc6bfd0beeb1
2018,Abu Dhabi Grand Prix,Race,4,vettel,VET,MATCHED_DRIVER_ID,15,1,17:44:11,22.63,,,2018-11-25,DURATION_AND_TIME_OF_DAY_ONLY,https://api.jolpi.ca/ergast/f1/2018/21/pitstops.json?limit=1000,45052575e71f9903413b4306b551d945805153a05fc708ffd2bebc6bfd0beeb1
2018,Abu Dhabi Grand Prix,Race,5,bottas,BOT,MATCHED_DRIVER_ID,16,1,17:45:52,21.6,,,2018-11-25,DURATION_AND_TIME_OF_DAY_ONLY,https://api.jolpi.ca/ergast/f1/2018/21/pitstops.json?limit=1000,45052575e71f9903413b4306b551d945805153a05fc708ffd2bebc6bfd0beeb1
2018,Abu Dhabi Grand Prix,Race,6,max_verstappen,VER,MATCHED_DRIVER_ID,17,1,17:47:44,21.057,,,2018-11-25,DURATION_AND_TIME_OF_DAY_ONLY,https://api.jolpi.ca/ergast/f1/2018/21/pitstops.json?limit=1000,45052575e71f9903413b4306b551d945805153a05fc708ffd2bebc6bfd0beeb1
2018,Abu Dhabi Grand Prix,Race,7,ocon,OCO,MATCHED_DRIVER_ID,18,1,17:49:58,21.979,,,2018-11-25,DURATION_AND_TIME_OF_DAY_ONLY,https://api.jolpi.ca/ergast/f1/2018/21/pitstops.json?limit=1000,45052575e71f9903413b4306b551d945805153a05fc708ffd2bebc6bfd0beeb1
2018,Abu Dhabi Grand Prix,Race,8,perez,PER,MATCHED_DRIVER_ID,26,1,18:04:04,22.112,,,2018-11-25,DURATION_AND_TIME_OF_DAY_ONLY,https://api.jolpi.ca/ergast/f1/2018/21/pitstops.json?limit=1000,45052575e71f9903413b4306b551d945805153a05fc708ffd2bebc6bfd0beeb1
2018,Abu Dhabi Grand Prix,Race,9,alonso,ALO,MATCHED_DRIVER_ID,27,1,18:06:10,21.726,,,2018-11-25,DURATION_AND_TIME_OF_DAY_ONLY,https://api.jolpi.ca/ergast/f1/2018/21/pitstops.json?limit=1000,45052575e71f9903413b4306b551d945805153a05fc708ffd2bebc6bfd0beeb1
2018,Abu Dhabi Grand Prix,Race,10,gasly,GAS,MATCHED_DRIVER_ID,29,1,18:09:35,22.493,,,2018-11-25,DURATION_AND_TIME_OF_DAY_ONLY,https://api.jolpi.ca/ergast/f1/2018/21/pitstops.json?limit=1000,45052575e71f9903413b4306b551d945805153a05fc708ffd2bebc6bfd0beeb1
2018,Abu Dhabi Grand Prix,Race,11,ricciardo,RIC,MATCHED_DRIVER_ID,33,1,18:15:29,21.061,,,2018-11-25,DURATION_AND_TIME_OF_DAY_ONLY,https://api.jolpi.ca/ergast/f1/2018/21/pitstops.json?limit=1000,45052575e71f9903413b4306b551d945805153a05fc708ffd2bebc6bfd0beeb1
2018,Abu Dhabi Grand Prix,Race,12,vandoorne,VAN,MATCHED_DRIVER_ID,35,1,18:20:34,22.317,,,2018-11-25,DURATION_AND_TIME_OF_DAY_ONLY,https://api.jolpi.ca/ergast/f1/2018/21/pitstops.json?limit=1000,45052575e71f9903413b4306b551d945805153a05fc708ffd2bebc6bfd0beeb1
2018,Abu Dhabi Grand Prix,Race,13,sirotkin,SIR,MATCHED_DRIVER_ID,35,1,18:20:39,22.755,,,2018-11-25,DURATION_AND_TIME_OF_DAY_ONLY,https://api.jolpi.ca/ergast/f1/2018/21/pitstops.json?limit=1000,45052575e71f9903413b4306b551d945805153a05fc708ffd2bebc6bfd0beeb1
2018,Abu Dhabi Grand Prix,Race,14,sainz,SAI,MATCHED_DRIVER_ID,37,1,18:23:10,21.964,,,2018-11-25,DURATION_AND_TIME_OF_DAY_ONLY,https://api.jolpi.ca/ergast/f1/2018/21/pitstops.json?limit=1000,45052575e71f9903413b4306b551d945805153a05fc708ffd2bebc6bfd0beeb1
2018,Abu Dhabi Grand Prix,Race,15,bottas,BOT,MATCHED_DRIVER_ID,40,2,18:27:52,21.289,,,2018-11-25,DURATION_AND_TIME_OF_DAY_ONLY,https://api.jolpi.ca/ergast/f1/2018/21/pitstops.json?limit=1000,45052575e71f9903413b4306b551d945805153a05fc708ffd2bebc6bfd0beeb1
2018,Abu Dhabi Grand Prix,Race,16,stroll,STR,MATCHED_DRIVER_ID,40,1,18:29:11,22.189,,,2018-11-25,DURATION_AND_TIME_OF_DAY_ONLY,https://api.jolpi.ca/ergast/f1/2018/21/pitstops.json?limit=1000,45052575e71f9903413b4306b551d945805153a05fc708ffd2bebc6bfd0beeb1
2018,Abu Dhabi Grand Prix,Race,17,kevin_magnussen,MAG,MATCHED_DRIVER_ID,41,1,18:30:42,21.587,,,2018-11-25,DURATION_AND_TIME_OF_DAY_ONLY,https://api.jolpi.ca/ergast/f1/2018/21/pitstops.json?limit=1000,45052575e71f9903413b4306b551d945805153a05fc708ffd2bebc6bfd0beeb1
2018,Austrian Grand Prix,Race,0,vandoorne,VAN,MATCHED_DRIVER_ID,1,1,15:14:13,46.557,,,2018-07-01,DURATION_AND_TIME_OF_DAY_ONLY,https://api.jolpi.ca/ergast/f1/2018/9/pitstops.json?limit=1000,f3be95f60b3b0736ddfc00c3529c2b64d24850492fc267f3eca518536c59eb36
2018,Austrian Grand Prix,Race,1,max_verstappen,VER,MATCHED_DRIVER_ID,15,1,15:30:26,21.214,,,2018-07-01,DURATION_AND_TIME_OF_DAY_ONLY,https://api.jolpi.ca/ergast/f1/2018/9/pitstops.json?limit=1000,f3be95f60b3b0736ddfc00c3529c2b64d24850492fc267f3eca518536c59eb36
2018,Austrian Grand Prix,Race,2,raikkonen,RAI,MATCHED_DRIVER_ID,15,1,15:30:30,21.552,,,2018-07-01,DURATION_AND_TIME_OF_DAY_ONLY,https://api.jolpi.ca/ergast/f1/2018/9/pitstops.json?limit=1000,f3be95f60b3b0736ddfc00c3529c2b64d24850492fc267f3eca518536c59eb36
2018,Austrian Grand Prix,Race,3,ricciardo,RIC,MATCHED_DRIVER_ID,15,1,15:30:32,21.95,,,2018-07-01,DURATION_AND_TIME_OF_DAY_ONLY,https://api.jolpi.ca/ergast/f1/2018/9/pitstops.json?limit=1000,f3be95f60b3b0736ddfc00c3529c2b64d24850492fc267f3eca518536c59eb36
2018,Austrian Grand Prix,Race,4,vettel,VET,MATCHED_DRIVER_ID,15,1,15:30:34,23.912,,,2018-07-01,DURATION_AND_TIME_OF_DAY_ONLY,https://api.jolpi.ca/ergast/f1/2018/9/pitstops.json?limit=1000,f3be95f60b3b0736ddfc00c3529c2b64d24850492fc267f3eca518536c59eb36
2018,Austrian Grand Prix,Race,5,grosjean,GRO,MATCHED_DRIVER_ID,15,1,15:30:46,22.121,,,2018-07-01,DURATION_AND_TIME_OF_DAY_ONLY,https://api.jolpi.ca/ergast/f1/2018/9/pitstops.json?limit=1000,f3be95f60b3b0736ddfc00c3529c2b64d24850492fc267f3eca518536c59eb36
2018,Austrian Grand Prix,Race,6,ocon,OCO,MATCHED_DRIVER_ID,15,1,15:30:54,22.527,,,2018-07-01,DURATION_AND_TIME_OF_DAY_ONLY,https://api.jolpi.ca/ergast/f1/2018/9/pitstops.json?limit=1000,f3be95f60b3b0736ddfc00c3529c2b64d24850492fc267f3eca518536c59eb36
2018,Austrian Grand Prix,Race,7,sainz,SAI,MATCHED_DRIVER_ID,15,1,15:30:57,23.257,,,2018-07-01,DURATION_AND_TIME_OF_DAY_ONLY,https://api.jolpi.ca/ergast/f1/2018/9/pitstops.json?limit=1000,f3be95f60b3b0736ddfc00c3529c2b64d24850492fc267f3eca518536c59eb36
2018,Austrian Grand Prix,Race,8,stroll,STR,MATCHED_DRIVER_ID,15,1,15:31:03,22.181,,,2018-07-01,DURATION_AND_TIME_OF_DAY_ONLY,https://api.jolpi.ca/ergast/f1/2018/9/pitstops.json?limit=1000,f3be95f60b3b0736ddfc00c3529c2b64d24850492fc267f3eca518536c59eb36
2018,Austrian Grand Prix,Race,9,gasly,GAS,MATCHED_DRIVER_ID,15,1,15:31:09,22.011,,,2018-07-01,DURATION_AND_TIME_OF_DAY_ONLY,https://api.jolpi.ca/ergast/f1/2018/9/pitstops.json?limit=1000,f3be95f60b3b0736ddfc00c3529c2b64d24850492fc267f3eca518536c59eb36
2018,Austrian Grand Prix,Race,10,leclerc,LEC,MATCHED_DRIVER_ID,15,1,15:31:12,21.364,,,2018-07-01,DURATION_AND_TIME_OF_DAY_ONLY,https://api.jolpi.ca/ergast/f1/2018/9/pitstops.json?limit=1000,f3be95f60b3b0736ddfc00c3529c2b64d24850492fc267f3eca518536c59eb36
2018,Austrian Grand Prix,Race,11,alonso,ALO,MATCHED_DRIVER_ID,15,1,15:31:16,21.588,,,2018-07-01,DURATION_AND_TIME_OF_DAY_ONLY,https://api.jolpi.ca/ergast/f1/2018/9/pitstops.json?limit=1000,f3be95f60b3b0736ddfc00c3529c2b64d24850492fc267f3eca518536c59eb36
2018,Austrian Grand Prix,Race,12,sirotkin,SIR,MATCHED_DRIVER_ID,24,1,15:41:54,23.048,,,2018-07-01,DURATION_AND_TIME_OF_DAY_ONLY,https://api.jolpi.ca/ergast/f1/2018/9/pitstops.json?limit=1000,f3be95f60b3b0736ddfc00c3529c2b64d24850492fc267f3eca518536c59eb36
2018,Austrian Grand Prix,Race,13,hamilton,HAM,MATCHED_DRIVER_ID,25,1,15:42:08,21.245,,,2018-07-01,DURATION_AND_TIME_OF_DAY_ONLY,https://api.jolpi.ca/ergast/f1/2018/9/pitstops.json?limit=1000,f3be95f60b3b0736ddfc00c3529c2b64d24850492fc267f3eca518536c59eb36
2018,Austrian Grand Prix,Race,14,perez,PER,MATCHED_DRIVER_ID,27,1,15:45:05,22.863,,,2018-07-01,DURATION_AND_TIME_OF_DAY_ONLY,https://api.jolpi.ca/ergast/f1/2018/9/pitstops.json?limit=1000,f3be95f60b3b0736ddfc00c3529c2b64d24850492fc267f3eca518536c59eb36
2018,Austrian Grand Prix,Race,15,kevin_magnussen,MAG,MATCHED_DRIVER_ID,28,1,15:46:11,22.138,,,2018-07-01,DURATION_AND_TIME_OF_DAY_ONLY,https://api.jolpi.ca/ergast/f1/2018/9/pitstops.json?limit=1000,f3be95f60b3b0736ddfc00c3529c2b64d24850492fc267f3eca518536c59eb36
2018,Austrian Grand Prix,Race,16,sainz,SAI,MATCHED_DRIVER_ID,34,2,15:53:34,26.335,,,2018-07-01,DURATION_AND_TIME_OF_DAY_ONLY,https://api.jolpi.ca/ergast/f1/2018/9/pitstops.json?limit=1000,f3be95f60b3b0736ddfc00c3529c2b64d24850492fc267f3eca518536c59eb36
2018,Austrian Grand Prix,Race,17,ricciardo,RIC,MATCHED_DRIVER_ID,38,2,15:57:21,21.259,,,2018-07-01,DURATION_AND_TIME_OF_DAY_ONLY,https://api.jolpi.ca/ergast/f1/2018/9/pitstops.json?limit=1000,f3be95f60b3b0736ddfc00c3529c2b64d24850492fc267f3eca518536c59eb36
2018,Austrian Grand Prix,Race,18,vandoorne,VAN,MATCHED_DRIVER_ID,40,2,16:01:56,22.526,,,2018-07-01,DURATION_AND_TIME_OF_DAY_ONLY,https://api.jolpi.ca/ergast/f1/2018/9/pitstops.json?limit=1000,f3be95f60b3b0736ddfc00c3529c2b64d24850492fc267f3eca518536c59eb36
2018,Austrian Grand Prix,Race,19,ericsson,ERI,MATCHED_DRIVER_ID,45,1,16:06:18,21.519,,,2018-07-01,DURATION_AND_TIME_OF_DAY_ONLY,https://api.jolpi.ca/ergast/f1/2018/9/pitstops.json?limit=1000,f3be95f60b3b0736ddfc00c3529c2b64d24850492fc267f3eca518536c59eb36
2018,Austrian Grand Prix,Race,20,hamilton,HAM,MATCHED_DRIVER_ID,52,2,16:13:20,20.98,,,2018-07-01,DURATION_AND_TIME_OF_DAY_ONLY,https://api.jolpi.ca/ergast/f1/2018/9/pitstops.json?limit=1000,f3be95f60b3b0736ddfc00c3529c2b64d24850492fc267f3eca518536c59eb36
2018,Austrian Grand Prix,Race,21,sirotkin,SIR,MATCHED_DRIVER_ID,60,2,16:24:25,24.884,,,2018-07-01,DURATION_AND_TIME_OF_DAY_ONLY,https://api.jolpi.ca/ergast/f1/2018/9/pitstops.json?limit=1000,f3be95f60b3b0736ddfc00c3529c2b64d24850492fc267f3eca518536c59eb36
2018,Austrian Grand Prix,Race,22,stroll,STR,MATCHED_DRIVER_ID,65,2,16:30:07,22.299,,,2018-07-01,DURATION_AND_TIME_OF_DAY_ONLY,https://api.jolpi.ca/ergast/f1/2018/9/pitstops.json?limit=1000,f3be95f60b3b0736ddfc00c3529c2b64d24850492fc267f3eca518536c59eb36
2018,Azerbaijan Grand Prix,Race,0,raikkonen,RAI,MATCHED_DRIVER_ID,1,1,16:16:15,30.012,,,2018-04-29,DURATION_AND_TIME_OF_DAY_ONLY,https://api.jolpi.ca/ergast/f1/2018/4/pitstops.json?limit=1000,4494b677479753c36f23c08c5932d390ae24dae00880c03e778cef8e0c7e36b6
2018,Azerbaijan Grand Prix,Race,1,brendon_hartley,HAR,MATCHED_DRIVER_ID,1,1,16:16:35,21.376,,,2018-04-29,DURATION_AND_TIME_OF_DAY_ONLY,https://api.jolpi.ca/ergast/f1/2018/4/pitstops.json?limit=1000,4494b677479753c36f23c08c5932d390ae24dae00880c03e778cef8e0c7e36b6
2018,Azerbaijan Grand Prix,Race,2,alonso,ALO,MATCHED_DRIVER_ID,1,1,16:16:58,56.71,,,2018-04-29,DURATION_AND_TIME_OF_DAY_ONLY,https://api.jolpi.ca/ergast/f1/2018/4/pitstops.json?limit=1000,4494b677479753c36f23c08c5932d390ae24dae00880c03e778cef8e0c7e36b6
2018,Azerbaijan Grand Prix,Race,3,kevin_magnussen,MAG,MATCHED_DRIVER_ID,1,1,16:17:11,35.608,,,2018-04-29,DURATION_AND_TIME_OF_DAY_ONLY,https://api.jolpi.ca/ergast/f1/2018/4/pitstops.json?limit=1000,4494b677479753c36f23c08c5932d390ae24dae00880c03e778cef8e0c7e36b6
2018,Azerbaijan Grand Prix,Race,4,ericsson,ERI,MATCHED_DRIVER_ID,1,1,16:17:16,44.107,,,2018-04-29,DURATION_AND_TIME_OF_DAY_ONLY,https://api.jolpi.ca/ergast/f1/2018/4/pitstops.json?limit=1000,4494b677479753c36f23c08c5932d390ae24dae00880c03e778cef8e0c7e36b6
2018,Azerbaijan Grand Prix,Race,5,perez,PER,MATCHED_DRIVER_ID,2,1,16:19:26,28.109,,,2018-04-29,DURATION_AND_TIME_OF_DAY_ONLY,https://api.jolpi.ca/ergast/f1/2018/4/pitstops.json?limit=1000,4494b677479753c36f23c08c5932d390ae24dae00880c03e778cef8e0c7e36b6
2018,Azerbaijan Grand Prix,Race,6,grosjean,GRO,MATCHED_DRIVER_ID,2,1,16:19:32,21.725,,,2018-04-29,DURATION_AND_TIME_OF_DAY_ONLY,https://api.jolpi.ca/ergast/f1/2018/4/pitstops.json?limit=1000,4494b677479753c36f23c08c5932d390ae24dae00880c03e778cef8e0c7e36b6
2018,Azerbaijan Grand Prix,Race,7,gasly,GAS,MATCHED_DRIVER_ID,12,1,16:40:48,20.782,,,2018-04-29,DURATION_AND_TIME_OF_DAY_ONLY,https://api.jolpi.ca/ergast/f1/2018/4/pitstops.json?limit=1000,4494b677479753c36f23c08c5932d390ae24dae00880c03e778cef8e0c7e36b6
2018,Azerbaijan Grand Prix,Race,8,sainz,SAI,MATCHED_DRIVER_ID,15,1,16:46:02,21.516,,,2018-04-29,DURATION_AND_TIME_OF_DAY_ONLY,https://api.jolpi.ca/ergast/f1/2018/4/pitstops.json?limit=1000,4494b677479753c36f23c08c5932d390ae24dae00880c03e778cef8e0c7e36b6
2018,Azerbaijan Grand Prix,Race,9,vandoorne,VAN,MATCHED_DRIVER_ID,17,1,16:49:58,21.103,,,2018-04-29,DURATION_AND_TIME_OF_DAY_ONLY,https://api.jolpi.ca/ergast/f1/2018/4/pitstops.json?limit=1000,4494b677479753c36f23c08c5932d390ae24dae00880c03e778cef8e0c7e36b6
2018,Azerbaijan Grand Prix,Race,10,ericsson,ERI,MATCHED_DRIVER_ID,18,2,16:52:18,25.378,,,2018-04-29,DURATION_AND_TIME_OF_DAY_ONLY,https://api.jolpi.ca/ergast/f1/2018/4/pitstops.json?limit=1000,4494b677479753c36f23c08c5932d390ae24dae00880c03e778cef8e0c7e36b6
2018,Azerbaijan Grand Prix,Race,11,hamilton,HAM,MATCHED_DRIVER_ID,22,1,16:58:07,20.377,,,2018-04-29,DURATION_AND_TIME_OF_DAY_ONLY,https://api.jolpi.ca/ergast/f1/2018/4/pitstops.json?limit=1000,4494b677479753c36f23c08c5932d390ae24dae00880c03e778cef8e0c7e36b6
2018,Azerbaijan Grand Prix,Race,12,brendon_hartley,HAR,MATCHED_DRIVER_ID,22,2,16:59:24,20.809,,,2018-04-29,DURATION_AND_TIME_OF_DAY_ONLY,https://api.jolpi.ca/ergast/f1/2018/4/pitstops.json?limit=1000,4494b677479753c36f23c08c5932d390ae24dae00880c03e778cef8e0c7e36b6
2018,Azerbaijan Grand Prix,Race,13,stroll,STR,MATCHED_DRIVER_ID,23,1,17:00:38,19.737,,,2018-04-29,DURATION_AND_TIME_OF_DAY_ONLY,https://api.jolpi.ca/ergast/f1/2018/4/pitstops.json?limit=1000,4494b677479753c36f23c08c5932d390ae24dae00880c03e778cef8e0c7e36b6
2018,Azerbaijan Grand Prix,Race,14,leclerc,LEC,MATCHED_DRIVER_ID,24,1,17:02:20,21.058,,,2018-04-29,DURATION_AND_TIME_OF_DAY_ONLY,https://api.jolpi.ca/ergast/f1/2018/4/pitstops.json?limit=1000,4494b677479753c36f23c08c5932d390ae24dae00880c03e778cef8e0c7e36b6
2018,Azerbaijan Grand Prix,Race,15,vandoorne,VAN,MATCHED_DRIVER_ID,25,2,17:05:01,20.887,,,2018-04-29,DURATION_AND_TIME_OF_DAY_ONLY,https://api.jolpi.ca/ergast/f1/2018/4/pitstops.json?limit=1000,4494b677479753c36f23c08c5932d390ae24dae00880c03e778cef8e0c7e36b6
2018,Azerbaijan Grand Prix,Race,16,vettel,VET,MATCHED_DRIVER_ID,30,1,17:12:13,20.037,,,2018-04-29,DURATION_AND_TIME_OF_DAY_ONLY,https://api.jolpi.ca/ergast/f1/2018/4/pitstops.json?limit=1000,4494b677479753c36f23c08c5932d390ae24dae00880c03e778cef8e0c7e36b6
2018,Azerbaijan Grand Prix,Race,17,ricciardo,RIC,MATCHED_DRIVER_ID,37,1,17:25:09,19.925,,,2018-04-29,DURATION_AND_TIME_OF_DAY_ONLY,https://api.jolpi.ca/ergast/f1/2018/4/pitstops.json?limit=1000,4494b677479753c36f23c08c5932d390ae24dae00880c03e778cef8e0c7e36b6
2018,Azerbaijan Grand Prix,Race,18,ericsson,ERI,MATCHED_DRIVER_ID,36,3,17:25:51,32.629,,,2018-04-29,DURATION_AND_TIME_OF_DAY_ONLY,https://api.jolpi.ca/ergast/f1/2018/4/pitstops.json?limit=1000,4494b677479753c36f23c08c5932d390ae24dae00880c03e778cef8e0c7e36b6
2018,Azerbaijan Grand Prix,Race,19,max_verstappen,VER,MATCHED_DRIVER_ID,38,1,17:26:56,19.765,,,2018-04-29,DURATION_AND_TIME_OF_DAY_ONLY,https://api.jolpi.ca/ergast/f1/2018/4/pitstops.json?limit=1000,4494b677479753c36f23c08c5932d390ae24dae00880c03e778cef8e0c7e36b6
2018,Azerbaijan Grand Prix,Race,20,bottas,BOT,MATCHED_DRIVER_ID,40,1,17:30:08,20.192,,,2018-04-29,DURATION_AND_TIME_OF_DAY_ONLY,https://api.jolpi.ca/ergast/f1/2018/4/pitstops.json?limit=1000,4494b677479753c36f23c08c5932d390ae24dae00880c03e778cef8e0c7e36b6
2018,Azerbaijan Grand Prix,Race,21,vettel,VET,MATCHED_DRIVER_ID,40,2,17:30:26,20.823,,,2018-04-29,DURATION_AND_TIME_OF_DAY_ONLY,https://api.jolpi.ca/ergast/f1/2018/4/pitstops.json?limit=1000,4494b677479753c36f23c08c5932d390ae24dae00880c03e778cef8e0c7e36b6
2018,Azerbaijan Grand Prix,Race,22,kevin_magnussen,MAG,MATCHED_DRIVER_ID,39,2,17:30:36,21.778,,,2018-04-29,DURATION_AND_TIME_OF_DAY_ONLY,https://api.jolpi.ca/ergast/f1/2018/4/pitstops.json?limit=1000,4494b677479753c36f23c08c5932d390ae24dae00880c03e778cef8e0c7e36b6
2018,Azerbaijan Grand Prix,Race,23,hamilton,HAM,MATCHED_DRIVER_ID,40,2,17:30:37,21.329,,,2018-04-29,DURATION_AND_TIME_OF_DAY_ONLY,https://api.jolpi.ca/ergast/f1/2018/4/pitstops.json?limit=1000,4494b677479753c36f23c08c5932d390ae24dae00880c03e778cef8e0c7e36b6
2018,Azerbaijan Grand Prix,Race,24,gasly,GAS,MATCHED_DRIVER_ID,39,2,17:30:54,21.287,,,2018-04-29,DURATION_AND_TIME_OF_DAY_ONLY,https://api.jolpi.ca/ergast/f1/2018/4/pitstops.json?limit=1000,4494b677479753c36f23c08c5932d390ae24dae00880c03e778cef8e0c7e36b6
2018,Azerbaijan Grand Prix,Race,25,brendon_hartley,HAR,MATCHED_DRIVER_ID,39,3,17:31:04,21.072,,,2018-04-29,DURATION_AND_TIME_OF_DAY_ONLY,https://api.jolpi.ca/ergast/f1/2018/4/pitstops.json?limit=1000,4494b677479753c36f23c08c5932d390ae24dae00880c03e778cef8e0c7e36b6
2018,Azerbaijan Grand Prix,Race,26,raikkonen,RAI,MATCHED_DRIVER_ID,40,2,17:31:21,21.149,,,2018-04-29,DURATION_AND_TIME_OF_DAY_ONLY,https://api.jolpi.ca/ergast/f1/2018/4/pitstops.json?limit=1000,4494b677479753c36f23c08c5932d390ae24dae00880c03e778cef8e0c7e36b6
2018,Azerbaijan Grand Prix,Race,27,vandoorne,VAN,MATCHED_DRIVER_ID,39,3,17:31:27,20.76,,,2018-04-29,DURATION_AND_TIME_OF_DAY_ONLY,https://api.jolpi.ca/ergast/f1/2018/4/pitstops.json?limit=1000,4494b677479753c36f23c08c5932d390ae24dae00880c03e778cef8e0c7e36b6
2018,Azerbaijan Grand Prix,Race,28,perez,PER,MATCHED_DRIVER_ID,40,2,17:31:34,26.174,,,2018-04-29,DURATION_AND_TIME_OF_DAY_ONLY,https://api.jolpi.ca/ergast/f1/2018/4/pitstops.json?limit=1000,4494b677479753c36f23c08c5932d390ae24dae00880c03e778cef8e0c7e36b6
2018,Azerbaijan Grand Prix,Race,29,grosjean,GRO,MATCHED_DRIVER_ID,40,2,17:31:39,22.757,,,2018-04-29,DURATION_AND_TIME_OF_DAY_ONLY,https://api.jolpi.ca/ergast/f1/2018/4/pitstops.json?limit=1000,4494b677479753c36f23c08c5932d390ae24dae00880c03e778cef8e0c7e36b6
2018,Azerbaijan Grand Prix,Race,30,sainz,SAI,MATCHED_DRIVER_ID,40,2,17:31:48,20.967,,,2018-04-29,DURATION_AND_TIME_OF_DAY_ONLY,https://api.jolpi.ca/ergast/f1/2018/4/pitstops.json?limit=1000,4494b677479753c36f23c08c5932d390ae24dae00880c03e778cef8e0c7e36b6
2018,Azerbaijan Grand Prix,Race,31,leclerc,LEC,MATCHED_DRIVER_ID,40,2,17:32:00,22.03,,,2018-04-29,DURATION_AND_TIME_OF_DAY_ONLY,https://api.jolpi.ca/ergast/f1/2018/4/pitstops.json?limit=1000,4494b677479753c36f23c08c5932d390ae24dae00880c03e778cef8e0c7e36b6
2018,Azerbaijan Grand Prix,Race,32,stroll,STR,MATCHED_DRIVER_ID,40,2,17:32:03,21.236,,,2018-04-29,DURATION_AND_TIME_OF_DAY_ONLY,https://api.jolpi.ca/ergast/f1/2018/4/pitstops.json?limit=1000,4494b677479753c36f23c08c5932d390ae24dae00880c03e778cef8e0c7e36b6
2018,Azerbaijan Grand Prix,Race,33,alonso,ALO,MATCHED_DRIVER_ID,40,2,17:32:15,21.371,,,2018-04-29,DURATION_AND_TIME_OF_DAY_ONLY,https://api.jolpi.ca/ergast/f1/2018/4/pitstops.json?limit=1000,4494b677479753c36f23c08c5932d390ae24dae00880c03e778cef8e0c7e36b6
2018,Azerbaijan Grand Prix,Race,34,ericsson,ERI,MATCHED_DRIVER_ID,39,4,17:32:40,14.998,,,2018-04-29,DURATION_AND_TIME_OF_DAY_ONLY,https://api.jolpi.ca/ergast/f1/2018/4/pitstops.json?limit=1000,4494b677479753c36f23c08c5932d390ae24dae00880c03e778cef8e0c7e36b6
2018,Azerbaijan Grand Prix,Race,35,vandoorne,VAN,MATCHED_DRIVER_ID,46,4,17:47:50,20.978,,,2018-04-29,DURATION_AND_TIME_OF_DAY_ONLY,https://api.jolpi.ca/ergast/f1/2018/4/pitstops.json?limit=1000,4494b677479753c36f23c08c5932d390ae24dae00880c03e778cef8e0c7e36b6
2018,Belgian Grand Prix,Race,0,vettel,VET,MATCHED_DRIVER_ID,1,1,15:15:59,19.582,,,2018-08-26,DURATION_AND_TIME_OF_DAY_ONLY,https://api.jolpi.ca/ergast/f1/2018/13/pitstops.json?limit=1000,fb436aafc5eb6e644484b662607d93ba79da639f75c86cc144562041cca27bb6
2018,Belgian Grand Prix,Race,1,hamilton,HAM,MATCHED_DRIVER_ID,1,1,15:16:01,19.372,,,2018-08-26,DURATION_AND_TIME_OF_DAY_ONLY,https://api.jolpi.ca/ergast/f1/2018/13/pitstops.json?limit=1000,fb436aafc5eb6e644484b662607d93ba79da639f75c86cc144562041cca27bb6
2018,Belgian Grand Prix,Race,2,perez,PER,MATCHED_DRIVER_ID,1,1,15:16:02,19.667,,,2018-08-26,DURATION_AND_TIME_OF_DAY_ONLY,https://api.jolpi.ca/ergast/f1/2018/13/pitstops.json?limit=1000,fb436aafc5eb6e644484b662607d93ba79da639f75c86cc144562041cca27bb6
2018,Belgian Grand Prix,Race,3,ocon,OCO,MATCHED_DRIVER_ID,1,1,15:16:03,19.582,,,2018-08-26,DURATION_AND_TIME_OF_DAY_ONLY,https://api.jolpi.ca/ergast/f1/2018/13/pitstops.json?limit=1000,fb436aafc5eb6e644484b662607d93ba79da639f75c86cc144562041cca27bb6
2018,Belgian Grand Prix,Race,4,max_verstappen,VER,MATCHED_DRIVER_ID,1,1,15:16:04,19.942,,,2018-08-26,DURATION_AND_TIME_OF_DAY_ONLY,https://api.jolpi.ca/ergast/f1/2018/13/pitstops.json?limit=1000,fb436aafc5eb6e644484b662607d93ba79da639f75c86cc144562041cca27bb6
2018,Belgian Grand Prix,Race,5,grosjean,GRO,MATCHED_DRIVER_ID,1,1,15:16:05,20.28,,,2018-08-26,DURATION_AND_TIME_OF_DAY_ONLY,https://api.jolpi.ca/ergast/f1/2018/13/pitstops.json?limit=1000,fb436aafc5eb6e644484b662607d93ba79da639f75c86cc144562041cca27bb6
2018,Belgian Grand Prix,Race,6,kevin_magnussen,MAG,MATCHED_DRIVER_ID,1,1,15:16:07,20.021,,,2018-08-26,DURATION_AND_TIME_OF_DAY_ONLY,https://api.jolpi.ca/ergast/f1/2018/13/pitstops.json?limit=1000,fb436aafc5eb6e644484b662607d93ba79da639f75c86cc144562041cca27bb6
2018,Belgian Grand Prix,Race,7,gasly,GAS,MATCHED_DRIVER_ID,1,1,15:16:09,20.136,,,2018-08-26,DURATION_AND_TIME_OF_DAY_ONLY,https://api.jolpi.ca/ergast/f1/2018/13/pitstops.json?limit=1000,fb436aafc5eb6e644484b662607d93ba79da639f75c86cc144562041cca27bb6
2018,Belgian Grand Prix,Race,8,ericsson,ERI,MATCHED_DRIVER_ID,1,1,15:16:11,19.711,,,2018-08-26,DURATION_AND_TIME_OF_DAY_ONLY,https://api.jolpi.ca/ergast/f1/2018/13/pitstops.json?limit=1000,fb436aafc5eb6e644484b662607d93ba79da639f75c86cc144562041cca27bb6
2018,Belgian Grand Prix,Race,9,sirotkin,SIR,MATCHED_DRIVER_ID,1,1,15:16:12,19.791,,,2018-08-26,DURATION_AND_TIME_OF_DAY_ONLY,https://api.jolpi.ca/ergast/f1/2018/13/pitstops.json?limit=1000,fb436aafc5eb6e644484b662607d93ba79da639f75c86cc144562041cca27bb6
2018,Belgian Grand Prix,Race,10,stroll,STR,MATCHED_DRIVER_ID,1,1,15:16:13,19.732,,,2018-08-26,DURATION_AND_TIME_OF_DAY_ONLY,https://api.jolpi.ca/ergast/f1/2018/13/pitstops.json?limit=1000,fb436aafc5eb6e644484b662607d93ba79da639f75c86cc144562041cca27bb6
2018,Belgian Grand Prix,Race,11,brendon_hartley,HAR,MATCHED_DRIVER_ID,1,1,15:16:16,18.084,,,2018-08-26,DURATION_AND_TIME_OF_DAY_ONLY,https://api.jolpi.ca/ergast/f1/2018/13/pitstops.json?limit=1000,fb436aafc5eb6e644484b662607d93ba79da639f75c86cc144562041cca27bb6
2018,Belgian Grand Prix,Race,12,sainz,SAI,MATCHED_DRIVER_ID,1,1,15:16:18,18.509,,,2018-08-26,DURATION_AND_TIME_OF_DAY_ONLY,https://api.jolpi.ca/ergast/f1/2018/13/pitstops.json?limit=1000,fb436aafc5eb6e644484b662607d93ba79da639f75c86cc144562041cca27bb6
2018,Belgian Grand Prix,Race,13,bottas,BOT,MATCHED_DRIVER_ID,1,1,15:16:19,20.349,,,2018-08-26,DURATION_AND_TIME_OF_DAY_ONLY,https://api.jolpi.ca/ergast/f1/2018/13/pitstops.json?limit=1000,fb436aafc5eb6e644484b662607d93ba79da639f75c86cc144562041cca27bb6
2018,Belgian Grand Prix,Race,14,vandoorne,VAN,MATCHED_DRIVER_ID,1,1,15:16:21,19.847,,,2018-08-26,DURATION_AND_TIME_OF_DAY_ONLY,https://api.jolpi.ca/ergast/f1/2018/13/pitstops.json?limit=1000,fb436aafc5eb6e644484b662607d93ba79da639f75c86cc144562041cca27bb6
2018,Belgian Grand Prix,Race,15,raikkonen,RAI,MATCHED_DRIVER_ID,1,1,15:16:57,26.367,,,2018-08-26,DURATION_AND_TIME_OF_DAY_ONLY,https://api.jolpi.ca/ergast/f1/2018/13/pitstops.json?limit=1000,fb436aafc5eb6e644484b662607d93ba79da639f75c86cc144562041cca27bb6
2018,Belgian Grand Prix,Race,16,bottas,BOT,MATCHED_DRIVER_ID,2,2,15:19:21,30.519,,,2018-08-26,DURATION_AND_TIME_OF_DAY_ONLY,https://api.jolpi.ca/ergast/f1/2018/13/pitstops.json?limit=1000,fb436aafc5eb6e644484b662607d93ba79da639f75c86cc144562041cca27bb6
2018,Belgian Grand Prix,Race,17,vandoorne,VAN,MATCHED_DRIVER_ID,2,2,15:19:22,22.706,,,2018-08-26,DURATION_AND_TIME_OF_DAY_ONLY,https://api.jolpi.ca/ergast/f1/2018/13/pitstops.json?limit=1000,fb436aafc5eb6e644484b662607d93ba79da639f75c86cc144562041cca27bb6
2018,Belgian Grand Prix,Race,18,raikkonen,RAI,MATCHED_DRIVER_ID,7,2,15:30:50,35.451,,,2018-08-26,DURATION_AND_TIME_OF_DAY_ONLY,https://api.jolpi.ca/ergast/f1/2018/13/pitstops.json?limit=1000,fb436aafc5eb6e644484b662607d93ba79da639f75c86cc144562041cca27bb6
2018,Belgian Grand Prix,Race,19,hamilton,HAM,MATCHED_DRIVER_ID,21,2,15:55:48,22.375,,,2018-08-26,DURATION_AND_TIME_OF_DAY_ONLY,https://api.jolpi.ca/ergast/f1/2018/13/pitstops.json?limit=1000,fb436aafc5eb6e644484b662607d93ba79da639f75c86cc144562041cca27bb6
2018,Belgian Grand Prix,Race,20,vettel,VET,MATCHED_DRIVER_ID,22,2,15:57:33,22.253,,,2018-08-26,DURATION_AND_TIME_OF_DAY_ONLY,https://api.jolpi.ca/ergast/f1/2018/13/pitstops.json?limit=1000,fb436aafc5eb6e644484b662607d93ba79da639f75c86cc144562041cca27bb6
2018,Belgian Grand Prix,Race,21,sainz,SAI,MATCHED_DRIVER_ID,22,2,15:58:45,23.857,,,2018-08-26,DURATION_AND_TIME_OF_DAY_ONLY,https://api.jolpi.ca/ergast/f1/2018/13/pitstops.json?limit=1000,fb436aafc5eb6e644484b662607d93ba79da639f75c86cc144562041cca27bb6
2018,Belgian Grand Prix,Race,22,grosjean,GRO,MATCHED_DRIVER_ID,23,2,16:00:10,23.248,,,2018-08-26,DURATION_AND_TIME_OF_DAY_ONLY,https://api.jolpi.ca/ergast/f1/2018/13/pitstops.json?limit=1000,fb436aafc5eb6e644484b662607d93ba79da639f75c86cc144562041cca27bb6
2018,Belgian Grand Prix,Race,23,stroll,STR,MATCHED_DRIVER_ID,23,2,16:00:34,22.901,,,2018-08-26,DURATION_AND_TIME_OF_DAY_ONLY,https://api.jolpi.ca/ergast/f1/2018/13/pitstops.json?limit=1000,fb436aafc5eb6e644484b662607d93ba79da639f75c86cc144562041cca27bb6
2018,Belgian Grand Prix,Race,24,ocon,OCO,MATCHED_DRIVER_ID,24,2,16:01:54,23.225,,,2018-08-26,DURATION_AND_TIME_OF_DAY_ONLY,https://api.jolpi.ca/ergast/f1/2018/13/pitstops.json?limit=1000,fb436aafc5eb6e644484b662607d93ba79da639f75c86cc144562041cca27bb6
2018,Belgian Grand Prix,Race,25,sirotkin,SIR,MATCHED_DRIVER_ID,24,2,16:02:22,22.339,,,2018-08-26,DURATION_AND_TIME_OF_DAY_ONLY,https://api.jolpi.ca/ergast/f1/2018/13/pitstops.json?limit=1000,fb436aafc5eb6e644484b662607d93ba79da639f75c86cc144562041cca27bb6
2018,Belgian Grand Prix,Race,26,perez,PER,MATCHED_DRIVER_ID,25,2,16:03:39,23.157,,,2018-08-26,DURATION_AND_TIME_OF_DAY_ONLY,https://api.jolpi.ca/ergast/f1/2018/13/pitstops.json?limit=1000,fb436aafc5eb6e644484b662607d93ba79da639f75c86cc144562041cca27bb6
2018,Belgian Grand Prix,Race,27,gasly,GAS,MATCHED_DRIVER_ID,25,2,16:04:03,22.953,,,2018-08-26,DURATION_AND_TIME_OF_DAY_ONLY,https://api.jolpi.ca/ergast/f1/2018/13/pitstops.json?limit=1000,fb436aafc5eb6e644484b662607d93ba79da639f75c86cc144562041cca27bb6
2018,Belgian Grand Prix,Race,28,max_verstappen,VER,MATCHED_DRIVER_ID,26,2,16:05:08,22.341,,,2018-08-26,DURATION_AND_TIME_OF_DAY_ONLY,https://api.jolpi.ca/ergast/f1/2018/13/pitstops.json?limit=1000,fb436aafc5eb6e644484b662607d93ba79da639f75c86cc144562041cca27bb6
2018,Belgian Grand Prix,Race,29,kevin_magnussen,MAG,MATCHED_DRIVER_ID,26,2,16:05:49,24.304,,,2018-08-26,DURATION_AND_TIME_OF_DAY_ONLY,https://api.jolpi.ca/ergast/f1/2018/13/pitstops.json?limit=1000,fb436aafc5eb6e644484b662607d93ba79da639f75c86cc144562041cca27bb6
2018,Belgian Grand Prix,Race,30,ericsson,ERI,MATCHED_DRIVER_ID,26,2,16:05:55,22.558,,,2018-08-26,DURATION_AND_TIME_OF_DAY_ONLY,https://api.jolpi.ca/ergast/f1/2018/13/pitstops.json?limit=1000,fb436aafc5eb6e644484b662607d93ba79da639f75c86cc144562041cca27bb6
2018,Belgian Grand Prix,Race,31,vandoorne,VAN,MATCHED_DRIVER_ID,28,3,16:10:09,23.389,,,2018-08-26,DURATION_AND_TIME_OF_DAY_ONLY,https://api.jolpi.ca/ergast/f1/2018/13/pitstops.json?limit=1000,fb436aafc5eb6e644484b662607d93ba79da639f75c86cc144562041cca27bb6
2018,Belgian Grand Prix,Race,32,bottas,BOT,MATCHED_DRIVER_ID,29,3,16:11:03,22.399,,,2018-08-26,DURATION_AND_TIME_OF_DAY_ONLY,https://api.jolpi.ca/ergast/f1/2018/13/pitstops.json?limit=1000,fb436aafc5eb6e644484b662607d93ba79da639f75c86cc144562041cca27bb6
2018,Belgian Grand Prix,Race,33,brendon_hartley,HAR,MATCHED_DRIVER_ID,31,2,16:15:29,29.316,,,2018-08-26,DURATION_AND_TIME_OF_DAY_ONLY,https://api.jolpi.ca/ergast/f1/2018/13/pitstops.json?limit=1000,fb436aafc5eb6e644484b662607d93ba79da639f75c86cc144562041cca27bb6
2018,Brazilian Grand Prix,Race,0,alonso,ALO,MATCHED_DRIVER_ID,15,1,15:32:38,33.753,,,2018-11-11,DURATION_AND_TIME_OF_DAY_ONLY,https://api.jolpi.ca/ergast/f1/2018/20/pitstops.json?limit=1000,abe997e7cf821c0a40438d389290f40a8f2a70bd6b85ce92d1615d426a50c137
2018,Brazilian Grand Prix,Race,1,sirotkin,SIR,MATCHED_DRIVER_ID,16,1,15:33:56,23.273,,,2018-11-11,DURATION_AND_TIME_OF_DAY_ONLY,https://api.jolpi.ca/ergast/f1/2018/20/pitstops.json?limit=1000,abe997e7cf821c0a40438d389290f40a8f2a70bd6b85ce92d1615d426a50c137
2018,Brazilian Grand Prix,Race,2,stroll,STR,MATCHED_DRIVER_ID,17,1,15:35:13,24.608,,,2018-11-11,DURATION_AND_TIME_OF_DAY_ONLY,https://api.jolpi.ca/ergast/f1/2018/20/pitstops.json?limit=1000,abe997e7cf821c0a40438d389290f40a8f2a70bd6b85ce92d1615d426a50c137
2018,Brazilian Grand Prix,Race,3,bottas,BOT,MATCHED_DRIVER_ID,18,1,15:35:50,22.955,,,2018-11-11,DURATION_AND_TIME_OF_DAY_ONLY,https://api.jolpi.ca/ergast/f1/2018/20/pitstops.json?limit=1000,abe997e7cf821c0a40438d389290f40a8f2a70bd6b85ce92d1615d426a50c137
2018,Brazilian Grand Prix,Race,4,ericsson,ERI,MATCHED_DRIVER_ID,18,1,15:36:28,23.377,,,2018-11-11,DURATION_AND_TIME_OF_DAY_ONLY,https://api.jolpi.ca/ergast/f1/2018/20/pitstops.json?limit=1000,abe997e7cf821c0a40438d389290f40a8f2a70bd6b85ce92d1615d426a50c137
2018,Brazilian Grand Prix,Race,5,hamilton,HAM,MATCHED_DRIVER_ID,19,1,15:36:57,22.641,,,2018-11-11,DURATION_AND_TIME_OF_DAY_ONLY,https://api.jolpi.ca/ergast/f1/2018/20/pitstops.json?limit=1000,abe997e7cf821c0a40438d389290f40a8f2a70bd6b85ce92d1615d426a50c137
2018,Brazilian Grand Prix,Race,6,gasly,GAS,MATCHED_DRIVER_ID,22,1,15:41:18,23.757,,,2018-11-11,DURATION_AND_TIME_OF_DAY_ONLY,https://api.jolpi.ca/ergast/f1/2018/20/pitstops.json?limit=1000,abe997e7cf821c0a40438d389290f40a8f2a70bd6b85ce92d1615d426a50c137
2018,Brazilian Grand Prix,Race,7,sainz,SAI,MATCHED_DRIVER_ID,25,1,15:45:06,23.939,,,2018-11-11,DURATION_AND_TIME_OF_DAY_ONLY,https://api.jolpi.ca/ergast/f1/2018/20/pitstops.json?limit=1000,abe997e7cf821c0a40438d389290f40a8f2a70bd6b85ce92d1615d426a50c137
2018,Brazilian Grand Prix,Race,8,vettel,VET,MATCHED_DRIVER_ID,27,1,15:47:00,22.551,,,2018-11-11,DURATION_AND_TIME_OF_DAY_ONLY,https://api.jolpi.ca/ergast/f1/2018/20/pitstops.json?limit=1000,abe997e7cf821c0a40438d389290f40a8f2a70bd6b85ce92d1615d426a50c137
2018,Brazilian Grand Prix,Race,9,vandoorne,VAN,MATCHED_DRIVER_ID,28,1,15:49:08,22.618,,,2018-11-11,DURATION_AND_TIME_OF_DAY_ONLY,https://api.jolpi.ca/ergast/f1/2018/20/pitstops.json?limit=1000,abe997e7cf821c0a40438d389290f40a8f2a70bd6b85ce92d1615d426a50c137
2018,Brazilian Grand Prix,Race,10,raikkonen,RAI,MATCHED_DRIVER_ID,31,1,15:51:53,22.766,,,2018-11-11,DURATION_AND_TIME_OF_DAY_ONLY,https://api.jolpi.ca/ergast/f1/2018/20/pitstops.json?limit=1000,abe997e7cf821c0a40438d389290f40a8f2a70bd6b85ce92d1615d426a50c137
2018,Brazilian Grand Prix,Race,11,grosjean,GRO,MATCHED_DRIVER_ID,32,1,15:53:30,23.403,,,2018-11-11,DURATION_AND_TIME_OF_DAY_ONLY,https://api.jolpi.ca/ergast/f1/2018/20/pitstops.json?limit=1000,abe997e7cf821c0a40438d389290f40a8f2a70bd6b85ce92d1615d426a50c137
2018,Brazilian Grand Prix,Race,12,max_verstappen,VER,MATCHED_DRIVER_ID,35,1,15:56:38,23.432,,,2018-11-11,DURATION_AND_TIME_OF_DAY_ONLY,https://api.jolpi.ca/ergast/f1/2018/20/pitstops.json?limit=1000,abe997e7cf821c0a40438d389290f40a8f2a70bd6b85ce92d1615d426a50c137
2018,Brazilian Grand Prix,Race,13,leclerc,LEC,MATCHED_DRIVER_ID,35,1,15:57:04,23.593,,,2018-11-11,DURATION_AND_TIME_OF_DAY_ONLY,https://api.jolpi.ca/ergast/f1/2018/20/pitstops.json?limit=1000,abe997e7cf821c0a40438d389290f40a8f2a70bd6b85ce92d1615d426a50c137
2018,Brazilian Grand Prix,Race,14,ricciardo,RIC,MATCHED_DRIVER_ID,39,1,16:01:41,23.3,,,2018-11-11,DURATION_AND_TIME_OF_DAY_ONLY,https://api.jolpi.ca/ergast/f1/2018/20/pitstops.json?limit=1000,abe997e7cf821c0a40438d389290f40a8f2a70bd6b85ce92d1615d426a50c137
2018,Brazilian Grand Prix,Race,15,perez,PER,MATCHED_DRIVER_ID,39,1,16:02:25,23.505,,,2018-11-11,DURATION_AND_TIME_OF_DAY_ONLY,https://api.jolpi.ca/ergast/f1/2018/20/pitstops.json?limit=1000,abe997e7cf821c0a40438d389290f40a8f2a70bd6b85ce92d1615d426a50c137
2018,Brazilian Grand Prix,Race,16,ocon,OCO,MATCHED_DRIVER_ID,40,1,16:03:50,27.226,,,2018-11-11,DURATION_AND_TIME_OF_DAY_ONLY,https://api.jolpi.ca/ergast/f1/2018/20/pitstops.json?limit=1000,abe997e7cf821c0a40438d389290f40a8f2a70bd6b85ce92d1615d426a50c137
2018,Brazilian Grand Prix,Race,17,kevin_magnussen,MAG,MATCHED_DRIVER_ID,41,1,16:04:39,23.115,,,2018-11-11,DURATION_AND_TIME_OF_DAY_ONLY,https://api.jolpi.ca/ergast/f1/2018/20/pitstops.json?limit=1000,abe997e7cf821c0a40438d389290f40a8f2a70bd6b85ce92d1615d426a50c137
2018,Brazilian Grand Prix,Race,18,sainz,SAI,MATCHED_DRIVER_ID,48,2,16:14:02,23.77,,,2018-11-11,DURATION_AND_TIME_OF_DAY_ONLY,https://api.jolpi.ca/ergast/f1/2018/20/pitstops.json?limit=1000,abe997e7cf821c0a40438d389290f40a8f2a70bd6b85ce92d1615d426a50c137
2018,Brazilian Grand Prix,Race,19,brendon_hartley,HAR,MATCHED_DRIVER_ID,49,1,16:15:11,23.422,,,2018-11-11,DURATION_AND_TIME_OF_DAY_ONLY,https://api.jolpi.ca/ergast/f1/2018/20/pitstops.json?limit=1000,abe997e7cf821c0a40438d389290f40a8f2a70bd6b85ce92d1615d426a50c137
2018,Brazilian Grand Prix,Race,20,vettel,VET,MATCHED_DRIVER_ID,53,2,16:19:07,22.683,,,2018-11-11,DURATION_AND_TIME_OF_DAY_ONLY,https://api.jolpi.ca/ergast/f1/2018/20/pitstops.json?limit=1000,abe997e7cf821c0a40438d389290f40a8f2a70bd6b85ce92d1615d426a50c137
2018,Brazilian Grand Prix,Race,21,alonso,ALO,MATCHED_DRIVER_ID,54,2,16:22:00,23.046,,,2018-11-11,DURATION_AND_TIME_OF_DAY_ONLY,https://api.jolpi.ca/ergast/f1/2018/20/pitstops.json?limit=1000,abe997e7cf821c0a40438d389290f40a8f2a70bd6b85ce92d1615d426a50c137
2018,Brazilian Grand Prix,Race,22,ocon,OCO,MATCHED_DRIVER_ID,57,2,16:25:23,31.198,,,2018-11-11,DURATION_AND_TIME_OF_DAY_ONLY,https://api.jolpi.ca/ergast/f1/2018/20/pitstops.json?limit=1000,abe997e7cf821c0a40438d389290f40a8f2a70bd6b85ce92d1615d426a50c137
2018,Brazilian Grand Prix,Race,23,bottas,BOT,MATCHED_DRIVER_ID,59,2,16:26:17,22.727,,,2018-11-11,DURATION_AND_TIME_OF_DAY_ONLY,https://api.jolpi.ca/ergast/f1/2018/20/pitstops.json?limit=1000,abe997e7cf821c0a40438d389290f40a8f2a70bd6b85ce92d1615d426a50c137
2018,Brazilian Grand Prix,Race,24,stroll,STR,MATCHED_DRIVER_ID,65,2,16:35:55,24.283,,,2018-11-11,DURATION_AND_TIME_OF_DAY_ONLY,https://api.jolpi.ca/ergast/f1/2018/20/pitstops.json?limit=1000,abe997e7cf821c0a40438d389290f40a8f2a70bd6b85ce92d1615d426a50c137
2018,British Grand Prix,Race,0,raikkonen,RAI,MATCHED_DRIVER_ID,13,1,14:33:39,38.573,,,2018-07-08,DURATION_AND_TIME_OF_DAY_ONLY,https://api.jolpi.ca/ergast/f1/2018/10/pitstops.json?limit=1000,f2e7df21ef494de817de5a66ca2d20c47427e709f7230cbc120d708e6629e562
2018,British Grand Prix,Race,1,alonso,ALO,MATCHED_DRIVER_ID,13,1,14:34:09,28.669,,,2018-07-08,DURATION_AND_TIME_OF_DAY_ONLY,https://api.jolpi.ca/ergast/f1/2018/10/pitstops.json?limit=1000,f2e7df21ef494de817de5a66ca2d20c47427e709f7230cbc120d708e6629e562
2018,British Grand Prix,Race,2,perez,PER,MATCHED_DRIVER_ID,13,1,14:34:17,28.651,,,2018-07-08,DURATION_AND_TIME_OF_DAY_ONLY,https://api.jolpi.ca/ergast/f1/2018/10/pitstops.json?limit=1000,f2e7df21ef494de817de5a66ca2d20c47427e709f7230cbc120d708e6629e562
2018,British Grand Prix,Race,3,max_verstappen,VER,MATCHED_DRIVER_ID,17,1,14:39:53,28.458,,,2018-07-08,DURATION_AND_TIME_OF_DAY_ONLY,https://api.jolpi.ca/ergast/f1/2018/10/pitstops.json?limit=1000,f2e7df21ef494de817de5a66ca2d20c47427e709f7230cbc120d708e6629e562
2018,British Grand Prix,Race,4,sainz,SAI,MATCHED_DRIVER_ID,17,1,14:40:28,29.074,,,2018-07-08,DURATION_AND_TIME_OF_DAY_ONLY,https://api.jolpi.ca/ergast/f1/2018/10/pitstops.json?limit=1000,f2e7df21ef494de817de5a66ca2d20c47427e709f7230cbc120d708e6629e562
2018,British Grand Prix,Race,5,ricciardo,RIC,MATCHED_DRIVER_ID,18,1,14:41:31,28.194,,,2018-07-08,DURATION_AND_TIME_OF_DAY_ONLY,https://api.jolpi.ca/ergast/f1/2018/10/pitstops.json?limit=1000,f2e7df21ef494de817de5a66ca2d20c47427e709f7230cbc120d708e6629e562
2018,British Grand Prix,Race,6,leclerc,LEC,MATCHED_DRIVER_ID,18,1,14:41:58,27.865,,,2018-07-08,DURATION_AND_TIME_OF_DAY_ONLY,https://api.jolpi.ca/ergast/f1/2018/10/pitstops.json?limit=1000,f2e7df21ef494de817de5a66ca2d20c47427e709f7230cbc120d708e6629e562
2018,British Grand Prix,Race,7,ocon,OCO,MATCHED_DRIVER_ID,19,1,14:43:35,29.41,,,2018-07-08,DURATION_AND_TIME_OF_DAY_ONLY,https://api.jolpi.ca/ergast/f1/2018/10/pitstops.json?limit=1000,f2e7df21ef494de817de5a66ca2d20c47427e709f7230cbc120d708e6629e562
2018,British Grand Prix,Race,8,vettel,VET,MATCHED_DRIVER_ID,20,1,14:44:24,28.677,,,2018-07-08,DURATION_AND_TIME_OF_DAY_ONLY,https://api.jolpi.ca/ergast/f1/2018/10/pitstops.json?limit=1000,f2e7df21ef494de817de5a66ca2d20c47427e709f7230cbc120d708e6629e562
2018,British Grand Prix,Race,9,hulkenberg,HUL,MATCHED_DRIVER_ID,20,1,14:45:06,28.719,,,2018-07-08,DURATION_AND_TIME_OF_DAY_ONLY,https://api.jolpi.ca/ergast/f1/2018/10/pitstops.json?limit=1000,f2e7df21ef494de817de5a66ca2d20c47427e709f7230cbc120d708e6629e562
2018,British Grand Prix,Race,10,gasly,GAS,MATCHED_DRIVER_ID,20,1,14:45:19,28.676,,,2018-07-08,DURATION_AND_TIME_OF_DAY_ONLY,https://api.jolpi.ca/ergast/f1/2018/10/pitstops.json?limit=1000,f2e7df21ef494de817de5a66ca2d20c47427e709f7230cbc120d708e6629e562
2018,British Grand Prix,Race,11,bottas,BOT,MATCHED_DRIVER_ID,21,1,14:46:03,27.894,,,2018-07-08,DURATION_AND_TIME_OF_DAY_ONLY,https://api.jolpi.ca/ergast/f1/2018/10/pitstops.json?limit=1000,f2e7df21ef494de817de5a66ca2d20c47427e709f7230cbc120d708e6629e562
2018,British Grand Prix,Race,12,vandoorne,VAN,MATCHED_DRIVER_ID,21,1,14:47:02,28.284,,,2018-07-08,DURATION_AND_TIME_OF_DAY_ONLY,https://api.jolpi.ca/ergast/f1/2018/10/pitstops.json?limit=1000,f2e7df21ef494de817de5a66ca2d20c47427e709f7230cbc120d708e6629e562
2018,British Grand Prix,Race,13,sirotkin,SIR,MATCHED_DRIVER_ID,21,1,14:47:19,28.224,,,2018-07-08,DURATION_AND_TIME_OF_DAY_ONLY,https://api.jolpi.ca/ergast/f1/2018/10/pitstops.json?limit=1000,f2e7df21ef494de817de5a66ca2d20c47427e709f7230cbc120d708e6629e562
2018,British Grand Prix,Race,14,ericsson,ERI,MATCHED_DRIVER_ID,24,1,14:51:45,28.207,,,2018-07-08,DURATION_AND_TIME_OF_DAY_ONLY,https://api.jolpi.ca/ergast/f1/2018/10/pitstops.json?limit=1000,f2e7df21ef494de817de5a66ca2d20c47427e709f7230cbc120d708e6629e562
2018,British Grand Prix,Race,15,hamilton,HAM,MATCHED_DRIVER_ID,25,1,14:52:37,28.982,,,2018-07-08,DURATION_AND_TIME_OF_DAY_ONLY,https://api.jolpi.ca/ergast/f1/2018/10/pitstops.json?limit=1000,f2e7df21ef494de817de5a66ca2d20c47427e709f7230cbc120d708e6629e562
2018,British Grand Prix,Race,16,kevin_magnussen,MAG,MATCHED_DRIVER_ID,25,1,14:53:08,28.45,,,2018-07-08,DURATION_AND_TIME_OF_DAY_ONLY,https://api.jolpi.ca/ergast/f1/2018/10/pitstops.json?limit=1000,f2e7df21ef494de817de5a66ca2d20c47427e709f7230cbc120d708e6629e562
2018,British Grand Prix,Race,17,grosjean,GRO,MATCHED_DRIVER_ID,26,1,14:54:52,29.254,,,2018-07-08,DURATION_AND_TIME_OF_DAY_ONLY,https://api.jolpi.ca/ergast/f1/2018/10/pitstops.json?limit=1000,f2e7df21ef494de817de5a66ca2d20c47427e709f7230cbc120d708e6629e562
2018,British Grand Prix,Race,18,ricciardo,RIC,MATCHED_DRIVER_ID,30,2,15:00:29,28.001,,,2018-07-08,DURATION_AND_TIME_OF_DAY_ONLY,https://api.jolpi.ca/ergast/f1/2018/10/pitstops.json?limit=1000,f2e7df21ef494de817de5a66ca2d20c47427e709f7230cbc120d708e6629e562
2018,British Grand Prix,Race,19,stroll,STR,MATCHED_DRIVER_ID,30,1,15:01:51,27.774,,,2018-07-08,DURATION_AND_TIME_OF_DAY_ONLY,https://api.jolpi.ca/ergast/f1/2018/10/pitstops.json?limit=1000,f2e7df21ef494de817de5a66ca2d20c47427e709f7230cbc120d708e6629e562
2018,British Grand Prix,Race,20,alonso,ALO,MATCHED_DRIVER_ID,32,2,15:04:42,28.085,,,2018-07-08,DURATION_AND_TIME_OF_DAY_ONLY,https://api.jolpi.ca/ergast/f1/2018/10/pitstops.json?limit=1000,f2e7df21ef494de817de5a66ca2d20c47427e709f7230cbc120d708e6629e562
2018,British Grand Prix,Race,21,sainz,SAI,MATCHED_DRIVER_ID,32,2,15:04:46,28.078,,,2018-07-08,DURATION_AND_TIME_OF_DAY_ONLY,https://api.jolpi.ca/ergast/f1/2018/10/pitstops.json?limit=1000,f2e7df21ef494de817de5a66ca2d20c47427e709f7230cbc120d708e6629e562
2018,British Grand Prix,Race,22,gasly,GAS,MATCHED_DRIVER_ID,32,2,15:04:49,29.766,,,2018-07-08,DURATION_AND_TIME_OF_DAY_ONLY,https://api.jolpi.ca/ergast/f1/2018/10/pitstops.json?limit=1000,f2e7df21ef494de817de5a66ca2d20c47427e709f7230cbc120d708e6629e562
2018,British Grand Prix,Race,23,perez,PER,MATCHED_DRIVER_ID,32,2,15:04:53,28.836,,,2018-07-08,DURATION_AND_TIME_OF_DAY_ONLY,https://api.jolpi.ca/ergast/f1/2018/10/pitstops.json?limit=1000,f2e7df21ef494de817de5a66ca2d20c47427e709f7230cbc120d708e6629e562
2018,British Grand Prix,Race,24,vettel,VET,MATCHED_DRIVER_ID,33,2,15:05:15,28.174,,,2018-07-08,DURATION_AND_TIME_OF_DAY_ONLY,https://api.jolpi.ca/ergast/f1/2018/10/pitstops.json?limit=1000,f2e7df21ef494de817de5a66ca2d20c47427e709f7230cbc120d708e6629e562
2018,British Grand Prix,Race,25,max_verstappen,VER,MATCHED_DRIVER_ID,33,2,15:05:35,,,,2018-07-08,DURATION_AND_TIME_OF_DAY_ONLY,https://api.jolpi.ca/ergast/f1/2018/10/pitstops.json?limit=1000,f2e7df21ef494de817de5a66ca2d20c47427e709f7230cbc120d708e6629e562
2018,British Grand Prix,Race,26,raikkonen,RAI,MATCHED_DRIVER_ID,33,2,15:05:39,28.985,,,2018-07-08,DURATION_AND_TIME_OF_DAY_ONLY,https://api.jolpi.ca/ergast/f1/2018/10/pitstops.json?limit=1000,f2e7df21ef494de817de5a66ca2d20c47427e709f7230cbc120d708e6629e562
2018,British Grand Prix,Race,27,vandoorne,VAN,MATCHED_DRIVER_ID,33,2,15:07:14,28.658,,,2018-07-08,DURATION_AND_TIME_OF_DAY_ONLY,https://api.jolpi.ca/ergast/f1/2018/10/pitstops.json?limit=1000,f2e7df21ef494de817de5a66ca2d20c47427e709f7230cbc120d708e6629e562
2018,Canadian Grand Prix,Race,0,vandoorne,VAN,MATCHED_DRIVER_ID,1,1,14:14:56,41.008,,,2018-06-10,DURATION_AND_TIME_OF_DAY_ONLY,https://api.jolpi.ca/ergast/f1/2018/7/pitstops.json?limit=1000,86e65ac465783c9905e957590cae7483f5d63a37b7221ebf2775f9b01feb01cb
2018,Canadian Grand Prix,Race,1,ericsson,ERI,MATCHED_DRIVER_ID,1,1,14:15:00,23.529,,,2018-06-10,DURATION_AND_TIME_OF_DAY_ONLY,https://api.jolpi.ca/ergast/f1/2018/7/pitstops.json?limit=1000,86e65ac465783c9905e957590cae7483f5d63a37b7221ebf2775f9b01feb01cb
2018,Canadian Grand Prix,Race,2,perez,PER,MATCHED_DRIVER_ID,9,1,14:27:34,24.086,,,2018-06-10,DURATION_AND_TIME_OF_DAY_ONLY,https://api.jolpi.ca/ergast/f1/2018/7/pitstops.json?limit=1000,86e65ac465783c9905e957590cae7483f5d63a37b7221ebf2775f9b01feb01cb
2018,Canadian Grand Prix,Race,3,ocon,OCO,MATCHED_DRIVER_ID,11,1,14:29:59,25.353,,,2018-06-10,DURATION_AND_TIME_OF_DAY_ONLY,https://api.jolpi.ca/ergast/f1/2018/7/pitstops.json?limit=1000,86e65ac465783c9905e957590cae7483f5d63a37b7221ebf2775f9b01feb01cb
2018,Canadian Grand Prix,Race,4,hulkenberg,HUL,MATCHED_DRIVER_ID,13,1,14:32:32,24.521,,,2018-06-10,DURATION_AND_TIME_OF_DAY_ONLY,https://api.jolpi.ca/ergast/f1/2018/7/pitstops.json?limit=1000,86e65ac465783c9905e957590cae7483f5d63a37b7221ebf2775f9b01feb01cb
2018,Canadian Grand Prix,Race,5,sainz,SAI,MATCHED_DRIVER_ID,14,1,14:33:51,24.416,,,2018-06-10,DURATION_AND_TIME_OF_DAY_ONLY,https://api.jolpi.ca/ergast/f1/2018/7/pitstops.json?limit=1000,86e65ac465783c9905e957590cae7483f5d63a37b7221ebf2775f9b01feb01cb
2018,Canadian Grand Prix,Race,6,max_verstappen,VER,MATCHED_DRIVER_ID,16,1,14:36:13,23.137,,,2018-06-10,DURATION_AND_TIME_OF_DAY_ONLY,https://api.jolpi.ca/ergast/f1/2018/7/pitstops.json?limit=1000,86e65ac465783c9905e957590cae7483f5d63a37b7221ebf2775f9b01feb01cb
2018,Canadian Grand Prix,Race,7,hamilton,HAM,MATCHED_DRIVER_ID,16,1,14:36:16,23.335,,,2018-06-10,DURATION_AND_TIME_OF_DAY_ONLY,https://api.jolpi.ca/ergast/f1/2018/7/pitstops.json?limit=1000,86e65ac465783c9905e957590cae7483f5d63a37b7221ebf2775f9b01feb01cb
2018,Canadian Grand Prix,Race,8,ricciardo,RIC,MATCHED_DRIVER_ID,17,1,14:37:31,23.279,,,2018-06-10,DURATION_AND_TIME_OF_DAY_ONLY,https://api.jolpi.ca/ergast/f1/2018/7/pitstops.json?limit=1000,86e65ac465783c9905e957590cae7483f5d63a37b7221ebf2775f9b01feb01cb
2018,Canadian Grand Prix,Race,9,alonso,ALO,MATCHED_DRIVER_ID,18,1,14:39:10,23.099,,,2018-06-10,DURATION_AND_TIME_OF_DAY_ONLY,https://api.jolpi.ca/ergast/f1/2018/7/pitstops.json?limit=1000,86e65ac465783c9905e957590cae7483f5d63a37b7221ebf2775f9b01feb01cb
2018,Canadian Grand Prix,Race,10,leclerc,LEC,MATCHED_DRIVER_ID,19,1,14:40:26,23.666,,,2018-06-10,DURATION_AND_TIME_OF_DAY_ONLY,https://api.jolpi.ca/ergast/f1/2018/7/pitstops.json?limit=1000,86e65ac465783c9905e957590cae7483f5d63a37b7221ebf2775f9b01feb01cb
2018,Canadian Grand Prix,Race,11,kevin_magnussen,MAG,MATCHED_DRIVER_ID,22,1,14:44:21,24.008,,,2018-06-10,DURATION_AND_TIME_OF_DAY_ONLY,https://api.jolpi.ca/ergast/f1/2018/7/pitstops.json?limit=1000,86e65ac465783c9905e957590cae7483f5d63a37b7221ebf2775f9b01feb01cb
2018,Canadian Grand Prix,Race,12,gasly,GAS,MATCHED_DRIVER_ID,23,1,14:45:36,24.107,,,2018-06-10,DURATION_AND_TIME_OF_DAY_ONLY,https://api.jolpi.ca/ergast/f1/2018/7/pitstops.json?limit=1000,86e65ac465783c9905e957590cae7483f5d63a37b7221ebf2775f9b01feb01cb
2018,Canadian Grand Prix,Race,13,sirotkin,SIR,MATCHED_DRIVER_ID,26,1,14:49:55,23.531,,,2018-06-10,DURATION_AND_TIME_OF_DAY_ONLY,https://api.jolpi.ca/ergast/f1/2018/7/pitstops.json?limit=1000,86e65ac465783c9905e957590cae7483f5d63a37b7221ebf2775f9b01feb01cb
2018,Canadian Grand Prix,Race,14,raikkonen,RAI,MATCHED_DRIVER_ID,32,1,14:56:30,23.645,,,2018-06-10,DURATION_AND_TIME_OF_DAY_ONLY,https://api.jolpi.ca/ergast/f1/2018/7/pitstops.json?limit=1000,86e65ac465783c9905e957590cae7483f5d63a37b7221ebf2775f9b01feb01cb
2018,Canadian Grand Prix,Race,15,bottas,BOT,MATCHED_DRIVER_ID,36,1,15:01:20,23.775,,,2018-06-10,DURATION_AND_TIME_OF_DAY_ONLY,https://api.jolpi.ca/ergast/f1/2018/7/pitstops.json?limit=1000,86e65ac465783c9905e957590cae7483f5d63a37b7221ebf2775f9b01feb01cb
2018,Canadian Grand Prix,Race,16,vettel,VET,MATCHED_DRIVER_ID,37,1,15:02:29,23.529,,,2018-06-10,DURATION_AND_TIME_OF_DAY_ONLY,https://api.jolpi.ca/ergast/f1/2018/7/pitstops.json?limit=1000,86e65ac465783c9905e957590cae7483f5d63a37b7221ebf2775f9b01feb01cb
2018,Canadian Grand Prix,Race,17,perez,PER,MATCHED_DRIVER_ID,44,2,15:12:48,23.718,,,2018-06-10,DURATION_AND_TIME_OF_DAY_ONLY,https://api.jolpi.ca/ergast/f1/2018/7/pitstops.json?limit=1000,86e65ac465783c9905e957590cae7483f5d63a37b7221ebf2775f9b01feb01cb
2018,Canadian Grand Prix,Race,18,grosjean,GRO,MATCHED_DRIVER_ID,48,1,15:17:41,24.4,,,2018-06-10,DURATION_AND_TIME_OF_DAY_ONLY,https://api.jolpi.ca/ergast/f1/2018/7/pitstops.json?limit=1000,86e65ac465783c9905e957590cae7483f5d63a37b7221ebf2775f9b01feb01cb
2018,Canadian Grand Prix,Race,19,vandoorne,VAN,MATCHED_DRIVER_ID,48,2,15:18:21,23.537,,,2018-06-10,DURATION_AND_TIME_OF_DAY_ONLY,https://api.jolpi.ca/ergast/f1/2018/7/pitstops.json?limit=1000,86e65ac465783c9905e957590cae7483f5d63a37b7221ebf2775f9b01feb01cb
2018,Chinese Grand Prix,Race,0,brendon_hartley,HAR,MATCHED_DRIVER_ID,10,1,14:30:52,23.172,,,2018-04-15,DURATION_AND_TIME_OF_DAY_ONLY,https://api.jolpi.ca/ergast/f1/2018/3/pitstops.json?limit=1000,61ab6fd0f373439bd60fffdaa2c3b52485cb188c03840b009f3e942f44b966f2
2018,Chinese Grand Prix,Race,1,ocon,OCO,MATCHED_DRIVER_ID,11,1,14:32:18,23.281,,,2018-04-15,DURATION_AND_TIME_OF_DAY_ONLY,https://api.jolpi.ca/ergast/f1/2018/3/pitstops.json?limit=1000,61ab6fd0f373439bd60fffdaa2c3b52485cb188c03840b009f3e942f44b966f2
2018,Chinese Grand Prix,Race,2,sainz,SAI,MATCHED_DRIVER_ID,12,1,14:33:53,23.935,,,2018-04-15,DURATION_AND_TIME_OF_DAY_ONLY,https://api.jolpi.ca/ergast/f1/2018/3/pitstops.json?limit=1000,61ab6fd0f373439bd60fffdaa2c3b52485cb188c03840b009f3e942f44b966f2
2018,Chinese Grand Prix,Race,3,perez,PER,MATCHED_DRIVER_ID,12,1,14:34:05,22.856,,,2018-04-15,DURATION_AND_TIME_OF_DAY_ONLY,https://api.jolpi.ca/ergast/f1/2018/3/pitstops.json?limit=1000,61ab6fd0f373439bd60fffdaa2c3b52485cb188c03840b009f3e942f44b966f2
2018,Chinese Grand Prix,Race,4,hulkenberg,HUL,MATCHED_DRIVER_ID,13,1,14:35:30,23.654,,,2018-04-15,DURATION_AND_TIME_OF_DAY_ONLY,https://api.jolpi.ca/ergast/f1/2018/3/pitstops.json?limit=1000,61ab6fd0f373439bd60fffdaa2c3b52485cb188c03840b009f3e942f44b966f2
2018,Chinese Grand Prix,Race,5,grosjean,GRO,MATCHED_DRIVER_ID,16,1,14:40:41,22.981,,,2018-04-15,DURATION_AND_TIME_OF_DAY_ONLY,https://api.jolpi.ca/ergast/f1/2018/3/pitstops.json?limit=1000,61ab6fd0f373439bd60fffdaa2c3b52485cb188c03840b009f3e942f44b966f2
2018,Chinese Grand Prix,Race,6,max_verstappen,VER,MATCHED_DRIVER_ID,17,1,14:41:50,22.715,,,2018-04-15,DURATION_AND_TIME_OF_DAY_ONLY,https://api.jolpi.ca/ergast/f1/2018/3/pitstops.json?limit=1000,61ab6fd0f373439bd60fffdaa2c3b52485cb188c03840b009f3e942f44b966f2
2018,Chinese Grand Prix,Race,7,ricciardo,RIC,MATCHED_DRIVER_ID,17,1,14:41:56,23.042,,,2018-04-15,DURATION_AND_TIME_OF_DAY_ONLY,https://api.jolpi.ca/ergast/f1/2018/3/pitstops.json?limit=1000,61ab6fd0f373439bd60fffdaa2c3b52485cb188c03840b009f3e942f44b966f2
2018,Chinese Grand Prix,Race,8,hamilton,HAM,MATCHED_DRIVER_ID,18,1,14:43:33,22.464,,,2018-04-15,DURATION_AND_TIME_OF_DAY_ONLY,https://api.jolpi.ca/ergast/f1/2018/3/pitstops.json?limit=1000,61ab6fd0f373439bd60fffdaa2c3b52485cb188c03840b009f3e942f44b966f2
2018,Chinese Grand Prix,Race,9,bottas,BOT,MATCHED_DRIVER_ID,19,1,14:45:02,22.097,,,2018-04-15,DURATION_AND_TIME_OF_DAY_ONLY,https://api.jolpi.ca/ergast/f1/2018/3/pitstops.json?limit=1000,61ab6fd0f373439bd60fffdaa2c3b52485cb188c03840b009f3e942f44b966f2
2018,Chinese Grand Prix,Race,10,vettel,VET,MATCHED_DRIVER_ID,20,1,14:46:38,23.009,,,2018-04-15,DURATION_AND_TIME_OF_DAY_ONLY,https://api.jolpi.ca/ergast/f1/2018/3/pitstops.json?limit=1000,61ab6fd0f373439bd60fffdaa2c3b52485cb188c03840b009f3e942f44b966f2
2018,Chinese Grand Prix,Race,11,gasly,GAS,MATCHED_DRIVER_ID,20,1,14:47:48,23.95,,,2018-04-15,DURATION_AND_TIME_OF_DAY_ONLY,https://api.jolpi.ca/ergast/f1/2018/3/pitstops.json?limit=1000,61ab6fd0f373439bd60fffdaa2c3b52485cb188c03840b009f3e942f44b966f2
2018,Chinese Grand Prix,Race,12,leclerc,LEC,MATCHED_DRIVER_ID,21,1,14:49:28,23.392,,,2018-04-15,DURATION_AND_TIME_OF_DAY_ONLY,https://api.jolpi.ca/ergast/f1/2018/3/pitstops.json?limit=1000,61ab6fd0f373439bd60fffdaa2c3b52485cb188c03840b009f3e942f44b966f2
2018,Chinese Grand Prix,Race,13,vandoorne,VAN,MATCHED_DRIVER_ID,22,1,14:50:55,23.73,,,2018-04-15,DURATION_AND_TIME_OF_DAY_ONLY,https://api.jolpi.ca/ergast/f1/2018/3/pitstops.json?limit=1000,61ab6fd0f373439bd60fffdaa2c3b52485cb188c03840b009f3e942f44b966f2
2018,Chinese Grand Prix,Race,14,stroll,STR,MATCHED_DRIVER_ID,23,1,14:52:34,22.661,,,2018-04-15,DURATION_AND_TIME_OF_DAY_ONLY,https://api.jolpi.ca/ergast/f1/2018/3/pitstops.json?limit=1000,61ab6fd0f373439bd60fffdaa2c3b52485cb188c03840b009f3e942f44b966f2
2018,Chinese Grand Prix,Race,15,kevin_magnussen,MAG,MATCHED_DRIVER_ID,24,1,14:53:57,22.973,,,2018-04-15,DURATION_AND_TIME_OF_DAY_ONLY,https://api.jolpi.ca/ergast/f1/2018/3/pitstops.json?limit=1000,61ab6fd0f373439bd60fffdaa2c3b52485cb188c03840b009f3e942f44b966f2
2018,Chinese Grand Prix,Race,16,raikkonen,RAI,MATCHED_DRIVER_ID,27,1,14:58:28,22.913,,,2018-04-15,DURATION_AND_TIME_OF_DAY_ONLY,https://api.jolpi.ca/ergast/f1/2018/3/pitstops.json?limit=1000,61ab6fd0f373439bd60fffdaa2c3b52485cb188c03840b009f3e942f44b966f2
2018,Chinese Grand Prix,Race,17,sirotkin,SIR,MATCHED_DRIVER_ID,28,1,15:01:08,23.716,,,2018-04-15,DURATION_AND_TIME_OF_DAY_ONLY,https://api.jolpi.ca/ergast/f1/2018/3/pitstops.json?limit=1000,61ab6fd0f373439bd60fffdaa2c3b52485cb188c03840b009f3e942f44b966f2
2018,Chinese Grand Prix,Race,18,alonso,ALO,MATCHED_DRIVER_ID,29,1,15:02:24,24.11,,,2018-04-15,DURATION_AND_TIME_OF_DAY_ONLY,https://api.jolpi.ca/ergast/f1/2018/3/pitstops.json?limit=1000,61ab6fd0f373439bd60fffdaa2c3b52485cb188c03840b009f3e942f44b966f2
2018,Chinese Grand Prix,Race,19,ericsson,ERI,MATCHED_DRIVER_ID,29,1,15:03:02,22.785,,,2018-04-15,DURATION_AND_TIME_OF_DAY_ONLY,https://api.jolpi.ca/ergast/f1/2018/3/pitstops.json?limit=1000,61ab6fd0f373439bd60fffdaa2c3b52485cb188c03840b009f3e942f44b966f2
2018,Chinese Grand Prix,Race,20,max_verstappen,VER,MATCHED_DRIVER_ID,31,2,15:05:06,22.596,,,2018-04-15,DURATION_AND_TIME_OF_DAY_ONLY,https://api.jolpi.ca/ergast/f1/2018/3/pitstops.json?limit=1000,61ab6fd0f373439bd60fffdaa2c3b52485cb188c03840b009f3e942f44b966f2
2018,Chinese Grand Prix,Race,21,brendon_hartley,HAR,MATCHED_DRIVER_ID,30,2,15:05:08,24.07,,,2018-04-15,DURATION_AND_TIME_OF_DAY_ONLY,https://api.jolpi.ca/ergast/f1/2018/3/pitstops.json?limit=1000,61ab6fd0f373439bd60fffdaa2c3b52485cb188c03840b009f3e942f44b966f2
2018,Chinese Grand Prix,Race,22,ricciardo,RIC,MATCHED_DRIVER_ID,31,2,15:05:15,22.691,,,2018-04-15,DURATION_AND_TIME_OF_DAY_ONLY,https://api.jolpi.ca/ergast/f1/2018/3/pitstops.json?limit=1000,61ab6fd0f373439bd60fffdaa2c3b52485cb188c03840b009f3e942f44b966f2
2018,Chinese Grand Prix,Race,23,hulkenberg,HUL,MATCHED_DRIVER_ID,31,2,15:06:04,23.297,,,2018-04-15,DURATION_AND_TIME_OF_DAY_ONLY,https://api.jolpi.ca/ergast/f1/2018/3/pitstops.json?limit=1000,61ab6fd0f373439bd60fffdaa2c3b52485cb188c03840b009f3e942f44b966f2
2018,Chinese Grand Prix,Race,24,sainz,SAI,MATCHED_DRIVER_ID,31,2,15:06:18,23.117,,,2018-04-15,DURATION_AND_TIME_OF_DAY_ONLY,https://api.jolpi.ca/ergast/f1/2018/3/pitstops.json?limit=1000,61ab6fd0f373439bd60fffdaa2c3b52485cb188c03840b009f3e942f44b966f2
2018,Chinese Grand Prix,Race,25,ocon,OCO,MATCHED_DRIVER_ID,31,2,15:06:24,22.637,,,2018-04-15,DURATION_AND_TIME_OF_DAY_ONLY,https://api.jolpi.ca/ergast/f1/2018/3/pitstops.json?limit=1000,61ab6fd0f373439bd60fffdaa2c3b52485cb188c03840b009f3e942f44b966f2
2018,Chinese Grand Prix,Race,26,gasly,GAS,MATCHED_DRIVER_ID,31,2,15:07:01,34.65,,,2018-04-15,DURATION_AND_TIME_OF_DAY_ONLY,https://api.jolpi.ca/ergast/f1/2018/3/pitstops.json?limit=1000,61ab6fd0f373439bd60fffdaa2c3b52485cb188c03840b009f3e942f44b966f2
2018,Chinese Grand Prix,Race,27,perez,PER,MATCHED_DRIVER_ID,32,2,15:08:44,22.334,,,2018-04-15,DURATION_AND_TIME_OF_DAY_ONLY,https://api.jolpi.ca/ergast/f1/2018/3/pitstops.json?limit=1000,61ab6fd0f373439bd60fffdaa2c3b52485cb188c03840b009f3e942f44b966f2
2018,Chinese Grand Prix,Race,28,sirotkin,SIR,MATCHED_DRIVER_ID,33,2,15:11:07,22.723,,,2018-04-15,DURATION_AND_TIME_OF_DAY_ONLY,https://api.jolpi.ca/ergast/f1/2018/3/pitstops.json?limit=1000,61ab6fd0f373439bd60fffdaa2c3b52485cb188c03840b009f3e942f44b966f2
2018,Chinese Grand Prix,Race,29,grosjean,GRO,MATCHED_DRIVER_ID,46,2,15:33:38,23.735,,,2018-04-15,DURATION_AND_TIME_OF_DAY_ONLY,https://api.jolpi.ca/ergast/f1/2018/3/pitstops.json?limit=1000,61ab6fd0f373439bd60fffdaa2c3b52485cb188c03840b009f3e942f44b966f2
2018,French Grand Prix,Race,0,stroll,STR,MATCHED_DRIVER_ID,1,1,16:15:46,26.576,,,2018-06-24,DURATION_AND_TIME_OF_DAY_ONLY,https://api.jolpi.ca/ergast/f1/2018/8/pitstops.json?limit=1000,46a7b0ff8a6a5c6a2cb23e5184ba406eaf29c757fa0e98da16d9452cf0f902b1
2018,French Grand Prix,Race,1,sirotkin,SIR,MATCHED_DRIVER_ID,1,1,16:15:55,26.273,,,2018-06-24,DURATION_AND_TIME_OF_DAY_ONLY,https://api.jolpi.ca/ergast/f1/2018/8/pitstops.json?limit=1000,46a7b0ff8a6a5c6a2cb23e5184ba406eaf29c757fa0e98da16d9452cf0f902b1
2018,French Grand Prix,Race,2,vettel,VET,MATCHED_DRIVER_ID,1,1,16:15:56,32.612,,,2018-06-24,DURATION_AND_TIME_OF_DAY_ONLY,https://api.jolpi.ca/ergast/f1/2018/8/pitstops.json?limit=1000,46a7b0ff8a6a5c6a2cb23e5184ba406eaf29c757fa0e98da16d9452cf0f902b1
2018,French Grand Prix,Race,3,alonso,ALO,MATCHED_DRIVER_ID,1,1,16:15:56,25.789,,,2018-06-24,DURATION_AND_TIME_OF_DAY_ONLY,https://api.jolpi.ca/ergast/f1/2018/8/pitstops.json?limit=1000,46a7b0ff8a6a5c6a2cb23e5184ba406eaf29c757fa0e98da16d9452cf0f902b1
2018,French Grand Prix,Race,4,bottas,BOT,MATCHED_DRIVER_ID,1,1,16:16:38,27.955,,,2018-06-24,DURATION_AND_TIME_OF_DAY_ONLY,https://api.jolpi.ca/ergast/f1/2018/8/pitstops.json?limit=1000,46a7b0ff8a6a5c6a2cb23e5184ba406eaf29c757fa0e98da16d9452cf0f902b1
2018,French Grand Prix,Race,5,max_verstappen,VER,MATCHED_DRIVER_ID,25,1,16:57:59,24.395,,,2018-06-24,DURATION_AND_TIME_OF_DAY_ONLY,https://api.jolpi.ca/ergast/f1/2018/8/pitstops.json?limit=1000,46a7b0ff8a6a5c6a2cb23e5184ba406eaf29c757fa0e98da16d9452cf0f902b1
2018,French Grand Prix,Race,6,sainz,SAI,MATCHED_DRIVER_ID,26,1,17:00:15,25.423,,,2018-06-24,DURATION_AND_TIME_OF_DAY_ONLY,https://api.jolpi.ca/ergast/f1/2018/8/pitstops.json?limit=1000,46a7b0ff8a6a5c6a2cb23e5184ba406eaf29c757fa0e98da16d9452cf0f902b1
2018,French Grand Prix,Race,7,ricciardo,RIC,MATCHED_DRIVER_ID,28,1,17:02:52,24.309,,,2018-06-24,DURATION_AND_TIME_OF_DAY_ONLY,https://api.jolpi.ca/ergast/f1/2018/8/pitstops.json?limit=1000,46a7b0ff8a6a5c6a2cb23e5184ba406eaf29c757fa0e98da16d9452cf0f902b1
2018,French Grand Prix,Race,8,kevin_magnussen,MAG,MATCHED_DRIVER_ID,28,1,17:03:31,25.419,,,2018-06-24,DURATION_AND_TIME_OF_DAY_ONLY,https://api.jolpi.ca/ergast/f1/2018/8/pitstops.json?limit=1000,46a7b0ff8a6a5c6a2cb23e5184ba406eaf29c757fa0e98da16d9452cf0f902b1
2018,French Grand Prix,Race,9,leclerc,LEC,MATCHED_DRIVER_ID,31,1,17:08:35,25.026,,,2018-06-24,DURATION_AND_TIME_OF_DAY_ONLY,https://api.jolpi.ca/ergast/f1/2018/8/pitstops.json?limit=1000,46a7b0ff8a6a5c6a2cb23e5184ba406eaf29c757fa0e98da16d9452cf0f902b1
2018,French Grand Prix,Race,10,hamilton,HAM,MATCHED_DRIVER_ID,33,1,17:10:41,24.31,,,2018-06-24,DURATION_AND_TIME_OF_DAY_ONLY,https://api.jolpi.ca/ergast/f1/2018/8/pitstops.json?limit=1000,46a7b0ff8a6a5c6a2cb23e5184ba406eaf29c757fa0e98da16d9452cf0f902b1
2018,French Grand Prix,Race,11,raikkonen,RAI,MATCHED_DRIVER_ID,34,1,17:12:38,24.289,,,2018-06-24,DURATION_AND_TIME_OF_DAY_ONLY,https://api.jolpi.ca/ergast/f1/2018/8/pitstops.json?limit=1000,46a7b0ff8a6a5c6a2cb23e5184ba406eaf29c757fa0e98da16d9452cf0f902b1
2018,French Grand Prix,Race,12,grosjean,GRO,MATCHED_DRIVER_ID,34,1,17:13:30,29.996,,,2018-06-24,DURATION_AND_TIME_OF_DAY_ONLY,https://api.jolpi.ca/ergast/f1/2018/8/pitstops.json?limit=1000,46a7b0ff8a6a5c6a2cb23e5184ba406eaf29c757fa0e98da16d9452cf0f902b1
2018,French Grand Prix,Race,13,ericsson,ERI,MATCHED_DRIVER_ID,35,1,17:15:27,24.295,,,2018-06-24,DURATION_AND_TIME_OF_DAY_ONLY,https://api.jolpi.ca/ergast/f1/2018/8/pitstops.json?limit=1000,46a7b0ff8a6a5c6a2cb23e5184ba406eaf29c757fa0e98da16d9452cf0f902b1
2018,French Grand Prix,Race,14,hulkenberg,HUL,MATCHED_DRIVER_ID,37,1,17:18:16,25.016,,,2018-06-24,DURATION_AND_TIME_OF_DAY_ONLY,https://api.jolpi.ca/ergast/f1/2018/8/pitstops.json?limit=1000,46a7b0ff8a6a5c6a2cb23e5184ba406eaf29c757fa0e98da16d9452cf0f902b1
2018,French Grand Prix,Race,15,brendon_hartley,HAR,MATCHED_DRIVER_ID,38,1,17:20:21,24.297,,,2018-06-24,DURATION_AND_TIME_OF_DAY_ONLY,https://api.jolpi.ca/ergast/f1/2018/8/pitstops.json?limit=1000,46a7b0ff8a6a5c6a2cb23e5184ba406eaf29c757fa0e98da16d9452cf0f902b1
2018,French Grand Prix,Race,16,bottas,BOT,MATCHED_DRIVER_ID,39,2,17:21:22,30.666,,,2018-06-24,DURATION_AND_TIME_OF_DAY_ONLY,https://api.jolpi.ca/ergast/f1/2018/8/pitstops.json?limit=1000,46a7b0ff8a6a5c6a2cb23e5184ba406eaf29c757fa0e98da16d9452cf0f902b1
2018,French Grand Prix,Race,17,vettel,VET,MATCHED_DRIVER_ID,40,2,17:22:38,31.029,,,2018-06-24,DURATION_AND_TIME_OF_DAY_ONLY,https://api.jolpi.ca/ergast/f1/2018/8/pitstops.json?limit=1000,46a7b0ff8a6a5c6a2cb23e5184ba406eaf29c757fa0e98da16d9452cf0f902b1
2018,French Grand Prix,Race,18,vandoorne,VAN,MATCHED_DRIVER_ID,40,1,17:23:26,24.399,,,2018-06-24,DURATION_AND_TIME_OF_DAY_ONLY,https://api.jolpi.ca/ergast/f1/2018/8/pitstops.json?limit=1000,46a7b0ff8a6a5c6a2cb23e5184ba406eaf29c757fa0e98da16d9452cf0f902b1
2018,French Grand Prix,Race,19,alonso,ALO,MATCHED_DRIVER_ID,46,2,17:33:42,24.788,,,2018-06-24,DURATION_AND_TIME_OF_DAY_ONLY,https://api.jolpi.ca/ergast/f1/2018/8/pitstops.json?limit=1000,46a7b0ff8a6a5c6a2cb23e5184ba406eaf29c757fa0e98da16d9452cf0f902b1
2018,German Grand Prix,Race,0,raikkonen,RAI,MATCHED_DRIVER_ID,14,1,15:31:29,19.647,,,2018-07-22,DURATION_AND_TIME_OF_DAY_ONLY,https://api.jolpi.ca/ergast/f1/2018/11/pitstops.json?limit=1000,6234e062e9255888b9dafb59f0a728dac464b2a3b030334d347b019508ab7baf
2018,German Grand Prix,Race,1,hulkenberg,HUL,MATCHED_DRIVER_ID,18,1,15:37:14,19.584,,,2018-07-22,DURATION_AND_TIME_OF_DAY_ONLY,https://api.jolpi.ca/ergast/f1/2018/11/pitstops.json?limit=1000,6234e062e9255888b9dafb59f0a728dac464b2a3b030334d347b019508ab7baf
2018,German Grand Prix,Race,2,kevin_magnussen,MAG,MATCHED_DRIVER_ID,20,1,15:39:50,19.818,,,2018-07-22,DURATION_AND_TIME_OF_DAY_ONLY,https://api.jolpi.ca/ergast/f1/2018/11/pitstops.json?limit=1000,6234e062e9255888b9dafb59f0a728dac464b2a3b030334d347b019508ab7baf
2018,German Grand Prix,Race,3,sainz,SAI,MATCHED_DRIVER_ID,20,1,15:40:01,20.16,,,2018-07-22,DURATION_AND_TIME_OF_DAY_ONLY,https://api.jolpi.ca/ergast/f1/2018/11/pitstops.json?limit=1000,6234e062e9255888b9dafb59f0a728dac464b2a3b030334d347b019508ab7baf
2018,German Grand Prix,Race,4,leclerc,LEC,MATCHED_DRIVER_ID,20,1,15:40:04,19.267,,,2018-07-22,DURATION_AND_TIME_OF_DAY_ONLY,https://api.jolpi.ca/ergast/f1/2018/11/pitstops.json?limit=1000,6234e062e9255888b9dafb59f0a728dac464b2a3b030334d347b019508ab7baf
2018,German Grand Prix,Race,5,grosjean,GRO,MATCHED_DRIVER_ID,21,1,15:41:19,20.198,,,2018-07-22,DURATION_AND_TIME_OF_DAY_ONLY,https://api.jolpi.ca/ergast/f1/2018/11/pitstops.json?limit=1000,6234e062e9255888b9dafb59f0a728dac464b2a3b030334d347b019508ab7baf
2018,German Grand Prix,Race,6,perez,PER,MATCHED_DRIVER_ID,22,1,15:42:34,25.13,,,2018-07-22,DURATION_AND_TIME_OF_DAY_ONLY,https://api.jolpi.ca/ergast/f1/2018/11/pitstops.json?limit=1000,6234e062e9255888b9dafb59f0a728dac464b2a3b030334d347b019508ab7baf
2018,German Grand Prix,Race,7,vettel,VET,MATCHED_DRIVER_ID,25,1,15:45:48,18.657,,,2018-07-22,DURATION_AND_TIME_OF_DAY_ONLY,https://api.jolpi.ca/ergast/f1/2018/11/pitstops.json?limit=1000,6234e062e9255888b9dafb59f0a728dac464b2a3b030334d347b019508ab7baf
2018,German Grand Prix,Race,8,ocon,OCO,MATCHED_DRIVER_ID,25,1,15:46:55,19.57,,,2018-07-22,DURATION_AND_TIME_OF_DAY_ONLY,https://api.jolpi.ca/ergast/f1/2018/11/pitstops.json?limit=1000,6234e062e9255888b9dafb59f0a728dac464b2a3b030334d347b019508ab7baf
2018,German Grand Prix,Race,9,stroll,STR,MATCHED_DRIVER_ID,27,1,15:49:46,19.476,,,2018-07-22,DURATION_AND_TIME_OF_DAY_ONLY,https://api.jolpi.ca/ergast/f1/2018/11/pitstops.json?limit=1000,6234e062e9255888b9dafb59f0a728dac464b2a3b030334d347b019508ab7baf
2018,German Grand Prix,Race,10,bottas,BOT,MATCHED_DRIVER_ID,28,1,15:49:51,19.188,,,2018-07-22,DURATION_AND_TIME_OF_DAY_ONLY,https://api.jolpi.ca/ergast/f1/2018/11/pitstops.json?limit=1000,6234e062e9255888b9dafb59f0a728dac464b2a3b030334d347b019508ab7baf
2018,German Grand Prix,Race,11,brendon_hartley,HAR,MATCHED_DRIVER_ID,28,1,15:51:05,19.309,,,2018-07-22,DURATION_AND_TIME_OF_DAY_ONLY,https://api.jolpi.ca/ergast/f1/2018/11/pitstops.json?limit=1000,6234e062e9255888b9dafb59f0a728dac464b2a3b030334d347b019508ab7baf
2018,German Grand Prix,Race,12,sirotkin,SIR,MATCHED_DRIVER_ID,28,1,15:51:05,24.173,,,2018-07-22,DURATION_AND_TIME_OF_DAY_ONLY,https://api.jolpi.ca/ergast/f1/2018/11/pitstops.json?limit=1000,6234e062e9255888b9dafb59f0a728dac464b2a3b030334d347b019508ab7baf
2018,German Grand Prix,Race,13,max_verstappen,VER,MATCHED_DRIVER_ID,29,1,15:51:16,19.742,,,2018-07-22,DURATION_AND_TIME_OF_DAY_ONLY,https://api.jolpi.ca/ergast/f1/2018/11/pitstops.json?limit=1000,6234e062e9255888b9dafb59f0a728dac464b2a3b030334d347b019508ab7baf
2018,German Grand Prix,Race,14,vandoorne,VAN,MATCHED_DRIVER_ID,29,1,15:52:30,19.778,,,2018-07-22,DURATION_AND_TIME_OF_DAY_ONLY,https://api.jolpi.ca/ergast/f1/2018/11/pitstops.json?limit=1000,6234e062e9255888b9dafb59f0a728dac464b2a3b030334d347b019508ab7baf
2018,German Grand Prix,Race,15,alonso,ALO,MATCHED_DRIVER_ID,31,1,15:54:51,18.956,,,2018-07-22,DURATION_AND_TIME_OF_DAY_ONLY,https://api.jolpi.ca/ergast/f1/2018/11/pitstops.json?limit=1000,6234e062e9255888b9dafb59f0a728dac464b2a3b030334d347b019508ab7baf
2018,German Grand Prix,Race,16,ericsson,ERI,MATCHED_DRIVER_ID,38,1,16:04:17,18.84,,,2018-07-22,DURATION_AND_TIME_OF_DAY_ONLY,https://api.jolpi.ca/ergast/f1/2018/11/pitstops.json?limit=1000,6234e062e9255888b9dafb59f0a728dac464b2a3b030334d347b019508ab7baf
2018,German Grand Prix,Race,17,hamilton,HAM,MATCHED_DRIVER_ID,42,1,16:08:17,18.978,,,2018-07-22,DURATION_AND_TIME_OF_DAY_ONLY,https://api.jolpi.ca/ergast/f1/2018/11/pitstops.json?limit=1000,6234e062e9255888b9dafb59f0a728dac464b2a3b030334d347b019508ab7baf
2018,German Grand Prix,Race,18,leclerc,LEC,MATCHED_DRIVER_ID,43,2,16:10:51,21.2,,,2018-07-22,DURATION_AND_TIME_OF_DAY_ONLY,https://api.jolpi.ca/ergast/f1/2018/11/pitstops.json?limit=1000,6234e062e9255888b9dafb59f0a728dac464b2a3b030334d347b019508ab7baf
2018,German Grand Prix,Race,19,alonso,ALO,MATCHED_DRIVER_ID,43,2,16:11:06,21.119,,,2018-07-22,DURATION_AND_TIME_OF_DAY_ONLY,https://api.jolpi.ca/ergast/f1/2018/11/pitstops.json?limit=1000,6234e062e9255888b9dafb59f0a728dac464b2a3b030334d347b019508ab7baf
2018,German Grand Prix,Race,20,gasly,GAS,MATCHED_DRIVER_ID,43,1,16:11:12,19.806,,,2018-07-22,DURATION_AND_TIME_OF_DAY_ONLY,https://api.jolpi.ca/ergast/f1/2018/11/pitstops.json?limit=1000,6234e062e9255888b9dafb59f0a728dac464b2a3b030334d347b019508ab7baf
2018,German Grand Prix,Race,21,max_verstappen,VER,MATCHED_DRIVER_ID,46,2,16:13:39,19.297,,,2018-07-22,DURATION_AND_TIME_OF_DAY_ONLY,https://api.jolpi.ca/ergast/f1/2018/11/pitstops.json?limit=1000,6234e062e9255888b9dafb59f0a728dac464b2a3b030334d347b019508ab7baf
2018,German Grand Prix,Race,22,leclerc,LEC,MATCHED_DRIVER_ID,46,3,16:15:36,20.653,,,2018-07-22,DURATION_AND_TIME_OF_DAY_ONLY,https://api.jolpi.ca/ergast/f1/2018/11/pitstops.json?limit=1000,6234e062e9255888b9dafb59f0a728dac464b2a3b030334d347b019508ab7baf
2018,German Grand Prix,Race,23,gasly,GAS,MATCHED_DRIVER_ID,46,2,16:16:19,19.512,,,2018-07-22,DURATION_AND_TIME_OF_DAY_ONLY,https://api.jolpi.ca/ergast/f1/2018/11/pitstops.json?limit=1000,6234e062e9255888b9dafb59f0a728dac464b2a3b030334d347b019508ab7baf
2018,German Grand Prix,Race,24,max_verstappen,VER,MATCHED_DRIVER_ID,48,3,16:16:46,19.087,,,2018-07-22,DURATION_AND_TIME_OF_DAY_ONLY,https://api.jolpi.ca/ergast/f1/2018/11/pitstops.json?limit=1000,6234e062e9255888b9dafb59f0a728dac464b2a3b030334d347b019508ab7baf
2018,German Grand Prix,Race,25,alonso,ALO,MATCHED_DRIVER_ID,47,3,16:17:17,20.927,,,2018-07-22,DURATION_AND_TIME_OF_DAY_ONLY,https://api.jolpi.ca/ergast/f1/2018/11/pitstops.json?limit=1000,6234e062e9255888b9dafb59f0a728dac464b2a3b030334d347b019508ab7baf
2018,German Grand Prix,Race,26,sainz,SAI,MATCHED_DRIVER_ID,50,2,16:20:42,19.637,,,2018-07-22,DURATION_AND_TIME_OF_DAY_ONLY,https://api.jolpi.ca/ergast/f1/2018/11/pitstops.json?limit=1000,6234e062e9255888b9dafb59f0a728dac464b2a3b030334d347b019508ab7baf
2018,German Grand Prix,Race,27,stroll,STR,MATCHED_DRIVER_ID,50,2,16:21:14,19.526,,,2018-07-22,DURATION_AND_TIME_OF_DAY_ONLY,https://api.jolpi.ca/ergast/f1/2018/11/pitstops.json?limit=1000,6234e062e9255888b9dafb59f0a728dac464b2a3b030334d347b019508ab7baf
2018,German Grand Prix,Race,28,hulkenberg,HUL,MATCHED_DRIVER_ID,51,2,16:21:56,20.752,,,2018-07-22,DURATION_AND_TIME_OF_DAY_ONLY,https://api.jolpi.ca/ergast/f1/2018/11/pitstops.json?limit=1000,6234e062e9255888b9dafb59f0a728dac464b2a3b030334d347b019508ab7baf
2018,German Grand Prix,Race,29,bottas,BOT,MATCHED_DRIVER_ID,52,2,16:22:05,33.279,,,2018-07-22,DURATION_AND_TIME_OF_DAY_ONLY,https://api.jolpi.ca/ergast/f1/2018/11/pitstops.json?limit=1000,6234e062e9255888b9dafb59f0a728dac464b2a3b030334d347b019508ab7baf
2018,German Grand Prix,Race,30,grosjean,GRO,MATCHED_DRIVER_ID,51,2,16:22:13,22.738,,,2018-07-22,DURATION_AND_TIME_OF_DAY_ONLY,https://api.jolpi.ca/ergast/f1/2018/11/pitstops.json?limit=1000,6234e062e9255888b9dafb59f0a728dac464b2a3b030334d347b019508ab7baf
2018,German Grand Prix,Race,31,kevin_magnussen,MAG,MATCHED_DRIVER_ID,51,2,16:22:14,34.742,,,2018-07-22,DURATION_AND_TIME_OF_DAY_ONLY,https://api.jolpi.ca/ergast/f1/2018/11/pitstops.json?limit=1000,6234e062e9255888b9dafb59f0a728dac464b2a3b030334d347b019508ab7baf
2018,German Grand Prix,Race,32,sirotkin,SIR,MATCHED_DRIVER_ID,51,2,16:23:00,21.711,,,2018-07-22,DURATION_AND_TIME_OF_DAY_ONLY,https://api.jolpi.ca/ergast/f1/2018/11/pitstops.json?limit=1000,6234e062e9255888b9dafb59f0a728dac464b2a3b030334d347b019508ab7baf
2018,German Grand Prix,Race,33,raikkonen,RAI,MATCHED_DRIVER_ID,53,2,16:24:19,19.988,,,2018-07-22,DURATION_AND_TIME_OF_DAY_ONLY,https://api.jolpi.ca/ergast/f1/2018/11/pitstops.json?limit=1000,6234e062e9255888b9dafb59f0a728dac464b2a3b030334d347b019508ab7baf
2018,German Grand Prix,Race,34,brendon_hartley,HAR,MATCHED_DRIVER_ID,52,2,16:25:00,19.985,,,2018-07-22,DURATION_AND_TIME_OF_DAY_ONLY,https://api.jolpi.ca/ergast/f1/2018/11/pitstops.json?limit=1000,6234e062e9255888b9dafb59f0a728dac464b2a3b030334d347b019508ab7baf
2018,German Grand Prix,Race,35,vandoorne,VAN,MATCHED_DRIVER_ID,52,2,16:25:50,19.621,,,2018-07-22,DURATION_AND_TIME_OF_DAY_ONLY,https://api.jolpi.ca/ergast/f1/2018/11/pitstops.json?limit=1000,6234e062e9255888b9dafb59f0a728dac464b2a3b030334d347b019508ab7baf
2018,German Grand Prix,Race,36,hulkenberg,HUL,MATCHED_DRIVER_ID,55,3,16:29:16,20.812,,,2018-07-22,DURATION_AND_TIME_OF_DAY_ONLY,https://api.jolpi.ca/ergast/f1/2018/11/pitstops.json?limit=1000,6234e062e9255888b9dafb59f0a728dac464b2a3b030334d347b019508ab7baf
2018,German Grand Prix,Race,37,grosjean,GRO,MATCHED_DRIVER_ID,55,3,16:29:57,19.752,,,2018-07-22,DURATION_AND_TIME_OF_DAY_ONLY,https://api.jolpi.ca/ergast/f1/2018/11/pitstops.json?limit=1000,6234e062e9255888b9dafb59f0a728dac464b2a3b030334d347b019508ab7baf
2018,German Grand Prix,Race,38,kevin_magnussen,MAG,MATCHED_DRIVER_ID,55,3,16:29:59,27.736,,,2018-07-22,DURATION_AND_TIME_OF_DAY_ONLY,https://api.jolpi.ca/ergast/f1/2018/11/pitstops.json?limit=1000,6234e062e9255888b9dafb59f0a728dac464b2a3b030334d347b019508ab7baf
2018,German Grand Prix,Race,39,sainz,SAI,MATCHED_DRIVER_ID,56,3,16:31:24,20.53,,,2018-07-22,DURATION_AND_TIME_OF_DAY_ONLY,https://api.jolpi.ca/ergast/f1/2018/11/pitstops.json?limit=1000,6234e062e9255888b9dafb59f0a728dac464b2a3b030334d347b019508ab7baf
2018,Hungarian Grand Prix,Race,0,ericsson,ERI,MATCHED_DRIVER_ID,6,1,15:22:06,22.64,,,2018-07-29,DURATION_AND_TIME_OF_DAY_ONLY,https://api.jolpi.ca/ergast/f1/2018/12/pitstops.json?limit=1000,2ca9a95e017672b7b7b1888c53b34ebe3a52dfe73385313a67a219c7570e1d3c
2018,Hungarian Grand Prix,Race,1,raikkonen,RAI,MATCHED_DRIVER_ID,14,1,15:32:53,24.471,,,2018-07-29,DURATION_AND_TIME_OF_DAY_ONLY,https://api.jolpi.ca/ergast/f1/2018/12/pitstops.json?limit=1000,2ca9a95e017672b7b7b1888c53b34ebe3a52dfe73385313a67a219c7570e1d3c
2018,Hungarian Grand Prix,Race,2,bottas,BOT,MATCHED_DRIVER_ID,15,1,15:34:11,21.337,,,2018-07-29,DURATION_AND_TIME_OF_DAY_ONLY,https://api.jolpi.ca/ergast/f1/2018/12/pitstops.json?limit=1000,2ca9a95e017672b7b7b1888c53b34ebe3a52dfe73385313a67a219c7570e1d3c
2018,Hungarian Grand Prix,Race,3,perez,PER,MATCHED_DRIVER_ID,22,1,15:44:52,22.561,,,2018-07-29,DURATION_AND_TIME_OF_DAY_ONLY,https://api.jolpi.ca/ergast/f1/2018/12/pitstops.json?limit=1000,2ca9a95e017672b7b7b1888c53b34ebe3a52dfe73385313a67a219c7570e1d3c
2018,Hungarian Grand Prix,Race,4,hulkenberg,HUL,MATCHED_DRIVER_ID,23,1,15:46:04,21.966,,,2018-07-29,DURATION_AND_TIME_OF_DAY_ONLY,https://api.jolpi.ca/ergast/f1/2018/12/pitstops.json?limit=1000,2ca9a95e017672b7b7b1888c53b34ebe3a52dfe73385313a67a219c7570e1d3c
2018,Hungarian Grand Prix,Race,5,brendon_hartley,HAR,MATCHED_DRIVER_ID,24,1,15:47:26,21.831,,,2018-07-29,DURATION_AND_TIME_OF_DAY_ONLY,https://api.jolpi.ca/ergast/f1/2018/12/pitstops.json?limit=1000,2ca9a95e017672b7b7b1888c53b34ebe3a52dfe73385313a67a219c7570e1d3c
2018,Hungarian Grand Prix,Race,6,hamilton,HAM,MATCHED_DRIVER_ID,25,1,15:47:53,21.48,,,2018-07-29,DURATION_AND_TIME_OF_DAY_ONLY,https://api.jolpi.ca/ergast/f1/2018/12/pitstops.json?limit=1000,2ca9a95e017672b7b7b1888c53b34ebe3a52dfe73385313a67a219c7570e1d3c
2018,Hungarian Grand Prix,Race,7,sainz,SAI,MATCHED_DRIVER_ID,25,1,15:48:47,21.914,,,2018-07-29,DURATION_AND_TIME_OF_DAY_ONLY,https://api.jolpi.ca/ergast/f1/2018/12/pitstops.json?limit=1000,2ca9a95e017672b7b7b1888c53b34ebe3a52dfe73385313a67a219c7570e1d3c
2018,Hungarian Grand Prix,Race,8,grosjean,GRO,MATCHED_DRIVER_ID,29,1,15:54:26,21.733,,,2018-07-29,DURATION_AND_TIME_OF_DAY_ONLY,https://api.jolpi.ca/ergast/f1/2018/12/pitstops.json?limit=1000,2ca9a95e017672b7b7b1888c53b34ebe3a52dfe73385313a67a219c7570e1d3c
2018,Hungarian Grand Prix,Race,9,kevin_magnussen,MAG,MATCHED_DRIVER_ID,31,1,15:57:05,25.126,,,2018-07-29,DURATION_AND_TIME_OF_DAY_ONLY,https://api.jolpi.ca/ergast/f1/2018/12/pitstops.json?limit=1000,2ca9a95e017672b7b7b1888c53b34ebe3a52dfe73385313a67a219c7570e1d3c
2018,Hungarian Grand Prix,Race,10,sirotkin,SIR,MATCHED_DRIVER_ID,31,1,15:57:50,21.509,,,2018-07-29,DURATION_AND_TIME_OF_DAY_ONLY,https://api.jolpi.ca/ergast/f1/2018/12/pitstops.json?limit=1000,2ca9a95e017672b7b7b1888c53b34ebe3a52dfe73385313a67a219c7570e1d3c
2018,Hungarian Grand Prix,Race,11,gasly,GAS,MATCHED_DRIVER_ID,32,1,15:58:19,21.684,,,2018-07-29,DURATION_AND_TIME_OF_DAY_ONLY,https://api.jolpi.ca/ergast/f1/2018/12/pitstops.json?limit=1000,2ca9a95e017672b7b7b1888c53b34ebe3a52dfe73385313a67a219c7570e1d3c
2018,Hungarian Grand Prix,Race,12,raikkonen,RAI,MATCHED_DRIVER_ID,38,2,16:06:22,21.829,,,2018-07-29,DURATION_AND_TIME_OF_DAY_ONLY,https://api.jolpi.ca/ergast/f1/2018/12/pitstops.json?limit=1000,2ca9a95e017672b7b7b1888c53b34ebe3a52dfe73385313a67a219c7570e1d3c
2018,Hungarian Grand Prix,Race,13,vettel,VET,MATCHED_DRIVER_ID,39,1,16:07:21,23.111,,,2018-07-29,DURATION_AND_TIME_OF_DAY_ONLY,https://api.jolpi.ca/ergast/f1/2018/12/pitstops.json?limit=1000,2ca9a95e017672b7b7b1888c53b34ebe3a52dfe73385313a67a219c7570e1d3c
2018,Hungarian Grand Prix,Race,14,alonso,ALO,MATCHED_DRIVER_ID,39,1,16:08:27,21.795,,,2018-07-29,DURATION_AND_TIME_OF_DAY_ONLY,https://api.jolpi.ca/ergast/f1/2018/12/pitstops.json?limit=1000,2ca9a95e017672b7b7b1888c53b34ebe3a52dfe73385313a67a219c7570e1d3c
2018,Hungarian Grand Prix,Race,15,ocon,OCO,MATCHED_DRIVER_ID,39,1,16:08:53,22.258,,,2018-07-29,DURATION_AND_TIME_OF_DAY_ONLY,https://api.jolpi.ca/ergast/f1/2018/12/pitstops.json?limit=1000,2ca9a95e017672b7b7b1888c53b34ebe3a52dfe73385313a67a219c7570e1d3c
2018,Hungarian Grand Prix,Race,16,vandoorne,VAN,MATCHED_DRIVER_ID,40,1,16:09:54,21.732,,,2018-07-29,DURATION_AND_TIME_OF_DAY_ONLY,https://api.jolpi.ca/ergast/f1/2018/12/pitstops.json?limit=1000,2ca9a95e017672b7b7b1888c53b34ebe3a52dfe73385313a67a219c7570e1d3c
2018,Hungarian Grand Prix,Race,17,ricciardo,RIC,MATCHED_DRIVER_ID,44,1,16:14:45,21.364,,,2018-07-29,DURATION_AND_TIME_OF_DAY_ONLY,https://api.jolpi.ca/ergast/f1/2018/12/pitstops.json?limit=1000,2ca9a95e017672b7b7b1888c53b34ebe3a52dfe73385313a67a219c7570e1d3c
2018,Hungarian Grand Prix,Race,18,stroll,STR,MATCHED_DRIVER_ID,47,1,16:20:54,21.291,,,2018-07-29,DURATION_AND_TIME_OF_DAY_ONLY,https://api.jolpi.ca/ergast/f1/2018/12/pitstops.json?limit=1000,2ca9a95e017672b7b7b1888c53b34ebe3a52dfe73385313a67a219c7570e1d3c
2018,Hungarian Grand Prix,Race,19,hulkenberg,HUL,MATCHED_DRIVER_ID,50,2,16:24:45,22.65,,,2018-07-29,DURATION_AND_TIME_OF_DAY_ONLY,https://api.jolpi.ca/ergast/f1/2018/12/pitstops.json?limit=1000,2ca9a95e017672b7b7b1888c53b34ebe3a52dfe73385313a67a219c7570e1d3c
2018,Japanese Grand Prix,Race,0,kevin_magnussen,MAG,MATCHED_DRIVER_ID,2,1,14:17:48,29.007,,,2018-10-07,DURATION_AND_TIME_OF_DAY_ONLY,https://api.jolpi.ca/ergast/f1/2018/17/pitstops.json?limit=1000,1d261f6447a683d344f8a164f5f93c6b223ccb70dd96455ba42c16c7d31875c7
2018,Japanese Grand Prix,Race,1,leclerc,LEC,MATCHED_DRIVER_ID,4,1,14:20:44,38.891,,,2018-10-07,DURATION_AND_TIME_OF_DAY_ONLY,https://api.jolpi.ca/ergast/f1/2018/17/pitstops.json?limit=1000,1d261f6447a683d344f8a164f5f93c6b223ccb70dd96455ba42c16c7d31875c7
2018,Japanese Grand Prix,Race,2,sirotkin,SIR,MATCHED_DRIVER_ID,4,1,14:20:51,23.66,,,2018-10-07,DURATION_AND_TIME_OF_DAY_ONLY,https://api.jolpi.ca/ergast/f1/2018/17/pitstops.json?limit=1000,1d261f6447a683d344f8a164f5f93c6b223ccb70dd96455ba42c16c7d31875c7
2018,Japanese Grand Prix,Race,3,ericsson,ERI,MATCHED_DRIVER_ID,5,1,14:23:11,23.244,,,2018-10-07,DURATION_AND_TIME_OF_DAY_ONLY,https://api.jolpi.ca/ergast/f1/2018/17/pitstops.json?limit=1000,1d261f6447a683d344f8a164f5f93c6b223ccb70dd96455ba42c16c7d31875c7
2018,Japanese Grand Prix,Race,4,stroll,STR,MATCHED_DRIVER_ID,14,1,14:39:30,23.657,,,2018-10-07,DURATION_AND_TIME_OF_DAY_ONLY,https://api.jolpi.ca/ergast/f1/2018/17/pitstops.json?limit=1000,1d261f6447a683d344f8a164f5f93c6b223ccb70dd96455ba42c16c7d31875c7
2018,Japanese Grand Prix,Race,5,raikkonen,RAI,MATCHED_DRIVER_ID,17,1,14:43:53,22.781,,,2018-10-07,DURATION_AND_TIME_OF_DAY_ONLY,https://api.jolpi.ca/ergast/f1/2018/17/pitstops.json?limit=1000,1d261f6447a683d344f8a164f5f93c6b223ccb70dd96455ba42c16c7d31875c7
2018,Japanese Grand Prix,Race,6,max_verstappen,VER,MATCHED_DRIVER_ID,21,1,14:50:08,28.789,,,2018-10-07,DURATION_AND_TIME_OF_DAY_ONLY,https://api.jolpi.ca/ergast/f1/2018/17/pitstops.json?limit=1000,1d261f6447a683d344f8a164f5f93c6b223ccb70dd96455ba42c16c7d31875c7
2018,Japanese Grand Prix,Race,7,bottas,BOT,MATCHED_DRIVER_ID,23,1,14:53:12,22.777,,,2018-10-07,DURATION_AND_TIME_OF_DAY_ONLY,https://api.jolpi.ca/ergast/f1/2018/17/pitstops.json?limit=1000,1d261f6447a683d344f8a164f5f93c6b223ccb70dd96455ba42c16c7d31875c7
2018,Japanese Grand Prix,Race,8,ricciardo,RIC,MATCHED_DRIVER_ID,23,1,14:53:24,22.864,,,2018-10-07,DURATION_AND_TIME_OF_DAY_ONLY,https://api.jolpi.ca/ergast/f1/2018/17/pitstops.json?limit=1000,1d261f6447a683d344f8a164f5f93c6b223ccb70dd96455ba42c16c7d31875c7
2018,Japanese Grand Prix,Race,9,vandoorne,VAN,MATCHED_DRIVER_ID,23,1,14:54:14,23.159,,,2018-10-07,DURATION_AND_TIME_OF_DAY_ONLY,https://api.jolpi.ca/ergast/f1/2018/17/pitstops.json?limit=1000,1d261f6447a683d344f8a164f5f93c6b223ccb70dd96455ba42c16c7d31875c7
2018,Japanese Grand Prix,Race,10,hamilton,HAM,MATCHED_DRIVER_ID,24,1,14:54:41,22.614,,,2018-10-07,DURATION_AND_TIME_OF_DAY_ONLY,https://api.jolpi.ca/ergast/f1/2018/17/pitstops.json?limit=1000,1d261f6447a683d344f8a164f5f93c6b223ccb70dd96455ba42c16c7d31875c7
2018,Japanese Grand Prix,Race,11,perez,PER,MATCHED_DRIVER_ID,24,1,14:55:30,23.635,,,2018-10-07,DURATION_AND_TIME_OF_DAY_ONLY,https://api.jolpi.ca/ergast/f1/2018/17/pitstops.json?limit=1000,1d261f6447a683d344f8a164f5f93c6b223ccb70dd96455ba42c16c7d31875c7
2018,Japanese Grand Prix,Race,12,ocon,OCO,MATCHED_DRIVER_ID,26,1,14:58:45,23.316,,,2018-10-07,DURATION_AND_TIME_OF_DAY_ONLY,https://api.jolpi.ca/ergast/f1/2018/17/pitstops.json?limit=1000,1d261f6447a683d344f8a164f5f93c6b223ccb70dd96455ba42c16c7d31875c7
2018,Japanese Grand Prix,Race,13,vettel,VET,MATCHED_DRIVER_ID,26,1,14:58:49,22.748,,,2018-10-07,DURATION_AND_TIME_OF_DAY_ONLY,https://api.jolpi.ca/ergast/f1/2018/17/pitstops.json?limit=1000,1d261f6447a683d344f8a164f5f93c6b223ccb70dd96455ba42c16c7d31875c7
2018,Japanese Grand Prix,Race,14,alonso,ALO,MATCHED_DRIVER_ID,26,1,14:58:57,27.454,,,2018-10-07,DURATION_AND_TIME_OF_DAY_ONLY,https://api.jolpi.ca/ergast/f1/2018/17/pitstops.json?limit=1000,1d261f6447a683d344f8a164f5f93c6b223ccb70dd96455ba42c16c7d31875c7
2018,Japanese Grand Prix,Race,15,brendon_hartley,HAR,MATCHED_DRIVER_ID,28,1,15:02:08,23.11,,,2018-10-07,DURATION_AND_TIME_OF_DAY_ONLY,https://api.jolpi.ca/ergast/f1/2018/17/pitstops.json?limit=1000,1d261f6447a683d344f8a164f5f93c6b223ccb70dd96455ba42c16c7d31875c7
2018,Japanese Grand Prix,Race,16,grosjean,GRO,MATCHED_DRIVER_ID,29,1,15:03:29,23.692,,,2018-10-07,DURATION_AND_TIME_OF_DAY_ONLY,https://api.jolpi.ca/ergast/f1/2018/17/pitstops.json?limit=1000,1d261f6447a683d344f8a164f5f93c6b223ccb70dd96455ba42c16c7d31875c7
2018,Japanese Grand Prix,Race,17,gasly,GAS,MATCHED_DRIVER_ID,29,1,15:03:37,23.376,,,2018-10-07,DURATION_AND_TIME_OF_DAY_ONLY,https://api.jolpi.ca/ergast/f1/2018/17/pitstops.json?limit=1000,1d261f6447a683d344f8a164f5f93c6b223ccb70dd96455ba42c16c7d31875c7
2018,Japanese Grand Prix,Race,18,hulkenberg,HUL,MATCHED_DRIVER_ID,30,1,15:05:33,23.555,,,2018-10-07,DURATION_AND_TIME_OF_DAY_ONLY,https://api.jolpi.ca/ergast/f1/2018/17/pitstops.json?limit=1000,1d261f6447a683d344f8a164f5f93c6b223ccb70dd96455ba42c16c7d31875c7
2018,Japanese Grand Prix,Race,19,sainz,SAI,MATCHED_DRIVER_ID,32,1,15:08:30,23.477,,,2018-10-07,DURATION_AND_TIME_OF_DAY_ONLY,https://api.jolpi.ca/ergast/f1/2018/17/pitstops.json?limit=1000,1d261f6447a683d344f8a164f5f93c6b223ccb70dd96455ba42c16c7d31875c7
2018,Japanese Grand Prix,Race,20,leclerc,LEC,MATCHED_DRIVER_ID,35,2,15:13:39,26.672,,,2018-10-07,DURATION_AND_TIME_OF_DAY_ONLY,https://api.jolpi.ca/ergast/f1/2018/17/pitstops.json?limit=1000,1d261f6447a683d344f8a164f5f93c6b223ccb70dd96455ba42c16c7d31875c7
2018,Japanese Grand Prix,Race,21,sirotkin,SIR,MATCHED_DRIVER_ID,38,2,15:18:43,23.647,,,2018-10-07,DURATION_AND_TIME_OF_DAY_ONLY,https://api.jolpi.ca/ergast/f1/2018/17/pitstops.json?limit=1000,1d261f6447a683d344f8a164f5f93c6b223ccb70dd96455ba42c16c7d31875c7
2018,Japanese Grand Prix,Race,22,stroll,STR,MATCHED_DRIVER_ID,39,2,15:20:25,29.804,,,2018-10-07,DURATION_AND_TIME_OF_DAY_ONLY,https://api.jolpi.ca/ergast/f1/2018/17/pitstops.json?limit=1000,1d261f6447a683d344f8a164f5f93c6b223ccb70dd96455ba42c16c7d31875c7
2018,Mexican Grand Prix,Race,0,ocon,OCO,MATCHED_DRIVER_ID,1,1,13:14:32,27.806,,,2018-10-28,DURATION_AND_TIME_OF_DAY_ONLY,https://api.jolpi.ca/ergast/f1/2018/19/pitstops.json?limit=1000,a47a7f178d1d05da2b8962bd1d2d8995e6ce91a95c47df966f5e4509c163e599
2018,Mexican Grand Prix,Race,1,brendon_hartley,HAR,MATCHED_DRIVER_ID,1,1,13:14:35,22.055,,,2018-10-28,DURATION_AND_TIME_OF_DAY_ONLY,https://api.jolpi.ca/ergast/f1/2018/19/pitstops.json?limit=1000,a47a7f178d1d05da2b8962bd1d2d8995e6ce91a95c47df966f5e4509c163e599
2018,Mexican Grand Prix,Race,2,gasly,GAS,MATCHED_DRIVER_ID,5,1,13:20:36,22.57,,,2018-10-28,DURATION_AND_TIME_OF_DAY_ONLY,https://api.jolpi.ca/ergast/f1/2018/19/pitstops.json?limit=1000,a47a7f178d1d05da2b8962bd1d2d8995e6ce91a95c47df966f5e4509c163e599
2018,Mexican Grand Prix,Race,3,stroll,STR,MATCHED_DRIVER_ID,10,1,13:27:33,24.451,,,2018-10-28,DURATION_AND_TIME_OF_DAY_ONLY,https://api.jolpi.ca/ergast/f1/2018/19/pitstops.json?limit=1000,a47a7f178d1d05da2b8962bd1d2d8995e6ce91a95c47df966f5e4509c163e599
2018,Mexican Grand Prix,Race,4,hamilton,HAM,MATCHED_DRIVER_ID,11,1,13:28:21,22.269,,,2018-10-28,DURATION_AND_TIME_OF_DAY_ONLY,https://api.jolpi.ca/ergast/f1/2018/19/pitstops.json?limit=1000,a47a7f178d1d05da2b8962bd1d2d8995e6ce91a95c47df966f5e4509c163e599
2018,Mexican Grand Prix,Race,5,bottas,BOT,MATCHED_DRIVER_ID,11,1,13:28:30,22.105,,,2018-10-28,DURATION_AND_TIME_OF_DAY_ONLY,https://api.jolpi.ca/ergast/f1/2018/19/pitstops.json?limit=1000,a47a7f178d1d05da2b8962bd1d2d8995e6ce91a95c47df966f5e4509c163e599
2018,Mexican Grand Prix,Race,6,sainz,SAI,MATCHED_DRIVER_ID,11,1,13:28:40,22.66,,,2018-10-28,DURATION_AND_TIME_OF_DAY_ONLY,https://api.jolpi.ca/ergast/f1/2018/19/pitstops.json?limit=1000,a47a7f178d1d05da2b8962bd1d2d8995e6ce91a95c47df966f5e4509c163e599
2018,Mexican Grand Prix,Race,7,sirotkin,SIR,MATCHED_DRIVER_ID,11,1,13:29:04,22.732,,,2018-10-28,DURATION_AND_TIME_OF_DAY_ONLY,https://api.jolpi.ca/ergast/f1/2018/19/pitstops.json?limit=1000,a47a7f178d1d05da2b8962bd1d2d8995e6ce91a95c47df966f5e4509c163e599
2018,Mexican Grand Prix,Race,8,ricciardo,RIC,MATCHED_DRIVER_ID,12,1,13:29:44,22.022,,,2018-10-28,DURATION_AND_TIME_OF_DAY_ONLY,https://api.jolpi.ca/ergast/f1/2018/19/pitstops.json?limit=1000,a47a7f178d1d05da2b8962bd1d2d8995e6ce91a95c47df966f5e4509c163e599
2018,Mexican Grand Prix,Race,9,hulkenberg,HUL,MATCHED_DRIVER_ID,12,1,13:30:08,23.037,,,2018-10-28,DURATION_AND_TIME_OF_DAY_ONLY,https://api.jolpi.ca/ergast/f1/2018/19/pitstops.json?limit=1000,a47a7f178d1d05da2b8962bd1d2d8995e6ce91a95c47df966f5e4509c163e599
2018,Mexican Grand Prix,Race,10,vandoorne,VAN,MATCHED_DRIVER_ID,12,1,13:30:25,22.174,,,2018-10-28,DURATION_AND_TIME_OF_DAY_ONLY,https://api.jolpi.ca/ergast/f1/2018/19/pitstops.json?limit=1000,a47a7f178d1d05da2b8962bd1d2d8995e6ce91a95c47df966f5e4509c163e599
2018,Mexican Grand Prix,Race,11,max_verstappen,VER,MATCHED_DRIVER_ID,13,1,13:31:00,22.175,,,2018-10-28,DURATION_AND_TIME_OF_DAY_ONLY,https://api.jolpi.ca/ergast/f1/2018/19/pitstops.json?limit=1000,a47a7f178d1d05da2b8962bd1d2d8995e6ce91a95c47df966f5e4509c163e599
2018,Mexican Grand Prix,Race,12,leclerc,LEC,MATCHED_DRIVER_ID,13,1,13:31:39,22.588,,,2018-10-28,DURATION_AND_TIME_OF_DAY_ONLY,https://api.jolpi.ca/ergast/f1/2018/19/pitstops.json?limit=1000,a47a7f178d1d05da2b8962bd1d2d8995e6ce91a95c47df966f5e4509c163e599
2018,Mexican Grand Prix,Race,13,ericsson,ERI,MATCHED_DRIVER_ID,16,1,13:36:10,31.406,,,2018-10-28,DURATION_AND_TIME_OF_DAY_ONLY,https://api.jolpi.ca/ergast/f1/2018/19/pitstops.json?limit=1000,a47a7f178d1d05da2b8962bd1d2d8995e6ce91a95c47df966f5e4509c163e599
2018,Mexican Grand Prix,Race,14,vettel,VET,MATCHED_DRIVER_ID,17,1,13:36:37,22.658,,,2018-10-28,DURATION_AND_TIME_OF_DAY_ONLY,https://api.jolpi.ca/ergast/f1/2018/19/pitstops.json?limit=1000,a47a7f178d1d05da2b8962bd1d2d8995e6ce91a95c47df966f5e4509c163e599
2018,Mexican Grand Prix,Race,15,raikkonen,RAI,MATCHED_DRIVER_ID,17,1,13:36:57,22.017,,,2018-10-28,DURATION_AND_TIME_OF_DAY_ONLY,https://api.jolpi.ca/ergast/f1/2018/19/pitstops.json?limit=1000,a47a7f178d1d05da2b8962bd1d2d8995e6ce91a95c47df966f5e4509c163e599
2018,Mexican Grand Prix,Race,16,stroll,STR,MATCHED_DRIVER_ID,23,2,13:46:14,23.371,,,2018-10-28,DURATION_AND_TIME_OF_DAY_ONLY,https://api.jolpi.ca/ergast/f1/2018/19/pitstops.json?limit=1000,a47a7f178d1d05da2b8962bd1d2d8995e6ce91a95c47df966f5e4509c163e599
2018,Mexican Grand Prix,Race,17,brendon_hartley,HAR,MATCHED_DRIVER_ID,24,2,13:47:35,23.553,,,2018-10-28,DURATION_AND_TIME_OF_DAY_ONLY,https://api.jolpi.ca/ergast/f1/2018/19/pitstops.json?limit=1000,a47a7f178d1d05da2b8962bd1d2d8995e6ce91a95c47df966f5e4509c163e599
2018,Mexican Grand Prix,Race,18,gasly,GAS,MATCHED_DRIVER_ID,26,2,13:50:29,23.055,,,2018-10-28,DURATION_AND_TIME_OF_DAY_ONLY,https://api.jolpi.ca/ergast/f1/2018/19/pitstops.json?limit=1000,a47a7f178d1d05da2b8962bd1d2d8995e6ce91a95c47df966f5e4509c163e599
2018,Mexican Grand Prix,Race,19,perez,PER,MATCHED_DRIVER_ID,30,1,13:56:04,23.755,,,2018-10-28,DURATION_AND_TIME_OF_DAY_ONLY,https://api.jolpi.ca/ergast/f1/2018/19/pitstops.json?limit=1000,a47a7f178d1d05da2b8962bd1d2d8995e6ce91a95c47df966f5e4509c163e599
2018,Mexican Grand Prix,Race,20,ocon,OCO,MATCHED_DRIVER_ID,30,2,13:56:33,22.756,,,2018-10-28,DURATION_AND_TIME_OF_DAY_ONLY,https://api.jolpi.ca/ergast/f1/2018/19/pitstops.json?limit=1000,a47a7f178d1d05da2b8962bd1d2d8995e6ce91a95c47df966f5e4509c163e599
2018,Mexican Grand Prix,Race,21,kevin_magnussen,MAG,MATCHED_DRIVER_ID,43,1,14:15:14,22.39,,,2018-10-28,DURATION_AND_TIME_OF_DAY_ONLY,https://api.jolpi.ca/ergast/f1/2018/19/pitstops.json?limit=1000,a47a7f178d1d05da2b8962bd1d2d8995e6ce91a95c47df966f5e4509c163e599
2018,Mexican Grand Prix,Race,22,grosjean,GRO,MATCHED_DRIVER_ID,44,1,14:16:47,22.733,,,2018-10-28,DURATION_AND_TIME_OF_DAY_ONLY,https://api.jolpi.ca/ergast/f1/2018/19/pitstops.json?limit=1000,a47a7f178d1d05da2b8962bd1d2d8995e6ce91a95c47df966f5e4509c163e599
2018,Mexican Grand Prix,Race,23,vettel,VET,MATCHED_DRIVER_ID,47,2,14:18:25,21.777,,,2018-10-28,DURATION_AND_TIME_OF_DAY_ONLY,https://api.jolpi.ca/ergast/f1/2018/19/pitstops.json?limit=1000,a47a7f178d1d05da2b8962bd1d2d8995e6ce91a95c47df966f5e4509c163e599
2018,Mexican Grand Prix,Race,24,hamilton,HAM,MATCHED_DRIVER_ID,47,2,14:18:42,22.399,,,2018-10-28,DURATION_AND_TIME_OF_DAY_ONLY,https://api.jolpi.ca/ergast/f1/2018/19/pitstops.json?limit=1000,a47a7f178d1d05da2b8962bd1d2d8995e6ce91a95c47df966f5e4509c163e599
2018,Mexican Grand Prix,Race,25,max_verstappen,VER,MATCHED_DRIVER_ID,48,2,14:19:35,22.088,,,2018-10-28,DURATION_AND_TIME_OF_DAY_ONLY,https://api.jolpi.ca/ergast/f1/2018/19/pitstops.json?limit=1000,a47a7f178d1d05da2b8962bd1d2d8995e6ce91a95c47df966f5e4509c163e599
2018,Mexican Grand Prix,Race,26,bottas,BOT,MATCHED_DRIVER_ID,48,2,14:20:17,23.887,,,2018-10-28,DURATION_AND_TIME_OF_DAY_ONLY,https://api.jolpi.ca/ergast/f1/2018/19/pitstops.json?limit=1000,a47a7f178d1d05da2b8962bd1d2d8995e6ce91a95c47df966f5e4509c163e599
2018,Mexican Grand Prix,Race,27,grosjean,GRO,MATCHED_DRIVER_ID,60,2,14:40:00,23.426,,,2018-10-28,DURATION_AND_TIME_OF_DAY_ONLY,https://api.jolpi.ca/ergast/f1/2018/19/pitstops.json?limit=1000,a47a7f178d1d05da2b8962bd1d2d8995e6ce91a95c47df966f5e4509c163e599
2018,Mexican Grand Prix,Race,28,bottas,BOT,MATCHED_DRIVER_ID,62,3,14:40:33,22.512,,,2018-10-28,DURATION_AND_TIME_OF_DAY_ONLY,https://api.jolpi.ca/ergast/f1/2018/19/pitstops.json?limit=1000,a47a7f178d1d05da2b8962bd1d2d8995e6ce91a95c47df966f5e4509c163e599
2019,Abu Dhabi Grand Prix,Race,0,stroll,STR,MATCHED_DRIVER_ID,5,1,17:22:34,28.842,,,2019-12-01,DURATION_AND_TIME_OF_DAY_ONLY,https://api.jolpi.ca/ergast/f1/2019/21/pitstops.json?limit=1000,43565b5bbef98c5f820ea014190b4b6d44f34af407f444be45d53ccc860394c8
2019,Abu Dhabi Grand Prix,Race,1,norris,NOR,MATCHED_DRIVER_ID,8,1,17:27:40,22.974,,,2019-12-01,DURATION_AND_TIME_OF_DAY_ONLY,https://api.jolpi.ca/ergast/f1/2019/21/pitstops.json?limit=1000,43565b5bbef98c5f820ea014190b4b6d44f34af407f444be45d53ccc860394c8
2019,Abu Dhabi Grand Prix,Race,2,giovinazzi,GIO,MATCHED_DRIVER_ID,8,1,17:27:52,21.977,,,2019-12-01,DURATION_AND_TIME_OF_DAY_ONLY,https://api.jolpi.ca/ergast/f1/2019/21/pitstops.json?limit=1000,43565b5bbef98c5f820ea014190b4b6d44f34af407f444be45d53ccc860394c8
2019,Abu Dhabi Grand Prix,Race,3,ricciardo,RIC,MATCHED_DRIVER_ID,11,1,17:32:58,21.904,,,2019-12-01,DURATION_AND_TIME_OF_DAY_ONLY,https://api.jolpi.ca/ergast/f1/2019/21/pitstops.json?limit=1000,43565b5bbef98c5f820ea014190b4b6d44f34af407f444be45d53ccc860394c8
2019,Abu Dhabi Grand Prix,Race,4,leclerc,LEC,MATCHED_DRIVER_ID,12,1,17:34:14,21.697,,,2019-12-01,DURATION_AND_TIME_OF_DAY_ONLY,https://api.jolpi.ca/ergast/f1/2019/21/pitstops.json?limit=1000,43565b5bbef98c5f820ea014190b4b6d44f34af407f444be45d53ccc860394c8
2019,Abu Dhabi Grand Prix,Race,5,vettel,VET,MATCHED_DRIVER_ID,12,1,17:34:22,25.771,,,2019-12-01,DURATION_AND_TIME_OF_DAY_ONLY,https://api.jolpi.ca/ergast/f1/2019/21/pitstops.json?limit=1000,43565b5bbef98c5f820ea014190b4b6d44f34af407f444be45d53ccc860394c8
2019,Abu Dhabi Grand Prix,Race,6,sainz,SAI,MATCHED_DRIVER_ID,12,1,17:34:43,21.928,,,2019-12-01,DURATION_AND_TIME_OF_DAY_ONLY,https://api.jolpi.ca/ergast/f1/2019/21/pitstops.json?limit=1000,43565b5bbef98c5f820ea014190b4b6d44f34af407f444be45d53ccc860394c8
2019,Abu Dhabi Grand Prix,Race,7,albon,ALB,MATCHED_DRIVER_ID,13,1,17:36:11,22.028,,,2019-12-01,DURATION_AND_TIME_OF_DAY_ONLY,https://api.jolpi.ca/ergast/f1/2019/21/pitstops.json?limit=1000,43565b5bbef98c5f820ea014190b4b6d44f34af407f444be45d53ccc860394c8
2019,Abu Dhabi Grand Prix,Race,8,hulkenberg,HUL,MATCHED_DRIVER_ID,18,1,17:45:13,21.578,,,2019-12-01,DURATION_AND_TIME_OF_DAY_ONLY,https://api.jolpi.ca/ergast/f1/2019/21/pitstops.json?limit=1000,43565b5bbef98c5f820ea014190b4b6d44f34af407f444be45d53ccc860394c8
2019,Abu Dhabi Grand Prix,Race,9,grosjean,GRO,MATCHED_DRIVER_ID,18,1,17:45:37,21.968,,,2019-12-01,DURATION_AND_TIME_OF_DAY_ONLY,https://api.jolpi.ca/ergast/f1/2019/21/pitstops.json?limit=1000,43565b5bbef98c5f820ea014190b4b6d44f34af407f444be45d53ccc860394c8
2019,Abu Dhabi Grand Prix,Race,10,kevin_magnussen,MAG,MATCHED_DRIVER_ID,20,1,17:48:59,21.531,,,2019-12-01,DURATION_AND_TIME_OF_DAY_ONLY,https://api.jolpi.ca/ergast/f1/2019/21/pitstops.json?limit=1000,43565b5bbef98c5f820ea014190b4b6d44f34af407f444be45d53ccc860394c8
2019,Abu Dhabi Grand Prix,Race,11,raikkonen,RAI,MATCHED_DRIVER_ID,22,1,17:52:32,22.41,,,2019-12-01,DURATION_AND_TIME_OF_DAY_ONLY,https://api.jolpi.ca/ergast/f1/2019/21/pitstops.json?limit=1000,43565b5bbef98c5f820ea014190b4b6d44f34af407f444be45d53ccc860394c8
2019,Abu Dhabi Grand Prix,Race,12,stroll,STR,MATCHED_DRIVER_ID,23,2,17:54:47,21.778,,,2019-12-01,DURATION_AND_TIME_OF_DAY_ONLY,https://api.jolpi.ca/ergast/f1/2019/21/pitstops.json?limit=1000,43565b5bbef98c5f820ea014190b4b6d44f34af407f444be45d53ccc860394c8
2019,Abu Dhabi Grand Prix,Race,13,kubica,KUB,MATCHED_DRIVER_ID,24,1,17:56:31,21.688,,,2019-12-01,DURATION_AND_TIME_OF_DAY_ONLY,https://api.jolpi.ca/ergast/f1/2019/21/pitstops.json?limit=1000,43565b5bbef98c5f820ea014190b4b6d44f34af407f444be45d53ccc860394c8
2019,Abu Dhabi Grand Prix,Race,14,max_verstappen,VER,MATCHED_DRIVER_ID,25,1,17:56:36,21.023,,,2019-12-01,DURATION_AND_TIME_OF_DAY_ONLY,https://api.jolpi.ca/ergast/f1/2019/21/pitstops.json?limit=1000,43565b5bbef98c5f820ea014190b4b6d44f34af407f444be45d53ccc860394c8
2019,Abu Dhabi Grand Prix,Race,15,hamilton,HAM,MATCHED_DRIVER_ID,26,1,17:58:06,22.178,,,2019-12-01,DURATION_AND_TIME_OF_DAY_ONLY,https://api.jolpi.ca/ergast/f1/2019/21/pitstops.json?limit=1000,43565b5bbef98c5f820ea014190b4b6d44f34af407f444be45d53ccc860394c8
2019,Abu Dhabi Grand Prix,Race,16,giovinazzi,GIO,MATCHED_DRIVER_ID,26,2,18:00:00,22.188,,,2019-12-01,DURATION_AND_TIME_OF_DAY_ONLY,https://api.jolpi.ca/ergast/f1/2019/21/pitstops.json?limit=1000,43565b5bbef98c5f820ea014190b4b6d44f34af407f444be45d53ccc860394c8
2019,Abu Dhabi Grand Prix,Race,17,bottas,BOT,MATCHED_DRIVER_ID,29,1,18:04:02,21.145,,,2019-12-01,DURATION_AND_TIME_OF_DAY_ONLY,https://api.jolpi.ca/ergast/f1/2019/21/pitstops.json?limit=1000,43565b5bbef98c5f820ea014190b4b6d44f34af407f444be45d53ccc860394c8
2019,Abu Dhabi Grand Prix,Race,18,russell,RUS,MATCHED_DRIVER_ID,32,1,18:10:43,22.272,,,2019-12-01,DURATION_AND_TIME_OF_DAY_ONLY,https://api.jolpi.ca/ergast/f1/2019/21/pitstops.json?limit=1000,43565b5bbef98c5f820ea014190b4b6d44f34af407f444be45d53ccc860394c8
2019,Abu Dhabi Grand Prix,Race,19,perez,PER,MATCHED_DRIVER_ID,37,1,18:18:24,22.23,,,2019-12-01,DURATION_AND_TIME_OF_DAY_ONLY,https://api.jolpi.ca/ergast/f1/2019/21/pitstops.json?limit=1000,43565b5bbef98c5f820ea014190b4b6d44f34af407f444be45d53ccc860394c8
2019,Abu Dhabi Grand Prix,Race,20,leclerc,LEC,MATCHED_DRIVER_ID,38,2,18:19:14,21.274,,,2019-12-01,DURATION_AND_TIME_OF_DAY_ONLY,https://api.jolpi.ca/ergast/f1/2019/21/pitstops.json?limit=1000,43565b5bbef98c5f820ea014190b4b6d44f34af407f444be45d53ccc860394c8
2019,Abu Dhabi Grand Prix,Race,21,vettel,VET,MATCHED_DRIVER_ID,38,2,18:19:36,21.858,,,2019-12-01,DURATION_AND_TIME_OF_DAY_ONLY,https://api.jolpi.ca/ergast/f1/2019/21/pitstops.json?limit=1000,43565b5bbef98c5f820ea014190b4b6d44f34af407f444be45d53ccc860394c8
2019,Abu Dhabi Grand Prix,Race,22,kvyat,KVY,MATCHED_DRIVER_ID,40,1,18:23:38,21.496,,,2019-12-01,DURATION_AND_TIME_OF_DAY_ONLY,https://api.jolpi.ca/ergast/f1/2019/21/pitstops.json?limit=1000,43565b5bbef98c5f820ea014190b4b6d44f34af407f444be45d53ccc860394c8
2019,Abu Dhabi Grand Prix,Race,23,sainz,SAI,MATCHED_DRIVER_ID,41,2,18:25:36,21.466,,,2019-12-01,DURATION_AND_TIME_OF_DAY_ONLY,https://api.jolpi.ca/ergast/f1/2019/21/pitstops.json?limit=1000,43565b5bbef98c5f820ea014190b4b6d44f34af407f444be45d53ccc860394c8
2019,Abu Dhabi Grand Prix,Race,24,ricciardo,RIC,MATCHED_DRIVER_ID,42,2,18:27:24,21.624,,,2019-12-01,DURATION_AND_TIME_OF_DAY_ONLY,https://api.jolpi.ca/ergast/f1/2019/21/pitstops.json?limit=1000,43565b5bbef98c5f820ea014190b4b6d44f34af407f444be45d53ccc860394c8
2019,Australian Grand Prix,Race,0,kubica,KUB,MATCHED_DRIVER_ID,1,1,16:15:28,32.997,,,2019-03-17,DURATION_AND_TIME_OF_DAY_ONLY,https://api.jolpi.ca/ergast/f1/2019/1/pitstops.json?limit=1000,c15fe346cdd9fd05aefece47d3ebd7ea89ec71a69e03aaf2c75936948b2975f9
2019,Australian Grand Prix,Race,1,ricciardo,RIC,MATCHED_DRIVER_ID,1,1,16:15:30,33.027,,,2019-03-17,DURATION_AND_TIME_OF_DAY_ONLY,https://api.jolpi.ca/ergast/f1/2019/1/pitstops.json?limit=1000,c15fe346cdd9fd05aefece47d3ebd7ea89ec71a69e03aaf2c75936948b2975f9
2019,Australian Grand Prix,Race,2,raikkonen,RAI,MATCHED_DRIVER_ID,12,1,16:31:50,23.299,,,2019-03-17,DURATION_AND_TIME_OF_DAY_ONLY,https://api.jolpi.ca/ergast/f1/2019/1/pitstops.json?limit=1000,c15fe346cdd9fd05aefece47d3ebd7ea89ec71a69e03aaf2c75936948b2975f9
2019,Australian Grand Prix,Race,3,hulkenberg,HUL,MATCHED_DRIVER_ID,13,1,16:33:19,21.588,,,2019-03-17,DURATION_AND_TIME_OF_DAY_ONLY,https://api.jolpi.ca/ergast/f1/2019/1/pitstops.json?limit=1000,c15fe346cdd9fd05aefece47d3ebd7ea89ec71a69e03aaf2c75936948b2975f9
2019,Australian Grand Prix,Race,4,perez,PER,MATCHED_DRIVER_ID,13,1,16:33:28,23.234,,,2019-03-17,DURATION_AND_TIME_OF_DAY_ONLY,https://api.jolpi.ca/ergast/f1/2019/1/pitstops.json?limit=1000,c15fe346cdd9fd05aefece47d3ebd7ea89ec71a69e03aaf2c75936948b2975f9
2019,Australian Grand Prix,Race,5,vettel,VET,MATCHED_DRIVER_ID,14,1,16:34:28,21.995,,,2019-03-17,DURATION_AND_TIME_OF_DAY_ONLY,https://api.jolpi.ca/ergast/f1/2019/1/pitstops.json?limit=1000,c15fe346cdd9fd05aefece47d3ebd7ea89ec71a69e03aaf2c75936948b2975f9
2019,Australian Grand Prix,Race,6,kevin_magnussen,MAG,MATCHED_DRIVER_ID,14,1,16:34:47,22.388,,,2019-03-17,DURATION_AND_TIME_OF_DAY_ONLY,https://api.jolpi.ca/ergast/f1/2019/1/pitstops.json?limit=1000,c15fe346cdd9fd05aefece47d3ebd7ea89ec71a69e03aaf2c75936948b2975f9
2019,Australian Grand Prix,Race,7,albon,ALB,MATCHED_DRIVER_ID,14,1,16:34:57,21.78,,,2019-03-17,DURATION_AND_TIME_OF_DAY_ONLY,https://api.jolpi.ca/ergast/f1/2019/1/pitstops.json?limit=1000,c15fe346cdd9fd05aefece47d3ebd7ea89ec71a69e03aaf2c75936948b2975f9
2019,Australian Grand Prix,Race,8,hamilton,HAM,MATCHED_DRIVER_ID,15,1,16:35:52,21.515,,,2019-03-17,DURATION_AND_TIME_OF_DAY_ONLY,https://api.jolpi.ca/ergast/f1/2019/1/pitstops.json?limit=1000,c15fe346cdd9fd05aefece47d3ebd7ea89ec71a69e03aaf2c75936948b2975f9
2019,Australian Grand Prix,Race,9,grosjean,GRO,MATCHED_DRIVER_ID,15,1,16:36:19,29.981,,,2019-03-17,DURATION_AND_TIME_OF_DAY_ONLY,https://api.jolpi.ca/ergast/f1/2019/1/pitstops.json?limit=1000,c15fe346cdd9fd05aefece47d3ebd7ea89ec71a69e03aaf2c75936948b2975f9
2019,Australian Grand Prix,Race,10,norris,NOR,MATCHED_DRIVER_ID,15,1,16:36:25,21.627,,,2019-03-17,DURATION_AND_TIME_OF_DAY_ONLY,https://api.jolpi.ca/ergast/f1/2019/1/pitstops.json?limit=1000,c15fe346cdd9fd05aefece47d3ebd7ea89ec71a69e03aaf2c75936948b2975f9
2019,Australian Grand Prix,Race,11,bottas,BOT,MATCHED_DRIVER_ID,23,1,16:47:33,22.014,,,2019-03-17,DURATION_AND_TIME_OF_DAY_ONLY,https://api.jolpi.ca/ergast/f1/2019/1/pitstops.json?limit=1000,c15fe346cdd9fd05aefece47d3ebd7ea89ec71a69e03aaf2c75936948b2975f9
2019,Australian Grand Prix,Race,12,max_verstappen,VER,MATCHED_DRIVER_ID,25,1,16:50:47,21.157,,,2019-03-17,DURATION_AND_TIME_OF_DAY_ONLY,https://api.jolpi.ca/ergast/f1/2019/1/pitstops.json?limit=1000,c15fe346cdd9fd05aefece47d3ebd7ea89ec71a69e03aaf2c75936948b2975f9
2019,Australian Grand Prix,Race,13,kvyat,KVY,MATCHED_DRIVER_ID,26,1,16:52:54,22.086,,,2019-03-17,DURATION_AND_TIME_OF_DAY_ONLY,https://api.jolpi.ca/ergast/f1/2019/1/pitstops.json?limit=1000,c15fe346cdd9fd05aefece47d3ebd7ea89ec71a69e03aaf2c75936948b2975f9
2019,Australian Grand Prix,Race,14,russell,RUS,MATCHED_DRIVER_ID,26,1,16:53:46,21.689,,,2019-03-17,DURATION_AND_TIME_OF_DAY_ONLY,https://api.jolpi.ca/ergast/f1/2019/1/pitstops.json?limit=1000,c15fe346cdd9fd05aefece47d3ebd7ea89ec71a69e03aaf2c75936948b2975f9
2019,Australian Grand Prix,Race,15,stroll,STR,MATCHED_DRIVER_ID,27,1,16:54:21,22.471,,,2019-03-17,DURATION_AND_TIME_OF_DAY_ONLY,https://api.jolpi.ca/ergast/f1/2019/1/pitstops.json?limit=1000,c15fe346cdd9fd05aefece47d3ebd7ea89ec71a69e03aaf2c75936948b2975f9
2019,Australian Grand Prix,Race,16,giovinazzi,GIO,MATCHED_DRIVER_ID,27,1,16:54:58,27.172,,,2019-03-17,DURATION_AND_TIME_OF_DAY_ONLY,https://api.jolpi.ca/ergast/f1/2019/1/pitstops.json?limit=1000,c15fe346cdd9fd05aefece47d3ebd7ea89ec71a69e03aaf2c75936948b2975f9
2019,Australian Grand Prix,Race,17,leclerc,LEC,MATCHED_DRIVER_ID,28,1,16:55:26,22.306,,,2019-03-17,DURATION_AND_TIME_OF_DAY_ONLY,https://api.jolpi.ca/ergast/f1/2019/1/pitstops.json?limit=1000,c15fe346cdd9fd05aefece47d3ebd7ea89ec71a69e03aaf2c75936948b2975f9
2019,Australian Grand Prix,Race,18,kubica,KUB,MATCHED_DRIVER_ID,28,2,16:58:10,22.343,,,2019-03-17,DURATION_AND_TIME_OF_DAY_ONLY,https://api.jolpi.ca/ergast/f1/2019/1/pitstops.json?limit=1000,c15fe346cdd9fd05aefece47d3ebd7ea89ec71a69e03aaf2c75936948b2975f9
2019,Australian Grand Prix,Race,19,gasly,GAS,MATCHED_DRIVER_ID,37,1,17:09:14,21.269,,,2019-03-17,DURATION_AND_TIME_OF_DAY_ONLY,https://api.jolpi.ca/ergast/f1/2019/1/pitstops.json?limit=1000,c15fe346cdd9fd05aefece47d3ebd7ea89ec71a69e03aaf2c75936948b2975f9
2019,Australian Grand Prix,Race,20,russell,RUS,MATCHED_DRIVER_ID,42,2,17:18:18,21.543,,,2019-03-17,DURATION_AND_TIME_OF_DAY_ONLY,https://api.jolpi.ca/ergast/f1/2019/1/pitstops.json?limit=1000,c15fe346cdd9fd05aefece47d3ebd7ea89ec71a69e03aaf2c75936948b2975f9
2019,Australian Grand Prix,Race,21,kubica,KUB,MATCHED_DRIVER_ID,44,3,17:22:42,21.889,,,2019-03-17,DURATION_AND_TIME_OF_DAY_ONLY,https://api.jolpi.ca/ergast/f1/2019/1/pitstops.json?limit=1000,c15fe346cdd9fd05aefece47d3ebd7ea89ec71a69e03aaf2c75936948b2975f9
2019,Austrian Grand Prix,Race,0,kevin_magnussen,MAG,MATCHED_DRIVER_ID,11,1,15:26:15,23.243,,,2019-06-30,DURATION_AND_TIME_OF_DAY_ONLY,https://api.jolpi.ca/ergast/f1/2019/9/pitstops.json?limit=1000,aeb8731b65aaa81d62f4bd8c2fb61a42a44e89c586bf72eca8efd4e93bd3a47a
2019,Austrian Grand Prix,Race,1,kevin_magnussen,MAG,MATCHED_DRIVER_ID,13,2,15:29:01,16.224,,,2019-06-30,DURATION_AND_TIME_OF_DAY_ONLY,https://api.jolpi.ca/ergast/f1/2019/9/pitstops.json?limit=1000,aeb8731b65aaa81d62f4bd8c2fb61a42a44e89c586bf72eca8efd4e93bd3a47a
2019,Austrian Grand Prix,Race,2,kubica,KUB,MATCHED_DRIVER_ID,19,1,15:36:00,21.525,,,2019-06-30,DURATION_AND_TIME_OF_DAY_ONLY,https://api.jolpi.ca/ergast/f1/2019/9/pitstops.json?limit=1000,aeb8731b65aaa81d62f4bd8c2fb61a42a44e89c586bf72eca8efd4e93bd3a47a
2019,Austrian Grand Prix,Race,3,bottas,BOT,MATCHED_DRIVER_ID,21,1,15:37:18,22.552,,,2019-06-30,DURATION_AND_TIME_OF_DAY_ONLY,https://api.jolpi.ca/ergast/f1/2019/9/pitstops.json?limit=1000,aeb8731b65aaa81d62f4bd8c2fb61a42a44e89c586bf72eca8efd4e93bd3a47a
2019,Austrian Grand Prix,Race,4,vettel,VET,MATCHED_DRIVER_ID,21,1,15:37:22,25.236,,,2019-06-30,DURATION_AND_TIME_OF_DAY_ONLY,https://api.jolpi.ca/ergast/f1/2019/9/pitstops.json?limit=1000,aeb8731b65aaa81d62f4bd8c2fb61a42a44e89c586bf72eca8efd4e93bd3a47a
2019,Austrian Grand Prix,Race,5,leclerc,LEC,MATCHED_DRIVER_ID,22,1,15:38:23,21.878,,,2019-06-30,DURATION_AND_TIME_OF_DAY_ONLY,https://api.jolpi.ca/ergast/f1/2019/9/pitstops.json?limit=1000,aeb8731b65aaa81d62f4bd8c2fb61a42a44e89c586bf72eca8efd4e93bd3a47a
2019,Austrian Grand Prix,Race,6,raikkonen,RAI,MATCHED_DRIVER_ID,23,1,15:40:05,21.709,,,2019-06-30,DURATION_AND_TIME_OF_DAY_ONLY,https://api.jolpi.ca/ergast/f1/2019/9/pitstops.json?limit=1000,aeb8731b65aaa81d62f4bd8c2fb61a42a44e89c586bf72eca8efd4e93bd3a47a
2019,Austrian Grand Prix,Race,7,giovinazzi,GIO,MATCHED_DRIVER_ID,24,1,15:41:20,21.672,,,2019-06-30,DURATION_AND_TIME_OF_DAY_ONLY,https://api.jolpi.ca/ergast/f1/2019/9/pitstops.json?limit=1000,aeb8731b65aaa81d62f4bd8c2fb61a42a44e89c586bf72eca8efd4e93bd3a47a
2019,Austrian Grand Prix,Race,8,norris,NOR,MATCHED_DRIVER_ID,25,1,15:42:23,21.547,,,2019-06-30,DURATION_AND_TIME_OF_DAY_ONLY,https://api.jolpi.ca/ergast/f1/2019/9/pitstops.json?limit=1000,aeb8731b65aaa81d62f4bd8c2fb61a42a44e89c586bf72eca8efd4e93bd3a47a
2019,Austrian Grand Prix,Race,9,gasly,GAS,MATCHED_DRIVER_ID,25,1,15:42:27,22.239,,,2019-06-30,DURATION_AND_TIME_OF_DAY_ONLY,https://api.jolpi.ca/ergast/f1/2019/9/pitstops.json?limit=1000,aeb8731b65aaa81d62f4bd8c2fb61a42a44e89c586bf72eca8efd4e93bd3a47a
2019,Austrian Grand Prix,Race,10,stroll,STR,MATCHED_DRIVER_ID,25,1,15:42:36,21.982,,,2019-06-30,DURATION_AND_TIME_OF_DAY_ONLY,https://api.jolpi.ca/ergast/f1/2019/9/pitstops.json?limit=1000,aeb8731b65aaa81d62f4bd8c2fb61a42a44e89c586bf72eca8efd4e93bd3a47a
2019,Austrian Grand Prix,Race,11,hulkenberg,HUL,MATCHED_DRIVER_ID,26,1,15:43:43,21.985,,,2019-06-30,DURATION_AND_TIME_OF_DAY_ONLY,https://api.jolpi.ca/ergast/f1/2019/9/pitstops.json?limit=1000,aeb8731b65aaa81d62f4bd8c2fb61a42a44e89c586bf72eca8efd4e93bd3a47a
2019,Austrian Grand Prix,Race,12,russell,RUS,MATCHED_DRIVER_ID,27,1,15:45:22,22.772,,,2019-06-30,DURATION_AND_TIME_OF_DAY_ONLY,https://api.jolpi.ca/ergast/f1/2019/9/pitstops.json?limit=1000,aeb8731b65aaa81d62f4bd8c2fb61a42a44e89c586bf72eca8efd4e93bd3a47a
2019,Austrian Grand Prix,Race,13,perez,PER,MATCHED_DRIVER_ID,28,1,15:46:02,22.33,,,2019-06-30,DURATION_AND_TIME_OF_DAY_ONLY,https://api.jolpi.ca/ergast/f1/2019/9/pitstops.json?limit=1000,aeb8731b65aaa81d62f4bd8c2fb61a42a44e89c586bf72eca8efd4e93bd3a47a
2019,Austrian Grand Prix,Race,14,hamilton,HAM,MATCHED_DRIVER_ID,30,1,15:47:46,30.067,,,2019-06-30,DURATION_AND_TIME_OF_DAY_ONLY,https://api.jolpi.ca/ergast/f1/2019/9/pitstops.json?limit=1000,aeb8731b65aaa81d62f4bd8c2fb61a42a44e89c586bf72eca8efd4e93bd3a47a
2019,Austrian Grand Prix,Race,15,max_verstappen,VER,MATCHED_DRIVER_ID,31,1,15:49:00,21.11,,,2019-06-30,DURATION_AND_TIME_OF_DAY_ONLY,https://api.jolpi.ca/ergast/f1/2019/9/pitstops.json?limit=1000,aeb8731b65aaa81d62f4bd8c2fb61a42a44e89c586bf72eca8efd4e93bd3a47a
2019,Austrian Grand Prix,Race,16,kvyat,KVY,MATCHED_DRIVER_ID,32,1,15:51:13,25.091,,,2019-06-30,DURATION_AND_TIME_OF_DAY_ONLY,https://api.jolpi.ca/ergast/f1/2019/9/pitstops.json?limit=1000,aeb8731b65aaa81d62f4bd8c2fb61a42a44e89c586bf72eca8efd4e93bd3a47a
2019,Austrian Grand Prix,Race,17,grosjean,GRO,MATCHED_DRIVER_ID,34,1,15:53:32,22.265,,,2019-06-30,DURATION_AND_TIME_OF_DAY_ONLY,https://api.jolpi.ca/ergast/f1/2019/9/pitstops.json?limit=1000,aeb8731b65aaa81d62f4bd8c2fb61a42a44e89c586bf72eca8efd4e93bd3a47a
2019,Austrian Grand Prix,Race,18,albon,ALB,MATCHED_DRIVER_ID,35,1,15:54:33,21.225,,,2019-06-30,DURATION_AND_TIME_OF_DAY_ONLY,https://api.jolpi.ca/ergast/f1/2019/9/pitstops.json?limit=1000,aeb8731b65aaa81d62f4bd8c2fb61a42a44e89c586bf72eca8efd4e93bd3a47a
2019,Austrian Grand Prix,Race,19,sainz,SAI,MATCHED_DRIVER_ID,41,1,16:01:19,21.266,,,2019-06-30,DURATION_AND_TIME_OF_DAY_ONLY,https://api.jolpi.ca/ergast/f1/2019/9/pitstops.json?limit=1000,aeb8731b65aaa81d62f4bd8c2fb61a42a44e89c586bf72eca8efd4e93bd3a47a
2019,Austrian Grand Prix,Race,20,ricciardo,RIC,MATCHED_DRIVER_ID,46,1,16:07:18,22.305,,,2019-06-30,DURATION_AND_TIME_OF_DAY_ONLY,https://api.jolpi.ca/ergast/f1/2019/9/pitstops.json?limit=1000,aeb8731b65aaa81d62f4bd8c2fb61a42a44e89c586bf72eca8efd4e93bd3a47a
2019,Austrian Grand Prix,Race,21,vettel,VET,MATCHED_DRIVER_ID,50,2,16:11:04,22.251,,,2019-06-30,DURATION_AND_TIME_OF_DAY_ONLY,https://api.jolpi.ca/ergast/f1/2019/9/pitstops.json?limit=1000,aeb8731b65aaa81d62f4bd8c2fb61a42a44e89c586bf72eca8efd4e93bd3a47a
2019,Austrian Grand Prix,Race,22,kevin_magnussen,MAG,MATCHED_DRIVER_ID,62,3,16:27:00,22.309,,,2019-06-30,DURATION_AND_TIME_OF_DAY_ONLY,https://api.jolpi.ca/ergast/f1/2019/9/pitstops.json?limit=1000,aeb8731b65aaa81d62f4bd8c2fb61a42a44e89c586bf72eca8efd4e93bd3a47a
2019,Azerbaijan Grand Prix,Race,0,kvyat,KVY,MATCHED_DRIVER_ID,5,1,16:23:10,21.013,,,2019-04-28,DURATION_AND_TIME_OF_DAY_ONLY,https://api.jolpi.ca/ergast/f1/2019/4/pitstops.json?limit=1000,14a44c396a8e136fa7c505a7a894ad6fb99a97ac6ab6bcd94b9f0ce70247ee93
2019,Azerbaijan Grand Prix,Race,1,raikkonen,RAI,MATCHED_DRIVER_ID,6,1,16:25:08,21.401,,,2019-04-28,DURATION_AND_TIME_OF_DAY_ONLY,https://api.jolpi.ca/ergast/f1/2019/4/pitstops.json?limit=1000,14a44c396a8e136fa7c505a7a894ad6fb99a97ac6ab6bcd94b9f0ce70247ee93
2019,Azerbaijan Grand Prix,Race,2,kevin_magnussen,MAG,MATCHED_DRIVER_ID,7,1,16:26:55,20.118,,,2019-04-28,DURATION_AND_TIME_OF_DAY_ONLY,https://api.jolpi.ca/ergast/f1/2019/4/pitstops.json?limit=1000,14a44c396a8e136fa7c505a7a894ad6fb99a97ac6ab6bcd94b9f0ce70247ee93
2019,Azerbaijan Grand Prix,Race,3,giovinazzi,GIO,MATCHED_DRIVER_ID,7,1,16:27:02,20.776,,,2019-04-28,DURATION_AND_TIME_OF_DAY_ONLY,https://api.jolpi.ca/ergast/f1/2019/4/pitstops.json?limit=1000,14a44c396a8e136fa7c505a7a894ad6fb99a97ac6ab6bcd94b9f0ce70247ee93
2019,Azerbaijan Grand Prix,Race,4,hulkenberg,HUL,MATCHED_DRIVER_ID,8,1,16:28:49,21.325,,,2019-04-28,DURATION_AND_TIME_OF_DAY_ONLY,https://api.jolpi.ca/ergast/f1/2019/4/pitstops.json?limit=1000,14a44c396a8e136fa7c505a7a894ad6fb99a97ac6ab6bcd94b9f0ce70247ee93
2019,Azerbaijan Grand Prix,Race,5,norris,NOR,MATCHED_DRIVER_ID,9,1,16:30:25,19.819,,,2019-04-28,DURATION_AND_TIME_OF_DAY_ONLY,https://api.jolpi.ca/ergast/f1/2019/4/pitstops.json?limit=1000,14a44c396a8e136fa7c505a7a894ad6fb99a97ac6ab6bcd94b9f0ce70247ee93
2019,Azerbaijan Grand Prix,Race,6,perez,PER,MATCHED_DRIVER_ID,10,1,16:32:13,20.939,,,2019-04-28,DURATION_AND_TIME_OF_DAY_ONLY,https://api.jolpi.ca/ergast/f1/2019/4/pitstops.json?limit=1000,14a44c396a8e136fa7c505a7a894ad6fb99a97ac6ab6bcd94b9f0ce70247ee93
2019,Azerbaijan Grand Prix,Race,7,stroll,STR,MATCHED_DRIVER_ID,10,1,16:32:27,23.099,,,2019-04-28,DURATION_AND_TIME_OF_DAY_ONLY,https://api.jolpi.ca/ergast/f1/2019/4/pitstops.json?limit=1000,14a44c396a8e136fa7c505a7a894ad6fb99a97ac6ab6bcd94b9f0ce70247ee93
2019,Azerbaijan Grand Prix,Race,8,ricciardo,RIC,MATCHED_DRIVER_ID,10,1,16:32:28,20.884,,,2019-04-28,DURATION_AND_TIME_OF_DAY_ONLY,https://api.jolpi.ca/ergast/f1/2019/4/pitstops.json?limit=1000,14a44c396a8e136fa7c505a7a894ad6fb99a97ac6ab6bcd94b9f0ce70247ee93
2019,Azerbaijan Grand Prix,Race,9,vettel,VET,MATCHED_DRIVER_ID,11,1,16:33:45,19.981,,,2019-04-28,DURATION_AND_TIME_OF_DAY_ONLY,https://api.jolpi.ca/ergast/f1/2019/4/pitstops.json?limit=1000,14a44c396a8e136fa7c505a7a894ad6fb99a97ac6ab6bcd94b9f0ce70247ee93
2019,Azerbaijan Grand Prix,Race,10,bottas,BOT,MATCHED_DRIVER_ID,12,1,16:35:24,20.006,,,2019-04-28,DURATION_AND_TIME_OF_DAY_ONLY,https://api.jolpi.ca/ergast/f1/2019/4/pitstops.json?limit=1000,14a44c396a8e136fa7c505a7a894ad6fb99a97ac6ab6bcd94b9f0ce70247ee93
2019,Azerbaijan Grand Prix,Race,11,sainz,SAI,MATCHED_DRIVER_ID,12,1,16:35:58,19.755,,,2019-04-28,DURATION_AND_TIME_OF_DAY_ONLY,https://api.jolpi.ca/ergast/f1/2019/4/pitstops.json?limit=1000,14a44c396a8e136fa7c505a7a894ad6fb99a97ac6ab6bcd94b9f0ce70247ee93
2019,Azerbaijan Grand Prix,Race,12,albon,ALB,MATCHED_DRIVER_ID,12,1,16:36:16,20.72,,,2019-04-28,DURATION_AND_TIME_OF_DAY_ONLY,https://api.jolpi.ca/ergast/f1/2019/4/pitstops.json?limit=1000,14a44c396a8e136fa7c505a7a894ad6fb99a97ac6ab6bcd94b9f0ce70247ee93
2019,Azerbaijan Grand Prix,Race,13,hamilton,HAM,MATCHED_DRIVER_ID,13,1,16:37:17,19.993,,,2019-04-28,DURATION_AND_TIME_OF_DAY_ONLY,https://api.jolpi.ca/ergast/f1/2019/4/pitstops.json?limit=1000,14a44c396a8e136fa7c505a7a894ad6fb99a97ac6ab6bcd94b9f0ce70247ee93
2019,Azerbaijan Grand Prix,Race,14,max_verstappen,VER,MATCHED_DRIVER_ID,14,1,16:39:16,20.973,,,2019-04-28,DURATION_AND_TIME_OF_DAY_ONLY,https://api.jolpi.ca/ergast/f1/2019/4/pitstops.json?limit=1000,14a44c396a8e136fa7c505a7a894ad6fb99a97ac6ab6bcd94b9f0ce70247ee93
2019,Azerbaijan Grand Prix,Race,15,kubica,KUB,MATCHED_DRIVER_ID,14,1,16:40:06,15.069,,,2019-04-28,DURATION_AND_TIME_OF_DAY_ONLY,https://api.jolpi.ca/ergast/f1/2019/4/pitstops.json?limit=1000,14a44c396a8e136fa7c505a7a894ad6fb99a97ac6ab6bcd94b9f0ce70247ee93
2019,Azerbaijan Grand Prix,Race,16,kubica,KUB,MATCHED_DRIVER_ID,23,2,16:57:00,21.037,,,2019-04-28,DURATION_AND_TIME_OF_DAY_ONLY,https://api.jolpi.ca/ergast/f1/2019/4/pitstops.json?limit=1000,14a44c396a8e136fa7c505a7a894ad6fb99a97ac6ab6bcd94b9f0ce70247ee93
2019,Azerbaijan Grand Prix,Race,17,russell,RUS,MATCHED_DRIVER_ID,25,1,17:00:30,20.475,,,2019-04-28,DURATION_AND_TIME_OF_DAY_ONLY,https://api.jolpi.ca/ergast/f1/2019/4/pitstops.json?limit=1000,14a44c396a8e136fa7c505a7a894ad6fb99a97ac6ab6bcd94b9f0ce70247ee93
2019,Azerbaijan Grand Prix,Race,18,leclerc,LEC,MATCHED_DRIVER_ID,34,1,17:14:53,20.382,,,2019-04-28,DURATION_AND_TIME_OF_DAY_ONLY,https://api.jolpi.ca/ergast/f1/2019/4/pitstops.json?limit=1000,14a44c396a8e136fa7c505a7a894ad6fb99a97ac6ab6bcd94b9f0ce70247ee93
2019,Azerbaijan Grand Prix,Race,19,hulkenberg,HUL,MATCHED_DRIVER_ID,34,2,17:16:30,20.87,,,2019-04-28,DURATION_AND_TIME_OF_DAY_ONLY,https://api.jolpi.ca/ergast/f1/2019/4/pitstops.json?limit=1000,14a44c396a8e136fa7c505a7a894ad6fb99a97ac6ab6bcd94b9f0ce70247ee93
2019,Azerbaijan Grand Prix,Race,20,grosjean,GRO,MATCHED_DRIVER_ID,34,1,17:16:33,20.906,,,2019-04-28,DURATION_AND_TIME_OF_DAY_ONLY,https://api.jolpi.ca/ergast/f1/2019/4/pitstops.json?limit=1000,14a44c396a8e136fa7c505a7a894ad6fb99a97ac6ab6bcd94b9f0ce70247ee93
2019,Azerbaijan Grand Prix,Race,21,russell,RUS,MATCHED_DRIVER_ID,38,2,17:24:45,20.751,,,2019-04-28,DURATION_AND_TIME_OF_DAY_ONLY,https://api.jolpi.ca/ergast/f1/2019/4/pitstops.json?limit=1000,14a44c396a8e136fa7c505a7a894ad6fb99a97ac6ab6bcd94b9f0ce70247ee93
2019,Azerbaijan Grand Prix,Race,22,norris,NOR,MATCHED_DRIVER_ID,39,2,17:25:02,22.08,,,2019-04-28,DURATION_AND_TIME_OF_DAY_ONLY,https://api.jolpi.ca/ergast/f1/2019/4/pitstops.json?limit=1000,14a44c396a8e136fa7c505a7a894ad6fb99a97ac6ab6bcd94b9f0ce70247ee93
2019,Azerbaijan Grand Prix,Race,23,kevin_magnussen,MAG,MATCHED_DRIVER_ID,39,2,17:26:07,20.859,,,2019-04-28,DURATION_AND_TIME_OF_DAY_ONLY,https://api.jolpi.ca/ergast/f1/2019/4/pitstops.json?limit=1000,14a44c396a8e136fa7c505a7a894ad6fb99a97ac6ab6bcd94b9f0ce70247ee93
2019,Azerbaijan Grand Prix,Race,24,kubica,KUB,MATCHED_DRIVER_ID,42,3,17:33:14,20.703,,,2019-04-28,DURATION_AND_TIME_OF_DAY_ONLY,https://api.jolpi.ca/ergast/f1/2019/4/pitstops.json?limit=1000,14a44c396a8e136fa7c505a7a894ad6fb99a97ac6ab6bcd94b9f0ce70247ee93
2019,Azerbaijan Grand Prix,Race,25,leclerc,LEC,MATCHED_DRIVER_ID,47,2,17:39:16,19.857,,,2019-04-28,DURATION_AND_TIME_OF_DAY_ONLY,https://api.jolpi.ca/ergast/f1/2019/4/pitstops.json?limit=1000,14a44c396a8e136fa7c505a7a894ad6fb99a97ac6ab6bcd94b9f0ce70247ee93
2019,Bahrain Grand Prix,Race,0,stroll,STR,MATCHED_DRIVER_ID,1,1,18:15:42,34.338,,,2019-03-31,DURATION_AND_TIME_OF_DAY_ONLY,https://api.jolpi.ca/ergast/f1/2019/2/pitstops.json?limit=1000,cef8fa697c0da95111a7598cd35a2ef261d65f771fa107fd4f65ac53692872c3
2019,Bahrain Grand Prix,Race,1,grosjean,GRO,MATCHED_DRIVER_ID,1,1,18:15:49,32.082,,,2019-03-31,DURATION_AND_TIME_OF_DAY_ONLY,https://api.jolpi.ca/ergast/f1/2019/2/pitstops.json?limit=1000,cef8fa697c0da95111a7598cd35a2ef261d65f771fa107fd4f65ac53692872c3
2019,Bahrain Grand Prix,Race,2,sainz,SAI,MATCHED_DRIVER_ID,4,1,18:20:43,45.543,,,2019-03-31,DURATION_AND_TIME_OF_DAY_ONLY,https://api.jolpi.ca/ergast/f1/2019/2/pitstops.json?limit=1000,cef8fa697c0da95111a7598cd35a2ef261d65f771fa107fd4f65ac53692872c3
2019,Bahrain Grand Prix,Race,3,perez,PER,MATCHED_DRIVER_ID,8,1,18:26:49,27.136,,,2019-03-31,DURATION_AND_TIME_OF_DAY_ONLY,https://api.jolpi.ca/ergast/f1/2019/2/pitstops.json?limit=1000,cef8fa697c0da95111a7598cd35a2ef261d65f771fa107fd4f65ac53692872c3
2019,Bahrain Grand Prix,Race,4,raikkonen,RAI,MATCHED_DRIVER_ID,9,1,18:28:25,25.647,,,2019-03-31,DURATION_AND_TIME_OF_DAY_ONLY,https://api.jolpi.ca/ergast/f1/2019/2/pitstops.json?limit=1000,cef8fa697c0da95111a7598cd35a2ef261d65f771fa107fd4f65ac53692872c3
2019,Bahrain Grand Prix,Race,5,gasly,GAS,MATCHED_DRIVER_ID,9,1,18:28:32,27.557,,,2019-03-31,DURATION_AND_TIME_OF_DAY_ONLY,https://api.jolpi.ca/ergast/f1/2019/2/pitstops.json?limit=1000,cef8fa697c0da95111a7598cd35a2ef261d65f771fa107fd4f65ac53692872c3
2019,Bahrain Grand Prix,Race,6,albon,ALB,MATCHED_DRIVER_ID,9,1,18:28:33,25.659,,,2019-03-31,DURATION_AND_TIME_OF_DAY_ONLY,https://api.jolpi.ca/ergast/f1/2019/2/pitstops.json?limit=1000,cef8fa697c0da95111a7598cd35a2ef261d65f771fa107fd4f65ac53692872c3
2019,Bahrain Grand Prix,Race,7,norris,NOR,MATCHED_DRIVER_ID,10,1,18:30:09,24.175,,,2019-03-31,DURATION_AND_TIME_OF_DAY_ONLY,https://api.jolpi.ca/ergast/f1/2019/2/pitstops.json?limit=1000,cef8fa697c0da95111a7598cd35a2ef261d65f771fa107fd4f65ac53692872c3
2019,Bahrain Grand Prix,Race,8,kevin_magnussen,MAG,MATCHED_DRIVER_ID,10,1,18:30:10,24.948,,,2019-03-31,DURATION_AND_TIME_OF_DAY_ONLY,https://api.jolpi.ca/ergast/f1/2019/2/pitstops.json?limit=1000,cef8fa697c0da95111a7598cd35a2ef261d65f771fa107fd4f65ac53692872c3
2019,Bahrain Grand Prix,Race,9,max_verstappen,VER,MATCHED_DRIVER_ID,11,1,18:31:32,24.199,,,2019-03-31,DURATION_AND_TIME_OF_DAY_ONLY,https://api.jolpi.ca/ergast/f1/2019/2/pitstops.json?limit=1000,cef8fa697c0da95111a7598cd35a2ef261d65f771fa107fd4f65ac53692872c3
2019,Bahrain Grand Prix,Race,10,kubica,KUB,MATCHED_DRIVER_ID,11,1,18:32:04,24.667,,,2019-03-31,DURATION_AND_TIME_OF_DAY_ONLY,https://api.jolpi.ca/ergast/f1/2019/2/pitstops.json?limit=1000,cef8fa697c0da95111a7598cd35a2ef261d65f771fa107fd4f65ac53692872c3
2019,Bahrain Grand Prix,Race,11,bottas,BOT,MATCHED_DRIVER_ID,12,1,18:33:08,24.865,,,2019-03-31,DURATION_AND_TIME_OF_DAY_ONLY,https://api.jolpi.ca/ergast/f1/2019/2/pitstops.json?limit=1000,cef8fa697c0da95111a7598cd35a2ef261d65f771fa107fd4f65ac53692872c3
2019,Bahrain Grand Prix,Race,12,hulkenberg,HUL,MATCHED_DRIVER_ID,12,1,18:33:19,25.498,,,2019-03-31,DURATION_AND_TIME_OF_DAY_ONLY,https://api.jolpi.ca/ergast/f1/2019/2/pitstops.json?limit=1000,cef8fa697c0da95111a7598cd35a2ef261d65f771fa107fd4f65ac53692872c3
2019,Bahrain Grand Prix,Race,13,kvyat,KVY,MATCHED_DRIVER_ID,12,1,18:33:44,26.508,,,2019-03-31,DURATION_AND_TIME_OF_DAY_ONLY,https://api.jolpi.ca/ergast/f1/2019/2/pitstops.json?limit=1000,cef8fa697c0da95111a7598cd35a2ef261d65f771fa107fd4f65ac53692872c3
2019,Bahrain Grand Prix,Race,14,russell,RUS,MATCHED_DRIVER_ID,12,1,18:33:46,24.633,,,2019-03-31,DURATION_AND_TIME_OF_DAY_ONLY,https://api.jolpi.ca/ergast/f1/2019/2/pitstops.json?limit=1000,cef8fa697c0da95111a7598cd35a2ef261d65f771fa107fd4f65ac53692872c3
2019,Bahrain Grand Prix,Race,15,leclerc,LEC,MATCHED_DRIVER_ID,13,1,18:34:36,24.518,,,2019-03-31,DURATION_AND_TIME_OF_DAY_ONLY,https://api.jolpi.ca/ergast/f1/2019/2/pitstops.json?limit=1000,cef8fa697c0da95111a7598cd35a2ef261d65f771fa107fd4f65ac53692872c3
2019,Bahrain Grand Prix,Race,16,hamilton,HAM,MATCHED_DRIVER_ID,13,1,18:34:41,24.255,,,2019-03-31,DURATION_AND_TIME_OF_DAY_ONLY,https://api.jolpi.ca/ergast/f1/2019/2/pitstops.json?limit=1000,cef8fa697c0da95111a7598cd35a2ef261d65f771fa107fd4f65ac53692872c3
2019,Bahrain Grand Prix,Race,17,vettel,VET,MATCHED_DRIVER_ID,14,1,18:36:18,24.228,,,2019-03-31,DURATION_AND_TIME_OF_DAY_ONLY,https://api.jolpi.ca/ergast/f1/2019/2/pitstops.json?limit=1000,cef8fa697c0da95111a7598cd35a2ef261d65f771fa107fd4f65ac53692872c3
2019,Bahrain Grand Prix,Race,18,giovinazzi,GIO,MATCHED_DRIVER_ID,16,1,18:40:11,27.725,,,2019-03-31,DURATION_AND_TIME_OF_DAY_ONLY,https://api.jolpi.ca/ergast/f1/2019/2/pitstops.json?limit=1000,cef8fa697c0da95111a7598cd35a2ef261d65f771fa107fd4f65ac53692872c3
2019,Bahrain Grand Prix,Race,19,stroll,STR,MATCHED_DRIVER_ID,23,2,18:52:28,26.6,,,2019-03-31,DURATION_AND_TIME_OF_DAY_ONLY,https://api.jolpi.ca/ergast/f1/2019/2/pitstops.json?limit=1000,cef8fa697c0da95111a7598cd35a2ef261d65f771fa107fd4f65ac53692872c3
2019,Bahrain Grand Prix,Race,20,ricciardo,RIC,MATCHED_DRIVER_ID,24,1,18:53:09,25.676,,,2019-03-31,DURATION_AND_TIME_OF_DAY_ONLY,https://api.jolpi.ca/ergast/f1/2019/2/pitstops.json?limit=1000,cef8fa697c0da95111a7598cd35a2ef261d65f771fa107fd4f65ac53692872c3
2019,Bahrain Grand Prix,Race,21,sainz,SAI,MATCHED_DRIVER_ID,24,2,18:54:12,25.034,,,2019-03-31,DURATION_AND_TIME_OF_DAY_ONLY,https://api.jolpi.ca/ergast/f1/2019/2/pitstops.json?limit=1000,cef8fa697c0da95111a7598cd35a2ef261d65f771fa107fd4f65ac53692872c3
2019,Bahrain Grand Prix,Race,22,albon,ALB,MATCHED_DRIVER_ID,25,2,18:55:06,24.842,,,2019-03-31,DURATION_AND_TIME_OF_DAY_ONLY,https://api.jolpi.ca/ergast/f1/2019/2/pitstops.json?limit=1000,cef8fa697c0da95111a7598cd35a2ef261d65f771fa107fd4f65ac53692872c3
2019,Bahrain Grand Prix,Race,23,russell,RUS,MATCHED_DRIVER_ID,26,2,18:57:17,24.912,,,2019-03-31,DURATION_AND_TIME_OF_DAY_ONLY,https://api.jolpi.ca/ergast/f1/2019/2/pitstops.json?limit=1000,cef8fa697c0da95111a7598cd35a2ef261d65f771fa107fd4f65ac53692872c3
2019,Bahrain Grand Prix,Race,24,kubica,KUB,MATCHED_DRIVER_ID,27,2,18:59:03,24.313,,,2019-03-31,DURATION_AND_TIME_OF_DAY_ONLY,https://api.jolpi.ca/ergast/f1/2019/2/pitstops.json?limit=1000,cef8fa697c0da95111a7598cd35a2ef261d65f771fa107fd4f65ac53692872c3
2019,Bahrain Grand Prix,Race,25,max_verstappen,VER,MATCHED_DRIVER_ID,32,2,19:05:59,26.729,,,2019-03-31,DURATION_AND_TIME_OF_DAY_ONLY,https://api.jolpi.ca/ergast/f1/2019/2/pitstops.json?limit=1000,cef8fa697c0da95111a7598cd35a2ef261d65f771fa107fd4f65ac53692872c3
2019,Bahrain Grand Prix,Race,26,hulkenberg,HUL,MATCHED_DRIVER_ID,32,2,19:06:16,25.253,,,2019-03-31,DURATION_AND_TIME_OF_DAY_ONLY,https://api.jolpi.ca/ergast/f1/2019/2/pitstops.json?limit=1000,cef8fa697c0da95111a7598cd35a2ef261d65f771fa107fd4f65ac53692872c3
2019,Bahrain Grand Prix,Race,27,raikkonen,RAI,MATCHED_DRIVER_ID,33,2,19:08:04,25.621,,,2019-03-31,DURATION_AND_TIME_OF_DAY_ONLY,https://api.jolpi.ca/ergast/f1/2019/2/pitstops.json?limit=1000,cef8fa697c0da95111a7598cd35a2ef261d65f771fa107fd4f65ac53692872c3
2019,Bahrain Grand Prix,Race,28,perez,PER,MATCHED_DRIVER_ID,33,2,19:08:18,26.798,,,2019-03-31,DURATION_AND_TIME_OF_DAY_ONLY,https://api.jolpi.ca/ergast/f1/2019/2/pitstops.json?limit=1000,cef8fa697c0da95111a7598cd35a2ef261d65f771fa107fd4f65ac53692872c3
2019,Bahrain Grand Prix,Race,29,hamilton,HAM,MATCHED_DRIVER_ID,34,2,19:08:53,24.324,,,2019-03-31,DURATION_AND_TIME_OF_DAY_ONLY,https://api.jolpi.ca/ergast/f1/2019/2/pitstops.json?limit=1000,cef8fa697c0da95111a7598cd35a2ef261d65f771fa107fd4f65ac53692872c3
2019,Bahrain Grand Prix,Race,30,norris,NOR,MATCHED_DRIVER_ID,34,2,19:09:37,24.717,,,2019-03-31,DURATION_AND_TIME_OF_DAY_ONLY,https://api.jolpi.ca/ergast/f1/2019/2/pitstops.json?limit=1000,cef8fa697c0da95111a7598cd35a2ef261d65f771fa107fd4f65ac53692872c3
2019,Bahrain Grand Prix,Race,31,vettel,VET,MATCHED_DRIVER_ID,35,2,19:10:26,24.212,,,2019-03-31,DURATION_AND_TIME_OF_DAY_ONLY,https://api.jolpi.ca/ergast/f1/2019/2/pitstops.json?limit=1000,cef8fa697c0da95111a7598cd35a2ef261d65f771fa107fd4f65ac53692872c3
2019,Bahrain Grand Prix,Race,32,leclerc,LEC,MATCHED_DRIVER_ID,36,2,19:11:54,24.358,,,2019-03-31,DURATION_AND_TIME_OF_DAY_ONLY,https://api.jolpi.ca/ergast/f1/2019/2/pitstops.json?limit=1000,cef8fa697c0da95111a7598cd35a2ef261d65f771fa107fd4f65ac53692872c3
2019,Bahrain Grand Prix,Race,33,bottas,BOT,MATCHED_DRIVER_ID,37,2,19:13:58,24.433,,,2019-03-31,DURATION_AND_TIME_OF_DAY_ONLY,https://api.jolpi.ca/ergast/f1/2019/2/pitstops.json?limit=1000,cef8fa697c0da95111a7598cd35a2ef261d65f771fa107fd4f65ac53692872c3
2019,Bahrain Grand Prix,Race,34,vettel,VET,MATCHED_DRIVER_ID,38,3,19:15:58,34.193,,,2019-03-31,DURATION_AND_TIME_OF_DAY_ONLY,https://api.jolpi.ca/ergast/f1/2019/2/pitstops.json?limit=1000,cef8fa697c0da95111a7598cd35a2ef261d65f771fa107fd4f65ac53692872c3
2019,Bahrain Grand Prix,Race,35,kvyat,KVY,MATCHED_DRIVER_ID,38,2,19:16:45,30.761,,,2019-03-31,DURATION_AND_TIME_OF_DAY_ONLY,https://api.jolpi.ca/ergast/f1/2019/2/pitstops.json?limit=1000,cef8fa697c0da95111a7598cd35a2ef261d65f771fa107fd4f65ac53692872c3
2019,Bahrain Grand Prix,Race,36,kevin_magnussen,MAG,MATCHED_DRIVER_ID,38,2,19:16:47,25.982,,,2019-03-31,DURATION_AND_TIME_OF_DAY_ONLY,https://api.jolpi.ca/ergast/f1/2019/2/pitstops.json?limit=1000,cef8fa697c0da95111a7598cd35a2ef261d65f771fa107fd4f65ac53692872c3
2019,Bahrain Grand Prix,Race,37,gasly,GAS,MATCHED_DRIVER_ID,39,2,19:17:58,24.484,,,2019-03-31,DURATION_AND_TIME_OF_DAY_ONLY,https://api.jolpi.ca/ergast/f1/2019/2/pitstops.json?limit=1000,cef8fa697c0da95111a7598cd35a2ef261d65f771fa107fd4f65ac53692872c3
2019,Bahrain Grand Prix,Race,38,giovinazzi,GIO,MATCHED_DRIVER_ID,40,2,19:19:55,24.88,,,2019-03-31,DURATION_AND_TIME_OF_DAY_ONLY,https://api.jolpi.ca/ergast/f1/2019/2/pitstops.json?limit=1000,cef8fa697c0da95111a7598cd35a2ef261d65f771fa107fd4f65ac53692872c3
2019,Bahrain Grand Prix,Race,39,sainz,SAI,MATCHED_DRIVER_ID,40,3,19:20:46,24.985,,,2019-03-31,DURATION_AND_TIME_OF_DAY_ONLY,https://api.jolpi.ca/ergast/f1/2019/2/pitstops.json?limit=1000,cef8fa697c0da95111a7598cd35a2ef261d65f771fa107fd4f65ac53692872c3
2019,Belgian Grand Prix,Race,0,ricciardo,RIC,MATCHED_DRIVER_ID,1,1,15:16:08,27.62,,,2019-09-01,DURATION_AND_TIME_OF_DAY_ONLY,https://api.jolpi.ca/ergast/f1/2019/13/pitstops.json?limit=1000,d9476174bf37816205f5740a6f36ab7b436458d170adb2a70e2f479ae702299e
2019,Belgian Grand Prix,Race,1,raikkonen,RAI,MATCHED_DRIVER_ID,1,1,15:16:10,39.046,,,2019-09-01,DURATION_AND_TIME_OF_DAY_ONLY,https://api.jolpi.ca/ergast/f1/2019/13/pitstops.json?limit=1000,d9476174bf37816205f5740a6f36ab7b436458d170adb2a70e2f479ae702299e
2019,Belgian Grand Prix,Race,2,sainz,SAI,MATCHED_DRIVER_ID,1,1,15:16:37,59.291,,,2019-09-01,DURATION_AND_TIME_OF_DAY_ONLY,https://api.jolpi.ca/ergast/f1/2019/13/pitstops.json?limit=1000,d9476174bf37816205f5740a6f36ab7b436458d170adb2a70e2f479ae702299e
2019,Belgian Grand Prix,Race,3,raikkonen,RAI,MATCHED_DRIVER_ID,2,2,15:19:12,25.005,,,2019-09-01,DURATION_AND_TIME_OF_DAY_ONLY,https://api.jolpi.ca/ergast/f1/2019/13/pitstops.json?limit=1000,d9476174bf37816205f5740a6f36ab7b436458d170adb2a70e2f479ae702299e
2019,Belgian Grand Prix,Race,4,hulkenberg,HUL,MATCHED_DRIVER_ID,11,1,15:37:54,23.475,,,2019-09-01,DURATION_AND_TIME_OF_DAY_ONLY,https://api.jolpi.ca/ergast/f1/2019/13/pitstops.json?limit=1000,d9476174bf37816205f5740a6f36ab7b436458d170adb2a70e2f479ae702299e
2019,Belgian Grand Prix,Race,5,gasly,GAS,MATCHED_DRIVER_ID,13,1,15:41:31,22.772,,,2019-09-01,DURATION_AND_TIME_OF_DAY_ONLY,https://api.jolpi.ca/ergast/f1/2019/13/pitstops.json?limit=1000,d9476174bf37816205f5740a6f36ab7b436458d170adb2a70e2f479ae702299e
2019,Belgian Grand Prix,Race,6,stroll,STR,MATCHED_DRIVER_ID,14,1,15:43:25,22.774,,,2019-09-01,DURATION_AND_TIME_OF_DAY_ONLY,https://api.jolpi.ca/ergast/f1/2019/13/pitstops.json?limit=1000,d9476174bf37816205f5740a6f36ab7b436458d170adb2a70e2f479ae702299e
2019,Belgian Grand Prix,Race,7,vettel,VET,MATCHED_DRIVER_ID,15,1,15:44:47,22.863,,,2019-09-01,DURATION_AND_TIME_OF_DAY_ONLY,https://api.jolpi.ca/ergast/f1/2019/13/pitstops.json?limit=1000,d9476174bf37816205f5740a6f36ab7b436458d170adb2a70e2f479ae702299e
2019,Belgian Grand Prix,Race,8,perez,PER,MATCHED_DRIVER_ID,15,1,15:45:09,23.133,,,2019-09-01,DURATION_AND_TIME_OF_DAY_ONLY,https://api.jolpi.ca/ergast/f1/2019/13/pitstops.json?limit=1000,d9476174bf37816205f5740a6f36ab7b436458d170adb2a70e2f479ae702299e
2019,Belgian Grand Prix,Race,9,grosjean,GRO,MATCHED_DRIVER_ID,16,1,15:46:59,22.912,,,2019-09-01,DURATION_AND_TIME_OF_DAY_ONLY,https://api.jolpi.ca/ergast/f1/2019/13/pitstops.json?limit=1000,d9476174bf37816205f5740a6f36ab7b436458d170adb2a70e2f479ae702299e
2019,Belgian Grand Prix,Race,10,norris,NOR,MATCHED_DRIVER_ID,19,1,15:52:24,23.182,,,2019-09-01,DURATION_AND_TIME_OF_DAY_ONLY,https://api.jolpi.ca/ergast/f1/2019/13/pitstops.json?limit=1000,d9476174bf37816205f5740a6f36ab7b436458d170adb2a70e2f479ae702299e
2019,Belgian Grand Prix,Race,11,leclerc,LEC,MATCHED_DRIVER_ID,21,1,15:55:38,22.449,,,2019-09-01,DURATION_AND_TIME_OF_DAY_ONLY,https://api.jolpi.ca/ergast/f1/2019/13/pitstops.json?limit=1000,d9476174bf37816205f5740a6f36ab7b436458d170adb2a70e2f479ae702299e
2019,Belgian Grand Prix,Race,12,hamilton,HAM,MATCHED_DRIVER_ID,22,1,15:57:31,23.497,,,2019-09-01,DURATION_AND_TIME_OF_DAY_ONLY,https://api.jolpi.ca/ergast/f1/2019/13/pitstops.json?limit=1000,d9476174bf37816205f5740a6f36ab7b436458d170adb2a70e2f479ae702299e
2019,Belgian Grand Prix,Race,13,bottas,BOT,MATCHED_DRIVER_ID,23,1,15:59:25,22.579,,,2019-09-01,DURATION_AND_TIME_OF_DAY_ONLY,https://api.jolpi.ca/ergast/f1/2019/13/pitstops.json?limit=1000,d9476174bf37816205f5740a6f36ab7b436458d170adb2a70e2f479ae702299e
2019,Belgian Grand Prix,Race,14,albon,ALB,MATCHED_DRIVER_ID,23,1,16:00:08,22.506,,,2019-09-01,DURATION_AND_TIME_OF_DAY_ONLY,https://api.jolpi.ca/ergast/f1/2019/13/pitstops.json?limit=1000,d9476174bf37816205f5740a6f36ab7b436458d170adb2a70e2f479ae702299e
2019,Belgian Grand Prix,Race,15,kvyat,KVY,MATCHED_DRIVER_ID,24,1,16:01:55,22.834,,,2019-09-01,DURATION_AND_TIME_OF_DAY_ONLY,https://api.jolpi.ca/ergast/f1/2019/13/pitstops.json?limit=1000,d9476174bf37816205f5740a6f36ab7b436458d170adb2a70e2f479ae702299e
2019,Belgian Grand Prix,Race,16,kevin_magnussen,MAG,MATCHED_DRIVER_ID,25,1,16:04:08,22.584,,,2019-09-01,DURATION_AND_TIME_OF_DAY_ONLY,https://api.jolpi.ca/ergast/f1/2019/13/pitstops.json?limit=1000,d9476174bf37816205f5740a6f36ab7b436458d170adb2a70e2f479ae702299e
2019,Belgian Grand Prix,Race,17,giovinazzi,GIO,MATCHED_DRIVER_ID,29,1,16:11:12,23.044,,,2019-09-01,DURATION_AND_TIME_OF_DAY_ONLY,https://api.jolpi.ca/ergast/f1/2019/13/pitstops.json?limit=1000,d9476174bf37816205f5740a6f36ab7b436458d170adb2a70e2f479ae702299e
2019,Belgian Grand Prix,Race,18,stroll,STR,MATCHED_DRIVER_ID,30,2,16:13:12,25.25,,,2019-09-01,DURATION_AND_TIME_OF_DAY_ONLY,https://api.jolpi.ca/ergast/f1/2019/13/pitstops.json?limit=1000,d9476174bf37816205f5740a6f36ab7b436458d170adb2a70e2f479ae702299e
2019,Belgian Grand Prix,Race,19,russell,RUS,MATCHED_DRIVER_ID,30,1,16:13:41,22.442,,,2019-09-01,DURATION_AND_TIME_OF_DAY_ONLY,https://api.jolpi.ca/ergast/f1/2019/13/pitstops.json?limit=1000,d9476174bf37816205f5740a6f36ab7b436458d170adb2a70e2f479ae702299e
2019,Belgian Grand Prix,Race,20,hulkenberg,HUL,MATCHED_DRIVER_ID,31,2,16:15:01,,,,2019-09-01,DURATION_AND_TIME_OF_DAY_ONLY,https://api.jolpi.ca/ergast/f1/2019/13/pitstops.json?limit=1000,d9476174bf37816205f5740a6f36ab7b436458d170adb2a70e2f479ae702299e
2019,Belgian Grand Prix,Race,21,raikkonen,RAI,MATCHED_DRIVER_ID,31,3,16:15:33,26.891,,,2019-09-01,DURATION_AND_TIME_OF_DAY_ONLY,https://api.jolpi.ca/ergast/f1/2019/13/pitstops.json?limit=1000,d9476174bf37816205f5740a6f36ab7b436458d170adb2a70e2f479ae702299e
2019,Belgian Grand Prix,Race,22,kubica,KUB,MATCHED_DRIVER_ID,31,1,16:15:35,24.247,,,2019-09-01,DURATION_AND_TIME_OF_DAY_ONLY,https://api.jolpi.ca/ergast/f1/2019/13/pitstops.json?limit=1000,d9476174bf37816205f5740a6f36ab7b436458d170adb2a70e2f479ae702299e
2019,Belgian Grand Prix,Race,23,vettel,VET,MATCHED_DRIVER_ID,33,2,16:17:35,22.786,,,2019-09-01,DURATION_AND_TIME_OF_DAY_ONLY,https://api.jolpi.ca/ergast/f1/2019/13/pitstops.json?limit=1000,d9476174bf37816205f5740a6f36ab7b436458d170adb2a70e2f479ae702299e
2019,Brazilian Grand Prix,Race,0,ricciardo,RIC,MATCHED_DRIVER_ID,8,1,14:23:15,30.76,,,2019-11-17,DURATION_AND_TIME_OF_DAY_ONLY,https://api.jolpi.ca/ergast/f1/2019/20/pitstops.json?limit=1000,443199659eeb632ec215b021e122ad610847d6d57b4f146f9f1ecf06609df82a
2019,Brazilian Grand Prix,Race,1,perez,PER,MATCHED_DRIVER_ID,17,1,14:34:32,23.079,,,2019-11-17,DURATION_AND_TIME_OF_DAY_ONLY,https://api.jolpi.ca/ergast/f1/2019/20/pitstops.json?limit=1000,443199659eeb632ec215b021e122ad610847d6d57b4f146f9f1ecf06609df82a
2019,Brazilian Grand Prix,Race,2,hamilton,HAM,MATCHED_DRIVER_ID,20,1,14:37:36,22.882,,,2019-11-17,DURATION_AND_TIME_OF_DAY_ONLY,https://api.jolpi.ca/ergast/f1/2019/20/pitstops.json?limit=1000,443199659eeb632ec215b021e122ad610847d6d57b4f146f9f1ecf06609df82a
2019,Brazilian Grand Prix,Race,3,giovinazzi,GIO,MATCHED_DRIVER_ID,20,1,14:38:12,23.155,,,2019-11-17,DURATION_AND_TIME_OF_DAY_ONLY,https://api.jolpi.ca/ergast/f1/2019/20/pitstops.json?limit=1000,443199659eeb632ec215b021e122ad610847d6d57b4f146f9f1ecf06609df82a
2019,Brazilian Grand Prix,Race,4,kubica,KUB,MATCHED_DRIVER_ID,20,1,14:38:47,23.861,,,2019-11-17,DURATION_AND_TIME_OF_DAY_ONLY,https://api.jolpi.ca/ergast/f1/2019/20/pitstops.json?limit=1000,443199659eeb632ec215b021e122ad610847d6d57b4f146f9f1ecf06609df82a
2019,Brazilian Grand Prix,Race,5,max_verstappen,VER,MATCHED_DRIVER_ID,21,1,14:38:49,22.818,,,2019-11-17,DURATION_AND_TIME_OF_DAY_ONLY,https://api.jolpi.ca/ergast/f1/2019/20/pitstops.json?limit=1000,443199659eeb632ec215b021e122ad610847d6d57b4f146f9f1ecf06609df82a
2019,Brazilian Grand Prix,Race,6,raikkonen,RAI,MATCHED_DRIVER_ID,21,1,14:39:23,23.463,,,2019-11-17,DURATION_AND_TIME_OF_DAY_ONLY,https://api.jolpi.ca/ergast/f1/2019/20/pitstops.json?limit=1000,443199659eeb632ec215b021e122ad610847d6d57b4f146f9f1ecf06609df82a
2019,Brazilian Grand Prix,Race,7,gasly,GAS,MATCHED_DRIVER_ID,22,1,14:40:34,22.922,,,2019-11-17,DURATION_AND_TIME_OF_DAY_ONLY,https://api.jolpi.ca/ergast/f1/2019/20/pitstops.json?limit=1000,443199659eeb632ec215b021e122ad610847d6d57b4f146f9f1ecf06609df82a
2019,Brazilian Grand Prix,Race,8,kvyat,KVY,MATCHED_DRIVER_ID,23,1,14:42:08,22.759,,,2019-11-17,DURATION_AND_TIME_OF_DAY_ONLY,https://api.jolpi.ca/ergast/f1/2019/20/pitstops.json?limit=1000,443199659eeb632ec215b021e122ad610847d6d57b4f146f9f1ecf06609df82a
2019,Brazilian Grand Prix,Race,9,russell,RUS,MATCHED_DRIVER_ID,23,1,14:42:37,22.5,,,2019-11-17,DURATION_AND_TIME_OF_DAY_ONLY,https://api.jolpi.ca/ergast/f1/2019/20/pitstops.json?limit=1000,443199659eeb632ec215b021e122ad610847d6d57b4f146f9f1ecf06609df82a
2019,Brazilian Grand Prix,Race,10,albon,ALB,MATCHED_DRIVER_ID,24,1,14:42:52,23.073,,,2019-11-17,DURATION_AND_TIME_OF_DAY_ONLY,https://api.jolpi.ca/ergast/f1/2019/20/pitstops.json?limit=1000,443199659eeb632ec215b021e122ad610847d6d57b4f146f9f1ecf06609df82a
2019,Brazilian Grand Prix,Race,11,vettel,VET,MATCHED_DRIVER_ID,25,1,14:43:54,23.039,,,2019-11-17,DURATION_AND_TIME_OF_DAY_ONLY,https://api.jolpi.ca/ergast/f1/2019/20/pitstops.json?limit=1000,443199659eeb632ec215b021e122ad610847d6d57b4f146f9f1ecf06609df82a
2019,Brazilian Grand Prix,Race,12,bottas,BOT,MATCHED_DRIVER_ID,26,1,14:45:14,23.148,,,2019-11-17,DURATION_AND_TIME_OF_DAY_ONLY,https://api.jolpi.ca/ergast/f1/2019/20/pitstops.json?limit=1000,443199659eeb632ec215b021e122ad610847d6d57b4f146f9f1ecf06609df82a
2019,Brazilian Grand Prix,Race,13,grosjean,GRO,MATCHED_DRIVER_ID,26,1,14:45:45,23.776,,,2019-11-17,DURATION_AND_TIME_OF_DAY_ONLY,https://api.jolpi.ca/ergast/f1/2019/20/pitstops.json?limit=1000,443199659eeb632ec215b021e122ad610847d6d57b4f146f9f1ecf06609df82a
2019,Brazilian Grand Prix,Race,14,norris,NOR,MATCHED_DRIVER_ID,27,1,14:47:00,23.381,,,2019-11-17,DURATION_AND_TIME_OF_DAY_ONLY,https://api.jolpi.ca/ergast/f1/2019/20/pitstops.json?limit=1000,443199659eeb632ec215b021e122ad610847d6d57b4f146f9f1ecf06609df82a
2019,Brazilian Grand Prix,Race,15,hulkenberg,HUL,MATCHED_DRIVER_ID,27,1,14:47:09,23.344,,,2019-11-17,DURATION_AND_TIME_OF_DAY_ONLY,https://api.jolpi.ca/ergast/f1/2019/20/pitstops.json?limit=1000,443199659eeb632ec215b021e122ad610847d6d57b4f146f9f1ecf06609df82a
2019,Brazilian Grand Prix,Race,16,kevin_magnussen,MAG,MATCHED_DRIVER_ID,27,1,14:47:22,23.891,,,2019-11-17,DURATION_AND_TIME_OF_DAY_ONLY,https://api.jolpi.ca/ergast/f1/2019/20/pitstops.json?limit=1000,443199659eeb632ec215b021e122ad610847d6d57b4f146f9f1ecf06609df82a
2019,Brazilian Grand Prix,Race,17,stroll,STR,MATCHED_DRIVER_ID,28,1,14:48:22,23.346,,,2019-11-17,DURATION_AND_TIME_OF_DAY_ONLY,https://api.jolpi.ca/ergast/f1/2019/20/pitstops.json?limit=1000,443199659eeb632ec215b021e122ad610847d6d57b4f146f9f1ecf06609df82a
2019,Brazilian Grand Prix,Race,18,leclerc,LEC,MATCHED_DRIVER_ID,29,1,14:49:09,22.966,,,2019-11-17,DURATION_AND_TIME_OF_DAY_ONLY,https://api.jolpi.ca/ergast/f1/2019/20/pitstops.json?limit=1000,443199659eeb632ec215b021e122ad610847d6d57b4f146f9f1ecf06609df82a
2019,Brazilian Grand Prix,Race,19,sainz,SAI,MATCHED_DRIVER_ID,29,1,14:49:33,22.77,,,2019-11-17,DURATION_AND_TIME_OF_DAY_ONLY,https://api.jolpi.ca/ergast/f1/2019/20/pitstops.json?limit=1000,443199659eeb632ec215b021e122ad610847d6d57b4f146f9f1ecf06609df82a
2019,Brazilian Grand Prix,Race,20,kubica,KUB,MATCHED_DRIVER_ID,36,2,14:59:30,29.268,,,2019-11-17,DURATION_AND_TIME_OF_DAY_ONLY,https://api.jolpi.ca/ergast/f1/2019/20/pitstops.json?limit=1000,443199659eeb632ec215b021e122ad610847d6d57b4f146f9f1ecf06609df82a
2019,Brazilian Grand Prix,Race,21,ricciardo,RIC,MATCHED_DRIVER_ID,40,2,15:03:20,29.491,,,2019-11-17,DURATION_AND_TIME_OF_DAY_ONLY,https://api.jolpi.ca/ergast/f1/2019/20/pitstops.json?limit=1000,443199659eeb632ec215b021e122ad610847d6d57b4f146f9f1ecf06609df82a
2019,Brazilian Grand Prix,Race,22,bottas,BOT,MATCHED_DRIVER_ID,41,2,15:03:49,23.21,,,2019-11-17,DURATION_AND_TIME_OF_DAY_ONLY,https://api.jolpi.ca/ergast/f1/2019/20/pitstops.json?limit=1000,443199659eeb632ec215b021e122ad610847d6d57b4f146f9f1ecf06609df82a
2019,Brazilian Grand Prix,Race,23,hamilton,HAM,MATCHED_DRIVER_ID,43,2,15:05:54,23.088,,,2019-11-17,DURATION_AND_TIME_OF_DAY_ONLY,https://api.jolpi.ca/ergast/f1/2019/20/pitstops.json?limit=1000,443199659eeb632ec215b021e122ad610847d6d57b4f146f9f1ecf06609df82a
2019,Brazilian Grand Prix,Race,24,max_verstappen,VER,MATCHED_DRIVER_ID,44,2,15:07:03,22.657,,,2019-11-17,DURATION_AND_TIME_OF_DAY_ONLY,https://api.jolpi.ca/ergast/f1/2019/20/pitstops.json?limit=1000,443199659eeb632ec215b021e122ad610847d6d57b4f146f9f1ecf06609df82a
2019,Brazilian Grand Prix,Race,25,hulkenberg,HUL,MATCHED_DRIVER_ID,44,2,15:08:36,23.596,,,2019-11-17,DURATION_AND_TIME_OF_DAY_ONLY,https://api.jolpi.ca/ergast/f1/2019/20/pitstops.json?limit=1000,443199659eeb632ec215b021e122ad610847d6d57b4f146f9f1ecf06609df82a
2019,Brazilian Grand Prix,Race,26,perez,PER,MATCHED_DRIVER_ID,45,2,15:09:29,23.142,,,2019-11-17,DURATION_AND_TIME_OF_DAY_ONLY,https://api.jolpi.ca/ergast/f1/2019/20/pitstops.json?limit=1000,443199659eeb632ec215b021e122ad610847d6d57b4f146f9f1ecf06609df82a
2019,Brazilian Grand Prix,Race,27,giovinazzi,GIO,MATCHED_DRIVER_ID,46,2,15:10:39,23.524,,,2019-11-17,DURATION_AND_TIME_OF_DAY_ONLY,https://api.jolpi.ca/ergast/f1/2019/20/pitstops.json?limit=1000,443199659eeb632ec215b021e122ad610847d6d57b4f146f9f1ecf06609df82a
2019,Brazilian Grand Prix,Race,28,kvyat,KVY,MATCHED_DRIVER_ID,46,2,15:10:52,23.378,,,2019-11-17,DURATION_AND_TIME_OF_DAY_ONLY,https://api.jolpi.ca/ergast/f1/2019/20/pitstops.json?limit=1000,443199659eeb632ec215b021e122ad610847d6d57b4f146f9f1ecf06609df82a
2019,Brazilian Grand Prix,Race,29,gasly,GAS,MATCHED_DRIVER_ID,47,2,15:11:43,23.584,,,2019-11-17,DURATION_AND_TIME_OF_DAY_ONLY,https://api.jolpi.ca/ergast/f1/2019/20/pitstops.json?limit=1000,443199659eeb632ec215b021e122ad610847d6d57b4f146f9f1ecf06609df82a
2019,Brazilian Grand Prix,Race,30,raikkonen,RAI,MATCHED_DRIVER_ID,47,2,15:11:48,23.841,,,2019-11-17,DURATION_AND_TIME_OF_DAY_ONLY,https://api.jolpi.ca/ergast/f1/2019/20/pitstops.json?limit=1000,443199659eeb632ec215b021e122ad610847d6d57b4f146f9f1ecf06609df82a
2019,Brazilian Grand Prix,Race,31,vettel,VET,MATCHED_DRIVER_ID,49,2,15:13:22,23.138,,,2019-11-17,DURATION_AND_TIME_OF_DAY_ONLY,https://api.jolpi.ca/ergast/f1/2019/20/pitstops.json?limit=1000,443199659eeb632ec215b021e122ad610847d6d57b4f146f9f1ecf06609df82a
2019,Brazilian Grand Prix,Race,32,albon,ALB,MATCHED_DRIVER_ID,50,2,15:14:54,23.071,,,2019-11-17,DURATION_AND_TIME_OF_DAY_ONLY,https://api.jolpi.ca/ergast/f1/2019/20/pitstops.json?limit=1000,443199659eeb632ec215b021e122ad610847d6d57b4f146f9f1ecf06609df82a
2019,Brazilian Grand Prix,Race,33,max_verstappen,VER,MATCHED_DRIVER_ID,54,3,15:19:35,22.593,,,2019-11-17,DURATION_AND_TIME_OF_DAY_ONLY,https://api.jolpi.ca/ergast/f1/2019/20/pitstops.json?limit=1000,443199659eeb632ec215b021e122ad610847d6d57b4f146f9f1ecf06609df82a
2019,Brazilian Grand Prix,Race,34,norris,NOR,MATCHED_DRIVER_ID,53,2,15:19:55,23.355,,,2019-11-17,DURATION_AND_TIME_OF_DAY_ONLY,https://api.jolpi.ca/ergast/f1/2019/20/pitstops.json?limit=1000,443199659eeb632ec215b021e122ad610847d6d57b4f146f9f1ecf06609df82a
2019,Brazilian Grand Prix,Race,35,stroll,STR,MATCHED_DRIVER_ID,53,2,15:19:57,24.841,,,2019-11-17,DURATION_AND_TIME_OF_DAY_ONLY,https://api.jolpi.ca/ergast/f1/2019/20/pitstops.json?limit=1000,443199659eeb632ec215b021e122ad610847d6d57b4f146f9f1ecf06609df82a
2019,Brazilian Grand Prix,Race,36,kevin_magnussen,MAG,MATCHED_DRIVER_ID,53,2,15:20:13,23.479,,,2019-11-17,DURATION_AND_TIME_OF_DAY_ONLY,https://api.jolpi.ca/ergast/f1/2019/20/pitstops.json?limit=1000,443199659eeb632ec215b021e122ad610847d6d57b4f146f9f1ecf06609df82a
2019,Brazilian Grand Prix,Race,37,leclerc,LEC,MATCHED_DRIVER_ID,54,2,15:20:29,23.042,,,2019-11-17,DURATION_AND_TIME_OF_DAY_ONLY,https://api.jolpi.ca/ergast/f1/2019/20/pitstops.json?limit=1000,443199659eeb632ec215b021e122ad610847d6d57b4f146f9f1ecf06609df82a
2019,Brazilian Grand Prix,Race,38,hulkenberg,HUL,MATCHED_DRIVER_ID,53,3,15:20:31,22.747,,,2019-11-17,DURATION_AND_TIME_OF_DAY_ONLY,https://api.jolpi.ca/ergast/f1/2019/20/pitstops.json?limit=1000,443199659eeb632ec215b021e122ad610847d6d57b4f146f9f1ecf06609df82a
2019,Brazilian Grand Prix,Race,39,kubica,KUB,MATCHED_DRIVER_ID,53,3,15:22:16,24.873,,,2019-11-17,DURATION_AND_TIME_OF_DAY_ONLY,https://api.jolpi.ca/ergast/f1/2019/20/pitstops.json?limit=1000,443199659eeb632ec215b021e122ad610847d6d57b4f146f9f1ecf06609df82a
2019,Brazilian Grand Prix,Race,40,russell,RUS,MATCHED_DRIVER_ID,54,2,15:22:31,23.199,,,2019-11-17,DURATION_AND_TIME_OF_DAY_ONLY,https://api.jolpi.ca/ergast/f1/2019/20/pitstops.json?limit=1000,443199659eeb632ec215b021e122ad610847d6d57b4f146f9f1ecf06609df82a
2019,Brazilian Grand Prix,Race,41,grosjean,GRO,MATCHED_DRIVER_ID,65,2,15:36:48,23.471,,,2019-11-17,DURATION_AND_TIME_OF_DAY_ONLY,https://api.jolpi.ca/ergast/f1/2019/20/pitstops.json?limit=1000,443199659eeb632ec215b021e122ad610847d6d57b4f146f9f1ecf06609df82a
2019,Brazilian Grand Prix,Race,42,hamilton,HAM,MATCHED_DRIVER_ID,66,3,15:37:46,23.06,,,2019-11-17,DURATION_AND_TIME_OF_DAY_ONLY,https://api.jolpi.ca/ergast/f1/2019/20/pitstops.json?limit=1000,443199659eeb632ec215b021e122ad610847d6d57b4f146f9f1ecf06609df82a
2019,Brazilian Grand Prix,Race,43,russell,RUS,MATCHED_DRIVER_ID,66,3,15:38:17,22.441,,,2019-11-17,DURATION_AND_TIME_OF_DAY_ONLY,https://api.jolpi.ca/ergast/f1/2019/20/pitstops.json?limit=1000,443199659eeb632ec215b021e122ad610847d6d57b4f146f9f1ecf06609df82a
2019,Brazilian Grand Prix,Race,44,kubica,KUB,MATCHED_DRIVER_ID,66,4,15:40:02,23.158,,,2019-11-17,DURATION_AND_TIME_OF_DAY_ONLY,https://api.jolpi.ca/ergast/f1/2019/20/pitstops.json?limit=1000,443199659eeb632ec215b021e122ad610847d6d57b4f146f9f1ecf06609df82a
2019,British Grand Prix,Race,0,grosjean,GRO,MATCHED_DRIVER_ID,1,1,14:15:12,33.562,,,2019-07-14,DURATION_AND_TIME_OF_DAY_ONLY,https://api.jolpi.ca/ergast/f1/2019/10/pitstops.json?limit=1000,629a51a715213fcf7cdb7faa64974bcaecca6c8ef84729e1b8f9bb14b4e53b7b
2019,British Grand Prix,Race,1,kevin_magnussen,MAG,MATCHED_DRIVER_ID,1,1,14:15:41,32.767,,,2019-07-14,DURATION_AND_TIME_OF_DAY_ONLY,https://api.jolpi.ca/ergast/f1/2019/10/pitstops.json?limit=1000,629a51a715213fcf7cdb7faa64974bcaecca6c8ef84729e1b8f9bb14b4e53b7b
2019,British Grand Prix,Race,2,gasly,GAS,MATCHED_DRIVER_ID,12,1,14:31:30,27.905,,,2019-07-14,DURATION_AND_TIME_OF_DAY_ONLY,https://api.jolpi.ca/ergast/f1/2019/10/pitstops.json?limit=1000,629a51a715213fcf7cdb7faa64974bcaecca6c8ef84729e1b8f9bb14b4e53b7b
2019,British Grand Prix,Race,3,ricciardo,RIC,MATCHED_DRIVER_ID,12,1,14:31:41,28.416,,,2019-07-14,DURATION_AND_TIME_OF_DAY_ONLY,https://api.jolpi.ca/ergast/f1/2019/10/pitstops.json?limit=1000,629a51a715213fcf7cdb7faa64974bcaecca6c8ef84729e1b8f9bb14b4e53b7b
2019,British Grand Prix,Race,4,kvyat,KVY,MATCHED_DRIVER_ID,12,1,14:31:52,29.377,,,2019-07-14,DURATION_AND_TIME_OF_DAY_ONLY,https://api.jolpi.ca/ergast/f1/2019/10/pitstops.json?limit=1000,629a51a715213fcf7cdb7faa64974bcaecca6c8ef84729e1b8f9bb14b4e53b7b
2019,British Grand Prix,Race,5,leclerc,LEC,MATCHED_DRIVER_ID,13,1,14:32:59,28.558,,,2019-07-14,DURATION_AND_TIME_OF_DAY_ONLY,https://api.jolpi.ca/ergast/f1/2019/10/pitstops.json?limit=1000,629a51a715213fcf7cdb7faa64974bcaecca6c8ef84729e1b8f9bb14b4e53b7b
2019,British Grand Prix,Race,6,max_verstappen,VER,MATCHED_DRIVER_ID,13,1,14:33:00,27.827,,,2019-07-14,DURATION_AND_TIME_OF_DAY_ONLY,https://api.jolpi.ca/ergast/f1/2019/10/pitstops.json?limit=1000,629a51a715213fcf7cdb7faa64974bcaecca6c8ef84729e1b8f9bb14b4e53b7b
2019,British Grand Prix,Race,7,norris,NOR,MATCHED_DRIVER_ID,13,1,14:33:12,28.275,,,2019-07-14,DURATION_AND_TIME_OF_DAY_ONLY,https://api.jolpi.ca/ergast/f1/2019/10/pitstops.json?limit=1000,629a51a715213fcf7cdb7faa64974bcaecca6c8ef84729e1b8f9bb14b4e53b7b
2019,British Grand Prix,Race,8,albon,ALB,MATCHED_DRIVER_ID,13,1,14:33:18,28.954,,,2019-07-14,DURATION_AND_TIME_OF_DAY_ONLY,https://api.jolpi.ca/ergast/f1/2019/10/pitstops.json?limit=1000,629a51a715213fcf7cdb7faa64974bcaecca6c8ef84729e1b8f9bb14b4e53b7b
2019,British Grand Prix,Race,9,hulkenberg,HUL,MATCHED_DRIVER_ID,13,1,14:33:19,28.926,,,2019-07-14,DURATION_AND_TIME_OF_DAY_ONLY,https://api.jolpi.ca/ergast/f1/2019/10/pitstops.json?limit=1000,629a51a715213fcf7cdb7faa64974bcaecca6c8ef84729e1b8f9bb14b4e53b7b
2019,British Grand Prix,Race,10,stroll,STR,MATCHED_DRIVER_ID,13,1,14:33:24,30.4,,,2019-07-14,DURATION_AND_TIME_OF_DAY_ONLY,https://api.jolpi.ca/ergast/f1/2019/10/pitstops.json?limit=1000,629a51a715213fcf7cdb7faa64974bcaecca6c8ef84729e1b8f9bb14b4e53b7b
2019,British Grand Prix,Race,11,bottas,BOT,MATCHED_DRIVER_ID,16,1,14:37:23,28.493,,,2019-07-14,DURATION_AND_TIME_OF_DAY_ONLY,https://api.jolpi.ca/ergast/f1/2019/10/pitstops.json?limit=1000,629a51a715213fcf7cdb7faa64974bcaecca6c8ef84729e1b8f9bb14b4e53b7b
2019,British Grand Prix,Race,12,raikkonen,RAI,MATCHED_DRIVER_ID,17,1,14:39:34,28.364,,,2019-07-14,DURATION_AND_TIME_OF_DAY_ONLY,https://api.jolpi.ca/ergast/f1/2019/10/pitstops.json?limit=1000,629a51a715213fcf7cdb7faa64974bcaecca6c8ef84729e1b8f9bb14b4e53b7b
2019,British Grand Prix,Race,13,perez,PER,MATCHED_DRIVER_ID,18,1,14:41:03,30.264,,,2019-07-14,DURATION_AND_TIME_OF_DAY_ONLY,https://api.jolpi.ca/ergast/f1/2019/10/pitstops.json?limit=1000,629a51a715213fcf7cdb7faa64974bcaecca6c8ef84729e1b8f9bb14b4e53b7b
2019,British Grand Prix,Race,14,hamilton,HAM,MATCHED_DRIVER_ID,20,1,14:43:34,28.905,,,2019-07-14,DURATION_AND_TIME_OF_DAY_ONLY,https://api.jolpi.ca/ergast/f1/2019/10/pitstops.json?limit=1000,629a51a715213fcf7cdb7faa64974bcaecca6c8ef84729e1b8f9bb14b4e53b7b
2019,British Grand Prix,Race,15,vettel,VET,MATCHED_DRIVER_ID,20,1,14:43:56,28.021,,,2019-07-14,DURATION_AND_TIME_OF_DAY_ONLY,https://api.jolpi.ca/ergast/f1/2019/10/pitstops.json?limit=1000,629a51a715213fcf7cdb7faa64974bcaecca6c8ef84729e1b8f9bb14b4e53b7b
2019,British Grand Prix,Race,16,max_verstappen,VER,MATCHED_DRIVER_ID,20,2,14:44:20,27.95,,,2019-07-14,DURATION_AND_TIME_OF_DAY_ONLY,https://api.jolpi.ca/ergast/f1/2019/10/pitstops.json?limit=1000,629a51a715213fcf7cdb7faa64974bcaecca6c8ef84729e1b8f9bb14b4e53b7b
2019,British Grand Prix,Race,17,sainz,SAI,MATCHED_DRIVER_ID,20,1,14:44:26,27.98,,,2019-07-14,DURATION_AND_TIME_OF_DAY_ONLY,https://api.jolpi.ca/ergast/f1/2019/10/pitstops.json?limit=1000,629a51a715213fcf7cdb7faa64974bcaecca6c8ef84729e1b8f9bb14b4e53b7b
2019,British Grand Prix,Race,18,ricciardo,RIC,MATCHED_DRIVER_ID,20,2,14:44:42,28.381,,,2019-07-14,DURATION_AND_TIME_OF_DAY_ONLY,https://api.jolpi.ca/ergast/f1/2019/10/pitstops.json?limit=1000,629a51a715213fcf7cdb7faa64974bcaecca6c8ef84729e1b8f9bb14b4e53b7b
2019,British Grand Prix,Race,19,kubica,KUB,MATCHED_DRIVER_ID,20,1,14:45:15,28.694,,,2019-07-14,DURATION_AND_TIME_OF_DAY_ONLY,https://api.jolpi.ca/ergast/f1/2019/10/pitstops.json?limit=1000,629a51a715213fcf7cdb7faa64974bcaecca6c8ef84729e1b8f9bb14b4e53b7b
2019,British Grand Prix,Race,20,leclerc,LEC,MATCHED_DRIVER_ID,21,2,14:46:29,28.348,,,2019-07-14,DURATION_AND_TIME_OF_DAY_ONLY,https://api.jolpi.ca/ergast/f1/2019/10/pitstops.json?limit=1000,629a51a715213fcf7cdb7faa64974bcaecca6c8ef84729e1b8f9bb14b4e53b7b
2019,British Grand Prix,Race,21,kvyat,KVY,MATCHED_DRIVER_ID,21,2,14:47:13,28.811,,,2019-07-14,DURATION_AND_TIME_OF_DAY_ONLY,https://api.jolpi.ca/ergast/f1/2019/10/pitstops.json?limit=1000,629a51a715213fcf7cdb7faa64974bcaecca6c8ef84729e1b8f9bb14b4e53b7b
2019,British Grand Prix,Race,22,russell,RUS,MATCHED_DRIVER_ID,21,1,14:47:16,30.245,,,2019-07-14,DURATION_AND_TIME_OF_DAY_ONLY,https://api.jolpi.ca/ergast/f1/2019/10/pitstops.json?limit=1000,629a51a715213fcf7cdb7faa64974bcaecca6c8ef84729e1b8f9bb14b4e53b7b
2019,British Grand Prix,Race,23,perez,PER,MATCHED_DRIVER_ID,24,2,14:52:57,38.032,,,2019-07-14,DURATION_AND_TIME_OF_DAY_ONLY,https://api.jolpi.ca/ergast/f1/2019/10/pitstops.json?limit=1000,629a51a715213fcf7cdb7faa64974bcaecca6c8ef84729e1b8f9bb14b4e53b7b
2019,British Grand Prix,Race,24,norris,NOR,MATCHED_DRIVER_ID,35,2,15:09:29,27.919,,,2019-07-14,DURATION_AND_TIME_OF_DAY_ONLY,https://api.jolpi.ca/ergast/f1/2019/10/pitstops.json?limit=1000,629a51a715213fcf7cdb7faa64974bcaecca6c8ef84729e1b8f9bb14b4e53b7b
2019,British Grand Prix,Race,25,vettel,VET,MATCHED_DRIVER_ID,38,2,15:14:24,38.468,,,2019-07-14,DURATION_AND_TIME_OF_DAY_ONLY,https://api.jolpi.ca/ergast/f1/2019/10/pitstops.json?limit=1000,629a51a715213fcf7cdb7faa64974bcaecca6c8ef84729e1b8f9bb14b4e53b7b
2019,British Grand Prix,Race,26,stroll,STR,MATCHED_DRIVER_ID,39,2,15:15:42,29.074,,,2019-07-14,DURATION_AND_TIME_OF_DAY_ONLY,https://api.jolpi.ca/ergast/f1/2019/10/pitstops.json?limit=1000,629a51a715213fcf7cdb7faa64974bcaecca6c8ef84729e1b8f9bb14b4e53b7b
2019,British Grand Prix,Race,27,bottas,BOT,MATCHED_DRIVER_ID,45,2,15:23:52,28.177,,,2019-07-14,DURATION_AND_TIME_OF_DAY_ONLY,https://api.jolpi.ca/ergast/f1/2019/10/pitstops.json?limit=1000,629a51a715213fcf7cdb7faa64974bcaecca6c8ef84729e1b8f9bb14b4e53b7b
2019,British Grand Prix,Race,28,perez,PER,MATCHED_DRIVER_ID,46,3,15:26:57,28.747,,,2019-07-14,DURATION_AND_TIME_OF_DAY_ONLY,https://api.jolpi.ca/ergast/f1/2019/10/pitstops.json?limit=1000,629a51a715213fcf7cdb7faa64974bcaecca6c8ef84729e1b8f9bb14b4e53b7b
2019,Canadian Grand Prix,Race,0,albon,ALB,MATCHED_DRIVER_ID,1,1,14:14:33,37.95,,,2019-06-09,DURATION_AND_TIME_OF_DAY_ONLY,https://api.jolpi.ca/ergast/f1/2019/7/pitstops.json?limit=1000,1e6937aae676a046d4e9411ff2c4e1fead39837ff49242a21b2ce0abced074e7
2019,Canadian Grand Prix,Race,1,sainz,SAI,MATCHED_DRIVER_ID,3,1,14:17:05,24.727,,,2019-06-09,DURATION_AND_TIME_OF_DAY_ONLY,https://api.jolpi.ca/ergast/f1/2019/7/pitstops.json?limit=1000,1e6937aae676a046d4e9411ff2c4e1fead39837ff49242a21b2ce0abced074e7
2019,Canadian Grand Prix,Race,2,raikkonen,RAI,MATCHED_DRIVER_ID,6,1,14:21:09,25.342,,,2019-06-09,DURATION_AND_TIME_OF_DAY_ONLY,https://api.jolpi.ca/ergast/f1/2019/7/pitstops.json?limit=1000,1e6937aae676a046d4e9411ff2c4e1fead39837ff49242a21b2ce0abced074e7
2019,Canadian Grand Prix,Race,3,gasly,GAS,MATCHED_DRIVER_ID,7,1,14:22:11,23.485,,,2019-06-09,DURATION_AND_TIME_OF_DAY_ONLY,https://api.jolpi.ca/ergast/f1/2019/7/pitstops.json?limit=1000,1e6937aae676a046d4e9411ff2c4e1fead39837ff49242a21b2ce0abced074e7
2019,Canadian Grand Prix,Race,4,ricciardo,RIC,MATCHED_DRIVER_ID,8,1,14:23:27,23.927,,,2019-06-09,DURATION_AND_TIME_OF_DAY_ONLY,https://api.jolpi.ca/ergast/f1/2019/7/pitstops.json?limit=1000,1e6937aae676a046d4e9411ff2c4e1fead39837ff49242a21b2ce0abced074e7
2019,Canadian Grand Prix,Race,5,kubica,KUB,MATCHED_DRIVER_ID,8,1,14:24:00,25.21,,,2019-06-09,DURATION_AND_TIME_OF_DAY_ONLY,https://api.jolpi.ca/ergast/f1/2019/7/pitstops.json?limit=1000,1e6937aae676a046d4e9411ff2c4e1fead39837ff49242a21b2ce0abced074e7
2019,Canadian Grand Prix,Race,6,russell,RUS,MATCHED_DRIVER_ID,9,1,14:25:14,23.686,,,2019-06-09,DURATION_AND_TIME_OF_DAY_ONLY,https://api.jolpi.ca/ergast/f1/2019/7/pitstops.json?limit=1000,1e6937aae676a046d4e9411ff2c4e1fead39837ff49242a21b2ce0abced074e7
2019,Canadian Grand Prix,Race,7,perez,PER,MATCHED_DRIVER_ID,11,1,14:27:40,24.076,,,2019-06-09,DURATION_AND_TIME_OF_DAY_ONLY,https://api.jolpi.ca/ergast/f1/2019/7/pitstops.json?limit=1000,1e6937aae676a046d4e9411ff2c4e1fead39837ff49242a21b2ce0abced074e7
2019,Canadian Grand Prix,Race,8,kvyat,KVY,MATCHED_DRIVER_ID,12,1,14:28:56,23.825,,,2019-06-09,DURATION_AND_TIME_OF_DAY_ONLY,https://api.jolpi.ca/ergast/f1/2019/7/pitstops.json?limit=1000,1e6937aae676a046d4e9411ff2c4e1fead39837ff49242a21b2ce0abced074e7
2019,Canadian Grand Prix,Race,9,hulkenberg,HUL,MATCHED_DRIVER_ID,16,1,14:33:51,24.03,,,2019-06-09,DURATION_AND_TIME_OF_DAY_ONLY,https://api.jolpi.ca/ergast/f1/2019/7/pitstops.json?limit=1000,1e6937aae676a046d4e9411ff2c4e1fead39837ff49242a21b2ce0abced074e7
2019,Canadian Grand Prix,Race,10,vettel,VET,MATCHED_DRIVER_ID,26,1,14:46:21,23.782,,,2019-06-09,DURATION_AND_TIME_OF_DAY_ONLY,https://api.jolpi.ca/ergast/f1/2019/7/pitstops.json?limit=1000,1e6937aae676a046d4e9411ff2c4e1fead39837ff49242a21b2ce0abced074e7
2019,Canadian Grand Prix,Race,11,hamilton,HAM,MATCHED_DRIVER_ID,28,1,14:48:57,23.662,,,2019-06-09,DURATION_AND_TIME_OF_DAY_ONLY,https://api.jolpi.ca/ergast/f1/2019/7/pitstops.json?limit=1000,1e6937aae676a046d4e9411ff2c4e1fead39837ff49242a21b2ce0abced074e7
2019,Canadian Grand Prix,Race,12,bottas,BOT,MATCHED_DRIVER_ID,30,1,14:51:51,23.994,,,2019-06-09,DURATION_AND_TIME_OF_DAY_ONLY,https://api.jolpi.ca/ergast/f1/2019/7/pitstops.json?limit=1000,1e6937aae676a046d4e9411ff2c4e1fead39837ff49242a21b2ce0abced074e7
2019,Canadian Grand Prix,Race,13,leclerc,LEC,MATCHED_DRIVER_ID,33,1,14:55:25,23.732,,,2019-06-09,DURATION_AND_TIME_OF_DAY_ONLY,https://api.jolpi.ca/ergast/f1/2019/7/pitstops.json?limit=1000,1e6937aae676a046d4e9411ff2c4e1fead39837ff49242a21b2ce0abced074e7
2019,Canadian Grand Prix,Race,14,giovinazzi,GIO,MATCHED_DRIVER_ID,33,1,14:56:30,23.884,,,2019-06-09,DURATION_AND_TIME_OF_DAY_ONLY,https://api.jolpi.ca/ergast/f1/2019/7/pitstops.json?limit=1000,1e6937aae676a046d4e9411ff2c4e1fead39837ff49242a21b2ce0abced074e7
2019,Canadian Grand Prix,Race,15,grosjean,GRO,MATCHED_DRIVER_ID,34,1,14:57:56,24.071,,,2019-06-09,DURATION_AND_TIME_OF_DAY_ONLY,https://api.jolpi.ca/ergast/f1/2019/7/pitstops.json?limit=1000,1e6937aae676a046d4e9411ff2c4e1fead39837ff49242a21b2ce0abced074e7
2019,Canadian Grand Prix,Race,16,kubica,KUB,MATCHED_DRIVER_ID,38,2,15:04:19,23.119,,,2019-06-09,DURATION_AND_TIME_OF_DAY_ONLY,https://api.jolpi.ca/ergast/f1/2019/7/pitstops.json?limit=1000,1e6937aae676a046d4e9411ff2c4e1fead39837ff49242a21b2ce0abced074e7
2019,Canadian Grand Prix,Race,17,kevin_magnussen,MAG,MATCHED_DRIVER_ID,39,1,15:04:54,24.381,,,2019-06-09,DURATION_AND_TIME_OF_DAY_ONLY,https://api.jolpi.ca/ergast/f1/2019/7/pitstops.json?limit=1000,1e6937aae676a046d4e9411ff2c4e1fead39837ff49242a21b2ce0abced074e7
2019,Canadian Grand Prix,Race,18,stroll,STR,MATCHED_DRIVER_ID,45,1,15:11:32,23.727,,,2019-06-09,DURATION_AND_TIME_OF_DAY_ONLY,https://api.jolpi.ca/ergast/f1/2019/7/pitstops.json?limit=1000,1e6937aae676a046d4e9411ff2c4e1fead39837ff49242a21b2ce0abced074e7
2019,Canadian Grand Prix,Race,19,max_verstappen,VER,MATCHED_DRIVER_ID,48,1,15:14:55,23.426,,,2019-06-09,DURATION_AND_TIME_OF_DAY_ONLY,https://api.jolpi.ca/ergast/f1/2019/7/pitstops.json?limit=1000,1e6937aae676a046d4e9411ff2c4e1fead39837ff49242a21b2ce0abced074e7
2019,Canadian Grand Prix,Race,20,raikkonen,RAI,MATCHED_DRIVER_ID,58,2,15:28:58,24.666,,,2019-06-09,DURATION_AND_TIME_OF_DAY_ONLY,https://api.jolpi.ca/ergast/f1/2019/7/pitstops.json?limit=1000,1e6937aae676a046d4e9411ff2c4e1fead39837ff49242a21b2ce0abced074e7
2019,Canadian Grand Prix,Race,21,bottas,BOT,MATCHED_DRIVER_ID,67,2,15:38:52,23.456,,,2019-06-09,DURATION_AND_TIME_OF_DAY_ONLY,https://api.jolpi.ca/ergast/f1/2019/7/pitstops.json?limit=1000,1e6937aae676a046d4e9411ff2c4e1fead39837ff49242a21b2ce0abced074e7
2019,Chinese Grand Prix,Race,0,sainz,SAI,MATCHED_DRIVER_ID,1,1,14:15:38,45.878,,,2019-04-14,DURATION_AND_TIME_OF_DAY_ONLY,https://api.jolpi.ca/ergast/f1/2019/3/pitstops.json?limit=1000,b575b99553a34e3a4ad8c178bafb23d80f2b7c0cea456257120597f347e18d93
2019,Chinese Grand Prix,Race,1,norris,NOR,MATCHED_DRIVER_ID,1,1,14:15:45,50.738,,,2019-04-14,DURATION_AND_TIME_OF_DAY_ONLY,https://api.jolpi.ca/ergast/f1/2019/3/pitstops.json?limit=1000,b575b99553a34e3a4ad8c178bafb23d80f2b7c0cea456257120597f347e18d93
2019,Chinese Grand Prix,Race,2,kvyat,KVY,MATCHED_DRIVER_ID,7,1,14:25:49,17.257,,,2019-04-14,DURATION_AND_TIME_OF_DAY_ONLY,https://api.jolpi.ca/ergast/f1/2019/3/pitstops.json?limit=1000,b575b99553a34e3a4ad8c178bafb23d80f2b7c0cea456257120597f347e18d93
2019,Chinese Grand Prix,Race,3,giovinazzi,GIO,MATCHED_DRIVER_ID,7,1,14:25:51,25.184,,,2019-04-14,DURATION_AND_TIME_OF_DAY_ONLY,https://api.jolpi.ca/ergast/f1/2019/3/pitstops.json?limit=1000,b575b99553a34e3a4ad8c178bafb23d80f2b7c0cea456257120597f347e18d93
2019,Chinese Grand Prix,Race,4,grosjean,GRO,MATCHED_DRIVER_ID,8,1,14:27:26,23.261,,,2019-04-14,DURATION_AND_TIME_OF_DAY_ONLY,https://api.jolpi.ca/ergast/f1/2019/3/pitstops.json?limit=1000,b575b99553a34e3a4ad8c178bafb23d80f2b7c0cea456257120597f347e18d93
2019,Chinese Grand Prix,Race,5,kevin_magnussen,MAG,MATCHED_DRIVER_ID,9,1,14:29:10,23.964,,,2019-04-14,DURATION_AND_TIME_OF_DAY_ONLY,https://api.jolpi.ca/ergast/f1/2019/3/pitstops.json?limit=1000,b575b99553a34e3a4ad8c178bafb23d80f2b7c0cea456257120597f347e18d93
2019,Chinese Grand Prix,Race,6,hulkenberg,HUL,MATCHED_DRIVER_ID,11,1,14:32:24,24.107,,,2019-04-14,DURATION_AND_TIME_OF_DAY_ONLY,https://api.jolpi.ca/ergast/f1/2019/3/pitstops.json?limit=1000,b575b99553a34e3a4ad8c178bafb23d80f2b7c0cea456257120597f347e18d93
2019,Chinese Grand Prix,Race,7,max_verstappen,VER,MATCHED_DRIVER_ID,17,1,14:42:01,23.223,,,2019-04-14,DURATION_AND_TIME_OF_DAY_ONLY,https://api.jolpi.ca/ergast/f1/2019/3/pitstops.json?limit=1000,b575b99553a34e3a4ad8c178bafb23d80f2b7c0cea456257120597f347e18d93
2019,Chinese Grand Prix,Race,8,norris,NOR,MATCHED_DRIVER_ID,17,2,14:43:26,33.638,,,2019-04-14,DURATION_AND_TIME_OF_DAY_ONLY,https://api.jolpi.ca/ergast/f1/2019/3/pitstops.json?limit=1000,b575b99553a34e3a4ad8c178bafb23d80f2b7c0cea456257120597f347e18d93
2019,Chinese Grand Prix,Race,9,vettel,VET,MATCHED_DRIVER_ID,18,1,14:43:39,22.749,,,2019-04-14,DURATION_AND_TIME_OF_DAY_ONLY,https://api.jolpi.ca/ergast/f1/2019/3/pitstops.json?limit=1000,b575b99553a34e3a4ad8c178bafb23d80f2b7c0cea456257120597f347e18d93
2019,Chinese Grand Prix,Race,10,ricciardo,RIC,MATCHED_DRIVER_ID,18,1,14:44:01,23.506,,,2019-04-14,DURATION_AND_TIME_OF_DAY_ONLY,https://api.jolpi.ca/ergast/f1/2019/3/pitstops.json?limit=1000,b575b99553a34e3a4ad8c178bafb23d80f2b7c0cea456257120597f347e18d93
2019,Chinese Grand Prix,Race,11,gasly,GAS,MATCHED_DRIVER_ID,19,1,14:45:31,22.301,,,2019-04-14,DURATION_AND_TIME_OF_DAY_ONLY,https://api.jolpi.ca/ergast/f1/2019/3/pitstops.json?limit=1000,b575b99553a34e3a4ad8c178bafb23d80f2b7c0cea456257120597f347e18d93
2019,Chinese Grand Prix,Race,12,albon,ALB,MATCHED_DRIVER_ID,19,1,14:46:02,23.215,,,2019-04-14,DURATION_AND_TIME_OF_DAY_ONLY,https://api.jolpi.ca/ergast/f1/2019/3/pitstops.json?limit=1000,b575b99553a34e3a4ad8c178bafb23d80f2b7c0cea456257120597f347e18d93
2019,Chinese Grand Prix,Race,13,perez,PER,MATCHED_DRIVER_ID,20,1,14:47:27,23.733,,,2019-04-14,DURATION_AND_TIME_OF_DAY_ONLY,https://api.jolpi.ca/ergast/f1/2019/3/pitstops.json?limit=1000,b575b99553a34e3a4ad8c178bafb23d80f2b7c0cea456257120597f347e18d93
2019,Chinese Grand Prix,Race,14,stroll,STR,MATCHED_DRIVER_ID,20,1,14:47:41,23.466,,,2019-04-14,DURATION_AND_TIME_OF_DAY_ONLY,https://api.jolpi.ca/ergast/f1/2019/3/pitstops.json?limit=1000,b575b99553a34e3a4ad8c178bafb23d80f2b7c0cea456257120597f347e18d93
2019,Chinese Grand Prix,Race,15,bottas,BOT,MATCHED_DRIVER_ID,21,1,14:48:27,22.196,,,2019-04-14,DURATION_AND_TIME_OF_DAY_ONLY,https://api.jolpi.ca/ergast/f1/2019/3/pitstops.json?limit=1000,b575b99553a34e3a4ad8c178bafb23d80f2b7c0cea456257120597f347e18d93
2019,Chinese Grand Prix,Race,16,hamilton,HAM,MATCHED_DRIVER_ID,22,1,14:50:01,22.644,,,2019-04-14,DURATION_AND_TIME_OF_DAY_ONLY,https://api.jolpi.ca/ergast/f1/2019/3/pitstops.json?limit=1000,b575b99553a34e3a4ad8c178bafb23d80f2b7c0cea456257120597f347e18d93
2019,Chinese Grand Prix,Race,17,leclerc,LEC,MATCHED_DRIVER_ID,22,1,14:50:21,22.921,,,2019-04-14,DURATION_AND_TIME_OF_DAY_ONLY,https://api.jolpi.ca/ergast/f1/2019/3/pitstops.json?limit=1000,b575b99553a34e3a4ad8c178bafb23d80f2b7c0cea456257120597f347e18d93
2019,Chinese Grand Prix,Race,18,russell,RUS,MATCHED_DRIVER_ID,22,1,14:51:29,24.332,,,2019-04-14,DURATION_AND_TIME_OF_DAY_ONLY,https://api.jolpi.ca/ergast/f1/2019/3/pitstops.json?limit=1000,b575b99553a34e3a4ad8c178bafb23d80f2b7c0cea456257120597f347e18d93
2019,Chinese Grand Prix,Race,19,raikkonen,RAI,MATCHED_DRIVER_ID,25,1,14:55:54,23.888,,,2019-04-14,DURATION_AND_TIME_OF_DAY_ONLY,https://api.jolpi.ca/ergast/f1/2019/3/pitstops.json?limit=1000,b575b99553a34e3a4ad8c178bafb23d80f2b7c0cea456257120597f347e18d93
2019,Chinese Grand Prix,Race,20,kvyat,KVY,MATCHED_DRIVER_ID,25,2,14:56:18,26.05,,,2019-04-14,DURATION_AND_TIME_OF_DAY_ONLY,https://api.jolpi.ca/ergast/f1/2019/3/pitstops.json?limit=1000,b575b99553a34e3a4ad8c178bafb23d80f2b7c0cea456257120597f347e18d93
2019,Chinese Grand Prix,Race,21,kubica,KUB,MATCHED_DRIVER_ID,26,1,14:58:30,32.627,,,2019-04-14,DURATION_AND_TIME_OF_DAY_ONLY,https://api.jolpi.ca/ergast/f1/2019/3/pitstops.json?limit=1000,b575b99553a34e3a4ad8c178bafb23d80f2b7c0cea456257120597f347e18d93
2019,Chinese Grand Prix,Race,22,giovinazzi,GIO,MATCHED_DRIVER_ID,30,2,15:04:51,25.137,,,2019-04-14,DURATION_AND_TIME_OF_DAY_ONLY,https://api.jolpi.ca/ergast/f1/2019/3/pitstops.json?limit=1000,b575b99553a34e3a4ad8c178bafb23d80f2b7c0cea456257120597f347e18d93
2019,Chinese Grand Prix,Race,23,kvyat,KVY,MATCHED_DRIVER_ID,30,3,15:04:57,43.206,,,2019-04-14,DURATION_AND_TIME_OF_DAY_ONLY,https://api.jolpi.ca/ergast/f1/2019/3/pitstops.json?limit=1000,b575b99553a34e3a4ad8c178bafb23d80f2b7c0cea456257120597f347e18d93
2019,Chinese Grand Prix,Race,24,kevin_magnussen,MAG,MATCHED_DRIVER_ID,33,2,15:09:45,23.383,,,2019-04-14,DURATION_AND_TIME_OF_DAY_ONLY,https://api.jolpi.ca/ergast/f1/2019/3/pitstops.json?limit=1000,b575b99553a34e3a4ad8c178bafb23d80f2b7c0cea456257120597f347e18d93
2019,Chinese Grand Prix,Race,25,max_verstappen,VER,MATCHED_DRIVER_ID,34,2,15:10:12,22.365,,,2019-04-14,DURATION_AND_TIME_OF_DAY_ONLY,https://api.jolpi.ca/ergast/f1/2019/3/pitstops.json?limit=1000,b575b99553a34e3a4ad8c178bafb23d80f2b7c0cea456257120597f347e18d93
2019,Chinese Grand Prix,Race,26,vettel,VET,MATCHED_DRIVER_ID,35,2,15:11:41,22.316,,,2019-04-14,DURATION_AND_TIME_OF_DAY_ONLY,https://api.jolpi.ca/ergast/f1/2019/3/pitstops.json?limit=1000,b575b99553a34e3a4ad8c178bafb23d80f2b7c0cea456257120597f347e18d93
2019,Chinese Grand Prix,Race,27,norris,NOR,MATCHED_DRIVER_ID,34,3,15:12:20,22.524,,,2019-04-14,DURATION_AND_TIME_OF_DAY_ONLY,https://api.jolpi.ca/ergast/f1/2019/3/pitstops.json?limit=1000,b575b99553a34e3a4ad8c178bafb23d80f2b7c0cea456257120597f347e18d93
2019,Chinese Grand Prix,Race,28,grosjean,GRO,MATCHED_DRIVER_ID,35,2,15:12:56,23.52,,,2019-04-14,DURATION_AND_TIME_OF_DAY_ONLY,https://api.jolpi.ca/ergast/f1/2019/3/pitstops.json?limit=1000,b575b99553a34e3a4ad8c178bafb23d80f2b7c0cea456257120597f347e18d93
2019,Chinese Grand Prix,Race,29,hamilton,HAM,MATCHED_DRIVER_ID,36,2,15:13:05,23.597,,,2019-04-14,DURATION_AND_TIME_OF_DAY_ONLY,https://api.jolpi.ca/ergast/f1/2019/3/pitstops.json?limit=1000,b575b99553a34e3a4ad8c178bafb23d80f2b7c0cea456257120597f347e18d93
2019,Chinese Grand Prix,Race,30,bottas,BOT,MATCHED_DRIVER_ID,36,2,15:13:10,24.083,,,2019-04-14,DURATION_AND_TIME_OF_DAY_ONLY,https://api.jolpi.ca/ergast/f1/2019/3/pitstops.json?limit=1000,b575b99553a34e3a4ad8c178bafb23d80f2b7c0cea456257120597f347e18d93
2019,Chinese Grand Prix,Race,31,sainz,SAI,MATCHED_DRIVER_ID,36,2,15:14:58,22.532,,,2019-04-14,DURATION_AND_TIME_OF_DAY_ONLY,https://api.jolpi.ca/ergast/f1/2019/3/pitstops.json?limit=1000,b575b99553a34e3a4ad8c178bafb23d80f2b7c0cea456257120597f347e18d93
2019,Chinese Grand Prix,Race,32,gasly,GAS,MATCHED_DRIVER_ID,39,2,15:18:48,22.722,,,2019-04-14,DURATION_AND_TIME_OF_DAY_ONLY,https://api.jolpi.ca/ergast/f1/2019/3/pitstops.json?limit=1000,b575b99553a34e3a4ad8c178bafb23d80f2b7c0cea456257120597f347e18d93
2019,Chinese Grand Prix,Race,33,leclerc,LEC,MATCHED_DRIVER_ID,42,2,15:23:18,24.227,,,2019-04-14,DURATION_AND_TIME_OF_DAY_ONLY,https://api.jolpi.ca/ergast/f1/2019/3/pitstops.json?limit=1000,b575b99553a34e3a4ad8c178bafb23d80f2b7c0cea456257120597f347e18d93
2019,Chinese Grand Prix,Race,34,stroll,STR,MATCHED_DRIVER_ID,44,2,15:27:57,23.515,,,2019-04-14,DURATION_AND_TIME_OF_DAY_ONLY,https://api.jolpi.ca/ergast/f1/2019/3/pitstops.json?limit=1000,b575b99553a34e3a4ad8c178bafb23d80f2b7c0cea456257120597f347e18d93
2019,Chinese Grand Prix,Race,35,russell,RUS,MATCHED_DRIVER_ID,49,2,15:37:27,23.965,,,2019-04-14,DURATION_AND_TIME_OF_DAY_ONLY,https://api.jolpi.ca/ergast/f1/2019/3/pitstops.json?limit=1000,b575b99553a34e3a4ad8c178bafb23d80f2b7c0cea456257120597f347e18d93
2019,Chinese Grand Prix,Race,36,gasly,GAS,MATCHED_DRIVER_ID,53,3,15:41:53,22.408,,,2019-04-14,DURATION_AND_TIME_OF_DAY_ONLY,https://api.jolpi.ca/ergast/f1/2019/3/pitstops.json?limit=1000,b575b99553a34e3a4ad8c178bafb23d80f2b7c0cea456257120597f347e18d93
2019,French Grand Prix,Race,0,giovinazzi,GIO,MATCHED_DRIVER_ID,7,1,15:25:01,30.842,,,2019-06-23,DURATION_AND_TIME_OF_DAY_ONLY,https://api.jolpi.ca/ergast/f1/2019/8/pitstops.json?limit=1000,f6182cd6d1e54d820cdb036f6a3289e473ab466bd8347b5068875b5a19c57ab2
2019,French Grand Prix,Race,1,ricciardo,RIC,MATCHED_DRIVER_ID,16,1,15:39:36,31.031,,,2019-06-23,DURATION_AND_TIME_OF_DAY_ONLY,https://api.jolpi.ca/ergast/f1/2019/8/pitstops.json?limit=1000,f6182cd6d1e54d820cdb036f6a3289e473ab466bd8347b5068875b5a19c57ab2
2019,French Grand Prix,Race,2,kevin_magnussen,MAG,MATCHED_DRIVER_ID,16,1,15:39:52,30.832,,,2019-06-23,DURATION_AND_TIME_OF_DAY_ONLY,https://api.jolpi.ca/ergast/f1/2019/8/pitstops.json?limit=1000,f6182cd6d1e54d820cdb036f6a3289e473ab466bd8347b5068875b5a19c57ab2
2019,French Grand Prix,Race,3,gasly,GAS,MATCHED_DRIVER_ID,17,1,15:41:13,30.228,,,2019-06-23,DURATION_AND_TIME_OF_DAY_ONLY,https://api.jolpi.ca/ergast/f1/2019/8/pitstops.json?limit=1000,f6182cd6d1e54d820cdb036f6a3289e473ab466bd8347b5068875b5a19c57ab2
2019,French Grand Prix,Race,4,norris,NOR,MATCHED_DRIVER_ID,18,1,15:42:44,30.576,,,2019-06-23,DURATION_AND_TIME_OF_DAY_ONLY,https://api.jolpi.ca/ergast/f1/2019/8/pitstops.json?limit=1000,f6182cd6d1e54d820cdb036f6a3289e473ab466bd8347b5068875b5a19c57ab2
2019,French Grand Prix,Race,5,perez,PER,MATCHED_DRIVER_ID,18,1,15:42:54,37.286,,,2019-06-23,DURATION_AND_TIME_OF_DAY_ONLY,https://api.jolpi.ca/ergast/f1/2019/8/pitstops.json?limit=1000,f6182cd6d1e54d820cdb036f6a3289e473ab466bd8347b5068875b5a19c57ab2
2019,French Grand Prix,Race,6,sainz,SAI,MATCHED_DRIVER_ID,19,1,15:44:20,29.92,,,2019-06-23,DURATION_AND_TIME_OF_DAY_ONLY,https://api.jolpi.ca/ergast/f1/2019/8/pitstops.json?limit=1000,f6182cd6d1e54d820cdb036f6a3289e473ab466bd8347b5068875b5a19c57ab2
2019,French Grand Prix,Race,7,max_verstappen,VER,MATCHED_DRIVER_ID,20,1,15:45:33,30.118,,,2019-06-23,DURATION_AND_TIME_OF_DAY_ONLY,https://api.jolpi.ca/ergast/f1/2019/8/pitstops.json?limit=1000,f6182cd6d1e54d820cdb036f6a3289e473ab466bd8347b5068875b5a19c57ab2
2019,French Grand Prix,Race,8,leclerc,LEC,MATCHED_DRIVER_ID,21,1,15:47:03,30.203,,,2019-06-23,DURATION_AND_TIME_OF_DAY_ONLY,https://api.jolpi.ca/ergast/f1/2019/8/pitstops.json?limit=1000,f6182cd6d1e54d820cdb036f6a3289e473ab466bd8347b5068875b5a19c57ab2
2019,French Grand Prix,Race,9,bottas,BOT,MATCHED_DRIVER_ID,23,1,15:50:09,30.412,,,2019-06-23,DURATION_AND_TIME_OF_DAY_ONLY,https://api.jolpi.ca/ergast/f1/2019/8/pitstops.json?limit=1000,f6182cd6d1e54d820cdb036f6a3289e473ab466bd8347b5068875b5a19c57ab2
2019,French Grand Prix,Race,10,hamilton,HAM,MATCHED_DRIVER_ID,24,1,15:51:35,30.186,,,2019-06-23,DURATION_AND_TIME_OF_DAY_ONLY,https://api.jolpi.ca/ergast/f1/2019/8/pitstops.json?limit=1000,f6182cd6d1e54d820cdb036f6a3289e473ab466bd8347b5068875b5a19c57ab2
2019,French Grand Prix,Race,11,kubica,KUB,MATCHED_DRIVER_ID,24,1,15:53:31,29.792,,,2019-06-23,DURATION_AND_TIME_OF_DAY_ONLY,https://api.jolpi.ca/ergast/f1/2019/8/pitstops.json?limit=1000,f6182cd6d1e54d820cdb036f6a3289e473ab466bd8347b5068875b5a19c57ab2
2019,French Grand Prix,Race,12,vettel,VET,MATCHED_DRIVER_ID,25,1,15:53:36,30.044,,,2019-06-23,DURATION_AND_TIME_OF_DAY_ONLY,https://api.jolpi.ca/ergast/f1/2019/8/pitstops.json?limit=1000,f6182cd6d1e54d820cdb036f6a3289e473ab466bd8347b5068875b5a19c57ab2
2019,French Grand Prix,Race,13,albon,ALB,MATCHED_DRIVER_ID,25,1,15:54:23,30.279,,,2019-06-23,DURATION_AND_TIME_OF_DAY_ONLY,https://api.jolpi.ca/ergast/f1/2019/8/pitstops.json?limit=1000,f6182cd6d1e54d820cdb036f6a3289e473ab466bd8347b5068875b5a19c57ab2
2019,French Grand Prix,Race,14,russell,RUS,MATCHED_DRIVER_ID,25,1,15:55:03,31.95,,,2019-06-23,DURATION_AND_TIME_OF_DAY_ONLY,https://api.jolpi.ca/ergast/f1/2019/8/pitstops.json?limit=1000,f6182cd6d1e54d820cdb036f6a3289e473ab466bd8347b5068875b5a19c57ab2
2019,French Grand Prix,Race,15,raikkonen,RAI,MATCHED_DRIVER_ID,31,1,16:03:51,29.975,,,2019-06-23,DURATION_AND_TIME_OF_DAY_ONLY,https://api.jolpi.ca/ergast/f1/2019/8/pitstops.json?limit=1000,f6182cd6d1e54d820cdb036f6a3289e473ab466bd8347b5068875b5a19c57ab2
2019,French Grand Prix,Race,16,grosjean,GRO,MATCHED_DRIVER_ID,31,1,16:04:18,30.837,,,2019-06-23,DURATION_AND_TIME_OF_DAY_ONLY,https://api.jolpi.ca/ergast/f1/2019/8/pitstops.json?limit=1000,f6182cd6d1e54d820cdb036f6a3289e473ab466bd8347b5068875b5a19c57ab2
2019,French Grand Prix,Race,17,kvyat,KVY,MATCHED_DRIVER_ID,32,1,16:05:49,30.233,,,2019-06-23,DURATION_AND_TIME_OF_DAY_ONLY,https://api.jolpi.ca/ergast/f1/2019/8/pitstops.json?limit=1000,f6182cd6d1e54d820cdb036f6a3289e473ab466bd8347b5068875b5a19c57ab2
2019,French Grand Prix,Race,18,russell,RUS,MATCHED_DRIVER_ID,33,2,16:08:33,37.494,,,2019-06-23,DURATION_AND_TIME_OF_DAY_ONLY,https://api.jolpi.ca/ergast/f1/2019/8/pitstops.json?limit=1000,f6182cd6d1e54d820cdb036f6a3289e473ab466bd8347b5068875b5a19c57ab2
2019,French Grand Prix,Race,19,hulkenberg,HUL,MATCHED_DRIVER_ID,34,1,16:08:41,30.884,,,2019-06-23,DURATION_AND_TIME_OF_DAY_ONLY,https://api.jolpi.ca/ergast/f1/2019/8/pitstops.json?limit=1000,f6182cd6d1e54d820cdb036f6a3289e473ab466bd8347b5068875b5a19c57ab2
2019,French Grand Prix,Race,20,giovinazzi,GIO,MATCHED_DRIVER_ID,34,2,16:09:23,31.697,,,2019-06-23,DURATION_AND_TIME_OF_DAY_ONLY,https://api.jolpi.ca/ergast/f1/2019/8/pitstops.json?limit=1000,f6182cd6d1e54d820cdb036f6a3289e473ab466bd8347b5068875b5a19c57ab2
2019,French Grand Prix,Race,21,stroll,STR,MATCHED_DRIVER_ID,39,1,16:16:51,30.849,,,2019-06-23,DURATION_AND_TIME_OF_DAY_ONLY,https://api.jolpi.ca/ergast/f1/2019/8/pitstops.json?limit=1000,f6182cd6d1e54d820cdb036f6a3289e473ab466bd8347b5068875b5a19c57ab2
2019,French Grand Prix,Race,22,vettel,VET,MATCHED_DRIVER_ID,51,2,16:35:13,30.468,,,2019-06-23,DURATION_AND_TIME_OF_DAY_ONLY,https://api.jolpi.ca/ergast/f1/2019/8/pitstops.json?limit=1000,f6182cd6d1e54d820cdb036f6a3289e473ab466bd8347b5068875b5a19c57ab2
2019,German Grand Prix,Race,0,vettel,VET,MATCHED_DRIVER_ID,2,1,15:23:38,20.094,,,2019-07-28,DURATION_AND_TIME_OF_DAY_ONLY,https://api.jolpi.ca/ergast/f1/2019/11/pitstops.json?limit=1000,674042a88ebc51393e55d0b1f437f8daea99b90193b2994e29e78e1e0cfe2a31
2019,German Grand Prix,Race,1,albon,ALB,MATCHED_DRIVER_ID,2,1,15:23:41,20.576,,,2019-07-28,DURATION_AND_TIME_OF_DAY_ONLY,https://api.jolpi.ca/ergast/f1/2019/11/pitstops.json?limit=1000,674042a88ebc51393e55d0b1f437f8daea99b90193b2994e29e78e1e0cfe2a31
2019,German Grand Prix,Race,2,hamilton,HAM,MATCHED_DRIVER_ID,3,1,15:25:13,20.203,,,2019-07-28,DURATION_AND_TIME_OF_DAY_ONLY,https://api.jolpi.ca/ergast/f1/2019/11/pitstops.json?limit=1000,674042a88ebc51393e55d0b1f437f8daea99b90193b2994e29e78e1e0cfe2a31
2019,German Grand Prix,Race,3,bottas,BOT,MATCHED_DRIVER_ID,3,1,15:25:19,22.243,,,2019-07-28,DURATION_AND_TIME_OF_DAY_ONLY,https://api.jolpi.ca/ergast/f1/2019/11/pitstops.json?limit=1000,674042a88ebc51393e55d0b1f437f8daea99b90193b2994e29e78e1e0cfe2a31
2019,German Grand Prix,Race,4,max_verstappen,VER,MATCHED_DRIVER_ID,3,1,15:25:20,22.358,,,2019-07-28,DURATION_AND_TIME_OF_DAY_ONLY,https://api.jolpi.ca/ergast/f1/2019/11/pitstops.json?limit=1000,674042a88ebc51393e55d0b1f437f8daea99b90193b2994e29e78e1e0cfe2a31
2019,German Grand Prix,Race,5,raikkonen,RAI,MATCHED_DRIVER_ID,3,1,15:25:22,27.256,,,2019-07-28,DURATION_AND_TIME_OF_DAY_ONLY,https://api.jolpi.ca/ergast/f1/2019/11/pitstops.json?limit=1000,674042a88ebc51393e55d0b1f437f8daea99b90193b2994e29e78e1e0cfe2a31
2019,German Grand Prix,Race,6,hulkenberg,HUL,MATCHED_DRIVER_ID,3,1,15:25:24,22.132,,,2019-07-28,DURATION_AND_TIME_OF_DAY_ONLY,https://api.jolpi.ca/ergast/f1/2019/11/pitstops.json?limit=1000,674042a88ebc51393e55d0b1f437f8daea99b90193b2994e29e78e1e0cfe2a31
2019,German Grand Prix,Race,7,leclerc,LEC,MATCHED_DRIVER_ID,3,1,15:25:25,20.361,,,2019-07-28,DURATION_AND_TIME_OF_DAY_ONLY,https://api.jolpi.ca/ergast/f1/2019/11/pitstops.json?limit=1000,674042a88ebc51393e55d0b1f437f8daea99b90193b2994e29e78e1e0cfe2a31
2019,German Grand Prix,Race,8,grosjean,GRO,MATCHED_DRIVER_ID,3,1,15:25:31,27.232,,,2019-07-28,DURATION_AND_TIME_OF_DAY_ONLY,https://api.jolpi.ca/ergast/f1/2019/11/pitstops.json?limit=1000,674042a88ebc51393e55d0b1f437f8daea99b90193b2994e29e78e1e0cfe2a31
2019,German Grand Prix,Race,9,gasly,GAS,MATCHED_DRIVER_ID,3,1,15:25:33,29.667,,,2019-07-28,DURATION_AND_TIME_OF_DAY_ONLY,https://api.jolpi.ca/ergast/f1/2019/11/pitstops.json?limit=1000,674042a88ebc51393e55d0b1f437f8daea99b90193b2994e29e78e1e0cfe2a31
2019,German Grand Prix,Race,10,sainz,SAI,MATCHED_DRIVER_ID,3,1,15:25:34,23.363,,,2019-07-28,DURATION_AND_TIME_OF_DAY_ONLY,https://api.jolpi.ca/ergast/f1/2019/11/pitstops.json?limit=1000,674042a88ebc51393e55d0b1f437f8daea99b90193b2994e29e78e1e0cfe2a31
2019,German Grand Prix,Race,11,giovinazzi,GIO,MATCHED_DRIVER_ID,3,1,15:25:37,22.509,,,2019-07-28,DURATION_AND_TIME_OF_DAY_ONLY,https://api.jolpi.ca/ergast/f1/2019/11/pitstops.json?limit=1000,674042a88ebc51393e55d0b1f437f8daea99b90193b2994e29e78e1e0cfe2a31
2019,German Grand Prix,Race,12,ricciardo,RIC,MATCHED_DRIVER_ID,3,1,15:25:39,21.224,,,2019-07-28,DURATION_AND_TIME_OF_DAY_ONLY,https://api.jolpi.ca/ergast/f1/2019/11/pitstops.json?limit=1000,674042a88ebc51393e55d0b1f437f8daea99b90193b2994e29e78e1e0cfe2a31
2019,German Grand Prix,Race,13,kvyat,KVY,MATCHED_DRIVER_ID,3,1,15:25:41,23.09,,,2019-07-28,DURATION_AND_TIME_OF_DAY_ONLY,https://api.jolpi.ca/ergast/f1/2019/11/pitstops.json?limit=1000,674042a88ebc51393e55d0b1f437f8daea99b90193b2994e29e78e1e0cfe2a31
2019,German Grand Prix,Race,14,norris,NOR,MATCHED_DRIVER_ID,6,1,15:31:10,21.402,,,2019-07-28,DURATION_AND_TIME_OF_DAY_ONLY,https://api.jolpi.ca/ergast/f1/2019/11/pitstops.json?limit=1000,674042a88ebc51393e55d0b1f437f8daea99b90193b2994e29e78e1e0cfe2a31
2019,German Grand Prix,Race,15,stroll,STR,MATCHED_DRIVER_ID,7,1,15:32:46,22.696,,,2019-07-28,DURATION_AND_TIME_OF_DAY_ONLY,https://api.jolpi.ca/ergast/f1/2019/11/pitstops.json?limit=1000,674042a88ebc51393e55d0b1f437f8daea99b90193b2994e29e78e1e0cfe2a31
2019,German Grand Prix,Race,16,russell,RUS,MATCHED_DRIVER_ID,7,1,15:32:56,20.718,,,2019-07-28,DURATION_AND_TIME_OF_DAY_ONLY,https://api.jolpi.ca/ergast/f1/2019/11/pitstops.json?limit=1000,674042a88ebc51393e55d0b1f437f8daea99b90193b2994e29e78e1e0cfe2a31
2019,German Grand Prix,Race,17,kubica,KUB,MATCHED_DRIVER_ID,7,1,15:33:00,23.801,,,2019-07-28,DURATION_AND_TIME_OF_DAY_ONLY,https://api.jolpi.ca/ergast/f1/2019/11/pitstops.json?limit=1000,674042a88ebc51393e55d0b1f437f8daea99b90193b2994e29e78e1e0cfe2a31
2019,German Grand Prix,Race,18,kevin_magnussen,MAG,MATCHED_DRIVER_ID,8,1,15:34:19,21.106,,,2019-07-28,DURATION_AND_TIME_OF_DAY_ONLY,https://api.jolpi.ca/ergast/f1/2019/11/pitstops.json?limit=1000,674042a88ebc51393e55d0b1f437f8daea99b90193b2994e29e78e1e0cfe2a31
2019,German Grand Prix,Race,19,leclerc,LEC,MATCHED_DRIVER_ID,15,2,15:44:43,22.102,,,2019-07-28,DURATION_AND_TIME_OF_DAY_ONLY,https://api.jolpi.ca/ergast/f1/2019/11/pitstops.json?limit=1000,674042a88ebc51393e55d0b1f437f8daea99b90193b2994e29e78e1e0cfe2a31
2019,German Grand Prix,Race,20,hulkenberg,HUL,MATCHED_DRIVER_ID,15,2,15:44:55,20.118,,,2019-07-28,DURATION_AND_TIME_OF_DAY_ONLY,https://api.jolpi.ca/ergast/f1/2019/11/pitstops.json?limit=1000,674042a88ebc51393e55d0b1f437f8daea99b90193b2994e29e78e1e0cfe2a31
2019,German Grand Prix,Race,21,kevin_magnussen,MAG,MATCHED_DRIVER_ID,21,2,15:55:12,21.179,,,2019-07-28,DURATION_AND_TIME_OF_DAY_ONLY,https://api.jolpi.ca/ergast/f1/2019/11/pitstops.json?limit=1000,674042a88ebc51393e55d0b1f437f8daea99b90193b2994e29e78e1e0cfe2a31
2019,German Grand Prix,Race,22,vettel,VET,MATCHED_DRIVER_ID,23,2,15:57:40,20.768,,,2019-07-28,DURATION_AND_TIME_OF_DAY_ONLY,https://api.jolpi.ca/ergast/f1/2019/11/pitstops.json?limit=1000,674042a88ebc51393e55d0b1f437f8daea99b90193b2994e29e78e1e0cfe2a31
2019,German Grand Prix,Race,23,kubica,KUB,MATCHED_DRIVER_ID,23,2,15:59:08,20.436,,,2019-07-28,DURATION_AND_TIME_OF_DAY_ONLY,https://api.jolpi.ca/ergast/f1/2019/11/pitstops.json?limit=1000,674042a88ebc51393e55d0b1f437f8daea99b90193b2994e29e78e1e0cfe2a31
2019,German Grand Prix,Race,24,max_verstappen,VER,MATCHED_DRIVER_ID,25,2,16:00:07,19.64,,,2019-07-28,DURATION_AND_TIME_OF_DAY_ONLY,https://api.jolpi.ca/ergast/f1/2019/11/pitstops.json?limit=1000,674042a88ebc51393e55d0b1f437f8daea99b90193b2994e29e78e1e0cfe2a31
2019,German Grand Prix,Race,25,russell,RUS,MATCHED_DRIVER_ID,24,2,16:00:34,19.287,,,2019-07-28,DURATION_AND_TIME_OF_DAY_ONLY,https://api.jolpi.ca/ergast/f1/2019/11/pitstops.json?limit=1000,674042a88ebc51393e55d0b1f437f8daea99b90193b2994e29e78e1e0cfe2a31
2019,German Grand Prix,Race,26,kvyat,KVY,MATCHED_DRIVER_ID,25,2,16:01:14,21.488,,,2019-07-28,DURATION_AND_TIME_OF_DAY_ONLY,https://api.jolpi.ca/ergast/f1/2019/11/pitstops.json?limit=1000,674042a88ebc51393e55d0b1f437f8daea99b90193b2994e29e78e1e0cfe2a31
2019,German Grand Prix,Race,27,norris,NOR,MATCHED_DRIVER_ID,25,2,16:01:15,20.242,,,2019-07-28,DURATION_AND_TIME_OF_DAY_ONLY,https://api.jolpi.ca/ergast/f1/2019/11/pitstops.json?limit=1000,674042a88ebc51393e55d0b1f437f8daea99b90193b2994e29e78e1e0cfe2a31
2019,German Grand Prix,Race,28,stroll,STR,MATCHED_DRIVER_ID,25,2,16:01:22,21.26,,,2019-07-28,DURATION_AND_TIME_OF_DAY_ONLY,https://api.jolpi.ca/ergast/f1/2019/11/pitstops.json?limit=1000,674042a88ebc51393e55d0b1f437f8daea99b90193b2994e29e78e1e0cfe2a31
2019,German Grand Prix,Race,29,bottas,BOT,MATCHED_DRIVER_ID,26,2,16:01:40,20.498,,,2019-07-28,DURATION_AND_TIME_OF_DAY_ONLY,https://api.jolpi.ca/ergast/f1/2019/11/pitstops.json?limit=1000,674042a88ebc51393e55d0b1f437f8daea99b90193b2994e29e78e1e0cfe2a31
2019,German Grand Prix,Race,30,raikkonen,RAI,MATCHED_DRIVER_ID,26,2,16:02:15,22.307,,,2019-07-28,DURATION_AND_TIME_OF_DAY_ONLY,https://api.jolpi.ca/ergast/f1/2019/11/pitstops.json?limit=1000,674042a88ebc51393e55d0b1f437f8daea99b90193b2994e29e78e1e0cfe2a31
2019,German Grand Prix,Race,31,giovinazzi,GIO,MATCHED_DRIVER_ID,26,2,16:02:33,20.879,,,2019-07-28,DURATION_AND_TIME_OF_DAY_ONLY,https://api.jolpi.ca/ergast/f1/2019/11/pitstops.json?limit=1000,674042a88ebc51393e55d0b1f437f8daea99b90193b2994e29e78e1e0cfe2a31
2019,German Grand Prix,Race,32,gasly,GAS,MATCHED_DRIVER_ID,26,2,16:02:35,19.875,,,2019-07-28,DURATION_AND_TIME_OF_DAY_ONLY,https://api.jolpi.ca/ergast/f1/2019/11/pitstops.json?limit=1000,674042a88ebc51393e55d0b1f437f8daea99b90193b2994e29e78e1e0cfe2a31
2019,German Grand Prix,Race,33,grosjean,GRO,MATCHED_DRIVER_ID,26,2,16:02:44,21.625,,,2019-07-28,DURATION_AND_TIME_OF_DAY_ONLY,https://api.jolpi.ca/ergast/f1/2019/11/pitstops.json?limit=1000,674042a88ebc51393e55d0b1f437f8daea99b90193b2994e29e78e1e0cfe2a31
2019,German Grand Prix,Race,34,leclerc,LEC,MATCHED_DRIVER_ID,27,3,16:03:18,20.317,,,2019-07-28,DURATION_AND_TIME_OF_DAY_ONLY,https://api.jolpi.ca/ergast/f1/2019/11/pitstops.json?limit=1000,674042a88ebc51393e55d0b1f437f8daea99b90193b2994e29e78e1e0cfe2a31
2019,German Grand Prix,Race,35,albon,ALB,MATCHED_DRIVER_ID,27,2,16:04:06,21.501,,,2019-07-28,DURATION_AND_TIME_OF_DAY_ONLY,https://api.jolpi.ca/ergast/f1/2019/11/pitstops.json?limit=1000,674042a88ebc51393e55d0b1f437f8daea99b90193b2994e29e78e1e0cfe2a31
2019,German Grand Prix,Race,36,sainz,SAI,MATCHED_DRIVER_ID,27,2,16:04:43,19.964,,,2019-07-28,DURATION_AND_TIME_OF_DAY_ONLY,https://api.jolpi.ca/ergast/f1/2019/11/pitstops.json?limit=1000,674042a88ebc51393e55d0b1f437f8daea99b90193b2994e29e78e1e0cfe2a31
2019,German Grand Prix,Race,37,hamilton,HAM,MATCHED_DRIVER_ID,28,2,16:04:58,22.947,,,2019-07-28,DURATION_AND_TIME_OF_DAY_ONLY,https://api.jolpi.ca/ergast/f1/2019/11/pitstops.json?limit=1000,674042a88ebc51393e55d0b1f437f8daea99b90193b2994e29e78e1e0cfe2a31
2019,German Grand Prix,Race,38,albon,ALB,MATCHED_DRIVER_ID,28,3,16:06:20,21.732,,,2019-07-28,DURATION_AND_TIME_OF_DAY_ONLY,https://api.jolpi.ca/ergast/f1/2019/11/pitstops.json?limit=1000,674042a88ebc51393e55d0b1f437f8daea99b90193b2994e29e78e1e0cfe2a31
2019,German Grand Prix,Race,39,vettel,VET,MATCHED_DRIVER_ID,28,3,16:06:40,22.058,,,2019-07-28,DURATION_AND_TIME_OF_DAY_ONLY,https://api.jolpi.ca/ergast/f1/2019/11/pitstops.json?limit=1000,674042a88ebc51393e55d0b1f437f8daea99b90193b2994e29e78e1e0cfe2a31
2019,German Grand Prix,Race,40,raikkonen,RAI,MATCHED_DRIVER_ID,28,3,16:06:40,21.142,,,2019-07-28,DURATION_AND_TIME_OF_DAY_ONLY,https://api.jolpi.ca/ergast/f1/2019/11/pitstops.json?limit=1000,674042a88ebc51393e55d0b1f437f8daea99b90193b2994e29e78e1e0cfe2a31
2019,German Grand Prix,Race,41,gasly,GAS,MATCHED_DRIVER_ID,28,3,16:06:54,20.552,,,2019-07-28,DURATION_AND_TIME_OF_DAY_ONLY,https://api.jolpi.ca/ergast/f1/2019/11/pitstops.json?limit=1000,674042a88ebc51393e55d0b1f437f8daea99b90193b2994e29e78e1e0cfe2a31
2019,German Grand Prix,Race,42,giovinazzi,GIO,MATCHED_DRIVER_ID,28,3,16:07:02,20.096,,,2019-07-28,DURATION_AND_TIME_OF_DAY_ONLY,https://api.jolpi.ca/ergast/f1/2019/11/pitstops.json?limit=1000,674042a88ebc51393e55d0b1f437f8daea99b90193b2994e29e78e1e0cfe2a31
2019,German Grand Prix,Race,43,kvyat,KVY,MATCHED_DRIVER_ID,28,3,16:07:11,24.31,,,2019-07-28,DURATION_AND_TIME_OF_DAY_ONLY,https://api.jolpi.ca/ergast/f1/2019/11/pitstops.json?limit=1000,674042a88ebc51393e55d0b1f437f8daea99b90193b2994e29e78e1e0cfe2a31
2019,German Grand Prix,Race,44,grosjean,GRO,MATCHED_DRIVER_ID,28,3,16:07:27,22.421,,,2019-07-28,DURATION_AND_TIME_OF_DAY_ONLY,https://api.jolpi.ca/ergast/f1/2019/11/pitstops.json?limit=1000,674042a88ebc51393e55d0b1f437f8daea99b90193b2994e29e78e1e0cfe2a31
2019,German Grand Prix,Race,45,hamilton,HAM,MATCHED_DRIVER_ID,29,3,16:07:32,,,,2019-07-28,DURATION_AND_TIME_OF_DAY_ONLY,https://api.jolpi.ca/ergast/f1/2019/11/pitstops.json?limit=1000,674042a88ebc51393e55d0b1f437f8daea99b90193b2994e29e78e1e0cfe2a31
2019,German Grand Prix,Race,46,max_verstappen,VER,MATCHED_DRIVER_ID,29,3,16:07:40,21.472,,,2019-07-28,DURATION_AND_TIME_OF_DAY_ONLY,https://api.jolpi.ca/ergast/f1/2019/11/pitstops.json?limit=1000,674042a88ebc51393e55d0b1f437f8daea99b90193b2994e29e78e1e0cfe2a31
2019,German Grand Prix,Race,47,hulkenberg,HUL,MATCHED_DRIVER_ID,29,3,16:07:42,20.624,,,2019-07-28,DURATION_AND_TIME_OF_DAY_ONLY,https://api.jolpi.ca/ergast/f1/2019/11/pitstops.json?limit=1000,674042a88ebc51393e55d0b1f437f8daea99b90193b2994e29e78e1e0cfe2a31
2019,German Grand Prix,Race,48,stroll,STR,MATCHED_DRIVER_ID,28,3,16:08:19,21.962,,,2019-07-28,DURATION_AND_TIME_OF_DAY_ONLY,https://api.jolpi.ca/ergast/f1/2019/11/pitstops.json?limit=1000,674042a88ebc51393e55d0b1f437f8daea99b90193b2994e29e78e1e0cfe2a31
2019,German Grand Prix,Race,49,kevin_magnussen,MAG,MATCHED_DRIVER_ID,29,3,16:09:20,21.359,,,2019-07-28,DURATION_AND_TIME_OF_DAY_ONLY,https://api.jolpi.ca/ergast/f1/2019/11/pitstops.json?limit=1000,674042a88ebc51393e55d0b1f437f8daea99b90193b2994e29e78e1e0cfe2a31
2019,German Grand Prix,Race,50,bottas,BOT,MATCHED_DRIVER_ID,30,3,16:09:52,21.142,,,2019-07-28,DURATION_AND_TIME_OF_DAY_ONLY,https://api.jolpi.ca/ergast/f1/2019/11/pitstops.json?limit=1000,674042a88ebc51393e55d0b1f437f8daea99b90193b2994e29e78e1e0cfe2a31
2019,German Grand Prix,Race,51,kubica,KUB,MATCHED_DRIVER_ID,31,3,16:14:07,19.626,,,2019-07-28,DURATION_AND_TIME_OF_DAY_ONLY,https://api.jolpi.ca/ergast/f1/2019/11/pitstops.json?limit=1000,674042a88ebc51393e55d0b1f437f8daea99b90193b2994e29e78e1e0cfe2a31
2019,German Grand Prix,Race,52,max_verstappen,VER,MATCHED_DRIVER_ID,41,4,16:28:42,19.327,,,2019-07-28,DURATION_AND_TIME_OF_DAY_ONLY,https://api.jolpi.ca/ergast/f1/2019/11/pitstops.json?limit=1000,674042a88ebc51393e55d0b1f437f8daea99b90193b2994e29e78e1e0cfe2a31
2019,German Grand Prix,Race,53,vettel,VET,MATCHED_DRIVER_ID,41,4,16:29:20,21.256,,,2019-07-28,DURATION_AND_TIME_OF_DAY_ONLY,https://api.jolpi.ca/ergast/f1/2019/11/pitstops.json?limit=1000,674042a88ebc51393e55d0b1f437f8daea99b90193b2994e29e78e1e0cfe2a31
2019,German Grand Prix,Race,54,grosjean,GRO,MATCHED_DRIVER_ID,41,4,16:29:35,20.622,,,2019-07-28,DURATION_AND_TIME_OF_DAY_ONLY,https://api.jolpi.ca/ergast/f1/2019/11/pitstops.json?limit=1000,674042a88ebc51393e55d0b1f437f8daea99b90193b2994e29e78e1e0cfe2a31
2019,German Grand Prix,Race,55,stroll,STR,MATCHED_DRIVER_ID,41,4,16:30:13,20.472,,,2019-07-28,DURATION_AND_TIME_OF_DAY_ONLY,https://api.jolpi.ca/ergast/f1/2019/11/pitstops.json?limit=1000,674042a88ebc51393e55d0b1f437f8daea99b90193b2994e29e78e1e0cfe2a31
2019,German Grand Prix,Race,56,russell,RUS,MATCHED_DRIVER_ID,41,3,16:30:14,19.345,,,2019-07-28,DURATION_AND_TIME_OF_DAY_ONLY,https://api.jolpi.ca/ergast/f1/2019/11/pitstops.json?limit=1000,674042a88ebc51393e55d0b1f437f8daea99b90193b2994e29e78e1e0cfe2a31
2019,German Grand Prix,Race,57,kevin_magnussen,MAG,MATCHED_DRIVER_ID,42,4,16:31:41,20.38,,,2019-07-28,DURATION_AND_TIME_OF_DAY_ONLY,https://api.jolpi.ca/ergast/f1/2019/11/pitstops.json?limit=1000,674042a88ebc51393e55d0b1f437f8daea99b90193b2994e29e78e1e0cfe2a31
2019,German Grand Prix,Race,58,stroll,STR,MATCHED_DRIVER_ID,44,5,16:35:25,20.152,,,2019-07-28,DURATION_AND_TIME_OF_DAY_ONLY,https://api.jolpi.ca/ergast/f1/2019/11/pitstops.json?limit=1000,674042a88ebc51393e55d0b1f437f8daea99b90193b2994e29e78e1e0cfe2a31
2019,German Grand Prix,Race,59,kvyat,KVY,MATCHED_DRIVER_ID,45,4,16:37:18,20.671,,,2019-07-28,DURATION_AND_TIME_OF_DAY_ONLY,https://api.jolpi.ca/ergast/f1/2019/11/pitstops.json?limit=1000,674042a88ebc51393e55d0b1f437f8daea99b90193b2994e29e78e1e0cfe2a31
2019,German Grand Prix,Race,60,kevin_magnussen,MAG,MATCHED_DRIVER_ID,45,5,16:37:20,20.285,,,2019-07-28,DURATION_AND_TIME_OF_DAY_ONLY,https://api.jolpi.ca/ergast/f1/2019/11/pitstops.json?limit=1000,674042a88ebc51393e55d0b1f437f8daea99b90193b2994e29e78e1e0cfe2a31
2019,German Grand Prix,Race,61,max_verstappen,VER,MATCHED_DRIVER_ID,46,5,16:38:35,19.062,,,2019-07-28,DURATION_AND_TIME_OF_DAY_ONLY,https://api.jolpi.ca/ergast/f1/2019/11/pitstops.json?limit=1000,674042a88ebc51393e55d0b1f437f8daea99b90193b2994e29e78e1e0cfe2a31
2019,German Grand Prix,Race,62,bottas,BOT,MATCHED_DRIVER_ID,46,4,16:38:41,21.009,,,2019-07-28,DURATION_AND_TIME_OF_DAY_ONLY,https://api.jolpi.ca/ergast/f1/2019/11/pitstops.json?limit=1000,674042a88ebc51393e55d0b1f437f8daea99b90193b2994e29e78e1e0cfe2a31
2019,German Grand Prix,Race,63,sainz,SAI,MATCHED_DRIVER_ID,46,3,16:38:44,20.711,,,2019-07-28,DURATION_AND_TIME_OF_DAY_ONLY,https://api.jolpi.ca/ergast/f1/2019/11/pitstops.json?limit=1000,674042a88ebc51393e55d0b1f437f8daea99b90193b2994e29e78e1e0cfe2a31
2019,German Grand Prix,Race,64,gasly,GAS,MATCHED_DRIVER_ID,46,4,16:38:45,20.012,,,2019-07-28,DURATION_AND_TIME_OF_DAY_ONLY,https://api.jolpi.ca/ergast/f1/2019/11/pitstops.json?limit=1000,674042a88ebc51393e55d0b1f437f8daea99b90193b2994e29e78e1e0cfe2a31
2019,German Grand Prix,Race,65,albon,ALB,MATCHED_DRIVER_ID,46,4,16:38:47,19.931,,,2019-07-28,DURATION_AND_TIME_OF_DAY_ONLY,https://api.jolpi.ca/ergast/f1/2019/11/pitstops.json?limit=1000,674042a88ebc51393e55d0b1f437f8daea99b90193b2994e29e78e1e0cfe2a31
2019,German Grand Prix,Race,66,grosjean,GRO,MATCHED_DRIVER_ID,46,5,16:38:49,21.423,,,2019-07-28,DURATION_AND_TIME_OF_DAY_ONLY,https://api.jolpi.ca/ergast/f1/2019/11/pitstops.json?limit=1000,674042a88ebc51393e55d0b1f437f8daea99b90193b2994e29e78e1e0cfe2a31
2019,German Grand Prix,Race,67,kubica,KUB,MATCHED_DRIVER_ID,46,4,16:38:58,20.37,,,2019-07-28,DURATION_AND_TIME_OF_DAY_ONLY,https://api.jolpi.ca/ergast/f1/2019/11/pitstops.json?limit=1000,674042a88ebc51393e55d0b1f437f8daea99b90193b2994e29e78e1e0cfe2a31
2019,German Grand Prix,Race,68,hamilton,HAM,MATCHED_DRIVER_ID,47,4,16:40:10,27.069,,,2019-07-28,DURATION_AND_TIME_OF_DAY_ONLY,https://api.jolpi.ca/ergast/f1/2019/11/pitstops.json?limit=1000,674042a88ebc51393e55d0b1f437f8daea99b90193b2994e29e78e1e0cfe2a31
2019,German Grand Prix,Race,69,raikkonen,RAI,MATCHED_DRIVER_ID,47,4,16:40:13,20.93,,,2019-07-28,DURATION_AND_TIME_OF_DAY_ONLY,https://api.jolpi.ca/ergast/f1/2019/11/pitstops.json?limit=1000,674042a88ebc51393e55d0b1f437f8daea99b90193b2994e29e78e1e0cfe2a31
2019,German Grand Prix,Race,70,vettel,VET,MATCHED_DRIVER_ID,47,5,16:40:14,19.586,,,2019-07-28,DURATION_AND_TIME_OF_DAY_ONLY,https://api.jolpi.ca/ergast/f1/2019/11/pitstops.json?limit=1000,674042a88ebc51393e55d0b1f437f8daea99b90193b2994e29e78e1e0cfe2a31
2019,German Grand Prix,Race,71,giovinazzi,GIO,MATCHED_DRIVER_ID,47,4,16:40:17,28.093,,,2019-07-28,DURATION_AND_TIME_OF_DAY_ONLY,https://api.jolpi.ca/ergast/f1/2019/11/pitstops.json?limit=1000,674042a88ebc51393e55d0b1f437f8daea99b90193b2994e29e78e1e0cfe2a31
2019,German Grand Prix,Race,72,russell,RUS,MATCHED_DRIVER_ID,47,4,16:40:24,21.634,,,2019-07-28,DURATION_AND_TIME_OF_DAY_ONLY,https://api.jolpi.ca/ergast/f1/2019/11/pitstops.json?limit=1000,674042a88ebc51393e55d0b1f437f8daea99b90193b2994e29e78e1e0cfe2a31
2019,German Grand Prix,Race,73,hamilton,HAM,MATCHED_DRIVER_ID,53,5,16:48:53,20.015,,,2019-07-28,DURATION_AND_TIME_OF_DAY_ONLY,https://api.jolpi.ca/ergast/f1/2019/11/pitstops.json?limit=1000,674042a88ebc51393e55d0b1f437f8daea99b90193b2994e29e78e1e0cfe2a31
2019,German Grand Prix,Race,74,hamilton,HAM,MATCHED_DRIVER_ID,56,6,16:53:29,19.61,,,2019-07-28,DURATION_AND_TIME_OF_DAY_ONLY,https://api.jolpi.ca/ergast/f1/2019/11/pitstops.json?limit=1000,674042a88ebc51393e55d0b1f437f8daea99b90193b2994e29e78e1e0cfe2a31
2019,German Grand Prix,Race,75,kevin_magnussen,MAG,MATCHED_DRIVER_ID,57,6,16:54:35,20.7,,,2019-07-28,DURATION_AND_TIME_OF_DAY_ONLY,https://api.jolpi.ca/ergast/f1/2019/11/pitstops.json?limit=1000,674042a88ebc51393e55d0b1f437f8daea99b90193b2994e29e78e1e0cfe2a31
2019,German Grand Prix,Race,76,kubica,KUB,MATCHED_DRIVER_ID,57,5,16:55:04,19.825,,,2019-07-28,DURATION_AND_TIME_OF_DAY_ONLY,https://api.jolpi.ca/ergast/f1/2019/11/pitstops.json?limit=1000,674042a88ebc51393e55d0b1f437f8daea99b90193b2994e29e78e1e0cfe2a31
2019,German Grand Prix,Race,77,russell,RUS,MATCHED_DRIVER_ID,57,5,16:55:08,23.445,,,2019-07-28,DURATION_AND_TIME_OF_DAY_ONLY,https://api.jolpi.ca/ergast/f1/2019/11/pitstops.json?limit=1000,674042a88ebc51393e55d0b1f437f8daea99b90193b2994e29e78e1e0cfe2a31
2019,Hungarian Grand Prix,Race,0,bottas,BOT,MATCHED_DRIVER_ID,5,1,15:19:58,33.328,,,2019-08-04,DURATION_AND_TIME_OF_DAY_ONLY,https://api.jolpi.ca/ergast/f1/2019/12/pitstops.json?limit=1000,0b65d3a4d25a1180b5ebcbff7e4f985d4a286dd79870e5956685b6a78fbcad33
2019,Hungarian Grand Prix,Race,1,giovinazzi,GIO,MATCHED_DRIVER_ID,15,1,15:34:25,23.218,,,2019-08-04,DURATION_AND_TIME_OF_DAY_ONLY,https://api.jolpi.ca/ergast/f1/2019/12/pitstops.json?limit=1000,0b65d3a4d25a1180b5ebcbff7e4f985d4a286dd79870e5956685b6a78fbcad33
2019,Hungarian Grand Prix,Race,2,russell,RUS,MATCHED_DRIVER_ID,16,1,15:35:47,21.333,,,2019-08-04,DURATION_AND_TIME_OF_DAY_ONLY,https://api.jolpi.ca/ergast/f1/2019/12/pitstops.json?limit=1000,0b65d3a4d25a1180b5ebcbff7e4f985d4a286dd79870e5956685b6a78fbcad33
2019,Hungarian Grand Prix,Race,3,stroll,STR,MATCHED_DRIVER_ID,16,1,15:35:49,22.085,,,2019-08-04,DURATION_AND_TIME_OF_DAY_ONLY,https://api.jolpi.ca/ergast/f1/2019/12/pitstops.json?limit=1000,0b65d3a4d25a1180b5ebcbff7e4f985d4a286dd79870e5956685b6a78fbcad33
2019,Hungarian Grand Prix,Race,4,perez,PER,MATCHED_DRIVER_ID,18,1,15:38:23,21.901,,,2019-08-04,DURATION_AND_TIME_OF_DAY_ONLY,https://api.jolpi.ca/ergast/f1/2019/12/pitstops.json?limit=1000,0b65d3a4d25a1180b5ebcbff7e4f985d4a286dd79870e5956685b6a78fbcad33
2019,Hungarian Grand Prix,Race,5,kubica,KUB,MATCHED_DRIVER_ID,18,1,15:38:44,21.754,,,2019-08-04,DURATION_AND_TIME_OF_DAY_ONLY,https://api.jolpi.ca/ergast/f1/2019/12/pitstops.json?limit=1000,0b65d3a4d25a1180b5ebcbff7e4f985d4a286dd79870e5956685b6a78fbcad33
2019,Hungarian Grand Prix,Race,6,grosjean,GRO,MATCHED_DRIVER_ID,19,1,15:39:45,22.035,,,2019-08-04,DURATION_AND_TIME_OF_DAY_ONLY,https://api.jolpi.ca/ergast/f1/2019/12/pitstops.json?limit=1000,0b65d3a4d25a1180b5ebcbff7e4f985d4a286dd79870e5956685b6a78fbcad33
2019,Hungarian Grand Prix,Race,7,kvyat,KVY,MATCHED_DRIVER_ID,21,1,15:42:35,23.002,,,2019-08-04,DURATION_AND_TIME_OF_DAY_ONLY,https://api.jolpi.ca/ergast/f1/2019/12/pitstops.json?limit=1000,0b65d3a4d25a1180b5ebcbff7e4f985d4a286dd79870e5956685b6a78fbcad33
2019,Hungarian Grand Prix,Race,8,max_verstappen,VER,MATCHED_DRIVER_ID,25,1,15:46:59,21.705,,,2019-08-04,DURATION_AND_TIME_OF_DAY_ONLY,https://api.jolpi.ca/ergast/f1/2019/12/pitstops.json?limit=1000,0b65d3a4d25a1180b5ebcbff7e4f985d4a286dd79870e5956685b6a78fbcad33
2019,Hungarian Grand Prix,Race,9,leclerc,LEC,MATCHED_DRIVER_ID,27,1,15:50:09,21.575,,,2019-08-04,DURATION_AND_TIME_OF_DAY_ONLY,https://api.jolpi.ca/ergast/f1/2019/12/pitstops.json?limit=1000,0b65d3a4d25a1180b5ebcbff7e4f985d4a286dd79870e5956685b6a78fbcad33
2019,Hungarian Grand Prix,Race,10,norris,NOR,MATCHED_DRIVER_ID,28,1,15:52:00,26.066,,,2019-08-04,DURATION_AND_TIME_OF_DAY_ONLY,https://api.jolpi.ca/ergast/f1/2019/12/pitstops.json?limit=1000,0b65d3a4d25a1180b5ebcbff7e4f985d4a286dd79870e5956685b6a78fbcad33
2019,Hungarian Grand Prix,Race,11,gasly,GAS,MATCHED_DRIVER_ID,28,1,15:52:02,22.104,,,2019-08-04,DURATION_AND_TIME_OF_DAY_ONLY,https://api.jolpi.ca/ergast/f1/2019/12/pitstops.json?limit=1000,0b65d3a4d25a1180b5ebcbff7e4f985d4a286dd79870e5956685b6a78fbcad33
2019,Hungarian Grand Prix,Race,12,albon,ALB,MATCHED_DRIVER_ID,28,1,15:52:18,23.676,,,2019-08-04,DURATION_AND_TIME_OF_DAY_ONLY,https://api.jolpi.ca/ergast/f1/2019/12/pitstops.json?limit=1000,0b65d3a4d25a1180b5ebcbff7e4f985d4a286dd79870e5956685b6a78fbcad33
2019,Hungarian Grand Prix,Race,13,sainz,SAI,MATCHED_DRIVER_ID,29,1,15:53:20,21.832,,,2019-08-04,DURATION_AND_TIME_OF_DAY_ONLY,https://api.jolpi.ca/ergast/f1/2019/12/pitstops.json?limit=1000,0b65d3a4d25a1180b5ebcbff7e4f985d4a286dd79870e5956685b6a78fbcad33
2019,Hungarian Grand Prix,Race,14,raikkonen,RAI,MATCHED_DRIVER_ID,29,1,15:53:23,22.205,,,2019-08-04,DURATION_AND_TIME_OF_DAY_ONLY,https://api.jolpi.ca/ergast/f1/2019/12/pitstops.json?limit=1000,0b65d3a4d25a1180b5ebcbff7e4f985d4a286dd79870e5956685b6a78fbcad33
2019,Hungarian Grand Prix,Race,15,hamilton,HAM,MATCHED_DRIVER_ID,31,1,15:55:15,22.88,,,2019-08-04,DURATION_AND_TIME_OF_DAY_ONLY,https://api.jolpi.ca/ergast/f1/2019/12/pitstops.json?limit=1000,0b65d3a4d25a1180b5ebcbff7e4f985d4a286dd79870e5956685b6a78fbcad33
2019,Hungarian Grand Prix,Race,16,hulkenberg,HUL,MATCHED_DRIVER_ID,36,1,16:03:27,21.734,,,2019-08-04,DURATION_AND_TIME_OF_DAY_ONLY,https://api.jolpi.ca/ergast/f1/2019/12/pitstops.json?limit=1000,0b65d3a4d25a1180b5ebcbff7e4f985d4a286dd79870e5956685b6a78fbcad33
2019,Hungarian Grand Prix,Race,17,kevin_magnussen,MAG,MATCHED_DRIVER_ID,38,1,16:06:21,21.618,,,2019-08-04,DURATION_AND_TIME_OF_DAY_ONLY,https://api.jolpi.ca/ergast/f1/2019/12/pitstops.json?limit=1000,0b65d3a4d25a1180b5ebcbff7e4f985d4a286dd79870e5956685b6a78fbcad33
2019,Hungarian Grand Prix,Race,18,vettel,VET,MATCHED_DRIVER_ID,39,1,16:06:53,24.819,,,2019-08-04,DURATION_AND_TIME_OF_DAY_ONLY,https://api.jolpi.ca/ergast/f1/2019/12/pitstops.json?limit=1000,0b65d3a4d25a1180b5ebcbff7e4f985d4a286dd79870e5956685b6a78fbcad33
2019,Hungarian Grand Prix,Race,19,bottas,BOT,MATCHED_DRIVER_ID,46,2,16:17:11,21.744,,,2019-08-04,DURATION_AND_TIME_OF_DAY_ONLY,https://api.jolpi.ca/ergast/f1/2019/12/pitstops.json?limit=1000,0b65d3a4d25a1180b5ebcbff7e4f985d4a286dd79870e5956685b6a78fbcad33
2019,Hungarian Grand Prix,Race,20,ricciardo,RIC,MATCHED_DRIVER_ID,46,1,16:17:28,22.498,,,2019-08-04,DURATION_AND_TIME_OF_DAY_ONLY,https://api.jolpi.ca/ergast/f1/2019/12/pitstops.json?limit=1000,0b65d3a4d25a1180b5ebcbff7e4f985d4a286dd79870e5956685b6a78fbcad33
2019,Hungarian Grand Prix,Race,21,hamilton,HAM,MATCHED_DRIVER_ID,48,2,16:18:24,21.39,,,2019-08-04,DURATION_AND_TIME_OF_DAY_ONLY,https://api.jolpi.ca/ergast/f1/2019/12/pitstops.json?limit=1000,0b65d3a4d25a1180b5ebcbff7e4f985d4a286dd79870e5956685b6a78fbcad33
2019,Hungarian Grand Prix,Race,22,stroll,STR,MATCHED_DRIVER_ID,50,2,16:23:45,21.563,,,2019-08-04,DURATION_AND_TIME_OF_DAY_ONLY,https://api.jolpi.ca/ergast/f1/2019/12/pitstops.json?limit=1000,0b65d3a4d25a1180b5ebcbff7e4f985d4a286dd79870e5956685b6a78fbcad33
2019,Hungarian Grand Prix,Race,23,max_verstappen,VER,MATCHED_DRIVER_ID,67,2,16:43:52,21.164,,,2019-08-04,DURATION_AND_TIME_OF_DAY_ONLY,https://api.jolpi.ca/ergast/f1/2019/12/pitstops.json?limit=1000,0b65d3a4d25a1180b5ebcbff7e4f985d4a286dd79870e5956685b6a78fbcad33
2019,Italian Grand Prix,Race,0,max_verstappen,VER,MATCHED_DRIVER_ID,1,1,15:14:58,31.211,,,2019-09-08,DURATION_AND_TIME_OF_DAY_ONLY,https://api.jolpi.ca/ergast/f1/2019/14/pitstops.json?limit=1000,2859fbaa0207a59e31b3ff82a10ed18b3ced1fb13454e67191e136cf4ac163dd
2019,Italian Grand Prix,Race,1,vettel,VET,MATCHED_DRIVER_ID,6,1,15:22:18,32.443,,,2019-09-08,DURATION_AND_TIME_OF_DAY_ONLY,https://api.jolpi.ca/ergast/f1/2019/14/pitstops.json?limit=1000,2859fbaa0207a59e31b3ff82a10ed18b3ced1fb13454e67191e136cf4ac163dd
2019,Italian Grand Prix,Race,2,grosjean,GRO,MATCHED_DRIVER_ID,7,1,15:23:54,26.481,,,2019-09-08,DURATION_AND_TIME_OF_DAY_ONLY,https://api.jolpi.ca/ergast/f1/2019/14/pitstops.json?limit=1000,2859fbaa0207a59e31b3ff82a10ed18b3ced1fb13454e67191e136cf4ac163dd
2019,Italian Grand Prix,Race,3,vettel,VET,MATCHED_DRIVER_ID,12,2,15:31:23,31.851,,,2019-09-08,DURATION_AND_TIME_OF_DAY_ONLY,https://api.jolpi.ca/ergast/f1/2019/14/pitstops.json?limit=1000,2859fbaa0207a59e31b3ff82a10ed18b3ced1fb13454e67191e136cf4ac163dd
2019,Italian Grand Prix,Race,4,stroll,STR,MATCHED_DRIVER_ID,15,1,15:35:16,18.838,,,2019-09-08,DURATION_AND_TIME_OF_DAY_ONLY,https://api.jolpi.ca/ergast/f1/2019/14/pitstops.json?limit=1000,2859fbaa0207a59e31b3ff82a10ed18b3ced1fb13454e67191e136cf4ac163dd
2019,Italian Grand Prix,Race,5,hamilton,HAM,MATCHED_DRIVER_ID,19,1,15:40:19,23.912,,,2019-09-08,DURATION_AND_TIME_OF_DAY_ONLY,https://api.jolpi.ca/ergast/f1/2019/14/pitstops.json?limit=1000,2859fbaa0207a59e31b3ff82a10ed18b3ced1fb13454e67191e136cf4ac163dd
2019,Italian Grand Prix,Race,6,raikkonen,RAI,MATCHED_DRIVER_ID,19,1,15:41:10,32.393,,,2019-09-08,DURATION_AND_TIME_OF_DAY_ONLY,https://api.jolpi.ca/ergast/f1/2019/14/pitstops.json?limit=1000,2859fbaa0207a59e31b3ff82a10ed18b3ced1fb13454e67191e136cf4ac163dd
2019,Italian Grand Prix,Race,7,leclerc,LEC,MATCHED_DRIVER_ID,20,1,15:41:42,23.833,,,2019-09-08,DURATION_AND_TIME_OF_DAY_ONLY,https://api.jolpi.ca/ergast/f1/2019/14/pitstops.json?limit=1000,2859fbaa0207a59e31b3ff82a10ed18b3ced1fb13454e67191e136cf4ac163dd
2019,Italian Grand Prix,Race,8,kevin_magnussen,MAG,MATCHED_DRIVER_ID,20,1,15:42:25,24.4,,,2019-09-08,DURATION_AND_TIME_OF_DAY_ONLY,https://api.jolpi.ca/ergast/f1/2019/14/pitstops.json?limit=1000,2859fbaa0207a59e31b3ff82a10ed18b3ced1fb13454e67191e136cf4ac163dd
2019,Italian Grand Prix,Race,9,giovinazzi,GIO,MATCHED_DRIVER_ID,21,1,15:43:42,25.698,,,2019-09-08,DURATION_AND_TIME_OF_DAY_ONLY,https://api.jolpi.ca/ergast/f1/2019/14/pitstops.json?limit=1000,2859fbaa0207a59e31b3ff82a10ed18b3ced1fb13454e67191e136cf4ac163dd
2019,Italian Grand Prix,Race,10,stroll,STR,MATCHED_DRIVER_ID,22,2,15:45:38,24.419,,,2019-09-08,DURATION_AND_TIME_OF_DAY_ONLY,https://api.jolpi.ca/ergast/f1/2019/14/pitstops.json?limit=1000,2859fbaa0207a59e31b3ff82a10ed18b3ced1fb13454e67191e136cf4ac163dd
2019,Italian Grand Prix,Race,11,norris,NOR,MATCHED_DRIVER_ID,23,1,15:46:48,24.311,,,2019-09-08,DURATION_AND_TIME_OF_DAY_ONLY,https://api.jolpi.ca/ergast/f1/2019/14/pitstops.json?limit=1000,2859fbaa0207a59e31b3ff82a10ed18b3ced1fb13454e67191e136cf4ac163dd
2019,Italian Grand Prix,Race,12,russell,RUS,MATCHED_DRIVER_ID,23,1,15:47:03,24.198,,,2019-09-08,DURATION_AND_TIME_OF_DAY_ONLY,https://api.jolpi.ca/ergast/f1/2019/14/pitstops.json?limit=1000,2859fbaa0207a59e31b3ff82a10ed18b3ced1fb13454e67191e136cf4ac163dd
2019,Italian Grand Prix,Race,13,albon,ALB,MATCHED_DRIVER_ID,26,1,15:50:47,29.83,,,2019-09-08,DURATION_AND_TIME_OF_DAY_ONLY,https://api.jolpi.ca/ergast/f1/2019/14/pitstops.json?limit=1000,2859fbaa0207a59e31b3ff82a10ed18b3ced1fb13454e67191e136cf4ac163dd
2019,Italian Grand Prix,Race,14,bottas,BOT,MATCHED_DRIVER_ID,27,1,15:51:41,23.7,,,2019-09-08,DURATION_AND_TIME_OF_DAY_ONLY,https://api.jolpi.ca/ergast/f1/2019/14/pitstops.json?limit=1000,2859fbaa0207a59e31b3ff82a10ed18b3ced1fb13454e67191e136cf4ac163dd
2019,Italian Grand Prix,Race,15,raikkonen,RAI,MATCHED_DRIVER_ID,26,2,15:51:50,24.568,,,2019-09-08,DURATION_AND_TIME_OF_DAY_ONLY,https://api.jolpi.ca/ergast/f1/2019/14/pitstops.json?limit=1000,2859fbaa0207a59e31b3ff82a10ed18b3ced1fb13454e67191e136cf4ac163dd
2019,Italian Grand Prix,Race,16,sainz,SAI,MATCHED_DRIVER_ID,27,1,15:52:12,27.01,,,2019-09-08,DURATION_AND_TIME_OF_DAY_ONLY,https://api.jolpi.ca/ergast/f1/2019/14/pitstops.json?limit=1000,2859fbaa0207a59e31b3ff82a10ed18b3ced1fb13454e67191e136cf4ac163dd
2019,Italian Grand Prix,Race,17,max_verstappen,VER,MATCHED_DRIVER_ID,27,2,15:52:30,24.303,,,2019-09-08,DURATION_AND_TIME_OF_DAY_ONLY,https://api.jolpi.ca/ergast/f1/2019/14/pitstops.json?limit=1000,2859fbaa0207a59e31b3ff82a10ed18b3ced1fb13454e67191e136cf4ac163dd
2019,Italian Grand Prix,Race,18,kvyat,KVY,MATCHED_DRIVER_ID,28,1,15:53:53,24.479,,,2019-09-08,DURATION_AND_TIME_OF_DAY_ONLY,https://api.jolpi.ca/ergast/f1/2019/14/pitstops.json?limit=1000,2859fbaa0207a59e31b3ff82a10ed18b3ced1fb13454e67191e136cf4ac163dd
2019,Italian Grand Prix,Race,19,perez,PER,MATCHED_DRIVER_ID,28,1,15:54:06,25.34,,,2019-09-08,DURATION_AND_TIME_OF_DAY_ONLY,https://api.jolpi.ca/ergast/f1/2019/14/pitstops.json?limit=1000,2859fbaa0207a59e31b3ff82a10ed18b3ced1fb13454e67191e136cf4ac163dd
2019,Italian Grand Prix,Race,20,gasly,GAS,MATCHED_DRIVER_ID,28,1,15:54:11,24.363,,,2019-09-08,DURATION_AND_TIME_OF_DAY_ONLY,https://api.jolpi.ca/ergast/f1/2019/14/pitstops.json?limit=1000,2859fbaa0207a59e31b3ff82a10ed18b3ced1fb13454e67191e136cf4ac163dd
2019,Italian Grand Prix,Race,21,hulkenberg,HUL,MATCHED_DRIVER_ID,29,1,15:55:13,24.092,,,2019-09-08,DURATION_AND_TIME_OF_DAY_ONLY,https://api.jolpi.ca/ergast/f1/2019/14/pitstops.json?limit=1000,2859fbaa0207a59e31b3ff82a10ed18b3ced1fb13454e67191e136cf4ac163dd
2019,Italian Grand Prix,Race,22,kubica,KUB,MATCHED_DRIVER_ID,29,1,15:56:17,31.842,,,2019-09-08,DURATION_AND_TIME_OF_DAY_ONLY,https://api.jolpi.ca/ergast/f1/2019/14/pitstops.json?limit=1000,2859fbaa0207a59e31b3ff82a10ed18b3ced1fb13454e67191e136cf4ac163dd
2019,Italian Grand Prix,Race,23,ricciardo,RIC,MATCHED_DRIVER_ID,30,1,15:56:33,24.32,,,2019-09-08,DURATION_AND_TIME_OF_DAY_ONLY,https://api.jolpi.ca/ergast/f1/2019/14/pitstops.json?limit=1000,2859fbaa0207a59e31b3ff82a10ed18b3ced1fb13454e67191e136cf4ac163dd
2019,Italian Grand Prix,Race,24,grosjean,GRO,MATCHED_DRIVER_ID,29,2,15:56:36,25.121,,,2019-09-08,DURATION_AND_TIME_OF_DAY_ONLY,https://api.jolpi.ca/ergast/f1/2019/14/pitstops.json?limit=1000,2859fbaa0207a59e31b3ff82a10ed18b3ced1fb13454e67191e136cf4ac163dd
2019,Italian Grand Prix,Race,25,kevin_magnussen,MAG,MATCHED_DRIVER_ID,34,2,16:03:34,24.978,,,2019-09-08,DURATION_AND_TIME_OF_DAY_ONLY,https://api.jolpi.ca/ergast/f1/2019/14/pitstops.json?limit=1000,2859fbaa0207a59e31b3ff82a10ed18b3ced1fb13454e67191e136cf4ac163dd
2019,Italian Grand Prix,Race,26,vettel,VET,MATCHED_DRIVER_ID,41,3,16:13:46,24.376,,,2019-09-08,DURATION_AND_TIME_OF_DAY_ONLY,https://api.jolpi.ca/ergast/f1/2019/14/pitstops.json?limit=1000,2859fbaa0207a59e31b3ff82a10ed18b3ced1fb13454e67191e136cf4ac163dd
2019,Italian Grand Prix,Race,27,kubica,KUB,MATCHED_DRIVER_ID,44,2,16:18:54,23.86,,,2019-09-08,DURATION_AND_TIME_OF_DAY_ONLY,https://api.jolpi.ca/ergast/f1/2019/14/pitstops.json?limit=1000,2859fbaa0207a59e31b3ff82a10ed18b3ced1fb13454e67191e136cf4ac163dd
2019,Italian Grand Prix,Race,28,hamilton,HAM,MATCHED_DRIVER_ID,49,2,16:23:22,23.731,,,2019-09-08,DURATION_AND_TIME_OF_DAY_ONLY,https://api.jolpi.ca/ergast/f1/2019/14/pitstops.json?limit=1000,2859fbaa0207a59e31b3ff82a10ed18b3ced1fb13454e67191e136cf4ac163dd
2020,70th Anniversary Grand Prix,Race,0,albon,ALB,MATCHED_DRIVER_ID,6,1,14:22:39,28.417,,,2020-08-09,DURATION_AND_TIME_OF_DAY_ONLY,https://api.jolpi.ca/ergast/f1/2020/5/pitstops.json?limit=1000,5bcbe8b8d8d6137dd40b095234d85c45fe60ea49507fb0434398a7665d0f41bd
2020,70th Anniversary Grand Prix,Race,1,gasly,GAS,MATCHED_DRIVER_ID,7,1,14:24:09,28.356,,,2020-08-09,DURATION_AND_TIME_OF_DAY_ONLY,https://api.jolpi.ca/ergast/f1/2020/5/pitstops.json?limit=1000,5bcbe8b8d8d6137dd40b095234d85c45fe60ea49507fb0434398a7665d0f41bd
2020,70th Anniversary Grand Prix,Race,2,giovinazzi,GIO,MATCHED_DRIVER_ID,7,1,14:24:23,27.892,,,2020-08-09,DURATION_AND_TIME_OF_DAY_ONLY,https://api.jolpi.ca/ergast/f1/2020/5/pitstops.json?limit=1000,5bcbe8b8d8d6137dd40b095234d85c45fe60ea49507fb0434398a7665d0f41bd
2020,70th Anniversary Grand Prix,Race,3,russell,RUS,MATCHED_DRIVER_ID,8,1,14:25:59,28.391,,,2020-08-09,DURATION_AND_TIME_OF_DAY_ONLY,https://api.jolpi.ca/ergast/f1/2020/5/pitstops.json?limit=1000,5bcbe8b8d8d6137dd40b095234d85c45fe60ea49507fb0434398a7665d0f41bd
2020,70th Anniversary Grand Prix,Race,4,kevin_magnussen,MAG,MATCHED_DRIVER_ID,9,1,14:27:31,28.934,,,2020-08-09,DURATION_AND_TIME_OF_DAY_ONLY,https://api.jolpi.ca/ergast/f1/2020/5/pitstops.json?limit=1000,5bcbe8b8d8d6137dd40b095234d85c45fe60ea49507fb0434398a7665d0f41bd
2020,70th Anniversary Grand Prix,Race,5,latifi,LAT,MATCHED_DRIVER_ID,9,1,14:27:35,28.696,,,2020-08-09,DURATION_AND_TIME_OF_DAY_ONLY,https://api.jolpi.ca/ergast/f1/2020/5/pitstops.json?limit=1000,5bcbe8b8d8d6137dd40b095234d85c45fe60ea49507fb0434398a7665d0f41bd
2020,70th Anniversary Grand Prix,Race,6,norris,NOR,MATCHED_DRIVER_ID,12,1,14:31:56,27.949,,,2020-08-09,DURATION_AND_TIME_OF_DAY_ONLY,https://api.jolpi.ca/ergast/f1/2020/5/pitstops.json?limit=1000,5bcbe8b8d8d6137dd40b095234d85c45fe60ea49507fb0434398a7665d0f41bd
2020,70th Anniversary Grand Prix,Race,7,bottas,BOT,MATCHED_DRIVER_ID,13,1,14:33:10,28.408,,,2020-08-09,DURATION_AND_TIME_OF_DAY_ONLY,https://api.jolpi.ca/ergast/f1/2020/5/pitstops.json?limit=1000,5bcbe8b8d8d6137dd40b095234d85c45fe60ea49507fb0434398a7665d0f41bd
2020,70th Anniversary Grand Prix,Race,8,hamilton,HAM,MATCHED_DRIVER_ID,14,1,14:34:45,28.406,,,2020-08-09,DURATION_AND_TIME_OF_DAY_ONLY,https://api.jolpi.ca/ergast/f1/2020/5/pitstops.json?limit=1000,5bcbe8b8d8d6137dd40b095234d85c45fe60ea49507fb0434398a7665d0f41bd
2020,70th Anniversary Grand Prix,Race,9,ricciardo,RIC,MATCHED_DRIVER_ID,14,1,14:34:58,28.587,,,2020-08-09,DURATION_AND_TIME_OF_DAY_ONLY,https://api.jolpi.ca/ergast/f1/2020/5/pitstops.json?limit=1000,5bcbe8b8d8d6137dd40b095234d85c45fe60ea49507fb0434398a7665d0f41bd
2020,70th Anniversary Grand Prix,Race,10,hulkenberg,HUL,MATCHED_DRIVER_ID,15,1,14:36:26,28.981,,,2020-08-09,DURATION_AND_TIME_OF_DAY_ONLY,https://api.jolpi.ca/ergast/f1/2020/5/pitstops.json?limit=1000,5bcbe8b8d8d6137dd40b095234d85c45fe60ea49507fb0434398a7665d0f41bd
2020,70th Anniversary Grand Prix,Race,11,grosjean,GRO,MATCHED_DRIVER_ID,17,1,14:40:00,29.377,,,2020-08-09,DURATION_AND_TIME_OF_DAY_ONLY,https://api.jolpi.ca/ergast/f1/2020/5/pitstops.json?limit=1000,5bcbe8b8d8d6137dd40b095234d85c45fe60ea49507fb0434398a7665d0f41bd
2020,70th Anniversary Grand Prix,Race,12,stroll,STR,MATCHED_DRIVER_ID,18,1,14:41:04,28.235,,,2020-08-09,DURATION_AND_TIME_OF_DAY_ONLY,https://api.jolpi.ca/ergast/f1/2020/5/pitstops.json?limit=1000,5bcbe8b8d8d6137dd40b095234d85c45fe60ea49507fb0434398a7665d0f41bd
2020,70th Anniversary Grand Prix,Race,13,leclerc,LEC,MATCHED_DRIVER_ID,18,1,14:41:13,29.419,,,2020-08-09,DURATION_AND_TIME_OF_DAY_ONLY,https://api.jolpi.ca/ergast/f1/2020/5/pitstops.json?limit=1000,5bcbe8b8d8d6137dd40b095234d85c45fe60ea49507fb0434398a7665d0f41bd
2020,70th Anniversary Grand Prix,Race,14,kvyat,KVY,MATCHED_DRIVER_ID,19,1,14:43:00,28.036,,,2020-08-09,DURATION_AND_TIME_OF_DAY_ONLY,https://api.jolpi.ca/ergast/f1/2020/5/pitstops.json?limit=1000,5bcbe8b8d8d6137dd40b095234d85c45fe60ea49507fb0434398a7665d0f41bd
2020,70th Anniversary Grand Prix,Race,15,kevin_magnussen,MAG,MATCHED_DRIVER_ID,20,2,14:45:03,29.389,,,2020-08-09,DURATION_AND_TIME_OF_DAY_ONLY,https://api.jolpi.ca/ergast/f1/2020/5/pitstops.json?limit=1000,5bcbe8b8d8d6137dd40b095234d85c45fe60ea49507fb0434398a7665d0f41bd
2020,70th Anniversary Grand Prix,Race,16,sainz,SAI,MATCHED_DRIVER_ID,22,1,14:47:30,35.864,,,2020-08-09,DURATION_AND_TIME_OF_DAY_ONLY,https://api.jolpi.ca/ergast/f1/2020/5/pitstops.json?limit=1000,5bcbe8b8d8d6137dd40b095234d85c45fe60ea49507fb0434398a7665d0f41bd
2020,70th Anniversary Grand Prix,Race,17,ocon,OCO,MATCHED_DRIVER_ID,22,1,14:47:36,28.093,,,2020-08-09,DURATION_AND_TIME_OF_DAY_ONLY,https://api.jolpi.ca/ergast/f1/2020/5/pitstops.json?limit=1000,5bcbe8b8d8d6137dd40b095234d85c45fe60ea49507fb0434398a7665d0f41bd
2020,70th Anniversary Grand Prix,Race,18,vettel,VET,MATCHED_DRIVER_ID,22,1,14:47:40,28.167,,,2020-08-09,DURATION_AND_TIME_OF_DAY_ONLY,https://api.jolpi.ca/ergast/f1/2020/5/pitstops.json?limit=1000,5bcbe8b8d8d6137dd40b095234d85c45fe60ea49507fb0434398a7665d0f41bd
2020,70th Anniversary Grand Prix,Race,19,gasly,GAS,MATCHED_DRIVER_ID,23,2,14:49:25,28.306,,,2020-08-09,DURATION_AND_TIME_OF_DAY_ONLY,https://api.jolpi.ca/ergast/f1/2020/5/pitstops.json?limit=1000,5bcbe8b8d8d6137dd40b095234d85c45fe60ea49507fb0434398a7665d0f41bd
2020,70th Anniversary Grand Prix,Race,20,russell,RUS,MATCHED_DRIVER_ID,24,2,14:51:11,28.331,,,2020-08-09,DURATION_AND_TIME_OF_DAY_ONLY,https://api.jolpi.ca/ergast/f1/2020/5/pitstops.json?limit=1000,5bcbe8b8d8d6137dd40b095234d85c45fe60ea49507fb0434398a7665d0f41bd
2020,70th Anniversary Grand Prix,Race,21,max_verstappen,VER,MATCHED_DRIVER_ID,26,1,14:53:04,29.115,,,2020-08-09,DURATION_AND_TIME_OF_DAY_ONLY,https://api.jolpi.ca/ergast/f1/2020/5/pitstops.json?limit=1000,5bcbe8b8d8d6137dd40b095234d85c45fe60ea49507fb0434398a7665d0f41bd
2020,70th Anniversary Grand Prix,Race,22,ricciardo,RIC,MATCHED_DRIVER_ID,26,2,14:53:46,28.167,,,2020-08-09,DURATION_AND_TIME_OF_DAY_ONLY,https://api.jolpi.ca/ergast/f1/2020/5/pitstops.json?limit=1000,5bcbe8b8d8d6137dd40b095234d85c45fe60ea49507fb0434398a7665d0f41bd
2020,70th Anniversary Grand Prix,Race,23,raikkonen,RAI,MATCHED_DRIVER_ID,26,1,14:54:13,29.296,,,2020-08-09,DURATION_AND_TIME_OF_DAY_ONLY,https://api.jolpi.ca/ergast/f1/2020/5/pitstops.json?limit=1000,5bcbe8b8d8d6137dd40b095234d85c45fe60ea49507fb0434398a7665d0f41bd
2020,70th Anniversary Grand Prix,Race,24,latifi,LAT,MATCHED_DRIVER_ID,26,2,14:54:19,28.086,,,2020-08-09,DURATION_AND_TIME_OF_DAY_ONLY,https://api.jolpi.ca/ergast/f1/2020/5/pitstops.json?limit=1000,5bcbe8b8d8d6137dd40b095234d85c45fe60ea49507fb0434398a7665d0f41bd
2020,70th Anniversary Grand Prix,Race,25,norris,NOR,MATCHED_DRIVER_ID,29,2,14:58:32,28.874,,,2020-08-09,DURATION_AND_TIME_OF_DAY_ONLY,https://api.jolpi.ca/ergast/f1/2020/5/pitstops.json?limit=1000,5bcbe8b8d8d6137dd40b095234d85c45fe60ea49507fb0434398a7665d0f41bd
2020,70th Anniversary Grand Prix,Race,26,hulkenberg,HUL,MATCHED_DRIVER_ID,30,2,14:59:44,28.386,,,2020-08-09,DURATION_AND_TIME_OF_DAY_ONLY,https://api.jolpi.ca/ergast/f1/2020/5/pitstops.json?limit=1000,5bcbe8b8d8d6137dd40b095234d85c45fe60ea49507fb0434398a7665d0f41bd
2020,70th Anniversary Grand Prix,Race,27,albon,ALB,MATCHED_DRIVER_ID,30,2,15:00:01,27.858,,,2020-08-09,DURATION_AND_TIME_OF_DAY_ONLY,https://api.jolpi.ca/ergast/f1/2020/5/pitstops.json?limit=1000,5bcbe8b8d8d6137dd40b095234d85c45fe60ea49507fb0434398a7665d0f41bd
2020,70th Anniversary Grand Prix,Race,28,stroll,STR,MATCHED_DRIVER_ID,31,2,15:01:17,27.974,,,2020-08-09,DURATION_AND_TIME_OF_DAY_ONLY,https://api.jolpi.ca/ergast/f1/2020/5/pitstops.json?limit=1000,5bcbe8b8d8d6137dd40b095234d85c45fe60ea49507fb0434398a7665d0f41bd
2020,70th Anniversary Grand Prix,Race,29,max_verstappen,VER,MATCHED_DRIVER_ID,32,2,15:02:28,28.986,,,2020-08-09,DURATION_AND_TIME_OF_DAY_ONLY,https://api.jolpi.ca/ergast/f1/2020/5/pitstops.json?limit=1000,5bcbe8b8d8d6137dd40b095234d85c45fe60ea49507fb0434398a7665d0f41bd
2020,70th Anniversary Grand Prix,Race,30,bottas,BOT,MATCHED_DRIVER_ID,32,2,15:02:31,28.188,,,2020-08-09,DURATION_AND_TIME_OF_DAY_ONLY,https://api.jolpi.ca/ergast/f1/2020/5/pitstops.json?limit=1000,5bcbe8b8d8d6137dd40b095234d85c45fe60ea49507fb0434398a7665d0f41bd
2020,70th Anniversary Grand Prix,Race,31,vettel,VET,MATCHED_DRIVER_ID,33,2,15:04:55,28.352,,,2020-08-09,DURATION_AND_TIME_OF_DAY_ONLY,https://api.jolpi.ca/ergast/f1/2020/5/pitstops.json?limit=1000,5bcbe8b8d8d6137dd40b095234d85c45fe60ea49507fb0434398a7665d0f41bd
2020,70th Anniversary Grand Prix,Race,32,giovinazzi,GIO,MATCHED_DRIVER_ID,33,2,15:05:16,27.693,,,2020-08-09,DURATION_AND_TIME_OF_DAY_ONLY,https://api.jolpi.ca/ergast/f1/2020/5/pitstops.json?limit=1000,5bcbe8b8d8d6137dd40b095234d85c45fe60ea49507fb0434398a7665d0f41bd
2020,70th Anniversary Grand Prix,Race,33,sainz,SAI,MATCHED_DRIVER_ID,34,2,15:06:26,28.772,,,2020-08-09,DURATION_AND_TIME_OF_DAY_ONLY,https://api.jolpi.ca/ergast/f1/2020/5/pitstops.json?limit=1000,5bcbe8b8d8d6137dd40b095234d85c45fe60ea49507fb0434398a7665d0f41bd
2020,70th Anniversary Grand Prix,Race,34,kvyat,KVY,MATCHED_DRIVER_ID,35,2,15:07:54,28.365,,,2020-08-09,DURATION_AND_TIME_OF_DAY_ONLY,https://api.jolpi.ca/ergast/f1/2020/5/pitstops.json?limit=1000,5bcbe8b8d8d6137dd40b095234d85c45fe60ea49507fb0434398a7665d0f41bd
2020,70th Anniversary Grand Prix,Race,35,ricciardo,RIC,MATCHED_DRIVER_ID,35,3,15:08:07,28.057,,,2020-08-09,DURATION_AND_TIME_OF_DAY_ONLY,https://api.jolpi.ca/ergast/f1/2020/5/pitstops.json?limit=1000,5bcbe8b8d8d6137dd40b095234d85c45fe60ea49507fb0434398a7665d0f41bd
2020,70th Anniversary Grand Prix,Race,36,grosjean,GRO,MATCHED_DRIVER_ID,38,2,15:12:59,29.803,,,2020-08-09,DURATION_AND_TIME_OF_DAY_ONLY,https://api.jolpi.ca/ergast/f1/2020/5/pitstops.json?limit=1000,5bcbe8b8d8d6137dd40b095234d85c45fe60ea49507fb0434398a7665d0f41bd
2020,70th Anniversary Grand Prix,Race,37,russell,RUS,MATCHED_DRIVER_ID,39,3,15:14:39,28.692,,,2020-08-09,DURATION_AND_TIME_OF_DAY_ONLY,https://api.jolpi.ca/ergast/f1/2020/5/pitstops.json?limit=1000,5bcbe8b8d8d6137dd40b095234d85c45fe60ea49507fb0434398a7665d0f41bd
2020,70th Anniversary Grand Prix,Race,38,hamilton,HAM,MATCHED_DRIVER_ID,41,2,15:16:16,29.402,,,2020-08-09,DURATION_AND_TIME_OF_DAY_ONLY,https://api.jolpi.ca/ergast/f1/2020/5/pitstops.json?limit=1000,5bcbe8b8d8d6137dd40b095234d85c45fe60ea49507fb0434398a7665d0f41bd
2020,70th Anniversary Grand Prix,Race,39,hulkenberg,HUL,MATCHED_DRIVER_ID,44,3,15:21:21,28.736,,,2020-08-09,DURATION_AND_TIME_OF_DAY_ONLY,https://api.jolpi.ca/ergast/f1/2020/5/pitstops.json?limit=1000,5bcbe8b8d8d6137dd40b095234d85c45fe60ea49507fb0434398a7665d0f41bd
2020,70th Anniversary Grand Prix,Race,40,latifi,LAT,MATCHED_DRIVER_ID,46,3,15:25:31,29.049,,,2020-08-09,DURATION_AND_TIME_OF_DAY_ONLY,https://api.jolpi.ca/ergast/f1/2020/5/pitstops.json?limit=1000,5bcbe8b8d8d6137dd40b095234d85c45fe60ea49507fb0434398a7665d0f41bd
2020,Bahrain Grand Prix,Race,0,hamilton,HAM,MATCHED_DRIVER_ID,1,1,17:15:42,,,,2020-11-29,DURATION_AND_TIME_OF_DAY_ONLY,https://api.jolpi.ca/ergast/f1/2020/15/pitstops.json?limit=1000,8d108d75dd56d6cbe2fb293e8b9f5cdf99e97b59e935fd19bd4e1c4b713ecf14
2020,Bahrain Grand Prix,Race,1,max_verstappen,VER,MATCHED_DRIVER_ID,1,1,17:15:44,,,,2020-11-29,DURATION_AND_TIME_OF_DAY_ONLY,https://api.jolpi.ca/ergast/f1/2020/15/pitstops.json?limit=1000,8d108d75dd56d6cbe2fb293e8b9f5cdf99e97b59e935fd19bd4e1c4b713ecf14
2020,Bahrain Grand Prix,Race,2,perez,PER,MATCHED_DRIVER_ID,1,1,17:15:46,,,,2020-11-29,DURATION_AND_TIME_OF_DAY_ONLY,https://api.jolpi.ca/ergast/f1/2020/15/pitstops.json?limit=1000,8d108d75dd56d6cbe2fb293e8b9f5cdf99e97b59e935fd19bd4e1c4b713ecf14
2020,Bahrain Grand Prix,Race,3,albon,ALB,MATCHED_DRIVER_ID,1,1,17:15:51,,,,2020-11-29,DURATION_AND_TIME_OF_DAY_ONLY,https://api.jolpi.ca/ergast/f1/2020/15/pitstops.json?limit=1000,8d108d75dd56d6cbe2fb293e8b9f5cdf99e97b59e935fd19bd4e1c4b713ecf14
2020,Bahrain Grand Prix,Race,4,ricciardo,RIC,MATCHED_DRIVER_ID,1,1,17:15:56,,,,2020-11-29,DURATION_AND_TIME_OF_DAY_ONLY,https://api.jolpi.ca/ergast/f1/2020/15/pitstops.json?limit=1000,8d108d75dd56d6cbe2fb293e8b9f5cdf99e97b59e935fd19bd4e1c4b713ecf14
2020,Bahrain Grand Prix,Race,5,bottas,BOT,MATCHED_DRIVER_ID,1,1,17:15:57,,,,2020-11-29,DURATION_AND_TIME_OF_DAY_ONLY,https://api.jolpi.ca/ergast/f1/2020/15/pitstops.json?limit=1000,8d108d75dd56d6cbe2fb293e8b9f5cdf99e97b59e935fd19bd4e1c4b713ecf14
2020,Bahrain Grand Prix,Race,6,gasly,GAS,MATCHED_DRIVER_ID,1,1,17:16:02,,,,2020-11-29,DURATION_AND_TIME_OF_DAY_ONLY,https://api.jolpi.ca/ergast/f1/2020/15/pitstops.json?limit=1000,8d108d75dd56d6cbe2fb293e8b9f5cdf99e97b59e935fd19bd4e1c4b713ecf14
2020,Bahrain Grand Prix,Race,7,ocon,OCO,MATCHED_DRIVER_ID,1,1,17:16:04,,,,2020-11-29,DURATION_AND_TIME_OF_DAY_ONLY,https://api.jolpi.ca/ergast/f1/2020/15/pitstops.json?limit=1000,8d108d75dd56d6cbe2fb293e8b9f5cdf99e97b59e935fd19bd4e1c4b713ecf14
2020,Bahrain Grand Prix,Race,8,norris,NOR,MATCHED_DRIVER_ID,1,1,17:16:13,,,,2020-11-29,DURATION_AND_TIME_OF_DAY_ONLY,https://api.jolpi.ca/ergast/f1/2020/15/pitstops.json?limit=1000,8d108d75dd56d6cbe2fb293e8b9f5cdf99e97b59e935fd19bd4e1c4b713ecf14
2020,Bahrain Grand Prix,Race,9,leclerc,LEC,MATCHED_DRIVER_ID,1,1,17:16:14,,,,2020-11-29,DURATION_AND_TIME_OF_DAY_ONLY,https://api.jolpi.ca/ergast/f1/2020/15/pitstops.json?limit=1000,8d108d75dd56d6cbe2fb293e8b9f5cdf99e97b59e935fd19bd4e1c4b713ecf14
2020,Bahrain Grand Prix,Race,10,giovinazzi,GIO,MATCHED_DRIVER_ID,1,1,17:16:18,,,,2020-11-29,DURATION_AND_TIME_OF_DAY_ONLY,https://api.jolpi.ca/ergast/f1/2020/15/pitstops.json?limit=1000,8d108d75dd56d6cbe2fb293e8b9f5cdf99e97b59e935fd19bd4e1c4b713ecf14
2020,Bahrain Grand Prix,Race,11,stroll,STR,MATCHED_DRIVER_ID,1,1,17:16:19,,,,2020-11-29,DURATION_AND_TIME_OF_DAY_ONLY,https://api.jolpi.ca/ergast/f1/2020/15/pitstops.json?limit=1000,8d108d75dd56d6cbe2fb293e8b9f5cdf99e97b59e935fd19bd4e1c4b713ecf14
2020,Bahrain Grand Prix,Race,12,sainz,SAI,MATCHED_DRIVER_ID,1,1,17:16:21,,,,2020-11-29,DURATION_AND_TIME_OF_DAY_ONLY,https://api.jolpi.ca/ergast/f1/2020/15/pitstops.json?limit=1000,8d108d75dd56d6cbe2fb293e8b9f5cdf99e97b59e935fd19bd4e1c4b713ecf14
2020,Bahrain Grand Prix,Race,13,kevin_magnussen,MAG,MATCHED_DRIVER_ID,1,1,17:16:23,,,,2020-11-29,DURATION_AND_TIME_OF_DAY_ONLY,https://api.jolpi.ca/ergast/f1/2020/15/pitstops.json?limit=1000,8d108d75dd56d6cbe2fb293e8b9f5cdf99e97b59e935fd19bd4e1c4b713ecf14
2020,Bahrain Grand Prix,Race,14,vettel,VET,MATCHED_DRIVER_ID,1,1,17:16:26,,,,2020-11-29,DURATION_AND_TIME_OF_DAY_ONLY,https://api.jolpi.ca/ergast/f1/2020/15/pitstops.json?limit=1000,8d108d75dd56d6cbe2fb293e8b9f5cdf99e97b59e935fd19bd4e1c4b713ecf14
2020,Bahrain Grand Prix,Race,15,latifi,LAT,MATCHED_DRIVER_ID,1,1,17:16:29,,,,2020-11-29,DURATION_AND_TIME_OF_DAY_ONLY,https://api.jolpi.ca/ergast/f1/2020/15/pitstops.json?limit=1000,8d108d75dd56d6cbe2fb293e8b9f5cdf99e97b59e935fd19bd4e1c4b713ecf14
2020,Bahrain Grand Prix,Race,16,raikkonen,RAI,MATCHED_DRIVER_ID,1,1,17:16:31,,,,2020-11-29,DURATION_AND_TIME_OF_DAY_ONLY,https://api.jolpi.ca/ergast/f1/2020/15/pitstops.json?limit=1000,8d108d75dd56d6cbe2fb293e8b9f5cdf99e97b59e935fd19bd4e1c4b713ecf14
2020,Bahrain Grand Prix,Race,17,russell,RUS,MATCHED_DRIVER_ID,1,1,17:16:34,,,,2020-11-29,DURATION_AND_TIME_OF_DAY_ONLY,https://api.jolpi.ca/ergast/f1/2020/15/pitstops.json?limit=1000,8d108d75dd56d6cbe2fb293e8b9f5cdf99e97b59e935fd19bd4e1c4b713ecf14
2020,Bahrain Grand Prix,Race,18,kvyat,KVY,MATCHED_DRIVER_ID,1,1,17:16:36,,,,2020-11-29,DURATION_AND_TIME_OF_DAY_ONLY,https://api.jolpi.ca/ergast/f1/2020/15/pitstops.json?limit=1000,8d108d75dd56d6cbe2fb293e8b9f5cdf99e97b59e935fd19bd4e1c4b713ecf14
2020,Bahrain Grand Prix,Race,19,kevin_magnussen,MAG,MATCHED_DRIVER_ID,3,2,18:41:46,38.297,,,2020-11-29,DURATION_AND_TIME_OF_DAY_ONLY,https://api.jolpi.ca/ergast/f1/2020/15/pitstops.json?limit=1000,8d108d75dd56d6cbe2fb293e8b9f5cdf99e97b59e935fd19bd4e1c4b713ecf14
2020,Bahrain Grand Prix,Race,20,bottas,BOT,MATCHED_DRIVER_ID,4,2,18:43:43,24.936,,,2020-11-29,DURATION_AND_TIME_OF_DAY_ONLY,https://api.jolpi.ca/ergast/f1/2020/15/pitstops.json?limit=1000,8d108d75dd56d6cbe2fb293e8b9f5cdf99e97b59e935fd19bd4e1c4b713ecf14
2020,Bahrain Grand Prix,Race,21,ricciardo,RIC,MATCHED_DRIVER_ID,16,2,19:06:25,24.617,,,2020-11-29,DURATION_AND_TIME_OF_DAY_ONLY,https://api.jolpi.ca/ergast/f1/2020/15/pitstops.json?limit=1000,8d108d75dd56d6cbe2fb293e8b9f5cdf99e97b59e935fd19bd4e1c4b713ecf14
2020,Bahrain Grand Prix,Race,22,ocon,OCO,MATCHED_DRIVER_ID,17,2,19:07:58,24.076,,,2020-11-29,DURATION_AND_TIME_OF_DAY_ONLY,https://api.jolpi.ca/ergast/f1/2020/15/pitstops.json?limit=1000,8d108d75dd56d6cbe2fb293e8b9f5cdf99e97b59e935fd19bd4e1c4b713ecf14
2020,Bahrain Grand Prix,Race,23,kvyat,KVY,MATCHED_DRIVER_ID,17,2,19:08:09,37.317,,,2020-11-29,DURATION_AND_TIME_OF_DAY_ONLY,https://api.jolpi.ca/ergast/f1/2020/15/pitstops.json?limit=1000,8d108d75dd56d6cbe2fb293e8b9f5cdf99e97b59e935fd19bd4e1c4b713ecf14
2020,Bahrain Grand Prix,Race,24,raikkonen,RAI,MATCHED_DRIVER_ID,17,2,19:08:14,32.278,,,2020-11-29,DURATION_AND_TIME_OF_DAY_ONLY,https://api.jolpi.ca/ergast/f1/2020/15/pitstops.json?limit=1000,8d108d75dd56d6cbe2fb293e8b9f5cdf99e97b59e935fd19bd4e1c4b713ecf14
2020,Bahrain Grand Prix,Race,25,norris,NOR,MATCHED_DRIVER_ID,18,2,19:09:33,24.679,,,2020-11-29,DURATION_AND_TIME_OF_DAY_ONLY,https://api.jolpi.ca/ergast/f1/2020/15/pitstops.json?limit=1000,8d108d75dd56d6cbe2fb293e8b9f5cdf99e97b59e935fd19bd4e1c4b713ecf14
2020,Bahrain Grand Prix,Race,26,hamilton,HAM,MATCHED_DRIVER_ID,19,2,19:10:46,24.061,,,2020-11-29,DURATION_AND_TIME_OF_DAY_ONLY,https://api.jolpi.ca/ergast/f1/2020/15/pitstops.json?limit=1000,8d108d75dd56d6cbe2fb293e8b9f5cdf99e97b59e935fd19bd4e1c4b713ecf14
2020,Bahrain Grand Prix,Race,27,albon,ALB,MATCHED_DRIVER_ID,19,2,19:11:03,24.172,,,2020-11-29,DURATION_AND_TIME_OF_DAY_ONLY,https://api.jolpi.ca/ergast/f1/2020/15/pitstops.json?limit=1000,8d108d75dd56d6cbe2fb293e8b9f5cdf99e97b59e935fd19bd4e1c4b713ecf14
2020,Bahrain Grand Prix,Race,28,max_verstappen,VER,MATCHED_DRIVER_ID,20,2,19:12:27,24.622,,,2020-11-29,DURATION_AND_TIME_OF_DAY_ONLY,https://api.jolpi.ca/ergast/f1/2020/15/pitstops.json?limit=1000,8d108d75dd56d6cbe2fb293e8b9f5cdf99e97b59e935fd19bd4e1c4b713ecf14
2020,Bahrain Grand Prix,Race,29,perez,PER,MATCHED_DRIVER_ID,20,2,19:12:34,24.317,,,2020-11-29,DURATION_AND_TIME_OF_DAY_ONLY,https://api.jolpi.ca/ergast/f1/2020/15/pitstops.json?limit=1000,8d108d75dd56d6cbe2fb293e8b9f5cdf99e97b59e935fd19bd4e1c4b713ecf14
2020,Bahrain Grand Prix,Race,30,russell,RUS,MATCHED_DRIVER_ID,20,2,19:13:06,24.029,,,2020-11-29,DURATION_AND_TIME_OF_DAY_ONLY,https://api.jolpi.ca/ergast/f1/2020/15/pitstops.json?limit=1000,8d108d75dd56d6cbe2fb293e8b9f5cdf99e97b59e935fd19bd4e1c4b713ecf14
2020,Bahrain Grand Prix,Race,31,giovinazzi,GIO,MATCHED_DRIVER_ID,20,2,19:13:16,24.145,,,2020-11-29,DURATION_AND_TIME_OF_DAY_ONLY,https://api.jolpi.ca/ergast/f1/2020/15/pitstops.json?limit=1000,8d108d75dd56d6cbe2fb293e8b9f5cdf99e97b59e935fd19bd4e1c4b713ecf14
2020,Bahrain Grand Prix,Race,32,vettel,VET,MATCHED_DRIVER_ID,20,2,19:13:19,24.774,,,2020-11-29,DURATION_AND_TIME_OF_DAY_ONLY,https://api.jolpi.ca/ergast/f1/2020/15/pitstops.json?limit=1000,8d108d75dd56d6cbe2fb293e8b9f5cdf99e97b59e935fd19bd4e1c4b713ecf14
2020,Bahrain Grand Prix,Race,33,sainz,SAI,MATCHED_DRIVER_ID,21,2,19:14:28,24.511,,,2020-11-29,DURATION_AND_TIME_OF_DAY_ONLY,https://api.jolpi.ca/ergast/f1/2020/15/pitstops.json?limit=1000,8d108d75dd56d6cbe2fb293e8b9f5cdf99e97b59e935fd19bd4e1c4b713ecf14
2020,Bahrain Grand Prix,Race,34,latifi,LAT,MATCHED_DRIVER_ID,21,2,19:14:54,24.248,,,2020-11-29,DURATION_AND_TIME_OF_DAY_ONLY,https://api.jolpi.ca/ergast/f1/2020/15/pitstops.json?limit=1000,8d108d75dd56d6cbe2fb293e8b9f5cdf99e97b59e935fd19bd4e1c4b713ecf14
2020,Bahrain Grand Prix,Race,35,leclerc,LEC,MATCHED_DRIVER_ID,23,2,19:17:53,25.199,,,2020-11-29,DURATION_AND_TIME_OF_DAY_ONLY,https://api.jolpi.ca/ergast/f1/2020/15/pitstops.json?limit=1000,8d108d75dd56d6cbe2fb293e8b9f5cdf99e97b59e935fd19bd4e1c4b713ecf14
2020,Bahrain Grand Prix,Race,36,gasly,GAS,MATCHED_DRIVER_ID,25,2,19:21:01,24.398,,,2020-11-29,DURATION_AND_TIME_OF_DAY_ONLY,https://api.jolpi.ca/ergast/f1/2020/15/pitstops.json?limit=1000,8d108d75dd56d6cbe2fb293e8b9f5cdf99e97b59e935fd19bd4e1c4b713ecf14
2020,Bahrain Grand Prix,Race,37,bottas,BOT,MATCHED_DRIVER_ID,25,3,19:21:09,24.734,,,2020-11-29,DURATION_AND_TIME_OF_DAY_ONLY,https://api.jolpi.ca/ergast/f1/2020/15/pitstops.json?limit=1000,8d108d75dd56d6cbe2fb293e8b9f5cdf99e97b59e935fd19bd4e1c4b713ecf14
2020,Bahrain Grand Prix,Race,38,kevin_magnussen,MAG,MATCHED_DRIVER_ID,27,3,19:24:46,25.924,,,2020-11-29,DURATION_AND_TIME_OF_DAY_ONLY,https://api.jolpi.ca/ergast/f1/2020/15/pitstops.json?limit=1000,8d108d75dd56d6cbe2fb293e8b9f5cdf99e97b59e935fd19bd4e1c4b713ecf14
2020,Bahrain Grand Prix,Race,39,kvyat,KVY,MATCHED_DRIVER_ID,33,3,19:34:29,24.135,,,2020-11-29,DURATION_AND_TIME_OF_DAY_ONLY,https://api.jolpi.ca/ergast/f1/2020/15/pitstops.json?limit=1000,8d108d75dd56d6cbe2fb293e8b9f5cdf99e97b59e935fd19bd4e1c4b713ecf14
2020,Bahrain Grand Prix,Race,40,max_verstappen,VER,MATCHED_DRIVER_ID,34,3,19:34:47,26.95,,,2020-11-29,DURATION_AND_TIME_OF_DAY_ONLY,https://api.jolpi.ca/ergast/f1/2020/15/pitstops.json?limit=1000,8d108d75dd56d6cbe2fb293e8b9f5cdf99e97b59e935fd19bd4e1c4b713ecf14
2020,Bahrain Grand Prix,Race,41,albon,ALB,MATCHED_DRIVER_ID,34,3,19:35:11,23.848,,,2020-11-29,DURATION_AND_TIME_OF_DAY_ONLY,https://api.jolpi.ca/ergast/f1/2020/15/pitstops.json?limit=1000,8d108d75dd56d6cbe2fb293e8b9f5cdf99e97b59e935fd19bd4e1c4b713ecf14
2020,Bahrain Grand Prix,Race,42,ocon,OCO,MATCHED_DRIVER_ID,34,3,19:35:41,25.254,,,2020-11-29,DURATION_AND_TIME_OF_DAY_ONLY,https://api.jolpi.ca/ergast/f1/2020/15/pitstops.json?limit=1000,8d108d75dd56d6cbe2fb293e8b9f5cdf99e97b59e935fd19bd4e1c4b713ecf14
2020,Bahrain Grand Prix,Race,43,hamilton,HAM,MATCHED_DRIVER_ID,35,3,19:36:16,24.345,,,2020-11-29,DURATION_AND_TIME_OF_DAY_ONLY,https://api.jolpi.ca/ergast/f1/2020/15/pitstops.json?limit=1000,8d108d75dd56d6cbe2fb293e8b9f5cdf99e97b59e935fd19bd4e1c4b713ecf14
2020,Bahrain Grand Prix,Race,44,perez,PER,MATCHED_DRIVER_ID,36,3,19:38:16,24.589,,,2020-11-29,DURATION_AND_TIME_OF_DAY_ONLY,https://api.jolpi.ca/ergast/f1/2020/15/pitstops.json?limit=1000,8d108d75dd56d6cbe2fb293e8b9f5cdf99e97b59e935fd19bd4e1c4b713ecf14
2020,Bahrain Grand Prix,Race,45,ricciardo,RIC,MATCHED_DRIVER_ID,36,3,19:38:50,24.817,,,2020-11-29,DURATION_AND_TIME_OF_DAY_ONLY,https://api.jolpi.ca/ergast/f1/2020/15/pitstops.json?limit=1000,8d108d75dd56d6cbe2fb293e8b9f5cdf99e97b59e935fd19bd4e1c4b713ecf14
2020,Bahrain Grand Prix,Race,46,latifi,LAT,MATCHED_DRIVER_ID,37,3,19:41:05,24.024,,,2020-11-29,DURATION_AND_TIME_OF_DAY_ONLY,https://api.jolpi.ca/ergast/f1/2020/15/pitstops.json?limit=1000,8d108d75dd56d6cbe2fb293e8b9f5cdf99e97b59e935fd19bd4e1c4b713ecf14
2020,Bahrain Grand Prix,Race,47,norris,NOR,MATCHED_DRIVER_ID,38,3,19:41:45,24.666,,,2020-11-29,DURATION_AND_TIME_OF_DAY_ONLY,https://api.jolpi.ca/ergast/f1/2020/15/pitstops.json?limit=1000,8d108d75dd56d6cbe2fb293e8b9f5cdf99e97b59e935fd19bd4e1c4b713ecf14
2020,Bahrain Grand Prix,Race,48,bottas,BOT,MATCHED_DRIVER_ID,38,4,19:42:04,24.675,,,2020-11-29,DURATION_AND_TIME_OF_DAY_ONLY,https://api.jolpi.ca/ergast/f1/2020/15/pitstops.json?limit=1000,8d108d75dd56d6cbe2fb293e8b9f5cdf99e97b59e935fd19bd4e1c4b713ecf14
2020,Bahrain Grand Prix,Race,49,sainz,SAI,MATCHED_DRIVER_ID,39,3,19:43:27,25.502,,,2020-11-29,DURATION_AND_TIME_OF_DAY_ONLY,https://api.jolpi.ca/ergast/f1/2020/15/pitstops.json?limit=1000,8d108d75dd56d6cbe2fb293e8b9f5cdf99e97b59e935fd19bd4e1c4b713ecf14
2020,Bahrain Grand Prix,Race,50,russell,RUS,MATCHED_DRIVER_ID,39,3,19:44:08,27.146,,,2020-11-29,DURATION_AND_TIME_OF_DAY_ONLY,https://api.jolpi.ca/ergast/f1/2020/15/pitstops.json?limit=1000,8d108d75dd56d6cbe2fb293e8b9f5cdf99e97b59e935fd19bd4e1c4b713ecf14
2020,Bahrain Grand Prix,Race,51,vettel,VET,MATCHED_DRIVER_ID,39,3,19:44:14,25.444,,,2020-11-29,DURATION_AND_TIME_OF_DAY_ONLY,https://api.jolpi.ca/ergast/f1/2020/15/pitstops.json?limit=1000,8d108d75dd56d6cbe2fb293e8b9f5cdf99e97b59e935fd19bd4e1c4b713ecf14
2020,Bahrain Grand Prix,Race,52,leclerc,LEC,MATCHED_DRIVER_ID,40,3,19:45:27,24.855,,,2020-11-29,DURATION_AND_TIME_OF_DAY_ONLY,https://api.jolpi.ca/ergast/f1/2020/15/pitstops.json?limit=1000,8d108d75dd56d6cbe2fb293e8b9f5cdf99e97b59e935fd19bd4e1c4b713ecf14
2020,Bahrain Grand Prix,Race,53,raikkonen,RAI,MATCHED_DRIVER_ID,40,3,19:45:59,25.27,,,2020-11-29,DURATION_AND_TIME_OF_DAY_ONLY,https://api.jolpi.ca/ergast/f1/2020/15/pitstops.json?limit=1000,8d108d75dd56d6cbe2fb293e8b9f5cdf99e97b59e935fd19bd4e1c4b713ecf14
2020,Bahrain Grand Prix,Race,54,max_verstappen,VER,MATCHED_DRIVER_ID,46,4,19:53:52,23.906,,,2020-11-29,DURATION_AND_TIME_OF_DAY_ONLY,https://api.jolpi.ca/ergast/f1/2020/15/pitstops.json?limit=1000,8d108d75dd56d6cbe2fb293e8b9f5cdf99e97b59e935fd19bd4e1c4b713ecf14
2020,Bahrain Grand Prix,Race,55,giovinazzi,GIO,MATCHED_DRIVER_ID,53,3,20:07:02,24.836,,,2020-11-29,DURATION_AND_TIME_OF_DAY_ONLY,https://api.jolpi.ca/ergast/f1/2020/15/pitstops.json?limit=1000,8d108d75dd56d6cbe2fb293e8b9f5cdf99e97b59e935fd19bd4e1c4b713ecf14
2020,Bahrain Grand Prix,Race,56,kevin_magnussen,MAG,MATCHED_DRIVER_ID,53,4,20:07:38,25.793,,,2020-11-29,DURATION_AND_TIME_OF_DAY_ONLY,https://api.jolpi.ca/ergast/f1/2020/15/pitstops.json?limit=1000,8d108d75dd56d6cbe2fb293e8b9f5cdf99e97b59e935fd19bd4e1c4b713ecf14
2020,Eifel Grand Prix,Race,0,albon,ALB,MATCHED_DRIVER_ID,7,1,14:24:20,23.562,,,2020-10-11,DURATION_AND_TIME_OF_DAY_ONLY,https://api.jolpi.ca/ergast/f1/2020/11/pitstops.json?limit=1000,247e2904d5e6d380b7a16ee88922179e6d161851d791bdbd1d459f34166e3404
2020,Eifel Grand Prix,Race,1,leclerc,LEC,MATCHED_DRIVER_ID,10,1,14:29:03,22.56,,,2020-10-11,DURATION_AND_TIME_OF_DAY_ONLY,https://api.jolpi.ca/ergast/f1/2020/11/pitstops.json?limit=1000,247e2904d5e6d380b7a16ee88922179e6d161851d791bdbd1d459f34166e3404
2020,Eifel Grand Prix,Race,2,raikkonen,RAI,MATCHED_DRIVER_ID,10,1,14:29:22,22.865,,,2020-10-11,DURATION_AND_TIME_OF_DAY_ONLY,https://api.jolpi.ca/ergast/f1/2020/11/pitstops.json?limit=1000,247e2904d5e6d380b7a16ee88922179e6d161851d791bdbd1d459f34166e3404
2020,Eifel Grand Prix,Race,3,vettel,VET,MATCHED_DRIVER_ID,11,1,14:30:54,22.616,,,2020-10-11,DURATION_AND_TIME_OF_DAY_ONLY,https://api.jolpi.ca/ergast/f1/2020/11/pitstops.json?limit=1000,247e2904d5e6d380b7a16ee88922179e6d161851d791bdbd1d459f34166e3404
2020,Eifel Grand Prix,Race,4,russell,RUS,MATCHED_DRIVER_ID,11,1,14:30:54,22.496,,,2020-10-11,DURATION_AND_TIME_OF_DAY_ONLY,https://api.jolpi.ca/ergast/f1/2020/11/pitstops.json?limit=1000,247e2904d5e6d380b7a16ee88922179e6d161851d791bdbd1d459f34166e3404
2020,Eifel Grand Prix,Race,5,bottas,BOT,MATCHED_DRIVER_ID,13,1,14:33:18,22.625,,,2020-10-11,DURATION_AND_TIME_OF_DAY_ONLY,https://api.jolpi.ca/ergast/f1/2020/11/pitstops.json?limit=1000,247e2904d5e6d380b7a16ee88922179e6d161851d791bdbd1d459f34166e3404
2020,Eifel Grand Prix,Race,6,kevin_magnussen,MAG,MATCHED_DRIVER_ID,14,1,14:35:37,23.016,,,2020-10-11,DURATION_AND_TIME_OF_DAY_ONLY,https://api.jolpi.ca/ergast/f1/2020/11/pitstops.json?limit=1000,247e2904d5e6d380b7a16ee88922179e6d161851d791bdbd1d459f34166e3404
2020,Eifel Grand Prix,Race,7,latifi,LAT,MATCHED_DRIVER_ID,14,1,14:35:40,24.737,,,2020-10-11,DURATION_AND_TIME_OF_DAY_ONLY,https://api.jolpi.ca/ergast/f1/2020/11/pitstops.json?limit=1000,247e2904d5e6d380b7a16ee88922179e6d161851d791bdbd1d459f34166e3404
2020,Eifel Grand Prix,Race,8,giovinazzi,GIO,MATCHED_DRIVER_ID,15,1,14:37:09,22.482,,,2020-10-11,DURATION_AND_TIME_OF_DAY_ONLY,https://api.jolpi.ca/ergast/f1/2020/11/pitstops.json?limit=1000,247e2904d5e6d380b7a16ee88922179e6d161851d791bdbd1d459f34166e3404
2020,Eifel Grand Prix,Race,9,hamilton,HAM,MATCHED_DRIVER_ID,16,1,14:37:59,23.983,,,2020-10-11,DURATION_AND_TIME_OF_DAY_ONLY,https://api.jolpi.ca/ergast/f1/2020/11/pitstops.json?limit=1000,247e2904d5e6d380b7a16ee88922179e6d161851d791bdbd1d459f34166e3404
2020,Eifel Grand Prix,Race,10,max_verstappen,VER,MATCHED_DRIVER_ID,16,1,14:38:04,22.106,,,2020-10-11,DURATION_AND_TIME_OF_DAY_ONLY,https://api.jolpi.ca/ergast/f1/2020/11/pitstops.json?limit=1000,247e2904d5e6d380b7a16ee88922179e6d161851d791bdbd1d459f34166e3404
2020,Eifel Grand Prix,Race,11,ricciardo,RIC,MATCHED_DRIVER_ID,16,1,14:38:37,22.159,,,2020-10-11,DURATION_AND_TIME_OF_DAY_ONLY,https://api.jolpi.ca/ergast/f1/2020/11/pitstops.json?limit=1000,247e2904d5e6d380b7a16ee88922179e6d161851d791bdbd1d459f34166e3404
2020,Eifel Grand Prix,Race,12,kvyat,KVY,MATCHED_DRIVER_ID,17,1,14:41:05,30.826,,,2020-10-11,DURATION_AND_TIME_OF_DAY_ONLY,https://api.jolpi.ca/ergast/f1/2020/11/pitstops.json?limit=1000,247e2904d5e6d380b7a16ee88922179e6d161851d791bdbd1d459f34166e3404
2020,Eifel Grand Prix,Race,13,perez,PER,MATCHED_DRIVER_ID,28,1,14:57:23,22.88,,,2020-10-11,DURATION_AND_TIME_OF_DAY_ONLY,https://api.jolpi.ca/ergast/f1/2020/11/pitstops.json?limit=1000,247e2904d5e6d380b7a16ee88922179e6d161851d791bdbd1d459f34166e3404
2020,Eifel Grand Prix,Race,14,sainz,SAI,MATCHED_DRIVER_ID,28,1,14:57:31,22.641,,,2020-10-11,DURATION_AND_TIME_OF_DAY_ONLY,https://api.jolpi.ca/ergast/f1/2020/11/pitstops.json?limit=1000,247e2904d5e6d380b7a16ee88922179e6d161851d791bdbd1d459f34166e3404
2020,Eifel Grand Prix,Race,15,grosjean,GRO,MATCHED_DRIVER_ID,28,1,14:57:54,23.635,,,2020-10-11,DURATION_AND_TIME_OF_DAY_ONLY,https://api.jolpi.ca/ergast/f1/2020/11/pitstops.json?limit=1000,247e2904d5e6d380b7a16ee88922179e6d161851d791bdbd1d459f34166e3404
2020,Eifel Grand Prix,Race,16,norris,NOR,MATCHED_DRIVER_ID,29,1,14:58:56,21.991,,,2020-10-11,DURATION_AND_TIME_OF_DAY_ONLY,https://api.jolpi.ca/ergast/f1/2020/11/pitstops.json?limit=1000,247e2904d5e6d380b7a16ee88922179e6d161851d791bdbd1d459f34166e3404
2020,Eifel Grand Prix,Race,17,hulkenberg,HUL,MATCHED_DRIVER_ID,29,1,14:59:24,22.7,,,2020-10-11,DURATION_AND_TIME_OF_DAY_ONLY,https://api.jolpi.ca/ergast/f1/2020/11/pitstops.json?limit=1000,247e2904d5e6d380b7a16ee88922179e6d161851d791bdbd1d459f34166e3404
2020,Eifel Grand Prix,Race,18,gasly,GAS,MATCHED_DRIVER_ID,30,1,15:00:55,22.625,,,2020-10-11,DURATION_AND_TIME_OF_DAY_ONLY,https://api.jolpi.ca/ergast/f1/2020/11/pitstops.json?limit=1000,247e2904d5e6d380b7a16ee88922179e6d161851d791bdbd1d459f34166e3404
2020,Eifel Grand Prix,Race,19,latifi,LAT,MATCHED_DRIVER_ID,33,2,15:06:01,24.063,,,2020-10-11,DURATION_AND_TIME_OF_DAY_ONLY,https://api.jolpi.ca/ergast/f1/2020/11/pitstops.json?limit=1000,247e2904d5e6d380b7a16ee88922179e6d161851d791bdbd1d459f34166e3404
2020,Eifel Grand Prix,Race,20,kevin_magnussen,MAG,MATCHED_DRIVER_ID,34,2,15:07:30,23.114,,,2020-10-11,DURATION_AND_TIME_OF_DAY_ONLY,https://api.jolpi.ca/ergast/f1/2020/11/pitstops.json?limit=1000,247e2904d5e6d380b7a16ee88922179e6d161851d791bdbd1d459f34166e3404
2020,Eifel Grand Prix,Race,21,leclerc,LEC,MATCHED_DRIVER_ID,35,2,15:08:35,23.111,,,2020-10-11,DURATION_AND_TIME_OF_DAY_ONLY,https://api.jolpi.ca/ergast/f1/2020/11/pitstops.json?limit=1000,247e2904d5e6d380b7a16ee88922179e6d161851d791bdbd1d459f34166e3404
2020,Eifel Grand Prix,Race,22,giovinazzi,GIO,MATCHED_DRIVER_ID,36,2,15:10:28,22.772,,,2020-10-11,DURATION_AND_TIME_OF_DAY_ONLY,https://api.jolpi.ca/ergast/f1/2020/11/pitstops.json?limit=1000,247e2904d5e6d380b7a16ee88922179e6d161851d791bdbd1d459f34166e3404
2020,Eifel Grand Prix,Race,23,vettel,VET,MATCHED_DRIVER_ID,41,2,15:18:18,24.366,,,2020-10-11,DURATION_AND_TIME_OF_DAY_ONLY,https://api.jolpi.ca/ergast/f1/2020/11/pitstops.json?limit=1000,247e2904d5e6d380b7a16ee88922179e6d161851d791bdbd1d459f34166e3404
2020,Eifel Grand Prix,Race,24,ricciardo,RIC,MATCHED_DRIVER_ID,44,2,15:22:03,22.53,,,2020-10-11,DURATION_AND_TIME_OF_DAY_ONLY,https://api.jolpi.ca/ergast/f1/2020/11/pitstops.json?limit=1000,247e2904d5e6d380b7a16ee88922179e6d161851d791bdbd1d459f34166e3404
2020,Eifel Grand Prix,Race,25,sainz,SAI,MATCHED_DRIVER_ID,44,2,15:22:26,22.503,,,2020-10-11,DURATION_AND_TIME_OF_DAY_ONLY,https://api.jolpi.ca/ergast/f1/2020/11/pitstops.json?limit=1000,247e2904d5e6d380b7a16ee88922179e6d161851d791bdbd1d459f34166e3404
2020,Eifel Grand Prix,Race,26,hamilton,HAM,MATCHED_DRIVER_ID,45,2,15:22:31,23.18,,,2020-10-11,DURATION_AND_TIME_OF_DAY_ONLY,https://api.jolpi.ca/ergast/f1/2020/11/pitstops.json?limit=1000,247e2904d5e6d380b7a16ee88922179e6d161851d791bdbd1d459f34166e3404
2020,Eifel Grand Prix,Race,27,max_verstappen,VER,MATCHED_DRIVER_ID,45,2,15:22:43,22.568,,,2020-10-11,DURATION_AND_TIME_OF_DAY_ONLY,https://api.jolpi.ca/ergast/f1/2020/11/pitstops.json?limit=1000,247e2904d5e6d380b7a16ee88922179e6d161851d791bdbd1d459f34166e3404
2020,Eifel Grand Prix,Race,28,gasly,GAS,MATCHED_DRIVER_ID,44,2,15:23:04,22.917,,,2020-10-11,DURATION_AND_TIME_OF_DAY_ONLY,https://api.jolpi.ca/ergast/f1/2020/11/pitstops.json?limit=1000,247e2904d5e6d380b7a16ee88922179e6d161851d791bdbd1d459f34166e3404
2020,Eifel Grand Prix,Race,29,hulkenberg,HUL,MATCHED_DRIVER_ID,44,2,15:23:08,22.686,,,2020-10-11,DURATION_AND_TIME_OF_DAY_ONLY,https://api.jolpi.ca/ergast/f1/2020/11/pitstops.json?limit=1000,247e2904d5e6d380b7a16ee88922179e6d161851d791bdbd1d459f34166e3404
2020,Eifel Grand Prix,Race,30,raikkonen,RAI,MATCHED_DRIVER_ID,44,2,15:23:17,33.016,,,2020-10-11,DURATION_AND_TIME_OF_DAY_ONLY,https://api.jolpi.ca/ergast/f1/2020/11/pitstops.json?limit=1000,247e2904d5e6d380b7a16ee88922179e6d161851d791bdbd1d459f34166e3404
2020,Eifel Grand Prix,Race,31,kvyat,KVY,MATCHED_DRIVER_ID,44,2,15:23:55,22.527,,,2020-10-11,DURATION_AND_TIME_OF_DAY_ONLY,https://api.jolpi.ca/ergast/f1/2020/11/pitstops.json?limit=1000,247e2904d5e6d380b7a16ee88922179e6d161851d791bdbd1d459f34166e3404
2020,Eifel Grand Prix,Race,32,perez,PER,MATCHED_DRIVER_ID,45,2,15:24:17,22.612,,,2020-10-11,DURATION_AND_TIME_OF_DAY_ONLY,https://api.jolpi.ca/ergast/f1/2020/11/pitstops.json?limit=1000,247e2904d5e6d380b7a16ee88922179e6d161851d791bdbd1d459f34166e3404
2020,Emilia Romagna Grand Prix,Race,0,stroll,STR,MATCHED_DRIVER_ID,1,1,13:14:49,36.189,,,2020-11-01,DURATION_AND_TIME_OF_DAY_ONLY,https://api.jolpi.ca/ergast/f1/2020/13/pitstops.json?limit=1000,3b65afcb761e40c15dd3851d1e15b876013f11c02bae5f5d4c37fa3cbb2792cb
2020,Emilia Romagna Grand Prix,Race,1,grosjean,GRO,MATCHED_DRIVER_ID,9,1,13:25:41,30.422,,,2020-11-01,DURATION_AND_TIME_OF_DAY_ONLY,https://api.jolpi.ca/ergast/f1/2020/13/pitstops.json?limit=1000,3b65afcb761e40c15dd3851d1e15b876013f11c02bae5f5d4c37fa3cbb2792cb
2020,Emilia Romagna Grand Prix,Race,2,giovinazzi,GIO,MATCHED_DRIVER_ID,10,1,13:27:00,29.745,,,2020-11-01,DURATION_AND_TIME_OF_DAY_ONLY,https://api.jolpi.ca/ergast/f1/2020/13/pitstops.json?limit=1000,3b65afcb761e40c15dd3851d1e15b876013f11c02bae5f5d4c37fa3cbb2792cb
2020,Emilia Romagna Grand Prix,Race,3,russell,RUS,MATCHED_DRIVER_ID,11,1,13:28:18,29.707,,,2020-11-01,DURATION_AND_TIME_OF_DAY_ONLY,https://api.jolpi.ca/ergast/f1/2020/13/pitstops.json?limit=1000,3b65afcb761e40c15dd3851d1e15b876013f11c02bae5f5d4c37fa3cbb2792cb
2020,Emilia Romagna Grand Prix,Race,4,leclerc,LEC,MATCHED_DRIVER_ID,13,1,13:30:49,30.243,,,2020-11-01,DURATION_AND_TIME_OF_DAY_ONLY,https://api.jolpi.ca/ergast/f1/2020/13/pitstops.json?limit=1000,3b65afcb761e40c15dd3851d1e15b876013f11c02bae5f5d4c37fa3cbb2792cb
2020,Emilia Romagna Grand Prix,Race,5,norris,NOR,MATCHED_DRIVER_ID,13,1,13:30:56,29.683,,,2020-11-01,DURATION_AND_TIME_OF_DAY_ONLY,https://api.jolpi.ca/ergast/f1/2020/13/pitstops.json?limit=1000,3b65afcb761e40c15dd3851d1e15b876013f11c02bae5f5d4c37fa3cbb2792cb
2020,Emilia Romagna Grand Prix,Race,6,ocon,OCO,MATCHED_DRIVER_ID,13,1,13:30:59,30.559,,,2020-11-01,DURATION_AND_TIME_OF_DAY_ONLY,https://api.jolpi.ca/ergast/f1/2020/13/pitstops.json?limit=1000,3b65afcb761e40c15dd3851d1e15b876013f11c02bae5f5d4c37fa3cbb2792cb
2020,Emilia Romagna Grand Prix,Race,7,ricciardo,RIC,MATCHED_DRIVER_ID,14,1,13:32:09,30.204,,,2020-11-01,DURATION_AND_TIME_OF_DAY_ONLY,https://api.jolpi.ca/ergast/f1/2020/13/pitstops.json?limit=1000,3b65afcb761e40c15dd3851d1e15b876013f11c02bae5f5d4c37fa3cbb2792cb
2020,Emilia Romagna Grand Prix,Race,8,kvyat,KVY,MATCHED_DRIVER_ID,14,1,13:32:12,30.277,,,2020-11-01,DURATION_AND_TIME_OF_DAY_ONLY,https://api.jolpi.ca/ergast/f1/2020/13/pitstops.json?limit=1000,3b65afcb761e40c15dd3851d1e15b876013f11c02bae5f5d4c37fa3cbb2792cb
2020,Emilia Romagna Grand Prix,Race,9,albon,ALB,MATCHED_DRIVER_ID,14,1,13:32:12,29.77,,,2020-11-01,DURATION_AND_TIME_OF_DAY_ONLY,https://api.jolpi.ca/ergast/f1/2020/13/pitstops.json?limit=1000,3b65afcb761e40c15dd3851d1e15b876013f11c02bae5f5d4c37fa3cbb2792cb
2020,Emilia Romagna Grand Prix,Race,10,sainz,SAI,MATCHED_DRIVER_ID,17,1,13:36:15,29.95,,,2020-11-01,DURATION_AND_TIME_OF_DAY_ONLY,https://api.jolpi.ca/ergast/f1/2020/13/pitstops.json?limit=1000,3b65afcb761e40c15dd3851d1e15b876013f11c02bae5f5d4c37fa3cbb2792cb
2020,Emilia Romagna Grand Prix,Race,11,max_verstappen,VER,MATCHED_DRIVER_ID,18,1,13:37:06,29.427,,,2020-11-01,DURATION_AND_TIME_OF_DAY_ONLY,https://api.jolpi.ca/ergast/f1/2020/13/pitstops.json?limit=1000,3b65afcb761e40c15dd3851d1e15b876013f11c02bae5f5d4c37fa3cbb2792cb
2020,Emilia Romagna Grand Prix,Race,12,bottas,BOT,MATCHED_DRIVER_ID,19,1,13:38:22,29.6,,,2020-11-01,DURATION_AND_TIME_OF_DAY_ONLY,https://api.jolpi.ca/ergast/f1/2020/13/pitstops.json?limit=1000,3b65afcb761e40c15dd3851d1e15b876013f11c02bae5f5d4c37fa3cbb2792cb
2020,Emilia Romagna Grand Prix,Race,13,perez,PER,MATCHED_DRIVER_ID,27,1,13:49:28,29.985,,,2020-11-01,DURATION_AND_TIME_OF_DAY_ONLY,https://api.jolpi.ca/ergast/f1/2020/13/pitstops.json?limit=1000,3b65afcb761e40c15dd3851d1e15b876013f11c02bae5f5d4c37fa3cbb2792cb
2020,Emilia Romagna Grand Prix,Race,14,kevin_magnussen,MAG,MATCHED_DRIVER_ID,27,1,13:50:01,30.708,,,2020-11-01,DURATION_AND_TIME_OF_DAY_ONLY,https://api.jolpi.ca/ergast/f1/2020/13/pitstops.json?limit=1000,3b65afcb761e40c15dd3851d1e15b876013f11c02bae5f5d4c37fa3cbb2792cb
2020,Emilia Romagna Grand Prix,Race,15,hamilton,HAM,MATCHED_DRIVER_ID,30,1,13:52:53,30.382,,,2020-11-01,DURATION_AND_TIME_OF_DAY_ONLY,https://api.jolpi.ca/ergast/f1/2020/13/pitstops.json?limit=1000,3b65afcb761e40c15dd3851d1e15b876013f11c02bae5f5d4c37fa3cbb2792cb
2020,Emilia Romagna Grand Prix,Race,16,stroll,STR,MATCHED_DRIVER_ID,29,2,13:53:03,30.566,,,2020-11-01,DURATION_AND_TIME_OF_DAY_ONLY,https://api.jolpi.ca/ergast/f1/2020/13/pitstops.json?limit=1000,3b65afcb761e40c15dd3851d1e15b876013f11c02bae5f5d4c37fa3cbb2792cb
2020,Emilia Romagna Grand Prix,Race,17,latifi,LAT,MATCHED_DRIVER_ID,34,1,13:59:15,29.892,,,2020-11-01,DURATION_AND_TIME_OF_DAY_ONLY,https://api.jolpi.ca/ergast/f1/2020/13/pitstops.json?limit=1000,3b65afcb761e40c15dd3851d1e15b876013f11c02bae5f5d4c37fa3cbb2792cb
2020,Emilia Romagna Grand Prix,Race,18,vettel,VET,MATCHED_DRIVER_ID,39,1,14:05:39,40.497,,,2020-11-01,DURATION_AND_TIME_OF_DAY_ONLY,https://api.jolpi.ca/ergast/f1/2020/13/pitstops.json?limit=1000,3b65afcb761e40c15dd3851d1e15b876013f11c02bae5f5d4c37fa3cbb2792cb
2020,Emilia Romagna Grand Prix,Race,19,raikkonen,RAI,MATCHED_DRIVER_ID,48,1,14:17:39,29.863,,,2020-11-01,DURATION_AND_TIME_OF_DAY_ONLY,https://api.jolpi.ca/ergast/f1/2020/13/pitstops.json?limit=1000,3b65afcb761e40c15dd3851d1e15b876013f11c02bae5f5d4c37fa3cbb2792cb
2020,Emilia Romagna Grand Prix,Race,20,grosjean,GRO,MATCHED_DRIVER_ID,50,2,14:21:06,31.199,,,2020-11-01,DURATION_AND_TIME_OF_DAY_ONLY,https://api.jolpi.ca/ergast/f1/2020/13/pitstops.json?limit=1000,3b65afcb761e40c15dd3851d1e15b876013f11c02bae5f5d4c37fa3cbb2792cb
2020,Emilia Romagna Grand Prix,Race,21,bottas,BOT,MATCHED_DRIVER_ID,51,2,14:21:18,30.129,,,2020-11-01,DURATION_AND_TIME_OF_DAY_ONLY,https://api.jolpi.ca/ergast/f1/2020/13/pitstops.json?limit=1000,3b65afcb761e40c15dd3851d1e15b876013f11c02bae5f5d4c37fa3cbb2792cb
2020,Emilia Romagna Grand Prix,Race,22,perez,PER,MATCHED_DRIVER_ID,51,2,14:21:54,30.555,,,2020-11-01,DURATION_AND_TIME_OF_DAY_ONLY,https://api.jolpi.ca/ergast/f1/2020/13/pitstops.json?limit=1000,3b65afcb761e40c15dd3851d1e15b876013f11c02bae5f5d4c37fa3cbb2792cb
2020,Emilia Romagna Grand Prix,Race,23,kvyat,KVY,MATCHED_DRIVER_ID,51,2,14:22:09,29.809,,,2020-11-01,DURATION_AND_TIME_OF_DAY_ONLY,https://api.jolpi.ca/ergast/f1/2020/13/pitstops.json?limit=1000,3b65afcb761e40c15dd3851d1e15b876013f11c02bae5f5d4c37fa3cbb2792cb
2020,Emilia Romagna Grand Prix,Race,24,sainz,SAI,MATCHED_DRIVER_ID,51,2,14:22:11,30.614,,,2020-11-01,DURATION_AND_TIME_OF_DAY_ONLY,https://api.jolpi.ca/ergast/f1/2020/13/pitstops.json?limit=1000,3b65afcb761e40c15dd3851d1e15b876013f11c02bae5f5d4c37fa3cbb2792cb
2020,Emilia Romagna Grand Prix,Race,25,hamilton,HAM,MATCHED_DRIVER_ID,52,2,14:22:55,30.925,,,2020-11-01,DURATION_AND_TIME_OF_DAY_ONLY,https://api.jolpi.ca/ergast/f1/2020/13/pitstops.json?limit=1000,3b65afcb761e40c15dd3851d1e15b876013f11c02bae5f5d4c37fa3cbb2792cb
2020,Emilia Romagna Grand Prix,Race,26,vettel,VET,MATCHED_DRIVER_ID,51,2,14:22:57,29.934,,,2020-11-01,DURATION_AND_TIME_OF_DAY_ONLY,https://api.jolpi.ca/ergast/f1/2020/13/pitstops.json?limit=1000,3b65afcb761e40c15dd3851d1e15b876013f11c02bae5f5d4c37fa3cbb2792cb
2020,Emilia Romagna Grand Prix,Race,27,stroll,STR,MATCHED_DRIVER_ID,52,3,14:25:09,36.63,,,2020-11-01,DURATION_AND_TIME_OF_DAY_ONLY,https://api.jolpi.ca/ergast/f1/2020/13/pitstops.json?limit=1000,3b65afcb761e40c15dd3851d1e15b876013f11c02bae5f5d4c37fa3cbb2792cb
2020,Emilia Romagna Grand Prix,Race,28,norris,NOR,MATCHED_DRIVER_ID,53,2,14:25:29,30.203,,,2020-11-01,DURATION_AND_TIME_OF_DAY_ONLY,https://api.jolpi.ca/ergast/f1/2020/13/pitstops.json?limit=1000,3b65afcb761e40c15dd3851d1e15b876013f11c02bae5f5d4c37fa3cbb2792cb
2020,Emilia Romagna Grand Prix,Race,29,albon,ALB,MATCHED_DRIVER_ID,59,2,14:37:02,29.552,,,2020-11-01,DURATION_AND_TIME_OF_DAY_ONLY,https://api.jolpi.ca/ergast/f1/2020/13/pitstops.json?limit=1000,3b65afcb761e40c15dd3851d1e15b876013f11c02bae5f5d4c37fa3cbb2792cb
2020,Hungarian Grand Prix,Race,0,kvyat,KVY,MATCHED_DRIVER_ID,1,1,15:14:46,23.568,,,2020-07-19,DURATION_AND_TIME_OF_DAY_ONLY,https://api.jolpi.ca/ergast/f1/2020/3/pitstops.json?limit=1000,7159a3a7709c54fb411bf21f6da722b737aa2313eccaaa1cc3ad75dc82cd36bb
2020,Hungarian Grand Prix,Race,1,leclerc,LEC,MATCHED_DRIVER_ID,2,1,15:16:15,22.266,,,2020-07-19,DURATION_AND_TIME_OF_DAY_ONLY,https://api.jolpi.ca/ergast/f1/2020/3/pitstops.json?limit=1000,7159a3a7709c54fb411bf21f6da722b737aa2313eccaaa1cc3ad75dc82cd36bb
2020,Hungarian Grand Prix,Race,2,bottas,BOT,MATCHED_DRIVER_ID,2,1,15:16:16,21.906,,,2020-07-19,DURATION_AND_TIME_OF_DAY_ONLY,https://api.jolpi.ca/ergast/f1/2020/3/pitstops.json?limit=1000,7159a3a7709c54fb411bf21f6da722b737aa2313eccaaa1cc3ad75dc82cd36bb
2020,Hungarian Grand Prix,Race,3,hamilton,HAM,MATCHED_DRIVER_ID,3,1,15:17:37,22.32,,,2020-07-19,DURATION_AND_TIME_OF_DAY_ONLY,https://api.jolpi.ca/ergast/f1/2020/3/pitstops.json?limit=1000,7159a3a7709c54fb411bf21f6da722b737aa2313eccaaa1cc3ad75dc82cd36bb
2020,Hungarian Grand Prix,Race,4,stroll,STR,MATCHED_DRIVER_ID,3,1,15:17:46,23.081,,,2020-07-19,DURATION_AND_TIME_OF_DAY_ONLY,https://api.jolpi.ca/ergast/f1/2020/3/pitstops.json?limit=1000,7159a3a7709c54fb411bf21f6da722b737aa2313eccaaa1cc3ad75dc82cd36bb
2020,Hungarian Grand Prix,Race,5,vettel,VET,MATCHED_DRIVER_ID,3,1,15:17:50,28.286,,,2020-07-19,DURATION_AND_TIME_OF_DAY_ONLY,https://api.jolpi.ca/ergast/f1/2020/3/pitstops.json?limit=1000,7159a3a7709c54fb411bf21f6da722b737aa2313eccaaa1cc3ad75dc82cd36bb
2020,Hungarian Grand Prix,Race,6,perez,PER,MATCHED_DRIVER_ID,3,1,15:17:53,23.263,,,2020-07-19,DURATION_AND_TIME_OF_DAY_ONLY,https://api.jolpi.ca/ergast/f1/2020/3/pitstops.json?limit=1000,7159a3a7709c54fb411bf21f6da722b737aa2313eccaaa1cc3ad75dc82cd36bb
2020,Hungarian Grand Prix,Race,7,sainz,SAI,MATCHED_DRIVER_ID,3,1,15:17:55,27.131,,,2020-07-19,DURATION_AND_TIME_OF_DAY_ONLY,https://api.jolpi.ca/ergast/f1/2020/3/pitstops.json?limit=1000,7159a3a7709c54fb411bf21f6da722b737aa2313eccaaa1cc3ad75dc82cd36bb
2020,Hungarian Grand Prix,Race,8,albon,ALB,MATCHED_DRIVER_ID,3,1,15:17:58,23.046,,,2020-07-19,DURATION_AND_TIME_OF_DAY_ONLY,https://api.jolpi.ca/ergast/f1/2020/3/pitstops.json?limit=1000,7159a3a7709c54fb411bf21f6da722b737aa2313eccaaa1cc3ad75dc82cd36bb
2020,Hungarian Grand Prix,Race,9,latifi,LAT,MATCHED_DRIVER_ID,3,1,15:18:00,21.596,,,2020-07-19,DURATION_AND_TIME_OF_DAY_ONLY,https://api.jolpi.ca/ergast/f1/2020/3/pitstops.json?limit=1000,7159a3a7709c54fb411bf21f6da722b737aa2313eccaaa1cc3ad75dc82cd36bb
2020,Hungarian Grand Prix,Race,10,gasly,GAS,MATCHED_DRIVER_ID,3,1,15:18:01,22.74,,,2020-07-19,DURATION_AND_TIME_OF_DAY_ONLY,https://api.jolpi.ca/ergast/f1/2020/3/pitstops.json?limit=1000,7159a3a7709c54fb411bf21f6da722b737aa2313eccaaa1cc3ad75dc82cd36bb
2020,Hungarian Grand Prix,Race,11,raikkonen,RAI,MATCHED_DRIVER_ID,3,1,15:18:04,22.299,,,2020-07-19,DURATION_AND_TIME_OF_DAY_ONLY,https://api.jolpi.ca/ergast/f1/2020/3/pitstops.json?limit=1000,7159a3a7709c54fb411bf21f6da722b737aa2313eccaaa1cc3ad75dc82cd36bb
2020,Hungarian Grand Prix,Race,12,max_verstappen,VER,MATCHED_DRIVER_ID,4,1,15:19:18,21.529,,,2020-07-19,DURATION_AND_TIME_OF_DAY_ONLY,https://api.jolpi.ca/ergast/f1/2020/3/pitstops.json?limit=1000,7159a3a7709c54fb411bf21f6da722b737aa2313eccaaa1cc3ad75dc82cd36bb
2020,Hungarian Grand Prix,Race,13,ricciardo,RIC,MATCHED_DRIVER_ID,4,1,15:19:30,21.92,,,2020-07-19,DURATION_AND_TIME_OF_DAY_ONLY,https://api.jolpi.ca/ergast/f1/2020/3/pitstops.json?limit=1000,7159a3a7709c54fb411bf21f6da722b737aa2313eccaaa1cc3ad75dc82cd36bb
2020,Hungarian Grand Prix,Race,14,ocon,OCO,MATCHED_DRIVER_ID,4,1,15:19:35,24.281,,,2020-07-19,DURATION_AND_TIME_OF_DAY_ONLY,https://api.jolpi.ca/ergast/f1/2020/3/pitstops.json?limit=1000,7159a3a7709c54fb411bf21f6da722b737aa2313eccaaa1cc3ad75dc82cd36bb
2020,Hungarian Grand Prix,Race,15,norris,NOR,MATCHED_DRIVER_ID,4,1,15:19:40,23.012,,,2020-07-19,DURATION_AND_TIME_OF_DAY_ONLY,https://api.jolpi.ca/ergast/f1/2020/3/pitstops.json?limit=1000,7159a3a7709c54fb411bf21f6da722b737aa2313eccaaa1cc3ad75dc82cd36bb
2020,Hungarian Grand Prix,Race,16,russell,RUS,MATCHED_DRIVER_ID,4,1,15:19:42,21.184,,,2020-07-19,DURATION_AND_TIME_OF_DAY_ONLY,https://api.jolpi.ca/ergast/f1/2020/3/pitstops.json?limit=1000,7159a3a7709c54fb411bf21f6da722b737aa2313eccaaa1cc3ad75dc82cd36bb
2020,Hungarian Grand Prix,Race,17,giovinazzi,GIO,MATCHED_DRIVER_ID,4,1,15:19:50,22.283,,,2020-07-19,DURATION_AND_TIME_OF_DAY_ONLY,https://api.jolpi.ca/ergast/f1/2020/3/pitstops.json?limit=1000,7159a3a7709c54fb411bf21f6da722b737aa2313eccaaa1cc3ad75dc82cd36bb
2020,Hungarian Grand Prix,Race,18,latifi,LAT,MATCHED_DRIVER_ID,4,2,15:21:24,36.335,,,2020-07-19,DURATION_AND_TIME_OF_DAY_ONLY,https://api.jolpi.ca/ergast/f1/2020/3/pitstops.json?limit=1000,7159a3a7709c54fb411bf21f6da722b737aa2313eccaaa1cc3ad75dc82cd36bb
2020,Hungarian Grand Prix,Race,19,kvyat,KVY,MATCHED_DRIVER_ID,18,2,15:39:53,22.685,,,2020-07-19,DURATION_AND_TIME_OF_DAY_ONLY,https://api.jolpi.ca/ergast/f1/2020/3/pitstops.json?limit=1000,7159a3a7709c54fb411bf21f6da722b737aa2313eccaaa1cc3ad75dc82cd36bb
2020,Hungarian Grand Prix,Race,20,russell,RUS,MATCHED_DRIVER_ID,19,2,15:41:33,21.367,,,2020-07-19,DURATION_AND_TIME_OF_DAY_ONLY,https://api.jolpi.ca/ergast/f1/2020/3/pitstops.json?limit=1000,7159a3a7709c54fb411bf21f6da722b737aa2313eccaaa1cc3ad75dc82cd36bb
2020,Hungarian Grand Prix,Race,21,leclerc,LEC,MATCHED_DRIVER_ID,20,2,15:42:29,22.564,,,2020-07-19,DURATION_AND_TIME_OF_DAY_ONLY,https://api.jolpi.ca/ergast/f1/2020/3/pitstops.json?limit=1000,7159a3a7709c54fb411bf21f6da722b737aa2313eccaaa1cc3ad75dc82cd36bb
2020,Hungarian Grand Prix,Race,22,giovinazzi,GIO,MATCHED_DRIVER_ID,20,2,15:43:04,23.082,,,2020-07-19,DURATION_AND_TIME_OF_DAY_ONLY,https://api.jolpi.ca/ergast/f1/2020/3/pitstops.json?limit=1000,7159a3a7709c54fb411bf21f6da722b737aa2313eccaaa1cc3ad75dc82cd36bb
2020,Hungarian Grand Prix,Race,23,vettel,VET,MATCHED_DRIVER_ID,29,2,15:54:50,21.88,,,2020-07-19,DURATION_AND_TIME_OF_DAY_ONLY,https://api.jolpi.ca/ergast/f1/2020/3/pitstops.json?limit=1000,7159a3a7709c54fb411bf21f6da722b737aa2313eccaaa1cc3ad75dc82cd36bb
2020,Hungarian Grand Prix,Race,24,ocon,OCO,MATCHED_DRIVER_ID,31,2,15:57:59,21.86,,,2020-07-19,DURATION_AND_TIME_OF_DAY_ONLY,https://api.jolpi.ca/ergast/f1/2020/3/pitstops.json?limit=1000,7159a3a7709c54fb411bf21f6da722b737aa2313eccaaa1cc3ad75dc82cd36bb
2020,Hungarian Grand Prix,Race,25,bottas,BOT,MATCHED_DRIVER_ID,33,2,15:59:47,21.644,,,2020-07-19,DURATION_AND_TIME_OF_DAY_ONLY,https://api.jolpi.ca/ergast/f1/2020/3/pitstops.json?limit=1000,7159a3a7709c54fb411bf21f6da722b737aa2313eccaaa1cc3ad75dc82cd36bb
2020,Hungarian Grand Prix,Race,26,latifi,LAT,MATCHED_DRIVER_ID,31,3,16:00:38,28.367,,,2020-07-19,DURATION_AND_TIME_OF_DAY_ONLY,https://api.jolpi.ca/ergast/f1/2020/3/pitstops.json?limit=1000,7159a3a7709c54fb411bf21f6da722b737aa2313eccaaa1cc3ad75dc82cd36bb
2020,Hungarian Grand Prix,Race,27,raikkonen,RAI,MATCHED_DRIVER_ID,33,2,16:00:45,27.128,,,2020-07-19,DURATION_AND_TIME_OF_DAY_ONLY,https://api.jolpi.ca/ergast/f1/2020/3/pitstops.json?limit=1000,7159a3a7709c54fb411bf21f6da722b737aa2313eccaaa1cc3ad75dc82cd36bb
2020,Hungarian Grand Prix,Race,28,albon,ALB,MATCHED_DRIVER_ID,34,2,16:01:43,22.174,,,2020-07-19,DURATION_AND_TIME_OF_DAY_ONLY,https://api.jolpi.ca/ergast/f1/2020/3/pitstops.json?limit=1000,7159a3a7709c54fb411bf21f6da722b737aa2313eccaaa1cc3ad75dc82cd36bb
2020,Hungarian Grand Prix,Race,29,grosjean,GRO,MATCHED_DRIVER_ID,34,1,16:01:59,22.591,,,2020-07-19,DURATION_AND_TIME_OF_DAY_ONLY,https://api.jolpi.ca/ergast/f1/2020/3/pitstops.json?limit=1000,7159a3a7709c54fb411bf21f6da722b737aa2313eccaaa1cc3ad75dc82cd36bb
2020,Hungarian Grand Prix,Race,30,stroll,STR,MATCHED_DRIVER_ID,35,2,16:02:34,22.534,,,2020-07-19,DURATION_AND_TIME_OF_DAY_ONLY,https://api.jolpi.ca/ergast/f1/2020/3/pitstops.json?limit=1000,7159a3a7709c54fb411bf21f6da722b737aa2313eccaaa1cc3ad75dc82cd36bb
2020,Hungarian Grand Prix,Race,31,kevin_magnussen,MAG,MATCHED_DRIVER_ID,35,1,16:03:02,23.621,,,2020-07-19,DURATION_AND_TIME_OF_DAY_ONLY,https://api.jolpi.ca/ergast/f1/2020/3/pitstops.json?limit=1000,7159a3a7709c54fb411bf21f6da722b737aa2313eccaaa1cc3ad75dc82cd36bb
2020,Hungarian Grand Prix,Race,32,perez,PER,MATCHED_DRIVER_ID,35,2,16:03:08,22.051,,,2020-07-19,DURATION_AND_TIME_OF_DAY_ONLY,https://api.jolpi.ca/ergast/f1/2020/3/pitstops.json?limit=1000,7159a3a7709c54fb411bf21f6da722b737aa2313eccaaa1cc3ad75dc82cd36bb
2020,Hungarian Grand Prix,Race,33,norris,NOR,MATCHED_DRIVER_ID,35,2,16:03:33,22.742,,,2020-07-19,DURATION_AND_TIME_OF_DAY_ONLY,https://api.jolpi.ca/ergast/f1/2020/3/pitstops.json?limit=1000,7159a3a7709c54fb411bf21f6da722b737aa2313eccaaa1cc3ad75dc82cd36bb
2020,Hungarian Grand Prix,Race,34,max_verstappen,VER,MATCHED_DRIVER_ID,36,2,16:03:38,21.268,,,2020-07-19,DURATION_AND_TIME_OF_DAY_ONLY,https://api.jolpi.ca/ergast/f1/2020/3/pitstops.json?limit=1000,7159a3a7709c54fb411bf21f6da722b737aa2313eccaaa1cc3ad75dc82cd36bb
2020,Hungarian Grand Prix,Race,35,hamilton,HAM,MATCHED_DRIVER_ID,37,2,16:04:39,22.264,,,2020-07-19,DURATION_AND_TIME_OF_DAY_ONLY,https://api.jolpi.ca/ergast/f1/2020/3/pitstops.json?limit=1000,7159a3a7709c54fb411bf21f6da722b737aa2313eccaaa1cc3ad75dc82cd36bb
2020,Hungarian Grand Prix,Race,36,sainz,SAI,MATCHED_DRIVER_ID,40,2,16:10:06,22.438,,,2020-07-19,DURATION_AND_TIME_OF_DAY_ONLY,https://api.jolpi.ca/ergast/f1/2020/3/pitstops.json?limit=1000,7159a3a7709c54fb411bf21f6da722b737aa2313eccaaa1cc3ad75dc82cd36bb
2020,Hungarian Grand Prix,Race,37,giovinazzi,GIO,MATCHED_DRIVER_ID,40,3,16:11:01,21.831,,,2020-07-19,DURATION_AND_TIME_OF_DAY_ONLY,https://api.jolpi.ca/ergast/f1/2020/3/pitstops.json?limit=1000,7159a3a7709c54fb411bf21f6da722b737aa2313eccaaa1cc3ad75dc82cd36bb
2020,Hungarian Grand Prix,Race,38,latifi,LAT,MATCHED_DRIVER_ID,39,4,16:12:52,21.802,,,2020-07-19,DURATION_AND_TIME_OF_DAY_ONLY,https://api.jolpi.ca/ergast/f1/2020/3/pitstops.json?limit=1000,7159a3a7709c54fb411bf21f6da722b737aa2313eccaaa1cc3ad75dc82cd36bb
2020,Hungarian Grand Prix,Race,39,ricciardo,RIC,MATCHED_DRIVER_ID,43,2,16:14:04,22.073,,,2020-07-19,DURATION_AND_TIME_OF_DAY_ONLY,https://api.jolpi.ca/ergast/f1/2020/3/pitstops.json?limit=1000,7159a3a7709c54fb411bf21f6da722b737aa2313eccaaa1cc3ad75dc82cd36bb
2020,Hungarian Grand Prix,Race,40,bottas,BOT,MATCHED_DRIVER_ID,49,3,16:21:27,21.572,,,2020-07-19,DURATION_AND_TIME_OF_DAY_ONLY,https://api.jolpi.ca/ergast/f1/2020/3/pitstops.json?limit=1000,7159a3a7709c54fb411bf21f6da722b737aa2313eccaaa1cc3ad75dc82cd36bb
2020,Hungarian Grand Prix,Race,41,russell,RUS,MATCHED_DRIVER_ID,50,3,16:24:28,22.048,,,2020-07-19,DURATION_AND_TIME_OF_DAY_ONLY,https://api.jolpi.ca/ergast/f1/2020/3/pitstops.json?limit=1000,7159a3a7709c54fb411bf21f6da722b737aa2313eccaaa1cc3ad75dc82cd36bb
2020,Hungarian Grand Prix,Race,42,stroll,STR,MATCHED_DRIVER_ID,52,3,16:25:54,22.057,,,2020-07-19,DURATION_AND_TIME_OF_DAY_ONLY,https://api.jolpi.ca/ergast/f1/2020/3/pitstops.json?limit=1000,7159a3a7709c54fb411bf21f6da722b737aa2313eccaaa1cc3ad75dc82cd36bb
2020,Hungarian Grand Prix,Race,43,latifi,LAT,MATCHED_DRIVER_ID,52,5,16:31:33,25.767,,,2020-07-19,DURATION_AND_TIME_OF_DAY_ONLY,https://api.jolpi.ca/ergast/f1/2020/3/pitstops.json?limit=1000,7159a3a7709c54fb411bf21f6da722b737aa2313eccaaa1cc3ad75dc82cd36bb
2020,Hungarian Grand Prix,Race,44,hamilton,HAM,MATCHED_DRIVER_ID,66,3,16:43:33,22.426,,,2020-07-19,DURATION_AND_TIME_OF_DAY_ONLY,https://api.jolpi.ca/ergast/f1/2020/3/pitstops.json?limit=1000,7159a3a7709c54fb411bf21f6da722b737aa2313eccaaa1cc3ad75dc82cd36bb
2020,Italian Grand Prix,Race,0,kevin_magnussen,MAG,MATCHED_DRIVER_ID,1,1,15:15:04,40.078,,,2020-09-06,DURATION_AND_TIME_OF_DAY_ONLY,https://api.jolpi.ca/ergast/f1/2020/8/pitstops.json?limit=1000,d2e162437599d0023cca40f5e887286d1625dc08ba272e797f455706a179a1ee
2020,Italian Grand Prix,Race,1,latifi,LAT,MATCHED_DRIVER_ID,16,1,15:36:53,26.335,,,2020-09-06,DURATION_AND_TIME_OF_DAY_ONLY,https://api.jolpi.ca/ergast/f1/2020/8/pitstops.json?limit=1000,d2e162437599d0023cca40f5e887286d1625dc08ba272e797f455706a179a1ee
2020,Italian Grand Prix,Race,2,leclerc,LEC,MATCHED_DRIVER_ID,17,1,15:38:12,24.344,,,2020-09-06,DURATION_AND_TIME_OF_DAY_ONLY,https://api.jolpi.ca/ergast/f1/2020/8/pitstops.json?limit=1000,d2e162437599d0023cca40f5e887286d1625dc08ba272e797f455706a179a1ee
2020,Italian Grand Prix,Race,3,raikkonen,RAI,MATCHED_DRIVER_ID,18,1,15:39:31,24.454,,,2020-09-06,DURATION_AND_TIME_OF_DAY_ONLY,https://api.jolpi.ca/ergast/f1/2020/8/pitstops.json?limit=1000,d2e162437599d0023cca40f5e887286d1625dc08ba272e797f455706a179a1ee
2020,Italian Grand Prix,Race,4,gasly,GAS,MATCHED_DRIVER_ID,19,1,15:40:55,24.096,,,2020-09-06,DURATION_AND_TIME_OF_DAY_ONLY,https://api.jolpi.ca/ergast/f1/2020/8/pitstops.json?limit=1000,d2e162437599d0023cca40f5e887286d1625dc08ba272e797f455706a179a1ee
2020,Italian Grand Prix,Race,5,hamilton,HAM,MATCHED_DRIVER_ID,20,1,15:41:58,24.671,,,2020-09-06,DURATION_AND_TIME_OF_DAY_ONLY,https://api.jolpi.ca/ergast/f1/2020/8/pitstops.json?limit=1000,d2e162437599d0023cca40f5e887286d1625dc08ba272e797f455706a179a1ee
2020,Italian Grand Prix,Race,6,giovinazzi,GIO,MATCHED_DRIVER_ID,20,1,15:42:53,23.998,,,2020-09-06,DURATION_AND_TIME_OF_DAY_ONLY,https://api.jolpi.ca/ergast/f1/2020/8/pitstops.json?limit=1000,d2e162437599d0023cca40f5e887286d1625dc08ba272e797f455706a179a1ee
2020,Italian Grand Prix,Race,7,sainz,SAI,MATCHED_DRIVER_ID,22,1,15:46:40,24.398,,,2020-09-06,DURATION_AND_TIME_OF_DAY_ONLY,https://api.jolpi.ca/ergast/f1/2020/8/pitstops.json?limit=1000,d2e162437599d0023cca40f5e887286d1625dc08ba272e797f455706a179a1ee
2020,Italian Grand Prix,Race,8,norris,NOR,MATCHED_DRIVER_ID,22,1,15:46:47,24.612,,,2020-09-06,DURATION_AND_TIME_OF_DAY_ONLY,https://api.jolpi.ca/ergast/f1/2020/8/pitstops.json?limit=1000,d2e162437599d0023cca40f5e887286d1625dc08ba272e797f455706a179a1ee
2020,Italian Grand Prix,Race,9,ricciardo,RIC,MATCHED_DRIVER_ID,22,1,15:46:48,25.498,,,2020-09-06,DURATION_AND_TIME_OF_DAY_ONLY,https://api.jolpi.ca/ergast/f1/2020/8/pitstops.json?limit=1000,d2e162437599d0023cca40f5e887286d1625dc08ba272e797f455706a179a1ee
2020,Italian Grand Prix,Race,10,perez,PER,MATCHED_DRIVER_ID,22,1,15:46:48,26.693,,,2020-09-06,DURATION_AND_TIME_OF_DAY_ONLY,https://api.jolpi.ca/ergast/f1/2020/8/pitstops.json?limit=1000,d2e162437599d0023cca40f5e887286d1625dc08ba272e797f455706a179a1ee
2020,Italian Grand Prix,Race,11,bottas,BOT,MATCHED_DRIVER_ID,22,1,15:46:49,24.41,,,2020-09-06,DURATION_AND_TIME_OF_DAY_ONLY,https://api.jolpi.ca/ergast/f1/2020/8/pitstops.json?limit=1000,d2e162437599d0023cca40f5e887286d1625dc08ba272e797f455706a179a1ee
2020,Italian Grand Prix,Race,12,max_verstappen,VER,MATCHED_DRIVER_ID,22,1,15:46:50,26.149,,,2020-09-06,DURATION_AND_TIME_OF_DAY_ONLY,https://api.jolpi.ca/ergast/f1/2020/8/pitstops.json?limit=1000,d2e162437599d0023cca40f5e887286d1625dc08ba272e797f455706a179a1ee
2020,Italian Grand Prix,Race,13,ocon,OCO,MATCHED_DRIVER_ID,22,1,15:46:55,25.29,,,2020-09-06,DURATION_AND_TIME_OF_DAY_ONLY,https://api.jolpi.ca/ergast/f1/2020/8/pitstops.json?limit=1000,d2e162437599d0023cca40f5e887286d1625dc08ba272e797f455706a179a1ee
2020,Italian Grand Prix,Race,14,kvyat,KVY,MATCHED_DRIVER_ID,22,1,15:46:56,25.92,,,2020-09-06,DURATION_AND_TIME_OF_DAY_ONLY,https://api.jolpi.ca/ergast/f1/2020/8/pitstops.json?limit=1000,d2e162437599d0023cca40f5e887286d1625dc08ba272e797f455706a179a1ee
2020,Italian Grand Prix,Race,15,albon,ALB,MATCHED_DRIVER_ID,22,1,15:46:56,29.661,,,2020-09-06,DURATION_AND_TIME_OF_DAY_ONLY,https://api.jolpi.ca/ergast/f1/2020/8/pitstops.json?limit=1000,d2e162437599d0023cca40f5e887286d1625dc08ba272e797f455706a179a1ee
2020,Italian Grand Prix,Race,16,grosjean,GRO,MATCHED_DRIVER_ID,22,1,15:46:57,25.936,,,2020-09-06,DURATION_AND_TIME_OF_DAY_ONLY,https://api.jolpi.ca/ergast/f1/2020/8/pitstops.json?limit=1000,d2e162437599d0023cca40f5e887286d1625dc08ba272e797f455706a179a1ee
2020,Italian Grand Prix,Race,17,russell,RUS,MATCHED_DRIVER_ID,22,1,15:46:57,25.249,,,2020-09-06,DURATION_AND_TIME_OF_DAY_ONLY,https://api.jolpi.ca/ergast/f1/2020/8/pitstops.json?limit=1000,d2e162437599d0023cca40f5e887286d1625dc08ba272e797f455706a179a1ee
2020,Italian Grand Prix,Race,18,hamilton,HAM,MATCHED_DRIVER_ID,26,2,15:54:50,,,,2020-09-06,DURATION_AND_TIME_OF_DAY_ONLY,https://api.jolpi.ca/ergast/f1/2020/8/pitstops.json?limit=1000,d2e162437599d0023cca40f5e887286d1625dc08ba272e797f455706a179a1ee
2020,Italian Grand Prix,Race,19,stroll,STR,MATCHED_DRIVER_ID,26,1,15:54:52,,,,2020-09-06,DURATION_AND_TIME_OF_DAY_ONLY,https://api.jolpi.ca/ergast/f1/2020/8/pitstops.json?limit=1000,d2e162437599d0023cca40f5e887286d1625dc08ba272e797f455706a179a1ee
2020,Italian Grand Prix,Race,20,gasly,GAS,MATCHED_DRIVER_ID,26,2,15:54:53,,,,2020-09-06,DURATION_AND_TIME_OF_DAY_ONLY,https://api.jolpi.ca/ergast/f1/2020/8/pitstops.json?limit=1000,d2e162437599d0023cca40f5e887286d1625dc08ba272e797f455706a179a1ee
2020,Italian Grand Prix,Race,21,raikkonen,RAI,MATCHED_DRIVER_ID,26,2,15:54:55,,,,2020-09-06,DURATION_AND_TIME_OF_DAY_ONLY,https://api.jolpi.ca/ergast/f1/2020/8/pitstops.json?limit=1000,d2e162437599d0023cca40f5e887286d1625dc08ba272e797f455706a179a1ee
2020,Italian Grand Prix,Race,22,giovinazzi,GIO,MATCHED_DRIVER_ID,26,2,15:54:57,,,,2020-09-06,DURATION_AND_TIME_OF_DAY_ONLY,https://api.jolpi.ca/ergast/f1/2020/8/pitstops.json?limit=1000,d2e162437599d0023cca40f5e887286d1625dc08ba272e797f455706a179a1ee
2020,Italian Grand Prix,Race,23,sainz,SAI,MATCHED_DRIVER_ID,26,2,15:54:58,,,,2020-09-06,DURATION_AND_TIME_OF_DAY_ONLY,https://api.jolpi.ca/ergast/f1/2020/8/pitstops.json?limit=1000,d2e162437599d0023cca40f5e887286d1625dc08ba272e797f455706a179a1ee
2020,Italian Grand Prix,Race,24,norris,NOR,MATCHED_DRIVER_ID,26,2,15:55:02,,,,2020-09-06,DURATION_AND_TIME_OF_DAY_ONLY,https://api.jolpi.ca/ergast/f1/2020/8/pitstops.json?limit=1000,d2e162437599d0023cca40f5e887286d1625dc08ba272e797f455706a179a1ee
2020,Italian Grand Prix,Race,25,bottas,BOT,MATCHED_DRIVER_ID,26,2,15:55:03,,,,2020-09-06,DURATION_AND_TIME_OF_DAY_ONLY,https://api.jolpi.ca/ergast/f1/2020/8/pitstops.json?limit=1000,d2e162437599d0023cca40f5e887286d1625dc08ba272e797f455706a179a1ee
2020,Italian Grand Prix,Race,26,latifi,LAT,MATCHED_DRIVER_ID,26,2,15:55:05,,,,2020-09-06,DURATION_AND_TIME_OF_DAY_ONLY,https://api.jolpi.ca/ergast/f1/2020/8/pitstops.json?limit=1000,d2e162437599d0023cca40f5e887286d1625dc08ba272e797f455706a179a1ee
2020,Italian Grand Prix,Race,27,ricciardo,RIC,MATCHED_DRIVER_ID,26,2,15:55:06,,,,2020-09-06,DURATION_AND_TIME_OF_DAY_ONLY,https://api.jolpi.ca/ergast/f1/2020/8/pitstops.json?limit=1000,d2e162437599d0023cca40f5e887286d1625dc08ba272e797f455706a179a1ee
2020,Italian Grand Prix,Race,28,max_verstappen,VER,MATCHED_DRIVER_ID,26,2,15:55:08,,,,2020-09-06,DURATION_AND_TIME_OF_DAY_ONLY,https://api.jolpi.ca/ergast/f1/2020/8/pitstops.json?limit=1000,d2e162437599d0023cca40f5e887286d1625dc08ba272e797f455706a179a1ee
2020,Italian Grand Prix,Race,29,ocon,OCO,MATCHED_DRIVER_ID,26,2,15:55:10,,,,2020-09-06,DURATION_AND_TIME_OF_DAY_ONLY,https://api.jolpi.ca/ergast/f1/2020/8/pitstops.json?limit=1000,d2e162437599d0023cca40f5e887286d1625dc08ba272e797f455706a179a1ee
2020,Italian Grand Prix,Race,30,kvyat,KVY,MATCHED_DRIVER_ID,26,2,15:55:12,,,,2020-09-06,DURATION_AND_TIME_OF_DAY_ONLY,https://api.jolpi.ca/ergast/f1/2020/8/pitstops.json?limit=1000,d2e162437599d0023cca40f5e887286d1625dc08ba272e797f455706a179a1ee
2020,Italian Grand Prix,Race,31,perez,PER,MATCHED_DRIVER_ID,26,2,15:55:14,,,,2020-09-06,DURATION_AND_TIME_OF_DAY_ONLY,https://api.jolpi.ca/ergast/f1/2020/8/pitstops.json?limit=1000,d2e162437599d0023cca40f5e887286d1625dc08ba272e797f455706a179a1ee
2020,Italian Grand Prix,Race,32,russell,RUS,MATCHED_DRIVER_ID,26,2,15:55:17,,,,2020-09-06,DURATION_AND_TIME_OF_DAY_ONLY,https://api.jolpi.ca/ergast/f1/2020/8/pitstops.json?limit=1000,d2e162437599d0023cca40f5e887286d1625dc08ba272e797f455706a179a1ee
2020,Italian Grand Prix,Race,33,albon,ALB,MATCHED_DRIVER_ID,26,2,15:55:18,,,,2020-09-06,DURATION_AND_TIME_OF_DAY_ONLY,https://api.jolpi.ca/ergast/f1/2020/8/pitstops.json?limit=1000,d2e162437599d0023cca40f5e887286d1625dc08ba272e797f455706a179a1ee
2020,Italian Grand Prix,Race,34,grosjean,GRO,MATCHED_DRIVER_ID,26,2,15:55:20,,,,2020-09-06,DURATION_AND_TIME_OF_DAY_ONLY,https://api.jolpi.ca/ergast/f1/2020/8/pitstops.json?limit=1000,d2e162437599d0023cca40f5e887286d1625dc08ba272e797f455706a179a1ee
2020,Italian Grand Prix,Race,35,hamilton,HAM,MATCHED_DRIVER_ID,28,3,16:25:20,31.643,,,2020-09-06,DURATION_AND_TIME_OF_DAY_ONLY,https://api.jolpi.ca/ergast/f1/2020/8/pitstops.json?limit=1000,d2e162437599d0023cca40f5e887286d1625dc08ba272e797f455706a179a1ee
2020,Italian Grand Prix,Race,36,giovinazzi,GIO,MATCHED_DRIVER_ID,30,3,16:28:15,31.48,,,2020-09-06,DURATION_AND_TIME_OF_DAY_ONLY,https://api.jolpi.ca/ergast/f1/2020/8/pitstops.json?limit=1000,d2e162437599d0023cca40f5e887286d1625dc08ba272e797f455706a179a1ee
2020,Portuguese Grand Prix,Race,0,perez,PER,MATCHED_DRIVER_ID,1,1,13:14:54,26.177,,,2020-10-25,DURATION_AND_TIME_OF_DAY_ONLY,https://api.jolpi.ca/ergast/f1/2020/12/pitstops.json?limit=1000,fafd5d814db03da0a8b79ec2c388b97d92f5ff5cb3d905a8a872bf783d11c602
2020,Portuguese Grand Prix,Race,1,raikkonen,RAI,MATCHED_DRIVER_ID,11,1,13:28:58,29.061,,,2020-10-25,DURATION_AND_TIME_OF_DAY_ONLY,https://api.jolpi.ca/ergast/f1/2020/12/pitstops.json?limit=1000,fafd5d814db03da0a8b79ec2c388b97d92f5ff5cb3d905a8a872bf783d11c602
2020,Portuguese Grand Prix,Race,2,ricciardo,RIC,MATCHED_DRIVER_ID,14,1,13:33:08,26.999,,,2020-10-25,DURATION_AND_TIME_OF_DAY_ONLY,https://api.jolpi.ca/ergast/f1/2020/12/pitstops.json?limit=1000,fafd5d814db03da0a8b79ec2c388b97d92f5ff5cb3d905a8a872bf783d11c602
2020,Portuguese Grand Prix,Race,3,norris,NOR,MATCHED_DRIVER_ID,18,1,13:38:42,34.807,,,2020-10-25,DURATION_AND_TIME_OF_DAY_ONLY,https://api.jolpi.ca/ergast/f1/2020/12/pitstops.json?limit=1000,fafd5d814db03da0a8b79ec2c388b97d92f5ff5cb3d905a8a872bf783d11c602
2020,Portuguese Grand Prix,Race,4,stroll,STR,MATCHED_DRIVER_ID,18,1,13:38:52,36.314,,,2020-10-25,DURATION_AND_TIME_OF_DAY_ONLY,https://api.jolpi.ca/ergast/f1/2020/12/pitstops.json?limit=1000,fafd5d814db03da0a8b79ec2c388b97d92f5ff5cb3d905a8a872bf783d11c602
2020,Portuguese Grand Prix,Race,5,albon,ALB,MATCHED_DRIVER_ID,19,1,13:40:09,26.287,,,2020-10-25,DURATION_AND_TIME_OF_DAY_ONLY,https://api.jolpi.ca/ergast/f1/2020/12/pitstops.json?limit=1000,fafd5d814db03da0a8b79ec2c388b97d92f5ff5cb3d905a8a872bf783d11c602
2020,Portuguese Grand Prix,Race,6,max_verstappen,VER,MATCHED_DRIVER_ID,23,1,13:45:13,26.394,,,2020-10-25,DURATION_AND_TIME_OF_DAY_ONLY,https://api.jolpi.ca/ergast/f1/2020/12/pitstops.json?limit=1000,fafd5d814db03da0a8b79ec2c388b97d92f5ff5cb3d905a8a872bf783d11c602
2020,Portuguese Grand Prix,Race,7,latifi,LAT,MATCHED_DRIVER_ID,24,1,13:47:22,26.739,,,2020-10-25,DURATION_AND_TIME_OF_DAY_ONLY,https://api.jolpi.ca/ergast/f1/2020/12/pitstops.json?limit=1000,fafd5d814db03da0a8b79ec2c388b97d92f5ff5cb3d905a8a872bf783d11c602
2020,Portuguese Grand Prix,Race,8,kvyat,KVY,MATCHED_DRIVER_ID,25,1,13:48:37,27.211,,,2020-10-25,DURATION_AND_TIME_OF_DAY_ONLY,https://api.jolpi.ca/ergast/f1/2020/12/pitstops.json?limit=1000,fafd5d814db03da0a8b79ec2c388b97d92f5ff5cb3d905a8a872bf783d11c602
2020,Portuguese Grand Prix,Race,9,sainz,SAI,MATCHED_DRIVER_ID,26,1,13:49:45,27.299,,,2020-10-25,DURATION_AND_TIME_OF_DAY_ONLY,https://api.jolpi.ca/ergast/f1/2020/12/pitstops.json?limit=1000,fafd5d814db03da0a8b79ec2c388b97d92f5ff5cb3d905a8a872bf783d11c602
2020,Portuguese Grand Prix,Race,10,grosjean,GRO,MATCHED_DRIVER_ID,26,1,13:50:03,26.985,,,2020-10-25,DURATION_AND_TIME_OF_DAY_ONLY,https://api.jolpi.ca/ergast/f1/2020/12/pitstops.json?limit=1000,fafd5d814db03da0a8b79ec2c388b97d92f5ff5cb3d905a8a872bf783d11c602
2020,Portuguese Grand Prix,Race,11,vettel,VET,MATCHED_DRIVER_ID,27,1,13:51:14,26.666,,,2020-10-25,DURATION_AND_TIME_OF_DAY_ONLY,https://api.jolpi.ca/ergast/f1/2020/12/pitstops.json?limit=1000,fafd5d814db03da0a8b79ec2c388b97d92f5ff5cb3d905a8a872bf783d11c602
2020,Portuguese Grand Prix,Race,12,gasly,GAS,MATCHED_DRIVER_ID,28,1,13:52:25,27.204,,,2020-10-25,DURATION_AND_TIME_OF_DAY_ONLY,https://api.jolpi.ca/ergast/f1/2020/12/pitstops.json?limit=1000,fafd5d814db03da0a8b79ec2c388b97d92f5ff5cb3d905a8a872bf783d11c602
2020,Portuguese Grand Prix,Race,13,giovinazzi,GIO,MATCHED_DRIVER_ID,28,1,13:52:49,26.473,,,2020-10-25,DURATION_AND_TIME_OF_DAY_ONLY,https://api.jolpi.ca/ergast/f1/2020/12/pitstops.json?limit=1000,fafd5d814db03da0a8b79ec2c388b97d92f5ff5cb3d905a8a872bf783d11c602
2020,Portuguese Grand Prix,Race,14,kevin_magnussen,MAG,MATCHED_DRIVER_ID,31,1,13:57:08,27.3,,,2020-10-25,DURATION_AND_TIME_OF_DAY_ONLY,https://api.jolpi.ca/ergast/f1/2020/12/pitstops.json?limit=1000,fafd5d814db03da0a8b79ec2c388b97d92f5ff5cb3d905a8a872bf783d11c602
2020,Portuguese Grand Prix,Race,15,leclerc,LEC,MATCHED_DRIVER_ID,34,1,14:00:19,26.94,,,2020-10-25,DURATION_AND_TIME_OF_DAY_ONLY,https://api.jolpi.ca/ergast/f1/2020/12/pitstops.json?limit=1000,fafd5d814db03da0a8b79ec2c388b97d92f5ff5cb3d905a8a872bf783d11c602
2020,Portuguese Grand Prix,Race,16,stroll,STR,MATCHED_DRIVER_ID,34,2,14:01:48,37.483,,,2020-10-25,DURATION_AND_TIME_OF_DAY_ONLY,https://api.jolpi.ca/ergast/f1/2020/12/pitstops.json?limit=1000,fafd5d814db03da0a8b79ec2c388b97d92f5ff5cb3d905a8a872bf783d11c602
2020,Portuguese Grand Prix,Race,17,russell,RUS,MATCHED_DRIVER_ID,36,1,14:03:48,32.991,,,2020-10-25,DURATION_AND_TIME_OF_DAY_ONLY,https://api.jolpi.ca/ergast/f1/2020/12/pitstops.json?limit=1000,fafd5d814db03da0a8b79ec2c388b97d92f5ff5cb3d905a8a872bf783d11c602
2020,Portuguese Grand Prix,Race,18,hamilton,HAM,MATCHED_DRIVER_ID,40,1,14:07:56,27.162,,,2020-10-25,DURATION_AND_TIME_OF_DAY_ONLY,https://api.jolpi.ca/ergast/f1/2020/12/pitstops.json?limit=1000,fafd5d814db03da0a8b79ec2c388b97d92f5ff5cb3d905a8a872bf783d11c602
2020,Portuguese Grand Prix,Race,19,bottas,BOT,MATCHED_DRIVER_ID,41,1,14:09:27,26.512,,,2020-10-25,DURATION_AND_TIME_OF_DAY_ONLY,https://api.jolpi.ca/ergast/f1/2020/12/pitstops.json?limit=1000,fafd5d814db03da0a8b79ec2c388b97d92f5ff5cb3d905a8a872bf783d11c602
2020,Portuguese Grand Prix,Race,20,norris,NOR,MATCHED_DRIVER_ID,43,2,14:13:48,27.75,,,2020-10-25,DURATION_AND_TIME_OF_DAY_ONLY,https://api.jolpi.ca/ergast/f1/2020/12/pitstops.json?limit=1000,fafd5d814db03da0a8b79ec2c388b97d92f5ff5cb3d905a8a872bf783d11c602
2020,Portuguese Grand Prix,Race,21,perez,PER,MATCHED_DRIVER_ID,45,2,14:15:49,26.635,,,2020-10-25,DURATION_AND_TIME_OF_DAY_ONLY,https://api.jolpi.ca/ergast/f1/2020/12/pitstops.json?limit=1000,fafd5d814db03da0a8b79ec2c388b97d92f5ff5cb3d905a8a872bf783d11c602
2020,Portuguese Grand Prix,Race,22,albon,ALB,MATCHED_DRIVER_ID,46,2,14:17:42,25.882,,,2020-10-25,DURATION_AND_TIME_OF_DAY_ONLY,https://api.jolpi.ca/ergast/f1/2020/12/pitstops.json?limit=1000,fafd5d814db03da0a8b79ec2c388b97d92f5ff5cb3d905a8a872bf783d11c602
2020,Portuguese Grand Prix,Race,23,ocon,OCO,MATCHED_DRIVER_ID,53,1,14:26:47,28.535,,,2020-10-25,DURATION_AND_TIME_OF_DAY_ONLY,https://api.jolpi.ca/ergast/f1/2020/12/pitstops.json?limit=1000,fafd5d814db03da0a8b79ec2c388b97d92f5ff5cb3d905a8a872bf783d11c602
2020,Portuguese Grand Prix,Race,24,kvyat,KVY,MATCHED_DRIVER_ID,55,2,14:30:36,32.943,,,2020-10-25,DURATION_AND_TIME_OF_DAY_ONLY,https://api.jolpi.ca/ergast/f1/2020/12/pitstops.json?limit=1000,fafd5d814db03da0a8b79ec2c388b97d92f5ff5cb3d905a8a872bf783d11c602
2020,Russian Grand Prix,Race,0,russell,RUS,MATCHED_DRIVER_ID,1,1,14:15:56,30.165,,,2020-09-27,DURATION_AND_TIME_OF_DAY_ONLY,https://api.jolpi.ca/ergast/f1/2020/10/pitstops.json?limit=1000,f37f5ec038ac5304a4989c8ffbd96cffc7df389a942bb1c49f7f4724ce58dc03
2020,Russian Grand Prix,Race,1,albon,ALB,MATCHED_DRIVER_ID,1,1,14:16:00,30.211,,,2020-09-27,DURATION_AND_TIME_OF_DAY_ONLY,https://api.jolpi.ca/ergast/f1/2020/10/pitstops.json?limit=1000,f37f5ec038ac5304a4989c8ffbd96cffc7df389a942bb1c49f7f4724ce58dc03
2020,Russian Grand Prix,Race,2,norris,NOR,MATCHED_DRIVER_ID,1,1,14:16:01,37.108,,,2020-09-27,DURATION_AND_TIME_OF_DAY_ONLY,https://api.jolpi.ca/ergast/f1/2020/10/pitstops.json?limit=1000,f37f5ec038ac5304a4989c8ffbd96cffc7df389a942bb1c49f7f4724ce58dc03
2020,Russian Grand Prix,Race,3,russell,RUS,MATCHED_DRIVER_ID,14,2,14:43:16,29.433,,,2020-09-27,DURATION_AND_TIME_OF_DAY_ONLY,https://api.jolpi.ca/ergast/f1/2020/10/pitstops.json?limit=1000,f37f5ec038ac5304a4989c8ffbd96cffc7df389a942bb1c49f7f4724ce58dc03
2020,Russian Grand Prix,Race,4,ricciardo,RIC,MATCHED_DRIVER_ID,15,1,14:44:24,30.112,,,2020-09-27,DURATION_AND_TIME_OF_DAY_ONLY,https://api.jolpi.ca/ergast/f1/2020/10/pitstops.json?limit=1000,f37f5ec038ac5304a4989c8ffbd96cffc7df389a942bb1c49f7f4724ce58dc03
2020,Russian Grand Prix,Race,5,hamilton,HAM,MATCHED_DRIVER_ID,16,1,14:45:50,41.352,,,2020-09-27,DURATION_AND_TIME_OF_DAY_ONLY,https://api.jolpi.ca/ergast/f1/2020/10/pitstops.json?limit=1000,f37f5ec038ac5304a4989c8ffbd96cffc7df389a942bb1c49f7f4724ce58dc03
2020,Russian Grand Prix,Race,6,giovinazzi,GIO,MATCHED_DRIVER_ID,16,1,14:46:23,29.767,,,2020-09-27,DURATION_AND_TIME_OF_DAY_ONLY,https://api.jolpi.ca/ergast/f1/2020/10/pitstops.json?limit=1000,f37f5ec038ac5304a4989c8ffbd96cffc7df389a942bb1c49f7f4724ce58dc03
2020,Russian Grand Prix,Race,7,grosjean,GRO,MATCHED_DRIVER_ID,17,1,14:48:03,30.054,,,2020-09-27,DURATION_AND_TIME_OF_DAY_ONLY,https://api.jolpi.ca/ergast/f1/2020/10/pitstops.json?limit=1000,f37f5ec038ac5304a4989c8ffbd96cffc7df389a942bb1c49f7f4724ce58dc03
2020,Russian Grand Prix,Race,8,latifi,LAT,MATCHED_DRIVER_ID,17,1,14:48:20,29.862,,,2020-09-27,DURATION_AND_TIME_OF_DAY_ONLY,https://api.jolpi.ca/ergast/f1/2020/10/pitstops.json?limit=1000,f37f5ec038ac5304a4989c8ffbd96cffc7df389a942bb1c49f7f4724ce58dc03
2020,Russian Grand Prix,Race,9,ocon,OCO,MATCHED_DRIVER_ID,18,1,14:49:24,30.068,,,2020-09-27,DURATION_AND_TIME_OF_DAY_ONLY,https://api.jolpi.ca/ergast/f1/2020/10/pitstops.json?limit=1000,f37f5ec038ac5304a4989c8ffbd96cffc7df389a942bb1c49f7f4724ce58dc03
2020,Russian Grand Prix,Race,10,gasly,GAS,MATCHED_DRIVER_ID,18,1,14:49:32,29.77,,,2020-09-27,DURATION_AND_TIME_OF_DAY_ONLY,https://api.jolpi.ca/ergast/f1/2020/10/pitstops.json?limit=1000,f37f5ec038ac5304a4989c8ffbd96cffc7df389a942bb1c49f7f4724ce58dc03
2020,Russian Grand Prix,Race,11,kevin_magnussen,MAG,MATCHED_DRIVER_ID,19,1,14:51:23,30.188,,,2020-09-27,DURATION_AND_TIME_OF_DAY_ONLY,https://api.jolpi.ca/ergast/f1/2020/10/pitstops.json?limit=1000,f37f5ec038ac5304a4989c8ffbd96cffc7df389a942bb1c49f7f4724ce58dc03
2020,Russian Grand Prix,Race,12,perez,PER,MATCHED_DRIVER_ID,20,1,14:52:46,29.602,,,2020-09-27,DURATION_AND_TIME_OF_DAY_ONLY,https://api.jolpi.ca/ergast/f1/2020/10/pitstops.json?limit=1000,f37f5ec038ac5304a4989c8ffbd96cffc7df389a942bb1c49f7f4724ce58dc03
2020,Russian Grand Prix,Race,13,max_verstappen,VER,MATCHED_DRIVER_ID,25,1,15:00:57,28.748,,,2020-09-27,DURATION_AND_TIME_OF_DAY_ONLY,https://api.jolpi.ca/ergast/f1/2020/10/pitstops.json?limit=1000,f37f5ec038ac5304a4989c8ffbd96cffc7df389a942bb1c49f7f4724ce58dc03
2020,Russian Grand Prix,Race,14,bottas,BOT,MATCHED_DRIVER_ID,26,1,15:02:26,29.75,,,2020-09-27,DURATION_AND_TIME_OF_DAY_ONLY,https://api.jolpi.ca/ergast/f1/2020/10/pitstops.json?limit=1000,f37f5ec038ac5304a4989c8ffbd96cffc7df389a942bb1c49f7f4724ce58dc03
2020,Russian Grand Prix,Race,15,albon,ALB,MATCHED_DRIVER_ID,27,2,15:05:10,30.111,,,2020-09-27,DURATION_AND_TIME_OF_DAY_ONLY,https://api.jolpi.ca/ergast/f1/2020/10/pitstops.json?limit=1000,f37f5ec038ac5304a4989c8ffbd96cffc7df389a942bb1c49f7f4724ce58dc03
2020,Russian Grand Prix,Race,16,leclerc,LEC,MATCHED_DRIVER_ID,28,1,15:06:20,30.261,,,2020-09-27,DURATION_AND_TIME_OF_DAY_ONLY,https://api.jolpi.ca/ergast/f1/2020/10/pitstops.json?limit=1000,f37f5ec038ac5304a4989c8ffbd96cffc7df389a942bb1c49f7f4724ce58dc03
2020,Russian Grand Prix,Race,17,kvyat,KVY,MATCHED_DRIVER_ID,30,1,15:09:46,29.662,,,2020-09-27,DURATION_AND_TIME_OF_DAY_ONLY,https://api.jolpi.ca/ergast/f1/2020/10/pitstops.json?limit=1000,f37f5ec038ac5304a4989c8ffbd96cffc7df389a942bb1c49f7f4724ce58dc03
2020,Russian Grand Prix,Race,18,vettel,VET,MATCHED_DRIVER_ID,30,1,15:10:13,29.395,,,2020-09-27,DURATION_AND_TIME_OF_DAY_ONLY,https://api.jolpi.ca/ergast/f1/2020/10/pitstops.json?limit=1000,f37f5ec038ac5304a4989c8ffbd96cffc7df389a942bb1c49f7f4724ce58dc03
2020,Russian Grand Prix,Race,19,raikkonen,RAI,MATCHED_DRIVER_ID,35,1,15:18:43,33.317,,,2020-09-27,DURATION_AND_TIME_OF_DAY_ONLY,https://api.jolpi.ca/ergast/f1/2020/10/pitstops.json?limit=1000,f37f5ec038ac5304a4989c8ffbd96cffc7df389a942bb1c49f7f4724ce58dc03
2020,Russian Grand Prix,Race,20,gasly,GAS,MATCHED_DRIVER_ID,42,2,15:30:21,29.409,,,2020-09-27,DURATION_AND_TIME_OF_DAY_ONLY,https://api.jolpi.ca/ergast/f1/2020/10/pitstops.json?limit=1000,f37f5ec038ac5304a4989c8ffbd96cffc7df389a942bb1c49f7f4724ce58dc03
2020,Russian Grand Prix,Race,21,grosjean,GRO,MATCHED_DRIVER_ID,42,2,15:31:06,29.988,,,2020-09-27,DURATION_AND_TIME_OF_DAY_ONLY,https://api.jolpi.ca/ergast/f1/2020/10/pitstops.json?limit=1000,f37f5ec038ac5304a4989c8ffbd96cffc7df389a942bb1c49f7f4724ce58dc03
2020,Russian Grand Prix,Race,22,norris,NOR,MATCHED_DRIVER_ID,47,2,15:39:13,31.368,,,2020-09-27,DURATION_AND_TIME_OF_DAY_ONLY,https://api.jolpi.ca/ergast/f1/2020/10/pitstops.json?limit=1000,f37f5ec038ac5304a4989c8ffbd96cffc7df389a942bb1c49f7f4724ce58dc03
2020,Russian Grand Prix,Race,23,russell,RUS,MATCHED_DRIVER_ID,50,3,15:45:09,29.675,,,2020-09-27,DURATION_AND_TIME_OF_DAY_ONLY,https://api.jolpi.ca/ergast/f1/2020/10/pitstops.json?limit=1000,f37f5ec038ac5304a4989c8ffbd96cffc7df389a942bb1c49f7f4724ce58dc03
2020,Sakhir Grand Prix,Race,0,perez,PER,MATCHED_DRIVER_ID,1,1,20:14:22,24.214,,,2020-12-06,DURATION_AND_TIME_OF_DAY_ONLY,https://api.jolpi.ca/ergast/f1/2020/16/pitstops.json?limit=1000,a796fea5451e318ef50aa35b7323044cce1e07c0b813887eaaefa03ce0d8c773
2020,Sakhir Grand Prix,Race,1,norris,NOR,MATCHED_DRIVER_ID,20,1,20:35:27,24.885,,,2020-12-06,DURATION_AND_TIME_OF_DAY_ONLY,https://api.jolpi.ca/ergast/f1/2020/16/pitstops.json?limit=1000,a796fea5451e318ef50aa35b7323044cce1e07c0b813887eaaefa03ce0d8c773
2020,Sakhir Grand Prix,Race,2,raikkonen,RAI,MATCHED_DRIVER_ID,23,1,20:38:44,28.518,,,2020-12-06,DURATION_AND_TIME_OF_DAY_ONLY,https://api.jolpi.ca/ergast/f1/2020/16/pitstops.json?limit=1000,a796fea5451e318ef50aa35b7323044cce1e07c0b813887eaaefa03ce0d8c773
2020,Sakhir Grand Prix,Race,3,giovinazzi,GIO,MATCHED_DRIVER_ID,26,1,20:41:34,24.81,,,2020-12-06,DURATION_AND_TIME_OF_DAY_ONLY,https://api.jolpi.ca/ergast/f1/2020/16/pitstops.json?limit=1000,a796fea5451e318ef50aa35b7323044cce1e07c0b813887eaaefa03ce0d8c773
2020,Sakhir Grand Prix,Race,4,kevin_magnussen,MAG,MATCHED_DRIVER_ID,26,1,20:41:37,25.474,,,2020-12-06,DURATION_AND_TIME_OF_DAY_ONLY,https://api.jolpi.ca/ergast/f1/2020/16/pitstops.json?limit=1000,a796fea5451e318ef50aa35b7323044cce1e07c0b813887eaaefa03ce0d8c773
2020,Sakhir Grand Prix,Race,5,kvyat,KVY,MATCHED_DRIVER_ID,27,1,20:42:12,24.101,,,2020-12-06,DURATION_AND_TIME_OF_DAY_ONLY,https://api.jolpi.ca/ergast/f1/2020/16/pitstops.json?limit=1000,a796fea5451e318ef50aa35b7323044cce1e07c0b813887eaaefa03ce0d8c773
2020,Sakhir Grand Prix,Race,6,latifi,LAT,MATCHED_DRIVER_ID,27,1,20:42:32,24.297,,,2020-12-06,DURATION_AND_TIME_OF_DAY_ONLY,https://api.jolpi.ca/ergast/f1/2020/16/pitstops.json?limit=1000,a796fea5451e318ef50aa35b7323044cce1e07c0b813887eaaefa03ce0d8c773
2020,Sakhir Grand Prix,Race,7,sainz,SAI,MATCHED_DRIVER_ID,28,1,20:43:07,24.162,,,2020-12-06,DURATION_AND_TIME_OF_DAY_ONLY,https://api.jolpi.ca/ergast/f1/2020/16/pitstops.json?limit=1000,a796fea5451e318ef50aa35b7323044cce1e07c0b813887eaaefa03ce0d8c773
2020,Sakhir Grand Prix,Race,8,gasly,GAS,MATCHED_DRIVER_ID,28,1,20:43:13,25.077,,,2020-12-06,DURATION_AND_TIME_OF_DAY_ONLY,https://api.jolpi.ca/ergast/f1/2020/16/pitstops.json?limit=1000,a796fea5451e318ef50aa35b7323044cce1e07c0b813887eaaefa03ce0d8c773
2020,Sakhir Grand Prix,Race,9,ricciardo,RIC,MATCHED_DRIVER_ID,29,1,20:44:08,24.474,,,2020-12-06,DURATION_AND_TIME_OF_DAY_ONLY,https://api.jolpi.ca/ergast/f1/2020/16/pitstops.json?limit=1000,a796fea5451e318ef50aa35b7323044cce1e07c0b813887eaaefa03ce0d8c773
2020,Sakhir Grand Prix,Race,10,vettel,VET,MATCHED_DRIVER_ID,31,1,20:46:25,26.216,,,2020-12-06,DURATION_AND_TIME_OF_DAY_ONLY,https://api.jolpi.ca/ergast/f1/2020/16/pitstops.json?limit=1000,a796fea5451e318ef50aa35b7323044cce1e07c0b813887eaaefa03ce0d8c773
2020,Sakhir Grand Prix,Race,11,aitken,AIT,MATCHED_DRIVER_ID,31,1,20:46:36,24.863,,,2020-12-06,DURATION_AND_TIME_OF_DAY_ONLY,https://api.jolpi.ca/ergast/f1/2020/16/pitstops.json?limit=1000,a796fea5451e318ef50aa35b7323044cce1e07c0b813887eaaefa03ce0d8c773
2020,Sakhir Grand Prix,Race,12,pietro_fittipaldi,FIT,MATCHED_DRIVER_ID,31,1,20:46:50,27.681,,,2020-12-06,DURATION_AND_TIME_OF_DAY_ONLY,https://api.jolpi.ca/ergast/f1/2020/16/pitstops.json?limit=1000,a796fea5451e318ef50aa35b7323044cce1e07c0b813887eaaefa03ce0d8c773
2020,Sakhir Grand Prix,Race,13,ocon,OCO,MATCHED_DRIVER_ID,41,1,20:55:57,24.414,,,2020-12-06,DURATION_AND_TIME_OF_DAY_ONLY,https://api.jolpi.ca/ergast/f1/2020/16/pitstops.json?limit=1000,a796fea5451e318ef50aa35b7323044cce1e07c0b813887eaaefa03ce0d8c773
2020,Sakhir Grand Prix,Race,14,stroll,STR,MATCHED_DRIVER_ID,42,1,20:56:54,24.684,,,2020-12-06,DURATION_AND_TIME_OF_DAY_ONLY,https://api.jolpi.ca/ergast/f1/2020/16/pitstops.json?limit=1000,a796fea5451e318ef50aa35b7323044cce1e07c0b813887eaaefa03ce0d8c773
2020,Sakhir Grand Prix,Race,15,russell,RUS,MATCHED_DRIVER_ID,45,1,20:59:22,24.708,,,2020-12-06,DURATION_AND_TIME_OF_DAY_ONLY,https://api.jolpi.ca/ergast/f1/2020/16/pitstops.json?limit=1000,a796fea5451e318ef50aa35b7323044cce1e07c0b813887eaaefa03ce0d8c773
2020,Sakhir Grand Prix,Race,16,perez,PER,MATCHED_DRIVER_ID,47,2,21:01:49,24.507,,,2020-12-06,DURATION_AND_TIME_OF_DAY_ONLY,https://api.jolpi.ca/ergast/f1/2020/16/pitstops.json?limit=1000,a796fea5451e318ef50aa35b7323044cce1e07c0b813887eaaefa03ce0d8c773
2020,Sakhir Grand Prix,Race,17,albon,ALB,MATCHED_DRIVER_ID,47,1,21:01:54,23.874,,,2020-12-06,DURATION_AND_TIME_OF_DAY_ONLY,https://api.jolpi.ca/ergast/f1/2020/16/pitstops.json?limit=1000,a796fea5451e318ef50aa35b7323044cce1e07c0b813887eaaefa03ce0d8c773
2020,Sakhir Grand Prix,Race,18,bottas,BOT,MATCHED_DRIVER_ID,49,1,21:03:18,24.552,,,2020-12-06,DURATION_AND_TIME_OF_DAY_ONLY,https://api.jolpi.ca/ergast/f1/2020/16/pitstops.json?limit=1000,a796fea5451e318ef50aa35b7323044cce1e07c0b813887eaaefa03ce0d8c773
2020,Sakhir Grand Prix,Race,19,gasly,GAS,MATCHED_DRIVER_ID,51,2,21:05:56,24.577,,,2020-12-06,DURATION_AND_TIME_OF_DAY_ONLY,https://api.jolpi.ca/ergast/f1/2020/16/pitstops.json?limit=1000,a796fea5451e318ef50aa35b7323044cce1e07c0b813887eaaefa03ce0d8c773
2020,Sakhir Grand Prix,Race,20,kvyat,KVY,MATCHED_DRIVER_ID,53,2,21:07:47,24.232,,,2020-12-06,DURATION_AND_TIME_OF_DAY_ONLY,https://api.jolpi.ca/ergast/f1/2020/16/pitstops.json?limit=1000,a796fea5451e318ef50aa35b7323044cce1e07c0b813887eaaefa03ce0d8c773
2020,Sakhir Grand Prix,Race,21,norris,NOR,MATCHED_DRIVER_ID,54,2,21:09:09,24.245,,,2020-12-06,DURATION_AND_TIME_OF_DAY_ONLY,https://api.jolpi.ca/ergast/f1/2020/16/pitstops.json?limit=1000,a796fea5451e318ef50aa35b7323044cce1e07c0b813887eaaefa03ce0d8c773
2020,Sakhir Grand Prix,Race,22,pietro_fittipaldi,FIT,MATCHED_DRIVER_ID,53,2,21:09:11,26.393,,,2020-12-06,DURATION_AND_TIME_OF_DAY_ONLY,https://api.jolpi.ca/ergast/f1/2020/16/pitstops.json?limit=1000,a796fea5451e318ef50aa35b7323044cce1e07c0b813887eaaefa03ce0d8c773
2020,Sakhir Grand Prix,Race,23,vettel,VET,MATCHED_DRIVER_ID,54,2,21:09:21,28.08,,,2020-12-06,DURATION_AND_TIME_OF_DAY_ONLY,https://api.jolpi.ca/ergast/f1/2020/16/pitstops.json?limit=1000,a796fea5451e318ef50aa35b7323044cce1e07c0b813887eaaefa03ce0d8c773
2020,Sakhir Grand Prix,Race,24,giovinazzi,GIO,MATCHED_DRIVER_ID,54,2,21:09:30,24.551,,,2020-12-06,DURATION_AND_TIME_OF_DAY_ONLY,https://api.jolpi.ca/ergast/f1/2020/16/pitstops.json?limit=1000,a796fea5451e318ef50aa35b7323044cce1e07c0b813887eaaefa03ce0d8c773
2020,Sakhir Grand Prix,Race,25,kevin_magnussen,MAG,MATCHED_DRIVER_ID,54,2,21:09:40,25.466,,,2020-12-06,DURATION_AND_TIME_OF_DAY_ONLY,https://api.jolpi.ca/ergast/f1/2020/16/pitstops.json?limit=1000,a796fea5451e318ef50aa35b7323044cce1e07c0b813887eaaefa03ce0d8c773
2020,Sakhir Grand Prix,Race,26,aitken,AIT,MATCHED_DRIVER_ID,54,2,21:09:43,25.688,,,2020-12-06,DURATION_AND_TIME_OF_DAY_ONLY,https://api.jolpi.ca/ergast/f1/2020/16/pitstops.json?limit=1000,a796fea5451e318ef50aa35b7323044cce1e07c0b813887eaaefa03ce0d8c773
2020,Sakhir Grand Prix,Race,27,raikkonen,RAI,MATCHED_DRIVER_ID,54,2,21:09:49,24.401,,,2020-12-06,DURATION_AND_TIME_OF_DAY_ONLY,https://api.jolpi.ca/ergast/f1/2020/16/pitstops.json?limit=1000,a796fea5451e318ef50aa35b7323044cce1e07c0b813887eaaefa03ce0d8c773
2020,Sakhir Grand Prix,Race,28,sainz,SAI,MATCHED_DRIVER_ID,55,2,21:09:54,24.853,,,2020-12-06,DURATION_AND_TIME_OF_DAY_ONLY,https://api.jolpi.ca/ergast/f1/2020/16/pitstops.json?limit=1000,a796fea5451e318ef50aa35b7323044cce1e07c0b813887eaaefa03ce0d8c773
2020,Sakhir Grand Prix,Race,29,ricciardo,RIC,MATCHED_DRIVER_ID,55,2,21:09:56,24.695,,,2020-12-06,DURATION_AND_TIME_OF_DAY_ONLY,https://api.jolpi.ca/ergast/f1/2020/16/pitstops.json?limit=1000,a796fea5451e318ef50aa35b7323044cce1e07c0b813887eaaefa03ce0d8c773
2020,Sakhir Grand Prix,Race,30,aitken,AIT,MATCHED_DRIVER_ID,59,3,21:15:05,40.028,,,2020-12-06,DURATION_AND_TIME_OF_DAY_ONLY,https://api.jolpi.ca/ergast/f1/2020/16/pitstops.json?limit=1000,a796fea5451e318ef50aa35b7323044cce1e07c0b813887eaaefa03ce0d8c773
2020,Sakhir Grand Prix,Race,31,russell,RUS,MATCHED_DRIVER_ID,62,2,21:16:30,28.765,,,2020-12-06,DURATION_AND_TIME_OF_DAY_ONLY,https://api.jolpi.ca/ergast/f1/2020/16/pitstops.json?limit=1000,a796fea5451e318ef50aa35b7323044cce1e07c0b813887eaaefa03ce0d8c773
2020,Sakhir Grand Prix,Race,32,bottas,BOT,MATCHED_DRIVER_ID,62,2,21:16:37,52.874,,,2020-12-06,DURATION_AND_TIME_OF_DAY_ONLY,https://api.jolpi.ca/ergast/f1/2020/16/pitstops.json?limit=1000,a796fea5451e318ef50aa35b7323044cce1e07c0b813887eaaefa03ce0d8c773
2020,Sakhir Grand Prix,Race,33,albon,ALB,MATCHED_DRIVER_ID,62,2,21:17:23,23.645,,,2020-12-06,DURATION_AND_TIME_OF_DAY_ONLY,https://api.jolpi.ca/ergast/f1/2020/16/pitstops.json?limit=1000,a796fea5451e318ef50aa35b7323044cce1e07c0b813887eaaefa03ce0d8c773
2020,Sakhir Grand Prix,Race,34,russell,RUS,MATCHED_DRIVER_ID,63,3,21:18:22,24.724,,,2020-12-06,DURATION_AND_TIME_OF_DAY_ONLY,https://api.jolpi.ca/ergast/f1/2020/16/pitstops.json?limit=1000,a796fea5451e318ef50aa35b7323044cce1e07c0b813887eaaefa03ce0d8c773
2020,Sakhir Grand Prix,Race,35,raikkonen,RAI,MATCHED_DRIVER_ID,62,3,21:18:42,24.686,,,2020-12-06,DURATION_AND_TIME_OF_DAY_ONLY,https://api.jolpi.ca/ergast/f1/2020/16/pitstops.json?limit=1000,a796fea5451e318ef50aa35b7323044cce1e07c0b813887eaaefa03ce0d8c773
2020,Sakhir Grand Prix,Race,36,vettel,VET,MATCHED_DRIVER_ID,63,3,21:19:11,24.809,,,2020-12-06,DURATION_AND_TIME_OF_DAY_ONLY,https://api.jolpi.ca/ergast/f1/2020/16/pitstops.json?limit=1000,a796fea5451e318ef50aa35b7323044cce1e07c0b813887eaaefa03ce0d8c773
2020,Sakhir Grand Prix,Race,37,pietro_fittipaldi,FIT,MATCHED_DRIVER_ID,63,3,21:20:20,25.78,,,2020-12-06,DURATION_AND_TIME_OF_DAY_ONLY,https://api.jolpi.ca/ergast/f1/2020/16/pitstops.json?limit=1000,a796fea5451e318ef50aa35b7323044cce1e07c0b813887eaaefa03ce0d8c773
2020,Sakhir Grand Prix,Race,38,russell,RUS,MATCHED_DRIVER_ID,78,4,21:35:26,24.235,,,2020-12-06,DURATION_AND_TIME_OF_DAY_ONLY,https://api.jolpi.ca/ergast/f1/2020/16/pitstops.json?limit=1000,a796fea5451e318ef50aa35b7323044cce1e07c0b813887eaaefa03ce0d8c773
2020,Spanish Grand Prix,Race,0,albon,ALB,MATCHED_DRIVER_ID,17,1,15:37:35,21.663,,,2020-08-16,DURATION_AND_TIME_OF_DAY_ONLY,https://api.jolpi.ca/ergast/f1/2020/6/pitstops.json?limit=1000,6e78890eee3837dfaa7097084294615b8189d61a240cb4f8c1eefc2810effe6b
2020,Spanish Grand Prix,Race,1,russell,RUS,MATCHED_DRIVER_ID,19,1,15:40:50,22.708,,,2020-08-16,DURATION_AND_TIME_OF_DAY_ONLY,https://api.jolpi.ca/ergast/f1/2020/6/pitstops.json?limit=1000,6e78890eee3837dfaa7097084294615b8189d61a240cb4f8c1eefc2810effe6b
2020,Spanish Grand Prix,Race,2,raikkonen,RAI,MATCHED_DRIVER_ID,20,1,15:42:15,22.314,,,2020-08-16,DURATION_AND_TIME_OF_DAY_ONLY,https://api.jolpi.ca/ergast/f1/2020/6/pitstops.json?limit=1000,6e78890eee3837dfaa7097084294615b8189d61a240cb4f8c1eefc2810effe6b
2020,Spanish Grand Prix,Race,3,max_verstappen,VER,MATCHED_DRIVER_ID,21,1,15:42:49,21.532,,,2020-08-16,DURATION_AND_TIME_OF_DAY_ONLY,https://api.jolpi.ca/ergast/f1/2020/6/pitstops.json?limit=1000,6e78890eee3837dfaa7097084294615b8189d61a240cb4f8c1eefc2810effe6b
2020,Spanish Grand Prix,Race,4,gasly,GAS,MATCHED_DRIVER_ID,21,1,15:43:20,22.241,,,2020-08-16,DURATION_AND_TIME_OF_DAY_ONLY,https://api.jolpi.ca/ergast/f1/2020/6/pitstops.json?limit=1000,6e78890eee3837dfaa7097084294615b8189d61a240cb4f8c1eefc2810effe6b
2020,Spanish Grand Prix,Race,5,norris,NOR,MATCHED_DRIVER_ID,21,1,15:43:22,22.099,,,2020-08-16,DURATION_AND_TIME_OF_DAY_ONLY,https://api.jolpi.ca/ergast/f1/2020/6/pitstops.json?limit=1000,6e78890eee3837dfaa7097084294615b8189d61a240cb4f8c1eefc2810effe6b
2020,Spanish Grand Prix,Race,6,kvyat,KVY,MATCHED_DRIVER_ID,21,1,15:43:30,23.036,,,2020-08-16,DURATION_AND_TIME_OF_DAY_ONLY,https://api.jolpi.ca/ergast/f1/2020/6/pitstops.json?limit=1000,6e78890eee3837dfaa7097084294615b8189d61a240cb4f8c1eefc2810effe6b
2020,Spanish Grand Prix,Race,7,giovinazzi,GIO,MATCHED_DRIVER_ID,21,1,15:43:48,22.243,,,2020-08-16,DURATION_AND_TIME_OF_DAY_ONLY,https://api.jolpi.ca/ergast/f1/2020/6/pitstops.json?limit=1000,6e78890eee3837dfaa7097084294615b8189d61a240cb4f8c1eefc2810effe6b
2020,Spanish Grand Prix,Race,8,sainz,SAI,MATCHED_DRIVER_ID,22,1,15:44:43,22.078,,,2020-08-16,DURATION_AND_TIME_OF_DAY_ONLY,https://api.jolpi.ca/ergast/f1/2020/6/pitstops.json?limit=1000,6e78890eee3837dfaa7097084294615b8189d61a240cb4f8c1eefc2810effe6b
2020,Spanish Grand Prix,Race,9,hamilton,HAM,MATCHED_DRIVER_ID,23,1,15:45:28,23.377,,,2020-08-16,DURATION_AND_TIME_OF_DAY_ONLY,https://api.jolpi.ca/ergast/f1/2020/6/pitstops.json?limit=1000,6e78890eee3837dfaa7097084294615b8189d61a240cb4f8c1eefc2810effe6b
2020,Spanish Grand Prix,Race,10,bottas,BOT,MATCHED_DRIVER_ID,23,1,15:45:39,22.31,,,2020-08-16,DURATION_AND_TIME_OF_DAY_ONLY,https://api.jolpi.ca/ergast/f1/2020/6/pitstops.json?limit=1000,6e78890eee3837dfaa7097084294615b8189d61a240cb4f8c1eefc2810effe6b
2020,Spanish Grand Prix,Race,11,stroll,STR,MATCHED_DRIVER_ID,27,1,15:51:47,22.351,,,2020-08-16,DURATION_AND_TIME_OF_DAY_ONLY,https://api.jolpi.ca/ergast/f1/2020/6/pitstops.json?limit=1000,6e78890eee3837dfaa7097084294615b8189d61a240cb4f8c1eefc2810effe6b
2020,Spanish Grand Prix,Race,12,kevin_magnussen,MAG,MATCHED_DRIVER_ID,28,1,15:53:40,24.148,,,2020-08-16,DURATION_AND_TIME_OF_DAY_ONLY,https://api.jolpi.ca/ergast/f1/2020/6/pitstops.json?limit=1000,6e78890eee3837dfaa7097084294615b8189d61a240cb4f8c1eefc2810effe6b
2020,Spanish Grand Prix,Race,13,latifi,LAT,MATCHED_DRIVER_ID,28,1,15:54:06,22.322,,,2020-08-16,DURATION_AND_TIME_OF_DAY_ONLY,https://api.jolpi.ca/ergast/f1/2020/6/pitstops.json?limit=1000,6e78890eee3837dfaa7097084294615b8189d61a240cb4f8c1eefc2810effe6b
2020,Spanish Grand Prix,Race,14,perez,PER,MATCHED_DRIVER_ID,29,1,15:54:39,22.641,,,2020-08-16,DURATION_AND_TIME_OF_DAY_ONLY,https://api.jolpi.ca/ergast/f1/2020/6/pitstops.json?limit=1000,6e78890eee3837dfaa7097084294615b8189d61a240cb4f8c1eefc2810effe6b
2020,Spanish Grand Prix,Race,15,leclerc,LEC,MATCHED_DRIVER_ID,29,1,15:54:45,22.274,,,2020-08-16,DURATION_AND_TIME_OF_DAY_ONLY,https://api.jolpi.ca/ergast/f1/2020/6/pitstops.json?limit=1000,6e78890eee3837dfaa7097084294615b8189d61a240cb4f8c1eefc2810effe6b
2020,Spanish Grand Prix,Race,16,vettel,VET,MATCHED_DRIVER_ID,29,1,15:54:53,21.82,,,2020-08-16,DURATION_AND_TIME_OF_DAY_ONLY,https://api.jolpi.ca/ergast/f1/2020/6/pitstops.json?limit=1000,6e78890eee3837dfaa7097084294615b8189d61a240cb4f8c1eefc2810effe6b
2020,Spanish Grand Prix,Race,17,grosjean,GRO,MATCHED_DRIVER_ID,32,1,15:59:39,23.212,,,2020-08-16,DURATION_AND_TIME_OF_DAY_ONLY,https://api.jolpi.ca/ergast/f1/2020/6/pitstops.json?limit=1000,6e78890eee3837dfaa7097084294615b8189d61a240cb4f8c1eefc2810effe6b
2020,Spanish Grand Prix,Race,18,ocon,OCO,MATCHED_DRIVER_ID,34,1,16:02:12,22.366,,,2020-08-16,DURATION_AND_TIME_OF_DAY_ONLY,https://api.jolpi.ca/ergast/f1/2020/6/pitstops.json?limit=1000,6e78890eee3837dfaa7097084294615b8189d61a240cb4f8c1eefc2810effe6b
2020,Spanish Grand Prix,Race,19,ricciardo,RIC,MATCHED_DRIVER_ID,35,1,16:03:27,21.837,,,2020-08-16,DURATION_AND_TIME_OF_DAY_ONLY,https://api.jolpi.ca/ergast/f1/2020/6/pitstops.json?limit=1000,6e78890eee3837dfaa7097084294615b8189d61a240cb4f8c1eefc2810effe6b
2020,Spanish Grand Prix,Race,20,russell,RUS,MATCHED_DRIVER_ID,35,2,16:03:47,21.889,,,2020-08-16,DURATION_AND_TIME_OF_DAY_ONLY,https://api.jolpi.ca/ergast/f1/2020/6/pitstops.json?limit=1000,6e78890eee3837dfaa7097084294615b8189d61a240cb4f8c1eefc2810effe6b
2020,Spanish Grand Prix,Race,21,albon,ALB,MATCHED_DRIVER_ID,39,2,16:09:10,21.804,,,2020-08-16,DURATION_AND_TIME_OF_DAY_ONLY,https://api.jolpi.ca/ergast/f1/2020/6/pitstops.json?limit=1000,6e78890eee3837dfaa7097084294615b8189d61a240cb4f8c1eefc2810effe6b
2020,Spanish Grand Prix,Race,22,max_verstappen,VER,MATCHED_DRIVER_ID,41,2,16:10:56,21.601,,,2020-08-16,DURATION_AND_TIME_OF_DAY_ONLY,https://api.jolpi.ca/ergast/f1/2020/6/pitstops.json?limit=1000,6e78890eee3837dfaa7097084294615b8189d61a240cb4f8c1eefc2810effe6b
2020,Spanish Grand Prix,Race,23,sainz,SAI,MATCHED_DRIVER_ID,41,2,16:11:55,22.166,,,2020-08-16,DURATION_AND_TIME_OF_DAY_ONLY,https://api.jolpi.ca/ergast/f1/2020/6/pitstops.json?limit=1000,6e78890eee3837dfaa7097084294615b8189d61a240cb4f8c1eefc2810effe6b
2020,Spanish Grand Prix,Race,24,stroll,STR,MATCHED_DRIVER_ID,42,2,16:13:17,22.388,,,2020-08-16,DURATION_AND_TIME_OF_DAY_ONLY,https://api.jolpi.ca/ergast/f1/2020/6/pitstops.json?limit=1000,6e78890eee3837dfaa7097084294615b8189d61a240cb4f8c1eefc2810effe6b
2020,Spanish Grand Prix,Race,25,gasly,GAS,MATCHED_DRIVER_ID,42,2,16:13:22,22.394,,,2020-08-16,DURATION_AND_TIME_OF_DAY_ONLY,https://api.jolpi.ca/ergast/f1/2020/6/pitstops.json?limit=1000,6e78890eee3837dfaa7097084294615b8189d61a240cb4f8c1eefc2810effe6b
2020,Spanish Grand Prix,Race,26,norris,NOR,MATCHED_DRIVER_ID,44,2,16:16:10,21.761,,,2020-08-16,DURATION_AND_TIME_OF_DAY_ONLY,https://api.jolpi.ca/ergast/f1/2020/6/pitstops.json?limit=1000,6e78890eee3837dfaa7097084294615b8189d61a240cb4f8c1eefc2810effe6b
2020,Spanish Grand Prix,Race,27,raikkonen,RAI,MATCHED_DRIVER_ID,44,2,16:16:43,22.197,,,2020-08-16,DURATION_AND_TIME_OF_DAY_ONLY,https://api.jolpi.ca/ergast/f1/2020/6/pitstops.json?limit=1000,6e78890eee3837dfaa7097084294615b8189d61a240cb4f8c1eefc2810effe6b
2020,Spanish Grand Prix,Race,28,kvyat,KVY,MATCHED_DRIVER_ID,45,2,16:17:43,22.079,,,2020-08-16,DURATION_AND_TIME_OF_DAY_ONLY,https://api.jolpi.ca/ergast/f1/2020/6/pitstops.json?limit=1000,6e78890eee3837dfaa7097084294615b8189d61a240cb4f8c1eefc2810effe6b
2020,Spanish Grand Prix,Race,29,giovinazzi,GIO,MATCHED_DRIVER_ID,45,2,16:18:12,21.794,,,2020-08-16,DURATION_AND_TIME_OF_DAY_ONLY,https://api.jolpi.ca/ergast/f1/2020/6/pitstops.json?limit=1000,6e78890eee3837dfaa7097084294615b8189d61a240cb4f8c1eefc2810effe6b
2020,Spanish Grand Prix,Race,30,bottas,BOT,MATCHED_DRIVER_ID,48,2,16:20:38,22.143,,,2020-08-16,DURATION_AND_TIME_OF_DAY_ONLY,https://api.jolpi.ca/ergast/f1/2020/6/pitstops.json?limit=1000,6e78890eee3837dfaa7097084294615b8189d61a240cb4f8c1eefc2810effe6b
2020,Spanish Grand Prix,Race,31,hamilton,HAM,MATCHED_DRIVER_ID,50,2,16:23:05,21.853,,,2020-08-16,DURATION_AND_TIME_OF_DAY_ONLY,https://api.jolpi.ca/ergast/f1/2020/6/pitstops.json?limit=1000,6e78890eee3837dfaa7097084294615b8189d61a240cb4f8c1eefc2810effe6b
2020,Spanish Grand Prix,Race,32,latifi,LAT,MATCHED_DRIVER_ID,49,2,16:24:00,22.475,,,2020-08-16,DURATION_AND_TIME_OF_DAY_ONLY,https://api.jolpi.ca/ergast/f1/2020/6/pitstops.json?limit=1000,6e78890eee3837dfaa7097084294615b8189d61a240cb4f8c1eefc2810effe6b
2020,Spanish Grand Prix,Race,33,grosjean,GRO,MATCHED_DRIVER_ID,62,2,16:42:16,24.01,,,2020-08-16,DURATION_AND_TIME_OF_DAY_ONLY,https://api.jolpi.ca/ergast/f1/2020/6/pitstops.json?limit=1000,6e78890eee3837dfaa7097084294615b8189d61a240cb4f8c1eefc2810effe6b
2020,Spanish Grand Prix,Race,34,bottas,BOT,MATCHED_DRIVER_ID,64,3,16:42:47,22.607,,,2020-08-16,DURATION_AND_TIME_OF_DAY_ONLY,https://api.jolpi.ca/ergast/f1/2020/6/pitstops.json?limit=1000,6e78890eee3837dfaa7097084294615b8189d61a240cb4f8c1eefc2810effe6b
