field,flag_reason,observed_value,year,event,session,driver,lap,sample_index,time,source_data_key,evidence_or_rule
distance,negative_value,-0.0006803660061955972,2018,Abu Dhabi Grand Prix,Race,HUL,1,0,0.0,2018-Abu Dhabi Grand Prix-Race-HUL-1,Audit rule: distance < 0; expected range is not a provider-certified unit contract
distance,negative_value,-0.03394334567727943,2018,Abu Dhabi Grand Prix,Race,HUL,1,4,0.449,2018-Abu Dhabi Grand Prix-Race-HUL-1,Audit rule: distance < 0; expected range is not a provider-certified unit contract
rel_distance,outside_0_1_tolerance,-1.2041422695624361e-05,2018,Abu Dhabi Grand Prix,Race,HUL,1,4,0.449,2018-Abu Dhabi Grand Prix-Race-HUL-1,"Audit rule: ratio-like value outside [-1e-6, 1+1e-6]; field formula is undocumented"
rel_distance,outside_0_1_tolerance,1.0000368383817628,2018,Abu Dhabi Grand Prix,Race,HUL,1,431,57.151,2018-Abu Dhabi Grand Prix-Race-HUL-1,"Audit rule: ratio-like value outside [-1e-6, 1+1e-6]; field formula is undocumented"
distance,negative_value,-0.001078018293153793,2018,Austrian Grand Prix,Race,MAG,12,0,0.0,2018-Austrian Grand Prix-Race-MAG-12,Audit rule: distance < 0; expected range is not a provider-certified unit contract
distance,negative_value,-2.0260511214752197e-05,2018,Azerbaijan Grand Prix,Race,ALO,9,0,0.0,2018-Azerbaijan Grand Prix-Race-ALO-9,Audit rule: distance < 0; expected range is not a provider-certified unit contract
distance,negative_value,-0.005485416804902735,2018,Azerbaijan Grand Prix,Race,BOT,9,0,0.0,2018-Azerbaijan Grand Prix-Race-BOT-9,Audit rule: distance < 0; expected range is not a provider-certified unit contract
distance,negative_value,-0.07238144656457601,2018,Azerbaijan Grand Prix,Race,GRO,8,0,0.0,2018-Azerbaijan Grand Prix-Race-GRO-8,Audit rule: distance < 0; expected range is not a provider-certified unit contract
rel_distance,outside_0_1_tolerance,-1.209320614170014e-05,2018,Azerbaijan Grand Prix,Race,GRO,8,0,0.0,2018-Azerbaijan Grand Prix-Race-GRO-8,"Audit rule: ratio-like value outside [-1e-6, 1+1e-6]; field formula is undocumented"
distance,negative_value,-5.064433504762533e-05,2018,Azerbaijan Grand Prix,Race,OCO,1,0,0.0,2018-Azerbaijan Grand Prix-Race-OCO-1,Audit rule: distance < 0; expected range is not a provider-certified unit contract
rel_distance,outside_0_1_tolerance,1.0000213772526412,2018,Azerbaijan Grand Prix,Race,OCO,1,263,34.929,2018-Azerbaijan Grand Prix-Race-OCO-1,"Audit rule: ratio-like value outside [-1e-6, 1+1e-6]; field formula is undocumented"
throttle,outside_0_100,104.0,2018,Azerbaijan Grand Prix,Race,OCO,1,552,73.533,2018-Azerbaijan Grand Prix-Race-OCO-1,Audit rule: throttle < 0 or > 100; the source value is retained
throttle,outside_0_100,104.0,2018,Azerbaijan Grand Prix,Race,OCO,1,553,73.63,2018-Azerbaijan Grand Prix-Race-OCO-1,Audit rule: throttle < 0 or > 100; the source value is retained
throttle,outside_0_100,104.0,2018,Azerbaijan Grand Prix,Race,OCO,1,554,73.773,2018-Azerbaijan Grand Prix-Race-OCO-1,Audit rule: throttle < 0 or > 100; the source value is retained
throttle,outside_0_100,104.0,2018,Azerbaijan Grand Prix,Race,OCO,1,555,73.93,2018-Azerbaijan Grand Prix-Race-OCO-1,Audit rule: throttle < 0 or > 100; the source value is retained
throttle,outside_0_100,104.0,2018,Azerbaijan Grand Prix,Race,OCO,1,556,74.013,2018-Azerbaijan Grand Prix-Race-OCO-1,Audit rule: throttle < 0 or > 100; the source value is retained
throttle,outside_0_100,104.0,2018,Azerbaijan Grand Prix,Race,OCO,1,557,74.229,2018-Azerbaijan Grand Prix-Race-OCO-1,Audit rule: throttle < 0 or > 100; the source value is retained
throttle,outside_0_100,104.0,2018,Azerbaijan Grand Prix,Race,OCO,1,558,74.253,2018-Azerbaijan Grand Prix-Race-OCO-1,Audit rule: throttle < 0 or > 100; the source value is retained
throttle,outside_0_100,104.0,2018,Azerbaijan Grand Prix,Race,OCO,1,559,74.493,2018-Azerbaijan Grand Prix-Race-OCO-1,Audit rule: throttle < 0 or > 100; the source value is retained
throttle,outside_0_100,104.0,2018,Azerbaijan Grand Prix,Race,OCO,1,560,74.529,2018-Azerbaijan Grand Prix-Race-OCO-1,Audit rule: throttle < 0 or > 100; the source value is retained
throttle,outside_0_100,104.0,2018,Azerbaijan Grand Prix,Race,OCO,1,561,74.733,2018-Azerbaijan Grand Prix-Race-OCO-1,Audit rule: throttle < 0 or > 100; the source value is retained
throttle,outside_0_100,104.0,2018,Azerbaijan Grand Prix,Race,OCO,1,562,74.829,2018-Azerbaijan Grand Prix-Race-OCO-1,Audit rule: throttle < 0 or > 100; the source value is retained
throttle,outside_0_100,104.0,2018,Azerbaijan Grand Prix,Race,OCO,1,563,74.973,2018-Azerbaijan Grand Prix-Race-OCO-1,Audit rule: throttle < 0 or > 100; the source value is retained
throttle,outside_0_100,104.0,2018,Azerbaijan Grand Prix,Race,OCO,1,564,75.129,2018-Azerbaijan Grand Prix-Race-OCO-1,Audit rule: throttle < 0 or > 100; the source value is retained
throttle,outside_0_100,104.0,2018,Azerbaijan Grand Prix,Race,OCO,1,565,75.213,2018-Azerbaijan Grand Prix-Race-OCO-1,Audit rule: throttle < 0 or > 100; the source value is retained
throttle,outside_0_100,104.0,2018,Azerbaijan Grand Prix,Race,OCO,1,566,75.429,2018-Azerbaijan Grand Prix-Race-OCO-1,Audit rule: throttle < 0 or > 100; the source value is retained
throttle,outside_0_100,104.0,2018,Azerbaijan Grand Prix,Race,OCO,1,567,75.454,2018-Azerbaijan Grand Prix-Race-OCO-1,Audit rule: throttle < 0 or > 100; the source value is retained
throttle,outside_0_100,104.0,2018,Azerbaijan Grand Prix,Race,OCO,1,568,75.694,2018-Azerbaijan Grand Prix-Race-OCO-1,Audit rule: throttle < 0 or > 100; the source value is retained
throttle,outside_0_100,104.0,2018,Azerbaijan Grand Prix,Race,OCO,1,569,75.729,2018-Azerbaijan Grand Prix-Race-OCO-1,Audit rule: throttle < 0 or > 100; the source value is retained
throttle,outside_0_100,104.0,2018,Azerbaijan Grand Prix,Race,OCO,1,570,75.93,2018-Azerbaijan Grand Prix-Race-OCO-1,Audit rule: throttle < 0 or > 100; the source value is retained
throttle,outside_0_100,104.0,2018,Azerbaijan Grand Prix,Race,OCO,1,571,75.974,2018-Azerbaijan Grand Prix-Race-OCO-1,Audit rule: throttle < 0 or > 100; the source value is retained
throttle,outside_0_100,104.0,2018,Azerbaijan Grand Prix,Race,OCO,1,572,76.214,2018-Azerbaijan Grand Prix-Race-OCO-1,Audit rule: throttle < 0 or > 100; the source value is retained
throttle,outside_0_100,104.0,2018,Azerbaijan Grand Prix,Race,OCO,1,573,76.23,2018-Azerbaijan Grand Prix-Race-OCO-1,Audit rule: throttle < 0 or > 100; the source value is retained
throttle,outside_0_100,104.0,2018,Azerbaijan Grand Prix,Race,OCO,1,574,76.454,2018-Azerbaijan Grand Prix-Race-OCO-1,Audit rule: throttle < 0 or > 100; the source value is retained
throttle,outside_0_100,104.0,2018,Azerbaijan Grand Prix,Race,OCO,1,575,76.53,2018-Azerbaijan Grand Prix-Race-OCO-1,Audit rule: throttle < 0 or > 100; the source value is retained
throttle,outside_0_100,104.0,2018,Azerbaijan Grand Prix,Race,OCO,1,576,76.694,2018-Azerbaijan Grand Prix-Race-OCO-1,Audit rule: throttle < 0 or > 100; the source value is retained
throttle,outside_0_100,104.0,2018,Azerbaijan Grand Prix,Race,OCO,1,577,76.83,2018-Azerbaijan Grand Prix-Race-OCO-1,Audit rule: throttle < 0 or > 100; the source value is retained
throttle,outside_0_100,104.0,2018,Azerbaijan Grand Prix,Race,OCO,1,578,76.934,2018-Azerbaijan Grand Prix-Race-OCO-1,Audit rule: throttle < 0 or > 100; the source value is retained
throttle,outside_0_100,104.0,2018,Azerbaijan Grand Prix,Race,OCO,1,579,77.13,2018-Azerbaijan Grand Prix-Race-OCO-1,Audit rule: throttle < 0 or > 100; the source value is retained
throttle,outside_0_100,104.0,2018,Azerbaijan Grand Prix,Race,OCO,1,580,77.174,2018-Azerbaijan Grand Prix-Race-OCO-1,Audit rule: throttle < 0 or > 100; the source value is retained
throttle,outside_0_100,104.0,2018,Azerbaijan Grand Prix,Race,OCO,1,581,77.414,2018-Azerbaijan Grand Prix-Race-OCO-1,Audit rule: throttle < 0 or > 100; the source value is retained
throttle,outside_0_100,104.0,2018,Azerbaijan Grand Prix,Race,OCO,1,582,77.43,2018-Azerbaijan Grand Prix-Race-OCO-1,Audit rule: throttle < 0 or > 100; the source value is retained
throttle,outside_0_100,104.0,2018,Azerbaijan Grand Prix,Race,OCO,1,583,77.654,2018-Azerbaijan Grand Prix-Race-OCO-1,Audit rule: throttle < 0 or > 100; the source value is retained
throttle,outside_0_100,104.0,2018,Azerbaijan Grand Prix,Race,OCO,1,584,77.73,2018-Azerbaijan Grand Prix-Race-OCO-1,Audit rule: throttle < 0 or > 100; the source value is retained
throttle,outside_0_100,104.0,2018,Azerbaijan Grand Prix,Race,OCO,1,585,77.894,2018-Azerbaijan Grand Prix-Race-OCO-1,Audit rule: throttle < 0 or > 100; the source value is retained
throttle,outside_0_100,104.0,2018,Azerbaijan Grand Prix,Race,OCO,1,586,78.03,2018-Azerbaijan Grand Prix-Race-OCO-1,Audit rule: throttle < 0 or > 100; the source value is retained
throttle,outside_0_100,104.0,2018,Azerbaijan Grand Prix,Race,OCO,1,587,78.134,2018-Azerbaijan Grand Prix-Race-OCO-1,Audit rule: throttle < 0 or > 100; the source value is retained
throttle,outside_0_100,104.0,2018,Azerbaijan Grand Prix,Race,OCO,1,588,78.33,2018-Azerbaijan Grand Prix-Race-OCO-1,Audit rule: throttle < 0 or > 100; the source value is retained
throttle,outside_0_100,104.0,2018,Azerbaijan Grand Prix,Race,OCO,1,589,78.374,2018-Azerbaijan Grand Prix-Race-OCO-1,Audit rule: throttle < 0 or > 100; the source value is retained
throttle,outside_0_100,104.0,2018,Azerbaijan Grand Prix,Race,OCO,1,590,78.614,2018-Azerbaijan Grand Prix-Race-OCO-1,Audit rule: throttle < 0 or > 100; the source value is retained
throttle,outside_0_100,104.0,2018,Azerbaijan Grand Prix,Race,OCO,1,591,78.63,2018-Azerbaijan Grand Prix-Race-OCO-1,Audit rule: throttle < 0 or > 100; the source value is retained
throttle,outside_0_100,104.0,2018,Azerbaijan Grand Prix,Race,OCO,1,592,78.853,2018-Azerbaijan Grand Prix-Race-OCO-1,Audit rule: throttle < 0 or > 100; the source value is retained
throttle,outside_0_100,104.0,2018,Azerbaijan Grand Prix,Race,OCO,1,593,78.93,2018-Azerbaijan Grand Prix-Race-OCO-1,Audit rule: throttle < 0 or > 100; the source value is retained
throttle,outside_0_100,104.0,2018,Azerbaijan Grand Prix,Race,OCO,1,594,79.093,2018-Azerbaijan Grand Prix-Race-OCO-1,Audit rule: throttle < 0 or > 100; the source value is retained
throttle,outside_0_100,104.0,2018,Azerbaijan Grand Prix,Race,OCO,1,595,79.23,2018-Azerbaijan Grand Prix-Race-OCO-1,Audit rule: throttle < 0 or > 100; the source value is retained
throttle,outside_0_100,104.0,2018,Azerbaijan Grand Prix,Race,OCO,1,596,79.333,2018-Azerbaijan Grand Prix-Race-OCO-1,Audit rule: throttle < 0 or > 100; the source value is retained
throttle,outside_0_100,104.0,2018,Azerbaijan Grand Prix,Race,OCO,1,597,79.53,2018-Azerbaijan Grand Prix-Race-OCO-1,Audit rule: throttle < 0 or > 100; the source value is retained
throttle,outside_0_100,104.0,2018,Azerbaijan Grand Prix,Race,OCO,1,598,79.573,2018-Azerbaijan Grand Prix-Race-OCO-1,Audit rule: throttle < 0 or > 100; the source value is retained
throttle,outside_0_100,104.0,2018,Azerbaijan Grand Prix,Race,OCO,1,599,79.813,2018-Azerbaijan Grand Prix-Race-OCO-1,Audit rule: throttle < 0 or > 100; the source value is retained
throttle,outside_0_100,104.0,2018,Azerbaijan Grand Prix,Race,OCO,1,600,79.83,2018-Azerbaijan Grand Prix-Race-OCO-1,Audit rule: throttle < 0 or > 100; the source value is retained
throttle,outside_0_100,104.0,2018,Azerbaijan Grand Prix,Race,OCO,1,601,80.053,2018-Azerbaijan Grand Prix-Race-OCO-1,Audit rule: throttle < 0 or > 100; the source value is retained
throttle,outside_0_100,104.0,2018,Azerbaijan Grand Prix,Race,OCO,1,602,80.13,2018-Azerbaijan Grand Prix-Race-OCO-1,Audit rule: throttle < 0 or > 100; the source value is retained
throttle,outside_0_100,104.0,2018,Azerbaijan Grand Prix,Race,OCO,1,603,80.293,2018-Azerbaijan Grand Prix-Race-OCO-1,Audit rule: throttle < 0 or > 100; the source value is retained
throttle,outside_0_100,104.0,2018,Azerbaijan Grand Prix,Race,OCO,1,604,80.43,2018-Azerbaijan Grand Prix-Race-OCO-1,Audit rule: throttle < 0 or > 100; the source value is retained
throttle,outside_0_100,104.0,2018,Azerbaijan Grand Prix,Race,OCO,1,605,80.533,2018-Azerbaijan Grand Prix-Race-OCO-1,Audit rule: throttle < 0 or > 100; the source value is retained
throttle,outside_0_100,104.0,2018,Azerbaijan Grand Prix,Race,OCO,1,606,80.73,2018-Azerbaijan Grand Prix-Race-OCO-1,Audit rule: throttle < 0 or > 100; the source value is retained
throttle,outside_0_100,104.0,2018,Azerbaijan Grand Prix,Race,OCO,1,607,80.773,2018-Azerbaijan Grand Prix-Race-OCO-1,Audit rule: throttle < 0 or > 100; the source value is retained
throttle,outside_0_100,104.0,2018,Azerbaijan Grand Prix,Race,OCO,1,608,81.013,2018-Azerbaijan Grand Prix-Race-OCO-1,Audit rule: throttle < 0 or > 100; the source value is retained
throttle,outside_0_100,104.0,2018,Azerbaijan Grand Prix,Race,OCO,1,609,81.03,2018-Azerbaijan Grand Prix-Race-OCO-1,Audit rule: throttle < 0 or > 100; the source value is retained
throttle,outside_0_100,104.0,2018,Azerbaijan Grand Prix,Race,OCO,1,610,81.253,2018-Azerbaijan Grand Prix-Race-OCO-1,Audit rule: throttle < 0 or > 100; the source value is retained
throttle,outside_0_100,104.0,2018,Azerbaijan Grand Prix,Race,OCO,1,611,81.33,2018-Azerbaijan Grand Prix-Race-OCO-1,Audit rule: throttle < 0 or > 100; the source value is retained
throttle,outside_0_100,104.0,2018,Azerbaijan Grand Prix,Race,OCO,1,612,81.493,2018-Azerbaijan Grand Prix-Race-OCO-1,Audit rule: throttle < 0 or > 100; the source value is retained
throttle,outside_0_100,104.0,2018,Azerbaijan Grand Prix,Race,OCO,1,613,81.629,2018-Azerbaijan Grand Prix-Race-OCO-1,Audit rule: throttle < 0 or > 100; the source value is retained
throttle,outside_0_100,104.0,2018,Azerbaijan Grand Prix,Race,OCO,1,614,81.853,2018-Azerbaijan Grand Prix-Race-OCO-1,Audit rule: throttle < 0 or > 100; the source value is retained
throttle,outside_0_100,104.0,2018,Azerbaijan Grand Prix,Race,OCO,1,615,81.929,2018-Azerbaijan Grand Prix-Race-OCO-1,Audit rule: throttle < 0 or > 100; the source value is retained
throttle,outside_0_100,104.0,2018,Azerbaijan Grand Prix,Race,OCO,1,616,82.054,2018-Azerbaijan Grand Prix-Race-OCO-1,Audit rule: throttle < 0 or > 100; the source value is retained
throttle,outside_0_100,104.0,2018,Azerbaijan Grand Prix,Race,OCO,1,617,82.229,2018-Azerbaijan Grand Prix-Race-OCO-1,Audit rule: throttle < 0 or > 100; the source value is retained
throttle,outside_0_100,104.0,2018,Azerbaijan Grand Prix,Race,OCO,1,618,82.294,2018-Azerbaijan Grand Prix-Race-OCO-1,Audit rule: throttle < 0 or > 100; the source value is retained
throttle,outside_0_100,104.0,2018,Azerbaijan Grand Prix,Race,OCO,1,619,82.43,2018-Azerbaijan Grand Prix-Race-OCO-1,Audit rule: throttle < 0 or > 100; the source value is retained
throttle,outside_0_100,104.0,2018,Azerbaijan Grand Prix,Race,OCO,1,620,82.534,2018-Azerbaijan Grand Prix-Race-OCO-1,Audit rule: throttle < 0 or > 100; the source value is retained
throttle,outside_0_100,104.0,2018,Azerbaijan Grand Prix,Race,OCO,1,621,82.73,2018-Azerbaijan Grand Prix-Race-OCO-1,Audit rule: throttle < 0 or > 100; the source value is retained
throttle,outside_0_100,104.0,2018,Azerbaijan Grand Prix,Race,OCO,1,622,82.814,2018-Azerbaijan Grand Prix-Race-OCO-1,Audit rule: throttle < 0 or > 100; the source value is retained
throttle,outside_0_100,104.0,2018,Azerbaijan Grand Prix,Race,OCO,1,623,83.03,2018-Azerbaijan Grand Prix-Race-OCO-1,Audit rule: throttle < 0 or > 100; the source value is retained
throttle,outside_0_100,104.0,2018,Azerbaijan Grand Prix,Race,OCO,1,624,83.054,2018-Azerbaijan Grand Prix-Race-OCO-1,Audit rule: throttle < 0 or > 100; the source value is retained
throttle,outside_0_100,104.0,2018,Azerbaijan Grand Prix,Race,OCO,1,625,83.294,2018-Azerbaijan Grand Prix-Race-OCO-1,Audit rule: throttle < 0 or > 100; the source value is retained
throttle,outside_0_100,104.0,2018,Azerbaijan Grand Prix,Race,OCO,1,626,83.33,2018-Azerbaijan Grand Prix-Race-OCO-1,Audit rule: throttle < 0 or > 100; the source value is retained
throttle,outside_0_100,104.0,2018,Azerbaijan Grand Prix,Race,OCO,1,627,83.534,2018-Azerbaijan Grand Prix-Race-OCO-1,Audit rule: throttle < 0 or > 100; the source value is retained
throttle,outside_0_100,104.0,2018,Azerbaijan Grand Prix,Race,OCO,1,628,83.63,2018-Azerbaijan Grand Prix-Race-OCO-1,Audit rule: throttle < 0 or > 100; the source value is retained
throttle,outside_0_100,104.0,2018,Azerbaijan Grand Prix,Race,OCO,1,629,83.774,2018-Azerbaijan Grand Prix-Race-OCO-1,Audit rule: throttle < 0 or > 100; the source value is retained
throttle,outside_0_100,104.0,2018,Azerbaijan Grand Prix,Race,OCO,1,630,83.93,2018-Azerbaijan Grand Prix-Race-OCO-1,Audit rule: throttle < 0 or > 100; the source value is retained
throttle,outside_0_100,104.0,2018,Azerbaijan Grand Prix,Race,OCO,1,631,84.014,2018-Azerbaijan Grand Prix-Race-OCO-1,Audit rule: throttle < 0 or > 100; the source value is retained
throttle,outside_0_100,104.0,2018,Azerbaijan Grand Prix,Race,OCO,1,632,84.23,2018-Azerbaijan Grand Prix-Race-OCO-1,Audit rule: throttle < 0 or > 100; the source value is retained
throttle,outside_0_100,104.0,2018,Azerbaijan Grand Prix,Race,OCO,1,633,84.254,2018-Azerbaijan Grand Prix-Race-OCO-1,Audit rule: throttle < 0 or > 100; the source value is retained
throttle,outside_0_100,104.0,2018,Azerbaijan Grand Prix,Race,OCO,1,634,84.494,2018-Azerbaijan Grand Prix-Race-OCO-1,Audit rule: throttle < 0 or > 100; the source value is retained
throttle,outside_0_100,104.0,2018,Azerbaijan Grand Prix,Race,OCO,1,635,84.53,2018-Azerbaijan Grand Prix-Race-OCO-1,Audit rule: throttle < 0 or > 100; the source value is retained
throttle,outside_0_100,104.0,2018,Azerbaijan Grand Prix,Race,OCO,1,636,84.734,2018-Azerbaijan Grand Prix-Race-OCO-1,Audit rule: throttle < 0 or > 100; the source value is retained
throttle,outside_0_100,104.0,2018,Azerbaijan Grand Prix,Race,OCO,1,637,84.83,2018-Azerbaijan Grand Prix-Race-OCO-1,Audit rule: throttle < 0 or > 100; the source value is retained
throttle,outside_0_100,104.0,2018,Azerbaijan Grand Prix,Race,OCO,1,638,84.974,2018-Azerbaijan Grand Prix-Race-OCO-1,Audit rule: throttle < 0 or > 100; the source value is retained
throttle,outside_0_100,104.0,2018,Azerbaijan Grand Prix,Race,OCO,1,639,85.13,2018-Azerbaijan Grand Prix-Race-OCO-1,Audit rule: throttle < 0 or > 100; the source value is retained
throttle,outside_0_100,104.0,2018,Azerbaijan Grand Prix,Race,OCO,1,640,85.214,2018-Azerbaijan Grand Prix-Race-OCO-1,Audit rule: throttle < 0 or > 100; the source value is retained
throttle,outside_0_100,104.0,2018,Azerbaijan Grand Prix,Race,OCO,1,641,85.43,2018-Azerbaijan Grand Prix-Race-OCO-1,Audit rule: throttle < 0 or > 100; the source value is retained
throttle,outside_0_100,104.0,2018,Azerbaijan Grand Prix,Race,OCO,1,642,85.454,2018-Azerbaijan Grand Prix-Race-OCO-1,Audit rule: throttle < 0 or > 100; the source value is retained
throttle,outside_0_100,104.0,2018,Azerbaijan Grand Prix,Race,OCO,1,643,85.694,2018-Azerbaijan Grand Prix-Race-OCO-1,Audit rule: throttle < 0 or > 100; the source value is retained
throttle,outside_0_100,104.0,2018,Azerbaijan Grand Prix,Race,OCO,1,644,85.73,2018-Azerbaijan Grand Prix-Race-OCO-1,Audit rule: throttle < 0 or > 100; the source value is retained
throttle,outside_0_100,104.0,2018,Azerbaijan Grand Prix,Race,OCO,1,645,85.933,2018-Azerbaijan Grand Prix-Race-OCO-1,Audit rule: throttle < 0 or > 100; the source value is retained
throttle,outside_0_100,104.0,2018,Azerbaijan Grand Prix,Race,OCO,1,646,86.03,2018-Azerbaijan Grand Prix-Race-OCO-1,Audit rule: throttle < 0 or > 100; the source value is retained
throttle,outside_0_100,104.0,2018,Azerbaijan Grand Prix,Race,OCO,1,647,86.173,2018-Azerbaijan Grand Prix-Race-OCO-1,Audit rule: throttle < 0 or > 100; the source value is retained
throttle,outside_0_100,104.0,2018,Azerbaijan Grand Prix,Race,OCO,1,648,86.33,2018-Azerbaijan Grand Prix-Race-OCO-1,Audit rule: throttle < 0 or > 100; the source value is retained
throttle,outside_0_100,104.0,2018,Azerbaijan Grand Prix,Race,OCO,1,649,86.413,2018-Azerbaijan Grand Prix-Race-OCO-1,Audit rule: throttle < 0 or > 100; the source value is retained
throttle,outside_0_100,104.0,2018,Azerbaijan Grand Prix,Race,OCO,1,650,86.63,2018-Azerbaijan Grand Prix-Race-OCO-1,Audit rule: throttle < 0 or > 100; the source value is retained
throttle,outside_0_100,104.0,2018,Azerbaijan Grand Prix,Race,OCO,1,651,86.653,2018-Azerbaijan Grand Prix-Race-OCO-1,Audit rule: throttle < 0 or > 100; the source value is retained
throttle,outside_0_100,104.0,2018,Azerbaijan Grand Prix,Race,OCO,1,652,86.893,2018-Azerbaijan Grand Prix-Race-OCO-1,Audit rule: throttle < 0 or > 100; the source value is retained
throttle,outside_0_100,104.0,2018,Azerbaijan Grand Prix,Race,OCO,1,653,86.93,2018-Azerbaijan Grand Prix-Race-OCO-1,Audit rule: throttle < 0 or > 100; the source value is retained
throttle,outside_0_100,104.0,2018,Azerbaijan Grand Prix,Race,OCO,1,654,87.173,2018-Azerbaijan Grand Prix-Race-OCO-1,Audit rule: throttle < 0 or > 100; the source value is retained
throttle,outside_0_100,104.0,2018,Azerbaijan Grand Prix,Race,OCO,1,655,87.23,2018-Azerbaijan Grand Prix-Race-OCO-1,Audit rule: throttle < 0 or > 100; the source value is retained
throttle,outside_0_100,104.0,2018,Azerbaijan Grand Prix,Race,OCO,1,656,87.413,2018-Azerbaijan Grand Prix-Race-OCO-1,Audit rule: throttle < 0 or > 100; the source value is retained
throttle,outside_0_100,104.0,2018,Azerbaijan Grand Prix,Race,OCO,1,657,87.53,2018-Azerbaijan Grand Prix-Race-OCO-1,Audit rule: throttle < 0 or > 100; the source value is retained
throttle,outside_0_100,104.0,2018,Azerbaijan Grand Prix,Race,OCO,1,658,87.733,2018-Azerbaijan Grand Prix-Race-OCO-1,Audit rule: throttle < 0 or > 100; the source value is retained
throttle,outside_0_100,104.0,2018,Azerbaijan Grand Prix,Race,OCO,1,659,87.83,2018-Azerbaijan Grand Prix-Race-OCO-1,Audit rule: throttle < 0 or > 100; the source value is retained
throttle,outside_0_100,104.0,2018,Azerbaijan Grand Prix,Race,OCO,1,660,87.973,2018-Azerbaijan Grand Prix-Race-OCO-1,Audit rule: throttle < 0 or > 100; the source value is retained
throttle,outside_0_100,104.0,2018,Azerbaijan Grand Prix,Race,OCO,1,661,88.13,2018-Azerbaijan Grand Prix-Race-OCO-1,Audit rule: throttle < 0 or > 100; the source value is retained
throttle,outside_0_100,104.0,2018,Azerbaijan Grand Prix,Race,OCO,1,662,88.213,2018-Azerbaijan Grand Prix-Race-OCO-1,Audit rule: throttle < 0 or > 100; the source value is retained
throttle,outside_0_100,104.0,2018,Azerbaijan Grand Prix,Race,OCO,1,663,88.43,2018-Azerbaijan Grand Prix-Race-OCO-1,Audit rule: throttle < 0 or > 100; the source value is retained
throttle,outside_0_100,104.0,2018,Azerbaijan Grand Prix,Race,OCO,1,664,88.453,2018-Azerbaijan Grand Prix-Race-OCO-1,Audit rule: throttle < 0 or > 100; the source value is retained
throttle,outside_0_100,104.0,2018,Azerbaijan Grand Prix,Race,OCO,1,665,88.654,2018-Azerbaijan Grand Prix-Race-OCO-1,Audit rule: throttle < 0 or > 100; the source value is retained
throttle,outside_0_100,104.0,2018,Azerbaijan Grand Prix,Race,OCO,1,666,88.73,2018-Azerbaijan Grand Prix-Race-OCO-1,Audit rule: throttle < 0 or > 100; the source value is retained
throttle,outside_0_100,104.0,2018,Azerbaijan Grand Prix,Race,OCO,1,667,88.894,2018-Azerbaijan Grand Prix-Race-OCO-1,Audit rule: throttle < 0 or > 100; the source value is retained
throttle,outside_0_100,104.0,2018,Azerbaijan Grand Prix,Race,OCO,1,668,89.03,2018-Azerbaijan Grand Prix-Race-OCO-1,Audit rule: throttle < 0 or > 100; the source value is retained
throttle,outside_0_100,104.0,2018,Azerbaijan Grand Prix,Race,OCO,1,669,89.134,2018-Azerbaijan Grand Prix-Race-OCO-1,Audit rule: throttle < 0 or > 100; the source value is retained
throttle,outside_0_100,104.0,2018,Azerbaijan Grand Prix,Race,OCO,1,670,89.33,2018-Azerbaijan Grand Prix-Race-OCO-1,Audit rule: throttle < 0 or > 100; the source value is retained
throttle,outside_0_100,104.0,2018,Azerbaijan Grand Prix,Race,OCO,1,671,89.374,2018-Azerbaijan Grand Prix-Race-OCO-1,Audit rule: throttle < 0 or > 100; the source value is retained
throttle,outside_0_100,104.0,2018,Azerbaijan Grand Prix,Race,OCO,1,672,89.614,2018-Azerbaijan Grand Prix-Race-OCO-1,Audit rule: throttle < 0 or > 100; the source value is retained
throttle,outside_0_100,104.0,2018,Azerbaijan Grand Prix,Race,OCO,1,673,89.63,2018-Azerbaijan Grand Prix-Race-OCO-1,Audit rule: throttle < 0 or > 100; the source value is retained
throttle,outside_0_100,104.0,2018,Azerbaijan Grand Prix,Race,OCO,1,674,89.854,2018-Azerbaijan Grand Prix-Race-OCO-1,Audit rule: throttle < 0 or > 100; the source value is retained
throttle,outside_0_100,104.0,2018,Azerbaijan Grand Prix,Race,OCO,1,675,89.93,2018-Azerbaijan Grand Prix-Race-OCO-1,Audit rule: throttle < 0 or > 100; the source value is retained
throttle,outside_0_100,104.0,2018,Azerbaijan Grand Prix,Race,OCO,1,676,90.134,2018-Azerbaijan Grand Prix-Race-OCO-1,Audit rule: throttle < 0 or > 100; the source value is retained
throttle,outside_0_100,104.0,2018,Azerbaijan Grand Prix,Race,OCO,1,677,90.23,2018-Azerbaijan Grand Prix-Race-OCO-1,Audit rule: throttle < 0 or > 100; the source value is retained
throttle,outside_0_100,104.0,2018,Azerbaijan Grand Prix,Race,OCO,1,678,90.374,2018-Azerbaijan Grand Prix-Race-OCO-1,Audit rule: throttle < 0 or > 100; the source value is retained
throttle,outside_0_100,104.0,2018,Azerbaijan Grand Prix,Race,OCO,1,679,90.53,2018-Azerbaijan Grand Prix-Race-OCO-1,Audit rule: throttle < 0 or > 100; the source value is retained
throttle,outside_0_100,104.0,2018,Azerbaijan Grand Prix,Race,OCO,1,680,90.614,2018-Azerbaijan Grand Prix-Race-OCO-1,Audit rule: throttle < 0 or > 100; the source value is retained
throttle,outside_0_100,104.0,2018,Azerbaijan Grand Prix,Race,OCO,1,681,90.83,2018-Azerbaijan Grand Prix-Race-OCO-1,Audit rule: throttle < 0 or > 100; the source value is retained
throttle,outside_0_100,104.0,2018,Azerbaijan Grand Prix,Race,OCO,1,682,90.854,2018-Azerbaijan Grand Prix-Race-OCO-1,Audit rule: throttle < 0 or > 100; the source value is retained
throttle,outside_0_100,104.0,2018,Azerbaijan Grand Prix,Race,OCO,1,683,91.094,2018-Azerbaijan Grand Prix-Race-OCO-1,Audit rule: throttle < 0 or > 100; the source value is retained
throttle,outside_0_100,104.0,2018,Azerbaijan Grand Prix,Race,OCO,1,684,91.13,2018-Azerbaijan Grand Prix-Race-OCO-1,Audit rule: throttle < 0 or > 100; the source value is retained
throttle,outside_0_100,104.0,2018,Azerbaijan Grand Prix,Race,OCO,1,685,91.334,2018-Azerbaijan Grand Prix-Race-OCO-1,Audit rule: throttle < 0 or > 100; the source value is retained
throttle,outside_0_100,104.0,2018,Azerbaijan Grand Prix,Race,OCO,1,686,91.43,2018-Azerbaijan Grand Prix-Race-OCO-1,Audit rule: throttle < 0 or > 100; the source value is retained
throttle,outside_0_100,104.0,2018,Azerbaijan Grand Prix,Race,OCO,1,687,91.574,2018-Azerbaijan Grand Prix-Race-OCO-1,Audit rule: throttle < 0 or > 100; the source value is retained
throttle,outside_0_100,104.0,2018,Azerbaijan Grand Prix,Race,OCO,1,688,91.73,2018-Azerbaijan Grand Prix-Race-OCO-1,Audit rule: throttle < 0 or > 100; the source value is retained
throttle,outside_0_100,104.0,2018,Azerbaijan Grand Prix,Race,OCO,1,689,91.814,2018-Azerbaijan Grand Prix-Race-OCO-1,Audit rule: throttle < 0 or > 100; the source value is retained
throttle,outside_0_100,104.0,2018,Azerbaijan Grand Prix,Race,OCO,1,690,92.03,2018-Azerbaijan Grand Prix-Race-OCO-1,Audit rule: throttle < 0 or > 100; the source value is retained
throttle,outside_0_100,104.0,2018,Azerbaijan Grand Prix,Race,OCO,1,691,92.054,2018-Azerbaijan Grand Prix-Race-OCO-1,Audit rule: throttle < 0 or > 100; the source value is retained
throttle,outside_0_100,104.0,2018,Azerbaijan Grand Prix,Race,OCO,1,692,92.294,2018-Azerbaijan Grand Prix-Race-OCO-1,Audit rule: throttle < 0 or > 100; the source value is retained
throttle,outside_0_100,104.0,2018,Azerbaijan Grand Prix,Race,OCO,1,693,92.33,2018-Azerbaijan Grand Prix-Race-OCO-1,Audit rule: throttle < 0 or > 100; the source value is retained
throttle,outside_0_100,104.0,2018,Azerbaijan Grand Prix,Race,OCO,1,694,92.534,2018-Azerbaijan Grand Prix-Race-OCO-1,Audit rule: throttle < 0 or > 100; the source value is retained
throttle,outside_0_100,104.0,2018,Azerbaijan Grand Prix,Race,OCO,1,695,92.63,2018-Azerbaijan Grand Prix-Race-OCO-1,Audit rule: throttle < 0 or > 100; the source value is retained
throttle,outside_0_100,104.0,2018,Azerbaijan Grand Prix,Race,OCO,1,696,92.773,2018-Azerbaijan Grand Prix-Race-OCO-1,Audit rule: throttle < 0 or > 100; the source value is retained
throttle,outside_0_100,104.0,2018,Azerbaijan Grand Prix,Race,OCO,1,697,92.93,2018-Azerbaijan Grand Prix-Race-OCO-1,Audit rule: throttle < 0 or > 100; the source value is retained
throttle,outside_0_100,104.0,2018,Azerbaijan Grand Prix,Race,OCO,1,698,93.013,2018-Azerbaijan Grand Prix-Race-OCO-1,Audit rule: throttle < 0 or > 100; the source value is retained
throttle,outside_0_100,104.0,2018,Azerbaijan Grand Prix,Race,OCO,1,699,93.23,2018-Azerbaijan Grand Prix-Race-OCO-1,Audit rule: throttle < 0 or > 100; the source value is retained
throttle,outside_0_100,104.0,2018,Azerbaijan Grand Prix,Race,OCO,1,700,93.253,2018-Azerbaijan Grand Prix-Race-OCO-1,Audit rule: throttle < 0 or > 100; the source value is retained
throttle,outside_0_100,104.0,2018,Azerbaijan Grand Prix,Race,OCO,1,701,93.493,2018-Azerbaijan Grand Prix-Race-OCO-1,Audit rule: throttle < 0 or > 100; the source value is retained
throttle,outside_0_100,104.0,2018,Azerbaijan Grand Prix,Race,OCO,1,702,93.53,2018-Azerbaijan Grand Prix-Race-OCO-1,Audit rule: throttle < 0 or > 100; the source value is retained
throttle,outside_0_100,104.0,2018,Azerbaijan Grand Prix,Race,OCO,1,703,93.733,2018-Azerbaijan Grand Prix-Race-OCO-1,Audit rule: throttle < 0 or > 100; the source value is retained
throttle,outside_0_100,104.0,2018,Azerbaijan Grand Prix,Race,OCO,1,704,93.83,2018-Azerbaijan Grand Prix-Race-OCO-1,Audit rule: throttle < 0 or > 100; the source value is retained
throttle,outside_0_100,104.0,2018,Azerbaijan Grand Prix,Race,OCO,1,705,93.973,2018-Azerbaijan Grand Prix-Race-OCO-1,Audit rule: throttle < 0 or > 100; the source value is retained
throttle,outside_0_100,104.0,2018,Azerbaijan Grand Prix,Race,OCO,1,706,94.13,2018-Azerbaijan Grand Prix-Race-OCO-1,Audit rule: throttle < 0 or > 100; the source value is retained
throttle,outside_0_100,104.0,2018,Azerbaijan Grand Prix,Race,OCO,1,707,94.213,2018-Azerbaijan Grand Prix-Race-OCO-1,Audit rule: throttle < 0 or > 100; the source value is retained
throttle,outside_0_100,104.0,2018,Azerbaijan Grand Prix,Race,OCO,1,708,94.43,2018-Azerbaijan Grand Prix-Race-OCO-1,Audit rule: throttle < 0 or > 100; the source value is retained
throttle,outside_0_100,104.0,2018,Azerbaijan Grand Prix,Race,OCO,1,709,94.493,2018-Azerbaijan Grand Prix-Race-OCO-1,Audit rule: throttle < 0 or > 100; the source value is retained
throttle,outside_0_100,104.0,2018,Azerbaijan Grand Prix,Race,OCO,1,710,94.73,2018-Azerbaijan Grand Prix-Race-OCO-1,Audit rule: throttle < 0 or > 100; the source value is retained
throttle,outside_0_100,104.0,2018,Azerbaijan Grand Prix,Race,OCO,1,711,94.733,2018-Azerbaijan Grand Prix-Race-OCO-1,Audit rule: throttle < 0 or > 100; the source value is retained
throttle,outside_0_100,104.0,2018,Azerbaijan Grand Prix,Race,OCO,1,712,94.973,2018-Azerbaijan Grand Prix-Race-OCO-1,Audit rule: throttle < 0 or > 100; the source value is retained
throttle,outside_0_100,104.0,2018,Azerbaijan Grand Prix,Race,OCO,1,713,95.03,2018-Azerbaijan Grand Prix-Race-OCO-1,Audit rule: throttle < 0 or > 100; the source value is retained
throttle,outside_0_100,104.0,2018,Azerbaijan Grand Prix,Race,OCO,1,714,95.174,2018-Azerbaijan Grand Prix-Race-OCO-1,Audit rule: throttle < 0 or > 100; the source value is retained
throttle,outside_0_100,104.0,2018,Azerbaijan Grand Prix,Race,OCO,1,715,95.33,2018-Azerbaijan Grand Prix-Race-OCO-1,Audit rule: throttle < 0 or > 100; the source value is retained
throttle,outside_0_100,104.0,2018,Azerbaijan Grand Prix,Race,OCO,1,716,95.414,2018-Azerbaijan Grand Prix-Race-OCO-1,Audit rule: throttle < 0 or > 100; the source value is retained
throttle,outside_0_100,104.0,2018,Azerbaijan Grand Prix,Race,OCO,1,717,95.531,2018-Azerbaijan Grand Prix-Race-OCO-1,Audit rule: throttle < 0 or > 100; the source value is retained
throttle,outside_0_100,104.0,2018,Azerbaijan Grand Prix,Race,OCO,1,718,95.654,2018-Azerbaijan Grand Prix-Race-OCO-1,Audit rule: throttle < 0 or > 100; the source value is retained
throttle,outside_0_100,104.0,2018,Azerbaijan Grand Prix,Race,OCO,1,719,95.831,2018-Azerbaijan Grand Prix-Race-OCO-1,Audit rule: throttle < 0 or > 100; the source value is retained
throttle,outside_0_100,104.0,2018,Azerbaijan Grand Prix,Race,OCO,1,720,95.894,2018-Azerbaijan Grand Prix-Race-OCO-1,Audit rule: throttle < 0 or > 100; the source value is retained
throttle,outside_0_100,104.0,2018,Azerbaijan Grand Prix,Race,OCO,1,721,96.13,2018-Azerbaijan Grand Prix-Race-OCO-1,Audit rule: throttle < 0 or > 100; the source value is retained
throttle,outside_0_100,104.0,2018,Azerbaijan Grand Prix,Race,OCO,1,722,96.174,2018-Azerbaijan Grand Prix-Race-OCO-1,Audit rule: throttle < 0 or > 100; the source value is retained
throttle,outside_0_100,104.0,2018,Azerbaijan Grand Prix,Race,OCO,1,723,96.414,2018-Azerbaijan Grand Prix-Race-OCO-1,Audit rule: throttle < 0 or > 100; the source value is retained
throttle,outside_0_100,104.0,2018,Azerbaijan Grand Prix,Race,OCO,1,724,96.43,2018-Azerbaijan Grand Prix-Race-OCO-1,Audit rule: throttle < 0 or > 100; the source value is retained
throttle,outside_0_100,104.0,2018,Azerbaijan Grand Prix,Race,OCO,1,725,96.654,2018-Azerbaijan Grand Prix-Race-OCO-1,Audit rule: throttle < 0 or > 100; the source value is retained
throttle,outside_0_100,104.0,2018,Azerbaijan Grand Prix,Race,OCO,1,726,96.73,2018-Azerbaijan Grand Prix-Race-OCO-1,Audit rule: throttle < 0 or > 100; the source value is retained
throttle,outside_0_100,104.0,2018,Azerbaijan Grand Prix,Race,OCO,1,727,96.894,2018-Azerbaijan Grand Prix-Race-OCO-1,Audit rule: throttle < 0 or > 100; the source value is retained
throttle,outside_0_100,104.0,2018,Azerbaijan Grand Prix,Race,OCO,1,728,97.03,2018-Azerbaijan Grand Prix-Race-OCO-1,Audit rule: throttle < 0 or > 100; the source value is retained
throttle,outside_0_100,104.0,2018,Azerbaijan Grand Prix,Race,OCO,1,729,97.134,2018-Azerbaijan Grand Prix-Race-OCO-1,Audit rule: throttle < 0 or > 100; the source value is retained
throttle,outside_0_100,104.0,2018,Azerbaijan Grand Prix,Race,OCO,1,730,97.33,2018-Azerbaijan Grand Prix-Race-OCO-1,Audit rule: throttle < 0 or > 100; the source value is retained
throttle,outside_0_100,104.0,2018,Azerbaijan Grand Prix,Race,OCO,1,731,97.374,2018-Azerbaijan Grand Prix-Race-OCO-1,Audit rule: throttle < 0 or > 100; the source value is retained
throttle,outside_0_100,104.0,2018,Azerbaijan Grand Prix,Race,OCO,1,732,97.614,2018-Azerbaijan Grand Prix-Race-OCO-1,Audit rule: throttle < 0 or > 100; the source value is retained
throttle,outside_0_100,104.0,2018,Azerbaijan Grand Prix,Race,OCO,1,733,97.63,2018-Azerbaijan Grand Prix-Race-OCO-1,Audit rule: throttle < 0 or > 100; the source value is retained
throttle,outside_0_100,104.0,2018,Azerbaijan Grand Prix,Race,OCO,1,734,97.854,2018-Azerbaijan Grand Prix-Race-OCO-1,Audit rule: throttle < 0 or > 100; the source value is retained
throttle,outside_0_100,104.0,2018,Azerbaijan Grand Prix,Race,OCO,1,735,97.93,2018-Azerbaijan Grand Prix-Race-OCO-1,Audit rule: throttle < 0 or > 100; the source value is retained
throttle,outside_0_100,104.0,2018,Azerbaijan Grand Prix,Race,OCO,1,736,98.094,2018-Azerbaijan Grand Prix-Race-OCO-1,Audit rule: throttle < 0 or > 100; the source value is retained
throttle,outside_0_100,104.0,2018,Azerbaijan Grand Prix,Race,OCO,1,737,98.23,2018-Azerbaijan Grand Prix-Race-OCO-1,Audit rule: throttle < 0 or > 100; the source value is retained
throttle,outside_0_100,104.0,2018,Azerbaijan Grand Prix,Race,OCO,1,738,98.334,2018-Azerbaijan Grand Prix-Race-OCO-1,Audit rule: throttle < 0 or > 100; the source value is retained
throttle,outside_0_100,104.0,2018,Azerbaijan Grand Prix,Race,OCO,1,739,98.53,2018-Azerbaijan Grand Prix-Race-OCO-1,Audit rule: throttle < 0 or > 100; the source value is retained
throttle,outside_0_100,104.0,2018,Azerbaijan Grand Prix,Race,OCO,1,740,98.574,2018-Azerbaijan Grand Prix-Race-OCO-1,Audit rule: throttle < 0 or > 100; the source value is retained
throttle,outside_0_100,104.0,2018,Azerbaijan Grand Prix,Race,OCO,1,741,98.814,2018-Azerbaijan Grand Prix-Race-OCO-1,Audit rule: throttle < 0 or > 100; the source value is retained
throttle,outside_0_100,104.0,2018,Azerbaijan Grand Prix,Race,OCO,1,742,98.83,2018-Azerbaijan Grand Prix-Race-OCO-1,Audit rule: throttle < 0 or > 100; the source value is retained
throttle,outside_0_100,104.0,2018,Azerbaijan Grand Prix,Race,OCO,1,743,99.054,2018-Azerbaijan Grand Prix-Race-OCO-1,Audit rule: throttle < 0 or > 100; the source value is retained
throttle,outside_0_100,104.0,2018,Azerbaijan Grand Prix,Race,OCO,1,744,99.13,2018-Azerbaijan Grand Prix-Race-OCO-1,Audit rule: throttle < 0 or > 100; the source value is retained
throttle,outside_0_100,104.0,2018,Azerbaijan Grand Prix,Race,OCO,1,745,99.294,2018-Azerbaijan Grand Prix-Race-OCO-1,Audit rule: throttle < 0 or > 100; the source value is retained
throttle,outside_0_100,104.0,2018,Azerbaijan Grand Prix,Race,OCO,1,746,99.43,2018-Azerbaijan Grand Prix-Race-OCO-1,Audit rule: throttle < 0 or > 100; the source value is retained
throttle,outside_0_100,104.0,2018,Azerbaijan Grand Prix,Race,OCO,1,747,99.534,2018-Azerbaijan Grand Prix-Race-OCO-1,Audit rule: throttle < 0 or > 100; the source value is retained
throttle,outside_0_100,104.0,2018,Azerbaijan Grand Prix,Race,OCO,1,748,99.73,2018-Azerbaijan Grand Prix-Race-OCO-1,Audit rule: throttle < 0 or > 100; the source value is retained
throttle,outside_0_100,104.0,2018,Azerbaijan Grand Prix,Race,OCO,1,749,99.773,2018-Azerbaijan Grand Prix-Race-OCO-1,Audit rule: throttle < 0 or > 100; the source value is retained
throttle,outside_0_100,104.0,2018,Azerbaijan Grand Prix,Race,OCO,1,750,100.013,2018-Azerbaijan Grand Prix-Race-OCO-1,Audit rule: throttle < 0 or > 100; the source value is retained
throttle,outside_0_100,104.0,2018,Azerbaijan Grand Prix,Race,OCO,1,751,100.03,2018-Azerbaijan Grand Prix-Race-OCO-1,Audit rule: throttle < 0 or > 100; the source value is retained
throttle,outside_0_100,104.0,2018,Azerbaijan Grand Prix,Race,OCO,1,752,100.253,2018-Azerbaijan Grand Prix-Race-OCO-1,Audit rule: throttle < 0 or > 100; the source value is retained
throttle,outside_0_100,104.0,2018,Azerbaijan Grand Prix,Race,OCO,1,753,100.33,2018-Azerbaijan Grand Prix-Race-OCO-1,Audit rule: throttle < 0 or > 100; the source value is retained
throttle,outside_0_100,104.0,2018,Azerbaijan Grand Prix,Race,OCO,1,754,100.493,2018-Azerbaijan Grand Prix-Race-OCO-1,Audit rule: throttle < 0 or > 100; the source value is retained
throttle,outside_0_100,104.0,2018,Azerbaijan Grand Prix,Race,OCO,1,755,100.63,2018-Azerbaijan Grand Prix-Race-OCO-1,Audit rule: throttle < 0 or > 100; the source value is retained
throttle,outside_0_100,104.0,2018,Azerbaijan Grand Prix,Race,OCO,1,756,100.733,2018-Azerbaijan Grand Prix-Race-OCO-1,Audit rule: throttle < 0 or > 100; the source value is retained
throttle,outside_0_100,104.0,2018,Azerbaijan Grand Prix,Race,OCO,1,757,100.93,2018-Azerbaijan Grand Prix-Race-OCO-1,Audit rule: throttle < 0 or > 100; the source value is retained
throttle,outside_0_100,104.0,2018,Azerbaijan Grand Prix,Race,OCO,1,758,100.973,2018-Azerbaijan Grand Prix-Race-OCO-1,Audit rule: throttle < 0 or > 100; the source value is retained
throttle,outside_0_100,104.0,2018,Azerbaijan Grand Prix,Race,OCO,1,759,101.213,2018-Azerbaijan Grand Prix-Race-OCO-1,Audit rule: throttle < 0 or > 100; the source value is retained
throttle,outside_0_100,104.0,2018,Azerbaijan Grand Prix,Race,OCO,1,760,101.23,2018-Azerbaijan Grand Prix-Race-OCO-1,Audit rule: throttle < 0 or > 100; the source value is retained
throttle,outside_0_100,104.0,2018,Azerbaijan Grand Prix,Race,OCO,1,761,101.453,2018-Azerbaijan Grand Prix-Race-OCO-1,Audit rule: throttle < 0 or > 100; the source value is retained
throttle,outside_0_100,104.0,2018,Azerbaijan Grand Prix,Race,OCO,1,762,101.53,2018-Azerbaijan Grand Prix-Race-OCO-1,Audit rule: throttle < 0 or > 100; the source value is retained
throttle,outside_0_100,104.0,2018,Azerbaijan Grand Prix,Race,OCO,1,763,101.654,2018-Azerbaijan Grand Prix-Race-OCO-1,Audit rule: throttle < 0 or > 100; the source value is retained
throttle,outside_0_100,104.0,2018,Azerbaijan Grand Prix,Race,OCO,1,764,101.83,2018-Azerbaijan Grand Prix-Race-OCO-1,Audit rule: throttle < 0 or > 100; the source value is retained
throttle,outside_0_100,104.0,2018,Azerbaijan Grand Prix,Race,OCO,1,765,101.894,2018-Azerbaijan Grand Prix-Race-OCO-1,Audit rule: throttle < 0 or > 100; the source value is retained
throttle,outside_0_100,104.0,2018,Azerbaijan Grand Prix,Race,OCO,1,766,102.031,2018-Azerbaijan Grand Prix-Race-OCO-1,Audit rule: throttle < 0 or > 100; the source value is retained
throttle,outside_0_100,104.0,2018,Azerbaijan Grand Prix,Race,OCO,1,767,102.134,2018-Azerbaijan Grand Prix-Race-OCO-1,Audit rule: throttle < 0 or > 100; the source value is retained
throttle,outside_0_100,104.0,2018,Azerbaijan Grand Prix,Race,OCO,1,768,102.331,2018-Azerbaijan Grand Prix-Race-OCO-1,Audit rule: throttle < 0 or > 100; the source value is retained
throttle,outside_0_100,104.0,2018,Azerbaijan Grand Prix,Race,OCO,1,769,102.374,2018-Azerbaijan Grand Prix-Race-OCO-1,Audit rule: throttle < 0 or > 100; the source value is retained
throttle,outside_0_100,104.0,2018,Azerbaijan Grand Prix,Race,OCO,1,770,102.614,2018-Azerbaijan Grand Prix-Race-OCO-1,Audit rule: throttle < 0 or > 100; the source value is retained
throttle,outside_0_100,104.0,2018,Azerbaijan Grand Prix,Race,OCO,1,771,102.631,2018-Azerbaijan Grand Prix-Race-OCO-1,Audit rule: throttle < 0 or > 100; the source value is retained
throttle,outside_0_100,104.0,2018,Azerbaijan Grand Prix,Race,OCO,1,772,102.854,2018-Azerbaijan Grand Prix-Race-OCO-1,Audit rule: throttle < 0 or > 100; the source value is retained
throttle,outside_0_100,104.0,2018,Azerbaijan Grand Prix,Race,OCO,1,773,102.931,2018-Azerbaijan Grand Prix-Race-OCO-1,Audit rule: throttle < 0 or > 100; the source value is retained
throttle,outside_0_100,104.0,2018,Azerbaijan Grand Prix,Race,OCO,1,774,103.094,2018-Azerbaijan Grand Prix-Race-OCO-1,Audit rule: throttle < 0 or > 100; the source value is retained
throttle,outside_0_100,104.0,2018,Azerbaijan Grand Prix,Race,OCO,1,775,103.231,2018-Azerbaijan Grand Prix-Race-OCO-1,Audit rule: throttle < 0 or > 100; the source value is retained
throttle,outside_0_100,104.0,2018,Azerbaijan Grand Prix,Race,OCO,1,776,103.334,2018-Azerbaijan Grand Prix-Race-OCO-1,Audit rule: throttle < 0 or > 100; the source value is retained
throttle,outside_0_100,104.0,2018,Azerbaijan Grand Prix,Race,OCO,1,777,103.53,2018-Azerbaijan Grand Prix-Race-OCO-1,Audit rule: throttle < 0 or > 100; the source value is retained
throttle,outside_0_100,104.0,2018,Azerbaijan Grand Prix,Race,OCO,1,778,103.574,2018-Azerbaijan Grand Prix-Race-OCO-1,Audit rule: throttle < 0 or > 100; the source value is retained
throttle,outside_0_100,104.0,2018,Azerbaijan Grand Prix,Race,OCO,1,779,103.814,2018-Azerbaijan Grand Prix-Race-OCO-1,Audit rule: throttle < 0 or > 100; the source value is retained
throttle,outside_0_100,104.0,2018,Azerbaijan Grand Prix,Race,OCO,1,780,103.83,2018-Azerbaijan Grand Prix-Race-OCO-1,Audit rule: throttle < 0 or > 100; the source value is retained
throttle,outside_0_100,104.0,2018,Azerbaijan Grand Prix,Race,OCO,1,781,104.054,2018-Azerbaijan Grand Prix-Race-OCO-1,Audit rule: throttle < 0 or > 100; the source value is retained
throttle,outside_0_100,104.0,2018,Azerbaijan Grand Prix,Race,OCO,1,782,104.13,2018-Azerbaijan Grand Prix-Race-OCO-1,Audit rule: throttle < 0 or > 100; the source value is retained
throttle,outside_0_100,104.0,2018,Azerbaijan Grand Prix,Race,OCO,1,783,104.294,2018-Azerbaijan Grand Prix-Race-OCO-1,Audit rule: throttle < 0 or > 100; the source value is retained
throttle,outside_0_100,104.0,2018,Azerbaijan Grand Prix,Race,OCO,1,784,104.43,2018-Azerbaijan Grand Prix-Race-OCO-1,Audit rule: throttle < 0 or > 100; the source value is retained
throttle,outside_0_100,104.0,2018,Azerbaijan Grand Prix,Race,OCO,1,785,104.574,2018-Azerbaijan Grand Prix-Race-OCO-1,Audit rule: throttle < 0 or > 100; the source value is retained
throttle,outside_0_100,104.0,2018,Azerbaijan Grand Prix,Race,OCO,1,786,104.73,2018-Azerbaijan Grand Prix-Race-OCO-1,Audit rule: throttle < 0 or > 100; the source value is retained
throttle,outside_0_100,104.0,2018,Azerbaijan Grand Prix,Race,OCO,1,787,104.814,2018-Azerbaijan Grand Prix-Race-OCO-1,Audit rule: throttle < 0 or > 100; the source value is retained
throttle,outside_0_100,104.0,2018,Azerbaijan Grand Prix,Race,OCO,1,788,105.03,2018-Azerbaijan Grand Prix-Race-OCO-1,Audit rule: throttle < 0 or > 100; the source value is retained
throttle,outside_0_100,104.0,2018,Azerbaijan Grand Prix,Race,OCO,1,789,105.054,2018-Azerbaijan Grand Prix-Race-OCO-1,Audit rule: throttle < 0 or > 100; the source value is retained
throttle,outside_0_100,104.0,2018,Azerbaijan Grand Prix,Race,OCO,1,790,105.33,2018-Azerbaijan Grand Prix-Race-OCO-1,Audit rule: throttle < 0 or > 100; the source value is retained
throttle,outside_0_100,104.0,2018,Azerbaijan Grand Prix,Race,OCO,1,791,105.334,2018-Azerbaijan Grand Prix-Race-OCO-1,Audit rule: throttle < 0 or > 100; the source value is retained
throttle,outside_0_100,104.0,2018,Azerbaijan Grand Prix,Race,OCO,1,792,105.574,2018-Azerbaijan Grand Prix-Race-OCO-1,Audit rule: throttle < 0 or > 100; the source value is retained
throttle,outside_0_100,104.0,2018,Azerbaijan Grand Prix,Race,OCO,1,793,105.63,2018-Azerbaijan Grand Prix-Race-OCO-1,Audit rule: throttle < 0 or > 100; the source value is retained
throttle,outside_0_100,104.0,2018,Azerbaijan Grand Prix,Race,OCO,1,794,105.854,2018-Azerbaijan Grand Prix-Race-OCO-1,Audit rule: throttle < 0 or > 100; the source value is retained
throttle,outside_0_100,104.0,2018,Azerbaijan Grand Prix,Race,OCO,1,795,105.93,2018-Azerbaijan Grand Prix-Race-OCO-1,Audit rule: throttle < 0 or > 100; the source value is retained
throttle,outside_0_100,104.0,2018,Azerbaijan Grand Prix,Race,OCO,1,796,106.094,2018-Azerbaijan Grand Prix-Race-OCO-1,Audit rule: throttle < 0 or > 100; the source value is retained
throttle,outside_0_100,104.0,2018,Azerbaijan Grand Prix,Race,OCO,1,797,106.23,2018-Azerbaijan Grand Prix-Race-OCO-1,Audit rule: throttle < 0 or > 100; the source value is retained
throttle,outside_0_100,104.0,2018,Azerbaijan Grand Prix,Race,OCO,1,798,106.334,2018-Azerbaijan Grand Prix-Race-OCO-1,Audit rule: throttle < 0 or > 100; the source value is retained
throttle,outside_0_100,104.0,2018,Azerbaijan Grand Prix,Race,OCO,1,799,106.53,2018-Azerbaijan Grand Prix-Race-OCO-1,Audit rule: throttle < 0 or > 100; the source value is retained
throttle,outside_0_100,104.0,2018,Azerbaijan Grand Prix,Race,OCO,1,800,106.574,2018-Azerbaijan Grand Prix-Race-OCO-1,Audit rule: throttle < 0 or > 100; the source value is retained
throttle,outside_0_100,104.0,2018,Azerbaijan Grand Prix,Race,OCO,1,801,106.813,2018-Azerbaijan Grand Prix-Race-OCO-1,Audit rule: throttle < 0 or > 100; the source value is retained
throttle,outside_0_100,104.0,2018,Azerbaijan Grand Prix,Race,OCO,1,802,106.83,2018-Azerbaijan Grand Prix-Race-OCO-1,Audit rule: throttle < 0 or > 100; the source value is retained
throttle,outside_0_100,104.0,2018,Azerbaijan Grand Prix,Race,OCO,1,803,107.053,2018-Azerbaijan Grand Prix-Race-OCO-1,Audit rule: throttle < 0 or > 100; the source value is retained
throttle,outside_0_100,104.0,2018,Azerbaijan Grand Prix,Race,OCO,1,804,107.13,2018-Azerbaijan Grand Prix-Race-OCO-1,Audit rule: throttle < 0 or > 100; the source value is retained
throttle,outside_0_100,104.0,2018,Azerbaijan Grand Prix,Race,OCO,1,805,107.293,2018-Azerbaijan Grand Prix-Race-OCO-1,Audit rule: throttle < 0 or > 100; the source value is retained
throttle,outside_0_100,104.0,2018,Azerbaijan Grand Prix,Race,OCO,1,806,107.43,2018-Azerbaijan Grand Prix-Race-OCO-1,Audit rule: throttle < 0 or > 100; the source value is retained
throttle,outside_0_100,104.0,2018,Azerbaijan Grand Prix,Race,OCO,1,807,107.533,2018-Azerbaijan Grand Prix-Race-OCO-1,Audit rule: throttle < 0 or > 100; the source value is retained
throttle,outside_0_100,104.0,2018,Azerbaijan Grand Prix,Race,OCO,1,808,107.73,2018-Azerbaijan Grand Prix-Race-OCO-1,Audit rule: throttle < 0 or > 100; the source value is retained
throttle,outside_0_100,104.0,2018,Azerbaijan Grand Prix,Race,OCO,1,809,107.773,2018-Azerbaijan Grand Prix-Race-OCO-1,Audit rule: throttle < 0 or > 100; the source value is retained
throttle,outside_0_100,104.0,2018,Azerbaijan Grand Prix,Race,OCO,1,810,108.013,2018-Azerbaijan Grand Prix-Race-OCO-1,Audit rule: throttle < 0 or > 100; the source value is retained
throttle,outside_0_100,104.0,2018,Azerbaijan Grand Prix,Race,OCO,1,811,108.03,2018-Azerbaijan Grand Prix-Race-OCO-1,Audit rule: throttle < 0 or > 100; the source value is retained
throttle,outside_0_100,104.0,2018,Azerbaijan Grand Prix,Race,OCO,1,812,108.214,2018-Azerbaijan Grand Prix-Race-OCO-1,Audit rule: throttle < 0 or > 100; the source value is retained
throttle,outside_0_100,104.0,2018,Azerbaijan Grand Prix,Race,OCO,1,813,108.33,2018-Azerbaijan Grand Prix-Race-OCO-1,Audit rule: throttle < 0 or > 100; the source value is retained
throttle,outside_0_100,104.0,2018,Azerbaijan Grand Prix,Race,OCO,1,814,108.454,2018-Azerbaijan Grand Prix-Race-OCO-1,Audit rule: throttle < 0 or > 100; the source value is retained
throttle,outside_0_100,104.0,2018,Azerbaijan Grand Prix,Race,OCO,1,815,108.631,2018-Azerbaijan Grand Prix-Race-OCO-1,Audit rule: throttle < 0 or > 100; the source value is retained
throttle,outside_0_100,104.0,2018,Azerbaijan Grand Prix,Race,OCO,1,816,108.694,2018-Azerbaijan Grand Prix-Race-OCO-1,Audit rule: throttle < 0 or > 100; the source value is retained
throttle,outside_0_100,104.0,2018,Azerbaijan Grand Prix,Race,OCO,1,817,108.931,2018-Azerbaijan Grand Prix-Race-OCO-1,Audit rule: throttle < 0 or > 100; the source value is retained
throttle,outside_0_100,104.0,2018,Azerbaijan Grand Prix,Race,OCO,1,818,108.934,2018-Azerbaijan Grand Prix-Race-OCO-1,Audit rule: throttle < 0 or > 100; the source value is retained
throttle,outside_0_100,104.0,2018,Azerbaijan Grand Prix,Race,OCO,1,819,109.174,2018-Azerbaijan Grand Prix-Race-OCO-1,Audit rule: throttle < 0 or > 100; the source value is retained
throttle,outside_0_100,104.0,2018,Azerbaijan Grand Prix,Race,OCO,1,820,109.231,2018-Azerbaijan Grand Prix-Race-OCO-1,Audit rule: throttle < 0 or > 100; the source value is retained
throttle,outside_0_100,104.0,2018,Azerbaijan Grand Prix,Race,OCO,1,821,109.414,2018-Azerbaijan Grand Prix-Race-OCO-1,Audit rule: throttle < 0 or > 100; the source value is retained
throttle,outside_0_100,104.0,2018,Azerbaijan Grand Prix,Race,OCO,1,822,109.531,2018-Azerbaijan Grand Prix-Race-OCO-1,Audit rule: throttle < 0 or > 100; the source value is retained
throttle,outside_0_100,104.0,2018,Azerbaijan Grand Prix,Race,OCO,1,823,109.654,2018-Azerbaijan Grand Prix-Race-OCO-1,Audit rule: throttle < 0 or > 100; the source value is retained
throttle,outside_0_100,104.0,2018,Azerbaijan Grand Prix,Race,OCO,1,824,109.831,2018-Azerbaijan Grand Prix-Race-OCO-1,Audit rule: throttle < 0 or > 100; the source value is retained
throttle,outside_0_100,104.0,2018,Azerbaijan Grand Prix,Race,OCO,1,825,109.894,2018-Azerbaijan Grand Prix-Race-OCO-1,Audit rule: throttle < 0 or > 100; the source value is retained
throttle,outside_0_100,104.0,2018,Azerbaijan Grand Prix,Race,OCO,1,826,110.131,2018-Azerbaijan Grand Prix-Race-OCO-1,Audit rule: throttle < 0 or > 100; the source value is retained
throttle,outside_0_100,104.0,2018,Azerbaijan Grand Prix,Race,OCO,1,827,110.134,2018-Azerbaijan Grand Prix-Race-OCO-1,Audit rule: throttle < 0 or > 100; the source value is retained
throttle,outside_0_100,104.0,2018,Azerbaijan Grand Prix,Race,OCO,1,828,110.374,2018-Azerbaijan Grand Prix-Race-OCO-1,Audit rule: throttle < 0 or > 100; the source value is retained
throttle,outside_0_100,104.0,2018,Azerbaijan Grand Prix,Race,OCO,1,829,110.431,2018-Azerbaijan Grand Prix-Race-OCO-1,Audit rule: throttle < 0 or > 100; the source value is retained
throttle,outside_0_100,104.0,2018,Azerbaijan Grand Prix,Race,OCO,1,830,110.614,2018-Azerbaijan Grand Prix-Race-OCO-1,Audit rule: throttle < 0 or > 100; the source value is retained
throttle,outside_0_100,104.0,2018,Azerbaijan Grand Prix,Race,OCO,1,831,110.731,2018-Azerbaijan Grand Prix-Race-OCO-1,Audit rule: throttle < 0 or > 100; the source value is retained
throttle,outside_0_100,104.0,2018,Azerbaijan Grand Prix,Race,OCO,1,832,110.854,2018-Azerbaijan Grand Prix-Race-OCO-1,Audit rule: throttle < 0 or > 100; the source value is retained
throttle,outside_0_100,104.0,2018,Azerbaijan Grand Prix,Race,OCO,1,833,111.03,2018-Azerbaijan Grand Prix-Race-OCO-1,Audit rule: throttle < 0 or > 100; the source value is retained
throttle,outside_0_100,104.0,2018,Azerbaijan Grand Prix,Race,OCO,1,834,111.094,2018-Azerbaijan Grand Prix-Race-OCO-1,Audit rule: throttle < 0 or > 100; the source value is retained
throttle,outside_0_100,104.0,2018,Azerbaijan Grand Prix,Race,OCO,1,835,111.33,2018-Azerbaijan Grand Prix-Race-OCO-1,Audit rule: throttle < 0 or > 100; the source value is retained
throttle,outside_0_100,104.0,2018,Azerbaijan Grand Prix,Race,OCO,1,836,111.414,2018-Azerbaijan Grand Prix-Race-OCO-1,Audit rule: throttle < 0 or > 100; the source value is retained
throttle,outside_0_100,104.0,2018,Azerbaijan Grand Prix,Race,OCO,1,837,111.63,2018-Azerbaijan Grand Prix-Race-OCO-1,Audit rule: throttle < 0 or > 100; the source value is retained
throttle,outside_0_100,104.0,2018,Azerbaijan Grand Prix,Race,OCO,1,838,111.654,2018-Azerbaijan Grand Prix-Race-OCO-1,Audit rule: throttle < 0 or > 100; the source value is retained
throttle,outside_0_100,104.0,2018,Azerbaijan Grand Prix,Race,OCO,1,839,111.93,2018-Azerbaijan Grand Prix-Race-OCO-1,Audit rule: throttle < 0 or > 100; the source value is retained
throttle,outside_0_100,104.0,2018,Azerbaijan Grand Prix,Race,OCO,1,840,111.934,2018-Azerbaijan Grand Prix-Race-OCO-1,Audit rule: throttle < 0 or > 100; the source value is retained
throttle,outside_0_100,104.0,2018,Azerbaijan Grand Prix,Race,OCO,1,841,112.174,2018-Azerbaijan Grand Prix-Race-OCO-1,Audit rule: throttle < 0 or > 100; the source value is retained
throttle,outside_0_100,104.0,2018,Azerbaijan Grand Prix,Race,OCO,1,842,112.23,2018-Azerbaijan Grand Prix-Race-OCO-1,Audit rule: throttle < 0 or > 100; the source value is retained
throttle,outside_0_100,104.0,2018,Azerbaijan Grand Prix,Race,OCO,1,843,112.414,2018-Azerbaijan Grand Prix-Race-OCO-1,Audit rule: throttle < 0 or > 100; the source value is retained
throttle,outside_0_100,104.0,2018,Azerbaijan Grand Prix,Race,OCO,1,844,112.53,2018-Azerbaijan Grand Prix-Race-OCO-1,Audit rule: throttle < 0 or > 100; the source value is retained
throttle,outside_0_100,104.0,2018,Azerbaijan Grand Prix,Race,OCO,1,845,112.654,2018-Azerbaijan Grand Prix-Race-OCO-1,Audit rule: throttle < 0 or > 100; the source value is retained
throttle,outside_0_100,104.0,2018,Azerbaijan Grand Prix,Race,OCO,1,846,112.83,2018-Azerbaijan Grand Prix-Race-OCO-1,Audit rule: throttle < 0 or > 100; the source value is retained
throttle,outside_0_100,104.0,2018,Azerbaijan Grand Prix,Race,OCO,1,847,112.894,2018-Azerbaijan Grand Prix-Race-OCO-1,Audit rule: throttle < 0 or > 100; the source value is retained
throttle,outside_0_100,104.0,2018,Azerbaijan Grand Prix,Race,OCO,1,848,113.13,2018-Azerbaijan Grand Prix-Race-OCO-1,Audit rule: throttle < 0 or > 100; the source value is retained
throttle,outside_0_100,104.0,2018,Azerbaijan Grand Prix,Race,OCO,1,849,113.134,2018-Azerbaijan Grand Prix-Race-OCO-1,Audit rule: throttle < 0 or > 100; the source value is retained
throttle,outside_0_100,104.0,2018,Azerbaijan Grand Prix,Race,OCO,1,850,113.374,2018-Azerbaijan Grand Prix-Race-OCO-1,Audit rule: throttle < 0 or > 100; the source value is retained
throttle,outside_0_100,104.0,2018,Azerbaijan Grand Prix,Race,OCO,1,851,113.43,2018-Azerbaijan Grand Prix-Race-OCO-1,Audit rule: throttle < 0 or > 100; the source value is retained
throttle,outside_0_100,104.0,2018,Azerbaijan Grand Prix,Race,OCO,1,852,113.614,2018-Azerbaijan Grand Prix-Race-OCO-1,Audit rule: throttle < 0 or > 100; the source value is retained
throttle,outside_0_100,104.0,2018,Azerbaijan Grand Prix,Race,OCO,1,853,113.73,2018-Azerbaijan Grand Prix-Race-OCO-1,Audit rule: throttle < 0 or > 100; the source value is retained
throttle,outside_0_100,104.0,2018,Azerbaijan Grand Prix,Race,OCO,1,854,113.853,2018-Azerbaijan Grand Prix-Race-OCO-1,Audit rule: throttle < 0 or > 100; the source value is retained
throttle,outside_0_100,104.0,2018,Azerbaijan Grand Prix,Race,OCO,1,855,114.03,2018-Azerbaijan Grand Prix-Race-OCO-1,Audit rule: throttle < 0 or > 100; the source value is retained
throttle,outside_0_100,104.0,2018,Azerbaijan Grand Prix,Race,OCO,1,856,114.093,2018-Azerbaijan Grand Prix-Race-OCO-1,Audit rule: throttle < 0 or > 100; the source value is retained
throttle,outside_0_100,104.0,2018,Azerbaijan Grand Prix,Race,OCO,1,857,114.33,2018-Azerbaijan Grand Prix-Race-OCO-1,Audit rule: throttle < 0 or > 100; the source value is retained
throttle,outside_0_100,104.0,2018,Azerbaijan Grand Prix,Race,OCO,1,858,114.333,2018-Azerbaijan Grand Prix-Race-OCO-1,Audit rule: throttle < 0 or > 100; the source value is retained
throttle,outside_0_100,104.0,2018,Azerbaijan Grand Prix,Race,OCO,1,859,114.573,2018-Azerbaijan Grand Prix-Race-OCO-1,Audit rule: throttle < 0 or > 100; the source value is retained
throttle,outside_0_100,104.0,2018,Azerbaijan Grand Prix,Race,OCO,1,860,114.63,2018-Azerbaijan Grand Prix-Race-OCO-1,Audit rule: throttle < 0 or > 100; the source value is retained
throttle,outside_0_100,104.0,2018,Azerbaijan Grand Prix,Race,OCO,1,861,114.774,2018-Azerbaijan Grand Prix-Race-OCO-1,Audit rule: throttle < 0 or > 100; the source value is retained
throttle,outside_0_100,104.0,2018,Azerbaijan Grand Prix,Race,OCO,1,862,114.93,2018-Azerbaijan Grand Prix-Race-OCO-1,Audit rule: throttle < 0 or > 100; the source value is retained
throttle,outside_0_100,104.0,2018,Azerbaijan Grand Prix,Race,OCO,1,863,115.014,2018-Azerbaijan Grand Prix-Race-OCO-1,Audit rule: throttle < 0 or > 100; the source value is retained
throttle,outside_0_100,104.0,2018,Azerbaijan Grand Prix,Race,OCO,1,864,115.131,2018-Azerbaijan Grand Prix-Race-OCO-1,Audit rule: throttle < 0 or > 100; the source value is retained
throttle,outside_0_100,104.0,2018,Azerbaijan Grand Prix,Race,OCO,1,865,115.254,2018-Azerbaijan Grand Prix-Race-OCO-1,Audit rule: throttle < 0 or > 100; the source value is retained
throttle,outside_0_100,104.0,2018,Azerbaijan Grand Prix,Race,OCO,1,866,115.431,2018-Azerbaijan Grand Prix-Race-OCO-1,Audit rule: throttle < 0 or > 100; the source value is retained
throttle,outside_0_100,104.0,2018,Azerbaijan Grand Prix,Race,OCO,1,867,115.494,2018-Azerbaijan Grand Prix-Race-OCO-1,Audit rule: throttle < 0 or > 100; the source value is retained
throttle,outside_0_100,104.0,2018,Azerbaijan Grand Prix,Race,OCO,1,868,115.731,2018-Azerbaijan Grand Prix-Race-OCO-1,Audit rule: throttle < 0 or > 100; the source value is retained
throttle,outside_0_100,104.0,2018,Azerbaijan Grand Prix,Race,OCO,1,869,115.734,2018-Azerbaijan Grand Prix-Race-OCO-1,Audit rule: throttle < 0 or > 100; the source value is retained
throttle,outside_0_100,104.0,2018,Azerbaijan Grand Prix,Race,OCO,1,870,115.974,2018-Azerbaijan Grand Prix-Race-OCO-1,Audit rule: throttle < 0 or > 100; the source value is retained
throttle,outside_0_100,104.0,2018,Azerbaijan Grand Prix,Race,OCO,1,871,116.031,2018-Azerbaijan Grand Prix-Race-OCO-1,Audit rule: throttle < 0 or > 100; the source value is retained
throttle,outside_0_100,104.0,2018,Azerbaijan Grand Prix,Race,OCO,1,872,116.214,2018-Azerbaijan Grand Prix-Race-OCO-1,Audit rule: throttle < 0 or > 100; the source value is retained
throttle,outside_0_100,104.0,2018,Azerbaijan Grand Prix,Race,OCO,1,873,116.331,2018-Azerbaijan Grand Prix-Race-OCO-1,Audit rule: throttle < 0 or > 100; the source value is retained
throttle,outside_0_100,104.0,2018,Azerbaijan Grand Prix,Race,OCO,1,874,116.454,2018-Azerbaijan Grand Prix-Race-OCO-1,Audit rule: throttle < 0 or > 100; the source value is retained
throttle,outside_0_100,104.0,2018,Azerbaijan Grand Prix,Race,OCO,1,875,116.631,2018-Azerbaijan Grand Prix-Race-OCO-1,Audit rule: throttle < 0 or > 100; the source value is retained
throttle,outside_0_100,104.0,2018,Azerbaijan Grand Prix,Race,OCO,1,876,116.694,2018-Azerbaijan Grand Prix-Race-OCO-1,Audit rule: throttle < 0 or > 100; the source value is retained
throttle,outside_0_100,104.0,2018,Azerbaijan Grand Prix,Race,OCO,1,877,116.931,2018-Azerbaijan Grand Prix-Race-OCO-1,Audit rule: throttle < 0 or > 100; the source value is retained
throttle,outside_0_100,104.0,2018,Azerbaijan Grand Prix,Race,OCO,1,878,116.934,2018-Azerbaijan Grand Prix-Race-OCO-1,Audit rule: throttle < 0 or > 100; the source value is retained
throttle,outside_0_100,104.0,2018,Azerbaijan Grand Prix,Race,OCO,1,879,117.174,2018-Azerbaijan Grand Prix-Race-OCO-1,Audit rule: throttle < 0 or > 100; the source value is retained
throttle,outside_0_100,104.0,2018,Azerbaijan Grand Prix,Race,OCO,1,880,117.231,2018-Azerbaijan Grand Prix-Race-OCO-1,Audit rule: throttle < 0 or > 100; the source value is retained
throttle,outside_0_100,104.0,2018,Azerbaijan Grand Prix,Race,OCO,1,881,117.414,2018-Azerbaijan Grand Prix-Race-OCO-1,Audit rule: throttle < 0 or > 100; the source value is retained
throttle,outside_0_100,104.0,2018,Azerbaijan Grand Prix,Race,OCO,1,882,117.531,2018-Azerbaijan Grand Prix-Race-OCO-1,Audit rule: throttle < 0 or > 100; the source value is retained
throttle,outside_0_100,104.0,2018,Azerbaijan Grand Prix,Race,OCO,1,883,117.654,2018-Azerbaijan Grand Prix-Race-OCO-1,Audit rule: throttle < 0 or > 100; the source value is retained
throttle,outside_0_100,104.0,2018,Azerbaijan Grand Prix,Race,OCO,1,884,117.831,2018-Azerbaijan Grand Prix-Race-OCO-1,Audit rule: throttle < 0 or > 100; the source value is retained
throttle,outside_0_100,104.0,2018,Azerbaijan Grand Prix,Race,OCO,1,885,117.894,2018-Azerbaijan Grand Prix-Race-OCO-1,Audit rule: throttle < 0 or > 100; the source value is retained
throttle,outside_0_100,104.0,2018,Azerbaijan Grand Prix,Race,OCO,1,886,118.13,2018-Azerbaijan Grand Prix-Race-OCO-1,Audit rule: throttle < 0 or > 100; the source value is retained
throttle,outside_0_100,104.0,2018,Azerbaijan Grand Prix,Race,OCO,1,887,118.134,2018-Azerbaijan Grand Prix-Race-OCO-1,Audit rule: throttle < 0 or > 100; the source value is retained
throttle,outside_0_100,104.0,2018,Azerbaijan Grand Prix,Race,OCO,1,888,118.374,2018-Azerbaijan Grand Prix-Race-OCO-1,Audit rule: throttle < 0 or > 100; the source value is retained
throttle,outside_0_100,104.0,2018,Azerbaijan Grand Prix,Race,OCO,1,889,118.43,2018-Azerbaijan Grand Prix-Race-OCO-1,Audit rule: throttle < 0 or > 100; the source value is retained
throttle,outside_0_100,104.0,2018,Azerbaijan Grand Prix,Race,OCO,1,890,118.614,2018-Azerbaijan Grand Prix-Race-OCO-1,Audit rule: throttle < 0 or > 100; the source value is retained
throttle,outside_0_100,104.0,2018,Azerbaijan Grand Prix,Race,OCO,1,891,118.73,2018-Azerbaijan Grand Prix-Race-OCO-1,Audit rule: throttle < 0 or > 100; the source value is retained
throttle,outside_0_100,104.0,2018,Azerbaijan Grand Prix,Race,OCO,1,892,118.854,2018-Azerbaijan Grand Prix-Race-OCO-1,Audit rule: throttle < 0 or > 100; the source value is retained
throttle,outside_0_100,104.0,2018,Azerbaijan Grand Prix,Race,OCO,1,893,119.03,2018-Azerbaijan Grand Prix-Race-OCO-1,Audit rule: throttle < 0 or > 100; the source value is retained
throttle,outside_0_100,104.0,2018,Azerbaijan Grand Prix,Race,OCO,1,894,119.094,2018-Azerbaijan Grand Prix-Race-OCO-1,Audit rule: throttle < 0 or > 100; the source value is retained
throttle,outside_0_100,104.0,2018,Azerbaijan Grand Prix,Race,OCO,1,895,119.33,2018-Azerbaijan Grand Prix-Race-OCO-1,Audit rule: throttle < 0 or > 100; the source value is retained
throttle,outside_0_100,104.0,2018,Azerbaijan Grand Prix,Race,OCO,1,896,119.334,2018-Azerbaijan Grand Prix-Race-OCO-1,Audit rule: throttle < 0 or > 100; the source value is retained
throttle,outside_0_100,104.0,2018,Azerbaijan Grand Prix,Race,OCO,1,897,119.574,2018-Azerbaijan Grand Prix-Race-OCO-1,Audit rule: throttle < 0 or > 100; the source value is retained
throttle,outside_0_100,104.0,2018,Azerbaijan Grand Prix,Race,OCO,1,898,119.63,2018-Azerbaijan Grand Prix-Race-OCO-1,Audit rule: throttle < 0 or > 100; the source value is retained
throttle,outside_0_100,104.0,2018,Azerbaijan Grand Prix,Race,OCO,1,899,119.814,2018-Azerbaijan Grand Prix-Race-OCO-1,Audit rule: throttle < 0 or > 100; the source value is retained
throttle,outside_0_100,104.0,2018,Azerbaijan Grand Prix,Race,OCO,1,900,119.93,2018-Azerbaijan Grand Prix-Race-OCO-1,Audit rule: throttle < 0 or > 100; the source value is retained
throttle,outside_0_100,104.0,2018,Azerbaijan Grand Prix,Race,OCO,1,901,120.054,2018-Azerbaijan Grand Prix-Race-OCO-1,Audit rule: throttle < 0 or > 100; the source value is retained
throttle,outside_0_100,104.0,2018,Azerbaijan Grand Prix,Race,OCO,1,902,120.23,2018-Azerbaijan Grand Prix-Race-OCO-1,Audit rule: throttle < 0 or > 100; the source value is retained
throttle,outside_0_100,104.0,2018,Azerbaijan Grand Prix,Race,OCO,1,903,120.294,2018-Azerbaijan Grand Prix-Race-OCO-1,Audit rule: throttle < 0 or > 100; the source value is retained
throttle,outside_0_100,104.0,2018,Azerbaijan Grand Prix,Race,OCO,1,904,120.53,2018-Azerbaijan Grand Prix-Race-OCO-1,Audit rule: throttle < 0 or > 100; the source value is retained
throttle,outside_0_100,104.0,2018,Azerbaijan Grand Prix,Race,OCO,1,905,120.534,2018-Azerbaijan Grand Prix-Race-OCO-1,Audit rule: throttle < 0 or > 100; the source value is retained
throttle,outside_0_100,104.0,2018,Azerbaijan Grand Prix,Race,OCO,1,906,120.774,2018-Azerbaijan Grand Prix-Race-OCO-1,Audit rule: throttle < 0 or > 100; the source value is retained
throttle,outside_0_100,104.0,2018,Azerbaijan Grand Prix,Race,OCO,1,907,120.83,2018-Azerbaijan Grand Prix-Race-OCO-1,Audit rule: throttle < 0 or > 100; the source value is retained
throttle,outside_0_100,104.0,2018,Azerbaijan Grand Prix,Race,OCO,1,908,121.013,2018-Azerbaijan Grand Prix-Race-OCO-1,Audit rule: throttle < 0 or > 100; the source value is retained
throttle,outside_0_100,104.0,2018,Azerbaijan Grand Prix,Race,OCO,1,909,121.13,2018-Azerbaijan Grand Prix-Race-OCO-1,Audit rule: throttle < 0 or > 100; the source value is retained
throttle,outside_0_100,104.0,2018,Azerbaijan Grand Prix,Race,OCO,1,910,121.214,2018-Azerbaijan Grand Prix-Race-OCO-1,Audit rule: throttle < 0 or > 100; the source value is retained
throttle,outside_0_100,104.0,2018,Azerbaijan Grand Prix,Race,OCO,1,911,121.43,2018-Azerbaijan Grand Prix-Race-OCO-1,Audit rule: throttle < 0 or > 100; the source value is retained
throttle,outside_0_100,104.0,2018,Azerbaijan Grand Prix,Race,OCO,1,912,121.454,2018-Azerbaijan Grand Prix-Race-OCO-1,Audit rule: throttle < 0 or > 100; the source value is retained
throttle,outside_0_100,104.0,2018,Azerbaijan Grand Prix,Race,OCO,1,913,121.631,2018-Azerbaijan Grand Prix-Race-OCO-1,Audit rule: throttle < 0 or > 100; the source value is retained
throttle,outside_0_100,104.0,2018,Azerbaijan Grand Prix,Race,OCO,1,914,121.694,2018-Azerbaijan Grand Prix-Race-OCO-1,Audit rule: throttle < 0 or > 100; the source value is retained
throttle,outside_0_100,104.0,2018,Azerbaijan Grand Prix,Race,OCO,1,915,121.931,2018-Azerbaijan Grand Prix-Race-OCO-1,Audit rule: throttle < 0 or > 100; the source value is retained
throttle,outside_0_100,104.0,2018,Azerbaijan Grand Prix,Race,OCO,1,916,121.934,2018-Azerbaijan Grand Prix-Race-OCO-1,Audit rule: throttle < 0 or > 100; the source value is retained
throttle,outside_0_100,104.0,2018,Azerbaijan Grand Prix,Race,OCO,1,917,122.174,2018-Azerbaijan Grand Prix-Race-OCO-1,Audit rule: throttle < 0 or > 100; the source value is retained
throttle,outside_0_100,104.0,2018,Azerbaijan Grand Prix,Race,OCO,1,918,122.231,2018-Azerbaijan Grand Prix-Race-OCO-1,Audit rule: throttle < 0 or > 100; the source value is retained
throttle,outside_0_100,104.0,2018,Azerbaijan Grand Prix,Race,OCO,1,919,122.414,2018-Azerbaijan Grand Prix-Race-OCO-1,Audit rule: throttle < 0 or > 100; the source value is retained
throttle,outside_0_100,104.0,2018,Azerbaijan Grand Prix,Race,OCO,1,920,122.531,2018-Azerbaijan Grand Prix-Race-OCO-1,Audit rule: throttle < 0 or > 100; the source value is retained
throttle,outside_0_100,104.0,2018,Azerbaijan Grand Prix,Race,OCO,1,921,122.654,2018-Azerbaijan Grand Prix-Race-OCO-1,Audit rule: throttle < 0 or > 100; the source value is retained
throttle,outside_0_100,104.0,2018,Azerbaijan Grand Prix,Race,OCO,1,922,122.831,2018-Azerbaijan Grand Prix-Race-OCO-1,Audit rule: throttle < 0 or > 100; the source value is retained
throttle,outside_0_100,104.0,2018,Azerbaijan Grand Prix,Race,OCO,1,923,122.894,2018-Azerbaijan Grand Prix-Race-OCO-1,Audit rule: throttle < 0 or > 100; the source value is retained
throttle,outside_0_100,104.0,2018,Azerbaijan Grand Prix,Race,OCO,1,924,123.131,2018-Azerbaijan Grand Prix-Race-OCO-1,Audit rule: throttle < 0 or > 100; the source value is retained
throttle,outside_0_100,104.0,2018,Azerbaijan Grand Prix,Race,OCO,1,925,123.174,2018-Azerbaijan Grand Prix-Race-OCO-1,Audit rule: throttle < 0 or > 100; the source value is retained
throttle,outside_0_100,104.0,2018,Azerbaijan Grand Prix,Race,OCO,1,926,123.414,2018-Azerbaijan Grand Prix-Race-OCO-1,Audit rule: throttle < 0 or > 100; the source value is retained
throttle,outside_0_100,104.0,2018,Azerbaijan Grand Prix,Race,OCO,1,927,123.431,2018-Azerbaijan Grand Prix-Race-OCO-1,Audit rule: throttle < 0 or > 100; the source value is retained
throttle,outside_0_100,104.0,2018,Azerbaijan Grand Prix,Race,OCO,1,928,123.694,2018-Azerbaijan Grand Prix-Race-OCO-1,Audit rule: throttle < 0 or > 100; the source value is retained
throttle,outside_0_100,104.0,2018,Azerbaijan Grand Prix,Race,OCO,1,929,123.731,2018-Azerbaijan Grand Prix-Race-OCO-1,Audit rule: throttle < 0 or > 100; the source value is retained
throttle,outside_0_100,104.0,2018,Azerbaijan Grand Prix,Race,OCO,1,930,123.934,2018-Azerbaijan Grand Prix-Race-OCO-1,Audit rule: throttle < 0 or > 100; the source value is retained
throttle,outside_0_100,104.0,2018,Azerbaijan Grand Prix,Race,OCO,1,931,124.031,2018-Azerbaijan Grand Prix-Race-OCO-1,Audit rule: throttle < 0 or > 100; the source value is retained
throttle,outside_0_100,104.0,2018,Azerbaijan Grand Prix,Race,OCO,1,932,124.174,2018-Azerbaijan Grand Prix-Race-OCO-1,Audit rule: throttle < 0 or > 100; the source value is retained
throttle,outside_0_100,104.0,2018,Azerbaijan Grand Prix,Race,OCO,1,933,124.331,2018-Azerbaijan Grand Prix-Race-OCO-1,Audit rule: throttle < 0 or > 100; the source value is retained
throttle,outside_0_100,104.0,2018,Azerbaijan Grand Prix,Race,OCO,1,934,124.414,2018-Azerbaijan Grand Prix-Race-OCO-1,Audit rule: throttle < 0 or > 100; the source value is retained
throttle,outside_0_100,104.0,2018,Azerbaijan Grand Prix,Race,OCO,1,935,124.631,2018-Azerbaijan Grand Prix-Race-OCO-1,Audit rule: throttle < 0 or > 100; the source value is retained
throttle,outside_0_100,104.0,2018,Azerbaijan Grand Prix,Race,OCO,1,936,124.654,2018-Azerbaijan Grand Prix-Race-OCO-1,Audit rule: throttle < 0 or > 100; the source value is retained
throttle,outside_0_100,104.0,2018,Azerbaijan Grand Prix,Race,OCO,1,937,124.931,2018-Azerbaijan Grand Prix-Race-OCO-1,Audit rule: throttle < 0 or > 100; the source value is retained
throttle,outside_0_100,104.0,2018,Azerbaijan Grand Prix,Race,OCO,1,938,124.934,2018-Azerbaijan Grand Prix-Race-OCO-1,Audit rule: throttle < 0 or > 100; the source value is retained
throttle,outside_0_100,104.0,2018,Azerbaijan Grand Prix,Race,OCO,1,939,125.174,2018-Azerbaijan Grand Prix-Race-OCO-1,Audit rule: throttle < 0 or > 100; the source value is retained
throttle,outside_0_100,104.0,2018,Azerbaijan Grand Prix,Race,OCO,1,940,125.231,2018-Azerbaijan Grand Prix-Race-OCO-1,Audit rule: throttle < 0 or > 100; the source value is retained
throttle,outside_0_100,104.0,2018,Azerbaijan Grand Prix,Race,OCO,1,941,125.414,2018-Azerbaijan Grand Prix-Race-OCO-1,Audit rule: throttle < 0 or > 100; the source value is retained
throttle,outside_0_100,104.0,2018,Azerbaijan Grand Prix,Race,OCO,1,942,125.53,2018-Azerbaijan Grand Prix-Race-OCO-1,Audit rule: throttle < 0 or > 100; the source value is retained
throttle,outside_0_100,104.0,2018,Azerbaijan Grand Prix,Race,OCO,1,943,125.654,2018-Azerbaijan Grand Prix-Race-OCO-1,Audit rule: throttle < 0 or > 100; the source value is retained
throttle,outside_0_100,104.0,2018,Azerbaijan Grand Prix,Race,OCO,1,944,125.83,2018-Azerbaijan Grand Prix-Race-OCO-1,Audit rule: throttle < 0 or > 100; the source value is retained
throttle,outside_0_100,104.0,2018,Azerbaijan Grand Prix,Race,OCO,1,945,125.894,2018-Azerbaijan Grand Prix-Race-OCO-1,Audit rule: throttle < 0 or > 100; the source value is retained
throttle,outside_0_100,104.0,2018,Azerbaijan Grand Prix,Race,OCO,1,946,126.13,2018-Azerbaijan Grand Prix-Race-OCO-1,Audit rule: throttle < 0 or > 100; the source value is retained
throttle,outside_0_100,104.0,2018,Azerbaijan Grand Prix,Race,OCO,1,947,126.134,2018-Azerbaijan Grand Prix-Race-OCO-1,Audit rule: throttle < 0 or > 100; the source value is retained
throttle,outside_0_100,104.0,2018,Azerbaijan Grand Prix,Race,OCO,1,948,126.374,2018-Azerbaijan Grand Prix-Race-OCO-1,Audit rule: throttle < 0 or > 100; the source value is retained
throttle,outside_0_100,104.0,2018,Azerbaijan Grand Prix,Race,OCO,1,949,126.43,2018-Azerbaijan Grand Prix-Race-OCO-1,Audit rule: throttle < 0 or > 100; the source value is retained
throttle,outside_0_100,104.0,2018,Azerbaijan Grand Prix,Race,OCO,1,950,126.614,2018-Azerbaijan Grand Prix-Race-OCO-1,Audit rule: throttle < 0 or > 100; the source value is retained
throttle,outside_0_100,104.0,2018,Azerbaijan Grand Prix,Race,OCO,1,951,126.73,2018-Azerbaijan Grand Prix-Race-OCO-1,Audit rule: throttle < 0 or > 100; the source value is retained
throttle,outside_0_100,104.0,2018,Azerbaijan Grand Prix,Race,OCO,1,952,126.854,2018-Azerbaijan Grand Prix-Race-OCO-1,Audit rule: throttle < 0 or > 100; the source value is retained
throttle,outside_0_100,104.0,2018,Azerbaijan Grand Prix,Race,OCO,1,953,127.03,2018-Azerbaijan Grand Prix-Race-OCO-1,Audit rule: throttle < 0 or > 100; the source value is retained
throttle,outside_0_100,104.0,2018,Azerbaijan Grand Prix,Race,OCO,1,954,127.094,2018-Azerbaijan Grand Prix-Race-OCO-1,Audit rule: throttle < 0 or > 100; the source value is retained
throttle,outside_0_100,104.0,2018,Azerbaijan Grand Prix,Race,OCO,1,955,127.33,2018-Azerbaijan Grand Prix-Race-OCO-1,Audit rule: throttle < 0 or > 100; the source value is retained
throttle,outside_0_100,104.0,2018,Azerbaijan Grand Prix,Race,OCO,1,956,127.334,2018-Azerbaijan Grand Prix-Race-OCO-1,Audit rule: throttle < 0 or > 100; the source value is retained
throttle,outside_0_100,104.0,2018,Azerbaijan Grand Prix,Race,OCO,1,957,127.574,2018-Azerbaijan Grand Prix-Race-OCO-1,Audit rule: throttle < 0 or > 100; the source value is retained
throttle,outside_0_100,104.0,2018,Azerbaijan Grand Prix,Race,OCO,1,958,127.63,2018-Azerbaijan Grand Prix-Race-OCO-1,Audit rule: throttle < 0 or > 100; the source value is retained
throttle,outside_0_100,104.0,2018,Azerbaijan Grand Prix,Race,OCO,1,959,127.775,2018-Azerbaijan Grand Prix-Race-OCO-1,Audit rule: throttle < 0 or > 100; the source value is retained
throttle,outside_0_100,104.0,2018,Azerbaijan Grand Prix,Race,OCO,1,960,127.93,2018-Azerbaijan Grand Prix-Race-OCO-1,Audit rule: throttle < 0 or > 100; the source value is retained
throttle,outside_0_100,104.0,2018,Azerbaijan Grand Prix,Race,OCO,1,961,128.014,2018-Azerbaijan Grand Prix-Race-OCO-1,Audit rule: throttle < 0 or > 100; the source value is retained
throttle,outside_0_100,104.0,2018,Azerbaijan Grand Prix,Race,OCO,1,962,128.231,2018-Azerbaijan Grand Prix-Race-OCO-1,Audit rule: throttle < 0 or > 100; the source value is retained
throttle,outside_0_100,104.0,2018,Azerbaijan Grand Prix,Race,OCO,1,963,128.254,2018-Azerbaijan Grand Prix-Race-OCO-1,Audit rule: throttle < 0 or > 100; the source value is retained
throttle,outside_0_100,104.0,2018,Azerbaijan Grand Prix,Race,OCO,1,964,128.494,2018-Azerbaijan Grand Prix-Race-OCO-1,Audit rule: throttle < 0 or > 100; the source value is retained
throttle,outside_0_100,104.0,2018,Azerbaijan Grand Prix,Race,OCO,1,965,128.531,2018-Azerbaijan Grand Prix-Race-OCO-1,Audit rule: throttle < 0 or > 100; the source value is retained
throttle,outside_0_100,104.0,2018,Azerbaijan Grand Prix,Race,OCO,1,966,128.734,2018-Azerbaijan Grand Prix-Race-OCO-1,Audit rule: throttle < 0 or > 100; the source value is retained
throttle,outside_0_100,104.0,2018,Azerbaijan Grand Prix,Race,OCO,1,967,128.831,2018-Azerbaijan Grand Prix-Race-OCO-1,Audit rule: throttle < 0 or > 100; the source value is retained
throttle,outside_0_100,104.0,2018,Azerbaijan Grand Prix,Race,OCO,1,968,129.014,2018-Azerbaijan Grand Prix-Race-OCO-1,Audit rule: throttle < 0 or > 100; the source value is retained
throttle,outside_0_100,104.0,2018,Azerbaijan Grand Prix,Race,OCO,1,969,129.131,2018-Azerbaijan Grand Prix-Race-OCO-1,Audit rule: throttle < 0 or > 100; the source value is retained
throttle,outside_0_100,104.0,2018,Azerbaijan Grand Prix,Race,OCO,1,970,129.254,2018-Azerbaijan Grand Prix-Race-OCO-1,Audit rule: throttle < 0 or > 100; the source value is retained
throttle,outside_0_100,104.0,2018,Azerbaijan Grand Prix,Race,OCO,1,971,129.431,2018-Azerbaijan Grand Prix-Race-OCO-1,Audit rule: throttle < 0 or > 100; the source value is retained
throttle,outside_0_100,104.0,2018,Azerbaijan Grand Prix,Race,OCO,1,972,129.494,2018-Azerbaijan Grand Prix-Race-OCO-1,Audit rule: throttle < 0 or > 100; the source value is retained
throttle,outside_0_100,104.0,2018,Azerbaijan Grand Prix,Race,OCO,1,973,129.731,2018-Azerbaijan Grand Prix-Race-OCO-1,Audit rule: throttle < 0 or > 100; the source value is retained
throttle,outside_0_100,104.0,2018,Azerbaijan Grand Prix,Race,OCO,1,974,129.734,2018-Azerbaijan Grand Prix-Race-OCO-1,Audit rule: throttle < 0 or > 100; the source value is retained
throttle,outside_0_100,104.0,2018,Azerbaijan Grand Prix,Race,OCO,1,975,129.974,2018-Azerbaijan Grand Prix-Race-OCO-1,Audit rule: throttle < 0 or > 100; the source value is retained
throttle,outside_0_100,104.0,2018,Azerbaijan Grand Prix,Race,OCO,1,976,130.031,2018-Azerbaijan Grand Prix-Race-OCO-1,Audit rule: throttle < 0 or > 100; the source value is retained
throttle,outside_0_100,104.0,2018,Azerbaijan Grand Prix,Race,OCO,1,977,130.214,2018-Azerbaijan Grand Prix-Race-OCO-1,Audit rule: throttle < 0 or > 100; the source value is retained
throttle,outside_0_100,104.0,2018,Azerbaijan Grand Prix,Race,OCO,1,978,130.331,2018-Azerbaijan Grand Prix-Race-OCO-1,Audit rule: throttle < 0 or > 100; the source value is retained
throttle,outside_0_100,104.0,2018,Azerbaijan Grand Prix,Race,OCO,1,979,130.454,2018-Azerbaijan Grand Prix-Race-OCO-1,Audit rule: throttle < 0 or > 100; the source value is retained
throttle,outside_0_100,104.0,2018,Azerbaijan Grand Prix,Race,OCO,1,980,130.631,2018-Azerbaijan Grand Prix-Race-OCO-1,Audit rule: throttle < 0 or > 100; the source value is retained
throttle,outside_0_100,104.0,2018,Azerbaijan Grand Prix,Race,OCO,1,981,130.694,2018-Azerbaijan Grand Prix-Race-OCO-1,Audit rule: throttle < 0 or > 100; the source value is retained
throttle,outside_0_100,104.0,2018,Azerbaijan Grand Prix,Race,OCO,1,982,130.931,2018-Azerbaijan Grand Prix-Race-OCO-1,Audit rule: throttle < 0 or > 100; the source value is retained
throttle,outside_0_100,104.0,2018,Azerbaijan Grand Prix,Race,OCO,1,983,130.934,2018-Azerbaijan Grand Prix-Race-OCO-1,Audit rule: throttle < 0 or > 100; the source value is retained
throttle,outside_0_100,104.0,2018,Azerbaijan Grand Prix,Race,OCO,1,984,131.174,2018-Azerbaijan Grand Prix-Race-OCO-1,Audit rule: throttle < 0 or > 100; the source value is retained
throttle,outside_0_100,104.0,2018,Azerbaijan Grand Prix,Race,OCO,1,985,131.231,2018-Azerbaijan Grand Prix-Race-OCO-1,Audit rule: throttle < 0 or > 100; the source value is retained
throttle,outside_0_100,104.0,2018,Azerbaijan Grand Prix,Race,OCO,1,986,131.414,2018-Azerbaijan Grand Prix-Race-OCO-1,Audit rule: throttle < 0 or > 100; the source value is retained
throttle,outside_0_100,104.0,2018,Azerbaijan Grand Prix,Race,OCO,1,987,131.531,2018-Azerbaijan Grand Prix-Race-OCO-1,Audit rule: throttle < 0 or > 100; the source value is retained
throttle,outside_0_100,104.0,2018,Azerbaijan Grand Prix,Race,OCO,1,988,131.654,2018-Azerbaijan Grand Prix-Race-OCO-1,Audit rule: throttle < 0 or > 100; the source value is retained
throttle,outside_0_100,104.0,2018,Azerbaijan Grand Prix,Race,OCO,1,989,131.831,2018-Azerbaijan Grand Prix-Race-OCO-1,Audit rule: throttle < 0 or > 100; the source value is retained
throttle,outside_0_100,104.0,2018,Azerbaijan Grand Prix,Race,OCO,1,990,131.894,2018-Azerbaijan Grand Prix-Race-OCO-1,Audit rule: throttle < 0 or > 100; the source value is retained
throttle,outside_0_100,104.0,2018,Azerbaijan Grand Prix,Race,OCO,1,991,132.131,2018-Azerbaijan Grand Prix-Race-OCO-1,Audit rule: throttle < 0 or > 100; the source value is retained
throttle,outside_0_100,104.0,2018,Azerbaijan Grand Prix,Race,OCO,1,992,132.134,2018-Azerbaijan Grand Prix-Race-OCO-1,Audit rule: throttle < 0 or > 100; the source value is retained
throttle,outside_0_100,104.0,2018,Azerbaijan Grand Prix,Race,OCO,1,993,132.374,2018-Azerbaijan Grand Prix-Race-OCO-1,Audit rule: throttle < 0 or > 100; the source value is retained
throttle,outside_0_100,104.0,2018,Azerbaijan Grand Prix,Race,OCO,1,994,132.431,2018-Azerbaijan Grand Prix-Race-OCO-1,Audit rule: throttle < 0 or > 100; the source value is retained
throttle,outside_0_100,104.0,2018,Azerbaijan Grand Prix,Race,OCO,1,995,132.614,2018-Azerbaijan Grand Prix-Race-OCO-1,Audit rule: throttle < 0 or > 100; the source value is retained
throttle,outside_0_100,104.0,2018,Azerbaijan Grand Prix,Race,OCO,1,996,132.731,2018-Azerbaijan Grand Prix-Race-OCO-1,Audit rule: throttle < 0 or > 100; the source value is retained
throttle,outside_0_100,104.0,2018,Azerbaijan Grand Prix,Race,OCO,1,997,132.854,2018-Azerbaijan Grand Prix-Race-OCO-1,Audit rule: throttle < 0 or > 100; the source value is retained
throttle,outside_0_100,104.0,2018,Azerbaijan Grand Prix,Race,OCO,1,998,133.03,2018-Azerbaijan Grand Prix-Race-OCO-1,Audit rule: throttle < 0 or > 100; the source value is retained
throttle,outside_0_100,104.0,2018,Azerbaijan Grand Prix,Race,OCO,1,999,133.094,2018-Azerbaijan Grand Prix-Race-OCO-1,Audit rule: throttle < 0 or > 100; the source value is retained
throttle,outside_0_100,104.0,2018,Azerbaijan Grand Prix,Race,OCO,1,1000,133.33,2018-Azerbaijan Grand Prix-Race-OCO-1,Audit rule: throttle < 0 or > 100; the source value is retained
throttle,outside_0_100,104.0,2018,Azerbaijan Grand Prix,Race,OCO,1,1001,133.374,2018-Azerbaijan Grand Prix-Race-OCO-1,Audit rule: throttle < 0 or > 100; the source value is retained
throttle,outside_0_100,104.0,2018,Azerbaijan Grand Prix,Race,OCO,1,1002,133.614,2018-Azerbaijan Grand Prix-Race-OCO-1,Audit rule: throttle < 0 or > 100; the source value is retained
throttle,outside_0_100,104.0,2018,Azerbaijan Grand Prix,Race,OCO,1,1003,133.63,2018-Azerbaijan Grand Prix-Race-OCO-1,Audit rule: throttle < 0 or > 100; the source value is retained
throttle,outside_0_100,104.0,2018,Azerbaijan Grand Prix,Race,OCO,1,1004,133.854,2018-Azerbaijan Grand Prix-Race-OCO-1,Audit rule: throttle < 0 or > 100; the source value is retained
throttle,outside_0_100,104.0,2018,Azerbaijan Grand Prix,Race,OCO,1,1005,133.93,2018-Azerbaijan Grand Prix-Race-OCO-1,Audit rule: throttle < 0 or > 100; the source value is retained
throttle,outside_0_100,104.0,2018,Azerbaijan Grand Prix,Race,OCO,1,1006,134.094,2018-Azerbaijan Grand Prix-Race-OCO-1,Audit rule: throttle < 0 or > 100; the source value is retained
throttle,outside_0_100,104.0,2018,Azerbaijan Grand Prix,Race,OCO,1,1007,134.23,2018-Azerbaijan Grand Prix-Race-OCO-1,Audit rule: throttle < 0 or > 100; the source value is retained
throttle,outside_0_100,104.0,2018,Azerbaijan Grand Prix,Race,OCO,1,1008,134.295,2018-Azerbaijan Grand Prix-Race-OCO-1,Audit rule: throttle < 0 or > 100; the source value is retained
throttle,outside_0_100,104.0,2018,Azerbaijan Grand Prix,Race,OCO,1,1009,134.53,2018-Azerbaijan Grand Prix-Race-OCO-1,Audit rule: throttle < 0 or > 100; the source value is retained
throttle,outside_0_100,104.0,2018,Azerbaijan Grand Prix,Race,OCO,1,1010,134.535,2018-Azerbaijan Grand Prix-Race-OCO-1,Audit rule: throttle < 0 or > 100; the source value is retained
throttle,outside_0_100,104.0,2018,Azerbaijan Grand Prix,Race,OCO,1,1011,134.731,2018-Azerbaijan Grand Prix-Race-OCO-1,Audit rule: throttle < 0 or > 100; the source value is retained
throttle,outside_0_100,104.0,2018,Azerbaijan Grand Prix,Race,OCO,1,1012,134.854,2018-Azerbaijan Grand Prix-Race-OCO-1,Audit rule: throttle < 0 or > 100; the source value is retained
throttle,outside_0_100,104.0,2018,Azerbaijan Grand Prix,Race,OCO,1,1013,135.031,2018-Azerbaijan Grand Prix-Race-OCO-1,Audit rule: throttle < 0 or > 100; the source value is retained
throttle,outside_0_100,104.0,2018,Azerbaijan Grand Prix,Race,OCO,1,1014,135.094,2018-Azerbaijan Grand Prix-Race-OCO-1,Audit rule: throttle < 0 or > 100; the source value is retained
throttle,outside_0_100,104.0,2018,Azerbaijan Grand Prix,Race,OCO,1,1015,135.331,2018-Azerbaijan Grand Prix-Race-OCO-1,Audit rule: throttle < 0 or > 100; the source value is retained
throttle,outside_0_100,104.0,2018,Azerbaijan Grand Prix,Race,OCO,1,1016,135.334,2018-Azerbaijan Grand Prix-Race-OCO-1,Audit rule: throttle < 0 or > 100; the source value is retained
throttle,outside_0_100,104.0,2018,Azerbaijan Grand Prix,Race,OCO,1,1017,135.574,2018-Azerbaijan Grand Prix-Race-OCO-1,Audit rule: throttle < 0 or > 100; the source value is retained
throttle,outside_0_100,104.0,2018,Azerbaijan Grand Prix,Race,OCO,1,1018,135.631,2018-Azerbaijan Grand Prix-Race-OCO-1,Audit rule: throttle < 0 or > 100; the source value is retained
throttle,outside_0_100,104.0,2018,Azerbaijan Grand Prix,Race,OCO,1,1019,135.814,2018-Azerbaijan Grand Prix-Race-OCO-1,Audit rule: throttle < 0 or > 100; the source value is retained
throttle,outside_0_100,104.0,2018,Azerbaijan Grand Prix,Race,OCO,1,1020,135.931,2018-Azerbaijan Grand Prix-Race-OCO-1,Audit rule: throttle < 0 or > 100; the source value is retained
throttle,outside_0_100,104.0,2018,Azerbaijan Grand Prix,Race,OCO,1,1021,136.054,2018-Azerbaijan Grand Prix-Race-OCO-1,Audit rule: throttle < 0 or > 100; the source value is retained
throttle,outside_0_100,104.0,2018,Azerbaijan Grand Prix,Race,OCO,1,1022,136.231,2018-Azerbaijan Grand Prix-Race-OCO-1,Audit rule: throttle < 0 or > 100; the source value is retained
throttle,outside_0_100,104.0,2018,Azerbaijan Grand Prix,Race,OCO,1,1023,136.294,2018-Azerbaijan Grand Prix-Race-OCO-1,Audit rule: throttle < 0 or > 100; the source value is retained
throttle,outside_0_100,104.0,2018,Azerbaijan Grand Prix,Race,OCO,1,1024,136.531,2018-Azerbaijan Grand Prix-Race-OCO-1,Audit rule: throttle < 0 or > 100; the source value is retained
throttle,outside_0_100,104.0,2018,Azerbaijan Grand Prix,Race,OCO,1,1025,136.534,2018-Azerbaijan Grand Prix-Race-OCO-1,Audit rule: throttle < 0 or > 100; the source value is retained
throttle,outside_0_100,104.0,2018,Azerbaijan Grand Prix,Race,OCO,1,1026,136.774,2018-Azerbaijan Grand Prix-Race-OCO-1,Audit rule: throttle < 0 or > 100; the source value is retained
throttle,outside_0_100,104.0,2018,Azerbaijan Grand Prix,Race,OCO,1,1027,136.831,2018-Azerbaijan Grand Prix-Race-OCO-1,Audit rule: throttle < 0 or > 100; the source value is retained
throttle,outside_0_100,104.0,2018,Azerbaijan Grand Prix,Race,OCO,1,1028,137.014,2018-Azerbaijan Grand Prix-Race-OCO-1,Audit rule: throttle < 0 or > 100; the source value is retained
throttle,outside_0_100,104.0,2018,Azerbaijan Grand Prix,Race,OCO,1,1029,137.131,2018-Azerbaijan Grand Prix-Race-OCO-1,Audit rule: throttle < 0 or > 100; the source value is retained
throttle,outside_0_100,104.0,2018,Azerbaijan Grand Prix,Race,OCO,1,1030,137.254,2018-Azerbaijan Grand Prix-Race-OCO-1,Audit rule: throttle < 0 or > 100; the source value is retained
throttle,outside_0_100,104.0,2018,Azerbaijan Grand Prix,Race,OCO,1,1031,137.431,2018-Azerbaijan Grand Prix-Race-OCO-1,Audit rule: throttle < 0 or > 100; the source value is retained
throttle,outside_0_100,104.0,2018,Azerbaijan Grand Prix,Race,OCO,1,1032,137.494,2018-Azerbaijan Grand Prix-Race-OCO-1,Audit rule: throttle < 0 or > 100; the source value is retained
throttle,outside_0_100,104.0,2018,Azerbaijan Grand Prix,Race,OCO,1,1033,137.731,2018-Azerbaijan Grand Prix-Race-OCO-1,Audit rule: throttle < 0 or > 100; the source value is retained
throttle,outside_0_100,104.0,2018,Azerbaijan Grand Prix,Race,OCO,1,1034,137.734,2018-Azerbaijan Grand Prix-Race-OCO-1,Audit rule: throttle < 0 or > 100; the source value is retained
throttle,outside_0_100,104.0,2018,Azerbaijan Grand Prix,Race,OCO,1,1035,137.974,2018-Azerbaijan Grand Prix-Race-OCO-1,Audit rule: throttle < 0 or > 100; the source value is retained
throttle,outside_0_100,104.0,2018,Azerbaijan Grand Prix,Race,OCO,1,1036,138.031,2018-Azerbaijan Grand Prix-Race-OCO-1,Audit rule: throttle < 0 or > 100; the source value is retained
throttle,outside_0_100,104.0,2018,Azerbaijan Grand Prix,Race,OCO,1,1037,138.214,2018-Azerbaijan Grand Prix-Race-OCO-1,Audit rule: throttle < 0 or > 100; the source value is retained
throttle,outside_0_100,104.0,2018,Azerbaijan Grand Prix,Race,OCO,1,1038,138.331,2018-Azerbaijan Grand Prix-Race-OCO-1,Audit rule: throttle < 0 or > 100; the source value is retained
throttle,outside_0_100,104.0,2018,Azerbaijan Grand Prix,Race,OCO,1,1039,138.454,2018-Azerbaijan Grand Prix-Race-OCO-1,Audit rule: throttle < 0 or > 100; the source value is retained
throttle,outside_0_100,104.0,2018,Azerbaijan Grand Prix,Race,OCO,1,1040,138.631,2018-Azerbaijan Grand Prix-Race-OCO-1,Audit rule: throttle < 0 or > 100; the source value is retained
throttle,outside_0_100,104.0,2018,Azerbaijan Grand Prix,Race,OCO,1,1041,138.694,2018-Azerbaijan Grand Prix-Race-OCO-1,Audit rule: throttle < 0 or > 100; the source value is retained
throttle,outside_0_100,104.0,2018,Azerbaijan Grand Prix,Race,OCO,1,1042,138.931,2018-Azerbaijan Grand Prix-Race-OCO-1,Audit rule: throttle < 0 or > 100; the source value is retained
throttle,outside_0_100,104.0,2018,Azerbaijan Grand Prix,Race,OCO,1,1043,138.934,2018-Azerbaijan Grand Prix-Race-OCO-1,Audit rule: throttle < 0 or > 100; the source value is retained
throttle,outside_0_100,104.0,2018,Azerbaijan Grand Prix,Race,OCO,1,1044,139.174,2018-Azerbaijan Grand Prix-Race-OCO-1,Audit rule: throttle < 0 or > 100; the source value is retained
throttle,outside_0_100,104.0,2018,Azerbaijan Grand Prix,Race,OCO,1,1045,139.231,2018-Azerbaijan Grand Prix-Race-OCO-1,Audit rule: throttle < 0 or > 100; the source value is retained
throttle,outside_0_100,104.0,2018,Azerbaijan Grand Prix,Race,OCO,1,1046,139.414,2018-Azerbaijan Grand Prix-Race-OCO-1,Audit rule: throttle < 0 or > 100; the source value is retained
throttle,outside_0_100,104.0,2018,Azerbaijan Grand Prix,Race,OCO,1,1047,139.531,2018-Azerbaijan Grand Prix-Race-OCO-1,Audit rule: throttle < 0 or > 100; the source value is retained
throttle,outside_0_100,104.0,2018,Azerbaijan Grand Prix,Race,OCO,1,1048,139.654,2018-Azerbaijan Grand Prix-Race-OCO-1,Audit rule: throttle < 0 or > 100; the source value is retained
throttle,outside_0_100,104.0,2018,Azerbaijan Grand Prix,Race,OCO,1,1049,139.831,2018-Azerbaijan Grand Prix-Race-OCO-1,Audit rule: throttle < 0 or > 100; the source value is retained
throttle,outside_0_100,104.0,2018,Azerbaijan Grand Prix,Race,OCO,1,1050,139.894,2018-Azerbaijan Grand Prix-Race-OCO-1,Audit rule: throttle < 0 or > 100; the source value is retained
throttle,outside_0_100,104.0,2018,Azerbaijan Grand Prix,Race,OCO,1,1051,140.13,2018-Azerbaijan Grand Prix-Race-OCO-1,Audit rule: throttle < 0 or > 100; the source value is retained
throttle,outside_0_100,104.0,2018,Azerbaijan Grand Prix,Race,OCO,1,1052,140.134,2018-Azerbaijan Grand Prix-Race-OCO-1,Audit rule: throttle < 0 or > 100; the source value is retained
throttle,outside_0_100,104.0,2018,Azerbaijan Grand Prix,Race,OCO,1,1053,140.374,2018-Azerbaijan Grand Prix-Race-OCO-1,Audit rule: throttle < 0 or > 100; the source value is retained
throttle,outside_0_100,104.0,2018,Azerbaijan Grand Prix,Race,OCO,1,1054,140.43,2018-Azerbaijan Grand Prix-Race-OCO-1,Audit rule: throttle < 0 or > 100; the source value is retained
throttle,outside_0_100,104.0,2018,Azerbaijan Grand Prix,Race,OCO,1,1055,140.73,2018-Azerbaijan Grand Prix-Race-OCO-1,Audit rule: throttle < 0 or > 100; the source value is retained
throttle,outside_0_100,104.0,2018,Azerbaijan Grand Prix,Race,OCO,1,1056,140.734,2018-Azerbaijan Grand Prix-Race-OCO-1,Audit rule: throttle < 0 or > 100; the source value is retained
throttle,outside_0_100,104.0,2018,Azerbaijan Grand Prix,Race,OCO,1,1057,140.935,2018-Azerbaijan Grand Prix-Race-OCO-1,Audit rule: throttle < 0 or > 100; the source value is retained
throttle,outside_0_100,104.0,2018,Azerbaijan Grand Prix,Race,OCO,1,1058,141.03,2018-Azerbaijan Grand Prix-Race-OCO-1,Audit rule: throttle < 0 or > 100; the source value is retained
throttle,outside_0_100,104.0,2018,Azerbaijan Grand Prix,Race,OCO,1,1059,141.175,2018-Azerbaijan Grand Prix-Race-OCO-1,Audit rule: throttle < 0 or > 100; the source value is retained
throttle,outside_0_100,104.0,2018,Azerbaijan Grand Prix,Race,OCO,1,1060,141.231,2018-Azerbaijan Grand Prix-Race-OCO-1,Audit rule: throttle < 0 or > 100; the source value is retained
throttle,outside_0_100,104.0,2018,Azerbaijan Grand Prix,Race,OCO,1,1061,141.415,2018-Azerbaijan Grand Prix-Race-OCO-1,Audit rule: throttle < 0 or > 100; the source value is retained
throttle,outside_0_100,104.0,2018,Azerbaijan Grand Prix,Race,OCO,1,1062,141.531,2018-Azerbaijan Grand Prix-Race-OCO-1,Audit rule: throttle < 0 or > 100; the source value is retained
throttle,outside_0_100,104.0,2018,Azerbaijan Grand Prix,Race,OCO,1,1063,141.655,2018-Azerbaijan Grand Prix-Race-OCO-1,Audit rule: throttle < 0 or > 100; the source value is retained
throttle,outside_0_100,104.0,2018,Azerbaijan Grand Prix,Race,OCO,1,1064,141.831,2018-Azerbaijan Grand Prix-Race-OCO-1,Audit rule: throttle < 0 or > 100; the source value is retained
throttle,outside_0_100,104.0,2018,Azerbaijan Grand Prix,Race,OCO,1,1065,141.894,2018-Azerbaijan Grand Prix-Race-OCO-1,Audit rule: throttle < 0 or > 100; the source value is retained
throttle,outside_0_100,104.0,2018,Azerbaijan Grand Prix,Race,OCO,1,1066,142.131,2018-Azerbaijan Grand Prix-Race-OCO-1,Audit rule: throttle < 0 or > 100; the source value is retained
throttle,outside_0_100,104.0,2018,Azerbaijan Grand Prix,Race,OCO,1,1067,142.134,2018-Azerbaijan Grand Prix-Race-OCO-1,Audit rule: throttle < 0 or > 100; the source value is retained
throttle,outside_0_100,104.0,2018,Azerbaijan Grand Prix,Race,OCO,1,1068,142.374,2018-Azerbaijan Grand Prix-Race-OCO-1,Audit rule: throttle < 0 or > 100; the source value is retained
throttle,outside_0_100,104.0,2018,Azerbaijan Grand Prix,Race,OCO,1,1069,142.431,2018-Azerbaijan Grand Prix-Race-OCO-1,Audit rule: throttle < 0 or > 100; the source value is retained
throttle,outside_0_100,104.0,2018,Azerbaijan Grand Prix,Race,OCO,1,1070,142.614,2018-Azerbaijan Grand Prix-Race-OCO-1,Audit rule: throttle < 0 or > 100; the source value is retained
throttle,outside_0_100,104.0,2018,Azerbaijan Grand Prix,Race,OCO,1,1071,142.731,2018-Azerbaijan Grand Prix-Race-OCO-1,Audit rule: throttle < 0 or > 100; the source value is retained
throttle,outside_0_100,104.0,2018,Azerbaijan Grand Prix,Race,OCO,1,1072,142.854,2018-Azerbaijan Grand Prix-Race-OCO-1,Audit rule: throttle < 0 or > 100; the source value is retained
throttle,outside_0_100,104.0,2018,Azerbaijan Grand Prix,Race,OCO,1,1073,143.031,2018-Azerbaijan Grand Prix-Race-OCO-1,Audit rule: throttle < 0 or > 100; the source value is retained
throttle,outside_0_100,104.0,2018,Azerbaijan Grand Prix,Race,OCO,1,1074,143.094,2018-Azerbaijan Grand Prix-Race-OCO-1,Audit rule: throttle < 0 or > 100; the source value is retained
throttle,outside_0_100,104.0,2018,Azerbaijan Grand Prix,Race,OCO,1,1075,143.331,2018-Azerbaijan Grand Prix-Race-OCO-1,Audit rule: throttle < 0 or > 100; the source value is retained
throttle,outside_0_100,104.0,2018,Azerbaijan Grand Prix,Race,OCO,1,1076,143.334,2018-Azerbaijan Grand Prix-Race-OCO-1,Audit rule: throttle < 0 or > 100; the source value is retained
throttle,outside_0_100,104.0,2018,Azerbaijan Grand Prix,Race,OCO,1,1077,143.574,2018-Azerbaijan Grand Prix-Race-OCO-1,Audit rule: throttle < 0 or > 100; the source value is retained
throttle,outside_0_100,104.0,2018,Azerbaijan Grand Prix,Race,OCO,1,1078,143.631,2018-Azerbaijan Grand Prix-Race-OCO-1,Audit rule: throttle < 0 or > 100; the source value is retained
throttle,outside_0_100,104.0,2018,Azerbaijan Grand Prix,Race,OCO,1,1079,143.814,2018-Azerbaijan Grand Prix-Race-OCO-1,Audit rule: throttle < 0 or > 100; the source value is retained
throttle,outside_0_100,104.0,2018,Azerbaijan Grand Prix,Race,OCO,1,1080,143.931,2018-Azerbaijan Grand Prix-Race-OCO-1,Audit rule: throttle < 0 or > 100; the source value is retained
throttle,outside_0_100,104.0,2018,Azerbaijan Grand Prix,Race,OCO,1,1081,144.054,2018-Azerbaijan Grand Prix-Race-OCO-1,Audit rule: throttle < 0 or > 100; the source value is retained
throttle,outside_0_100,104.0,2018,Azerbaijan Grand Prix,Race,OCO,1,1082,144.231,2018-Azerbaijan Grand Prix-Race-OCO-1,Audit rule: throttle < 0 or > 100; the source value is retained
throttle,outside_0_100,104.0,2018,Azerbaijan Grand Prix,Race,OCO,1,1083,144.294,2018-Azerbaijan Grand Prix-Race-OCO-1,Audit rule: throttle < 0 or > 100; the source value is retained
throttle,outside_0_100,104.0,2018,Azerbaijan Grand Prix,Race,OCO,1,1084,144.531,2018-Azerbaijan Grand Prix-Race-OCO-1,Audit rule: throttle < 0 or > 100; the source value is retained
throttle,outside_0_100,104.0,2018,Azerbaijan Grand Prix,Race,OCO,1,1085,144.534,2018-Azerbaijan Grand Prix-Race-OCO-1,Audit rule: throttle < 0 or > 100; the source value is retained
throttle,outside_0_100,104.0,2018,Azerbaijan Grand Prix,Race,OCO,1,1086,144.774,2018-Azerbaijan Grand Prix-Race-OCO-1,Audit rule: throttle < 0 or > 100; the source value is retained
throttle,outside_0_100,104.0,2018,Azerbaijan Grand Prix,Race,OCO,1,1087,144.831,2018-Azerbaijan Grand Prix-Race-OCO-1,Audit rule: throttle < 0 or > 100; the source value is retained
throttle,outside_0_100,104.0,2018,Azerbaijan Grand Prix,Race,OCO,1,1088,145.014,2018-Azerbaijan Grand Prix-Race-OCO-1,Audit rule: throttle < 0 or > 100; the source value is retained
throttle,outside_0_100,104.0,2018,Azerbaijan Grand Prix,Race,OCO,1,1089,145.131,2018-Azerbaijan Grand Prix-Race-OCO-1,Audit rule: throttle < 0 or > 100; the source value is retained
throttle,outside_0_100,104.0,2018,Azerbaijan Grand Prix,Race,OCO,1,1090,145.254,2018-Azerbaijan Grand Prix-Race-OCO-1,Audit rule: throttle < 0 or > 100; the source value is retained
throttle,outside_0_100,104.0,2018,Azerbaijan Grand Prix,Race,OCO,1,1091,145.431,2018-Azerbaijan Grand Prix-Race-OCO-1,Audit rule: throttle < 0 or > 100; the source value is retained
throttle,outside_0_100,104.0,2018,Azerbaijan Grand Prix,Race,OCO,1,1092,145.494,2018-Azerbaijan Grand Prix-Race-OCO-1,Audit rule: throttle < 0 or > 100; the source value is retained
throttle,outside_0_100,104.0,2018,Azerbaijan Grand Prix,Race,OCO,1,1093,145.731,2018-Azerbaijan Grand Prix-Race-OCO-1,Audit rule: throttle < 0 or > 100; the source value is retained
throttle,outside_0_100,104.0,2018,Azerbaijan Grand Prix,Race,OCO,1,1094,145.734,2018-Azerbaijan Grand Prix-Race-OCO-1,Audit rule: throttle < 0 or > 100; the source value is retained
throttle,outside_0_100,104.0,2018,Azerbaijan Grand Prix,Race,OCO,1,1095,145.974,2018-Azerbaijan Grand Prix-Race-OCO-1,Audit rule: throttle < 0 or > 100; the source value is retained
throttle,outside_0_100,104.0,2018,Azerbaijan Grand Prix,Race,OCO,1,1096,146.031,2018-Azerbaijan Grand Prix-Race-OCO-1,Audit rule: throttle < 0 or > 100; the source value is retained
throttle,outside_0_100,104.0,2018,Azerbaijan Grand Prix,Race,OCO,1,1097,146.214,2018-Azerbaijan Grand Prix-Race-OCO-1,Audit rule: throttle < 0 or > 100; the source value is retained
throttle,outside_0_100,104.0,2018,Azerbaijan Grand Prix,Race,OCO,1,1098,146.331,2018-Azerbaijan Grand Prix-Race-OCO-1,Audit rule: throttle < 0 or > 100; the source value is retained
throttle,outside_0_100,104.0,2018,Azerbaijan Grand Prix,Race,OCO,1,1099,146.534,2018-Azerbaijan Grand Prix-Race-OCO-1,Audit rule: throttle < 0 or > 100; the source value is retained
throttle,outside_0_100,104.0,2018,Azerbaijan Grand Prix,Race,OCO,1,1100,146.631,2018-Azerbaijan Grand Prix-Race-OCO-1,Audit rule: throttle < 0 or > 100; the source value is retained
throttle,outside_0_100,104.0,2018,Azerbaijan Grand Prix,Race,OCO,1,1101,146.774,2018-Azerbaijan Grand Prix-Race-OCO-1,Audit rule: throttle < 0 or > 100; the source value is retained
throttle,outside_0_100,104.0,2018,Azerbaijan Grand Prix,Race,OCO,1,1102,146.931,2018-Azerbaijan Grand Prix-Race-OCO-1,Audit rule: throttle < 0 or > 100; the source value is retained
throttle,outside_0_100,104.0,2018,Azerbaijan Grand Prix,Race,OCO,1,1103,147.014,2018-Azerbaijan Grand Prix-Race-OCO-1,Audit rule: throttle < 0 or > 100; the source value is retained
throttle,outside_0_100,104.0,2018,Azerbaijan Grand Prix,Race,OCO,1,1104,147.231,2018-Azerbaijan Grand Prix-Race-OCO-1,Audit rule: throttle < 0 or > 100; the source value is retained
throttle,outside_0_100,104.0,2018,Azerbaijan Grand Prix,Race,OCO,1,1105,147.254,2018-Azerbaijan Grand Prix-Race-OCO-1,Audit rule: throttle < 0 or > 100; the source value is retained
throttle,outside_0_100,104.0,2018,Azerbaijan Grand Prix,Race,OCO,1,1106,147.455,2018-Azerbaijan Grand Prix-Race-OCO-1,Audit rule: throttle < 0 or > 100; the source value is retained
throttle,outside_0_100,104.0,2018,Azerbaijan Grand Prix,Race,OCO,1,1107,147.53,2018-Azerbaijan Grand Prix-Race-OCO-1,Audit rule: throttle < 0 or > 100; the source value is retained
throttle,outside_0_100,104.0,2018,Azerbaijan Grand Prix,Race,OCO,1,1108,147.695,2018-Azerbaijan Grand Prix-Race-OCO-1,Audit rule: throttle < 0 or > 100; the source value is retained
throttle,outside_0_100,104.0,2018,Azerbaijan Grand Prix,Race,OCO,1,1109,147.831,2018-Azerbaijan Grand Prix-Race-OCO-1,Audit rule: throttle < 0 or > 100; the source value is retained
throttle,outside_0_100,104.0,2018,Azerbaijan Grand Prix,Race,OCO,1,1110,147.935,2018-Azerbaijan Grand Prix-Race-OCO-1,Audit rule: throttle < 0 or > 100; the source value is retained
throttle,outside_0_100,104.0,2018,Azerbaijan Grand Prix,Race,OCO,1,1111,148.131,2018-Azerbaijan Grand Prix-Race-OCO-1,Audit rule: throttle < 0 or > 100; the source value is retained
throttle,outside_0_100,104.0,2018,Azerbaijan Grand Prix,Race,OCO,1,1112,148.175,2018-Azerbaijan Grand Prix-Race-OCO-1,Audit rule: throttle < 0 or > 100; the source value is retained
throttle,outside_0_100,104.0,2018,Azerbaijan Grand Prix,Race,OCO,1,1113,148.195,2018-Azerbaijan Grand Prix-Race-OCO-1,Audit rule: throttle < 0 or > 100; the source value is retained
distance,negative_value,-0.02640679405460622,2018,Azerbaijan Grand Prix,Race,PER,9,0,0.0,2018-Azerbaijan Grand Prix-Race-PER-9,Audit rule: distance < 0; expected range is not a provider-certified unit contract
rel_distance,outside_0_1_tolerance,-4.43150249588198e-06,2018,Azerbaijan Grand Prix,Race,PER,9,0,0.0,2018-Azerbaijan Grand Prix-Race-PER-9,"Audit rule: ratio-like value outside [-1e-6, 1+1e-6]; field formula is undocumented"
distance,negative_value,-0.0003785767712899073,2018,Azerbaijan Grand Prix,Race,SIR,1,2,0.229,2018-Azerbaijan Grand Prix-Race-SIR-1,Audit rule: distance < 0; expected range is not a provider-certified unit contract
distance,negative_value,-0.00464196750378148,2018,Azerbaijan Grand Prix,Race,SIR,1,5,0.529,2018-Azerbaijan Grand Prix-Race-SIR-1,Audit rule: distance < 0; expected range is not a provider-certified unit contract
rel_distance,outside_0_1_tolerance,-3.0381064049373984e-06,2018,Azerbaijan Grand Prix,Race,SIR,1,5,0.529,2018-Azerbaijan Grand Prix-Race-SIR-1,"Audit rule: ratio-like value outside [-1e-6, 1+1e-6]; field formula is undocumented"
rel_distance,outside_0_1_tolerance,1.0000033665791273,2018,Azerbaijan Grand Prix,Race,SIR,1,448,59.629,2018-Azerbaijan Grand Prix-Race-SIR-1,"Audit rule: ratio-like value outside [-1e-6, 1+1e-6]; field formula is undocumented"
throttle,outside_0_100,104.0,2018,Azerbaijan Grand Prix,Race,SIR,1,540,71.853,2018-Azerbaijan Grand Prix-Race-SIR-1,Audit rule: throttle < 0 or > 100; the source value is retained
throttle,outside_0_100,104.0,2018,Azerbaijan Grand Prix,Race,SIR,1,541,72.093,2018-Azerbaijan Grand Prix-Race-SIR-1,Audit rule: throttle < 0 or > 100; the source value is retained
throttle,outside_0_100,104.0,2018,Azerbaijan Grand Prix,Race,SIR,1,542,72.13,2018-Azerbaijan Grand Prix-Race-SIR-1,Audit rule: throttle < 0 or > 100; the source value is retained
throttle,outside_0_100,104.0,2018,Azerbaijan Grand Prix,Race,SIR,1,543,72.333,2018-Azerbaijan Grand Prix-Race-SIR-1,Audit rule: throttle < 0 or > 100; the source value is retained
throttle,outside_0_100,104.0,2018,Azerbaijan Grand Prix,Race,SIR,1,544,72.43,2018-Azerbaijan Grand Prix-Race-SIR-1,Audit rule: throttle < 0 or > 100; the source value is retained
throttle,outside_0_100,104.0,2018,Azerbaijan Grand Prix,Race,SIR,1,545,72.573,2018-Azerbaijan Grand Prix-Race-SIR-1,Audit rule: throttle < 0 or > 100; the source value is retained
throttle,outside_0_100,104.0,2018,Azerbaijan Grand Prix,Race,SIR,1,546,72.73,2018-Azerbaijan Grand Prix-Race-SIR-1,Audit rule: throttle < 0 or > 100; the source value is retained
throttle,outside_0_100,104.0,2018,Azerbaijan Grand Prix,Race,SIR,1,547,72.813,2018-Azerbaijan Grand Prix-Race-SIR-1,Audit rule: throttle < 0 or > 100; the source value is retained
throttle,outside_0_100,104.0,2018,Azerbaijan Grand Prix,Race,SIR,1,548,73.03,2018-Azerbaijan Grand Prix-Race-SIR-1,Audit rule: throttle < 0 or > 100; the source value is retained
throttle,outside_0_100,104.0,2018,Azerbaijan Grand Prix,Race,SIR,1,549,73.053,2018-Azerbaijan Grand Prix-Race-SIR-1,Audit rule: throttle < 0 or > 100; the source value is retained
throttle,outside_0_100,104.0,2018,Azerbaijan Grand Prix,Race,SIR,1,550,73.293,2018-Azerbaijan Grand Prix-Race-SIR-1,Audit rule: throttle < 0 or > 100; the source value is retained
throttle,outside_0_100,104.0,2018,Azerbaijan Grand Prix,Race,SIR,1,551,73.33,2018-Azerbaijan Grand Prix-Race-SIR-1,Audit rule: throttle < 0 or > 100; the source value is retained
throttle,outside_0_100,104.0,2018,Azerbaijan Grand Prix,Race,SIR,1,552,73.533,2018-Azerbaijan Grand Prix-Race-SIR-1,Audit rule: throttle < 0 or > 100; the source value is retained
throttle,outside_0_100,104.0,2018,Azerbaijan Grand Prix,Race,SIR,1,553,73.63,2018-Azerbaijan Grand Prix-Race-SIR-1,Audit rule: throttle < 0 or > 100; the source value is retained
throttle,outside_0_100,104.0,2018,Azerbaijan Grand Prix,Race,SIR,1,554,73.773,2018-Azerbaijan Grand Prix-Race-SIR-1,Audit rule: throttle < 0 or > 100; the source value is retained
throttle,outside_0_100,104.0,2018,Azerbaijan Grand Prix,Race,SIR,1,555,73.93,2018-Azerbaijan Grand Prix-Race-SIR-1,Audit rule: throttle < 0 or > 100; the source value is retained
throttle,outside_0_100,104.0,2018,Azerbaijan Grand Prix,Race,SIR,1,556,74.013,2018-Azerbaijan Grand Prix-Race-SIR-1,Audit rule: throttle < 0 or > 100; the source value is retained
throttle,outside_0_100,104.0,2018,Azerbaijan Grand Prix,Race,SIR,1,557,74.229,2018-Azerbaijan Grand Prix-Race-SIR-1,Audit rule: throttle < 0 or > 100; the source value is retained
throttle,outside_0_100,104.0,2018,Azerbaijan Grand Prix,Race,SIR,1,558,74.253,2018-Azerbaijan Grand Prix-Race-SIR-1,Audit rule: throttle < 0 or > 100; the source value is retained
throttle,outside_0_100,104.0,2018,Azerbaijan Grand Prix,Race,SIR,1,559,74.493,2018-Azerbaijan Grand Prix-Race-SIR-1,Audit rule: throttle < 0 or > 100; the source value is retained
throttle,outside_0_100,104.0,2018,Azerbaijan Grand Prix,Race,SIR,1,560,74.529,2018-Azerbaijan Grand Prix-Race-SIR-1,Audit rule: throttle < 0 or > 100; the source value is retained
distance,negative_value,-0.02105299987479059,2018,Azerbaijan Grand Prix,Race,VAN,9,0,0.0,2018-Azerbaijan Grand Prix-Race-VAN-9,Audit rule: distance < 0; expected range is not a provider-certified unit contract
rel_distance,outside_0_1_tolerance,-3.5176463193268615e-06,2018,Azerbaijan Grand Prix,Race,VAN,9,0,0.0,2018-Azerbaijan Grand Prix-Race-VAN-9,"Audit rule: ratio-like value outside [-1e-6, 1+1e-6]; field formula is undocumented"
distance,negative_value,-0.000446386417976008,2018,Azerbaijan Grand Prix,Race,VET,9,0,0.0,2018-Azerbaijan Grand Prix-Race-VET-9,Audit rule: distance < 0; expected range is not a provider-certified unit contract
distance,negative_value,-0.016593428655768554,2018,Belgian Grand Prix,Race,ALO,1,3,0.355,2018-Belgian Grand Prix-Race-ALO-1,Audit rule: distance < 0; expected range is not a provider-certified unit contract
rel_distance,outside_0_1_tolerance,-7.504540268615583e-06,2018,Belgian Grand Prix,Race,ALO,1,3,0.355,2018-Belgian Grand Prix-Race-ALO-1,"Audit rule: ratio-like value outside [-1e-6, 1+1e-6]; field formula is undocumented"
distance,negative_value,-0.030314262212347377,2018,Belgian Grand Prix,Race,HUL,1,3,0.355,2018-Belgian Grand Prix-Race-HUL-1,Audit rule: distance < 0; expected range is not a provider-certified unit contract
rel_distance,outside_0_1_tolerance,-6.776151566136084e-05,2018,Belgian Grand Prix,Race,HUL,1,3,0.355,2018-Belgian Grand Prix-Race-HUL-1,"Audit rule: ratio-like value outside [-1e-6, 1+1e-6]; field formula is undocumented"
rel_distance,outside_0_1_tolerance,1.0000523170481042,2018,Belgian Grand Prix,Race,HUL,1,119,15.756,2018-Belgian Grand Prix-Race-HUL-1,"Audit rule: ratio-like value outside [-1e-6, 1+1e-6]; field formula is undocumented"
rel_distance,outside_0_1_tolerance,1.0000010896976879,2018,Belgian Grand Prix,Race,HUL,1,123,16.356,2018-Belgian Grand Prix-Race-HUL-1,"Audit rule: ratio-like value outside [-1e-6, 1+1e-6]; field formula is undocumented"
distance,negative_value,-0.03407353517538277,2018,Belgian Grand Prix,Race,LEC,1,3,0.355,2018-Belgian Grand Prix-Race-LEC-1,Audit rule: distance < 0; expected range is not a provider-certified unit contract
rel_distance,outside_0_1_tolerance,-6.716364533058069e-05,2018,Belgian Grand Prix,Race,LEC,1,3,0.355,2018-Belgian Grand Prix-Race-LEC-1,"Audit rule: ratio-like value outside [-1e-6, 1+1e-6]; field formula is undocumented"
rel_distance,outside_0_1_tolerance,1.000001002455318,2018,Belgian Grand Prix,Race,LEC,1,189,25.256,2018-Belgian Grand Prix-Race-LEC-1,"Audit rule: ratio-like value outside [-1e-6, 1+1e-6]; field formula is undocumented"
distance,negative_value,-0.11060562129591356,2018,Belgian Grand Prix,Race,RAI,2,0,0.0,2018-Belgian Grand Prix-Race-RAI-2,Audit rule: distance < 0; expected range is not a provider-certified unit contract
rel_distance,outside_0_1_tolerance,-1.5973403270995378e-05,2018,Belgian Grand Prix,Race,RAI,2,0,0.0,2018-Belgian Grand Prix-Race-RAI-2,"Audit rule: ratio-like value outside [-1e-6, 1+1e-6]; field formula is undocumented"
distance,negative_value,-0.006703408705666103,2018,Brazilian Grand Prix,Race,ERI,4,0,0.0,2018-Brazilian Grand Prix-Race-ERI-4,Audit rule: distance < 0; expected range is not a provider-certified unit contract
rel_distance,outside_0_1_tolerance,-1.5788882624206664e-06,2018,Brazilian Grand Prix,Race,ERI,4,0,0.0,2018-Brazilian Grand Prix-Race-ERI-4,"Audit rule: ratio-like value outside [-1e-6, 1+1e-6]; field formula is undocumented"
distance,negative_value,-0.007826386827445297,2018,Brazilian Grand Prix,Race,GRO,12,0,0.0,2018-Brazilian Grand Prix-Race-GRO-12,Audit rule: distance < 0; expected range is not a provider-certified unit contract
rel_distance,outside_0_1_tolerance,-1.8317561640184346e-06,2018,Brazilian Grand Prix,Race,GRO,12,0,0.0,2018-Brazilian Grand Prix-Race-GRO-12,"Audit rule: ratio-like value outside [-1e-6, 1+1e-6]; field formula is undocumented"
distance,negative_value,-0.010339977059082739,2018,Brazilian Grand Prix,Race,HUL,6,0,0.0,2018-Brazilian Grand Prix-Race-HUL-6,Audit rule: distance < 0; expected range is not a provider-certified unit contract
rel_distance,outside_0_1_tolerance,-2.432967264066443e-06,2018,Brazilian Grand Prix,Race,HUL,6,0,0.0,2018-Brazilian Grand Prix-Race-HUL-6,"Audit rule: ratio-like value outside [-1e-6, 1+1e-6]; field formula is undocumented"
distance,negative_value,-0.00959056234825395,2018,Brazilian Grand Prix,Race,RIC,12,0,0.0,2018-Brazilian Grand Prix-Race-RIC-12,Audit rule: distance < 0; expected range is not a provider-certified unit contract
rel_distance,outside_0_1_tolerance,-2.258652226400375e-06,2018,Brazilian Grand Prix,Race,RIC,12,0,0.0,2018-Brazilian Grand Prix-Race-RIC-12,"Audit rule: ratio-like value outside [-1e-6, 1+1e-6]; field formula is undocumented"
rel_distance,outside_0_1_tolerance,-7.120924130146246e-06,2018,British Grand Prix,Race,HAR,1,358,47.64,2018-British Grand Prix-Race-HAR-1,"Audit rule: ratio-like value outside [-1e-6, 1+1e-6]; field formula is undocumented"
gear,not_integer_or_outside_0_8,10.0,2022,Emilia Romagna Grand Prix,Race,SAI,1,242,31.161,2022-Emilia Romagna Grand Prix-Race-SAI-1,Audit rule: gear must be integer-valued and within 0..8; encoding is not documented
gear,not_integer_or_outside_0_8,12.0,2022,Emilia Romagna Grand Prix,Race,SAI,1,243,31.321,2022-Emilia Romagna Grand Prix-Race-SAI-1,Audit rule: gear must be integer-valued and within 0..8; encoding is not documented
gear,not_integer_or_outside_0_8,12.0,2022,Emilia Romagna Grand Prix,Race,SAI,1,244,31.411,2022-Emilia Romagna Grand Prix-Race-SAI-1,Audit rule: gear must be integer-valued and within 0..8; encoding is not documented
gear,not_integer_or_outside_0_8,15.0,2022,Emilia Romagna Grand Prix,Race,SAI,1,245,31.601,2022-Emilia Romagna Grand Prix-Race-SAI-1,Audit rule: gear must be integer-valued and within 0..8; encoding is not documented
gear,not_integer_or_outside_0_8,15.0,2022,Emilia Romagna Grand Prix,Race,SAI,1,246,31.671,2022-Emilia Romagna Grand Prix-Race-SAI-1,Audit rule: gear must be integer-valued and within 0..8; encoding is not documented
gear,not_integer_or_outside_0_8,17.0,2022,Emilia Romagna Grand Prix,Race,SAI,1,247,31.801,2022-Emilia Romagna Grand Prix-Race-SAI-1,Audit rule: gear must be integer-valued and within 0..8; encoding is not documented
gear,not_integer_or_outside_0_8,18.0,2022,Emilia Romagna Grand Prix,Race,SAI,1,248,31.961,2022-Emilia Romagna Grand Prix-Race-SAI-1,Audit rule: gear must be integer-valued and within 0..8; encoding is not documented
gear,not_integer_or_outside_0_8,18.0,2022,Emilia Romagna Grand Prix,Race,SAI,1,249,31.991,2022-Emilia Romagna Grand Prix-Race-SAI-1,Audit rule: gear must be integer-valued and within 0..8; encoding is not documented
gear,not_integer_or_outside_0_8,18.0,2022,Emilia Romagna Grand Prix,Race,SAI,1,250,32.091,2022-Emilia Romagna Grand Prix-Race-SAI-1,Audit rule: gear must be integer-valued and within 0..8; encoding is not documented
gear,not_integer_or_outside_0_8,21.0,2022,Emilia Romagna Grand Prix,Race,SAI,1,251,32.281,2022-Emilia Romagna Grand Prix-Race-SAI-1,Audit rule: gear must be integer-valued and within 0..8; encoding is not documented
gear,not_integer_or_outside_0_8,21.0,2022,Emilia Romagna Grand Prix,Race,SAI,1,252,32.351,2022-Emilia Romagna Grand Prix-Race-SAI-1,Audit rule: gear must be integer-valued and within 0..8; encoding is not documented
gear,not_integer_or_outside_0_8,24.0,2022,Emilia Romagna Grand Prix,Race,SAI,1,253,32.521,2022-Emilia Romagna Grand Prix-Race-SAI-1,Audit rule: gear must be integer-valued and within 0..8; encoding is not documented
gear,not_integer_or_outside_0_8,24.0,2022,Emilia Romagna Grand Prix,Race,SAI,1,254,32.591,2022-Emilia Romagna Grand Prix-Race-SAI-1,Audit rule: gear must be integer-valued and within 0..8; encoding is not documented
gear,not_integer_or_outside_0_8,27.0,2022,Emilia Romagna Grand Prix,Race,SAI,1,255,32.841,2022-Emilia Romagna Grand Prix-Race-SAI-1,Audit rule: gear must be integer-valued and within 0..8; encoding is not documented
gear,not_integer_or_outside_0_8,27.0,2022,Emilia Romagna Grand Prix,Race,SAI,1,256,32.851,2022-Emilia Romagna Grand Prix-Race-SAI-1,Audit rule: gear must be integer-valued and within 0..8; encoding is not documented
gear,not_integer_or_outside_0_8,30.0,2022,Emilia Romagna Grand Prix,Race,SAI,1,257,33.161,2022-Emilia Romagna Grand Prix-Race-SAI-1,Audit rule: gear must be integer-valued and within 0..8; encoding is not documented
gear,not_integer_or_outside_0_8,30.0,2022,Emilia Romagna Grand Prix,Race,SAI,1,258,33.211,2022-Emilia Romagna Grand Prix-Race-SAI-1,Audit rule: gear must be integer-valued and within 0..8; encoding is not documented
gear,not_integer_or_outside_0_8,30.0,2022,Emilia Romagna Grand Prix,Race,SAI,1,259,33.391,2022-Emilia Romagna Grand Prix-Race-SAI-1,Audit rule: gear must be integer-valued and within 0..8; encoding is not documented
gear,not_integer_or_outside_0_8,31.0,2022,Emilia Romagna Grand Prix,Race,SAI,1,260,33.441,2022-Emilia Romagna Grand Prix-Race-SAI-1,Audit rule: gear must be integer-valued and within 0..8; encoding is not documented
gear,not_integer_or_outside_0_8,31.0,2022,Emilia Romagna Grand Prix,Race,SAI,1,261,33.591,2022-Emilia Romagna Grand Prix-Race-SAI-1,Audit rule: gear must be integer-valued and within 0..8; encoding is not documented
