year,event,session,driver,lap,row_count,sample_index_min,sample_index_max,time_min_sec,time_max_sec,time_span_sec,distance_min,distance_max,distance_span,timestamp_repeats,timestamp_negative_steps,sample_index_repeats,sample_index_negative_steps,positive_dt_count,positive_dt_median_sec,positive_dt_p95_sec,positive_dt_max_sec,complete_physical_lap_supported
2018,Abu Dhabi Grand Prix,Race,ALO,10,797,0.0,796.0,0.0,107.209,107.209,0.2548722217628946,5495.405665429225,5495.150793207463,0,0,0,0,796,0.14000000000000035,0.240000000000002,0.29999999999999716,False
2018,Abu Dhabi Grand Prix,Race,BOT,10,778,0.0,777.0,0.0,104.981,104.981,0.12205116925474091,5493.290757593384,5493.16870642413,0,0,0,0,777,0.1390000000000029,0.240000000000002,0.29999999999999716,False
2018,Abu Dhabi Grand Prix,Race,ERI,5,819,0.0,818.0,0.0,108.535,108.535,0.31423112781586404,5495.555872359503,5495.241641231687,0,0,0,0,818,0.13599999999999568,0.240000000000002,0.3009999999999948,False
2018,Abu Dhabi Grand Prix,Race,GAS,8,981,0.0,980.0,0.0,130.115,130.115,0.10134187164107791,5499.339900491711,5499.23855862007,0,0,0,0,980,0.13049999999999784,0.23999999999999935,0.30099999999999927,False
2018,Abu Dhabi Grand Prix,Race,GRO,10,799,0.0,798.0,0.0,107.875,107.875,0.2185289071132048,5499.288707832942,5499.070178925829,0,0,0,0,798,0.14000000000000057,0.240000000000002,0.29999999999999716,False
2018,Abu Dhabi Grand Prix,Race,HAM,10,781,0.0,780.0,0.0,105.144,105.144,0.37467748670297796,5506.831941583504,5506.457264096801,0,0,0,0,780,0.1399999999999968,0.240000000000002,0.29999999999999716,False
2018,Abu Dhabi Grand Prix,Race,HAR,10,801,0.0,800.0,0.0,108.159,108.159,0.8973595846705089,5506.790203358359,5505.892843773689,0,0,0,0,800,0.14000000000000057,0.240000000000002,0.29999999999999716,False
2018,Abu Dhabi Grand Prix,Race,HUL,1,1016,0.0,1015.0,0.0,134.808,134.808,-0.03394334567727943,2818.985509705648,2819.0194530513254,0,0,0,0,1015,0.132000000000005,0.2400000000000002,0.29999999999999716,False
2018,Abu Dhabi Grand Prix,Race,LEC,10,791,0.0,790.0,0.0,106.556,106.556,0.3184995249288836,5479.736173024981,5479.417673500053,0,0,0,0,790,0.14000000000000057,0.240000000000002,0.29999999999999716,False
2018,Abu Dhabi Grand Prix,Race,MAG,10,804,0.0,803.0,0.0,108.25,108.25,0.016333485784799068,5491.128604236412,5491.1122707506265,0,0,0,0,803,0.14000000000000057,0.240000000000002,0.30000000000000426,False
2018,Abu Dhabi Grand Prix,Race,OCO,8,998,0.0,997.0,0.0,132.194,132.194,0.0019300629595209381,5514.104129568222,5514.102199505262,0,0,0,0,997,0.12300000000000111,0.24000000000000057,0.3009999999999984,False
2018,Abu Dhabi Grand Prix,Race,PER,10,795,0.0,794.0,0.0,106.885,106.885,0.04216488078746716,5482.876072310976,5482.833907430188,0,0,0,0,794,0.14000000000000057,0.24000000000000082,0.29999999999999716,False
2018,Abu Dhabi Grand Prix,Race,RAI,2,1224,0.0,1223.0,0.0,162.339,162.339,0.12524324261119157,5515.826088425496,5515.700845182885,0,0,0,0,1223,0.13299999999999557,0.240000000000002,0.30000000000001137,False
2018,Abu Dhabi Grand Prix,Race,RIC,10,777,0.0,776.0,0.0,104.593,104.593,0.25428642874425034,5502.271108107571,5502.016821678827,0,0,0,0,776,0.13900000000001,0.240000000000002,0.29999999999999716,False
2018,Abu Dhabi Grand Prix,Race,SAI,10,796,0.0,795.0,0.0,107.018,107.018,0.04888618922331389,5606.76953465536,5606.7206484661365,0,0,0,0,795,0.14000000000000012,0.240000000000002,0.29999999999999716,False
2018,Abu Dhabi Grand Prix,Race,SIR,10,802,0.0,801.0,0.0,108.12,108.12,0.04510337839385847,5498.88958185268,5498.844478474286,0,0,0,0,801,0.14000000000000057,0.240000000000002,0.29999999999999716,False
2018,Abu Dhabi Grand Prix,Race,STR,10,801,0.0,800.0,0.0,107.667,107.667,0.11629030897763648,5491.999908715365,5491.883618406387,0,0,0,0,800,0.14000000000000057,0.240000000000002,0.29999999999999716,False
2018,Abu Dhabi Grand Prix,Race,VAN,10,800,0.0,799.0,0.0,107.693,107.693,0.24211093160840852,5494.953343086947,5494.711232155339,0,0,0,0,799,0.14000000000000057,0.240000000000002,0.29999999999999716,False
2018,Abu Dhabi Grand Prix,Race,VER,10,773,0.0,772.0,0.0,104.045,104.045,0.10442506203608404,5502.06079807049,5501.956373008454,0,0,0,0,772,0.13900000000000645,0.240000000000002,0.30000000000001137,False
2018,Abu Dhabi Grand Prix,Race,VET,10,779,0.0,778.0,0.0,105.055,105.055,0.3665761745614584,5499.516674626218,5499.150098451657,0,0,0,0,778,0.1390000000000029,0.240000000000002,0.29999999999999716,False
2018,Austrian Grand Prix,Race,ALO,12,548,0.0,547.0,0.0,72.614,72.614,0.08887034270583127,4303.330924233833,4303.242053891127,0,0,0,0,547,0.1319999999999979,0.240000000000002,0.2989999999999995,False
2018,Austrian Grand Prix,Race,BOT,3,524,0.0,523.0,0.0,69.74,69.74,0.0410251355732516,4308.058176296998,4308.017151161424,0,0,0,0,523,0.13600000000000012,0.240000000000002,0.27600000000000335,False
2018,Austrian Grand Prix,Race,ERI,12,545,0.0,544.0,0.0,72.355,72.355,0.014095047775938951,4293.435095077153,4293.421000029377,0,0,0,0,544,0.1319999999999979,0.240000000000002,0.2989999999999995,False
2018,Austrian Grand Prix,Race,GAS,12,538,0.0,537.0,0.0,71.358,71.358,0.008088668196240933,4309.443045193116,4309.4349565249195,0,0,0,0,537,0.1319999999999979,0.240000000000002,0.2989999999999995,False
2018,Austrian Grand Prix,Race,GRO,12,530,0.0,529.0,0.0,70.223,70.223,0.24177726261126442,4311.717689518712,4311.475912256101,0,0,0,0,529,0.13100000000000023,0.240000000000002,0.2989999999999995,False
2018,Austrian Grand Prix,Race,HAM,11,523,0.0,522.0,0.0,69.319,69.319,0.1612583718360901,4309.466035986179,4309.304777614343,0,0,0,0,522,0.1280000000000001,0.240000000000002,0.2680000000000007,False
2018,Austrian Grand Prix,Race,HAR,10,542,0.0,541.0,0.0,71.925,71.925,0.21981922698550704,4300.670338707725,4300.45051948074,0,0,0,0,541,0.13299999999999912,0.240000000000002,0.3000000000000007,False
2018,Austrian Grand Prix,Race,HUL,3,538,0.0,537.0,0.0,71.46,71.46,0.09336223723965265,4306.689703285518,4306.596341048278,0,0,0,0,537,0.13599999999999568,0.240000000000002,0.27600000000000335,False
2018,Austrian Grand Prix,Race,LEC,12,542,0.0,541.0,0.0,72.058,72.058,0.07713184146232299,4291.729123188547,4291.651991347085,0,0,0,0,541,0.1319999999999979,0.240000000000002,0.2989999999999995,False
2018,Austrian Grand Prix,Race,MAG,12,531,0.0,530.0,0.0,70.545,70.545,-0.001078018293153793,4310.607233577318,4310.608311595611,0,0,0,0,530,0.1319999999999979,0.240000000000002,0.2989999999999995,False
2018,Austrian Grand Prix,Race,OCO,12,531,0.0,530.0,0.0,70.42,70.42,0.15941463990360072,4292.016612060608,4291.857197420704,0,0,0,0,530,0.13149999999999906,0.240000000000002,0.2989999999999995,False
2018,Austrian Grand Prix,Race,PER,12,533,0.0,532.0,0.0,70.72,70.72,0.10883361494583488,4288.105992652786,4287.99715903784,0,0,0,0,532,0.1314999999999955,0.240000000000002,0.2989999999999995,False
2018,Austrian Grand Prix,Race,RAI,12,520,0.0,519.0,0.0,68.954,68.954,0.019818690127273553,4309.917646212211,4309.897827522084,0,0,0,0,519,0.1319999999999979,0.240000000000002,0.2989999999999995,False
2018,Austrian Grand Prix,Race,RIC,10,525,0.0,524.0,0.0,69.719,69.719,0.33124968092765805,4308.918690400841,4308.5874407199135,0,0,0,0,524,0.13299999999999734,0.240000000000002,0.29999999999999716,False
2018,Austrian Grand Prix,Race,SAI,12,544,0.0,543.0,0.0,72.096,72.096,0.1040666779479098,4294.284294570262,4294.180227892314,0,0,0,0,543,0.1319999999999908,0.240000000000002,0.2989999999999995,False
2018,Austrian Grand Prix,Race,SIR,12,552,0.0,551.0,0.0,73.248,73.248,0.12223375804230185,4294.34399314182,4294.221759383778,0,0,0,0,551,0.1319999999999979,0.240000000000002,0.2989999999999995,False
2018,Austrian Grand Prix,Race,STR,12,536,0.0,535.0,0.0,71.108,71.108,0.1053485960844962,4299.768452129153,4299.663103533068,0,0,0,0,535,0.1319999999999908,0.240000000000002,0.2989999999999995,False
2018,Austrian Grand Prix,Race,VAN,11,536,0.0,535.0,0.0,71.077,71.077,0.1222457475406884,4297.893150943361,4297.770905195821,0,0,0,0,535,0.13199999999999967,0.240000000000002,0.29899999999999594,False
2018,Austrian Grand Prix,Race,VER,12,522,0.0,521.0,0.0,69.306,69.306,0.03047130798842229,4311.824995895306,4311.794524587317,0,0,0,0,521,0.1319999999999979,0.240000000000002,0.2989999999999995,False
2018,Austrian Grand Prix,Race,VET,12,523,0.0,522.0,0.0,69.329,69.329,0.2491326033047292,4306.724955246111,4306.475822642806,0,0,0,0,522,0.13199999999999434,0.240000000000002,0.2989999999999995,False
2018,Azerbaijan Grand Prix,Race,ALO,9,834,0.0,833.0,0.0,110.847,110.847,-2.0260511214752197e-05,5959.696715743563,5959.696736004074,0,0,0,0,833,0.137,0.2400000000000002,0.28000000000000114,False
2018,Azerbaijan Grand Prix,Race,BOT,9,814,0.0,813.0,0.0,108.192,108.192,-0.005485416804902735,5968.562246338949,5968.567731755754,0,0,0,0,813,0.13700000000000045,0.2400000000000002,0.28000000000000114,False
2018,Azerbaijan Grand Prix,Race,ERI,9,844,0.0,843.0,0.0,112.089,112.089,0.0002717996408136969,5967.054978687773,5967.0547068881315,0,0,0,0,843,0.13700000000000045,0.2400000000000002,0.28000000000000114,False
2018,Azerbaijan Grand Prix,Race,GAS,9,852,0.0,851.0,0.0,113.125,113.125,6.438535669561762e-05,5967.470223722443,5967.470159337086,0,0,0,0,851,0.13700000000000045,0.2400000000000002,0.28000000000000114,False
2018,Azerbaijan Grand Prix,Race,GRO,8,836,0.0,835.0,0.0,111.149,111.149,-0.07238144656457601,5982.75375843753,5982.826139884095,0,0,0,0,835,0.13700000000000045,0.240000000000002,0.29999999999999716,False
2018,Azerbaijan Grand Prix,Race,HAM,9,811,0.0,810.0,0.0,107.814,107.814,0.004337416684558115,5968.973499676098,5968.969162259414,0,0,0,0,810,0.13700000000000045,0.2400000000000002,0.28000000000000114,False
2018,Azerbaijan Grand Prix,Race,HAR,9,841,0.0,840.0,0.0,111.878,111.878,0.0008772003463945188,5969.402048533217,5969.40117133287,0,0,0,0,840,0.13700000000000023,0.240000000000002,0.28000000000000114,False
2018,Azerbaijan Grand Prix,Race,HUL,2,1408,0.0,1407.0,0.0,187.41,187.41,0.061551442472003615,5987.970713337056,5987.909161894584,0,0,0,0,1407,0.13800000000000523,0.240000000000002,0.2979999999999876,False
2018,Azerbaijan Grand Prix,Race,LEC,9,826,0.0,825.0,0.0,109.719,109.719,0.004271626688419128,5962.395565711846,5962.391294085158,0,0,0,0,825,0.13700000000000045,0.2400000000000002,0.28000000000000114,False
2018,Azerbaijan Grand Prix,Race,MAG,9,841,0.0,840.0,0.0,111.776,111.776,0.05988591078138672,5964.285049808065,5964.225163897284,0,0,0,0,840,0.13699999999999846,0.240000000000002,0.28000000000000114,False
2018,Azerbaijan Grand Prix,Race,OCO,1,1114,0.0,1113.0,0.0,148.195,148.195,-5.064433504762533e-05,1392.390320398919,1392.390371043254,0,0,0,0,1113,0.13599999999999923,0.240000000000002,0.29999999999998295,False
2018,Azerbaijan Grand Prix,Race,PER,9,831,0.0,830.0,0.0,110.398,110.398,-0.02640679405460622,5954.680780905769,5954.707187699823,0,0,0,0,830,0.13700000000000045,0.240000000000002,0.28000000000000114,False
2018,Azerbaijan Grand Prix,Race,RAI,9,830,0.0,829.0,0.0,110.313,110.313,0.05284925248793648,5972.9708391138975,5972.917989861409,0,0,0,0,829,0.13700000000000045,0.2400000000000002,0.28000000000000114,False
2018,Azerbaijan Grand Prix,Race,RIC,7,848,0.0,847.0,0.0,112.644,112.644,0.0548963023192162,5968.505779720159,5968.45088341784,0,0,0,0,847,0.13800000000000523,0.2400000000000002,0.29700000000000415,False
2018,Azerbaijan Grand Prix,Race,SAI,9,822,0.0,821.0,0.0,109.162,109.162,0.01627885074014826,5966.881910511537,5966.865631660797,0,0,0,0,821,0.13700000000000045,0.240000000000002,0.27999999999999936,False
2018,Azerbaijan Grand Prix,Race,SIR,1,1114,0.0,1113.0,0.0,148.195,148.195,-0.00464196750378148,1527.9198660680343,1527.924508035538,0,0,0,0,1113,0.13599999999999923,0.240000000000002,0.29999999999998295,False
2018,Azerbaijan Grand Prix,Race,STR,9,822,0.0,821.0,0.0,109.098,109.098,0.06298331563353732,5961.732827782094,5961.669844466461,0,0,0,0,821,0.13700000000000045,0.2400000000000002,0.28000000000000114,False
2018,Azerbaijan Grand Prix,Race,VAN,9,835,0.0,834.0,0.0,110.922,110.922,-0.02105299987479059,5978.2742038356655,5978.29525683554,0,0,0,0,834,0.13700000000000045,0.2400000000000002,0.28000000000000114,False
2018,Azerbaijan Grand Prix,Race,VER,7,841,0.0,840.0,0.0,111.881,111.881,0.005928734960334303,5973.19711065923,5973.19118192427,0,0,0,0,840,0.13799999999999996,0.2400000000000002,0.29699999999999704,False
2018,Azerbaijan Grand Prix,Race,VET,9,811,0.0,810.0,0.0,107.845,107.845,-0.000446386417976008,5981.368954939103,5981.369401325521,0,0,0,0,810,0.13699999999999868,0.240000000000002,0.28000000000000114,False
2018,Belgian Grand Prix,Race,ALO,1,1124,0.0,1123.0,0.0,149.786,149.786,-0.016593428655768554,2208.7986121011495,2208.815205529805,0,0,0,0,1123,0.13800000000000168,0.2400000000000002,0.3000000000000007,False
2018,Belgian Grand Prix,Race,BOT,8,850,0.0,849.0,0.0,113.164,113.164,0.08875083610635182,6940.602794125016,6940.514043288909,0,0,0,0,849,0.13600000000000012,0.240000000000002,0.29999999999999716,False
2018,Belgian Grand Prix,Race,ERI,8,843,0.0,842.0,0.0,112.196,112.196,0.36536483638724926,6951.227593283909,6950.862228447522,0,0,0,0,842,0.13599999999999923,0.240000000000002,0.30000000000001137,False
2018,Belgian Grand Prix,Race,GAS,8,843,0.0,842.0,0.0,112.186,112.186,0.5815916134634301,6952.727491548369,6952.145899934905,0,0,0,0,842,0.13600000000000056,0.240000000000002,0.29999999999999716,False
2018,Belgian Grand Prix,Race,GRO,8,836,0.0,835.0,0.0,111.439,111.439,0.06335476488943192,6958.011146723857,6957.947791958967,0,0,0,0,835,0.13599999999999923,0.240000000000002,0.29999999999999716,False
2018,Belgian Grand Prix,Race,HAM,8,817,0.0,816.0,0.0,108.834,108.834,0.0737455333685505,6953.543178109331,6953.469432575963,0,0,0,0,816,0.1360000000000099,0.240000000000002,0.28000000000000114,False
2018,Belgian Grand Prix,Race,HAR,8,847,0.0,846.0,0.0,112.764,112.764,0.11153934274992494,6955.23075176185,6955.1192124191,0,0,0,0,846,0.13600000000000007,0.240000000000002,0.29999999999999716,False
2018,Belgian Grand Prix,Race,HUL,1,1124,0.0,1123.0,0.0,149.786,149.786,-0.030314262212347377,447.3903493623974,447.42066362460974,0,0,0,0,1123,0.13800000000000168,0.2400000000000002,0.3000000000000007,False
2018,Belgian Grand Prix,Race,LEC,1,1124,0.0,1123.0,0.0,149.786,149.786,-0.03407353517538277,507.32161967785686,507.3556932130322,0,0,0,0,1123,0.13800000000000168,0.2400000000000002,0.3000000000000007,False
2018,Belgian Grand Prix,Race,MAG,8,843,0.0,842.0,0.0,112.057,112.057,0.47126384889572703,6958.786698674004,6958.315434825108,0,0,0,0,842,0.13599999999999923,0.240000000000002,0.29999999999999716,False
2018,Belgian Grand Prix,Race,OCO,8,836,0.0,835.0,0.0,111.224,111.224,0.08839374126846455,6957.420080967095,6957.3316872258265,0,0,0,0,835,0.13599999999999923,0.24000000000000074,0.29999999999999716,False
2018,Belgian Grand Prix,Race,PER,8,832,0.0,831.0,0.0,110.67,110.67,0.36186786332276766,6953.146651581098,6952.784783717775,0,0,0,0,831,0.13599999999999923,0.240000000000002,0.28000000000000114,False
2018,Belgian Grand Prix,Race,RAI,2,1073,0.0,1072.0,0.0,144.008,144.008,-0.11060562129591356,6907.371644758085,6907.48225037938,0,0,0,0,1072,0.13900000000000023,0.240000000000002,0.28000000000000114,False
2018,Belgian Grand Prix,Race,RIC,5,844,0.0,843.0,0.0,112.627,112.627,0.13399385717029333,6941.28321550142,6941.14922164425,0,0,0,0,843,0.1360000000000099,0.240000000000002,0.29999999999999716,False
2018,Belgian Grand Prix,Race,SAI,8,850,0.0,849.0,0.0,113.182,113.182,0.3543792738186089,6933.3344777028815,6932.980098429063,0,0,0,0,849,0.13600000000000012,0.240000000000002,0.29999999999999716,False
2018,Belgian Grand Prix,Race,SIR,8,846,0.0,845.0,0.0,112.627,112.627,0.4309214824198214,6942.1820551410165,6941.751133658597,0,0,0,0,845,0.13599999999999923,0.2400000000000002,0.29999999999999716,False
2018,Belgian Grand Prix,Race,STR,8,849,0.0,848.0,0.0,113.039,113.039,0.1005535942826995,6933.014763138767,6932.914209544485,0,0,0,0,848,0.13600000000000012,0.24000000000000138,0.29999999999999716,False
2018,Belgian Grand Prix,Race,VAN,8,851,0.0,850.0,0.0,113.37,113.37,0.31644524849514155,6961.963572350978,6961.647127102483,0,0,0,0,850,0.1359999999999998,0.240000000000002,0.29999999999999716,False
2018,Belgian Grand Prix,Race,VER,8,826,0.0,825.0,0.0,109.993,109.993,0.09949083128086023,6954.371635071021,6954.272144239741,0,0,0,0,825,0.13599999999999923,0.240000000000002,0.28000000000000114,False
2018,Belgian Grand Prix,Race,VET,8,817,0.0,816.0,0.0,108.646,108.646,0.18808247514230736,6973.477699154648,6973.289616679505,0,0,0,0,816,0.13600000000000143,0.2400000000000002,0.2999999999999998,False
2018,Brazilian Grand Prix,Race,ALO,12,578,0.0,577.0,0.0,76.379,76.379,0.054501073467001504,4233.424491806348,4233.369990732881,0,0,0,0,577,0.13500000000000512,0.2400000000000002,0.27500000000000036,False
2018,Brazilian Grand Prix,Race,BOT,12,563,0.0,562.0,0.0,74.574,74.574,0.04298589760862459,4235.397795112129,4235.35480921452,0,0,0,0,562,0.13500000000000156,0.240000000000002,0.2750000000000057,False
2018,Brazilian Grand Prix,Race,ERI,4,573,0.0,572.0,0.0,75.54,75.54,-0.006703408705666103,4241.835303784445,4241.842007193151,0,0,0,0,572,0.13100000000000023,0.240000000000002,0.29999999999999716,False
2018,Brazilian Grand Prix,Race,GAS,12,573,0.0,572.0,0.0,75.698,75.698,0.03532122334352893,4243.33924589688,4243.303924673537,0,0,0,0,572,0.13500000000000156,0.24000000000000102,0.2749999999999986,False
2018,Brazilian Grand Prix,Race,GRO,12,566,0.0,565.0,0.0,74.791,74.791,-0.007826386827445297,4256.445432010118,4256.453258396945,0,0,0,0,565,0.13500000000000156,0.240000000000002,0.2749999999999986,False
2018,Brazilian Grand Prix,Race,HAM,12,561,0.0,560.0,0.0,74.299,74.299,0.000754785737026975,4239.354783818583,4239.3540290328465,0,0,0,0,560,0.13499999999999984,0.240000000000002,0.2749999999999986,False
2018,Brazilian Grand Prix,Race,HAR,12,578,0.0,577.0,0.0,76.375,76.375,6.644258535615233e-05,4240.694901514771,4240.694835072186,0,0,0,0,577,0.13500000000000512,0.2400000000000002,0.27500000000000036,False
2018,Brazilian Grand Prix,Race,HUL,6,572,0.0,571.0,0.0,75.489,75.489,-0.010339977059082739,4240.187617850821,4240.19795782788,0,0,0,0,571,0.13200000000000145,0.240000000000002,0.2989999999999995,False
2018,Brazilian Grand Prix,Race,LEC,12,565,0.0,564.0,0.0,74.771,74.771,0.05208444239986454,4237.923592121133,4237.871507678733,0,0,0,0,564,0.13500000000000512,0.2400000000000017,0.2749999999999986,False
2018,Brazilian Grand Prix,Race,MAG,12,568,0.0,567.0,0.0,75.116,75.116,0.028768850683623892,4245.885365693626,4245.856596842943,0,0,0,0,567,0.13500000000000156,0.2400000000000002,0.27500000000000213,False
2018,Brazilian Grand Prix,Race,OCO,12,576,0.0,575.0,0.0,76.198,76.198,0.10069048934649207,4233.935396527902,4233.834706038556,0,0,0,0,575,0.13500000000000512,0.2400000000000002,0.2749999999999986,False
2018,Brazilian Grand Prix,Race,PER,12,570,0.0,569.0,0.0,75.229,75.229,0.02855881839796659,4241.690260274252,4241.661701455854,0,0,0,0,569,0.13500000000000512,0.2400000000000002,0.2749999999999986,False
2018,Brazilian Grand Prix,Race,RAI,12,567,0.0,566.0,0.0,75.089,75.089,0.1591271220273205,4237.408338141959,4237.249211019931,0,0,0,0,566,0.13500000000000512,0.240000000000002,0.2750000000000057,False
2018,Brazilian Grand Prix,Race,RIC,12,568,0.0,567.0,0.0,75.078,75.078,-0.00959056234825395,4241.856433481866,4241.866024044214,0,0,0,0,567,0.13500000000000512,0.240000000000002,0.2750000000000057,False
2018,Brazilian Grand Prix,Race,SAI,12,572,0.0,571.0,0.0,75.559,75.559,0.02910724778142093,4245.048789261503,4245.019682013722,0,0,0,0,571,0.13500000000000512,0.2400000000000002,0.27500000000000036,False
2018,Brazilian Grand Prix,Race,SIR,12,577,0.0,576.0,0.0,76.342,76.342,-0.0030494631574149444,4229.459203882801,4229.462253345959,0,0,0,0,576,0.13500000000000512,0.240000000000002,0.27500000000000036,False
2018,Brazilian Grand Prix,Race,STR,12,579,0.0,578.0,0.0,76.462,76.462,0.03183430632240625,4233.19313654055,4233.161302234227,0,0,0,0,578,0.13500000000000512,0.2400000000000002,0.27500000000000036,False
2018,Brazilian Grand Prix,Race,VAN,12,578,0.0,577.0,0.0,76.413,76.413,0.0005336802822917264,4229.879471822354,4229.878938142072,0,0,0,0,577,0.13500000000000512,0.2400000000000002,0.27500000000000036,False
2018,Brazilian Grand Prix,Race,VER,12,559,0.0,558.0,0.0,73.949,73.949,0.003615048941916263,4248.714628181573,4248.711013132631,0,0,0,0,558,0.13500000000000156,0.240000000000002,0.2749999999999986,False
2018,Brazilian Grand Prix,Race,VET,12,566,0.0,565.0,0.0,74.937,74.937,0.0006181362620529367,4250.942924117789,4250.942305981526,0,0,0,0,565,0.13500000000000512,0.240000000000002,0.2750000000000057,False
2018,British Grand Prix,Race,ALO,9,726,0.0,725.0,0.0,95.789,95.789,0.27251384370339515,5825.726041011846,5825.4535271681425,0,0,0,0,725,0.13800000000000012,0.23999999999999844,0.29999999999999716,False
2018,British Grand Prix,Race,BOT,9,708,0.0,707.0,0.0,93.307,93.307,0.1878174673392301,5827.670015053293,5827.482197585954,0,0,0,0,707,0.13799999999999812,0.23999999999999738,0.29999999999999716,False
2018,British Grand Prix,Race,ERI,6,729,0.0,728.0,0.0,95.706,95.706,0.09351945186938226,5836.984132839158,5836.890613387288,0,0,0,0,728,0.13599999999999568,0.23999999999999844,0.28000000000000114,False
2018,British Grand Prix,Race,GAS,9,728,0.0,727.0,0.0,95.992,95.992,0.28035369656453013,5838.657626585825,5838.37727288926,0,0,0,0,727,0.1379999999999999,0.23999999999999905,0.30000000000000426,False
2018,British Grand Prix,Race,GRO,7,730,0.0,729.0,0.0,96.211,96.211,0.09348659921687297,5828.888285766619,5828.794799167403,0,0,0,0,729,0.1369999999999969,0.2400000000000002,0.29999999999999716,False
2018,British Grand Prix,Race,HAM,9,710,0.0,709.0,0.0,93.653,93.653,0.03906025677624475,5823.6336705677795,5823.594610311004,0,0,0,0,709,0.1379999999999999,0.23999999999999488,0.29999999999999716,False
2018,British Grand Prix,Race,HAR,1,1323,0.0,1322.0,0.0,174.676,174.676,-0.03826927046023199,5372.155555269742,5372.1938245402025,0,0,0,0,1322,0.13399999999998613,0.240000000000002,0.30000000000000426,False
2018,British Grand Prix,Race,HUL,9,724,0.0,723.0,0.0,95.492,95.492,0.09669961826158646,5830.966150610303,5830.8694509920415,0,0,0,0,723,0.13799999999999812,0.23999999999999488,0.30000000000000426,False
2018,British Grand Prix,Race,LEC,4,724,0.0,723.0,0.0,95.261,95.261,-0.007831323027817791,5815.5292981342445,5815.537129457272,0,0,0,0,723,0.134999999999998,0.240000000000002,0.29999999999999716,False
2018,British Grand Prix,Race,MAG,9,725,0.0,724.0,0.0,95.677,95.677,0.09616588779989033,5843.213648189268,5843.117482301468,0,0,0,0,724,0.13800000000000168,0.23999999999999488,0.29999999999999716,False
2018,British Grand Prix,Race,OCO,9,726,0.0,725.0,0.0,95.712,95.712,0.061729384535564424,5831.982890071571,5831.921160687036,0,0,0,0,725,0.1379999999999999,0.23999999999999488,0.29999999999999716,False
2018,British Grand Prix,Race,PER,9,727,0.0,726.0,0.0,95.805,95.805,0.08201026019230784,5820.578096917679,5820.4960866574875,0,0,0,0,726,0.1379999999999999,0.2400000000000002,0.3000000000000007,False
2018,British Grand Prix,Race,RAI,9,711,0.0,710.0,0.0,93.684,93.684,0.05269403382533844,5824.061237597984,5824.008543564159,0,0,0,0,710,0.13799999999999812,0.23999999999999488,0.29999999999999716,False
2018,British Grand Prix,Race,RIC,9,713,0.0,712.0,0.0,94.0,94.0,0.21947879429570682,5844.439985589547,5844.220506795252,0,0,0,0,712,0.13799999999999812,0.2399999999999965,0.30000000000000426,False
2018,British Grand Prix,Race,SAI,7,734,0.0,733.0,0.0,96.626,96.626,0.035842667154510455,5837.503308043702,5837.467465376548,0,0,0,0,733,0.13700000000000045,0.2400000000000002,0.29999999999999716,False
2018,British Grand Prix,Race,SIR,9,730,0.0,729.0,0.0,96.297,96.297,0.01572395251069847,5831.327433502647,5831.311709550137,0,0,0,0,729,0.1379999999999999,0.2400000000000002,0.3000000000000007,False
2018,British Grand Prix,Race,STR,9,731,0.0,730.0,0.0,96.38,96.38,0.21254667600903399,5826.59145996565,5826.378913289641,0,0,0,0,730,0.1379999999999999,0.2400000000000001,0.3000000000000007,False
2018,British Grand Prix,Race,VAN,9,730,0.0,729.0,0.0,96.205,96.205,-0.013479049709734896,5851.15755986527,5851.171038914979,0,0,0,0,729,0.13799999999999812,0.24,0.29999999999999716,False
2018,British Grand Prix,Race,VER,8,713,0.0,712.0,0.0,93.747,93.747,0.014778263204494435,5848.407565063282,5848.392786800077,0,0,0,0,712,0.13700000000000045,0.2400000000000001,0.3000000000000007,False
2018,British Grand Prix,Race,VET,9,706,0.0,705.0,0.0,93.098,93.098,0.0028093570620236303,5844.696351877099,5844.693542520037,0,0,0,0,705,0.13799999999999812,0.23999999999999488,0.30000000000001137,False
2018,Canadian Grand Prix,Race,ALO,7,581,0.0,580.0,0.0,77.454,77.454,0.05651087984154908,4319.726052972067,4319.669542092225,0,0,0,0,580,0.13199999999999967,0.2400000000000003,0.28000000000000114,False
2018,Canadian Grand Prix,Race,BOT,12,568,0.0,567.0,0.0,75.689,75.689,0.0003245179930621983,4327.15478588,4327.154461362007,0,0,0,0,567,0.13400000000000034,0.240000000000002,0.30000000000000426,False
2018,Canadian Grand Prix,Race,ERI,12,593,0.0,592.0,0.0,79.006,79.006,0.23196866865766386,4316.044315858298,4315.812347189641,0,0,0,0,592,0.134999999999998,0.240000000000002,0.3000000000000007,False
2018,Canadian Grand Prix,Race,GAS,12,582,0.0,581.0,0.0,77.545,77.545,0.0436133931243563,4326.541187941094,4326.49757454797,0,0,0,0,581,0.134999999999998,0.240000000000002,0.30000000000000426,False
2018,Canadian Grand Prix,Race,GRO,12,580,0.0,579.0,0.0,77.34,77.34,0.0559877713863548,4330.291548868202,4330.235561096815,0,0,0,0,579,0.134999999999998,0.240000000000002,0.30000000000000426,False
2018,Canadian Grand Prix,Race,HAM,12,574,0.0,573.0,0.0,76.466,76.466,0.0822769952002873,4333.41950620705,4333.33722921185,0,0,0,0,573,0.13400000000000034,0.240000000000002,0.30000000000000426,False
2018,Canadian Grand Prix,Race,HAR,1,758,0.0,757.0,0.0,100.981,100.981,-0.0014985475785405872,1289.4379773873486,1289.4394759349273,0,0,0,0,757,0.1290000000000049,0.240000000000002,0.29999999999999893,False
2018,Canadian Grand Prix,Race,HUL,12,570,0.0,569.0,0.0,75.914,75.914,0.004721109646287636,4320.230900422367,4320.226179312721,0,0,0,0,569,0.1349999999999909,0.240000000000002,0.30000000000000426,False
2018,Canadian Grand Prix,Race,LEC,12,582,0.0,581.0,0.0,77.511,77.511,0.02752094685961648,4318.862208803566,4318.834687856706,0,0,0,0,581,0.134999999999998,0.240000000000002,0.30000000000000426,False
2018,Canadian Grand Prix,Race,MAG,12,586,0.0,585.0,0.0,78.054,78.054,0.12820753895760006,4328.327656096779,4328.199448557822,0,0,0,0,585,0.134999999999998,0.240000000000002,0.30000000000000426,False
2018,Canadian Grand Prix,Race,OCO,12,593,0.0,592.0,0.0,79.071,79.071,5.455827456479767e-07,4291.058832674734,4291.058832129151,0,0,0,0,592,0.134999999999998,0.240000000000002,0.3000000000000007,False
2018,Canadian Grand Prix,Race,PER,12,578,0.0,577.0,0.0,76.798,76.798,0.09963387552143166,4313.778207852235,4313.678573976714,0,0,0,0,577,0.134999999999998,0.240000000000002,0.3000000000000007,False
2018,Canadian Grand Prix,Race,RAI,12,576,0.0,575.0,0.0,76.632,76.632,0.04706329985853985,4321.630201915068,4321.5831386152095,0,0,0,0,575,0.1349999999999909,0.240000000000002,0.30000000000000426,False
2018,Canadian Grand Prix,Race,RIC,12,573,0.0,572.0,0.0,76.382,76.382,0.0523990220618788,4336.960698343709,4336.908299321647,0,0,0,0,572,0.1349999999999909,0.240000000000002,0.30000000000000426,False
2018,Canadian Grand Prix,Race,SAI,12,575,0.0,574.0,0.0,76.6,76.6,0.007705392584737569,4320.511865984262,4320.504160591678,0,0,0,0,574,0.1349999999999989,0.240000000000002,0.30000000000000426,False
2018,Canadian Grand Prix,Race,SIR,12,593,0.0,592.0,0.0,79.096,79.096,-0.0019366609259638956,4333.291321434816,4333.293258095742,0,0,0,0,592,0.134999999999998,0.240000000000002,0.30000000000000426,False
2018,Canadian Grand Prix,Race,STR,1,758,0.0,757.0,0.0,100.981,100.981,-0.014762714715052017,1366.378863486425,1366.39362620114,0,0,0,0,757,0.1290000000000049,0.240000000000002,0.29999999999999893,False
2018,Canadian Grand Prix,Race,VAN,12,592,0.0,591.0,0.0,78.882,78.882,0.003472729598651053,4321.911170821028,4321.907698091429,0,0,0,0,591,0.134999999999998,0.240000000000002,0.3000000000000007,False
2018,Canadian Grand Prix,Race,VER,12,571,0.0,570.0,0.0,76.154,76.154,0.05282904198291871,4331.192127709523,4331.139298667541,0,0,0,0,570,0.13400000000000034,0.240000000000002,0.30000000000000426,False
2018,Canadian Grand Prix,Race,VET,12,566,0.0,565.0,0.0,75.349,75.349,0.0008563413912128226,4337.019048802339,4337.018192460948,0,0,0,0,565,0.13400000000000034,0.240000000000002,0.30000000000001137,False
2018,Chinese Grand Prix,Race,ALO,10,756,0.0,755.0,0.0,100.373,100.373,0.07009367047284787,5389.703738585984,5389.6336449155115,0,0,0,0,755,0.13700000000000045,0.2400000000000002,0.28000000000000114,False
2018,Chinese Grand Prix,Race,BOT,10,745,0.0,744.0,0.0,98.801,98.801,0.11912719019768714,5414.351296611532,5414.232169421334,0,0,0,0,744,0.13700000000000045,0.2400000000000002,0.28000000000000114,False
2018,Chinese Grand Prix,Race,ERI,10,765,0.0,764.0,0.0,101.672,101.672,0.07841686018938221,5410.270077673143,5410.191660812953,0,0,0,0,764,0.13700000000000045,0.240000000000002,0.28000000000000114,False
2018,Chinese Grand Prix,Race,GAS,10,765,0.0,764.0,0.0,101.613,101.613,0.08358203738065295,5412.351858096084,5412.268276058703,0,0,0,0,764,0.13700000000000045,0.240000000000002,0.28000000000000114,False
2018,Chinese Grand Prix,Race,GRO,10,757,0.0,756.0,0.0,100.485,100.485,0.040575509525164755,5414.587927429802,5414.547351920277,0,0,0,0,756,0.13700000000000045,0.240000000000002,0.28000000000000114,False
2018,Chinese Grand Prix,Race,HAM,10,747,0.0,746.0,0.0,99.184,99.184,0.2277387163398892,5410.449668901906,5410.221930185567,0,0,0,0,746,0.13700000000000045,0.2400000000000002,0.28000000000000114,False
2018,Chinese Grand Prix,Race,HAR,9,766,0.0,765.0,0.0,101.626,101.626,0.08605679261242472,5408.952745446778,5408.866688654166,0,0,0,0,765,0.13700000000000045,0.240000000000002,0.277000000000001,False
2018,Chinese Grand Prix,Race,HUL,10,756,0.0,755.0,0.0,100.179,100.179,0.03751632661716897,5429.203839090109,5429.166322763492,0,0,0,0,755,0.13699999999999957,0.24000000000000074,0.28000000000000114,False
2018,Chinese Grand Prix,Race,LEC,10,765,0.0,764.0,0.0,101.55,101.55,0.17157360492300988,5406.708325564379,5406.5367519594565,0,0,0,0,764,0.13700000000000045,0.2400000000000002,0.28000000000000114,False
2018,Chinese Grand Prix,Race,MAG,10,755,0.0,754.0,0.0,100.259,100.259,0.003764992446847082,5425.569024866022,5425.565259873575,0,0,0,0,754,0.13700000000000045,0.2400000000000002,0.28000000000000114,False
2018,Chinese Grand Prix,Race,OCO,10,756,0.0,755.0,0.0,100.538,100.538,-0.004243169620784779,5393.8247438756935,5393.8289870453145,0,0,0,0,755,0.13700000000000045,0.2400000000000002,0.28000000000000114,False
2018,Chinese Grand Prix,Race,PER,10,760,0.0,759.0,0.0,100.919,100.919,0.05283498618992244,5385.990024302081,5385.937189315891,0,0,0,0,759,0.13700000000000045,0.240000000000002,0.28000000000000114,False
2018,Chinese Grand Prix,Race,RAI,10,747,0.0,746.0,0.0,99.201,99.201,0.0006806941217352147,5407.864703463065,5407.864022768943,0,0,0,0,746,0.13700000000000045,0.2400000000000002,0.28000000000000114,False
2018,Chinese Grand Prix,Race,RIC,10,747,0.0,746.0,0.0,99.166,99.166,0.039521374474727144,5417.268403781384,5417.228882406909,0,0,0,0,746,0.13700000000000045,0.2400000000000002,0.28000000000000114,False
2018,Chinese Grand Prix,Race,SAI,10,757,0.0,756.0,0.0,100.584,100.584,0.007603590696452056,5416.175020427125,5416.167416836428,0,0,0,0,756,0.13700000000000045,0.24000000000000005,0.28000000000000114,False
2018,Chinese Grand Prix,Race,SIR,10,761,0.0,760.0,0.0,100.955,100.955,0.12767543581975552,5414.264155115211,5414.136479679391,0,0,0,0,760,0.13700000000000045,0.2400000000000002,0.28000000000000114,False
2018,Chinese Grand Prix,Race,STR,10,759,0.0,758.0,0.0,100.852,100.852,0.06464035282656955,5418.563786526199,5418.4991461733725,0,0,0,0,758,0.13700000000000045,0.23999999999999977,0.2799999999999976,False
2018,Chinese Grand Prix,Race,VAN,10,764,0.0,763.0,0.0,101.343,101.343,0.23348370254793638,5408.852422135078,5408.61893843253,0,0,0,0,763,0.13700000000000045,0.24,0.2799999999999976,False
2018,Chinese Grand Prix,Race,VER,10,746,0.0,745.0,0.0,99.184,99.184,-0.00019700248010334764,5426.766695881474,5426.766892883955,0,0,0,0,745,0.13700000000000045,0.2400000000000002,0.28000000000000114,False
2018,Chinese Grand Prix,Race,VET,10,744,0.0,743.0,0.0,98.75,98.75,0.014316399009334513,5427.14869721883,5427.134380819821,0,0,0,0,743,0.137,0.23999999999999924,0.28000000000000114,False
2018,French Grand Prix,Race,ALO,9,757,0.0,756.0,0.0,100.848,100.848,0.003180892884494302,5781.506172452297,5781.502991559412,0,0,0,0,756,0.13600000000000279,0.2400000000000002,0.28000000000000114,False
2018,French Grand Prix,Race,BOT,9,751,0.0,750.0,0.0,99.754,99.754,0.12769760665671231,5772.069373090516,5771.941675483859,0,0,0,0,750,0.13600000000000279,0.2400000000000002,0.28000000000000114,False
2018,French Grand Prix,Race,ERI,9,774,0.0,773.0,0.0,102.954,102.954,0.04709141749325907,5767.370479287109,5767.323387869616,0,0,0,0,773,0.13600000000000279,0.240000000000002,0.28000000000000114,False
2018,French Grand Prix,Race,GAS,1,974,0.0,973.0,0.0,129.589,129.589,-0.022410467045934447,1570.9511201718024,1570.9735306388484,0,0,0,0,973,0.13700000000000045,0.2400000000000002,0.29999999999999716,False
2018,French Grand Prix,Race,GRO,9,749,0.0,748.0,0.0,99.621,99.621,0.020343796277217385,5769.663130938844,5769.642787142567,0,0,0,0,748,0.13600000000000279,0.2400000000000002,0.28000000000000114,False
2018,French Grand Prix,Race,HAM,9,732,0.0,731.0,0.0,97.385,97.385,0.16400974770679286,5789.3955642582305,5789.231554510524,0,0,0,0,731,0.13600000000000279,0.240000000000002,0.28000000000000114,False
2018,French Grand Prix,Race,HAR,9,756,0.0,755.0,0.0,100.693,100.693,0.009466668038687495,5775.8219150071145,5775.812448339076,0,0,0,0,755,0.13600000000000279,0.240000000000002,0.28000000000000114,False
2018,French Grand Prix,Race,HUL,9,751,0.0,750.0,0.0,99.852,99.852,0.1593165769785294,5764.545981555247,5764.3866649782685,0,0,0,0,750,0.13599999999999962,0.240000000000002,0.28000000000000114,False
2018,French Grand Prix,Race,LEC,9,749,0.0,748.0,0.0,99.539,99.539,0.10225962708861214,5772.356144818571,5772.253885191482,0,0,0,0,748,0.13600000000000145,0.240000000000002,0.28000000000000114,False
2018,French Grand Prix,Race,MAG,9,749,0.0,748.0,0.0,99.694,99.694,0.0010230750788508824,5781.105583974597,5781.104560899518,0,0,0,0,748,0.13600000000000279,0.2400000000000002,0.28000000000000114,False
2018,French Grand Prix,Race,OCO,1,974,0.0,973.0,0.0,129.589,129.589,-0.05875995957297909,1348.5469778189108,1348.605737778484,0,0,0,0,973,0.13700000000000045,0.2400000000000002,0.29999999999999716,False
2018,French Grand Prix,Race,PER,5,1032,0.0,1031.0,0.0,138.486,138.486,0.039092361596963277,5792.587504522376,5792.548412160779,0,0,0,0,1031,0.1390000000000029,0.240000000000002,0.30000000000001137,False
2018,French Grand Prix,Race,RAI,9,739,0.0,738.0,0.0,98.302,98.302,0.08075496057984255,5779.050236712572,5778.969481751992,0,0,0,0,738,0.13600000000000279,0.2400000000000002,0.28000000000000114,False
2018,French Grand Prix,Race,RIC,9,739,0.0,738.0,0.0,98.281,98.281,0.2219565620067736,5770.775657430664,5770.553700868657,0,0,0,0,738,0.13600000000000279,0.2400000000000002,0.28000000000000114,False
2018,French Grand Prix,Race,SAI,9,753,0.0,752.0,0.0,100.147,100.147,0.14329219389733883,5768.212765793684,5768.069473599787,0,0,0,0,752,0.13599999999999968,0.240000000000002,0.28000000000000114,False
2018,French Grand Prix,Race,SIR,9,765,0.0,764.0,0.0,101.791,101.791,0.651529478014738,5761.681684687384,5761.03015520937,0,0,0,0,764,0.13600000000000279,0.2400000000000002,0.28000000000000114,False
2018,French Grand Prix,Race,STR,9,764,0.0,763.0,0.0,101.763,101.763,0.10967691699110782,5761.16109059398,5761.051413676989,0,0,0,0,763,0.13600000000000279,0.240000000000002,0.28000000000000114,False
2018,French Grand Prix,Race,VAN,9,759,0.0,758.0,0.0,100.963,100.963,0.09075798856049078,5770.874802772797,5770.784044784236,0,0,0,0,758,0.13600000000000279,0.2400000000000002,0.28000000000000114,False
2018,French Grand Prix,Race,VER,9,733,0.0,732.0,0.0,97.588,97.588,0.07223563813745315,5784.383890510794,5784.311654872657,0,0,0,0,732,0.13600000000000279,0.2400000000000002,0.28000000000000114,False
2018,French Grand Prix,Race,VET,9,739,0.0,738.0,0.0,98.232,98.232,0.01653923665542891,5771.465201352716,5771.44866211606,0,0,0,0,738,0.13600000000000279,0.240000000000002,0.28000000000000114,False
2018,German Grand Prix,Race,ALO,11,611,0.0,610.0,0.0,80.3,80.3,0.17120596367132412,4543.38990936588,4543.218703402209,0,0,0,0,610,0.12400000000000233,0.2400000000000002,0.28000000000000114,False
2018,German Grand Prix,Race,BOT,12,596,0.0,595.0,0.0,78.473,78.473,0.2245330091295168,4548.335819245451,4548.111286236322,0,0,0,0,595,0.13700000000000045,0.240000000000002,0.29999999999999716,False
2018,German Grand Prix,Race,ERI,12,610,0.0,609.0,0.0,80.191,80.191,0.1491959681123768,4562.727162987091,4562.577967018979,0,0,0,0,609,0.13700000000000045,0.2400000000000002,0.3000000000000007,False
2018,German Grand Prix,Race,GAS,12,611,0.0,610.0,0.0,80.466,80.466,-0.016970823348705033,4557.207366435509,4557.224337258858,0,0,0,0,610,0.13650000000000162,0.240000000000002,0.3000000000000007,False
2018,German Grand Prix,Race,GRO,12,612,0.0,611.0,0.0,80.429,80.429,0.08839288248321192,4577.741693667328,4577.653300784845,0,0,0,0,611,0.13700000000000045,0.2400000000000002,0.3000000000000007,False
2018,German Grand Prix,Race,HAM,12,598,0.0,597.0,0.0,78.873,78.873,0.20188475806398198,4559.66263371993,4559.460748961867,0,0,0,0,597,0.13700000000000045,0.24000000000000057,0.30000000000000426,False
2018,German Grand Prix,Race,HAR,12,613,0.0,612.0,0.0,80.667,80.667,0.3426668183249153,4565.512920427599,4565.170253609274,0,0,0,0,612,0.13599999999999834,0.2400000000000002,0.29999999999999716,False
2018,German Grand Prix,Race,HUL,12,608,0.0,607.0,0.0,80.001,80.001,0.018497437508020464,4559.120068002089,4559.101570564581,0,0,0,0,607,0.137,0.2400000000000002,0.29999999999999716,False
2018,German Grand Prix,Race,LEC,12,609,0.0,608.0,0.0,80.139,80.139,0.026570116707639674,4556.833245932625,4556.8066758159175,0,0,0,0,608,0.13700000000000045,0.2400000000000002,0.3000000000000007,False
2018,German Grand Prix,Race,MAG,12,605,0.0,604.0,0.0,79.746,79.746,0.15550651383333625,4572.273211711968,4572.117705198134,0,0,0,0,604,0.13700000000000045,0.2400000000000002,0.29999999999999716,False
2018,German Grand Prix,Race,OCO,12,609,0.0,608.0,0.0,80.178,80.178,0.18707993488971528,4578.126786245658,4577.939706310768,0,0,0,0,608,0.13700000000000045,0.2400000000000002,0.3000000000000007,False
2018,German Grand Prix,Race,PER,12,607,0.0,606.0,0.0,79.903,79.903,0.17860692417217416,4561.420302462596,4561.241695538423,0,0,0,0,606,0.13700000000000045,0.24000000000000155,0.3000000000000007,False
2018,German Grand Prix,Race,RAI,12,598,0.0,597.0,0.0,78.885,78.885,0.039288978621215165,4561.3827885939445,4561.343499615324,0,0,0,0,597,0.13700000000000045,0.240000000000002,0.29999999999999716,False
2018,German Grand Prix,Race,RIC,5,606,0.0,605.0,0.0,79.58,79.58,0.3522463537049081,4554.720817575763,4554.368571222059,0,0,0,0,605,0.133,0.24000000000000163,0.28600000000000136,False
2018,German Grand Prix,Race,SAI,12,608,0.0,607.0,0.0,80.068,80.068,0.004753380906988028,4549.618689340688,4549.613935959782,0,0,0,0,607,0.13700000000000045,0.2400000000000002,0.3000000000000007,False
2018,German Grand Prix,Race,SIR,9,617,0.0,616.0,0.0,81.142,81.142,0.1059826114392246,4555.656811118539,4555.5508285071,0,0,0,0,616,0.13599999999999568,0.23999999999999844,0.2749999999999986,False
2018,German Grand Prix,Race,STR,9,615,0.0,614.0,0.0,80.981,80.981,0.06654356602546707,4558.30988119241,4558.243337626384,0,0,0,0,614,0.13599999999999568,0.23999999999999488,0.27500000000000213,False
2018,German Grand Prix,Race,VAN,12,612,0.0,611.0,0.0,80.526,80.526,0.16560965850933673,4555.319783615824,4555.154173957315,0,0,0,0,611,0.13599999999999568,0.2400000000000011,0.3000000000000007,False
2018,German Grand Prix,Race,VER,12,597,0.0,596.0,0.0,78.567,78.567,0.16199241192120217,4578.667839057835,4578.505846645914,0,0,0,0,596,0.137,0.240000000000002,0.29999999999999716,False
2018,German Grand Prix,Race,VET,9,595,0.0,594.0,0.0,78.562,78.562,-0.0009267417913378928,4565.025125956596,4565.0260526983875,0,0,0,0,594,0.1355000000000004,0.23999999999999844,0.29499999999999993,False
2018,Hungarian Grand Prix,Race,ALO,12,630,0.0,629.0,0.0,84.71,84.71,0.25327502029495497,4349.046616722499,4348.793341702203,0,0,0,0,629,0.13900000000001,0.240000000000002,0.28000000000000114,False
2018,Hungarian Grand Prix,Race,BOT,12,615,0.0,614.0,0.0,83.666,83.666,0.18161564260487317,4349.508178260752,4349.326562618147,0,0,0,0,614,0.1399999999999998,0.240000000000002,0.29999999999999893,False
2018,Hungarian Grand Prix,Race,ERI,12,630,0.0,629.0,0.0,85.15,85.15,0.18069535059342767,4349.413828613509,4349.2331332629155,0,0,0,0,629,0.13999999999999702,0.240000000000002,0.29999999999999716,False
2018,Hungarian Grand Prix,Race,GAS,12,618,0.0,617.0,0.0,83.845,83.845,0.0019367881912074232,4355.464598936098,4355.4626621479065,0,0,0,0,617,0.14000000000000012,0.240000000000002,0.28000000000000824,False
2018,Hungarian Grand Prix,Race,GRO,12,626,0.0,625.0,0.0,84.665,84.665,0.14828370038102934,4351.9647696713655,4351.816485970984,0,0,0,0,625,0.13900000000001,0.240000000000002,0.27999999999999936,False
2018,Hungarian Grand Prix,Race,HAM,12,613,0.0,612.0,0.0,83.291,83.291,0.026928532363484248,4359.1969328793075,4359.170004346944,0,0,0,0,612,0.13999999999999524,0.240000000000002,0.29999999999999893,False
2018,Hungarian Grand Prix,Race,HAR,12,629,0.0,628.0,0.0,85.281,85.281,0.09324711552839826,4347.896137042899,4347.80288992737,0,0,0,0,628,0.13999999999999702,0.240000000000002,0.28000000000000114,False
2018,Hungarian Grand Prix,Race,HUL,12,628,0.0,627.0,0.0,85.177,85.177,0.04857844299196756,4355.4253652293955,4355.3767867864035,0,0,0,0,627,0.13999999999999346,0.2400000000000002,0.28000000000000114,False
2018,Hungarian Grand Prix,Race,LEC,1,660,0.0,659.0,0.0,86.785,86.785,-0.0064399869684732165,3826.7928740134553,3826.7993140004237,0,0,0,0,659,0.13400000000000034,0.23999999999999982,0.3000000000000007,False
2018,Hungarian Grand Prix,Race,MAG,12,622,0.0,621.0,0.0,84.338,84.338,0.16495103716558424,4355.224088965518,4355.059137928352,0,0,0,0,621,0.14000000000000057,0.2400000000000002,0.28000000000000114,False
2018,Hungarian Grand Prix,Race,OCO,12,631,0.0,630.0,0.0,85.281,85.281,0.04531637726715587,4337.75989733766,4337.714580960393,0,0,0,0,630,0.13999999999999346,0.240000000000002,0.28000000000000114,False
2018,Hungarian Grand Prix,Race,PER,12,633,0.0,632.0,0.0,85.55,85.55,0.024810802474501015,4336.74818811485,4336.723377312375,0,0,0,0,632,0.13950000000000173,0.240000000000002,0.28000000000000114,False
2018,Hungarian Grand Prix,Race,RAI,12,615,0.0,614.0,0.0,83.786,83.786,0.3302465303469386,4359.8769998322105,4359.546753301864,0,0,0,0,614,0.14,0.240000000000002,0.2999999999999998,False
2018,Hungarian Grand Prix,Race,RIC,12,627,0.0,626.0,0.0,84.792,84.792,0.18239725542484342,4337.727079150881,4337.544681895456,0,0,0,0,626,0.13900000000000645,0.2400000000000002,0.28000000000000114,False
2018,Hungarian Grand Prix,Race,SAI,12,629,0.0,628.0,0.0,85.26,85.26,0.15227290346149447,4351.464978802033,4351.312705898572,0,0,0,0,628,0.14000000000000057,0.2400000000000002,0.28000000000000114,False
2018,Hungarian Grand Prix,Race,SIR,12,635,0.0,634.0,0.0,85.873,85.873,0.011740598557667167,4345.598965328205,4345.5872247296475,0,0,0,0,634,0.13949999999999863,0.2400000000000002,0.28000000000000114,False
2018,Hungarian Grand Prix,Race,STR,12,635,0.0,634.0,0.0,85.946,85.946,0.018033084773895897,4345.309459928068,4345.291426843293,0,0,0,0,634,0.13949999999999996,0.2400000000000002,0.28000000000000114,False
2018,Hungarian Grand Prix,Race,VAN,9,650,0.0,649.0,0.0,85.713,85.713,0.08020066935246817,4365.291390092305,4365.211189422953,0,0,0,0,649,0.13799999999999812,0.2400000000000002,0.28000000000000114,False
2018,Hungarian Grand Prix,Race,VER,2,643,0.0,642.0,0.0,84.621,84.621,0.16966083293106538,4361.575601713244,4361.405940880313,0,0,0,0,642,0.12650000000000183,0.2400000000000002,0.28000000000000114,False
2018,Hungarian Grand Prix,Race,VET,12,614,0.0,613.0,0.0,83.452,83.452,0.13761824506387232,4351.5722908224625,4351.4346725773985,0,0,0,0,613,0.1399999999999988,0.240000000000002,0.3000000000000007,False
2018,Italian Grand Prix,Race,ALO,2,1049,0.0,1048.0,0.0,137.507,137.507,-0.287793340919682,5788.136451402657,5788.424244743577,0,0,0,0,1048,0.13100000000000023,0.23999999999999844,0.27200000000000557,False
2018,Italian Grand Prix,Race,BOT,9,650,0.0,649.0,0.0,85.163,85.163,0.09906261944397299,5759.707825923708,5759.608763304263,0,0,0,0,649,0.1349999999999998,0.2400000000000002,0.28000000000000114,False
2018,Italian Grand Prix,Race,ERI,9,665,0.0,664.0,0.0,87.119,87.119,-3.750483563086382e-05,5759.572498764758,5759.572536269594,0,0,0,0,664,0.13599999999999923,0.240000000000002,0.28000000000000025,False
2018,Italian Grand Prix,Race,GAS,9,663,0.0,662.0,0.0,86.915,86.915,0.07055732841964765,5766.279241758039,5766.208684429619,0,0,0,0,662,0.13599999999999923,0.2400000000000002,0.28000000000000025,False
2018,Italian Grand Prix,Race,GRO,9,656,0.0,655.0,0.0,85.955,85.955,0.037347493130044374,5764.907969142687,5764.870621649557,0,0,0,0,655,0.1349999999999998,0.240000000000002,0.28000000000000114,False
2018,Italian Grand Prix,Race,HAM,9,644,0.0,643.0,0.0,84.349,84.349,-0.01828517034854471,5759.807073638543,5759.825358808892,0,0,0,0,643,0.135,0.2400000000000002,0.28000000000000114,False
2018,Italian Grand Prix,Race,HAR,1,818,0.0,817.0,0.0,107.208,107.208,-0.0014357468580060524,645.2543413687289,645.2557771155869,0,0,0,0,817,0.13100000000000023,0.23999999999999488,0.28000000000000114,False
2018,Italian Grand Prix,Race,HUL,9,670,0.0,669.0,0.0,87.891,87.891,0.025905398080443565,5755.285937332164,5755.260031934084,0,0,0,0,669,0.13599999999999923,0.2400000000000002,0.28000000000000025,False
2018,Italian Grand Prix,Race,LEC,9,681,0.0,680.0,0.0,89.165,89.165,0.1342532060060555,5762.526680289141,5762.392427083135,0,0,0,0,680,0.13599999999999568,0.240000000000002,0.28000000000000025,False
2018,Italian Grand Prix,Race,MAG,9,674,0.0,673.0,0.0,88.106,88.106,0.00810575689110582,5772.756514231236,5772.748408474345,0,0,0,0,673,0.13599999999999968,0.240000000000002,0.2430000000000021,False
2018,Italian Grand Prix,Race,OCO,9,656,0.0,655.0,0.0,86.046,86.046,-0.003566753860061278,5757.873220406556,5757.876787160417,0,0,0,0,655,0.13500000000000512,0.2400000000000002,0.28000000000000114,False
2018,Italian Grand Prix,Race,PER,9,652,0.0,651.0,0.0,85.514,85.514,0.06666666666666998,5763.062665578355,5762.995998911689,0,0,0,0,651,0.136000000000001,0.2400000000000001,0.27999999999999936,False
2018,Italian Grand Prix,Race,RAI,9,644,0.0,643.0,0.0,84.5,84.5,0.00015328793349344763,5784.40520987812,5784.405056590187,0,0,0,0,643,0.1349999999999998,0.2400000000000002,0.28000000000000114,False
2018,Italian Grand Prix,Race,RIC,5,663,0.0,662.0,0.0,86.771,86.771,-0.0003247826333234727,5770.667491470181,5770.667816252814,0,0,0,0,662,0.13400000000000034,0.23999999999999977,0.28000000000000114,False
2018,Italian Grand Prix,Race,SAI,9,657,0.0,656.0,0.0,86.265,86.265,-0.001536432183102513,5769.074269954477,5769.075806386661,0,0,0,0,656,0.1355000000000004,0.24000000000000066,0.27999999999999936,False
2018,Italian Grand Prix,Race,SIR,9,660,0.0,659.0,0.0,86.537,86.537,0.014776899547351757,5764.650347437535,5764.635570537987,0,0,0,0,659,0.13599999999999568,0.2400000000000002,0.28000000000000114,False
2018,Italian Grand Prix,Race,STR,9,659,0.0,658.0,0.0,86.437,86.437,0.029695635087000127,5764.704234175544,5764.674538540457,0,0,0,0,658,0.1355000000000004,0.240000000000002,0.28000000000000114,False
2018,Italian Grand Prix,Race,VAN,9,670,0.0,669.0,0.0,87.809,87.809,-0.0031269044097127913,5755.813859695713,5755.816986600123,0,0,0,0,669,0.13599999999999923,0.240000000000002,0.28000000000000025,False
2018,Italian Grand Prix,Race,VER,9,650,0.0,649.0,0.0,85.145,85.145,0.026261414979513065,5772.889130949297,5772.862869534318,0,0,0,0,649,0.1349999999999998,0.2400000000000002,0.28000000000000114,False
2018,Italian Grand Prix,Race,VET,9,662,0.0,661.0,0.0,86.853,86.853,0.018725466908235955,5773.236966935071,5773.218241468163,0,0,0,0,661,0.13599999999999923,0.240000000000002,0.28000000000000114,False
2018,Japanese Grand Prix,Race,ALO,9,748,0.0,747.0,0.0,99.98,99.98,0.17796109620688316,5777.189240657193,5777.011279560987,0,0,0,0,747,0.13799999999999812,0.240000000000002,0.29999999999999716,False
2018,Japanese Grand Prix,Race,BOT,9,711,0.0,710.0,0.0,95.194,95.194,0.04443070722436415,5803.642518979574,5803.59808827235,0,0,0,0,710,0.13800000000000168,0.2400000000000002,0.29999999999999716,False
2018,Japanese Grand Prix,Race,ERI,9,739,0.0,738.0,0.0,98.864,98.864,0.002791205575393049,5777.414276328271,5777.411485122695,0,0,0,0,738,0.13799999999999102,0.240000000000002,0.30000000000000426,False
2018,Japanese Grand Prix,Race,GAS,9,724,0.0,723.0,0.0,96.843,96.843,0.015739265400130847,5790.479686175921,5790.463946910521,0,0,0,0,723,0.1379999999999999,0.240000000000002,0.30000000000000426,False
2018,Japanese Grand Prix,Race,GRO,9,724,0.0,723.0,0.0,96.735,96.735,0.16619378799727524,5784.456220390305,5784.290026602308,0,0,0,0,723,0.13799999999999812,0.240000000000002,0.30000000000001137,False
2018,Japanese Grand Prix,Race,HAM,9,706,0.0,705.0,0.0,94.346,94.346,0.06191372007224416,5797.298639986716,5797.236726266644,0,0,0,0,705,0.1379999999999999,0.240000000000002,0.30000000000000004,False
2018,Japanese Grand Prix,Race,HAR,9,736,0.0,735.0,0.0,98.409,98.409,0.13037349526685071,5791.01727549556,5790.886902000293,0,0,0,0,735,0.13799999999999102,0.2400000000000002,0.29999999999999716,False
2018,Japanese Grand Prix,Race,HUL,7,1007,0.0,1006.0,0.0,138.133,138.133,-0.2138805364447347,5805.7936217116785,5806.007502248123,0,0,0,0,1006,0.14000000000000057,0.240000000000002,0.30000000000000426,False
2018,Japanese Grand Prix,Race,LEC,7,979,0.0,978.0,0.0,134.12,134.12,-0.3179038743678354,5806.09811604463,5806.416019918997,0,0,0,0,978,0.14000000000000057,0.240000000000002,0.29999999999999716,False
2018,Japanese Grand Prix,Race,MAG,2,1154,0.0,1153.0,0.0,154.176,154.176,0.05062755418621778,5795.322945294147,5795.27231773996,0,0,0,0,1153,0.13700000000000045,0.240000000000002,0.30000000000001137,False
2018,Japanese Grand Prix,Race,OCO,9,733,0.0,732.0,0.0,98.102,98.102,0.1237303864367938,5773.885268221689,5773.761537835253,0,0,0,0,732,0.13799999999999812,0.240000000000002,0.29999999999999716,False
2018,Japanese Grand Prix,Race,PER,9,727,0.0,726.0,0.0,97.188,97.188,0.17705379585336756,5781.000131909488,5780.823078113634,0,0,0,0,726,0.13799999999999812,0.240000000000002,0.29999999999999716,False
2018,Japanese Grand Prix,Race,RAI,9,721,0.0,720.0,0.0,96.309,96.309,0.21648759274168317,5784.319040618017,5784.1025530252755,0,0,0,0,720,0.13799999999999812,0.240000000000002,0.30000000000000426,False
2018,Japanese Grand Prix,Race,RIC,9,722,0.0,721.0,0.0,96.753,96.753,0.26228632802321844,5777.960178605094,5777.697892277071,0,0,0,0,721,0.1379999999999999,0.240000000000002,0.29999999999999716,False
2018,Japanese Grand Prix,Race,SAI,9,732,0.0,731.0,0.0,97.959,97.959,0.09228507038588774,5789.491048521636,5789.3987634512505,0,0,0,0,731,0.13799999999999812,0.240000000000002,0.29999999999999716,False
2018,Japanese Grand Prix,Race,SIR,9,740,0.0,739.0,0.0,99.115,99.115,0.05217086129969006,5769.831361015272,5769.779190153972,0,0,0,0,739,0.13799999999999812,0.240000000000002,0.30000000000000426,False
2018,Japanese Grand Prix,Race,STR,9,745,0.0,744.0,0.0,99.711,99.711,-0.006693777287144265,5770.982900582972,5770.98959436026,0,0,0,0,744,0.13799999999999457,0.240000000000002,0.30000000000001137,False
2018,Japanese Grand Prix,Race,VAN,9,749,0.0,748.0,0.0,100.396,100.396,0.0019898832140286984,5791.071250913827,5791.069261030612,0,0,0,0,748,0.13799999999999812,0.240000000000002,0.30000000000000426,False
2018,Japanese Grand Prix,Race,VER,9,712,0.0,711.0,0.0,95.093,95.093,0.07813026884456131,5799.487627158747,5799.409496889903,0,0,0,0,711,0.13799999999999812,0.240000000000002,0.30000000000000426,False
2018,Japanese Grand Prix,Race,VET,9,720,0.0,719.0,0.0,96.393,96.393,0.08972335639631446,5794.012204170711,5793.922480814314,0,0,0,0,719,0.1379999999999999,0.2400000000000002,0.30000000000000426,False
2018,Mexican Grand Prix,Race,ALO,1,713,0.0,712.0,0.0,94.898,94.898,-0.007177833578374475,4156.067210076329,4156.074387909907,0,0,0,0,712,0.1319999999999979,0.240000000000002,0.3000000000000007,False
2018,Mexican Grand Prix,Race,BOT,12,752,0.0,751.0,0.0,100.541,100.541,-0.008161240539814707,4275.161954331594,4275.170115572134,0,0,0,0,751,0.1330000000000009,0.240000000000002,0.30000000000000027,False
2018,Mexican Grand Prix,Race,ERI,12,649,0.0,648.0,0.0,86.626,86.626,0.531027054052994,4252.1582815423535,4251.6272544883,0,0,0,0,648,0.13299999999999912,0.240000000000002,0.29999999999999893,False
2018,Mexican Grand Prix,Race,GAS,12,626,0.0,625.0,0.0,83.483,83.483,-0.03559526166309812,4261.070976847753,4261.1065721094155,0,0,0,0,625,0.13400000000000034,0.240000000000002,0.3000000000000007,False
2018,Mexican Grand Prix,Race,GRO,12,639,0.0,638.0,0.0,85.301,85.301,0.10199813044558081,4260.538010345175,4260.43601221473,0,0,0,0,638,0.13299999999999912,0.240000000000002,0.30000000000000426,False
2018,Mexican Grand Prix,Race,HAM,12,738,0.0,737.0,0.0,98.647,98.647,-1.3730689056908312e-05,4280.304620321,4280.3046340516885,0,0,0,0,737,0.13299999999999912,0.240000000000002,0.30000000000000426,False
2018,Mexican Grand Prix,Race,HAR,12,634,0.0,633.0,0.0,84.741,84.741,0.20505631185857798,4257.680310359867,4257.4752540480085,0,0,0,0,633,0.133,0.240000000000002,0.3,False
2019,Abu Dhabi Grand Prix,Race,ALB,10,791,0.0,790.0,0.0,104.308,104.308,0.31578907934634043,5510.321167728045,5510.005378648699,0,0,0,0,790,0.1334999999999984,0.23999999999999488,0.29999999999999716,False
2019,Abu Dhabi Grand Prix,Race,BOT,10,797,0.0,796.0,0.0,105.173,105.173,0.2639754782007686,5489.264788050713,5489.000812572513,0,0,0,0,796,0.13300000000000045,0.2400000000000002,0.29999999999999716,False
2019,Abu Dhabi Grand Prix,Race,GAS,9,797,0.0,796.0,0.0,105.226,105.226,0.011891451606775082,5505.733886556921,5505.721995105314,0,0,0,0,796,0.13400000000000034,0.23999999999999844,0.29999999999999716,False
2019,Abu Dhabi Grand Prix,Race,GIO,10,795,0.0,794.0,0.0,105.032,105.032,0.04619598229458921,5527.032049152467,5526.985853170173,0,0,0,0,794,0.13299999999999557,0.23999999999999844,0.30000000000000426,False
2019,Abu Dhabi Grand Prix,Race,GRO,10,805,0.0,804.0,0.0,106.225,106.225,0.23581315114168205,5519.284974053045,5519.049160901903,0,0,0,0,804,0.13300000000000134,0.2400000000000002,0.30000000000001137,False
2019,Abu Dhabi Grand Prix,Race,HAM,10,779,0.0,778.0,0.0,102.907,102.907,0.008297869824676125,5507.2086697639415,5507.200371894117,0,0,0,0,778,0.13399999999999834,0.23999999999999844,0.28000000000000114,False
2019,Abu Dhabi Grand Prix,Race,HUL,10,798,0.0,797.0,0.0,105.371,105.371,0.4249121006472131,5526.057445936513,5525.6325338358665,0,0,0,0,797,0.13300000000000978,0.23999999999999844,0.29999999999999716,False
2019,Abu Dhabi Grand Prix,Race,KUB,9,806,0.0,805.0,0.0,106.619,106.619,0.31416118655229885,5498.363671444332,5498.04951025778,0,0,0,0,805,0.13400000000000034,0.23999999999999844,0.28000000000000114,False
2019,Abu Dhabi Grand Prix,Race,KVY,10,800,0.0,799.0,0.0,105.769,105.769,-0.0004785962990777968,5500.201206269678,5500.201684865977,0,0,0,0,799,0.133,0.2399999999999994,0.29999999999999716,False
2019,Abu Dhabi Grand Prix,Race,LEC,10,783,0.0,782.0,0.0,103.353,103.353,0.12163484687276283,5499.978843542928,5499.857208696056,0,0,0,0,782,0.13399999999999634,0.23999999999999844,0.28000000000000114,False
2019,Abu Dhabi Grand Prix,Race,MAG,10,802,0.0,801.0,0.0,106.058,106.058,0.08652486158576411,5510.8035032883045,5510.716978426719,0,0,0,0,801,0.133,0.2400000000000002,0.29999999999999716,False
2019,Abu Dhabi Grand Prix,Race,NOR,10,790,0.0,789.0,0.0,104.389,104.389,0.5178521623043169,5495.613082139473,5495.095229977168,0,0,0,0,789,0.13300000000000267,0.2400000000000002,0.30000000000001137,False
2019,Abu Dhabi Grand Prix,Race,PER,10,794,0.0,793.0,0.0,104.931,104.931,0.026287962337049442,5495.585556757987,5495.5592687956505,0,0,0,0,793,0.1330000000000009,0.23999999999999916,0.30000000000001137,False
2019,Abu Dhabi Grand Prix,Race,RAI,10,802,0.0,801.0,0.0,105.992,105.992,0.015747035623078068,5507.65881862222,5507.643071586596,0,0,0,0,801,0.13300000000000267,0.2400000000000002,0.30000000000001137,False
2019,Abu Dhabi Grand Prix,Race,RIC,10,798,0.0,797.0,0.0,105.508,105.508,0.05117637739433706,5530.675917343304,5530.624740965909,0,0,0,0,797,0.13400000000000034,0.24000000000000005,0.29999999999999716,False
2019,Abu Dhabi Grand Prix,Race,RUS,10,808,0.0,807.0,0.0,106.726,106.726,0.3126063351466409,5497.031642212209,5496.719035877062,0,0,0,0,807,0.13300000000000267,0.2400000000000002,0.30000000000000426,False
2019,Abu Dhabi Grand Prix,Race,SAI,10,799,0.0,798.0,0.0,105.526,105.526,0.38735898394199497,5493.290526766041,5492.9031677820985,0,0,0,0,798,0.13349999999999795,0.24000000000000002,0.29999999999999716,False
2019,Abu Dhabi Grand Prix,Race,STR,8,795,0.0,794.0,0.0,104.941,104.941,0.27095501904958397,5508.557821547837,5508.286866528788,0,0,0,0,794,0.13449999999999562,0.240000000000002,0.29999999999999716,False
2019,Abu Dhabi Grand Prix,Race,VER,10,785,0.0,784.0,0.0,103.442,103.442,0.0315381764565395,5492.142040461384,5492.110502284927,0,0,0,0,784,0.13300000000000978,0.23999999999999844,0.28000000000000114,False
2019,Abu Dhabi Grand Prix,Race,VET,10,788,0.0,787.0,0.0,104.061,104.061,0.6717214796073199,5508.30424888724,5507.632527407633,0,0,0,0,787,0.13399999999999945,0.23999999999999488,0.29999999999999716,False
2019,Australian Grand Prix,Race,ALB,10,695,0.0,694.0,0.0,90.989,90.989,0.08203016218831882,5265.143939678218,5265.06190951603,0,0,0,0,694,0.13300000000000178,0.239999999999999,0.29999999999999716,False
2019,Australian Grand Prix,Race,BOT,10,681,0.0,680.0,0.0,89.028,89.028,0.11588454748089339,5269.625023041455,5269.509138493974,0,0,0,0,680,0.13299999999999956,0.2399999999999985,0.28000000000000114,False
2019,Australian Grand Prix,Race,GAS,10,697,0.0,696.0,0.0,91.449,91.449,0.0005724819669410408,5256.755350691275,5256.754778209309,0,0,0,0,696,0.13300000000000978,0.23999999999999844,0.30000000000001137,False
2019,Australian Grand Prix,Race,GIO,10,695,0.0,694.0,0.0,91.198,91.198,0.1633602202584914,5280.37123770134,5280.207877481082,0,0,0,0,694,0.13349999999999973,0.24000000000000007,0.29999999999999716,False
2019,Australian Grand Prix,Race,GRO,6,689,0.0,688.0,0.0,90.413,90.413,0.0017285440269150416,5275.096074515044,5275.094345971017,0,0,0,0,688,0.129999999999999,0.23999999999999902,0.28000000000000114,False
2019,Australian Grand Prix,Race,HAM,10,683,0.0,682.0,0.0,89.341,89.341,0.03858225609959087,5266.90298807524,5266.86440581914,0,0,0,0,682,0.13299999999999557,0.2400000000000002,0.28000000000000114,False
2019,Australian Grand Prix,Race,HUL,10,690,0.0,689.0,0.0,90.454,90.454,0.03304500742519201,5272.757789442126,5272.7247444347,0,0,0,0,689,0.13300000000000267,0.24000000000000013,0.29999999999999716,False
2019,Australian Grand Prix,Race,KUB,10,735,0.0,734.0,0.0,96.562,96.562,-0.01164825146117636,5274.922772185899,5274.93442043736,0,0,0,0,734,0.13400000000000034,0.23999999999999982,0.3000000000000007,False
2019,Australian Grand Prix,Race,KVY,10,695,0.0,694.0,0.0,91.226,91.226,0.020466380165300002,5260.730610999703,5260.7101446195375,0,0,0,0,694,0.13349999999999795,0.2400000000000002,0.29999999999999716,False
2019,Australian Grand Prix,Race,LEC,10,686,0.0,685.0,0.0,89.905,89.905,0.013430412024310334,5280.770649594262,5280.757219182237,0,0,0,0,685,0.13300000000000267,0.23999999999999844,0.28600000000000136,False
2019,Australian Grand Prix,Race,MAG,10,694,0.0,693.0,0.0,90.846,90.846,0.05240081432260846,5279.976967278799,5279.924566464476,0,0,0,0,693,0.13300000000000267,0.2400000000000002,0.28599999999998715,False
2019,Australian Grand Prix,Race,NOR,10,692,0.0,691.0,0.0,90.787,90.787,0.033278499596695266,5262.234264447855,5262.200985948258,0,0,0,0,691,0.13300000000000267,0.23999999999999844,0.29999999999999716,False
2019,Australian Grand Prix,Race,PER,10,693,0.0,692.0,0.0,90.945,90.945,-0.003254635183681215,5261.281040551938,5261.284295187122,0,0,0,0,692,0.13300000000000622,0.23999999999999844,0.30000000000001137,False
2019,Australian Grand Prix,Race,RAI,10,695,0.0,694.0,0.0,91.048,91.048,0.05358950774561455,5280.658408729015,5280.604819221269,0,0,0,0,694,0.13300000000000267,0.23999999999999844,0.29999999999999716,False
2019,Australian Grand Prix,Race,RIC,5,693,0.0,692.0,0.0,90.631,90.631,0.17923953591882036,5276.408209432858,5276.228969896939,0,0,0,0,692,0.1300000000000061,0.23999999999999905,0.28000000000000114,False
2019,Australian Grand Prix,Race,RUS,10,704,0.0,703.0,0.0,92.412,92.412,0.011795757266706453,5263.362326535879,5263.350530778613,0,0,0,0,703,0.1339999999999999,0.2400000000000002,0.29999999999999716,False
2019,Australian Grand Prix,Race,SAI,2,702,0.0,701.0,0.0,92.34,92.34,0.0033091767409324513,5266.520737770945,5266.517428594204,0,0,0,0,701,0.13000000000000966,0.23999999999999844,0.29,False
2019,Australian Grand Prix,Race,STR,10,694,0.0,693.0,0.0,90.976,90.976,0.12544887778205993,5261.432954057593,5261.3075051798105,0,0,0,0,693,0.13300000000000267,0.2400000000000002,0.29999999999999716,False
2019,Australian Grand Prix,Race,VER,10,683,0.0,682.0,0.0,89.452,89.452,0.0035445352805337366,5273.307074392609,5273.303529857329,0,0,0,0,682,0.13300000000000267,0.23999999999999488,0.28000000000000114,False
2019,Australian Grand Prix,Race,VET,10,683,0.0,682.0,0.0,89.394,89.394,0.01115689487823568,5281.075789343801,5281.0646324489235,0,0,0,0,682,0.13299999999999734,0.2400000000000002,0.28000000000000114,False
2019,Austrian Grand Prix,Race,ALB,12,526,0.0,525.0,0.0,70.455,70.455,0.1542742988536845,4309.491351727135,4309.337077428281,0,0,0,0,525,0.1390000000000029,0.240000000000002,0.30000000000000027,False
2019,Austrian Grand Prix,Race,BOT,12,523,0.0,522.0,0.0,70.1,70.1,0.2581899422138364,4316.860325111612,4316.602135169398,0,0,0,0,522,0.139000000000002,0.240000000000002,0.30000000000000426,False
2019,Austrian Grand Prix,Race,GAS,12,524,0.0,523.0,0.0,70.239,70.239,0.11672785817146236,4300.684889843028,4300.5681619848565,0,0,0,0,523,0.139,0.240000000000002,0.3000000000000007,False
2019,Austrian Grand Prix,Race,GIO,12,530,0.0,529.0,0.0,70.915,70.915,0.08428289490619933,4311.579791957771,4311.495509062865,0,0,0,0,529,0.13900000000000023,0.240000000000002,0.3000000000000007,False
2019,Austrian Grand Prix,Race,GRO,12,530,0.0,529.0,0.0,71.17,71.17,0.013815557791000188,4310.310175650706,4310.296360092915,0,0,0,0,529,0.1390000000000029,0.240000000000002,0.30000000000000004,False
2019,Austrian Grand Prix,Race,HAM,12,522,0.0,521.0,0.0,70.018,70.018,0.03417986734395395,4314.219905805985,4314.185725938641,0,0,0,0,521,0.1390000000000029,0.240000000000002,0.30000000000000426,False
2019,Austrian Grand Prix,Race,HUL,12,529,0.0,528.0,0.0,70.818,70.818,0.14784889850976812,4316.677553335558,4316.529704437048,0,0,0,0,528,0.13900000000000146,0.240000000000002,0.3000000000000007,False
2019,Austrian Grand Prix,Race,KUB,12,540,0.0,539.0,0.0,72.305,72.305,0.01461067382215396,4296.316974726731,4296.302364052909,0,0,0,0,539,0.14000000000000057,0.24000000000000038,0.28000000000000114,False
2019,Austrian Grand Prix,Race,KVY,12,538,0.0,537.0,0.0,72.129,72.129,-0.0020268033708859545,4294.194281837067,4294.1963086404385,0,0,0,0,537,0.13999999999999346,0.240000000000002,0.28000000000000114,False
2019,Austrian Grand Prix,Race,LEC,12,518,0.0,517.0,0.0,69.621,69.621,0.06203958102729923,4320.65195638418,4320.589916803153,0,0,0,0,517,0.13899999999999935,0.240000000000002,0.3000000000000007,False
2019,Austrian Grand Prix,Race,MAG,12,673,0.0,672.0,0.0,90.336,90.336,0.001972358770689908,4336.570015929287,4336.568043570516,0,0,0,0,672,0.14000000000000057,0.2400000000000002,0.28000000000000114,False
2019,Austrian Grand Prix,Race,NOR,12,527,0.0,526.0,0.0,70.555,70.555,0.22251253518590497,4284.793115363217,4284.570602828031,0,0,0,0,526,0.139,0.240000000000002,0.3000000000000007,False
2019,Austrian Grand Prix,Race,PER,12,529,0.0,528.0,0.0,70.808,70.808,0.01163534857446738,4306.068162301814,4306.056526953239,0,0,0,0,528,0.139000000000002,0.240000000000002,0.3000000000000007,False
2019,Austrian Grand Prix,Race,RAI,12,527,0.0,526.0,0.0,70.646,70.646,0.1694896162794628,4318.301900762703,4318.132411146423,0,0,0,0,526,0.13900000000000068,0.240000000000002,0.3000000000000007,False
2019,Austrian Grand Prix,Race,RIC,12,530,0.0,529.0,0.0,71.003,71.003,0.017332335723955122,4306.143259174715,4306.125926838991,0,0,0,0,529,0.13899999999999935,0.240000000000002,0.3000000000000007,False
2019,Austrian Grand Prix,Race,RUS,12,536,0.0,535.0,0.0,71.95,71.95,0.050469092661762804,4293.933300097525,4293.882831004863,0,0,0,0,535,0.13900000000001,0.240000000000002,0.28000000000000114,False
2019,Austrian Grand Prix,Race,SAI,12,527,0.0,526.0,0.0,70.58,70.58,0.004046176551464109,4297.328653645971,4297.32460746942,0,0,0,0,526,0.13900000000000068,0.24000000000000155,0.2999999999999998,False
2019,Austrian Grand Prix,Race,STR,12,528,0.0,527.0,0.0,70.914,70.914,0.10286785754720507,4307.257583190806,4307.1547153332585,0,0,0,0,527,0.13900000000000112,0.240000000000002,0.29999999999999893,False
2019,Austrian Grand Prix,Race,VER,12,519,0.0,518.0,0.0,69.564,69.564,0.03305603595127854,4307.283160772569,4307.250104736618,0,0,0,0,518,0.13900000000000068,0.240000000000002,0.3000000000000007,False
2019,Austrian Grand Prix,Race,VET,12,519,0.0,518.0,0.0,69.475,69.475,0.09807732769803534,4316.694122617685,4316.596045289987,0,0,0,0,518,0.13899999999999935,0.240000000000002,0.3000000000000007,False
2019,Azerbaijan Grand Prix,Race,ALB,9,851,0.0,850.0,0.0,113.486,113.486,-0.001863950201562048,5956.3953227389575,5956.397186689159,0,0,0,0,850,0.1339999999999968,0.240000000000002,0.30000000000001137,False
2019,Azerbaijan Grand Prix,Race,BOT,9,817,0.0,816.0,0.0,108.971,108.971,-0.0833275743973938,5959.518054987666,5959.601382562063,0,0,0,0,816,0.133,0.240000000000002,0.30000000000000426,False
2019,Azerbaijan Grand Prix,Race,GAS,7,817,0.0,816.0,0.0,109.11,109.11,-0.03439350600330737,5957.263778742563,5957.2981722485665,0,0,0,0,816,0.13199999999999878,0.240000000000002,0.30000000000001137,False
2019,Azerbaijan Grand Prix,Race,GIO,9,810,0.0,809.0,0.0,108.211,108.211,0.0043974803156112685,5984.34890913022,5984.344511649904,0,0,0,0,809,0.13400000000000034,0.240000000000002,0.29999999999999993,False
2019,Azerbaijan Grand Prix,Race,GRO,7,834,0.0,833.0,0.0,111.163,111.163,0.059383181743903,5976.7732096883055,5976.713826506561,0,0,0,0,833,0.13199999999999967,0.240000000000002,0.30000000000001137,False
2019,Azerbaijan Grand Prix,Race,HAM,9,815,0.0,814.0,0.0,108.614,108.614,0.012416830766240672,5965.038771074465,5965.026354243699,0,0,0,0,814,0.133,0.240000000000002,0.29999999999999716,False
2019,Azerbaijan Grand Prix,Race,HUL,9,952,0.0,951.0,0.0,127.18,127.18,2.844405774362084e-06,5956.400496288272,5956.400493443866,0,0,0,0,951,0.13400000000000034,0.240000000000002,0.3000000000000007,False
2019,Azerbaijan Grand Prix,Race,KUB,9,838,0.0,837.0,0.0,111.971,111.971,0.00027213693091354685,5969.441451016479,5969.441178879548,0,0,0,0,837,0.13400000000000034,0.240000000000002,0.30000000000001137,False
2019,Azerbaijan Grand Prix,Race,KVY,6,969,0.0,968.0,0.0,129.135,129.135,1.4222222226994985e-06,5967.710148848537,5967.7101474263145,0,0,0,0,968,0.13100000000000023,0.240000000000002,0.2880000000000109,False
2019,Azerbaijan Grand Prix,Race,LEC,9,806,0.0,805.0,0.0,107.757,107.757,-0.051780620787492904,5961.143000891356,5961.194781512143,0,0,0,0,805,0.13400000000000034,0.240000000000002,0.29999999999999716,False
2019,Azerbaijan Grand Prix,Race,MAG,9,821,0.0,820.0,0.0,109.566,109.566,-0.13194934090776878,5984.662947787155,5984.794897128062,0,0,0,0,820,0.13399999999999923,0.240000000000002,0.29999999999999893,False
2019,Azerbaijan Grand Prix,Race,NOR,9,887,0.0,886.0,0.0,118.47,118.47,0.006008932195947669,5950.588331506393,5950.582322574197,0,0,0,0,886,0.13400000000000034,0.240000000000002,0.3000000000000007,False
2019,Azerbaijan Grand Prix,Race,PER,9,831,0.0,830.0,0.0,111.017,111.017,-0.03749487014078445,5948.341514381486,5948.379009251627,0,0,0,0,830,0.13400000000000034,0.240000000000002,0.30000000000001137,False
2019,Azerbaijan Grand Prix,Race,RAI,9,818,0.0,817.0,0.0,109.257,109.257,0.04498916646934292,5984.099155041631,5984.054165875162,0,0,0,0,817,0.13400000000000034,0.240000000000002,0.30000000000000426,False
2019,Azerbaijan Grand Prix,Race,RIC,6,835,0.0,834.0,0.0,111.289,111.289,0.03630898886067335,5960.3375567728,5960.301247783939,0,0,0,0,834,0.13100000000000023,0.240000000000002,0.2999999999999998,False
2019,Azerbaijan Grand Prix,Race,RUS,9,832,0.0,831.0,0.0,111.09,111.09,0.009083628700858437,5965.714558166335,5965.7054745376345,0,0,0,0,831,0.13400000000000034,0.240000000000002,0.3000000000000007,False
2019,Azerbaijan Grand Prix,Race,SAI,9,832,0.0,831.0,0.0,111.173,111.173,-0.005572421069457101,5959.641315036442,5959.646887457512,0,0,0,0,831,0.13400000000000034,0.240000000000002,0.3000000000000007,False
2019,Azerbaijan Grand Prix,Race,STR,9,849,0.0,848.0,0.0,113.29,113.29,-0.03815247717021819,5962.603765288806,5962.641917765976,0,0,0,0,848,0.13400000000000034,0.240000000000002,0.3000000000000007,False
2019,Azerbaijan Grand Prix,Race,VER,9,817,0.0,816.0,0.0,109.116,109.116,-0.14049890692797634,5964.080963786764,5964.221462693692,0,0,0,0,816,0.13400000000000034,0.240000000000002,0.29999999999999716,False
2019,Azerbaijan Grand Prix,Race,VET,9,817,0.0,816.0,0.0,109.009,109.009,-0.07043841891004982,5973.520418498515,5973.590856917425,0,0,0,0,816,0.13300000000000978,0.240000000000002,0.3000000000000007,False
2019,Bahrain Grand Prix,Race,ALB,10,899,0.0,898.0,0.0,118.22,118.22,-1.296337345302323e-06,5400.542724675825,5400.542725972163,0,0,0,0,898,0.13799999999999812,0.23999999999999844,0.29999999999999716,False
2019,Bahrain Grand Prix,Race,BOT,10,745,0.0,744.0,0.0,97.68,97.68,0.09859152099026391,5371.703829293612,5371.605237772622,0,0,0,0,744,0.13799999999999812,0.2399999999999979,0.29999999999999716,False
2019,Bahrain Grand Prix,Race,GAS,10,909,0.0,908.0,0.0,119.647,119.647,3.325957118049949e-07,5386.422071357667,5386.422071025071,0,0,0,0,908,0.13799999999999457,0.23999999999999844,0.30000000000001137,False
2019,Bahrain Grand Prix,Race,GIO,10,747,0.0,746.0,0.0,98.232,98.232,0.05157933971218032,5380.905174945614,5380.853595605901,0,0,0,0,746,0.13799999999999457,0.23999999999999844,0.29999999999999716,False
2019,Bahrain Grand Prix,Race,GRO,3,739,0.0,738.0,0.0,97.262,97.262,0.028937215376130254,5395.894868011734,5395.865930796357,0,0,0,0,738,0.13700000000000045,0.2400000000000002,0.30000000000000426,False
2019,Bahrain Grand Prix,Race,HAM,10,749,0.0,748.0,0.0,98.351,98.351,0.11892636409909896,5378.635004622611,5378.516078258512,0,0,0,0,748,0.1379999999999999,0.23999999999999488,0.29999999999999716,False
2019,Bahrain Grand Prix,Race,HUL,10,741,0.0,740.0,0.0,97.309,97.309,0.040109332582465296,5368.141694042373,5368.101584709791,0,0,0,0,740,0.13800000000000034,0.23999999999999488,0.29999999999999716,False
2019,Bahrain Grand Prix,Race,KUB,10,762,0.0,761.0,0.0,100.205,100.205,0.0007040194725365378,5370.087438882136,5370.086734862663,0,0,0,0,761,0.1379999999999999,0.2400000000000002,0.30000000000001137,False
2019,Bahrain Grand Prix,Race,KVY,10,748,0.0,747.0,0.0,98.177,98.177,0.032230621665975345,5367.371597110365,5367.339366488699,0,0,0,0,747,0.13799999999999812,0.23999999999999738,0.29999999999999716,False
2019,Bahrain Grand Prix,Race,LEC,10,740,0.0,739.0,0.0,97.271,97.271,-0.0017719879822430378,5374.11885774049,5374.1206297284725,0,0,0,0,739,0.13800000000000523,0.23999999999999488,0.30000000000001137,False
2019,Bahrain Grand Prix,Race,MAG,10,773,0.0,772.0,0.0,101.536,101.536,0.24707070655261854,5367.525023683272,5367.2779529767195,0,0,0,0,772,0.1379999999999999,0.23999999999999844,0.30000000000001137,False
2019,Bahrain Grand Prix,Race,NOR,10,770,0.0,769.0,0.0,101.271,101.271,-0.01147370371628123,5358.535230620596,5358.5467043243125,0,0,0,0,769,0.13799999999999812,0.23999999999999488,0.29999999999999716,False
2019,Bahrain Grand Prix,Race,PER,10,735,0.0,734.0,0.0,96.666,96.666,0.06811972765586238,5367.977021385765,5367.908901658108,0,0,0,0,734,0.13799999999999812,0.23999999999999844,0.30000000000001137,False
2019,Bahrain Grand Prix,Race,RAI,10,893,0.0,892.0,0.0,117.408,117.408,7.96018882998073e-06,5420.285632069037,5420.285624108848,0,0,0,0,892,0.13799999999999457,0.23999999999999952,0.30000000000001137,False
2019,Bahrain Grand Prix,Race,RIC,10,747,0.0,746.0,0.0,98.025,98.025,0.07809304771133752,5373.897285666544,5373.819192618833,0,0,0,0,746,0.1379999999999999,0.23999999999999844,0.29999999999999716,False
2019,Bahrain Grand Prix,Race,RUS,10,765,0.0,764.0,0.0,100.56,100.56,0.034600018867658955,5356.210482863203,5356.175882844335,0,0,0,0,764,0.13799999999999812,0.23999999999999988,0.29999999999999716,False
2019,Bahrain Grand Prix,Race,SAI,9,740,0.0,739.0,0.0,97.523,97.523,0.1127142138813087,5374.452433638961,5374.33971942508,0,0,0,0,739,0.13800000000000523,0.23999999999999844,0.2989999999999995,False
2019,Bahrain Grand Prix,Race,STR,10,749,0.0,748.0,0.0,98.382,98.382,0.007502285875545356,5371.578365236788,5371.570862950913,0,0,0,0,748,0.13799999999999102,0.24000000000000013,0.30000000000000426,False
2019,Bahrain Grand Prix,Race,VER,10,744,0.0,743.0,0.0,97.65,97.65,0.03368673927870347,5379.838588094986,5379.804901355707,0,0,0,0,743,0.13799999999999812,0.23999999999999844,0.29999999999999716,False
2019,Bahrain Grand Prix,Race,VET,10,744,0.0,743.0,0.0,97.831,97.831,0.03519280699200822,5390.967048031704,5390.931855224711,0,0,0,0,743,0.13800000000000523,0.23999999999999808,0.29999999999999716,False
2019,Belgian Grand Prix,Race,ALB,8,840,0.0,839.0,0.0,111.875,111.875,0.14123959541091424,6951.576242420628,6951.4350028252165,0,0,0,0,839,0.13699999999999957,0.240000000000002,0.29999999999999716,False
2019,Belgian Grand Prix,Race,BOT,8,826,0.0,825.0,0.0,110.057,110.057,0.4795490372729767,6959.510989882926,6959.031440845653,0,0,0,0,825,0.13700000000000045,0.24000000000000163,0.29999999999999716,False
2019,Belgian Grand Prix,Race,GAS,8,840,0.0,839.0,0.0,112.155,112.155,0.019170125590867077,6960.417257305159,6960.398087179568,0,0,0,0,839,0.13700000000000045,0.240000000000002,0.30000000000000426,False
2019,Belgian Grand Prix,Race,GIO,8,840,0.0,839.0,0.0,111.888,111.888,0.19305989734006612,6964.677473237298,6964.484413339957,0,0,0,0,839,0.13700000000000045,0.24000000000000038,0.29999999999999716,False
2019,Belgian Grand Prix,Race,GRO,8,835,0.0,834.0,0.0,111.372,111.372,0.15098835504398123,6967.751507018878,6967.600518663834,0,0,0,0,834,0.137,0.240000000000002,0.30000000000001137,False
2019,Belgian Grand Prix,Race,HAM,8,821,0.0,820.0,0.0,109.511,109.511,-0.08031694298918612,6958.436357401394,6958.516674344383,0,0,0,0,820,0.13699999999999957,0.240000000000002,0.30000000000001137,False
2019,Belgian Grand Prix,Race,HUL,8,840,0.0,839.0,0.0,111.845,111.845,0.12110256922315688,6961.204676581326,6961.083574012103,0,0,0,0,839,0.13700000000000045,0.240000000000002,0.30000000000000426,False
2019,Belgian Grand Prix,Race,KUB,8,851,0.0,850.0,0.0,113.307,113.307,0.20385997859313987,6965.240478689935,6965.036618711342,0,0,0,0,850,0.13700000000000045,0.240000000000002,0.30000000000000426,False
2019,Belgian Grand Prix,Race,KVY,8,840,0.0,839.0,0.0,112.031,112.031,0.5542921815104767,6958.542980892491,6957.988688710981,0,0,0,0,839,0.13699999999998624,0.240000000000002,0.30000000000000426,False
2019,Belgian Grand Prix,Race,LEC,8,820,0.0,819.0,0.0,109.452,109.452,0.00815502078540531,6970.859657789506,6970.851502768721,0,0,0,0,819,0.13700000000000045,0.2400000000000002,0.29999999999999716,False
2019,Belgian Grand Prix,Race,MAG,8,840,0.0,839.0,0.0,112.024,112.024,0.194303934932178,6972.285290831106,6972.0909868961735,0,0,0,0,839,0.13700000000000045,0.240000000000002,0.30000000000000426,False
2019,Belgian Grand Prix,Race,NOR,8,834,0.0,833.0,0.0,111.347,111.347,0.2415440122822896,6959.273731051019,6959.032187038737,0,0,0,0,833,0.13700000000000045,0.240000000000002,0.29999999999999716,False
2019,Belgian Grand Prix,Race,PER,8,841,0.0,840.0,0.0,112.102,112.102,0.4282038362892644,6959.396096570322,6958.967892734033,0,0,0,0,840,0.13700000000000045,0.240000000000002,0.30000000000000426,False
2019,Belgian Grand Prix,Race,RAI,8,844,0.0,843.0,0.0,112.521,112.521,0.062087063061067954,6970.001597653344,6969.939510590283,0,0,0,0,843,0.1369999999999969,0.240000000000002,0.30000000000000426,False
2019,Belgian Grand Prix,Race,RIC,8,838,0.0,837.0,0.0,111.762,111.762,0.02421898938511674,6944.9148953498125,6944.890676360427,0,0,0,0,837,0.13700000000000045,0.240000000000002,0.30000000000000426,False
2019,Belgian Grand Prix,Race,RUS,8,847,0.0,846.0,0.0,112.81,112.81,0.20769666943979237,6950.5912618992215,6950.383565229782,0,0,0,0,846,0.13699999999999335,0.240000000000002,0.29999999999999716,False
2019,Belgian Grand Prix,Race,SAI,1,1455,0.0,1454.0,0.0,195.043,195.043,-0.0019250142346747038,7080.932779240315,7080.93470425455,0,0,0,0,1454,0.13100000000000023,0.2400000000000091,0.30000000000001137,False
2019,Belgian Grand Prix,Race,STR,8,840,0.0,839.0,0.0,112.012,112.012,0.25860684077156604,6954.608100571919,6954.349493731147,0,0,0,0,839,0.13700000000000045,0.240000000000002,0.30000000000000426,False
2019,Belgian Grand Prix,Race,VER,1,1028,0.0,1027.0,0.0,137.713,137.713,-0.028562974825089515,1095.7115098319848,1095.7400728068098,0,0,0,0,1027,0.13099999999999845,0.240000000000002,0.30000000000001137,False
2019,Belgian Grand Prix,Race,VET,8,824,0.0,823.0,0.0,109.969,109.969,-0.01493319557551026,6966.19715487407,6966.212088069646,0,0,0,0,823,0.13700000000000045,0.24000000000000182,0.29999999999999716,False
2019,Brazilian Grand Prix,Race,ALB,12,559,0.0,558.0,0.0,74.307,74.307,0.025177953423788146,4249.398957701489,4249.373779748065,0,0,0,0,558,0.13100000000000023,0.2400000000000005,0.30000000000001137,False
2019,Brazilian Grand Prix,Race,BOT,9,559,0.0,558.0,0.0,74.339,74.339,-0.00010099291607840177,4251.412054499823,4251.41215549274,0,0,0,0,558,0.13100000000000023,0.24000000000000035,0.3000000000000007,False
2019,Brazilian Grand Prix,Race,GAS,12,564,0.0,563.0,0.0,74.823,74.823,-0.008612664453155006,4250.503302466623,4250.5119151310755,0,0,0,0,563,0.13100000000000023,0.240000000000002,0.29999999999999716,False
2019,Brazilian Grand Prix,Race,GIO,12,565,0.0,564.0,0.0,74.996,74.996,-0.010778158956333161,4249.556568024202,4249.567346183158,0,0,0,0,564,0.13100000000000023,0.240000000000002,0.3000000000000007,False
2019,Brazilian Grand Prix,Race,GRO,12,567,0.0,566.0,0.0,75.247,75.247,-0.010675846985380932,4258.577527065407,4258.588202912392,0,0,0,0,566,0.13100000000000023,0.240000000000002,0.30000000000000426,False
2019,Brazilian Grand Prix,Race,HAM,12,555,0.0,554.0,0.0,73.594,73.594,0.006272800457206795,4245.109603485373,4245.103330684916,0,0,0,0,554,0.13100000000000023,0.240000000000002,0.29999999999999716,False
2019,Brazilian Grand Prix,Race,HUL,12,569,0.0,568.0,0.0,75.456,75.456,0.05245525117971006,4254.779572059819,4254.727116808639,0,0,0,0,568,0.13100000000000023,0.240000000000002,0.30000000000000426,False
2019,Brazilian Grand Prix,Race,KUB,12,579,0.0,578.0,0.0,76.623,76.623,-0.00631647571204752,4254.322978948465,4254.329295424177,0,0,0,0,578,0.13100000000000023,0.2400000000000002,0.30000000000000426,False
2019,Brazilian Grand Prix,Race,KVY,12,568,0.0,567.0,0.0,75.336,75.336,0.04031130835724639,4243.247230399003,4243.206919090645,0,0,0,0,567,0.13100000000000023,0.240000000000002,0.30000000000000426,False
2019,Brazilian Grand Prix,Race,LEC,12,556,0.0,555.0,0.0,73.791,73.791,-0.1440410066584885,4245.917349107748,4246.061390114407,0,0,0,0,555,0.13100000000000023,0.240000000000002,0.30000000000001137,False
2019,Brazilian Grand Prix,Race,MAG,12,568,0.0,567.0,0.0,75.218,75.218,0.002657872971130182,4259.075322057381,4259.072664184409,0,0,0,0,567,0.13100000000000023,0.2400000000000002,0.29999999999999716,False
2019,Brazilian Grand Prix,Race,NOR,12,570,0.0,569.0,0.0,75.66,75.66,0.04078870834528692,4239.212174809883,4239.171386101538,0,0,0,0,569,0.13100000000000023,0.240000000000002,0.3000000000000007,False
2019,Brazilian Grand Prix,Race,PER,12,568,0.0,567.0,0.0,75.184,75.184,0.011111486814655624,4242.833354979683,4242.8222434928675,0,0,0,0,567,0.13100000000000023,0.240000000000002,0.3000000000000007,False
2019,Brazilian Grand Prix,Race,RAI,12,566,0.0,565.0,0.0,74.998,74.998,-0.015629289985561456,4253.250464135125,4253.266093425111,0,0,0,0,565,0.13100000000000023,0.240000000000002,0.3000000000000007,False
2019,Brazilian Grand Prix,Race,RIC,12,559,0.0,558.0,0.0,74.151,74.151,0.003063863230034186,4249.478271968283,4249.475208105053,0,0,0,0,558,0.13100000000000023,0.240000000000002,0.30000000000000426,False
2019,Brazilian Grand Prix,Race,RUS,12,581,0.0,580.0,0.0,76.918,76.918,0.12642717560836494,4245.121380524923,4244.9949533493145,0,0,0,0,580,0.13100000000000023,0.240000000000002,0.30000000000000426,False
2019,Brazilian Grand Prix,Race,SAI,12,566,0.0,565.0,0.0,75.063,75.063,-0.007795745739813675,4237.509200564696,4237.516996310435,0,0,0,0,565,0.13100000000000023,0.240000000000002,0.30000000000000426,False
2019,Brazilian Grand Prix,Race,STR,12,567,0.0,566.0,0.0,75.225,75.225,0.02719981203906552,4253.915187593096,4253.887987781057,0,0,0,0,566,0.13100000000000023,0.240000000000002,0.3000000000000007,False
2019,Brazilian Grand Prix,Race,VER,12,555,0.0,554.0,0.0,73.611,73.611,0.03488491085645373,4252.154571409242,4252.119686498385,0,0,0,0,554,0.13100000000000023,0.240000000000002,0.29999999999999716,False
2019,Brazilian Grand Prix,Race,VET,12,555,0.0,554.0,0.0,73.731,73.731,-0.0410453471911596,4256.63534115471,4256.676386501901,0,0,0,0,554,0.13100000000000023,0.2400000000000002,0.29999999999999716,False
2019,British Grand Prix,Race,ALB,9,705,0.0,704.0,0.0,92.752,92.752,0.18795608111213458,5826.880138115285,5826.692182034173,0,0,0,0,704,0.13700000000000045,0.23999999999999844,0.28000000000000114,False
2019,British Grand Prix,Race,BOT,9,695,0.0,694.0,0.0,91.41,91.41,0.0010010908126583192,5822.188881441125,5822.187880350312,0,0,0,0,694,0.13700000000000045,0.23999999999999844,0.29999999999999893,False
2019,British Grand Prix,Race,GAS,9,695,0.0,694.0,0.0,91.41,91.41,0.21071194784310077,5830.766606951779,5830.555895003936,0,0,0,0,694,0.13700000000000045,0.24,0.2999999999999998,False
2019,British Grand Prix,Race,GIO,4,708,0.0,707.0,0.0,95.001,95.001,0.13170355195344952,5850.701881425976,5850.570177874023,0,0,0,0,707,0.13999999999999346,0.2400000000000002,0.29999999999999716,False
2019,British Grand Prix,Race,GRO,2,938,0.0,937.0,0.0,124.009,124.009,0.031067149944700667,5864.518350321103,5864.487283171158,0,0,0,0,937,0.13800000000000523,0.2399999999999956,0.29999999999999716,False
2019,British Grand Prix,Race,HAM,9,693,0.0,692.0,0.0,91.14,91.14,0.05448422912491013,5817.493612295706,5817.439128066581,0,0,0,0,692,0.13700000000000045,0.2400000000000001,0.3000000000000007,False
2019,British Grand Prix,Race,HUL,9,706,0.0,705.0,0.0,92.865,92.865,0.12609205985594385,5841.763634334087,5841.637542274231,0,0,0,0,705,0.13700000000000045,0.2400000000000002,0.28000000000000114,False
2019,British Grand Prix,Race,KUB,9,715,0.0,714.0,0.0,94.151,94.151,0.10335959497517555,5829.214871821834,5829.111512226859,0,0,0,0,714,0.13700000000000045,0.24,0.28000000000000114,False
2019,British Grand Prix,Race,KVY,9,707,0.0,706.0,0.0,93.118,93.118,0.000570080532061742,5839.926348694247,5839.925778613715,0,0,0,0,706,0.13700000000000045,0.2400000000000002,0.27999999999999403,False
2019,British Grand Prix,Race,LEC,9,696,0.0,695.0,0.0,91.581,91.581,0.03671327699611515,5840.2244084484555,5840.187695171459,0,0,0,0,695,0.13700000000000045,0.23999999999999883,0.2999999999999998,False
2019,British Grand Prix,Race,MAG,2,942,0.0,941.0,0.0,124.944,124.944,0.0516565576586383,5867.111699919421,5867.060043361762,0,0,0,0,941,0.1389999999999958,0.2400000000000002,0.29999999999999716,False
2019,British Grand Prix,Race,NOR,9,704,0.0,703.0,0.0,92.738,92.738,0.050667893852287205,5824.194331651423,5824.143663757571,0,0,0,0,703,0.13700000000000045,0.23999999999999924,0.27999999999999403,False
2019,British Grand Prix,Race,PER,9,707,0.0,706.0,0.0,93.021,93.021,0.09887950445915095,5825.388584072551,5825.289704568091,0,0,0,0,706,0.13700000000000045,0.23999999999999844,0.28000000000000114,False
2019,British Grand Prix,Race,RAI,9,707,0.0,706.0,0.0,93.098,93.098,0.0002986478255338071,5827.507156381249,5827.506857733423,0,0,0,0,706,0.13700000000000045,0.2400000000000002,0.28000000000000114,False
2019,British Grand Prix,Race,RIC,9,705,0.0,704.0,0.0,92.638,92.638,0.14583577950573107,5825.740662877805,5825.5948270983,0,0,0,0,704,0.13700000000000045,0.23999999999999957,0.28000000000000114,False
2019,British Grand Prix,Race,RUS,9,717,0.0,716.0,0.0,94.315,94.315,0.150823031004232,5843.309417573024,5843.158594542019,0,0,0,0,716,0.13700000000000045,0.2400000000000002,0.27999999999999403,False
2019,British Grand Prix,Race,SAI,9,707,0.0,706.0,0.0,92.89,92.89,0.13306118921112997,5830.9381166554995,5830.805055466289,0,0,0,0,706,0.13700000000000045,0.23999999999999844,0.28000000000000114,False
2019,British Grand Prix,Race,STR,9,707,0.0,706.0,0.0,93.111,93.111,0.11106604084265204,5831.342518618719,5831.231452577876,0,0,0,0,706,0.13700000000000045,0.2400000000000002,0.27999999999999403,False
2019,British Grand Prix,Race,VER,9,696,0.0,695.0,0.0,91.658,91.658,0.08355616106019315,5823.569085638095,5823.485529477035,0,0,0,0,695,0.13700000000000045,0.23999999999999871,0.2999999999999998,False
2019,British Grand Prix,Race,VET,9,696,0.0,695.0,0.0,91.457,91.457,0.32325540095520733,5841.528866884805,5841.20561148385,0,0,0,0,695,0.13700000000000045,0.23999999999999982,0.2999999999999998,False
2019,Canadian Grand Prix,Race,ALB,11,591,0.0,590.0,0.0,78.538,78.538,0.08459946618344727,4330.338463155938,4330.253863689755,0,0,0,0,590,0.13799999999999812,0.2400000000000002,0.3000000000000007,False
2019,Canadian Grand Prix,Race,BOT,12,584,0.0,583.0,0.0,77.579,77.579,-0.009634965108302307,4315.11613080138,4315.125765766488,0,0,0,0,583,0.13700000000000045,0.240000000000002,0.2779999999999987,False
2019,Canadian Grand Prix,Race,GAS,12,589,0.0,588.0,0.0,78.148,78.148,0.2052621488349507,4327.252218631224,4327.04695648239,0,0,0,0,588,0.13799999999999812,0.24000000000000138,0.2780000000000058,False
2019,Canadian Grand Prix,Race,GIO,12,597,0.0,596.0,0.0,79.202,79.202,0.13919370585434887,4330.0169150509355,4329.877721345081,0,0,0,0,596,0.13799999999999812,0.240000000000002,0.2779999999999987,False
2019,Canadian Grand Prix,Race,GRO,12,592,0.0,591.0,0.0,78.599,78.599,0.029596617340563736,4328.978046786549,4328.948450169209,0,0,0,0,591,0.13799999999999812,0.2400000000000011,0.29999999999999716,False
2019,Canadian Grand Prix,Race,HAM,12,577,0.0,576.0,0.0,76.771,76.771,0.0008367299784409754,4323.392883135533,4323.3920464055545,0,0,0,0,576,0.1374999999999993,0.240000000000002,0.29999999999999893,False
2019,Canadian Grand Prix,Race,HUL,12,586,0.0,585.0,0.0,77.719,77.719,0.04875611505113375,4331.042513971544,4330.993757856493,0,0,0,0,585,0.13700000000000045,0.240000000000002,0.2780000000000058,False
2019,Canadian Grand Prix,Race,KUB,12,611,0.0,610.0,0.0,81.413,81.413,-0.09519662190727773,4319.211857046632,4319.307053668539,0,0,0,0,610,0.13800000000000523,0.240000000000002,0.30000000000000426,False
2019,Canadian Grand Prix,Race,KVY,12,711,0.0,710.0,0.0,94.409,94.409,0.17041066768988422,4303.416662517969,4303.246251850279,0,0,0,0,710,0.13799999999999812,0.240000000000002,0.29999999999999716,False
2019,Canadian Grand Prix,Race,LEC,12,581,0.0,580.0,0.0,77.108,77.108,0.19433542614818045,4328.4269669153455,4328.232631489197,0,0,0,0,580,0.13700000000000045,0.240000000000002,0.29999999999999893,False
2019,Canadian Grand Prix,Race,MAG,12,604,0.0,603.0,0.0,80.234,80.234,0.04556492671598589,4325.7933596191915,4325.7477946924755,0,0,0,0,603,0.13799999999999812,0.24000000000000182,0.29999999999999716,False
2019,Canadian Grand Prix,Race,NOR,2,593,0.0,592.0,0.0,78.788,78.788,0.046184462882658206,4326.721500841282,4326.6753163784,0,0,0,0,592,0.1280000000000001,0.240000000000002,0.29999999999999893,False
2019,Canadian Grand Prix,Race,PER,12,600,0.0,599.0,0.0,79.74,79.74,-1.6458730782098474e-05,4325.9659510337915,4325.965967492522,0,0,0,0,599,0.13799999999999812,0.240000000000002,0.29999999999999716,False
2019,Canadian Grand Prix,Race,RAI,12,591,0.0,590.0,0.0,78.486,78.486,-0.06598955192725163,4330.27196270368,4330.337952255608,0,0,0,0,590,0.13799999999999812,0.24000000000000118,0.29999999999999716,False
2019,Canadian Grand Prix,Race,RIC,12,586,0.0,585.0,0.0,77.697,77.697,0.02386024288223698,4321.6718094097,4321.647949166817,0,0,0,0,585,0.13799999999999812,0.240000000000002,0.2780000000000058,False
2019,Canadian Grand Prix,Race,RUS,12,593,0.0,592.0,0.0,78.812,78.812,0.13621854916003207,4324.266321344748,4324.130102795588,0,0,0,0,592,0.13800000000000168,0.240000000000002,0.29999999999999716,False
2019,Canadian Grand Prix,Race,SAI,12,588,0.0,587.0,0.0,78.294,78.294,0.014328614203207524,4320.746775956862,4320.732447342659,0,0,0,0,587,0.13799999999999812,0.240000000000002,0.29999999999999716,False
2019,Canadian Grand Prix,Race,STR,12,599,0.0,598.0,0.0,79.658,79.658,0.0087718002351449,4321.723223583174,4321.714451782939,0,0,0,0,598,0.13799999999999812,0.2400000000000005,0.2779999999999987,False
2019,Canadian Grand Prix,Race,VER,12,584,0.0,583.0,0.0,77.559,77.559,0.1560674824072642,4317.734024514654,4317.577957032247,0,0,0,0,583,0.13700000000000045,0.240000000000002,0.2779999999999987,False
2019,Canadian Grand Prix,Race,VET,12,581,0.0,580.0,0.0,77.277,77.277,0.05382457242883909,4323.364628453452,4323.310803881022,0,0,0,0,580,0.13799999999999812,0.240000000000002,0.3000000000000025,False
2019,Chinese Grand Prix,Race,ALB,10,764,0.0,763.0,0.0,100.676,100.676,0.03173254055857044,5398.575929453618,5398.54419691306,0,0,0,0,763,0.13500000000000156,0.23999999999999488,0.2849999999999966,False
2019,Chinese Grand Prix,Race,BOT,10,746,0.0,745.0,0.0,98.3,98.3,0.09699747357602329,5414.29074246823,5414.193744994654,0,0,0,0,745,0.13500000000000156,0.23999999999999844,0.29999999999999716,False
2019,Chinese Grand Prix,Race,GAS,10,756,0.0,755.0,0.0,99.72,99.72,0.095359925058069,5425.474740263737,5425.379380338679,0,0,0,0,755,0.134999999999998,0.23999999999999594,0.2999999999999998,False
2019,Chinese Grand Prix,Race,GIO,10,760,0.0,759.0,0.0,100.096,100.096,-0.006040618229754213,5426.623409482484,5426.629450100714,0,0,0,0,759,0.1349999999999998,0.23999999999999524,0.2849999999999966,False
2019,Chinese Grand Prix,Race,GRO,10,754,0.0,753.0,0.0,99.292,99.292,0.06183590143383988,5456.022239253121,5455.960403351687,0,0,0,0,753,0.13500000000000512,0.23999999999999844,0.2849999999999966,False
2019,Chinese Grand Prix,Race,HAM,10,748,0.0,747.0,0.0,98.594,98.594,0.001733394977844643,5430.096345786765,5430.0946123917865,0,0,0,0,747,0.13500000000000512,0.23999999999999844,0.3000000000000007,False
2019,Chinese Grand Prix,Race,HUL,3,755,0.0,754.0,0.0,100.935,100.935,0.20749481136746661,5413.195035505164,5412.987540693796,0,0,0,0,754,0.1399999999999917,0.240000000000002,0.28000000000000114,False
2019,Chinese Grand Prix,Race,KUB,10,779,0.0,778.0,0.0,102.599,102.599,0.013816677140869094,5420.307157489773,5420.293340812632,0,0,0,0,778,0.13500000000000112,0.2399999999999954,0.2849999999999966,False
2019,Chinese Grand Prix,Race,KVY,7,809,0.0,808.0,0.0,106.599,106.599,0.026647029732303762,5435.788619067599,5435.761972037867,0,0,0,0,808,0.13700000000000045,0.23999999999999902,0.2980000000000018,False
2019,Chinese Grand Prix,Race,LEC,10,750,0.0,749.0,0.0,98.981,98.981,0.027383713767172302,5435.53083512654,5435.503451412773,0,0,0,0,749,0.13500000000000156,0.23999999999999844,0.3000000000000007,False
2019,Chinese Grand Prix,Race,MAG,10,904,0.0,903.0,0.0,119.108,119.108,-0.00040850962044103323,5447.555081750835,5447.555490260455,0,0,0,0,903,0.134999999999998,0.23999999999999488,0.2850000000000037,False
2019,Chinese Grand Prix,Race,NOR,9,760,0.0,759.0,0.0,100.362,100.362,0.027369470766219317,5421.516471991974,5421.489102521207,0,0,0,0,759,0.13500000000000512,0.23999999999999844,0.30000000000000426,False
2019,Chinese Grand Prix,Race,PER,10,759,0.0,758.0,0.0,100.153,100.153,0.13343159079926936,5418.816120759136,5418.682689168337,0,0,0,0,758,0.13500000000000156,0.2399999999999954,0.29499999999999993,False
2019,Chinese Grand Prix,Race,RAI,10,759,0.0,758.0,0.0,99.939,99.939,0.34765286108444515,5412.5000349464435,5412.152382085359,0,0,0,0,758,0.13500000000000156,0.23999999999999488,0.29499999999999993,False
2019,Chinese Grand Prix,Race,RIC,10,760,0.0,759.0,0.0,100.259,100.259,0.0554929194639886,5424.488147405382,5424.432654485918,0,0,0,0,759,0.13500000000000156,0.24000000000000002,0.2999999999999998,False
2019,Chinese Grand Prix,Race,RUS,10,771,0.0,770.0,0.0,101.439,101.439,0.021062958372502827,5429.012119032267,5428.9910560738945,0,0,0,0,770,0.13500000000000334,0.23999999999999844,0.2849999999999966,False
2019,Chinese Grand Prix,Race,SAI,10,762,0.0,761.0,0.0,100.269,100.269,0.05913952356429597,5412.997294284529,5412.938154760965,0,0,0,0,761,0.134999999999998,0.2400000000000002,0.28500000000000014,False
2019,Chinese Grand Prix,Race,STR,10,766,0.0,765.0,0.0,100.933,100.933,0.0035635529842006942,5435.369583150441,5435.366019597457,0,0,0,0,765,0.13500000000000156,0.23999999999999488,0.2850000000000108,False
2019,Chinese Grand Prix,Race,VER,10,751,0.0,750.0,0.0,99.176,99.176,0.01271956572813504,5424.687792304041,5424.675072738313,0,0,0,0,750,0.13500000000000512,0.23999999999999488,0.3000000000000007,False
2019,Chinese Grand Prix,Race,VET,10,749,0.0,748.0,0.0,98.906,98.906,0.00868525611880902,5423.864691915402,5423.856006659283,0,0,0,0,748,0.13500000000000156,0.24000000000000013,0.29999999999999716,False
2019,French Grand Prix,Race,ALB,9,748,0.0,747.0,0.0,98.489,98.489,0.1510507275969455,5759.656772755366,5759.505722027769,0,0,0,0,747,0.13400000000000034,0.240000000000002,0.29300000000000104,False
2019,French Grand Prix,Race,BOT,9,728,0.0,727.0,0.0,95.968,95.968,0.06700593168374197,5778.208670491463,5778.141664559779,0,0,0,0,727,0.13400000000000034,0.2400000000000002,0.3000000000000007,False
2019,French Grand Prix,Race,GAS,9,739,0.0,738.0,0.0,97.548,97.548,0.01965017882126935,5779.6235046744105,5779.603854495589,0,0,0,0,738,0.13400000000000034,0.240000000000002,0.3000000000000007,False
2019,French Grand Prix,Race,GIO,9,748,0.0,747.0,0.0,98.642,98.642,0.0476899184189854,5793.408030732293,5793.360340813874,0,0,0,0,747,0.13400000000000034,0.24000000000000146,0.28599999999999426,False
2019,French Grand Prix,Race,GRO,8,753,0.0,752.0,0.0,99.387,99.387,0.00892777852748039,5776.3119230168095,5776.302995238282,0,0,0,0,752,0.129999999999999,0.2400000000000002,0.30000000000000426,False
2019,French Grand Prix,Race,HAM,9,726,0.0,725.0,0.0,95.741,95.741,0.05711492258772877,5777.80395182009,5777.746836897502,0,0,0,0,725,0.13399999999999856,0.240000000000002,0.3000000000000007,False
2019,French Grand Prix,Race,HUL,9,743,0.0,742.0,0.0,97.887,97.887,0.03846065918824548,5789.174870378488,5789.1364097193,0,0,0,0,742,0.13400000000000034,0.240000000000002,0.3,False
2019,French Grand Prix,Race,KUB,9,754,0.0,753.0,0.0,99.533,99.533,-0.0050163613390128425,5771.944929066567,5771.949945427906,0,0,0,0,753,0.13400000000000034,0.240000000000002,0.29300000000000015,False
2019,French Grand Prix,Race,KVY,9,744,0.0,743.0,0.0,98.061,98.061,0.009689751132214042,5767.929086243068,5767.919396491936,0,0,0,0,743,0.13400000000000034,0.240000000000002,0.29299999999999926,False
2019,French Grand Prix,Race,LEC,9,732,0.0,731.0,0.0,96.429,96.429,0.025802807539810235,5788.808711360521,5788.782908552981,0,0,0,0,731,0.13399999999999945,0.240000000000002,0.3000000000000007,False
2019,French Grand Prix,Race,MAG,9,748,0.0,747.0,0.0,98.544,98.544,0.23600156836974273,5780.814580464908,5780.578578896539,0,0,0,0,747,0.13400000000000034,0.240000000000002,0.29300000000000104,False
2019,French Grand Prix,Race,NOR,9,736,0.0,735.0,0.0,97.275,97.275,0.000165145582276165,5772.871098876543,5772.870933730961,0,0,0,0,735,0.13400000000000034,0.240000000000002,0.2999999999999998,False
2019,French Grand Prix,Race,PER,9,746,0.0,745.0,0.0,98.371,98.371,0.03184842240161312,5770.2140453873835,5770.182196964982,0,0,0,0,745,0.13400000000000034,0.240000000000002,0.2930000000000028,False
2019,French Grand Prix,Race,RAI,9,745,0.0,744.0,0.0,98.165,98.165,0.04282003689667002,5779.758793131329,5779.715973094432,0,0,0,0,744,0.13400000000000034,0.240000000000002,0.2999999999999998,False
2019,French Grand Prix,Race,RIC,9,739,0.0,738.0,0.0,97.417,97.417,0.059572565728190696,5768.043823524782,5767.9842509590535,0,0,0,0,738,0.13400000000000034,0.240000000000002,0.30000000000000027,False
2019,French Grand Prix,Race,RUS,9,758,0.0,757.0,0.0,99.946,99.946,0.06165756585108362,5768.5014769927375,5768.439819426886,0,0,0,0,757,0.13400000000000034,0.240000000000002,0.2929999999999999,False
2019,French Grand Prix,Race,SAI,9,738,0.0,737.0,0.0,97.413,97.413,-0.003376753368779628,5777.587970193825,5777.591346947193,0,0,0,0,737,0.13400000000000034,0.2400000000000002,0.3000000000000007,False
2019,French Grand Prix,Race,STR,9,748,0.0,747.0,0.0,98.436,98.436,0.027510351481146333,5768.646693058377,5768.619182706896,0,0,0,0,747,0.13400000000000034,0.24000000000000146,0.29300000000000104,False
2019,French Grand Prix,Race,VER,9,731,0.0,730.0,0.0,96.265,96.265,0.12930232000895003,5778.6017202391495,5778.472417919141,0,0,0,0,730,0.13400000000000012,0.240000000000002,0.29999999999999716,False
2019,French Grand Prix,Race,VET,9,730,0.0,729.0,0.0,96.162,96.162,0.005106745129414558,5790.384443801779,5790.379337056649,0,0,0,0,729,0.13400000000000034,0.240000000000002,0.3000000000000007,False
2019,German Grand Prix,Race,ALB,11,696,0.0,695.0,0.0,91.425,91.425,0.01015751622678418,4589.35177979127,4589.341622275043,0,0,0,0,695,0.1319999999999908,0.23999999999999946,0.28600000000000136,False
2019,German Grand Prix,Race,BOT,10,680,0.0,679.0,0.0,89.482,89.482,0.19277097980088786,4578.759955099615,4578.567184119814,0,0,0,0,679,0.132000000000005,0.2400000000000002,0.30000000000000426,False
2019,German Grand Prix,Race,GAS,11,703,0.0,702.0,0.0,92.493,92.493,0.03271301675048241,4568.333045583487,4568.300332566736,0,0,0,0,702,0.13250000000000028,0.2400000000000002,0.28600000000000136,False
2019,German Grand Prix,Race,GIO,11,699,0.0,698.0,0.0,91.81,91.81,0.030154984020746456,4594.872404484137,4594.842249500117,0,0,0,0,698,0.13200000000000256,0.23999999999999858,0.28600000000000136,False
2019,German Grand Prix,Race,GRO,11,705,0.0,704.0,0.0,92.689,92.689,0.01921270620740878,4587.057491998393,4587.0382792921855,0,0,0,0,704,0.13199999999999523,0.23999999999999988,0.28600000000000136,False
2019,German Grand Prix,Race,HAM,11,683,0.0,682.0,0.0,89.818,89.818,0.020173340170688475,4573.266439361925,4573.246266021754,0,0,0,0,682,0.13199999999999898,0.23999999999999844,0.28600000000000136,False
2019,German Grand Prix,Race,HUL,7,700,0.0,699.0,0.0,92.02,92.02,0.25586754758459446,4586.854261089943,4586.598393542358,0,0,0,0,699,0.13100000000000023,0.24000000000000002,0.29999999999999716,False
2019,German Grand Prix,Race,KUB,11,716,0.0,715.0,0.0,94.149,94.149,0.13547685299521417,4577.449529663614,4577.314052810619,0,0,0,0,715,0.13299999999999557,0.24000000000000007,0.28600000000000136,False
2019,German Grand Prix,Race,KVY,11,703,0.0,702.0,0.0,92.533,92.533,0.04700518537394438,4556.02817080466,4555.981165619286,0,0,0,0,702,0.13250000000000028,0.2400000000000002,0.28600000000000136,False
2019,German Grand Prix,Race,LEC,5,731,0.0,730.0,0.0,95.818,95.818,0.20328344351787386,4577.588218884472,4577.384935440954,0,0,0,0,730,0.13000000000000256,0.23999999999999844,0.28999999999999915,False
2019,German Grand Prix,Race,MAG,11,696,0.0,695.0,0.0,91.529,91.529,0.22119199572712112,4569.464423007285,4569.243231011558,0,0,0,0,695,0.13299999999999912,0.2400000000000002,0.2859999999999978,False
2019,German Grand Prix,Race,NOR,5,759,0.0,758.0,0.0,99.497,99.497,0.10879084542729478,4595.093313816737,4594.984522971309,0,0,0,0,758,0.13000000000000256,0.2400000000000002,0.28999999999999915,False
2019,German Grand Prix,Race,PER,1,857,0.0,856.0,0.0,113.068,113.068,-0.06755231184497551,4679.872489817269,4679.940042129114,0,0,0,0,856,0.13200000000000145,0.23999999999999844,0.2740000000000009,False
2019,German Grand Prix,Race,RAI,11,701,0.0,700.0,0.0,91.933,91.933,0.08017029915213092,4574.936790874725,4574.856620575573,0,0,0,0,700,0.1299999999999999,0.2400000000000002,0.28600000000000136,False
2019,German Grand Prix,Race,RIC,3,912,0.0,911.0,0.0,120.256,120.256,0.09079808133685119,4541.819169813327,4541.72837173199,0,0,0,0,911,0.13100000000000023,0.23999999999999844,0.3000000000000007,False
2019,German Grand Prix,Race,RUS,11,716,0.0,715.0,0.0,94.272,94.272,0.05348703900328955,4589.904701613947,4589.851214574944,0,0,0,0,715,0.13300000000000267,0.240000000000002,0.2859999999999996,False
2019,German Grand Prix,Race,SAI,11,698,0.0,697.0,0.0,91.457,91.457,0.1138044405381251,4614.611400065003,4614.497595624465,0,0,0,0,697,0.1319999999999908,0.2400000000000002,0.28600000000000136,False
2019,German Grand Prix,Race,STR,11,707,0.0,706.0,0.0,92.873,92.873,0.18837282386961052,4599.293278850524,4599.104906026654,0,0,0,0,706,0.13299999999999557,0.2400000000000002,0.2859999999999978,False
2019,German Grand Prix,Race,VER,11,685,0.0,684.0,0.0,89.934,89.934,0.04710595412520813,4584.222637203542,4584.175531249417,0,0,0,0,684,0.13249999999999673,0.23999999999999844,0.28600000000000136,False
2019,German Grand Prix,Race,VET,11,692,0.0,691.0,0.0,90.81,90.81,0.18649656572558196,4579.7703282781085,4579.583831712383,0,0,0,0,691,0.1319999999999908,0.2400000000000002,0.28600000000000136,False
2019,Hungarian Grand Prix,Race,ALB,12,633,0.0,632.0,0.0,84.161,84.161,0.09265836827355889,4343.8599059387725,4343.7672475704985,0,0,0,0,632,0.13649999999999807,0.240000000000002,0.29999999999999716,False
2019,Hungarian Grand Prix,Race,BOT,12,633,0.0,632.0,0.0,84.052,84.052,0.10291421608541684,4341.543157248825,4341.44024303274,0,0,0,0,632,0.1360000000000099,0.240000000000002,0.29999999999999716,False
2019,Hungarian Grand Prix,Race,GAS,12,630,0.0,629.0,0.0,83.801,83.801,0.23830640032151695,4344.447226937666,4344.208920537344,0,0,0,0,629,0.137,0.240000000000002,0.29999999999999716,False
2019,Hungarian Grand Prix,Race,GIO,12,644,0.0,643.0,0.0,85.508,85.508,0.3856515318719871,4365.670698497869,4365.285046965997,0,0,0,0,643,0.1360000000000099,0.24000000000000182,0.29999999999999716,False
2019,Hungarian Grand Prix,Race,GRO,9,638,0.0,637.0,0.0,84.55,84.55,0.2353795323145449,4349.741216249522,4349.505836717208,0,0,0,0,637,0.13799999999999812,0.2400000000000002,0.2799999999999976,False
2019,Hungarian Grand Prix,Race,HAM,12,615,0.0,614.0,0.0,81.717,81.717,0.001252779424821146,4358.5646043962615,4358.563351616836,0,0,0,0,614,0.13700000000000045,0.2400000000000002,0.29699999999999704,False
2019,Hungarian Grand Prix,Race,HUL,12,636,0.0,635.0,0.0,84.545,84.545,0.2418493851344783,4358.669501396324,4358.42765201119,0,0,0,0,635,0.13700000000000045,0.240000000000002,0.29999999999999716,False
2019,Hungarian Grand Prix,Race,KUB,12,642,0.0,641.0,0.0,85.297,85.297,0.07050058929368008,4352.839586769574,4352.769086180281,0,0,0,0,641,0.13600000000000279,0.240000000000002,0.30000000000000426,False
2019,Hungarian Grand Prix,Race,KVY,12,633,0.0,632.0,0.0,84.065,84.065,-0.05985391151172126,4339.802668124195,4339.862522035707,0,0,0,0,632,0.13650000000000517,0.2400000000000002,0.29999999999999716,False
2019,Hungarian Grand Prix,Race,LEC,12,623,0.0,622.0,0.0,82.7,82.7,0.014475788795593025,4363.722364733389,4363.707888944594,0,0,0,0,622,0.13700000000000045,0.240000000000002,0.29699999999999704,False
2019,Hungarian Grand Prix,Race,MAG,12,633,0.0,632.0,0.0,84.151,84.151,-0.029969755226311623,4356.4472517108725,4356.477221466099,0,0,0,0,632,0.1360000000000099,0.240000000000002,0.30000000000000426,False
2019,Hungarian Grand Prix,Race,NOR,12,630,0.0,629.0,0.0,83.787,83.787,0.2821788744552274,4341.2321958123375,4340.9500169378825,0,0,0,0,629,0.13699999999999957,0.240000000000002,0.30000000000001137,False
2019,Hungarian Grand Prix,Race,PER,12,635,0.0,634.0,0.0,84.362,84.362,0.19586916655500275,4339.668233940942,4339.472364774387,0,0,0,0,634,0.13650000000000517,0.240000000000002,0.30000000000000426,False
2019,Hungarian Grand Prix,Race,RAI,12,633,0.0,632.0,0.0,84.157,84.157,0.33944811262551267,4350.666200888499,4350.3267527758735,0,0,0,0,632,0.13650000000000473,0.240000000000002,0.29999999999999716,False
2019,Hungarian Grand Prix,Race,RIC,12,650,0.0,649.0,0.0,86.35,86.35,0.3297972672871342,4336.816091767045,4336.486294499758,0,0,0,0,649,0.13600000000000279,0.240000000000002,0.30000000000000426,False
2019,Hungarian Grand Prix,Race,RUS,12,655,0.0,654.0,0.0,87.225,87.225,0.025343016414129213,4344.4208365239865,4344.395493507573,0,0,0,0,654,0.1365000000000034,0.240000000000002,0.30000000000000426,False
2019,Hungarian Grand Prix,Race,SAI,12,629,0.0,628.0,0.0,83.456,83.456,0.06381679087862446,4345.50931178816,4345.4454949972815,0,0,0,0,628,0.1360000000000099,0.240000000000002,0.29999999999999716,False
2019,Hungarian Grand Prix,Race,STR,12,646,0.0,645.0,0.0,85.917,85.917,0.13833642843370608,4354.5731595996285,4354.434823171195,0,0,0,0,645,0.1360000000000099,0.240000000000002,0.29999999999999716,False
2019,Hungarian Grand Prix,Race,VER,12,614,0.0,613.0,0.0,81.555,81.555,0.05724599918440276,4363.739011042303,4363.6817650431185,0,0,0,0,613,0.13700000000000045,0.2400000000000002,0.29700000000000415,False
2019,Hungarian Grand Prix,Race,VET,12,619,0.0,618.0,0.0,82.333,82.333,0.04372186707071396,4366.475515089787,4366.431793222717,0,0,0,0,618,0.13700000000000045,0.2400000000000002,0.29699999999999704,False
2019,Italian Grand Prix,Race,ALB,9,640,0.0,639.0,0.0,86.011,86.011,0.1317788739201291,5767.784562812426,5767.652783938506,0,0,0,0,639,0.13899999999999935,0.240000000000002,0.2809999999999988,False
2019,Italian Grand Prix,Race,BOT,9,635,0.0,634.0,0.0,84.941,84.941,0.03139275949810072,5771.580281569393,5771.548888809895,0,0,0,0,634,0.13899999999999935,0.240000000000002,0.2810000000000059,False
2019,Italian Grand Prix,Race,GAS,9,645,0.0,644.0,0.0,86.593,86.593,0.028393116095227322,5766.46957417533,5766.4411810592355,0,0,0,0,644,0.13899999999999957,0.240000000000002,0.2810000000000059,False
2019,Italian Grand Prix,Race,GIO,9,640,0.0,639.0,0.0,85.911,85.911,0.09466829358887363,5776.573819026529,5776.47915073294,0,0,0,0,639,0.13899999999999935,0.240000000000002,0.2810000000000059,False
2019,Italian Grand Prix,Race,GRO,9,644,0.0,643.0,0.0,86.366,86.366,0.0728829102440808,5788.725904205713,5788.6530212954685,0,0,0,0,643,0.14000000000000057,0.240000000000002,0.2810000000000006,False
2019,Italian Grand Prix,Race,HAM,9,636,0.0,635.0,0.0,85.122,85.122,0.013535792017755954,5770.967033359459,5770.9534975674405,0,0,0,0,635,0.13900000000000023,0.240000000000002,0.2810000000000059,False
2019,Italian Grand Prix,Race,HUL,9,641,0.0,640.0,0.0,86.024,86.024,-0.019205251274718865,5775.560474443459,5775.579679694733,0,0,0,0,640,0.13899999999999757,0.240000000000002,0.2810000000000059,False
2020,70th Anniversary Grand Prix,Race,ALB,9,788,0.0,787.0,0.0,93.411,93.411,0.2567457105709604,5825.432694840163,5825.1759491295925,0,0,0,0,787,0.11999999999999744,0.21999999999999886,0.22000000000000597,False
2020,70th Anniversary Grand Prix,Race,BOT,9,776,0.0,775.0,0.0,92.636,92.636,0.10742018973799183,5817.8029061301,5817.695485940362,0,0,0,0,775,0.1200000000000001,0.21999999999999886,0.22000000000001307,False
2020,70th Anniversary Grand Prix,Race,GAS,9,791,0.0,790.0,0.0,93.844,93.844,0.14012715251180374,5829.897464295143,5829.7573371426315,0,0,0,0,790,0.11999999999999744,0.21999999999999886,0.22000000000001307,False
2020,70th Anniversary Grand Prix,Race,GIO,9,786,0.0,785.0,0.0,92.892,92.892,0.04468306468942185,5846.279917516865,5846.235234452175,0,0,0,0,785,0.11999999999999744,0.21999999999999886,0.22000000000001307,False
2020,70th Anniversary Grand Prix,Race,GRO,9,790,0.0,789.0,0.0,93.996,93.996,0.015739454281961218,5832.033059592525,5832.017320138243,0,0,0,0,789,0.11999999999999922,0.21999999999999886,0.22000000000001307,False
2020,70th Anniversary Grand Prix,Race,HAM,9,776,0.0,775.0,0.0,92.685,92.685,0.17585143873625078,5818.657762970305,5818.481911531569,0,0,0,0,775,0.1200000000000001,0.21999999999999886,0.22000000000001307,False
2020,70th Anniversary Grand Prix,Race,HUL,9,780,0.0,779.0,0.0,93.05,93.05,0.13884888195567147,5835.929778243889,5835.790929361933,0,0,0,0,779,0.120000000000001,0.21999999999999886,0.22000000000001307,False
2020,70th Anniversary Grand Prix,Race,KVY,9,791,0.0,790.0,0.0,94.013,94.013,0.27782031129100604,5828.712914311673,5828.4350940003815,0,0,0,0,790,0.11999999999999744,0.21999999999999886,0.22000000000001307,False
2020,70th Anniversary Grand Prix,Race,LAT,9,785,0.0,784.0,0.0,93.133,93.133,0.1356305657993061,5665.495643082366,5665.360012516567,0,0,0,0,784,0.11999999999999922,0.21999999999999886,0.22000000000000597,False
2020,70th Anniversary Grand Prix,Race,LEC,9,780,0.0,779.0,0.0,92.831,92.831,0.17485918031483516,5825.214935885347,5825.040076705031,0,0,0,0,779,0.11999999999999922,0.21999999999999886,0.22000000000001307,False
2020,70th Anniversary Grand Prix,Race,MAG,8,792,0.0,791.0,0.0,94.36,94.36,0.07602357357034989,5836.892423670427,5836.816400096856,0,0,0,0,791,0.11999999999999922,0.21999999999999886,0.22000000000001307,False
2020,70th Anniversary Grand Prix,Race,NOR,9,779,0.0,778.0,0.0,92.752,92.752,0.017942000315691153,5829.90152962569,5829.883587625374,0,0,0,0,778,0.11999999999999922,0.21999999999999886,0.22000000000001307,False
2020,70th Anniversary Grand Prix,Race,OCO,9,791,0.0,790.0,0.0,94.0,94.0,0.09261273253900937,5828.786243560171,5828.693630827632,0,0,0,0,790,0.11999999999999922,0.21999999999999886,0.22000000000001307,False
2020,70th Anniversary Grand Prix,Race,RAI,9,793,0.0,792.0,0.0,94.153,94.153,0.02012840101622948,5822.748933780502,5822.7288053794855,0,0,0,0,792,0.11999999999999744,0.21999999999999886,0.22000000000000597,False
2020,70th Anniversary Grand Prix,Race,RIC,9,781,0.0,780.0,0.0,93.003,93.003,0.09707474909814762,5835.241929374236,5835.144854625138,0,0,0,0,780,0.1200000000000001,0.21999999999999886,0.22000000000000597,False
2020,70th Anniversary Grand Prix,Race,RUS,9,941,0.0,940.0,0.0,111.729,111.729,2.844440263660708e-06,5839.767493306334,5839.767490461893,0,0,0,0,940,0.11999999999999833,0.21999999999999886,0.22000000000001307,False
2020,70th Anniversary Grand Prix,Race,SAI,9,784,0.0,783.0,0.0,93.154,93.154,0.015432908335039741,5830.130649150593,5830.115216242258,0,0,0,0,783,0.11999999999999744,0.21999999999999886,0.22000000000000242,False
2020,70th Anniversary Grand Prix,Race,STR,9,781,0.0,780.0,0.0,93.154,93.154,-0.0014998838670559067,5829.560167725607,5829.561667609474,0,0,0,0,780,0.1200000000000001,0.21999999999999886,0.22000000000001307,False
2020,70th Anniversary Grand Prix,Race,VER,9,776,0.0,775.0,0.0,92.449,92.449,0.20634143565666863,5820.352288083804,5820.1459466481465,0,0,0,0,775,0.1200000000000001,0.21999999999999886,0.22000000000000597,False
2020,70th Anniversary Grand Prix,Race,VET,9,790,0.0,789.0,0.0,93.687,93.687,0.11156873528437261,5833.296853510024,5833.1852847747405,0,0,0,0,789,0.11999999999999744,0.21999999999999886,0.22000000000001307,False
2020,Abu Dhabi Grand Prix,Race,ALB,10,1134,0.0,1133.0,0.0,130.847,130.847,-0.028502795010675097,5479.125555679002,5479.154058474012,0,0,0,0,1133,0.117999999999995,0.2190000000000083,0.22000000000001307,False
2020,Abu Dhabi Grand Prix,Race,BOT,10,1108,0.0,1107.0,0.0,127.879,127.879,0.2065555089990636,5465.494824172736,5465.288268663737,0,0,0,0,1107,0.117999999999995,0.2190000000000083,0.22000000000001307,False
2020,Abu Dhabi Grand Prix,Race,FIT,9,948,0.0,947.0,0.0,109.15,109.15,0.1078330198091475,5502.826301244653,5502.718468224844,0,0,0,0,947,0.11700000000000443,0.21800000000000352,0.22000000000001307,False
2020,Abu Dhabi Grand Prix,Race,GAS,10,1166,0.0,1165.0,0.0,134.631,134.631,0.009199429433390527,5461.84165871458,5461.832459285147,0,0,0,0,1165,0.1180000000000021,0.21980000000000072,0.22000000000001307,False
2020,Abu Dhabi Grand Prix,Race,GIO,10,1222,0.0,1221.0,0.0,141.133,141.133,0.06256003824273515,5492.721018352804,5492.658458314561,0,0,0,0,1221,0.117999999999995,0.21999999999999886,0.22000000000001307,False
2020,Abu Dhabi Grand Prix,Race,HAM,10,1124,0.0,1123.0,0.0,129.878,129.878,0.010408830612380016,5473.0248195287095,5473.014410698097,0,0,0,0,1123,0.117999999999995,0.2190000000000083,0.22000000000001307,False
2020,Abu Dhabi Grand Prix,Race,KVY,10,1190,0.0,1189.0,0.0,137.188,137.188,0.23011530632008892,5469.238054092662,5469.0079387863425,0,0,0,0,1189,0.11799999999999855,0.21999999999999886,0.22000000000001307,False
2020,Abu Dhabi Grand Prix,Race,LAT,10,1225,0.0,1224.0,0.0,141.517,141.517,0.02932381763480224,5512.178246762745,5512.148922945111,0,0,0,0,1224,0.1180000000000021,0.21999999999999886,0.22000000000002728,False
2020,Abu Dhabi Grand Prix,Race,LEC,10,1192,0.0,1191.0,0.0,137.453,137.453,0.3111792310804211,5499.846678529183,5499.535499298103,0,0,0,0,1191,0.117999999999995,0.21999999999999886,0.22000000000001307,False
2020,Abu Dhabi Grand Prix,Race,MAG,10,1242,0.0,1241.0,0.0,143.503,143.503,0.4024558520301582,5519.897198807949,5519.494742955919,0,0,0,0,1241,0.11799999999999855,0.21999999999999886,0.22000000000001307,False
2020,Abu Dhabi Grand Prix,Race,NOR,10,1146,0.0,1145.0,0.0,132.176,132.176,0.22780739828832247,5466.597188796666,5466.369381398378,0,0,0,0,1145,0.11800000000000033,0.21980000000000072,0.22000000000001307,False
2020,Abu Dhabi Grand Prix,Race,OCO,10,1200,0.0,1199.0,0.0,138.556,138.556,0.07207728679863656,5465.438613648953,5465.366536362154,0,0,0,0,1199,0.1180000000000021,0.21999999999999886,0.22000000000000242,False
2020,Abu Dhabi Grand Prix,Race,PER,2,935,0.0,934.0,0.0,107.554,107.554,0.47818388640195586,5484.987893668442,5484.50970978204,0,0,0,0,934,0.11550000000000438,0.21600000000000819,0.22000000000000597,False
2020,Abu Dhabi Grand Prix,Race,RAI,10,1218,0.0,1217.0,0.0,140.626,140.626,0.037898935559882885,5471.213887749487,5471.175988813928,0,0,0,0,1217,0.117999999999995,0.21999999999999886,0.22000000000001307,False
2020,Abu Dhabi Grand Prix,Race,RIC,10,1186,0.0,1185.0,0.0,136.955,136.955,0.06841564890461149,5494.6298828230165,5494.561467174112,0,0,0,0,1185,0.11799999999999855,0.21999999999999886,0.22000000000000242,False
2020,Abu Dhabi Grand Prix,Race,RUS,10,1233,0.0,1232.0,0.0,142.381,142.381,0.027063248454790356,5469.199786396979,5469.172723148525,0,0,0,0,1232,0.117999999999995,0.21999999999999886,0.22000000000001307,False
2020,Abu Dhabi Grand Prix,Race,SAI,10,1181,0.0,1180.0,0.0,136.275,136.275,0.07850863441765266,5468.658322492554,5468.579813858137,0,0,0,0,1180,0.117999999999995,0.21905000000002128,0.22000000000002728,False
2020,Abu Dhabi Grand Prix,Race,STR,10,1165,0.0,1164.0,0.0,134.461,134.461,0.12814321906231063,5465.393890527492,5465.265747308429,0,0,0,0,1164,0.11800000000000099,0.21900000000000724,0.22000000000001307,False
2020,Abu Dhabi Grand Prix,Race,VER,10,1093,0.0,1092.0,0.0,126.235,126.235,0.07736073057766135,5462.717498524372,5462.640137793795,0,0,0,0,1092,0.117999999999995,0.21999999999999886,0.22000000000001307,False
2020,Abu Dhabi Grand Prix,Race,VET,10,1188,0.0,1187.0,0.0,137.108,137.108,0.43704904511929765,5502.585920342014,5502.148871296895,0,0,0,0,1187,0.117999999999995,0.21999999999999886,0.22000000000001307,False
2020,Austrian Grand Prix,Race,ALB,11,611,0.0,610.0,0.0,70.082,70.082,0.3211297792480763,4308.875691837441,4308.554562058193,0,0,0,0,610,0.11800000000000033,0.2185500000000022,0.2220000000000013,False
2020,Austrian Grand Prix,Race,BOT,12,605,0.0,604.0,0.0,69.417,69.417,0.08012514680921656,4283.488145912134,4283.408020765325,0,0,0,0,604,0.11800000000000033,0.2190000000000012,0.22000000000000242,False
2020,Austrian Grand Prix,Race,GAS,12,616,0.0,615.0,0.0,70.762,70.762,0.16965839270587657,4282.555874168019,4282.386215775313,0,0,0,0,615,0.1180000000000021,0.2190000000000012,0.22000000000000597,False
2020,Austrian Grand Prix,Race,GIO,12,619,0.0,618.0,0.0,71.093,71.093,0.006970353363561624,4275.182795231939,4275.175824878575,0,0,0,0,618,0.1180000000000021,0.2190000000000012,0.22000000000000597,False
2020,Austrian Grand Prix,Race,GRO,8,627,0.0,626.0,0.0,72.008,72.008,0.5888181393422126,4310.026015521875,4309.437197382533,0,0,0,0,626,0.11699999999999999,0.21875000000000178,0.22000000000000597,False
2020,Austrian Grand Prix,Race,HAM,12,600,0.0,599.0,0.0,69.046,69.046,0.016390871436462534,4270.946041767664,4270.929650896227,0,0,0,0,599,0.1180000000000021,0.219100000000001,0.22000000000000597,False
2020,Austrian Grand Prix,Race,KVY,11,616,0.0,615.0,0.0,70.831,70.831,0.08299945010178633,4239.158728192522,4239.07572874242,0,0,0,0,615,0.1180000000000021,0.21930000000000044,0.22199999999999775,False
2020,Austrian Grand Prix,Race,LAT,12,626,0.0,625.0,0.0,71.845,71.845,0.14927274262879875,4292.809490450561,4292.660217707932,0,0,0,0,625,0.1180000000000021,0.21900000000000688,0.22000000000000597,False
2020,Austrian Grand Prix,Race,LEC,12,611,0.0,610.0,0.0,70.138,70.138,0.19817537930304763,4276.228038665613,4276.02986328631,0,0,0,0,610,0.11800000000000122,0.21999999999999886,0.22000000000001307,False
2020,Austrian Grand Prix,Race,MAG,4,622,0.0,621.0,0.0,71.582,71.582,0.12476424551135312,4276.96545752209,4276.840693276579,0,0,0,0,621,0.1180000000000021,0.2190000000000012,0.22000000000000597,False
2020,Austrian Grand Prix,Race,NOR,12,609,0.0,608.0,0.0,70.052,70.052,0.04219760734292155,4298.706933584181,4298.664735976838,0,0,0,0,608,0.1180000000000021,0.21965000000000215,0.22000000000000597,False
2020,Austrian Grand Prix,Race,OCO,12,621,0.0,620.0,0.0,71.347,71.347,0.11728625463315456,4279.953094843173,4279.83580858854,0,0,0,0,620,0.11800000000000033,0.21900000000000155,0.22000000000000597,False
2020,Austrian Grand Prix,Race,PER,12,613,0.0,612.0,0.0,70.34,70.34,0.025269229099521007,4330.241021333347,4330.215752104247,0,0,0,0,612,0.1180000000000021,0.2194500000000001,0.22000000000000597,False
2020,Austrian Grand Prix,Race,RAI,9,3722,0.0,3721.0,0.0,429.41,429.41,0.31598951087643146,25814.953844745007,25814.63785523413,0,0,0,0,3721,0.117999999999995,0.21900000000005093,0.23799999999999955,False
2020,Austrian Grand Prix,Race,RIC,3,619,0.0,618.0,0.0,71.236,71.236,0.0036599455875973297,4114.576474520135,4114.572814574547,0,0,0,0,618,0.11800000000000122,0.218150000000003,0.22000000000001307,False
2020,Austrian Grand Prix,Race,RUS,8,624,0.0,623.0,0.0,71.784,71.784,0.0698208806399877,4292.8323758502775,4292.762554969638,0,0,0,0,623,0.11700000000000088,0.21800000000000316,0.22000000000000242,False
2020,Austrian Grand Prix,Race,SAI,12,614,0.0,613.0,0.0,70.405,70.405,0.09039404615742237,4285.450479349518,4285.36008530336,0,0,0,0,613,0.1180000000000021,0.21940000000000023,0.22000000000000597,False
2020,Austrian Grand Prix,Race,STR,3,614,0.0,613.0,0.0,70.57,70.57,-0.4465494769072837,4056.6269750031242,4057.0735244800317,0,0,0,0,613,0.1180000000000021,0.2184000000000022,0.22000000000000597,False
2020,Austrian Grand Prix,Race,VER,2,609,0.0,608.0,0.0,69.859,69.859,-0.07602684667386428,809.2954747283968,809.3715015750706,0,0,0,0,608,0.11700000000000443,0.21800000000000352,0.22000000000000597,False
2020,Austrian Grand Prix,Race,VET,12,619,0.0,618.0,0.0,70.994,70.994,0.20524702324234534,4308.119538605742,4307.9142915825,0,0,0,0,618,0.1180000000000021,0.21915000000000082,0.22000000000000597,False
2020,Bahrain Grand Prix,Race,ALB,10,831,0.0,830.0,0.0,95.545,95.545,0.004962034752555883,5369.217110646778,5369.212148612025,0,0,0,0,830,0.11500000000000554,0.216000000000005,0.22000000000000597,False
2020,Bahrain Grand Prix,Race,BOT,10,860,0.0,859.0,0.0,98.747,98.747,0.061797136819567555,5357.876351736469,5357.8145545996495,0,0,0,0,859,0.11500000000000199,0.21630000000000651,0.22000000000001307,False
2020,Bahrain Grand Prix,Race,GAS,10,848,0.0,847.0,0.0,97.427,97.427,0.041043485603922125,5364.5730582287515,5364.532014743148,0,0,0,0,847,0.11499999999999844,0.21600000000000605,0.22000000000001307,False
2020,Bahrain Grand Prix,Race,GIO,10,863,0.0,862.0,0.0,99.061,99.061,0.08621768361124749,5360.233554713655,5360.147337030045,0,0,0,0,862,0.1150000000000011,0.21600000000000108,0.22000000000001307,False
2020,Bahrain Grand Prix,Race,GRO,1,1111,0.0,1110.0,0.0,128.016,128.016,-0.035481468071320944,5195.3208333004795,5195.356314768551,0,0,0,0,1110,0.11199999999999477,0.2190000000000051,0.22000000000001307,False
2020,Bahrain Grand Prix,Race,HAM,10,821,0.0,820.0,0.0,94.357,94.357,0.050174569572555366,5373.557274267109,5373.507099697536,0,0,0,0,820,0.11500000000000199,0.21600000000000144,0.22000000000001307,False
2020,Bahrain Grand Prix,Race,KVY,10,850,0.0,849.0,0.0,97.701,97.701,0.03823245850976509,5348.882826191602,5348.844593733093,0,0,0,0,849,0.11500000000000021,0.21600000000000819,0.22000000000001307,False
2020,Bahrain Grand Prix,Race,LAT,10,859,0.0,858.0,0.0,98.539,98.539,0.06056235901250684,5363.206413281787,5363.145850922774,0,0,0,0,858,0.11499999999999977,0.21600000000000213,0.22000000000001307,False
2020,Bahrain Grand Prix,Race,LEC,10,844,0.0,843.0,0.0,97.03,97.03,0.03096454572608226,5370.213162405049,5370.1821978593225,0,0,0,0,843,0.11500000000000199,0.21600000000000108,0.22000000000001307,False
2020,Bahrain Grand Prix,Race,MAG,10,863,0.0,862.0,0.0,99.126,99.126,0.04989348587480369,5366.291182756727,5366.241289270852,0,0,0,0,862,0.11500000000000199,0.21885000000000135,0.22000000000001307,False
2020,Bahrain Grand Prix,Race,NOR,10,841,0.0,840.0,0.0,96.554,96.554,0.042963424793251104,5372.664633877043,5372.62167045225,0,0,0,0,840,0.11500000000000554,0.21600000000000819,0.22000000000000597,False
2020,Bahrain Grand Prix,Race,OCO,10,844,0.0,843.0,0.0,96.93,96.93,0.2467192684295898,5372.947418376212,5372.700699107782,0,0,0,0,843,0.11500000000000199,0.21600000000000108,0.22000000000001307,False
2020,Bahrain Grand Prix,Race,PER,10,828,0.0,827.0,0.0,95.087,95.087,0.006452105547622544,5369.834622838874,5369.828170733326,0,0,0,0,827,0.11500000000000199,0.21600000000000108,0.22000000000000597,False
2020,Bahrain Grand Prix,Race,RAI,10,861,0.0,860.0,0.0,98.958,98.958,0.0016512831077484871,5372.825539379011,5372.823888095903,0,0,0,0,860,0.11500000000000554,0.21615000000000734,0.22000000000001307,False
2020,Bahrain Grand Prix,Race,RIC,10,846,0.0,845.0,0.0,97.168,97.168,0.0220343309404174,5361.502270571195,5361.480236240255,0,0,0,0,845,0.11500000000000021,0.2160000000000039,0.22000000000000597,False
2020,Bahrain Grand Prix,Race,RUS,10,852,0.0,851.0,0.0,97.878,97.878,0.1393559667015231,5365.732212409379,5365.592856442678,0,0,0,0,851,0.11500000000000199,0.21750000000000114,0.22000000000001307,False
2020,Bahrain Grand Prix,Race,SAI,10,846,0.0,845.0,0.0,97.117,97.117,-0.0003132393945370904,5359.422421170918,5359.422734410313,0,0,0,0,845,0.11500000000000199,0.21600000000000108,0.22000000000001307,False
2020,Bahrain Grand Prix,Race,STR,1,1443,0.0,1442.0,0.0,166.219,166.219,-0.074548576750596,5226.401846511058,5226.476395087808,0,0,0,0,1442,0.11199999999999477,0.21900000000000794,0.22000000000001307,False
2020,Bahrain Grand Prix,Race,VER,10,823,0.0,822.0,0.0,94.535,94.535,0.0961581380175638,5374.670866279408,5374.57470814139,0,0,0,0,822,0.11500000000000199,0.21600000000000108,0.22000000000001307,False
2020,Bahrain Grand Prix,Race,VET,10,858,0.0,857.0,0.0,98.559,98.559,0.1633997615039014,5379.000799940532,5378.837400179028,0,0,0,0,857,0.11500000000000199,0.21660000000000515,0.22000000000001307,False
2020,Belgian Grand Prix,Race,ALB,8,969,0.0,968.0,0.0,111.306,111.306,0.17478817457482654,6954.072253174101,6953.897464999526,0,0,0,0,968,0.11400000000000432,0.2150000000000034,0.22000000000001307,False
2020,Belgian Grand Prix,Race,BOT,8,957,0.0,956.0,0.0,109.897,109.897,0.16829188825061425,6958.082017742534,6957.913725854283,0,0,0,0,956,0.11400000000000432,0.2150000000000034,0.22000000000001307,False
2020,Belgian Grand Prix,Race,GAS,8,974,0.0,973.0,0.0,111.915,111.915,0.0914261104061167,6935.757382795201,6935.665956684795,0,0,0,0,973,0.11400000000000432,0.2150000000000034,0.22000000000001307,False
2020,Belgian Grand Prix,Race,GIO,2,993,0.0,992.0,0.0,114.022,114.022,0.29133337896663525,6968.249402231531,6967.958068852565,0,0,0,0,992,0.1120000000000001,0.2120000000000033,0.22799999999999443,False
2020,Belgian Grand Prix,Race,GRO,8,980,0.0,979.0,0.0,112.455,112.455,0.038325856429192395,6958.991346281356,6958.953020424927,0,0,0,0,979,0.11499999999999488,0.2150000000000034,0.22000000000000597,False
2020,Belgian Grand Prix,Race,HAM,8,958,0.0,957.0,0.0,109.993,109.993,0.4381936240918951,6964.6522523712665,6964.214058747175,0,0,0,0,957,0.11400000000000432,0.2150000000000034,0.22000000000001307,False
2020,Belgian Grand Prix,Race,KVY,8,972,0.0,971.0,0.0,111.554,111.554,0.15064101382598594,6944.470020570115,6944.319379556288,0,0,0,0,971,0.11400000000000432,0.2150000000000034,0.22000000000001307,False
2020,Belgian Grand Prix,Race,LAT,8,993,0.0,992.0,0.0,113.978,113.978,0.13349338504711095,6934.604387626013,6934.470894240966,0,0,0,0,992,0.11499999999999488,0.2150000000000034,0.22000000000001307,False
2020,Belgian Grand Prix,Race,LEC,8,974,0.0,973.0,0.0,111.775,111.775,0.13916285051887134,6938.955791519058,6938.816628668539,0,0,0,0,973,0.11400000000000432,0.2150000000000034,0.22000000000001307,False
2020,Belgian Grand Prix,Race,MAG,8,983,0.0,982.0,0.0,112.811,112.811,0.14660264016466096,6961.133684366025,6960.98708172586,0,0,0,0,982,0.1144999999999996,0.2150000000000034,0.22000000000001307,False
2020,Belgian Grand Prix,Race,NOR,8,971,0.0,970.0,0.0,111.481,111.481,0.09190546788321097,6954.977592096237,6954.885686628353,0,0,0,0,970,0.11400000000000432,0.2150000000000034,0.22000000000001307,False
2020,Belgian Grand Prix,Race,OCO,8,968,0.0,967.0,0.0,111.143,111.143,0.07508882871318301,6953.865210474146,6953.790121645433,0,0,0,0,967,0.11400000000000432,0.2150000000000034,0.22000000000000597,False
2020,Belgian Grand Prix,Race,PER,8,974,0.0,973.0,0.0,111.89,111.89,0.0818639123801137,6945.688067276731,6945.606203364351,0,0,0,0,973,0.11400000000000432,0.2150000000000034,0.22000000000001307,False
2020,Belgian Grand Prix,Race,RAI,8,977,0.0,976.0,0.0,112.207,112.207,0.0161183605894319,6951.6603199971105,6951.644201636521,0,0,0,0,976,0.1144999999999996,0.2150000000000034,0.22000000000001307,False
2020,Belgian Grand Prix,Race,RIC,8,966,0.0,965.0,0.0,110.943,110.943,0.2441742096998607,6963.172555054792,6962.928380845092,0,0,0,0,965,0.11400000000000432,0.2150000000000034,0.22000000000000597,False
2020,Belgian Grand Prix,Race,RUS,2,996,0.0,995.0,0.0,114.314,114.314,0.25166973044774316,6964.270322400878,6964.01865267043,0,0,0,0,995,0.11199999999999832,0.2120000000000033,0.22800000000000153,False
2020,Belgian Grand Prix,Race,SAI,1,978,0.0,977.0,0.0,112.487,112.487,0.0,0.0,0.0,0,0,0,0,977,0.11199999999999477,0.2120000000000033,0.22000000000001307,False
2020,Belgian Grand Prix,Race,STR,8,973,0.0,972.0,0.0,111.796,111.796,0.011610585303825676,6958.837075098545,6958.825464513241,0,0,0,0,972,0.11400000000000432,0.2150000000000034,0.22000000000001307,False
2020,Belgian Grand Prix,Race,VER,8,959,0.0,958.0,0.0,110.125,110.125,0.10622872285140161,6952.27393921882,6952.167710495968,0,0,0,0,958,0.11400000000000432,0.2150000000000034,0.22000000000001307,False
2020,Belgian Grand Prix,Race,VET,8,976,0.0,975.0,0.0,112.04,112.04,0.5838820911073217,6942.236857012038,6941.65297492093,0,0,0,0,975,0.11400000000000432,0.2150000000000034,0.22000000000001307,False
2020,British Grand Prix,Race,ALB,9,807,0.0,806.0,0.0,92.407,92.407,0.33834589429223927,5836.62266766403,5836.284321769737,0,0,0,0,806,0.11000000000000476,0.21099999999999852,0.22000000000001307,False
2020,British Grand Prix,Race,BOT,9,795,0.0,794.0,0.0,91.039,91.039,0.2943090006060253,5829.549390732483,5829.255081731877,0,0,0,0,794,0.11050000000000182,0.2110000000000009,0.22000000000000064,False
2020,British Grand Prix,Race,GAS,9,816,0.0,815.0,0.0,93.415,93.415,0.2505074273786172,5821.387974520762,5821.137467093384,0,0,0,0,815,0.11000000000000032,0.211,0.22000000000001307,False
2020,British Grand Prix,Race,GIO,9,816,0.0,815.0,0.0,93.445,93.445,0.21376681619147386,5833.14277284487,5832.9290060286785,0,0,0,0,815,0.11000000000000298,0.2110000000000003,0.22000000000001307,False
2020,British Grand Prix,Race,GRO,9,816,0.0,815.0,0.0,93.467,93.467,0.04000276837286068,5816.4856089012,5816.445606132827,0,0,0,0,815,0.11000000000000298,0.2109999999999989,0.22000000000001307,False
2020,British Grand Prix,Race,HAM,9,794,0.0,793.0,0.0,90.868,90.868,0.18526255294564775,5831.520799796439,5831.3355372434935,0,0,0,0,793,0.11000000000000032,0.21100000000000207,0.22000000000000597,False
2020,British Grand Prix,Race,HUL,1,822,0.0,821.0,0.0,94.171,94.171,0.0,0.0,0.0,0,0,0,0,821,0.11400000000000432,0.2150000000000034,0.22000000000001307,False
2020,British Grand Prix,Race,KVY,3,1302,0.0,1301.0,0.0,149.324,149.324,0.02369719049461083,5827.896637099768,5827.872939909274,0,0,0,0,1301,0.11299999999999955,0.21399999999999864,0.22000000000001307,False
2020,British Grand Prix,Race,LAT,9,823,0.0,822.0,0.0,94.243,94.243,0.018785053030535404,5833.832401647249,5833.813616594219,0,0,0,0,822,0.10999999999999988,0.2109999999999998,0.22000000000001307,False
2020,British Grand Prix,Race,LEC,9,808,0.0,807.0,0.0,92.519,92.519,0.04925885187127543,5833.68257061342,5833.633311761549,0,0,0,0,807,0.11000000000000654,0.21099999999999852,0.22000000000000597,False
2020,British Grand Prix,Race,MAG,1,908,0.0,907.0,0.0,103.992,103.992,-0.030012703296155657,5766.186740130643,5766.216752833939,0,0,0,0,907,0.11400000000000077,0.2150000000000034,0.22000000000001307,False
2020,British Grand Prix,Race,NOR,9,816,0.0,815.0,0.0,93.414,93.414,0.28464270436326433,5830.612326742367,5830.327684038004,0,0,0,0,815,0.11000000000001364,0.21099999999999852,0.22000000000000597,False
2020,British Grand Prix,Race,OCO,9,816,0.0,815.0,0.0,93.456,93.456,0.21981626305301782,5831.225552354116,5831.005736091063,0,0,0,0,815,0.11000000000000654,0.21100000000000207,0.22000000000000597,False
2020,British Grand Prix,Race,RAI,9,817,0.0,816.0,0.0,93.527,93.527,0.15658656733901655,5833.856240600879,5833.699654033539,0,0,0,0,816,0.11000000000000298,0.21099999999999852,0.22000000000001307,False
2020,British Grand Prix,Race,RIC,9,815,0.0,814.0,0.0,93.183,93.183,0.40537968698757076,5872.888456567672,5872.483076880684,0,0,0,0,814,0.11000000000000076,0.2110000000000003,0.22000000000001307,False
2020,British Grand Prix,Race,RUS,9,820,0.0,819.0,0.0,93.881,93.881,0.3708443835948412,5832.809723130326,5832.4388787467315,0,0,0,0,819,0.11000000000000654,0.2110000000000003,0.22000000000001307,False
2020,British Grand Prix,Race,SAI,9,813,0.0,812.0,0.0,93.016,93.016,0.3534387292572543,5836.505710365639,5836.152271636382,0,0,0,0,812,0.11000000000000387,0.21099999999999852,0.22000000000001307,False
2020,British Grand Prix,Race,STR,9,816,0.0,815.0,0.0,93.399,93.399,0.08230443469954496,5822.918131322163,5822.835826887464,0,0,0,0,815,0.11000000000001364,0.21100000000000083,0.22000000000001307,False
2020,British Grand Prix,Race,VER,9,798,0.0,797.0,0.0,91.46,91.46,0.10685464947424705,5826.590573746313,5826.483719096838,0,0,0,0,797,0.11000000000000298,0.21100000000000207,0.22000000000001307,False
2020,British Grand Prix,Race,VET,9,816,0.0,815.0,0.0,93.461,93.461,0.21199631590589674,5826.227273441518,5826.015277125613,0,0,0,0,815,0.11000000000000654,0.21100000000000207,0.22000000000000597,False
2020,Eifel Grand Prix,Race,ALB,4,819,0.0,818.0,0.0,94.331,94.331,0.12326700854960526,5111.286230391135,5111.162963382586,0,0,0,0,818,0.11200000000000188,0.21999999999999886,0.22000000000000597,False
2020,Eifel Grand Prix,Race,BOT,4,802,0.0,801.0,0.0,92.242,92.242,0.00014319977943354212,5107.951130566832,5107.950987367052,0,0,0,0,801,0.11200000000000188,0.2189999999999941,0.22000000000000597,False
2020,Eifel Grand Prix,Race,GAS,11,829,0.0,828.0,0.0,95.552,95.552,0.04302267681690841,5118.969878390548,5118.926855713731,0,0,0,0,828,0.11499999999999488,0.2150000000000034,0.22000000000001307,False
2020,Eifel Grand Prix,Race,GIO,11,823,0.0,822.0,0.0,95.056,95.056,0.010476661995752368,5112.396180226218,5112.385703564222,0,0,0,0,822,0.11499999999999488,0.21974999999999875,0.22000000000000597,False
2020,Eifel Grand Prix,Race,GRO,11,824,0.0,823.0,0.0,95.085,95.085,0.28800220113307073,5137.43096738208,5137.142965180947,0,0,0,0,823,0.11499999999999488,0.2150000000000034,0.22000000000001307,False
2020,Eifel Grand Prix,Race,HAM,11,796,0.0,795.0,0.0,91.853,91.853,0.019067182420255874,5103.4144474964205,5103.395380314,0,0,0,0,795,0.11400000000000432,0.21999999999999886,0.22000000000000597,False
2020,Eifel Grand Prix,Race,HUL,11,826,0.0,825.0,0.0,95.253,95.253,0.015543603715823862,5108.646632653217,5108.6310890495015,0,0,0,0,825,0.11499999999999488,0.2150000000000034,0.22000000000001307,False
2020,Eifel Grand Prix,Race,KVY,11,833,0.0,832.0,0.0,96.105,96.105,0.01801632747944168,5090.698515948267,5090.680499620788,0,0,0,0,832,0.11499999999999488,0.2150000000000034,0.22000000000000597,False
2020,Eifel Grand Prix,Race,LAT,11,823,0.0,822.0,0.0,94.814,94.814,0.21722600560473246,5106.667802905086,5106.450576899481,0,0,0,0,822,0.11499999999999488,0.2150000000000034,0.22000000000000597,False
2020,Eifel Grand Prix,Race,LEC,11,985,0.0,984.0,0.0,113.564,113.564,-0.0003232559727822659,5129.30811885993,5129.308442115903,0,0,0,0,984,0.11499999999999488,0.2150000000000034,0.22000000000001307,False
2020,Eifel Grand Prix,Race,MAG,11,841,0.0,840.0,0.0,96.917,96.917,0.14010068985952628,5128.01057174797,5127.8704710581105,0,0,0,0,840,0.11499999999999488,0.21525000000000297,0.22000000000001307,False
2020,Eifel Grand Prix,Race,NOR,8,810,0.0,809.0,0.0,93.378,93.378,0.13820140190983887,5103.814982433407,5103.676781031497,0,0,0,0,809,0.11399999999999721,0.21400000000000433,0.22000000000000597,False
2020,Eifel Grand Prix,Race,OCO,4,821,0.0,820.0,0.0,94.531,94.531,0.19791810363287787,5106.605986021188,5106.408067917555,0,0,0,0,820,0.11200000000000188,0.21999999999999886,0.22000000000001307,False
2020,Eifel Grand Prix,Race,PER,11,811,0.0,810.0,0.0,93.522,93.522,0.20447303178702692,5100.848803291256,5100.64433025947,0,0,0,0,810,0.11499999999999488,0.21999999999999886,0.22000000000001307,False
2020,Eifel Grand Prix,Race,RAI,11,978,0.0,977.0,0.0,112.935,112.935,5.741428887298585e-07,5131.333771419688,5131.333770845545,0,0,0,0,977,0.11499999999999488,0.21600000000000216,0.22000000000001307,False
2020,Eifel Grand Prix,Race,RIC,11,808,0.0,807.0,0.0,93.08,93.08,0.14135728681717996,5109.971223644183,5109.829866357366,0,0,0,0,807,0.11499999999999488,0.21999999999999886,0.22000000000000597,False
2020,Eifel Grand Prix,Race,RUS,3,829,0.0,828.0,0.0,95.484,95.484,0.33884734576917797,5103.424392164573,5103.085544818804,0,0,0,0,828,0.1120000000000001,0.21755000000000194,0.22000000000001307,False
2020,Eifel Grand Prix,Race,SAI,11,814,0.0,813.0,0.0,93.822,93.822,0.2938264277220107,5113.087714003227,5112.793887575505,0,0,0,0,813,0.11499999999999488,0.21999999999999886,0.22000000000001307,False
2020,Eifel Grand Prix,Race,VER,11,797,0.0,796.0,0.0,91.927,91.927,0.1729547419321962,5113.730586158899,5113.5576314169675,0,0,0,0,796,0.11400000000000432,0.21999999999999886,0.22000000000001307,False
2020,Eifel Grand Prix,Race,VET,11,911,0.0,910.0,0.0,105.077,105.077,0.003917992862124579,5075.386665534715,5075.382747541853,0,0,0,0,910,0.11499999999999488,0.2150000000000034,0.22000000000001307,False
2020,Emilia Romagna Grand Prix,Race,ALB,11,700,0.0,699.0,0.0,80.543,80.543,-0.0059910154691118,4890.00248017881,4890.008471194279,0,0,0,0,699,0.11700000000000443,0.219,0.22000000000000597,False
2020,Emilia Romagna Grand Prix,Race,BOT,11,686,0.0,685.0,0.0,79.069,79.069,-0.009132078145642236,4893.954241920599,4893.963373998745,0,0,0,0,685,0.11700000000000443,0.21979999999999927,0.22000000000001307,False
2020,Emilia Romagna Grand Prix,Race,GAS,2,711,0.0,710.0,0.0,81.793,81.793,-0.0025091664647164114,4889.85494716686,4889.857456333325,0,0,0,0,710,0.11699999999999999,0.21700000000000053,0.22000000000000597,False
2020,Emilia Romagna Grand Prix,Race,GIO,11,902,0.0,901.0,0.0,103.945,103.945,0.03289315675685511,4921.592984911265,4921.560091754509,0,0,0,0,901,0.117999999999995,0.2190000000000083,0.22000000000000597,False
2020,Emilia Romagna Grand Prix,Race,GRO,11,697,0.0,696.0,0.0,80.443,80.443,0.05060029884968032,4913.9591041695385,4913.908503870689,0,0,0,0,696,0.117999999999995,0.2190000000000012,0.22000000000001307,False
2020,Emilia Romagna Grand Prix,Race,HAM,11,688,0.0,687.0,0.0,79.136,79.136,0.155015470059357,4885.784074561892,4885.629059091833,0,0,0,0,687,0.11700000000000443,0.2196999999999995,0.22000000000000597,False
2020,Emilia Romagna Grand Prix,Race,KVY,11,700,0.0,699.0,0.0,80.341,80.341,0.06158592560938558,4886.763731664054,4886.702145738444,0,0,0,0,699,0.11700000000000088,0.2189999999999947,0.22000000000000597,False
2020,Emilia Romagna Grand Prix,Race,LAT,11,706,0.0,705.0,0.0,81.157,81.157,0.176822484371002,4879.525420522495,4879.348598038124,0,0,0,0,705,0.11700000000000443,0.2189999999999941,0.22000000000000597,False
2020,Emilia Romagna Grand Prix,Race,LEC,11,699,0.0,698.0,0.0,80.403,80.403,0.09282573815690842,4893.356774623106,4893.263948884949,0,0,0,0,698,0.11700000000000443,0.21914999999999968,0.22000000000001307,False
2020,Emilia Romagna Grand Prix,Race,MAG,8,704,0.0,703.0,0.0,81.044,81.044,0.003848658566546509,4900.336471739895,4900.332623081329,0,0,0,0,703,0.11700000000000443,0.21800000000000352,0.22099999999998943,False
2020,Emilia Romagna Grand Prix,Race,NOR,11,703,0.0,702.0,0.0,80.85,80.85,0.005675113490542779,4890.155564821291,4890.1498897078,0,0,0,0,702,0.11700000000000443,0.21894999999999448,0.22000000000001307,False
2020,Emilia Romagna Grand Prix,Race,OCO,5,704,0.0,703.0,0.0,81.232,81.232,-0.005666233963002559,4894.111253282051,4894.116919516014,0,0,0,0,703,0.11700000000000088,0.21999999999999886,0.22000000000001307,False
2020,Emilia Romagna Grand Prix,Race,PER,11,704,0.0,703.0,0.0,80.924,80.924,0.004451337244817943,4886.607806063772,4886.603354726527,0,0,0,0,703,0.11700000000000443,0.21889999999999502,0.22000000000000597,False
2020,Emilia Romagna Grand Prix,Race,RAI,11,701,0.0,700.0,0.0,80.584,80.584,0.10347007903712324,4896.03300092658,4895.929530847543,0,0,0,0,700,0.11700000000000443,0.2189999999999941,0.22000000000001307,False
2020,Emilia Romagna Grand Prix,Race,RIC,11,704,0.0,703.0,0.0,80.996,80.996,0.1261678144282592,4890.844777918504,4890.718610104076,0,0,0,0,703,0.11700000000000443,0.21989999999999907,0.22000000000000597,False
2020,Emilia Romagna Grand Prix,Race,RUS,9,705,0.0,704.0,0.0,81.05,81.05,0.04312806046612061,4887.846350682499,4887.803222622033,0,0,0,0,704,0.11700000000000443,0.21800000000000352,0.22000000000000597,False
2020,Emilia Romagna Grand Prix,Race,SAI,11,702,0.0,701.0,0.0,80.704,80.704,0.0467287914057235,4890.045143490665,4889.998414699259,0,0,0,0,701,0.11700000000000443,0.2189999999999941,0.22000000000000597,False
2020,Emilia Romagna Grand Prix,Race,STR,11,700,0.0,699.0,0.0,80.671,80.671,0.051023245757866986,4889.073795296938,4889.02277205118,0,0,0,0,699,0.117999999999995,0.2190000000000012,0.22000000000001307,False
2020,Emilia Romagna Grand Prix,Race,VER,9,693,0.0,692.0,0.0,79.571,79.571,0.04010132370006758,4893.917472997296,4893.877371673596,0,0,0,0,692,0.11700000000000443,0.21800000000000352,0.22100000000000009,False
2020,Emilia Romagna Grand Prix,Race,VET,11,699,0.0,698.0,0.0,80.297,80.297,0.03189148865760427,4898.00089602396,4897.969004535303,0,0,0,0,698,0.11700000000000443,0.21899999999999514,0.22000000000000597,False
2020,Hungarian Grand Prix,Race,ALB,12,722,0.0,721.0,0.0,83.03,83.03,-0.0016989703415053181,4390.232003043846,4390.233702014188,0,0,0,0,721,0.1180000000000021,0.21800000000000352,0.22000000000000597,False
2020,Hungarian Grand Prix,Race,BOT,12,713,0.0,712.0,0.0,81.872,81.872,0.22033811018376856,4378.214380417018,4377.994042306835,0,0,0,0,712,0.1180000000000021,0.21800000000000352,0.22000000000000242,False
2020,Hungarian Grand Prix,Race,GAS,3,876,0.0,875.0,0.0,101.283,101.283,0.019504854513936243,4315.967174201044,4315.94766934653,0,0,0,0,875,0.11899999999999977,0.21999999999999886,0.22000000000000597,False
2020,Hungarian Grand Prix,Race,GIO,12,737,0.0,736.0,0.0,84.653,84.653,0.019903338758827882,4385.606036890239,4385.58613355148,0,0,0,0,736,0.11800000000000033,0.21800000000000352,0.22000000000000597,False
2020,Hungarian Grand Prix,Race,GRO,12,744,0.0,743.0,0.0,85.51,85.51,-0.03313018956079117,4367.486040014494,4367.519170204056,0,0,0,0,743,0.11800000000000033,0.21800000000000352,0.22000000000000597,False
2020,Hungarian Grand Prix,Race,HAM,12,713,0.0,712.0,0.0,81.886,81.886,0.056370551710065,4348.469890615455,4348.413520063746,0,0,0,0,712,0.11800000000000122,0.21899999999999845,0.22000000000001307,False
2020,Hungarian Grand Prix,Race,KVY,12,737,0.0,736.0,0.0,84.528,84.528,-0.0015760542652120879,4360.109137152627,4360.110713206893,0,0,0,0,736,0.1180000000000021,0.21800000000000352,0.22000000000000597,False
2020,Hungarian Grand Prix,Race,LAT,11,735,0.0,734.0,0.0,84.402,84.402,0.030887607073817325,4368.699530884117,4368.668643277043,0,0,0,0,734,0.11799999999999855,0.21800000000000352,0.22000000000001307,False
2020,Hungarian Grand Prix,Race,LEC,12,732,0.0,731.0,0.0,84.054,84.054,0.051943049208203806,4363.673364166376,4363.621421117167,0,0,0,0,731,0.1180000000000021,0.21800000000000175,0.22000000000001307,False
2020,Hungarian Grand Prix,Race,MAG,12,722,0.0,721.0,0.0,82.989,82.989,0.14876816593390618,4364.187407747011,4364.038639581077,0,0,0,0,721,0.1180000000000021,0.21800000000000352,0.22000000000000597,False
2020,Hungarian Grand Prix,Race,NOR,12,738,0.0,737.0,0.0,84.668,84.668,0.25155747481328294,4350.689922950264,4350.438365475451,0,0,0,0,737,0.11800000000000033,0.21800000000000352,0.22000000000000597,False
2020,Hungarian Grand Prix,Race,OCO,12,737,0.0,736.0,0.0,84.545,84.545,-0.0010317267446262601,4352.38349384991,4352.384525576655,0,0,0,0,736,0.11799999999999855,0.21800000000000352,0.22000000000001307,False
2020,Hungarian Grand Prix,Race,PER,12,732,0.0,731.0,0.0,84.015,84.015,0.05788446018148952,4342.003000669247,4341.945116209065,0,0,0,0,731,0.11799999999999855,0.21800000000000352,0.22000000000001307,False
2020,Hungarian Grand Prix,Race,RAI,12,735,0.0,734.0,0.0,84.369,84.369,0.1890536076044214,4349.841528952541,4349.652475344937,0,0,0,0,734,0.1180000000000021,0.21800000000000352,0.22000000000000597,False
2020,Hungarian Grand Prix,Race,RIC,12,730,0.0,729.0,0.0,83.755,83.755,0.22149470109757285,4357.824840741726,4357.603346040628,0,0,0,0,729,0.11799999999999988,0.21800000000000352,0.22000000000000597,False
2020,Hungarian Grand Prix,Race,RUS,12,737,0.0,736.0,0.0,84.545,84.545,0.020622329803159034,4354.165061027741,4354.144438697938,0,0,0,0,736,0.1180000000000021,0.21800000000000352,0.22000000000000597,False
2020,Hungarian Grand Prix,Race,SAI,12,728,0.0,727.0,0.0,83.527,83.527,0.29507808181381767,4347.203951155994,4346.9088730741805,0,0,0,0,727,0.1180000000000021,0.21800000000000352,0.22000000000000597,False
2020,Hungarian Grand Prix,Race,STR,12,723,0.0,722.0,0.0,83.022,83.022,0.26715316290688484,4352.039860580974,4351.7727074180675,0,0,0,0,722,0.11800000000000122,0.21800000000000352,0.22000000000001307,False
2020,Hungarian Grand Prix,Race,VER,12,715,0.0,714.0,0.0,82.17,82.17,0.04915122285591078,4393.7482795916585,4393.699128368803,0,0,0,0,714,0.11800000000000122,0.2183500000000021,0.22000000000000597,False
2020,Hungarian Grand Prix,Race,VET,12,726,0.0,725.0,0.0,83.397,83.397,0.15909919661287691,4360.36394019426,4360.204840997647,0,0,0,0,725,0.1180000000000021,0.21800000000000352,0.22000000000000597,False
2020,Italian Grand Prix,Race,ALB,9,755,0.0,754.0,0.0,86.798,86.798,0.03884690763194243,5757.76850101861,5757.729654110978,0,0,0,0,754,0.11599999999999966,0.21600000000000108,0.22100000000000364,False
2020,Italian Grand Prix,Race,BOT,9,749,0.0,748.0,0.0,86.13,86.13,0.002501768159922868,5765.728750528649,5765.7262487604885,0,0,0,0,748,0.11599999999999966,0.21600000000000108,0.22000000000000597,False
2020,Italian Grand Prix,Race,GAS,9,750,0.0,749.0,0.0,86.229,86.229,-0.0025085519450032123,5764.034145430568,5764.036653982513,0,0,0,0,749,0.11599999999999966,0.21600000000000819,0.22000000000001307,False
2020,Italian Grand Prix,Race,GIO,9,754,0.0,753.0,0.0,86.742,86.742,0.042798955226563073,5773.012148040904,5772.969349085678,0,0,0,0,753,0.11599999999999966,0.21600000000000819,0.22100000000000364,False
2020,Italian Grand Prix,Race,GRO,9,755,0.0,754.0,0.0,86.803,86.803,0.0025202192569815374,5768.662286486371,5768.659766267114,0,0,0,0,754,0.11599999999999966,0.21600000000000819,0.22100000000000364,False
2020,Italian Grand Prix,Race,HAM,9,744,0.0,743.0,0.0,85.47,85.47,0.10827060156641188,5766.484011868662,5766.375741267095,0,0,0,0,743,0.11599999999999966,0.21600000000000819,0.22000000000001307,False
2020,Italian Grand Prix,Race,KVY,9,754,0.0,753.0,0.0,86.685,86.685,0.025618399311451046,5752.418603923807,5752.392985524495,0,0,0,0,753,0.11599999999999966,0.2160000000000039,0.22000000000001307,False
2020,Italian Grand Prix,Race,LAT,9,758,0.0,757.0,0.0,87.178,87.178,0.09060770487229775,5757.650376042175,5757.559768337303,0,0,0,0,757,0.11599999999999966,0.21620000000000622,0.22100000000000364,False
2020,Italian Grand Prix,Race,LEC,5,752,0.0,751.0,0.0,86.354,86.354,-0.08855966664539094,5769.024875143847,5769.113434810492,0,0,0,0,751,0.11499999999999488,0.2150000000000034,0.22000000000000597,False
2020,Italian Grand Prix,Race,MAG,4,749,0.0,748.0,0.0,86.01,86.01,0.12644730102810575,5785.1714271427045,5785.044979841677,0,0,0,0,748,0.11499999999999488,0.21825000000000033,0.22000000000000597,False
2020,Italian Grand Prix,Race,NOR,9,751,0.0,750.0,0.0,86.204,86.204,0.10121526674026549,5765.619301529217,5765.5180862624775,0,0,0,0,750,0.11599999999999966,0.21600000000000819,0.22000000000001307,False
2020,Italian Grand Prix,Race,OCO,9,752,0.0,751.0,0.0,86.364,86.364,-0.02337407119306434,5768.479656246607,5768.5030303178,0,0,0,0,751,0.11599999999999966,0.21600000000000819,0.22000000000000597,False
2020,Italian Grand Prix,Race,PER,9,754,0.0,753.0,0.0,86.612,86.612,0.0072692798630542566,5762.024831368794,5762.017562088931,0,0,0,0,753,0.11599999999999966,0.21600000000000819,0.22000000000001307,False
2020,Italian Grand Prix,Race,RAI,9,752,0.0,751.0,0.0,86.418,86.418,0.024650333271853175,5773.901080080663,5773.876429747391,0,0,0,0,751,0.11599999999999966,0.21600000000000108,0.22100000000000364,False
2020,Italian Grand Prix,Race,RIC,9,750,0.0,749.0,0.0,86.178,86.178,0.04922860887698555,5767.093979110276,5767.0447505014,0,0,0,0,749,0.11599999999999966,0.21600000000000819,0.22000000000001307,False
2020,Italian Grand Prix,Race,RUS,9,751,0.0,750.0,0.0,86.423,86.423,0.01787047198584646,5758.129685412124,5758.111814940138,0,0,0,0,750,0.11599999999999966,0.21600000000000819,0.22100000000000364,False
2020,Italian Grand Prix,Race,SAI,9,746,0.0,745.0,0.0,85.675,85.675,-0.004883287583828055,5763.888809936526,5763.8936932241095,0,0,0,0,745,0.11599999999999966,0.21600000000000677,0.22000000000001307,False
2020,Italian Grand Prix,Race,STR,9,752,0.0,751.0,0.0,86.276,86.276,0.12088396697264958,5762.842839951941,5762.721955984968,0,0,0,0,751,0.11599999999999966,0.21600000000000819,0.22000000000001307,False
2020,Italian Grand Prix,Race,VER,6,754,0.0,753.0,0.0,86.589,86.589,0.038675240416579104,5756.415330741815,5756.376655501398,0,0,0,0,753,0.11499999999999488,0.2150000000000034,0.22000000000000597,False
2020,Italian Grand Prix,Race,VET,2,766,0.0,765.0,0.0,87.933,87.933,-0.009062125632053775,5774.316354938156,5774.325417063788,0,0,0,0,765,0.11399999999999721,0.21399999999999864,0.22099999999999653,False
2020,Portuguese Grand Prix,Race,ALB,11,731,0.0,730.0,0.0,84.528,84.528,0.040578315856582,4605.439981392933,4605.399403077076,0,0,0,0,730,0.11899999999999977,0.2190000000000012,0.22000000000000597,False
2020,Portuguese Grand Prix,Race,BOT,12,711,0.0,710.0,0.0,81.889,81.889,-0.004089954186441147,4614.876910490649,4614.881000444835,0,0,0,0,710,0.11899999999999977,0.21999999999999886,0.22000000000001307,False
2020,Portuguese Grand Prix,Race,GAS,11,712,0.0,711.0,0.0,82.551,82.551,0.0019235298954874691,4605.33159328303,4605.329669753135,0,0,0,0,711,0.11899999999999977,0.21900000000000475,0.22000000000000597,False
2020,Portuguese Grand Prix,Race,GIO,11,731,0.0,730.0,0.0,84.459,84.459,0.11294963509274103,4612.50720987274,4612.394260237646,0,0,0,0,730,0.11899999999999977,0.2190000000000051,0.22000000000001307,False
2020,Portuguese Grand Prix,Race,GRO,11,724,0.0,723.0,0.0,83.542,83.542,-0.004397672082981696,4632.786138909243,4632.790536581326,0,0,0,0,723,0.11899999999999977,0.21900000000000758,0.22000000000001307,False
2020,Portuguese Grand Prix,Race,HAM,12,712,0.0,711.0,0.0,81.94,81.94,0.022012574006850638,4616.103855483541,4616.081842909534,0,0,0,0,711,0.11899999999999977,0.21999999999999886,0.22000000000001307,False
2020,Portuguese Grand Prix,Race,KVY,11,732,0.0,731.0,0.0,84.553,84.553,0.05022405578343303,4601.800007005312,4601.749782949529,0,0,0,0,731,0.11899999999999977,0.21900000000000475,0.22000000000001307,False
2020,Portuguese Grand Prix,Race,LAT,11,723,0.0,722.0,0.0,83.639,83.639,-0.01790366759746531,4613.769279430994,4613.787183098591,0,0,0,0,722,0.11899999999999977,0.2190000000000083,0.22000000000001307,False
2020,Portuguese Grand Prix,Race,LEC,12,711,0.0,710.0,0.0,81.943,81.943,0.042588831654527315,4613.540395759495,4613.49780692784,0,0,0,0,710,0.11899999999999977,0.21999999999999886,0.22000000000001307,False
2020,Portuguese Grand Prix,Race,MAG,11,722,0.0,721.0,0.0,83.575,83.575,0.011299979545498787,4619.3854509241,4619.3741509445545,0,0,0,0,721,0.11899999999999977,0.2190000000000083,0.22000000000001307,False
2020,Portuguese Grand Prix,Race,NOR,11,723,0.0,722.0,0.0,83.7,83.7,0.013709711411398873,4612.881421114109,4612.867711402698,0,0,0,0,722,0.11899999999999977,0.2190000000000012,0.22000000000001307,False
2020,Portuguese Grand Prix,Race,OCO,11,729,0.0,728.0,0.0,84.166,84.166,0.13254517131022858,4598.025314347182,4597.892769175872,0,0,0,0,728,0.11899999999999977,0.2190000000000058,0.22000000000001307,False
2020,Portuguese Grand Prix,Race,PER,11,716,0.0,715.0,0.0,82.723,82.723,0.043756251441326555,4605.723764668408,4605.680008416966,0,0,0,0,715,0.11899999999999977,0.21999999999999886,0.22000000000001307,False
2020,Portuguese Grand Prix,Race,RAI,11,764,0.0,763.0,0.0,88.357,88.357,0.009960019153095606,4585.717450964137,4585.707490944984,0,0,0,0,763,0.11899999999999977,0.2190000000000083,0.22000000000001307,False
2020,Portuguese Grand Prix,Race,RIC,11,732,0.0,731.0,0.0,84.813,84.813,0.0324016306166417,4618.11808745686,4618.085685826243,0,0,0,0,731,0.11899999999999977,0.2190000000000012,0.22000000000000597,False
2020,Portuguese Grand Prix,Race,RUS,11,729,0.0,728.0,0.0,84.198,84.198,-0.006306888882145201,4595.416316362328,4595.42262325121,0,0,0,0,728,0.11899999999999977,0.2190000000000012,0.22000000000000597,False
2020,Portuguese Grand Prix,Race,SAI,11,722,0.0,721.0,0.0,83.571,83.571,0.011853645982483396,4616.5367697325555,4616.524916086573,0,0,0,0,721,0.11899999999999977,0.2190000000000012,0.22000000000001307,False
2020,Portuguese Grand Prix,Race,STR,9,733,0.0,732.0,0.0,84.314,84.314,0.004766814768733384,4600.307840649882,4600.303073835113,0,0,0,0,732,0.11850000000000449,0.21999999999999886,0.22000000000001307,False
2020,Portuguese Grand Prix,Race,VER,12,720,0.0,719.0,0.0,82.95,82.95,0.012640485709395133,4620.138460821654,4620.125820335945,0,0,0,0,719,0.11899999999999977,0.21999999999999886,0.22000000000001307,False
2020,Portuguese Grand Prix,Race,VET,11,729,0.0,728.0,0.0,84.116,84.116,0.0569106518020316,4611.495707841073,4611.438797189271,0,0,0,0,728,0.11899999999999977,0.2190000000000012,0.22000000000001307,False
2020,Russian Grand Prix,Race,ALB,9,920,0.0,919.0,0.0,105.732,105.732,0.3994032931190714,5809.855841491956,5809.4564381988375,0,0,0,0,919,0.11499999999999932,0.21600000000000108,0.22000000000001307,False
2020,Russian Grand Prix,Race,BOT,9,881,0.0,880.0,0.0,101.341,101.341,0.14073485438515637,5803.535348546396,5803.39461369201,0,0,0,0,880,0.11500000000000199,0.21600000000000108,0.22000000000001307,False
2020,Russian Grand Prix,Race,GAS,9,884,0.0,883.0,0.0,101.67,101.67,0.05583312380981542,5808.473562187568,5808.417729063758,0,0,0,0,883,0.11499999999999999,0.21599999999999878,0.22000000000001307,False
2020,Russian Grand Prix,Race,GIO,9,900,0.0,899.0,0.0,103.386,103.386,0.6678122039270857,5817.07254316511,5816.404730961182,0,0,0,0,899,0.11500000000000199,0.2151000000000031,0.22000000000000597,False
2020,Russian Grand Prix,Race,GRO,9,900,0.0,899.0,0.0,103.45,103.45,0.18858017113807546,5821.850104495128,5821.66152432399,0,0,0,0,899,0.11499999999999844,0.2151000000000031,0.22000000000001307,False
2020,Russian Grand Prix,Race,HAM,9,884,0.0,883.0,0.0,101.725,101.725,0.08456416909073239,5810.517887986011,5810.433323816921,0,0,0,0,883,0.11499999999999999,0.21600000000000036,0.22000000000001307,False
2020,Russian Grand Prix,Race,KVY,9,893,0.0,892.0,0.0,102.706,102.706,0.10651295121574628,5806.77177437364,5806.665261422425,0,0,0,0,892,0.11500000000000199,0.2150000000000034,0.22000000000001307,False
2020,Russian Grand Prix,Race,LAT,9,927,0.0,926.0,0.0,106.594,106.594,0.12684059202820408,5780.963803486833,5780.836962894805,0,0,0,0,926,0.11500000000000199,0.21575000000000166,0.22000000000000597,False
2020,Russian Grand Prix,Race,LEC,9,889,0.0,888.0,0.0,102.189,102.189,0.1375329667645051,5806.152223217981,5806.014690251217,0,0,0,0,888,0.11500000000000199,0.21600000000000077,0.22000000000001307,False
2020,Russian Grand Prix,Race,MAG,9,894,0.0,893.0,0.0,102.696,102.696,0.4582978559315882,5819.097898584773,5818.639600728841,0,0,0,0,893,0.11500000000000021,0.21599999999999858,0.22000000000001307,False
2020,Russian Grand Prix,Race,NOR,9,921,0.0,920.0,0.0,105.84,105.84,0.22774841832935866,5790.642305075986,5790.414556657656,0,0,0,0,920,0.11500000000000021,0.21600000000000108,0.22000000000000597,False
2020,Russian Grand Prix,Race,OCO,9,883,0.0,882.0,0.0,101.536,101.536,0.02103744784296338,5810.4456947683275,5810.424657320485,0,0,0,0,882,0.1149999999999991,0.21599999999999922,0.22000000000001307,False
2020,Russian Grand Prix,Race,PER,9,882,0.0,881.0,0.0,101.507,101.507,0.29723138237327507,5801.530403616668,5801.233172234295,0,0,0,0,881,0.11500000000000021,0.21600000000000108,0.22000000000001307,False
2020,Russian Grand Prix,Race,RAI,9,911,0.0,910.0,0.0,104.81,104.81,0.13425829003399958,5806.402041095732,5806.267782805698,0,0,0,0,910,0.11499999999999488,0.21555000000000013,0.22000000000001307,False
2020,Russian Grand Prix,Race,RIC,9,881,0.0,880.0,0.0,101.432,101.432,0.042980672225253105,5798.626121132833,5798.583140460608,0,0,0,0,880,0.11500000000000021,0.21600000000000108,0.22000000000001307,False
2020,Russian Grand Prix,Race,RUS,9,920,0.0,919.0,0.0,105.727,105.727,0.6637844018618984,5775.997776020185,5775.333991618323,0,0,0,0,919,0.11499999999999844,0.2151000000000031,0.22000000000000597,False
2020,Russian Grand Prix,Race,SAI,1,1086,0.0,1085.0,0.0,127.341,127.341,-0.043786250817779884,1211.2343512303376,1211.2781374811552,0,0,0,0,1085,0.11999999999999744,0.21999999999999886,0.22000000000001307,False
2020,Russian Grand Prix,Race,STR,1,1086,0.0,1085.0,0.0,127.341,127.341,-0.04905855285390468,2048.9216161246213,2048.970674677475,0,0,0,0,1085,0.11999999999999744,0.21999999999999886,0.22000000000001307,False
2020,Russian Grand Prix,Race,VER,9,879,0.0,878.0,0.0,101.085,101.085,0.07394576795498514,5811.598894861685,5811.52494909373,0,0,0,0,878,0.11500000000000199,0.21600000000000108,0.22000000000001307,False
2020,Russian Grand Prix,Race,VET,9,901,0.0,900.0,0.0,103.518,103.518,0.4089700563501695,5807.195195031376,5806.786224975026,0,0,0,0,900,0.11499999999999844,0.21505000000000324,0.22000000000001307,False
2020,Sakhir Grand Prix,Race,AIT,15,521,0.0,520.0,0.0,59.679,59.679,0.1765741652697841,3503.3817925470753,3503.2052183818055,0,0,0,0,520,0.11599999999999966,0.21999999999999886,0.22000000000000597,False
2020,Sakhir Grand Prix,Race,ALB,15,513,0.0,512.0,0.0,58.92,58.92,0.20362844806590774,3506.5679686557423,3506.3643402076764,0,0,0,0,512,0.11599999999999966,0.21834999999999877,0.22000000000000597,False
2020,Sakhir Grand Prix,Race,BOT,15,507,0.0,506.0,0.0,58.323,58.323,0.10398445218842056,3507.6265442589443,3507.522559806756,0,0,0,0,506,0.11599999999999966,0.21999999999999886,0.22000000000000597,False
2020,Sakhir Grand Prix,Race,FIT,15,523,0.0,522.0,0.0,60.167,60.167,0.15318660528253092,3501.822122596296,3501.6689359910138,0,0,0,0,522,0.11599999999999966,0.219849999999999,0.22000000000000597,False
2020,Sakhir Grand Prix,Race,GAS,15,513,0.0,512.0,0.0,59.014,59.014,0.021920115732635637,3494.3236065444626,3494.30168642873,0,0,0,0,512,0.11599999999999966,0.21999999999999886,0.22000000000000597,False
2020,Sakhir Grand Prix,Race,GIO,15,517,0.0,516.0,0.0,59.385,59.385,0.1790177342098742,3508.0913881150595,3507.9123703808496,0,0,0,0,516,0.11599999999999966,0.21774999999999878,0.22000000000000597,False
2020,Sakhir Grand Prix,Race,KVY,15,513,0.0,512.0,0.0,58.916,58.916,0.09892613003772563,3495.315630275931,3495.2167041458933,0,0,0,0,512,0.11599999999999966,0.21999999999999886,0.22000000000000597,False
2020,Sakhir Grand Prix,Race,LAT,9,527,0.0,526.0,0.0,60.554,60.554,0.1144900835941739,3507.5909895441714,3507.476499460577,0,0,0,0,526,0.11500000000000021,0.21899999999999942,0.22000000000000597,False
2020,Sakhir Grand Prix,Race,LEC,1,599,0.0,598.0,0.0,69.08,69.08,-0.018710751548113483,1374.2539993150494,1374.2727100665975,0,0,0,0,598,0.11300000000000487,0.21475000000000494,0.22000000000000597,False
2020,Sakhir Grand Prix,Race,MAG,15,521,0.0,520.0,0.0,59.75,59.75,0.18370231158642136,3515.908358571818,3515.7246562602318,0,0,0,0,520,0.11599999999999966,0.21715000000000537,0.22000000000000064,False
2020,Sakhir Grand Prix,Race,NOR,15,514,0.0,513.0,0.0,58.974,58.974,0.10773350341718224,3502.606135958144,3502.498402454727,0,0,0,0,513,0.11599999999999966,0.21999999999999886,0.22000000000000597,False
2020,Sakhir Grand Prix,Race,OCO,15,513,0.0,512.0,0.0,59.048,59.048,0.02006745140918459,3507.0167812482778,3506.996713796869,0,0,0,0,512,0.11600000000000077,0.21999999999999886,0.22000000000000597,False
2020,Sakhir Grand Prix,Race,PER,15,513,0.0,512.0,0.0,58.878,58.878,0.21194350293975805,3499.7400475205604,3499.5281040176205,0,0,0,0,512,0.11599999999999966,0.21835000000000268,0.22000000000000597,False
2020,Sakhir Grand Prix,Race,RAI,15,521,0.0,520.0,0.0,59.905,59.905,0.11389770312142036,3510.9093784980837,3510.7954807949623,0,0,0,0,520,0.11599999999999966,0.21999999999999886,0.22000000000000597,False
2020,Sakhir Grand Prix,Race,RIC,15,514,0.0,513.0,0.0,59.036,59.036,0.04677243739304404,3498.2659813472856,3498.2192089098926,0,0,0,0,513,0.11599999999999966,0.21999999999999886,0.22000000000000597,False
2020,Sakhir Grand Prix,Race,RUS,15,507,0.0,506.0,0.0,58.351,58.351,0.0210683981952573,3509.8367968356993,3509.815728437504,0,0,0,0,506,0.11599999999999966,0.21999999999999886,0.22000000000000597,False
2020,Sakhir Grand Prix,Race,SAI,15,511,0.0,510.0,0.0,58.844,58.844,0.008658177747527966,3504.9778445546567,3504.969186376909,0,0,0,0,510,0.11599999999999983,0.21954999999999908,0.22000000000000597,False
2020,Sakhir Grand Prix,Race,STR,15,513,0.0,512.0,0.0,58.943,58.943,0.0005252116825178454,3498.550490037641,3498.5499648259583,0,0,0,0,512,0.11599999999999966,0.21999999999999886,0.22000000000000597,False
2020,Sakhir Grand Prix,Race,VER,1,599,0.0,598.0,0.0,69.08,69.08,-0.04181862854835447,1369.990277404444,1370.0320960329923,0,0,0,0,598,0.11300000000000487,0.21475000000000494,0.22000000000000597,False
2020,Sakhir Grand Prix,Race,VET,15,519,0.0,518.0,0.0,59.488,59.488,0.18258141390445548,3521.205580550083,3521.022999136179,0,0,0,0,518,0.11599999999999966,0.2174499999999987,0.22000000000000597,False
2020,Spanish Grand Prix,Race,ALB,11,746,0.0,745.0,0.0,85.653,85.653,0.0038480400372247203,4617.722250304811,4617.718402264773,0,0,0,0,745,0.11599999999999966,0.21600000000000819,0.22000000000000597,False
2020,Spanish Grand Prix,Race,BOT,12,726,0.0,725.0,0.0,83.449,83.449,0.09195774489582731,4597.133574002092,4597.041616257196,0,0,0,0,725,0.11599999999999966,0.2193999999999987,0.22000000000000597,False
2020,Spanish Grand Prix,Race,GAS,11,740,0.0,739.0,0.0,85.07,85.07,0.0017692976249546345,4600.143264775582,4600.141495477957,0,0,0,0,739,0.11599999999999966,0.21630000000000754,0.22000000000001307,False
2020,Spanish Grand Prix,Race,GIO,11,750,0.0,749.0,0.0,86.182,86.182,-0.0023722329337638737,4620.537006502589,4620.539378735522,0,0,0,0,749,0.11599999999999966,0.2195999999999984,0.22000000000000597,False
2020,Spanish Grand Prix,Race,GRO,11,750,0.0,749.0,0.0,86.252,86.252,0.004147700982093161,4606.54243069361,4606.538282992628,0,0,0,0,749,0.11599999999999966,0.21819999999999812,0.22000000000001307,False
2020,Spanish Grand Prix,Race,HAM,12,723,0.0,722.0,0.0,83.067,83.067,0.010010555197506488,4609.515613229724,4609.505602674527,0,0,0,0,722,0.11599999999999966,0.21984999999999882,0.22000000000000597,False
2021,Abu Dhabi Grand Prix,Race,ALO,10,795,0.0,794.0,0.0,90.989,90.989,0.11011000670912874,5222.21158079523,5222.101470788521,0,0,0,0,794,0.11099999999999988,0.2110000000000009,0.22100000000000009,False
2021,Abu Dhabi Grand Prix,Race,BOT,10,793,0.0,792.0,0.0,90.704,90.704,0.05480842347731396,5209.197688633196,5209.142880209719,0,0,0,0,792,0.11100000000000065,0.2110000000000011,0.22100000000000009,False
2021,Abu Dhabi Grand Prix,Race,GAS,10,794,0.0,793.0,0.0,90.88,90.88,0.099268204716772,5206.297872009846,5206.198603805129,0,0,0,0,793,0.11100000000000065,0.21100000000000013,0.22100000000000009,False
2021,Abu Dhabi Grand Prix,Race,GIO,6,797,0.0,796.0,0.0,91.313,91.313,0.2266732876861388,5216.440881441126,5216.21420815344,0,0,0,0,796,0.11199999999999832,0.2120000000000033,0.22000000000000597,False
2021,Abu Dhabi Grand Prix,Race,HAM,10,772,0.0,771.0,0.0,88.216,88.216,0.3346999215387707,5217.215037809787,5216.880337888248,0,0,0,0,771,0.11100000000000065,0.21100000000000385,0.22099999999999653,False
2021,Abu Dhabi Grand Prix,Race,LAT,9,799,0.0,798.0,0.0,91.704,91.704,0.008935116249185693,5214.305979890644,5214.297044774395,0,0,0,0,798,0.11100000000000065,0.21100000000000563,0.22000000000001307,False
2021,Abu Dhabi Grand Prix,Race,LEC,10,789,0.0,788.0,0.0,90.268,90.268,0.42656933171190686,5207.71290040883,5207.286331077118,0,0,0,0,788,0.11100000000000065,0.2110000000000003,0.22099999999999653,False
2021,Abu Dhabi Grand Prix,Race,MSC,10,815,0.0,814.0,0.0,93.378,93.378,0.20106049648358854,5195.765830430159,5195.564769933676,0,0,0,0,814,0.11099999999999977,0.21099999999999958,0.22100000000000009,False
2021,Abu Dhabi Grand Prix,Race,NOR,10,789,0.0,788.0,0.0,90.243,90.243,0.4537996552350995,5209.673257862931,5209.219458207695,0,0,0,0,788,0.11099999999999888,0.21100000000000013,0.22099999999999653,False
2021,Abu Dhabi Grand Prix,Race,OCO,10,792,0.0,791.0,0.0,90.572,90.572,0.20473018348732552,5214.55775395892,5214.353023775433,0,0,0,0,791,0.11099999999999888,0.21100000000000207,0.22100000000000009,False
2021,Abu Dhabi Grand Prix,Race,PER,10,778,0.0,777.0,0.0,88.937,88.937,0.17519432652617706,5221.573378069717,5221.398183743191,0,0,0,0,777,0.11100000000000065,0.21100000000000207,0.22099999999999653,False
2021,Abu Dhabi Grand Prix,Race,RAI,5,803,0.0,802.0,0.0,91.984,91.984,0.24499832561591983,5209.444451929252,5209.199453603636,0,0,0,0,802,0.11199999999999832,0.2120000000000033,0.22000000000001307,False
2021,Abu Dhabi Grand Prix,Race,RIC,10,791,0.0,790.0,0.0,90.658,90.658,0.01693747472805153,5217.104067641149,5217.087130166421,0,0,0,0,790,0.11100000000000065,0.2110000000000001,0.22100000000000009,False
2021,Abu Dhabi Grand Prix,Race,RUS,5,800,0.0,799.0,0.0,91.678,91.678,0.029298070899822504,5208.682114811065,5208.652816740165,0,0,0,0,799,0.11199999999999832,0.2120000000000033,0.22000000000001307,False
2021,Abu Dhabi Grand Prix,Race,SAI,10,788,0.0,787.0,0.0,90.174,90.174,0.3823964422644095,5222.044301827817,5221.661905385553,0,0,0,0,787,0.11100000000000021,0.2110000000000003,0.22099999999999653,False
2021,Abu Dhabi Grand Prix,Race,STR,10,795,0.0,794.0,0.0,91.052,91.052,0.2788398006480512,5217.265568742019,5216.986728941371,0,0,0,0,794,0.11099999999999988,0.2110000000000003,0.22100000000000009,False
2021,Abu Dhabi Grand Prix,Race,TSU,10,789,0.0,788.0,0.0,90.322,90.322,0.005228262639547898,5205.079235519707,5205.074007257068,0,0,0,0,788,0.11100000000000013,0.21100000000000207,0.22100000000000364,False
2021,Abu Dhabi Grand Prix,Race,VER,10,777,0.0,776.0,0.0,88.89,88.89,0.12321840780269744,5213.096259675493,5212.97304126769,0,0,0,0,776,0.11100000000000065,0.21100000000000563,0.22099999999999653,False
2021,Abu Dhabi Grand Prix,Race,VET,10,795,0.0,794.0,0.0,90.955,90.955,0.3892535737542828,5215.963729013011,5215.574475439257,0,0,0,0,794,0.11100000000000065,0.21100000000000207,0.22100000000000009,False
2021,Austrian Grand Prix,Race,ALO,12,622,0.0,621.0,0.0,71.24,71.24,0.07022452750532504,4294.9615702996325,4294.891345772127,0,0,0,0,621,0.11799999999999855,0.21799999999999997,0.22000000000000597,False
2021,Austrian Grand Prix,Race,BOT,12,610,0.0,609.0,0.0,69.864,69.864,0.16512364915110034,4290.86211528996,4290.696991640809,0,0,0,0,609,0.11800000000000033,0.21800000000000352,0.22000000000000597,False
2021,Austrian Grand Prix,Race,GAS,12,620,0.0,619.0,0.0,71.018,71.018,0.16290981814914973,4289.362538935808,4289.199629117658,0,0,0,0,619,0.11799999999999855,0.21800000000000005,0.22000000000000597,False
2021,Austrian Grand Prix,Race,GIO,12,623,0.0,622.0,0.0,71.349,71.349,-0.007705199666529605,4296.612365061539,4296.620070261206,0,0,0,0,622,0.117999999999999,0.21800000000000352,0.22000000000000597,False
2021,Austrian Grand Prix,Race,HAM,12,609,0.0,608.0,0.0,69.849,69.849,0.0035293596287067075,4293.301682425037,4293.298153065409,0,0,0,0,608,0.11800000000000033,0.21800000000000352,0.22000000000000597,False
2021,Austrian Grand Prix,Race,LAT,12,625,0.0,624.0,0.0,71.502,71.502,0.08332411919012994,4284.734473258154,4284.651149138964,0,0,0,0,624,0.11800000000000016,0.21800000000000352,0.22000000000000597,False
2021,Austrian Grand Prix,Race,LEC,12,624,0.0,623.0,0.0,71.433,71.433,0.18758448856877363,4288.535367108945,4288.347782620376,0,0,0,0,623,0.11799999999999855,0.21799999999999997,0.22000000000000597,False
2021,Austrian Grand Prix,Race,MAZ,12,629,0.0,628.0,0.0,71.966,71.966,0.017796648406923132,4293.7312437419805,4293.713447093573,0,0,0,0,628,0.11799999999999988,0.21799999999999997,0.22000000000000597,False
2021,Austrian Grand Prix,Race,MSC,12,629,0.0,628.0,0.0,71.958,71.958,0.1483074502644559,4308.932954724821,4308.784647274556,0,0,0,0,628,0.11799999999999966,0.21800000000000228,0.22000000000000242,False
2021,Austrian Grand Prix,Race,NOR,12,608,0.0,607.0,0.0,69.755,69.755,0.020964725559084352,4293.5626924839,4293.541727758341,0,0,0,0,607,0.11799999999999944,0.21799999999999997,0.22000000000000597,False
2021,Austrian Grand Prix,Race,OCO,1,742,0.0,741.0,0.0,87.974,87.974,-0.017385007155339055,1791.8834845520487,1791.900869559204,0,0,0,0,741,0.1200000000000001,0.21999999999999886,0.22000000000001307,False
2021,Austrian Grand Prix,Race,PER,12,626,0.0,625.0,0.0,71.737,71.737,0.17323273737395928,4282.620245588881,4282.447012851507,0,0,0,0,625,0.11799999999999855,0.21799999999999997,0.22000000000001307,False
2021,Austrian Grand Prix,Race,RAI,12,622,0.0,621.0,0.0,71.284,71.284,0.07203678412424963,4291.643404955508,4291.571368171384,0,0,0,0,621,0.11799999999999855,0.21799999999999997,0.22000000000000597,False
2021,Austrian Grand Prix,Race,RIC,12,626,0.0,625.0,0.0,71.715,71.715,0.2329108803003253,4281.231168001862,4280.998257121561,0,0,0,0,625,0.11799999999999944,0.2180000000000028,0.22000000000000597,False
2021,Austrian Grand Prix,Race,RUS,12,632,0.0,631.0,0.0,72.389,72.389,0.09652172427533467,4289.896357322951,4289.799835598676,0,0,0,0,631,0.11800000000000033,0.21799999999999997,0.22000000000000597,False
2021,Austrian Grand Prix,Race,SAI,12,617,0.0,616.0,0.0,70.679,70.679,0.06013351735073014,4295.129616233641,4295.069482716291,0,0,0,0,616,0.11799999999999922,0.21800000000000086,0.22000000000000597,False
2021,Austrian Grand Prix,Race,STR,12,628,0.0,627.0,0.0,71.861,71.861,0.02065960011679091,4284.911496030956,4284.890836430839,0,0,0,0,627,0.118,0.21800000000000352,0.22000000000000597,False
2021,Austrian Grand Prix,Race,TSU,12,649,0.0,648.0,0.0,74.338,74.338,0.02032750623438928,4230.7338874678335,4230.7135599615995,0,0,0,0,648,0.11800000000000022,0.21800000000000055,0.22000000000000597,False
2021,Austrian Grand Prix,Race,VER,12,603,0.0,602.0,0.0,69.145,69.145,0.07870713261210671,4296.424959034724,4296.346251902112,0,0,0,0,602,0.11799999999999855,0.21799999999999997,0.22000000000000597,False
2021,Austrian Grand Prix,Race,VET,12,626,0.0,625.0,0.0,71.708,71.708,-0.00896152045928289,4284.017714812828,4284.0266763332875,0,0,0,0,625,0.11799999999999855,0.21799999999999997,0.22000000000000597,False
2021,Azerbaijan Grand Prix,Race,ALO,9,944,0.0,943.0,0.0,108.046,108.046,-0.05599386451036992,5953.119639967433,5953.175633831943,0,0,0,0,943,0.11199999999999477,0.2120000000000033,0.22000000000001307,False
2021,Azerbaijan Grand Prix,Race,BOT,9,945,0.0,944.0,0.0,108.134,108.134,-0.0035941452909429294,5946.519095650099,5946.52268979539,0,0,0,0,944,0.11199999999999477,0.2120000000000033,0.22000000000001307,False
2021,Azerbaijan Grand Prix,Race,GAS,9,938,0.0,937.0,0.0,107.41,107.41,0.009685815276780474,5933.977436828571,5933.967751013294,0,0,0,0,937,0.11199999999999477,0.2120000000000033,0.22000000000000597,False
2021,Azerbaijan Grand Prix,Race,GIO,9,945,0.0,944.0,0.0,108.238,108.238,-0.03643104134324915,5950.46521290392,5950.501643945263,0,0,0,0,944,0.11199999999999477,0.21200000000000302,0.22000000000000242,False
2021,Azerbaijan Grand Prix,Race,HAM,9,937,0.0,936.0,0.0,107.399,107.399,0.01959940909025626,5952.877620655655,5952.858021246565,0,0,0,0,936,0.11199999999999655,0.2120000000000033,0.22000000000000597,False
2021,Azerbaijan Grand Prix,Race,LAT,9,998,0.0,997.0,0.0,114.357,114.357,0.028558221072684686,5937.915836064056,5937.887277842983,0,0,0,0,997,0.11199999999999477,0.2120000000000033,0.22000000000001307,False
2021,Azerbaijan Grand Prix,Race,LEC,9,976,0.0,975.0,0.0,111.823,111.823,-0.002471772509862219,5945.67638739887,5945.67885917138,0,0,0,0,975,0.11199999999999477,0.2120000000000033,0.22000000000000597,False
2021,Azerbaijan Grand Prix,Race,MAZ,9,1022,0.0,1021.0,0.0,117.044,117.044,0.06236559677018194,5944.065279192875,5944.002913596105,0,0,0,0,1021,0.11199999999999477,0.2120000000000033,0.22000000000001307,False
2021,Azerbaijan Grand Prix,Race,MSC,9,1122,0.0,1121.0,0.0,128.615,128.615,-1.36076792323081e-06,5962.922006121058,5962.922007481826,0,0,0,0,1121,0.11199999999999477,0.2120000000000033,0.22000000000001307,False
2021,Azerbaijan Grand Prix,Race,NOR,9,939,0.0,938.0,0.0,107.474,107.474,-0.0616739924141273,5949.287223182924,5949.348897175339,0,0,0,0,938,0.11199999999999477,0.2120000000000033,0.22000000000001307,False
2021,Azerbaijan Grand Prix,Race,OCO,1,1050,0.0,1049.0,0.0,120.193,120.193,-0.02141287926833177,5948.33337720276,5948.354790082029,0,0,0,0,1049,0.11399999999999721,0.21399999999999864,0.22000000000001307,False
2021,Azerbaijan Grand Prix,Race,PER,9,938,0.0,937.0,0.0,107.415,107.415,-0.09460856141937862,5946.9345177687455,5947.029126330165,0,0,0,0,937,0.11199999999999477,0.2120000000000033,0.22000000000001307,False
2021,Azerbaijan Grand Prix,Race,RAI,9,948,0.0,947.0,0.0,108.499,108.499,0.000890227481031014,5952.040171243896,5952.039281016415,0,0,0,0,947,0.11199999999999477,0.2120000000000033,0.22000000000001307,False
2021,Azerbaijan Grand Prix,Race,RIC,9,946,0.0,945.0,0.0,108.407,108.407,-0.023761763854269535,5942.828785119324,5942.852546883178,0,0,0,0,945,0.11199999999999832,0.2120000000000033,0.22000000000001307,False
2021,Azerbaijan Grand Prix,Race,RUS,9,950,0.0,949.0,0.0,108.821,108.821,-0.06600030179495375,5952.953786500405,5953.0197868022,0,0,0,0,949,0.11199999999999477,0.2120000000000033,0.22000000000001307,False
2021,Azerbaijan Grand Prix,Race,SAI,9,938,0.0,937.0,0.0,107.295,107.295,0.005061592555161809,5954.394396593937,5954.389335001382,0,0,0,0,937,0.11199999999999477,0.2120000000000033,0.22000000000000242,False
2021,Azerbaijan Grand Prix,Race,STR,6,948,0.0,947.0,0.0,108.509,108.509,0.006128450157239174,5937.645098677913,5937.638970227756,0,0,0,0,947,0.11200000000000188,0.21300000000000097,0.22000000000001307,False
2021,Azerbaijan Grand Prix,Race,TSU,9,973,0.0,972.0,0.0,111.376,111.376,-0.030284499146535637,5942.513925787395,5942.544210286542,0,0,0,0,972,0.11199999999999477,0.2120000000000033,0.22000000000001307,False
2021,Azerbaijan Grand Prix,Race,VER,8,934,0.0,933.0,0.0,107.149,107.149,-0.027892460665874808,5953.9149033251915,5953.942795785857,0,0,0,0,933,0.11199999999999477,0.2120000000000033,0.22000000000001307,False
2021,Azerbaijan Grand Prix,Race,VET,9,953,0.0,952.0,0.0,109.127,109.127,-0.0008604745255982333,5934.506566550636,5934.507427025162,0,0,0,0,952,0.11199999999999477,0.2120000000000033,0.22000000000001307,False
2021,Bahrain Grand Prix,Race,ALO,6,835,0.0,834.0,0.0,97.652,97.652,0.1829469289209431,5368.994946281926,5368.811999353005,0,0,0,0,834,0.11400000000000432,0.21999999999999886,0.22000000000001307,False
2021,Bahrain Grand Prix,Race,BOT,10,843,0.0,842.0,0.0,96.405,96.405,0.025285981044566475,5391.694197389203,5391.668911408158,0,0,0,0,842,0.11500000000000199,0.21600000000000108,0.22000000000000597,False
2021,Bahrain Grand Prix,Race,GAS,9,848,0.0,847.0,0.0,97.03,97.03,0.09577199381452754,5391.325199717884,5391.22942772407,0,0,0,0,847,0.11500000000000021,0.21600000000000819,0.22000000000001307,False
2021,Bahrain Grand Prix,Race,GIO,10,855,0.0,854.0,0.0,97.846,97.846,0.051252629387006365,5394.015993373789,5393.964740744402,0,0,0,0,854,0.11500000000000199,0.21600000000000108,0.22000000000001307,False
2021,Bahrain Grand Prix,Race,HAM,10,839,0.0,838.0,0.0,96.082,96.082,0.0009118054878793911,5394.567974531221,5394.567062725733,0,0,0,0,838,0.11500000000000199,0.21600000000000108,0.22000000000001307,False
2021,Bahrain Grand Prix,Race,LAT,9,863,0.0,862.0,0.0,98.784,98.784,0.011492200852548207,5399.929951490009,5399.918459289157,0,0,0,0,862,0.11499999999999932,0.21600000000000819,0.22000000000001307,False
2021,Bahrain Grand Prix,Race,LEC,10,852,0.0,851.0,0.0,97.518,97.518,0.03067767162152113,5384.3272071296215,5384.296529458,0,0,0,0,851,0.11500000000000199,0.21600000000000108,0.22000000000001307,False
2021,Bahrain Grand Prix,Race,MAZ,1,1033,0.0,1032.0,0.0,118.423,118.423,-0.0050016154456733915,934.4809415365711,934.4859431520167,0,0,0,0,1032,0.11200000000000188,0.21300000000000416,0.22000000000001307,False
2021,Bahrain Grand Prix,Race,MSC,10,864,0.0,863.0,0.0,98.955,98.955,0.10463512250869433,5400.173570991839,5400.068935869331,0,0,0,0,863,0.1150000000000091,0.21600000000000819,0.22000000000001307,False
2021,Bahrain Grand Prix,Race,NOR,10,851,0.0,850.0,0.0,97.523,97.523,0.08367729825439962,5397.232084876276,5397.148407578021,0,0,0,0,850,0.11500000000000199,0.21600000000000108,0.22000000000000242,False
2021,Bahrain Grand Prix,Race,OCO,10,864,0.0,863.0,0.0,98.818,98.818,0.15555074446033723,5382.302472977113,5382.146922232653,0,0,0,0,863,0.11500000000000199,0.21600000000000108,0.22000000000001307,False
2021,Bahrain Grand Prix,Race,PER,10,846,0.0,845.0,0.0,96.788,96.788,0.17687791304876832,5404.645610578758,5404.4687326657095,0,0,0,0,845,0.11500000000000199,0.21600000000000108,0.22000000000001307,False
2021,Bahrain Grand Prix,Race,RAI,10,853,0.0,852.0,0.0,97.622,97.622,0.06410323407569996,5385.023707419594,5384.959604185518,0,0,0,0,852,0.11500000000000199,0.21600000000000427,0.22000000000001307,False
2021,Bahrain Grand Prix,Race,RIC,10,854,0.0,853.0,0.0,97.782,97.782,0.0006588007408909429,5369.747452913214,5369.746794112473,0,0,0,0,853,0.11500000000000199,0.2160000000000039,0.22000000000001307,False
2021,Bahrain Grand Prix,Race,RUS,10,859,0.0,858.0,0.0,98.386,98.386,0.03460850307721323,5390.995094807073,5390.960486303996,0,0,0,0,858,0.11500000000000199,0.21600000000000819,0.22000000000001307,False
2021,Bahrain Grand Prix,Race,SAI,10,857,0.0,856.0,0.0,98.012,98.012,0.14959575472934938,5377.7825170147635,5377.632921260034,0,0,0,0,856,0.11500000000000199,0.21600000000000819,0.22000000000000597,False
2021,Bahrain Grand Prix,Race,STR,10,853,0.0,852.0,0.0,97.614,97.614,0.02596261341867412,5382.419003440917,5382.393040827498,0,0,0,0,852,0.11500000000000199,0.21600000000000108,0.22000000000000597,False
2021,Bahrain Grand Prix,Race,TSU,10,854,0.0,853.0,0.0,97.738,97.738,0.058111792665139106,5391.56489390869,5391.506782116025,0,0,0,0,853,0.11500000000000199,0.2160000000000039,0.22000000000001307,False
2021,Bahrain Grand Prix,Race,VER,10,840,0.0,839.0,0.0,96.175,96.175,0.10075335169105482,5389.416802844367,5389.316049492676,0,0,0,0,839,0.11500000000000199,0.21600000000000108,0.22000000000001307,False
2021,Bahrain Grand Prix,Race,VET,10,857,0.0,856.0,0.0,98.1,98.1,0.12613642981458595,5394.742147279775,5394.616010849961,0,0,0,0,856,0.11500000000000199,0.21600000000000819,0.22000000000001307,False
2021,Belgian Grand Prix,Race,ALO,1,1989,0.0,1988.0,0.0,227.9,227.9,-0.0045641294983067154,6806.189821136828,6806.194385266326,0,0,0,0,1988,0.11299999999999955,0.21399999999999864,0.22000000000002728,False
2021,Belgian Grand Prix,Race,BOT,1,2004,0.0,2003.0,0.0,229.69,229.69,-0.022466714040694433,6762.198299599078,6762.220766313119,0,0,0,0,2003,0.11299999999999955,0.21399999999999864,0.22000000000002728,False
2021,Belgian Grand Prix,Race,GAS,1,1897,0.0,1896.0,0.0,217.407,217.407,-0.0030081334446682775,6671.616016004704,6671.619024138148,0,0,0,0,1896,0.11299999999999955,0.21399999999999864,0.22000000000001307,False
2021,Belgian Grand Prix,Race,GIO,1,2020,0.0,2019.0,0.0,231.485,231.485,-0.0018244330277332292,6777.869780755348,6777.871605188376,0,0,0,0,2019,0.11299999999999955,0.21399999999999864,0.22000000000002728,False
2021,Belgian Grand Prix,Race,HAM,1,1832,0.0,1831.0,0.0,209.803,209.803,-0.002985372324376945,6639.514481097656,6639.517466469981,0,0,0,0,1831,0.11299999999999955,0.21399999999999864,0.22000000000001307,False
2021,Belgian Grand Prix,Race,LAT,1,1945,0.0,1944.0,0.0,222.804,222.804,-0.006524328023913262,6745.5251846918245,6745.531709019849,0,0,0,0,1944,0.11299999999999955,0.21399999999999864,0.22000000000001307,False
2021,Belgian Grand Prix,Race,LEC,1,1920,0.0,1919.0,0.0,219.919,219.919,-0.021005639391946673,6713.454153894192,6713.475159533584,0,0,0,0,1919,0.11299999999999955,0.21399999999999864,0.22000000000001307,False
2021,Belgian Grand Prix,Race,MAZ,1,2088,0.0,2087.0,0.0,239.291,239.291,-0.0006369437771897555,6857.081218075887,6857.081855019664,0,0,0,0,2087,0.11299999999999955,0.21399999999999864,0.22000000000002728,False
2021,Belgian Grand Prix,Race,MSC,1,2067,0.0,2066.0,0.0,236.841,236.841,-0.007613461541713886,6850.014121486081,6850.021734947623,0,0,0,0,2066,0.11299999999999955,0.21399999999999864,0.22000000000002728,False
2021,Belgian Grand Prix,Race,NOR,1,2046,0.0,2045.0,0.0,234.428,234.428,-0.010185558428443868,6820.560498924004,6820.570684482432,0,0,0,0,2045,0.11299999999999955,0.21399999999999864,0.22000000000002728,False
2021,Belgian Grand Prix,Race,OCO,1,1910,0.0,1909.0,0.0,218.887,218.887,-0.02274206588117402,6697.824646211525,6697.847388277406,0,0,0,0,1909,0.11299999999999955,0.21399999999999864,0.22000000000001307,False
2021,Belgian Grand Prix,Race,PER,1,2141,0.0,2140.0,0.0,245.455,245.455,-0.022239603865465186,6856.613537123938,6856.635776727803,0,0,0,0,2140,0.11299999999999955,0.21399999999999864,0.22000000000002728,False
2021,Belgian Grand Prix,Race,RAI,1,2124,0.0,2123.0,0.0,243.362,243.362,-0.0018041555947218555,6844.007398683141,6844.009202838736,0,0,0,0,2123,0.11299999999999955,0.21399999999999864,0.22000000000002728,False
2021,Belgian Grand Prix,Race,RIC,1,1849,0.0,1848.0,0.0,211.8,211.8,-0.0009633123275300451,6664.987583458413,6664.98854677074,0,0,0,0,1848,0.11299999999999955,0.21399999999999864,0.22000000000001307,False
2021,Belgian Grand Prix,Race,RUS,1,1827,0.0,1826.0,0.0,209.322,209.322,-0.003615413487912205,6656.384071785121,6656.387687198609,0,0,0,0,1826,0.11299999999999955,0.21399999999999864,0.22000000000001307,False
2021,Belgian Grand Prix,Race,SAI,1,1950,0.0,1949.0,0.0,223.424,223.424,-0.014710689938676014,6760.880219548078,6760.894930238016,0,0,0,0,1949,0.11299999999999955,0.21399999999999864,0.22000000000001307,False
2021,Belgian Grand Prix,Race,STR,1,2105,0.0,2104.0,0.0,241.369,241.369,-0.004415321572013853,6865.887460156874,6865.891875478446,0,0,0,0,2104,0.11299999999999955,0.21399999999999864,0.22000000000002728,False
2021,Belgian Grand Prix,Race,TSU,1,2057,0.0,2056.0,0.0,235.704,235.704,-0.0018872678069638891,6827.114301979594,6827.1161892474,0,0,0,0,2056,0.11299999999999955,0.21399999999999864,0.22000000000002728,False
2021,Belgian Grand Prix,Race,VER,1,1809,0.0,1808.0,0.0,207.267,207.267,-0.00278521640806113,6656.741167032915,6656.743952249323,0,0,0,0,1808,0.11299999999999955,0.21399999999999864,0.22000000000001307,False
2021,Belgian Grand Prix,Race,VET,1,1874,0.0,1873.0,0.0,214.694,214.694,-0.008557724984860585,6697.789205959679,6697.797763684664,0,0,0,0,1873,0.11299999999999955,0.21399999999999864,0.22000000000001307,False
2021,British Grand Prix,Race,ALO,9,829,0.0,828.0,0.0,94.701,94.701,0.17279646948117922,5808.309448288921,5808.13665181944,0,0,0,0,828,0.11299999999999955,0.21399999999999864,0.22000000000000597,False
2021,British Grand Prix,Race,BOT,9,815,0.0,814.0,0.0,93.096,93.096,0.2119242539986519,5804.8300588771945,5804.618134623196,0,0,0,0,814,0.11299999999999955,0.21399999999999864,0.22000000000000597,False
2021,British Grand Prix,Race,GAS,9,829,0.0,828.0,0.0,94.927,94.927,0.017380943700103124,5813.050699768774,5813.033318825074,0,0,0,0,828,0.11299999999999955,0.21399999999999864,0.22000000000001307,False
2021,British Grand Prix,Race,GIO,9,839,0.0,838.0,0.0,96.091,96.091,-0.003079241247393484,5825.060590225655,5825.063669466902,0,0,0,0,838,0.11299999999999955,0.21399999999999864,0.22000000000001307,False
2021,British Grand Prix,Race,HAM,9,813,0.0,812.0,0.0,93.013,93.013,0.05457190470956991,5805.3503258578485,5805.295753953139,0,0,0,0,812,0.11299999999999955,0.21399999999999864,0.22000000000001307,False
2021,British Grand Prix,Race,LAT,9,833,0.0,832.0,0.0,95.35,95.35,0.09344778364304729,5810.725241525488,5810.631793741845,0,0,0,0,832,0.11299999999999955,0.21399999999999864,0.22000000000001307,False
2021,British Grand Prix,Race,LEC,9,812,0.0,811.0,0.0,92.97,92.97,0.019758089892757902,5809.451607465324,5809.431849375431,0,0,0,0,811,0.11299999999999955,0.21399999999999864,0.22000000000001307,False
2021,British Grand Prix,Race,MAZ,9,845,0.0,844.0,0.0,96.697,96.697,0.06329361474238993,5814.030558884269,5813.967265269527,0,0,0,0,844,0.11299999999999955,0.21384999999999996,0.22000000000001307,False
2021,British Grand Prix,Race,MSC,9,842,0.0,841.0,0.0,96.428,96.428,0.21976563354248047,5825.432618183058,5825.212852549515,0,0,0,0,841,0.11299999999999955,0.21399999999999864,0.22000000000001307,False
2021,British Grand Prix,Race,NOR,9,816,0.0,815.0,0.0,93.373,93.373,0.030956973619854833,5804.4675170290375,5804.436560055417,0,0,0,0,815,0.11299999999999955,0.21399999999999864,0.22000000000001307,False
2021,British Grand Prix,Race,OCO,9,829,0.0,828.0,0.0,94.762,94.762,0.18984652368987653,5803.967938774485,5803.778092250795,0,0,0,0,828,0.11299999999999955,0.21399999999999864,0.22000000000001307,False
2021,British Grand Prix,Race,PER,9,822,0.0,821.0,0.0,94.058,94.058,0.057593011748826806,5810.734706430259,5810.677113418511,0,0,0,0,821,0.11299999999999955,0.21399999999999864,0.22000000000000597,False
2021,British Grand Prix,Race,RAI,9,831,0.0,830.0,0.0,94.988,94.988,0.15625945688425258,5803.995332922345,5803.839073465461,0,0,0,0,830,0.11299999999999955,0.21399999999999864,0.22000000000000597,False
2021,British Grand Prix,Race,RIC,9,819,0.0,818.0,0.0,93.71,93.71,0.04684722132057528,5802.746017885025,5802.6991706637045,0,0,0,0,818,0.11299999999999955,0.21399999999999864,0.22000000000000242,False
2021,British Grand Prix,Race,RUS,9,832,0.0,831.0,0.0,95.192,95.192,0.16900255054822022,5800.088584127613,5799.9195815770645,0,0,0,0,831,0.11299999999999955,0.21399999999999864,0.22000000000001307,False
2021,British Grand Prix,Race,SAI,9,822,0.0,821.0,0.0,93.915,93.915,0.09392284683394081,5815.893984442511,5815.800061595677,0,0,0,0,821,0.11299999999999955,0.21399999999999864,0.22000000000001307,False
2021,British Grand Prix,Race,STR,9,827,0.0,826.0,0.0,94.625,94.625,-0.009830594688168243,5792.91470722016,5792.924537814849,0,0,0,0,826,0.11299999999999955,0.21399999999999864,0.22000000000000597,False
2021,British Grand Prix,Race,TSU,9,832,0.0,831.0,0.0,95.213,95.213,-0.09303517701181052,5798.642576618288,5798.7356117953,0,0,0,0,831,0.11299999999999955,0.21399999999999864,0.22000000000000597,False
2021,British Grand Prix,Race,VER,1,1059,0.0,1058.0,0.0,122.99,122.99,-0.016420748590967198,3047.185000000073,3047.201420748664,0,0,0,0,1058,0.11999999999999034,0.21999999999999886,0.22000000000001307,False
2021,British Grand Prix,Race,VET,7,833,0.0,832.0,0.0,95.27,95.27,0.1575674706274377,5802.884573207005,5802.727005736378,0,0,0,0,832,0.11399999999999721,0.2140000000000022,0.22000000000001307,False
2021,Dutch Grand Prix,Race,ALO,12,676,0.0,675.0,0.0,77.44,77.44,0.0019022862027188447,4223.579784415166,4223.577882128963,0,0,0,0,675,0.11399999999999899,0.21400000000000324,0.22000000000000597,False
2021,Dutch Grand Prix,Race,BOT,13,661,0.0,660.0,0.0,75.509,75.509,0.002391826824794663,4220.284719735601,4220.282327908777,0,0,0,0,660,0.11399999999999721,0.2140000000000022,0.22000000000001307,False
2021,Dutch Grand Prix,Race,GAS,12,667,0.0,666.0,0.0,76.491,76.491,0.0030581602847401315,4228.854690791381,4228.8516326310955,0,0,0,0,666,0.11400000000000077,0.21400000000000174,0.22000000000000597,False
2021,Dutch Grand Prix,Race,GIO,12,682,0.0,681.0,0.0,77.988,77.988,0.044442391126761294,4225.457290290011,4225.412847898884,0,0,0,0,681,0.11399999999999988,0.21400000000000574,0.22000000000000597,False
2021,Dutch Grand Prix,Race,HAM,13,658,0.0,657.0,0.0,75.109,75.109,0.03752079904322736,4224.74915379628,4224.711632997237,0,0,0,0,657,0.11399999999999721,0.21400000000000077,0.22000000000000597,False
2021,Dutch Grand Prix,Race,KUB,12,682,0.0,681.0,0.0,77.996,77.996,0.02401533074595341,4226.707126619868,4226.683111289122,0,0,0,0,681,0.11400000000000077,0.2140000000000022,0.22000000000000597,False
2021,Dutch Grand Prix,Race,LAT,12,687,0.0,686.0,0.0,78.552,78.552,0.019988474275832502,4229.471948652817,4229.451960178541,0,0,0,0,686,0.11400000000000077,0.2140000000000003,0.22000000000000597,False
2021,Dutch Grand Prix,Race,LEC,12,667,0.0,666.0,0.0,76.33,76.33,0.10274085508439068,4232.438908729419,4232.336167874335,0,0,0,0,666,0.11399999999999993,0.2140000000000004,0.22000000000001307,False
2021,Dutch Grand Prix,Race,MAZ,7,684,0.0,683.0,0.0,78.251,78.251,0.03970850858876096,4219.539430879489,4219.499722370901,0,0,0,0,683,0.11499999999999999,0.2150000000000034,0.22000000000000597,False
2021,Dutch Grand Prix,Race,MSC,12,681,0.0,680.0,0.0,77.855,77.855,-0.0012191128053295442,4241.444680848372,4241.445899961177,0,0,0,0,680,0.11399999999999721,0.2140000000000004,0.22000000000001307,False
2021,Dutch Grand Prix,Race,NOR,12,683,0.0,682.0,0.0,78.15,78.15,0.012880598138056865,4226.301609132599,4226.2887285344605,0,0,0,0,682,0.11400000000000077,0.21399999999999952,0.22000000000001307,False
2021,Dutch Grand Prix,Race,OCO,12,679,0.0,678.0,0.0,77.684,77.684,-0.005700222172569713,4224.0595391922025,4224.065239414375,0,0,0,0,678,0.11399999999999995,0.2140000000000004,0.22000000000000597,False
2021,Dutch Grand Prix,Race,PER,12,658,0.0,657.0,0.0,75.18,75.18,-0.013188637034825867,4235.551974317346,4235.565162954381,0,0,0,0,657,0.11400000000000077,0.2139999999999988,0.22000000000000597,False
2021,Dutch Grand Prix,Race,RIC,12,679,0.0,678.0,0.0,77.64,77.64,0.038109630199900164,4231.410600279552,4231.372490649353,0,0,0,0,678,0.11399999999999999,0.2140000000000004,0.22000000000000597,False
2021,Dutch Grand Prix,Race,RUS,12,682,0.0,681.0,0.0,78.022,78.022,0.028282535552374366,4218.919434020297,4218.891151484744,0,0,0,0,681,0.11400000000000077,0.2140000000000004,0.22000000000001307,False
2021,Dutch Grand Prix,Race,SAI,12,671,0.0,670.0,0.0,76.796,76.796,0.11557449782605866,4238.922502073046,4238.8069275752205,0,0,0,0,670,0.11399999999999993,0.2140000000000004,0.22000000000001307,False
2021,Dutch Grand Prix,Race,STR,12,683,0.0,682.0,0.0,78.202,78.202,-0.0037776300666507723,4217.71530206875,4217.719079698817,0,0,0,0,682,0.11399999999999944,0.2140000000000021,0.22000000000001307,False
2021,Dutch Grand Prix,Race,TSU,9,686,0.0,685.0,0.0,78.538,78.538,0.014287091035060984,4219.595368147318,4219.581081056283,0,0,0,0,685,0.11499999999999488,0.2150000000000034,0.22100000000000009,False
2021,Dutch Grand Prix,Race,VER,13,656,0.0,655.0,0.0,75.062,75.062,0.015809838634825768,4229.828907823798,4229.813097985163,0,0,0,0,655,0.11399999999999721,0.2140000000000004,0.22000000000000597,False
2021,Dutch Grand Prix,Race,VET,12,669,0.0,668.0,0.0,76.404,76.404,0.0024778689140080717,4239.10265303826,4239.100175169346,0,0,0,0,668,0.11399999999999944,0.21400000000000025,0.22000000000000242,False
2021,Emilia Romagna Grand Prix,Race,ALO,11,831,0.0,830.0,0.0,95.079,95.079,0.0582146274985047,4895.304498343852,4895.246283716354,0,0,0,0,830,0.11599999999999977,0.21699999999999875,0.22000000000001307,False
2021,Emilia Romagna Grand Prix,Race,BOT,6,1117,0.0,1116.0,0.0,127.949,127.949,0.32315453616274253,4879.132089515987,4878.808934979825,0,0,0,0,1116,0.117999999999995,0.21800000000000352,0.22000000000000597,False
2021,Emilia Romagna Grand Prix,Race,GAS,11,863,0.0,862.0,0.0,98.77,98.77,0.03257408456053784,4878.395539532672,4878.362965448112,0,0,0,0,862,0.11599999999999966,0.21699999999999875,0.22000000000001307,False
2021,Emilia Romagna Grand Prix,Race,GIO,11,849,0.0,848.0,0.0,97.105,97.105,-0.00017261740237011804,4910.27598188048,4910.276154497882,0,0,0,0,848,0.11600000000000188,0.21699999999999875,0.22000000000001307,False
2021,Emilia Romagna Grand Prix,Race,HAM,11,775,0.0,774.0,0.0,88.724,88.724,0.1125809758313393,4890.317692464865,4890.205111489034,0,0,0,0,774,0.11600000000000144,0.21700000000000114,0.22000000000000242,False
2021,Emilia Romagna Grand Prix,Race,LAT,1,837,0.0,836.0,0.0,97.814,97.814,-0.02856127878226276,3287.7721281328113,3287.8006894115933,0,0,0,0,836,0.11999999999999389,0.21999999999999886,0.22000000000001307,False
2021,Emilia Romagna Grand Prix,Race,LEC,11,792,0.0,791.0,0.0,90.706,90.706,-0.008810937896938764,4890.5962830297885,4890.605093967685,0,0,0,0,791,0.11599999999999966,0.21699999999999875,0.22000000000000597,False
2021,Emilia Romagna Grand Prix,Race,MAZ,11,890,0.0,889.0,0.0,101.711,101.711,0.051530086562451505,4896.840288136506,4896.788758049944,0,0,0,0,889,0.1160000000000001,0.21699999999999875,0.22000000000001307,False
2021,Emilia Romagna Grand Prix,Race,MSC,11,830,0.0,829.0,0.0,94.933,94.933,0.13447474747029942,4898.446882711173,4898.312407963703,0,0,0,0,829,0.1160000000000001,0.21699999999999875,0.22000000000001307,False
2021,Emilia Romagna Grand Prix,Race,NOR,11,814,0.0,813.0,0.0,92.971,92.971,0.09186294650538196,4879.097680870143,4879.0058179236385,0,0,0,0,813,0.11599999999999966,0.21699999999999875,0.22000000000000597,False
2021,Emilia Romagna Grand Prix,Race,OCO,11,836,0.0,835.0,0.0,95.556,95.556,0.06967606561917172,4884.7159082779945,4884.646232212375,0,0,0,0,835,0.11599999999999966,0.21699999999999875,0.22000000000001307,False
2021,Emilia Romagna Grand Prix,Race,PER,11,801,0.0,800.0,0.0,91.563,91.563,0.0613982129449957,4885.243556461813,4885.182158248867,0,0,0,0,800,0.11599999999999966,0.21699999999999967,0.22000000000001307,False
2021,Emilia Romagna Grand Prix,Race,RAI,11,854,0.0,853.0,0.0,97.682,97.682,0.1990989628606115,4881.543476089941,4881.34437712708,0,0,0,0,853,0.11599999999999999,0.21699999999999875,0.22000000000000597,False
2021,Emilia Romagna Grand Prix,Race,RIC,11,814,0.0,813.0,0.0,93.1,93.1,0.12183225088994137,4882.818693140284,4882.696860889394,0,0,0,0,813,0.11599999999999966,0.2169999999999991,0.22000000000001307,False
2021,Emilia Romagna Grand Prix,Race,RUS,6,1106,0.0,1105.0,0.0,126.591,126.591,0.08408497764769718,4891.2342741204275,4891.15018914278,0,0,0,0,1105,0.117999999999995,0.21800000000000352,0.22000000000001307,False
2021,Emilia Romagna Grand Prix,Race,SAI,11,794,0.0,793.0,0.0,90.757,90.757,0.11089827793140888,4894.654330103935,4894.543431826003,0,0,0,0,793,0.11599999999999966,0.21699999999999875,0.22000000000001307,False
2021,Emilia Romagna Grand Prix,Race,STR,11,832,0.0,831.0,0.0,95.223,95.223,0.02498550214066253,4890.199248597492,4890.174263095352,0,0,0,0,831,0.11599999999999966,0.21699999999999875,0.22000000000001307,False
2021,Emilia Romagna Grand Prix,Race,TSU,11,842,0.0,841.0,0.0,96.254,96.254,0.012148178518772257,4894.750446241031,4894.738298062512,0,0,0,0,841,0.11600000000000055,0.21699999999999875,0.22000000000001307,False
2021,Emilia Romagna Grand Prix,Race,VER,11,778,0.0,777.0,0.0,89.168,89.168,0.006816775298955857,4882.735019953818,4882.728203178519,0,0,0,0,777,0.11699999999999733,0.21700000000000053,0.22000000000000242,False
2021,Emilia Romagna Grand Prix,Race,VET,11,833,0.0,832.0,0.0,95.3,95.3,0.053268256941900516,4876.725895376502,4876.67262711956,0,0,0,0,832,0.11600000000000166,0.21699999999999875,0.22000000000000597,False
2021,French Grand Prix,Race,ALO,9,877,0.0,876.0,0.0,100.544,100.544,0.0868175969999795,5762.623341764028,5762.536524167028,0,0,0,0,876,0.11299999999999966,0.21500000000000075,0.22000000000001307,False
2021,French Grand Prix,Race,BOT,9,866,0.0,865.0,0.0,99.264,99.264,0.013557855865353297,5765.606924605823,5765.593366749958,0,0,0,0,865,0.11300000000000132,0.21499999999999914,0.22000000000000597,False
2021,French Grand Prix,Race,GAS,9,878,0.0,877.0,0.0,100.68,100.68,0.050567998696853245,5763.8720617562685,5763.821493757571,0,0,0,0,877,0.11300000000000665,0.2149999999999999,0.22000000000001307,False
2021,French Grand Prix,Race,GIO,9,880,0.0,879.0,0.0,100.844,100.844,0.13833379935450374,5769.054114941846,5768.915781142491,0,0,0,0,879,0.11300000000000665,0.21499999999999986,0.22000000000001307,False
2021,French Grand Prix,Race,HAM,9,867,0.0,866.0,0.0,99.268,99.268,0.23937515153142597,5761.991096086549,5761.751720935018,0,0,0,0,866,0.11300000000000487,0.21500000000000252,0.22000000000000597,False
2021,French Grand Prix,Race,LAT,9,882,0.0,881.0,0.0,101.096,101.096,-0.02725757877935323,5759.476444994556,5759.503702573335,0,0,0,0,881,0.1130000000000031,0.2150000000000034,0.22000000000001307,False
2021,French Grand Prix,Race,LEC,9,877,0.0,876.0,0.0,100.515,100.515,0.11415883797544957,5758.269188223577,5758.155029385602,0,0,0,0,876,0.11300000000000021,0.2150000000000034,0.22000000000001307,False
2021,French Grand Prix,Race,MAZ,9,884,0.0,883.0,0.0,101.289,101.289,0.1239224501805779,5769.216501188511,5769.09257873833,0,0,0,0,883,0.11299999999999955,0.2149999999999963,0.22000000000000597,False
2021,French Grand Prix,Race,MSC,9,882,0.0,881.0,0.0,101.098,101.098,-0.02123924353654344,5730.993412974389,5731.014652217926,0,0,0,0,881,0.11300000000000132,0.21499999999999986,0.22000000000001307,False
2021,French Grand Prix,Race,NOR,9,876,0.0,875.0,0.0,100.358,100.358,0.02615867579141451,5763.672893456182,5763.64673478039,0,0,0,0,875,0.11299999999999999,0.21499999999999986,0.22000000000000597,False
2021,French Grand Prix,Race,OCO,9,879,0.0,878.0,0.0,100.751,100.751,-0.04298872235987136,5770.966547025601,5771.009535747961,0,0,0,0,878,0.11299999999999999,0.21500000000000039,0.22000000000001307,False
2021,French Grand Prix,Race,PER,9,867,0.0,866.0,0.0,99.305,99.305,0.010485168367170644,5758.428414086658,5758.417928918291,0,0,0,0,866,0.11300000000000088,0.21500000000000252,0.22000000000001307,False
2021,French Grand Prix,Race,RAI,9,890,0.0,889.0,0.0,102.03,102.03,0.01572159727748268,5768.305354471596,5768.289632874318,0,0,0,0,889,0.11300000000000132,0.215000000000002,0.22000000000001307,False
2021,French Grand Prix,Race,RIC,9,879,0.0,878.0,0.0,100.741,100.741,0.11582907799853981,5753.094061618399,5752.9782325404,0,0,0,0,878,0.11300000000000332,0.21500000000000039,0.22000000000000597,False
2021,French Grand Prix,Race,RUS,9,882,0.0,881.0,0.0,101.095,101.095,0.01785446779273725,5759.544992062605,5759.527137594812,0,0,0,0,881,0.1130000000000031,0.2150000000000034,0.22000000000000597,False
2021,French Grand Prix,Race,SAI,9,880,0.0,879.0,0.0,100.779,100.779,0.014560594889867717,5765.2652500322965,5765.250689437406,0,0,0,0,879,0.11300000000000043,0.21499999999999986,0.22000000000001307,False
2021,French Grand Prix,Race,STR,9,877,0.0,876.0,0.0,100.492,100.492,-0.02923134362744939,5754.223721009917,5754.252952353545,0,0,0,0,876,0.11299999999999977,0.21500000000000075,0.22000000000001307,False
2021,French Grand Prix,Race,TSU,9,882,0.0,881.0,0.0,101.195,101.195,0.02951471043109888,5755.433624516056,5755.404109805625,0,0,0,0,881,0.11300000000000132,0.21499999999999986,0.22000000000001307,False
2021,French Grand Prix,Race,VER,9,865,0.0,864.0,0.0,99.122,99.122,0.22213576647091693,5765.660436834683,5765.438301068212,0,0,0,0,864,0.11300000000000088,0.21499999999999933,0.22000000000001307,False
2021,French Grand Prix,Race,VET,9,878,0.0,877.0,0.0,100.571,100.571,-0.0026711295199812746,5753.2640857715205,5753.266756901041,0,0,0,0,877,0.11299999999999999,0.2150000000000034,0.22000000000000597,False
2021,Hungarian Grand Prix,Race,ALO,12,744,0.0,743.0,0.0,85.071,85.071,0.16110317553216935,4338.65211266782,4338.491009492288,0,0,0,0,743,0.11000000000000298,0.2110000000000003,0.22000000000000597,False
2021,Hungarian Grand Prix,Race,BOT,1,1033,0.0,1032.0,0.0,118.274,118.274,-0.005821456855959672,667.8742034132982,667.8800248701542,0,0,0,0,1032,0.11650000000000205,0.2170000000000023,0.22000000000001307,False
2021,Hungarian Grand Prix,Race,GAS,12,748,0.0,747.0,0.0,85.555,85.555,0.2207593253089345,4344.376692462414,4344.155933137105,0,0,0,0,747,0.11000000000000298,0.21099999999999852,0.22000000000000597,False
2021,Hungarian Grand Prix,Race,GIO,12,962,0.0,961.0,0.0,110.025,110.025,-0.03981294907198158,4349.680919116965,4349.720732066037,0,0,0,0,961,0.11000000000000654,0.2110000000000003,0.22000000000001307,False
2021,Hungarian Grand Prix,Race,HAM,12,748,0.0,747.0,0.0,85.421,85.421,0.1281979391169208,4349.802432975244,4349.674235036127,0,0,0,0,747,0.11000000000000654,0.21100000000000155,0.22000000000001307,False
2021,Hungarian Grand Prix,Race,LAT,12,738,0.0,737.0,0.0,84.543,84.543,-0.009030653847505565,4338.679396791156,4338.688427445004,0,0,0,0,737,0.11000000000000121,0.21100000000000135,0.22000000000001307,False
2021,Hungarian Grand Prix,Race,LEC,1,1033,0.0,1032.0,0.0,118.274,118.274,-0.011599513154915857,1143.8315396689238,1143.8431391820786,0,0,0,0,1032,0.11650000000000205,0.2170000000000023,0.22000000000001307,False
2021,Hungarian Grand Prix,Race,MAZ,1,1205,0.0,1204.0,0.0,138.101,138.101,-0.010702527990104597,4447.625810941059,4447.6365134690495,0,0,0,0,1204,0.11600000000001387,0.2170000000000023,0.22000000000001307,False
2021,Hungarian Grand Prix,Race,MSC,12,746,0.0,745.0,0.0,85.395,85.395,0.006154630642655701,4336.352227049441,4336.346072418799,0,0,0,0,745,0.11000000000000121,0.21099999999999852,0.22000000000001307,False
2021,Hungarian Grand Prix,Race,NOR,1,1245,0.0,1244.0,0.0,142.598,142.598,-0.012936973521558447,4354.821345728597,4354.834282702119,0,0,0,0,1244,0.11600000000001387,0.2170000000000023,0.22000000000001307,False
2021,Hungarian Grand Prix,Race,OCO,12,735,0.0,734.0,0.0,83.907,83.907,0.14876891962788497,4347.278264210308,4347.12949529068,0,0,0,0,734,0.11000000000000476,0.2110000000000003,0.22000000000001307,False
2021,Hungarian Grand Prix,Race,PER,1,1033,0.0,1032.0,0.0,118.274,118.274,-0.018901858656943132,3441.661722487068,3441.680624345725,0,0,0,0,1032,0.11650000000000205,0.2170000000000023,0.22000000000001307,False
2021,Hungarian Grand Prix,Race,RAI,12,744,0.0,743.0,0.0,85.162,85.162,0.21134476139709335,4329.333061937017,4329.12171717562,0,0,0,0,743,0.11000000000000121,0.21099999999999852,0.22000000000000597,False
2021,Hungarian Grand Prix,Race,RIC,12,746,0.0,745.0,0.0,85.18,85.18,0.25312866667962064,4329.139183088541,4328.886054421861,0,0,0,0,745,0.11000000000000032,0.21099999999999977,0.22000000000001307,False
2021,Hungarian Grand Prix,Race,RUS,12,744,0.0,743.0,0.0,85.096,85.096,0.12719200290772736,4324.634191817195,4324.506999814287,0,0,0,0,743,0.11000000000000654,0.21099999999999933,0.22000000000001307,False
2021,Hungarian Grand Prix,Race,SAI,12,740,0.0,739.0,0.0,84.723,84.723,0.015797899825493955,4333.742275762182,4333.726477862356,0,0,0,0,739,0.11000000000000654,0.21100000000000207,0.22000000000001307,False
2021,Hungarian Grand Prix,Race,STR,1,1033,0.0,1032.0,0.0,118.274,118.274,-0.015517798496228164,1227.7899060669588,1227.805423865455,0,0,0,0,1032,0.11650000000000205,0.2170000000000023,0.22000000000001307,False
2021,Hungarian Grand Prix,Race,TSU,12,739,0.0,738.0,0.0,84.576,84.576,0.019274978819239896,4376.533141182501,4376.513866203682,0,0,0,0,738,0.11000000000000032,0.2109999999999999,0.22000000000000597,False
2021,Hungarian Grand Prix,Race,VER,12,747,0.0,746.0,0.0,85.469,85.469,0.011755816584327484,4331.670885737765,4331.659129921181,0,0,0,0,746,0.11000000000000654,0.21099999999999985,0.22000000000001307,False
2021,Hungarian Grand Prix,Race,VET,12,732,0.0,731.0,0.0,83.827,83.827,0.007982041582655863,4325.388436834891,4325.380454793308,0,0,0,0,731,0.11000000000001364,0.21100000000000013,0.22000000000001307,False
2021,Italian Grand Prix,Race,ALO,9,769,0.0,768.0,0.0,87.84,87.84,0.1306728533818804,5741.91917626386,5741.788503410478,0,0,0,0,768,0.1144999999999996,0.2150000000000034,0.22000000000001307,False
2021,Italian Grand Prix,Race,BOT,9,761,0.0,760.0,0.0,86.988,86.988,-0.0009267607649077192,5746.745246332956,5746.746173093721,0,0,0,0,760,0.11499999999999488,0.2150000000000034,0.22000000000001307,False
2021,Italian Grand Prix,Race,GAS,1,1069,0.0,1068.0,0.0,122.313,122.313,-0.033014219428081644,5442.618694636971,5442.651708856399,0,0,0,0,1068,0.11699999999999733,0.21699999999999933,0.22000000000001307,False
2021,Italian Grand Prix,Race,GIO,9,761,0.0,760.0,0.0,87.091,87.091,0.12202248529825077,5759.220061232596,5759.098038747297,0,0,0,0,760,0.11499999999999488,0.2150000000000034,0.22000000000001307,False
2021,Italian Grand Prix,Race,HAM,5,752,0.0,751.0,0.0,86.026,86.026,0.016965227004411054,5753.047045432888,5753.030080205884,0,0,0,0,751,0.11599999999999966,0.21600000000000108,0.22000000000000597,False
2021,Italian Grand Prix,Race,KUB,9,770,0.0,769.0,0.0,88.044,88.044,0.13580284550615795,5750.396622542419,5750.260819696913,0,0,0,0,769,0.11499999999999488,0.2150000000000034,0.22000000000001307,False
2021,Italian Grand Prix,Race,LAT,9,764,0.0,763.0,0.0,87.411,87.411,0.0011781567370583446,5738.738412022402,5738.737233865665,0,0,0,0,763,0.11499999999999488,0.2150000000000034,0.22000000000001307,False
2021,Italian Grand Prix,Race,LEC,9,757,0.0,756.0,0.0,86.506,86.506,0.024464208302840795,5755.001565609761,5754.977101401459,0,0,0,0,756,0.11499999999999488,0.2150000000000034,0.22000000000001307,False
2021,Italian Grand Prix,Race,MAZ,8,774,0.0,773.0,0.0,88.626,88.626,0.08872446950510726,5756.536363053975,5756.44763858447,0,0,0,0,773,0.11500000000000021,0.2150000000000034,0.22000000000001307,False
2021,Italian Grand Prix,Race,MSC,9,774,0.0,773.0,0.0,88.453,88.453,-0.01690624198120183,5764.09937623089,5764.116282472871,0,0,0,0,773,0.11499999999999488,0.2150000000000034,0.22000000000000597,False
2021,Italian Grand Prix,Race,NOR,9,758,0.0,757.0,0.0,86.548,86.548,0.04568432832111391,5739.235762455605,5739.190078127284,0,0,0,0,757,0.11499999999999488,0.2150000000000034,0.22000000000000597,False
2021,Italian Grand Prix,Race,OCO,9,765,0.0,764.0,0.0,87.525,87.525,0.011331534682143207,5745.842615215199,5745.831283680516,0,0,0,0,764,0.11499999999999488,0.2150000000000034,0.22000000000001307,False
2021,Italian Grand Prix,Race,PER,9,766,0.0,765.0,0.0,87.595,87.595,0.04599658735206846,5752.510925814294,5752.464929226941,0,0,0,0,765,0.11499999999999488,0.2150000000000034,0.22000000000001307,False
2021,Italian Grand Prix,Race,RIC,9,757,0.0,756.0,0.0,86.44,86.44,0.11844577240852361,5745.820480280629,5745.702034508221,0,0,0,0,756,0.11499999999999488,0.2150000000000034,0.22000000000001307,False
2021,Italian Grand Prix,Race,RUS,9,767,0.0,766.0,0.0,87.794,87.794,0.08008445564064415,5742.122534346749,5742.042449891108,0,0,0,0,766,0.11499999999999488,0.2150000000000034,0.22000000000000597,False
2021,Italian Grand Prix,Race,SAI,9,784,0.0,783.0,0.0,89.642,89.642,0.03434148950039817,5755.753404962513,5755.719063473012,0,0,0,0,783,0.11499999999999488,0.2150000000000034,0.22000000000001307,False
2021,Italian Grand Prix,Race,STR,9,766,0.0,765.0,0.0,87.566,87.566,0.05751599777800109,5748.702372611719,5748.644856613941,0,0,0,0,765,0.11499999999999488,0.2150000000000034,0.22000000000000597,False
2021,Italian Grand Prix,Race,TSU,1,855,0.0,854.0,0.0,97.798,97.798,0.0,0.0,0.0,0,0,0,0,854,0.11699999999999733,0.21700000000000025,0.22000000000000597,False
2021,Italian Grand Prix,Race,VER,5,755,0.0,754.0,0.0,86.377,86.377,0.007119896175404206,5753.042874222026,5753.035754325851,0,0,0,0,754,0.11599999999999966,0.21600000000000108,0.22000000000000597,False
2021,Italian Grand Prix,Race,VET,9,778,0.0,777.0,0.0,88.995,88.995,0.01828244783832833,5756.189208452945,5756.1709260051075,0,0,0,0,777,0.11499999999999488,0.2150000000000034,0.22000000000000597,False
2021,Mexico City Grand Prix,Race,ALO,12,726,0.0,725.0,0.0,83.128,83.128,0.28803647242755337,4248.452677943819,4248.164641471391,0,0,0,0,725,0.11499999999999488,0.2150000000000027,0.22000000000000597,False
2021,Mexico City Grand Prix,Race,BOT,12,735,0.0,734.0,0.0,84.191,84.191,0.039513915135515276,4239.286492160533,4239.246978245398,0,0,0,0,734,0.11499999999999488,0.2150000000000034,0.22000000000000597,False
2021,Mexico City Grand Prix,Race,GAS,12,719,0.0,718.0,0.0,82.282,82.282,0.2051296695411165,4244.725593884296,4244.5204642147555,0,0,0,0,718,0.1144999999999996,0.2150000000000034,0.22000000000000597,False
2021,Mexico City Grand Prix,Race,GIO,12,725,0.0,724.0,0.0,83.012,83.012,0.030183115288077045,4239.168080933867,4239.1378978185785,0,0,0,0,724,0.11499999999999666,0.2150000000000034,0.22000000000000597,False
2021,Mexico City Grand Prix,Race,HAM,12,710,0.0,709.0,0.0,81.261,81.261,0.21667545611663863,4245.608014367736,4245.39133891162,0,0,0,0,709,0.11400000000000432,0.21499999999999844,0.22000000000000597,False
2021,Mexico City Grand Prix,Race,LAT,12,898,0.0,897.0,0.0,102.777,102.777,0.019186579316584462,4267.970375192431,4267.951188613114,0,0,0,0,897,0.11499999999999488,0.2150000000000034,0.22000000000000597,False
2021,Mexico City Grand Prix,Race,LEC,12,719,0.0,718.0,0.0,82.288,82.288,0.016436690279513666,4246.405145552601,4246.388708862322,0,0,0,0,718,0.11499999999999488,0.2150000000000034,0.22000000000001307,False
2021,Mexico City Grand Prix,Race,MAZ,12,762,0.0,761.0,0.0,87.389,87.389,0.22028488877019994,4240.754061127804,4240.533776239034,0,0,0,0,761,0.11499999999999488,0.2150000000000034,0.22000000000001307,False
2021,Mexico City Grand Prix,Race,MSC,1,918,0.0,917.0,0.0,104.984,104.984,-0.015105575344903116,1554.5625627067284,1554.5776682820733,0,0,0,0,917,0.11199999999999477,0.2120000000000033,0.22000000000001307,False
2021,Mexico City Grand Prix,Race,NOR,12,729,0.0,728.0,0.0,83.464,83.464,0.11646525383358863,4234.051553750415,4233.935088496582,0,0,0,0,728,0.11499999999999488,0.2150000000000034,0.22000000000001307,False
2021,Mexico City Grand Prix,Race,OCO,12,738,0.0,737.0,0.0,84.551,84.551,0.42080808655208735,4246.358596375715,4245.937788289163,0,0,0,0,737,0.11499999999999844,0.2150000000000034,0.22000000000000597,False
2021,Mexico City Grand Prix,Race,PER,12,712,0.0,711.0,0.0,81.464,81.464,0.005824069944715158,4245.743205578075,4245.73738150813,0,0,0,0,711,0.11400000000000432,0.21499999999999986,0.22000000000001307,False
2021,Mexico City Grand Prix,Race,RAI,12,727,0.0,726.0,0.0,83.179,83.179,0.05249312040079812,4237.564570733125,4237.512077612724,0,0,0,0,726,0.11499999999999488,0.2150000000000034,0.22000000000000597,False
2021,Mexico City Grand Prix,Race,RIC,12,731,0.0,730.0,0.0,83.725,83.725,0.03499537325845864,4235.008339267771,4234.973343894512,0,0,0,0,730,0.11499999999999488,0.2150000000000034,0.22000000000001307,False
2021,Mexico City Grand Prix,Race,RUS,12,731,0.0,730.0,0.0,83.775,83.775,0.21194467534893846,4245.886386022378,4245.67444134703,0,0,0,0,730,0.11499999999999666,0.2150000000000034,0.22000000000001307,False
2021,Mexico City Grand Prix,Race,SAI,12,721,0.0,720.0,0.0,82.513,82.513,0.07780319628536508,4246.545117321599,4246.467314125313,0,0,0,0,720,0.11499999999999666,0.2150000000000034,0.22000000000001307,False
2021,Mexico City Grand Prix,Race,STR,12,768,0.0,767.0,0.0,87.984,87.984,0.09910370662559309,4221.907451686006,4221.80834797938,0,0,0,0,767,0.11499999999999844,0.2150000000000034,0.22000000000000597,False
2021,Mexico City Grand Prix,Race,TSU,1,918,0.0,917.0,0.0,104.984,104.984,-0.014687382356078287,1189.1032930753545,1189.1179804577105,0,0,0,0,917,0.11199999999999477,0.2120000000000033,0.22000000000001307,False
2021,Mexico City Grand Prix,Race,VER,12,709,0.0,708.0,0.0,81.014,81.014,0.20728082517077695,4246.189506101497,4245.982225276326,0,0,0,0,708,0.11400000000000432,0.2149999999999986,0.22000000000000597,False
2021,Mexico City Grand Prix,Race,VET,12,726,0.0,725.0,0.0,83.113,83.113,0.09476108608511295,4236.536561802569,4236.441800716484,0,0,0,0,725,0.11499999999999488,0.2150000000000034,0.22000000000000597,False
2021,Monaco Grand Prix,Race,ALO,13,680,0.0,679.0,0.0,77.807,77.807,0.1234776594905389,3278.953897117322,3278.8304194578313,0,0,0,0,679,0.11199999999999477,0.2120000000000033,0.22000000000001307,False
2021,Monaco Grand Prix,Race,BOT,6,672,0.0,671.0,0.0,76.863,76.863,0.007341783859649564,3280.9548913049216,3280.947549521062,0,0,0,0,671,0.10999999999999943,0.21000000000000796,0.22000000000001307,False
2021,Monaco Grand Prix,Race,GAS,14,668,0.0,667.0,0.0,76.331,76.331,-0.01851471936706317,3288.0644500190583,3288.0829647384253,0,0,0,0,667,0.1120000000000001,0.2119999999999999,0.22000000000000597,False
2021,Monaco Grand Prix,Race,GIO,13,675,0.0,674.0,0.0,77.175,77.175,0.15114803641945462,3289.7737987895016,3289.6226507530823,0,0,0,0,674,0.11199999999999477,0.2120000000000033,0.22000000000000597,False
2021,Monaco Grand Prix,Race,HAM,14,670,0.0,669.0,0.0,76.555,76.555,0.0038679845166465707,3283.4222423187884,3283.418374334272,0,0,0,0,669,0.11199999999999832,0.21199999999999974,0.22000000000000242,False
2021,Monaco Grand Prix,Race,LAT,13,690,0.0,689.0,0.0,78.998,78.998,0.08769376161017206,3278.119417006407,3278.0317232447965,0,0,0,0,689,0.11199999999999477,0.2120000000000033,0.22000000000000242,False
2021,Monaco Grand Prix,Race,LEC,1,717,0.0,716.0,0.0,82.123,82.123,0.0,0.0,0.0,0,0,0,0,716,0.1109999999999971,0.21100000000000296,0.22000000000001307,False
2021,Monaco Grand Prix,Race,MAZ,13,693,0.0,692.0,0.0,79.287,79.287,0.24265924764893804,3286.174204285171,3285.931545037522,0,0,0,0,692,0.1120000000000001,0.2120000000000033,0.22000000000000597,False
2021,Monaco Grand Prix,Race,MSC,13,690,0.0,689.0,0.0,78.992,78.992,0.05542011148457984,3280.9444406768507,3280.889020565366,0,0,0,0,689,0.11199999999999832,0.2120000000000033,0.22000000000000597,False
2021,Monaco Grand Prix,Race,NOR,14,668,0.0,667.0,0.0,76.302,76.302,0.17105569156354927,3281.673975774438,3281.5029200828744,0,0,0,0,667,0.11199999999999832,0.21199999999999974,0.22000000000000242,False
2021,Monaco Grand Prix,Race,OCO,13,676,0.0,675.0,0.0,77.253,77.253,0.048251291700943,3279.3174716289195,3279.2692203372185,0,0,0,0,675,0.11199999999999477,0.2120000000000033,0.22000000000001307,False
2021,Monaco Grand Prix,Race,PER,14,670,0.0,669.0,0.0,76.42,76.42,0.10849216191568556,3277.5099711165667,3277.401478954651,0,0,0,0,669,0.11199999999999832,0.21200000000000013,0.22000000000001307,False
2021,Monaco Grand Prix,Race,RAI,13,676,0.0,675.0,0.0,77.445,77.445,0.010218220132621327,3284.215341862497,3284.2051236423645,0,0,0,0,675,0.11199999999999477,0.2120000000000033,0.22000000000000597,False
2021,Monaco Grand Prix,Race,RIC,13,679,0.0,678.0,0.0,77.624,77.624,0.1300338510519765,3274.5176947720693,3274.3876609210174,0,0,0,0,678,0.11199999999999477,0.2120000000000033,0.22000000000000597,False
2021,Monaco Grand Prix,Race,RUS,13,686,0.0,685.0,0.0,78.641,78.641,0.06069645156580927,3278.3373808069464,3278.2766843553804,0,0,0,0,685,0.11199999999999477,0.2120000000000033,0.22000000000000597,False
2021,Monaco Grand Prix,Race,SAI,14,664,0.0,663.0,0.0,75.926,75.926,0.04137010992004847,3281.7966939667995,3281.7553238568794,0,0,0,0,663,0.11199999999999832,0.2120000000000033,0.22000000000001307,False
2021,Monaco Grand Prix,Race,STR,13,675,0.0,674.0,0.0,77.3,77.3,0.018227113911370885,3272.6753464058706,3272.657119291959,0,0,0,0,674,0.11199999999999477,0.2120000000000033,0.22000000000000597,False
2021,Monaco Grand Prix,Race,TSU,13,685,0.0,684.0,0.0,78.49,78.49,0.013696473253292374,3279.0955249572717,3279.0818284840184,0,0,0,0,684,0.11199999999999477,0.2120000000000033,0.22000000000001307,False
2021,Monaco Grand Prix,Race,VER,14,667,0.0,666.0,0.0,76.305,76.305,0.18864305478079801,3289.296036151474,3289.107393096693,0,0,0,0,666,0.11199999999999832,0.2120000000000033,0.22000000000000597,False
2021,Monaco Grand Prix,Race,VET,14,668,0.0,667.0,0.0,76.286,76.286,0.13919393772014121,3280.2042285095786,3280.0650345718586,0,0,0,0,667,0.11199999999999832,0.21200000000000235,0.22000000000001307,False
2021,Portuguese Grand Prix,Race,ALO,12,735,0.0,734.0,0.0,84.204,84.204,-0.0021314974889459493,4626.755538716246,4626.757670213735,0,0,0,0,734,0.11299999999999955,0.21399999999999864,0.22000000000000597,False
2021,Portuguese Grand Prix,Race,BOT,12,721,0.0,720.0,0.0,82.591,82.591,0.030431501788660737,4614.580461355554,4614.550029853765,0,0,0,0,720,0.11299999999999955,0.21399999999999864,0.22000000000000597,False
2021,Portuguese Grand Prix,Race,GAS,12,733,0.0,732.0,0.0,83.881,83.881,0.13160915864513578,4626.199741001723,4626.068131843078,0,0,0,0,732,0.11299999999999955,0.21399999999999864,0.22000000000000597,False
2021,Portuguese Grand Prix,Race,GIO,11,736,0.0,735.0,0.0,84.252,84.252,0.023749969230030032,4632.009147096112,4631.985397126882,0,0,0,0,735,0.11299999999999955,0.21299999999999572,0.22000000000001307,False
2021,Portuguese Grand Prix,Race,HAM,12,719,0.0,718.0,0.0,82.283,82.283,-0.017348189210673937,4622.561734698025,4622.579082887236,0,0,0,0,718,0.11299999999999955,0.21399999999999864,0.22000000000000597,False
2021,Portuguese Grand Prix,Race,LAT,11,745,0.0,744.0,0.0,85.093,85.093,0.07088243825197083,4631.7420099749015,4631.67112753665,0,0,0,0,744,0.11299999999999955,0.2128499999999953,0.22000000000000242,False
2021,Portuguese Grand Prix,Race,LEC,12,730,0.0,729.0,0.0,83.554,83.554,0.03561097008795189,4609.165873693204,4609.130262723116,0,0,0,0,729,0.11299999999999955,0.21399999999999864,0.22000000000000597,False
2022,Abu Dhabi Grand Prix,Race,ALB,10,697,0.0,696.0,0.0,92.55,92.55,0.0003541882652157713,5184.670003929778,5184.669649741513,0,0,0,0,696,0.12599999999999995,0.2799999999999976,0.7839999999999989,False
2022,Abu Dhabi Grand Prix,Race,ALO,5,705,0.0,704.0,0.0,91.638,91.638,0.012918505392336858,5200.956836746525,5200.943918241133,0,0,0,0,704,0.13299999999999557,0.25224999999999875,0.3999999999999915,False
2022,Abu Dhabi Grand Prix,Race,BOT,10,692,0.0,691.0,0.0,92.56,92.56,0.12594243371207625,5200.663935675145,5200.537993241433,0,0,0,0,691,0.12599999999999767,0.2779999999999969,0.784000000000006,False
2022,Abu Dhabi Grand Prix,Race,GAS,10,697,0.0,696.0,0.0,92.742,92.742,0.14683882868767562,5206.812174840904,5206.665336012216,0,0,0,0,696,0.12599999999999767,0.27999999999999536,0.7839999999999989,False
2022,Abu Dhabi Grand Prix,Race,HAM,10,688,0.0,687.0,0.0,92.115,92.115,0.08720839373122785,5198.708372554117,5198.621164160386,0,0,0,0,687,0.1259999999999999,0.28000000000000114,0.784000000000006,False
2022,Abu Dhabi Grand Prix,Race,LAT,10,701,0.0,700.0,0.0,93.913,93.913,-1.0994222785146515e-05,5207.619094835987,5207.61910583021,0,0,0,0,700,0.1260000000000021,0.2760000000000037,0.7839999999999989,False
2022,Abu Dhabi Grand Prix,Race,LEC,10,683,0.0,682.0,0.0,91.147,91.147,0.26431649686414205,5203.203239420888,5202.938922924024,0,0,0,0,682,0.12600000000000122,0.28000000000000114,0.784000000000006,False
2022,Abu Dhabi Grand Prix,Race,MAG,10,697,0.0,696.0,0.0,92.991,92.991,0.06956670631930129,5199.1186086251755,5199.049041918856,0,0,0,0,696,0.12599999999999767,0.27699999999999836,0.784000000000006,False
2022,Abu Dhabi Grand Prix,Race,MSC,10,698,0.0,697.0,0.0,92.732,92.732,0.22860873018943773,5214.406023756241,5214.177415026052,0,0,0,0,697,0.1259999999999999,0.28000000000000114,0.7839999999999989,False
2022,Abu Dhabi Grand Prix,Race,NOR,10,689,0.0,688.0,0.0,92.041,92.041,0.5501116669503812,5192.191512998315,5191.641401331365,0,0,0,0,688,0.1259999999999999,0.28000000000000114,0.784000000000006,False
2022,Abu Dhabi Grand Prix,Race,OCO,10,691,0.0,690.0,0.0,92.577,92.577,0.04857645037999836,5200.225450432451,5200.176873982071,0,0,0,0,690,0.126000000000003,0.28000000000000114,0.784000000000006,False
2022,Abu Dhabi Grand Prix,Race,PER,10,684,0.0,683.0,0.0,91.071,91.071,0.11554248303651238,5202.2670346573195,5202.151492174283,0,0,0,0,683,0.12600000000000122,0.28000000000000114,0.7839999999999918,False
2022,Abu Dhabi Grand Prix,Race,RIC,10,696,0.0,695.0,0.0,92.436,92.436,0.4765549329721011,5209.764265029904,5209.287710096932,0,0,0,0,695,0.12600000000000033,0.27999999999999836,0.784000000000006,False
2022,Abu Dhabi Grand Prix,Race,RUS,10,687,0.0,686.0,0.0,91.421,91.421,2.122803508240322,5194.251542102965,5192.128738594724,0,0,0,0,686,0.12600000000000122,0.28000000000000114,0.784000000000006,False
2022,Abu Dhabi Grand Prix,Race,SAI,10,685,0.0,684.0,0.0,91.075,91.075,0.012820524133512812,5208.473053627957,5208.460233103823,0,0,0,0,684,0.12599999999999945,0.28000000000000114,0.7839999999999918,False
2022,Abu Dhabi Grand Prix,Race,STR,10,693,0.0,692.0,0.0,92.588,92.588,0.018036060421083064,5196.798850261144,5196.780814200723,0,0,0,0,692,0.126000000000003,0.28000000000000064,0.784000000000006,False
2022,Abu Dhabi Grand Prix,Race,TSU,10,691,0.0,690.0,0.0,92.5,92.5,0.2433490771324588,5157.970849879867,5157.7275008027345,0,0,0,0,690,0.12600000000000122,0.28000000000000114,0.7839999999999918,False
2022,Abu Dhabi Grand Prix,Race,VER,10,681,0.0,680.0,0.0,90.621,90.621,0.3970775693863704,5196.547310684358,5196.150233114972,0,0,0,0,680,0.12600000000000122,0.28000000000000114,0.784000000000006,False
2022,Abu Dhabi Grand Prix,Race,VET,10,691,0.0,690.0,0.0,92.511,92.511,0.6701686211100321,5202.702300410156,5202.032131789046,0,0,0,0,690,0.12599999999999945,0.28000000000000114,0.7839999999999918,False
2022,Abu Dhabi Grand Prix,Race,ZHO,10,697,0.0,696.0,0.0,92.314,92.314,0.8832666750157929,5207.410633604124,5206.527366929108,0,0,0,0,696,0.1259999999999999,0.2799999999999955,0.7839999999999989,False
2022,Australian Grand Prix,Race,ALB,10,660,0.0,659.0,0.0,85.709,85.709,0.04566407641782666,5208.449593729027,5208.403929652609,0,0,0,0,659,0.12600000000000122,0.26699999999999624,0.36599999999999966,False
2022,Australian Grand Prix,Race,ALO,10,656,0.0,655.0,0.0,85.246,85.246,0.06817556658447721,5209.471917548961,5209.403741982376,0,0,0,0,655,0.12600000000000477,0.267,0.36599999999999966,False
2022,Australian Grand Prix,Race,BOT,10,658,0.0,657.0,0.0,85.239,85.239,0.050394281588821976,5214.747605592382,5214.697211310793,0,0,0,0,657,0.12600000000000477,0.2670000000000002,0.36599999999999966,False
2022,Australian Grand Prix,Race,GAS,10,657,0.0,656.0,0.0,85.297,85.297,0.0988564272805339,5228.464186548044,5228.365330120764,0,0,0,0,656,0.12600000000000477,0.2669999999999997,0.36599999999999966,False
2022,Australian Grand Prix,Race,HAM,10,667,0.0,666.0,0.0,86.606,86.606,0.016947773630402896,5228.176374001368,5228.159426227737,0,0,0,0,666,0.12600000000000477,0.26699999999999946,0.36599999999999966,False
2022,Australian Grand Prix,Race,LAT,10,661,0.0,660.0,0.0,85.891,85.891,0.05921440628608998,5202.289437138929,5202.230222732644,0,0,0,0,660,0.12600000000000477,0.26700000000000035,0.36599999999999966,False
2022,Australian Grand Prix,Race,LEC,10,642,0.0,641.0,0.0,83.36,83.36,0.24614176768414603,5221.359761187925,5221.113619420241,0,0,0,0,641,0.12600000000000477,0.27299999999999613,0.36599999999999966,False
2022,Australian Grand Prix,Race,MAG,10,657,0.0,656.0,0.0,85.36,85.36,0.011009895684846172,5214.915673521718,5214.904663626034,0,0,0,0,656,0.126999999999998,0.26700000000000024,0.36599999999999966,False
2022,Australian Grand Prix,Race,MSC,10,656,0.0,655.0,0.0,85.122,85.122,0.04741050865286367,5220.450688206159,5220.4032776975055,0,0,0,0,655,0.12700000000000067,0.26699999999999957,0.36599999999999966,False
2022,Australian Grand Prix,Race,NOR,10,655,0.0,654.0,0.0,85.106,85.106,0.26887657048219615,5210.164326974515,5209.895450404032,0,0,0,0,654,0.12600000000000477,0.2670000000000032,0.36599999999999966,False
2022,Australian Grand Prix,Race,OCO,10,657,0.0,656.0,0.0,85.172,85.172,0.03462229722085297,5214.68364423159,5214.649021934369,0,0,0,0,656,0.12650000000000006,0.26699999999999946,0.36599999999999966,False
2022,Australian Grand Prix,Race,PER,10,650,0.0,649.0,0.0,84.294,84.294,0.16856036973135513,5204.4347578660045,5204.266197496273,0,0,0,0,649,0.12600000000000477,0.26699999999999946,0.36599999999999966,False
2022,Australian Grand Prix,Race,RIC,10,655,0.0,654.0,0.0,85.005,85.005,0.34044031730232177,5216.718534162829,5216.378093845527,0,0,0,0,654,0.12600000000000122,0.26700000000000434,0.36600000000000676,False
2022,Australian Grand Prix,Race,RUS,10,654,0.0,653.0,0.0,85.177,85.177,0.05079132229445538,5212.453816873287,5212.403025550992,0,0,0,0,653,0.12600000000000477,0.2670000000000009,0.36599999999999966,False
2022,Australian Grand Prix,Race,SAI,1,742,0.0,741.0,0.0,99.367,99.367,-0.021939709761636044,5334.774328265232,5334.7962679749935,0,0,0,0,741,0.13599999999999923,0.28000000000000114,0.9759999999999991,False
2022,Australian Grand Prix,Race,STR,10,660,0.0,659.0,0.0,86.0,86.0,0.028337900866550747,5206.102728162218,5206.074390261351,0,0,0,0,659,0.12600000000000477,0.2670000000000006,0.36599999999999966,False
2022,Australian Grand Prix,Race,TSU,10,658,0.0,657.0,0.0,85.214,85.214,0.07012133558709942,5212.75273464523,5212.682613309643,0,0,0,0,657,0.12600000000000477,0.2670000000000005,0.36599999999999966,False
2022,Australian Grand Prix,Race,VER,7,637,0.0,636.0,0.0,84.167,84.167,0.0543137066600905,5215.726605505334,5215.672291798674,0,0,0,0,636,0.12599999999999767,0.276250000000001,0.6999999999999957,False
2022,Australian Grand Prix,Race,VET,4,1004,0.0,1003.0,0.0,132.726,132.726,0.19602881654069382,5223.599938812549,5223.403909996008,0,0,0,0,1003,0.134999999999998,0.2640000000000022,1.0050000000000097,False
2022,Australian Grand Prix,Race,ZHO,10,656,0.0,655.0,0.0,85.138,85.138,0.10760878841653976,5213.986999470508,5213.879390682091,0,0,0,0,655,0.1269999999999989,0.2670000000000003,0.36599999999999966,False
2022,Austrian Grand Prix,Race,ALB,12,657,0.0,656.0,0.0,88.945,88.945,7.603333874728335e-07,4285.317009526783,4285.31700876645,0,0,0,0,656,0.1389999999999958,0.28000000000000114,0.879999999999999,False
2022,Austrian Grand Prix,Race,ALO,12,542,0.0,541.0,0.0,72.782,72.782,0.3258789101533872,4277.394463274711,4277.068584364557,0,0,0,0,541,0.12100000000000932,0.28000000000000114,0.8800000000000026,False
2022,Austrian Grand Prix,Race,BOT,12,524,0.0,523.0,0.0,71.495,71.495,0.007182697406456162,4283.200814415289,4283.193631717882,0,0,0,0,523,0.12100000000000222,0.28000000000000114,0.88,False
2022,Austrian Grand Prix,Race,GAS,12,561,0.0,560.0,0.0,75.832,75.832,0.11387705671938386,4206.300831911113,4206.186954854394,0,0,0,0,560,0.12100000000000222,0.28000000000000114,0.8800000000000026,False
2022,Austrian Grand Prix,Race,HAM,12,530,0.0,529.0,0.0,71.786,71.786,0.13670798711718168,4284.806917367123,4284.670209380006,0,0,0,0,529,0.12100000000000044,0.28000000000000114,0.8800000000000026,False
2022,Austrian Grand Prix,Race,LAT,9,551,0.0,550.0,0.0,72.353,72.353,0.034389814897229115,4274.502533408463,4274.468143593565,0,0,0,0,550,0.12100000000000222,0.28000000000000114,0.7999999999999972,False
2022,Austrian Grand Prix,Race,LEC,12,525,0.0,524.0,0.0,70.461,70.461,0.19540929581571564,4282.861350045558,4282.665940749742,0,0,0,0,524,0.12100000000000222,0.27615000000000006,0.8800000000000026,False
2022,Austrian Grand Prix,Race,MAG,12,529,0.0,528.0,0.0,71.666,71.666,0.3405488021061851,4290.502099187327,4290.161550385221,0,0,0,0,528,0.12100000000000133,0.28000000000000114,0.8800000000000026,False
2022,Austrian Grand Prix,Race,MSC,12,529,0.0,528.0,0.0,71.709,71.709,0.04365151800644407,4288.21573556411,4288.172084046104,0,0,0,0,528,0.12099999999999955,0.28000000000000114,0.8800000000000026,False
2022,Austrian Grand Prix,Race,NOR,12,530,0.0,529.0,0.0,71.698,71.698,0.07130183361742981,4282.595747406,4282.524445572382,0,0,0,0,529,0.12100000000000044,0.2799999999999997,0.879999999999999,False
2022,Austrian Grand Prix,Race,OCO,12,527,0.0,526.0,0.0,71.404,71.404,0.0567531106123047,4297.915186091287,4297.8584329806745,0,0,0,0,526,0.12100000000000133,0.28000000000000086,0.8800000000000026,False
2022,Austrian Grand Prix,Race,PER,5,537,0.0,536.0,0.0,71.843,71.843,0.25933321783416563,4286.6320014969915,4286.372668279158,0,0,0,0,536,0.13800000000000168,0.28000000000000114,0.6779999999999973,False
2022,Austrian Grand Prix,Race,RIC,12,558,0.0,557.0,0.0,75.868,75.868,0.0038049030158848127,4216.18194214353,4216.178137240514,0,0,0,0,557,0.12100000000000222,0.28000000000000114,0.8800000000000026,False
2022,Austrian Grand Prix,Race,RUS,12,775,0.0,774.0,0.0,104.802,104.802,-7.665016738922503e-05,4294.4711121558685,4294.471188806036,0,0,0,0,774,0.13000000000000256,0.28000000000000114,0.8800000000000026,False
2022,Austrian Grand Prix,Race,SAI,10,529,0.0,528.0,0.0,70.853,70.853,0.05579378404356461,4284.248242497277,4284.192448713233,0,0,0,0,528,0.12950000000000017,0.2799999999999998,0.7999999999999998,False
2022,Austrian Grand Prix,Race,STR,12,535,0.0,534.0,0.0,72.475,72.475,0.07117202345128293,4284.8124444939085,4284.741272470457,0,0,0,0,534,0.12100000000000222,0.28000000000000114,0.8800000000000026,False
2022,Austrian Grand Prix,Race,TSU,12,536,0.0,535.0,0.0,72.484,72.484,0.4444444444444464,4286.030388382214,4285.58594393777,0,0,0,0,535,0.12100000000000932,0.28000000000000114,0.879999999999999,False
2022,Austrian Grand Prix,Race,VER,12,535,0.0,534.0,0.0,71.912,71.912,0.03527480862959978,4275.098408093403,4275.063133284773,0,0,0,0,534,0.121,0.2789999999999976,0.8800000000000026,False
2022,Austrian Grand Prix,Race,VET,12,542,0.0,541.0,0.0,72.546,72.546,0.055187471267508226,4261.610202595268,4261.555015124,0,0,0,0,541,0.12100000000000222,0.27999999999999403,0.8800000000000026,False
2022,Austrian Grand Prix,Race,ZHO,12,537,0.0,536.0,0.0,72.361,72.361,0.046651408422142104,4277.77171508334,4277.725063674918,0,0,0,0,536,0.12100000000000005,0.28000000000000114,0.8800000000000026,False
2022,Azerbaijan Grand Prix,Race,ALB,9,1002,0.0,1001.0,0.0,135.201,135.201,0.010581538373922283,5888.066663823792,5888.056082285418,0,0,0,0,1001,0.13100000000000023,0.26900000000000013,0.8200000000000003,False
2022,Azerbaijan Grand Prix,Race,ALO,9,951,0.0,950.0,0.0,128.218,128.218,-0.04070671088316957,5930.264163849991,5930.304870560874,0,0,0,0,950,0.13100000000000012,0.26900000000000546,0.8200000000000003,False
2022,Azerbaijan Grand Prix,Race,BOT,9,985,0.0,984.0,0.0,132.948,132.948,0.01835066066290031,5938.128441977246,5938.110091316584,0,0,0,0,984,0.13100000000000023,0.2690000000000047,0.8200000000000003,False
2022,Azerbaijan Grand Prix,Race,GAS,9,943,0.0,942.0,0.0,127.392,127.392,-0.02615064732394634,5915.135834557398,5915.161985204722,0,0,0,0,942,0.1290000000000049,0.2710000000000008,0.9710000000000001,False
2022,Azerbaijan Grand Prix,Race,HAM,9,962,0.0,961.0,0.0,129.357,129.357,-0.20229556053953957,5897.725265466578,5897.927561027118,0,0,0,0,961,0.1290000000000049,0.26900000000000546,0.8200000000000003,False
2022,Azerbaijan Grand Prix,Race,LAT,9,1061,0.0,1060.0,0.0,141.844,141.844,-0.02869203302613732,5925.996558797153,5926.025250830179,0,0,0,0,1060,0.13100000000000023,0.2604000000000038,0.9879999999999995,False
2022,Azerbaijan Grand Prix,Race,LEC,4,817,0.0,816.0,0.0,108.519,108.519,0.00711631851097283,5939.05458942459,5939.0474731060785,0,0,0,0,816,0.13000000000000256,0.27000000000001023,0.8200000000000003,False
2022,Azerbaijan Grand Prix,Race,MAG,6,845,0.0,844.0,0.0,111.111,111.111,0.058081224256894215,5919.712917407858,5919.654836183601,0,0,0,0,844,0.1299999999999999,0.2777999999999993,0.5500000000000114,False
2022,Azerbaijan Grand Prix,Race,MSC,9,1009,0.0,1008.0,0.0,136.935,136.935,-0.03623262970413332,5927.921671313927,5927.957903943631,0,0,0,0,1008,0.13100000000000023,0.2703000000000001,0.9879999999999995,False
2022,Azerbaijan Grand Prix,Race,NOR,9,956,0.0,955.0,0.0,128.764,128.764,-0.07751181723311662,5925.7610813995725,5925.838593216806,0,0,0,0,955,0.13100000000000023,0.26960000000000395,0.8200000000000003,False
2022,Azerbaijan Grand Prix,Race,OCO,9,972,0.0,971.0,0.0,130.946,130.946,0.00027345454289107174,5927.294333825317,5927.294060370774,0,0,0,0,971,0.13100000000000023,0.2690000000000028,0.8200000000000003,False
2022,Azerbaijan Grand Prix,Race,PER,9,868,0.0,867.0,0.0,114.999,114.999,-0.05584311148848631,5904.855989575884,5904.911832687373,0,0,0,0,867,0.12899999999999956,0.2710000000000008,0.9710000000000001,False
2022,Azerbaijan Grand Prix,Race,RIC,9,952,0.0,951.0,0.0,128.309,128.309,-0.07063846192732243,5921.293660872744,5921.364299334671,0,0,0,0,951,0.13100000000000023,0.26900000000000546,0.8199999999999932,False
2022,Azerbaijan Grand Prix,Race,RUS,9,929,0.0,928.0,0.0,124.78,124.78,-0.050667328999749905,5905.5922175126525,5905.642884841653,0,0,0,0,928,0.1290000000000049,0.2710000000000008,0.9710000000000001,False
2022,Azerbaijan Grand Prix,Race,SAI,2,821,0.0,820.0,0.0,109.312,109.312,0.053710210678065806,5951.552334585426,5951.498624374748,0,0,0,0,820,0.1290000000000049,0.28000000000000114,0.8100000000000023,False
2022,Azerbaijan Grand Prix,Race,STR,8,855,0.0,854.0,0.0,111.364,111.364,-0.0005490445656783915,5912.974275735157,5912.974824779722,0,0,0,0,854,0.12900000000000134,0.2710000000000008,0.9710000000000036,False
2022,Azerbaijan Grand Prix,Race,TSU,9,963,0.0,962.0,0.0,129.852,129.852,0.006480350887961624,5907.5374976698495,5907.531017318962,0,0,0,0,962,0.13099999999999656,0.26900000000000546,0.8200000000000003,False
2022,Azerbaijan Grand Prix,Race,VER,9,889,0.0,888.0,0.0,118.315,118.315,0.00015698718149970148,5904.985127368927,5904.984970381746,0,0,0,0,888,0.12900000000000134,0.2710000000000008,0.9710000000000001,False
2022,Azerbaijan Grand Prix,Race,VET,9,962,0.0,961.0,0.0,129.423,129.423,0.036066796703347226,5887.655552654557,5887.619485857854,0,0,0,0,961,0.1290000000000049,0.26900000000000546,0.8200000000000003,False
2022,Azerbaijan Grand Prix,Race,ZHO,4,846,0.0,845.0,0.0,111.837,111.837,-0.06383154241579092,5928.755350092102,5928.819181634518,0,0,0,0,845,0.13000000000000078,0.2700000000000088,0.8200000000000003,False
2022,Bahrain Grand Prix,Race,ALB,10,771,0.0,770.0,0.0,103.5,103.5,0.05044947385570486,5319.873171724057,5319.822722250201,0,0,0,0,770,0.12999999999999545,0.269999999999996,0.9899999999999949,False
2022,Bahrain Grand Prix,Race,ALO,10,762,0.0,761.0,0.0,101.873,101.873,0.13776424335603876,5353.256771126712,5353.119006883356,0,0,0,0,761,0.12999999999999545,0.2700000000000031,0.9800000000000004,False
2022,Bahrain Grand Prix,Race,BOT,10,759,0.0,758.0,0.0,100.788,100.788,0.23596446508615565,5352.085418908994,5351.849454443908,0,0,0,0,758,0.12999999999999545,0.269999999999996,0.9800000000000004,False
2022,Bahrain Grand Prix,Race,GAS,8,759,0.0,758.0,0.0,100.684,100.684,0.13950383618880435,5349.5827935932675,5349.443289757079,0,0,0,0,758,0.129999999999999,0.28000000000000114,0.4099999999999966,False
2022,Bahrain Grand Prix,Race,HAM,10,757,0.0,756.0,0.0,101.581,101.581,0.0550167414142142,5351.695840210889,5351.640823469475,0,0,0,0,756,0.129999999999999,0.270250000000007,0.9799999999999969,False
2022,Bahrain Grand Prix,Race,HUL,10,774,0.0,773.0,0.0,103.228,103.228,0.11015500454193328,5356.235151414768,5356.124996410225,0,0,0,0,773,0.12999999999999545,0.269999999999996,0.9900000000000091,False
2022,Bahrain Grand Prix,Race,LAT,10,769,0.0,768.0,0.0,102.678,102.678,0.07278299954523071,5345.887877702424,5345.815094702879,0,0,0,0,768,0.12999999999999723,0.27000000000000063,0.9899999999999949,False
2022,Bahrain Grand Prix,Race,LEC,10,728,0.0,727.0,0.0,99.123,99.123,0.22832718078557335,5354.054047649675,5353.82572046889,0,0,0,0,727,0.129999999999999,0.28000000000000014,0.980000000000004,False
2022,Bahrain Grand Prix,Race,MAG,10,748,0.0,747.0,0.0,101.195,101.195,0.0058759081125616675,5352.808913514267,5352.803037606154,0,0,0,0,747,0.12999999999999545,0.2710000000000008,0.9799999999999969,False
2022,Bahrain Grand Prix,Race,MSC,10,780,0.0,779.0,0.0,103.969,103.969,0.27281021685461404,5344.877480184578,5344.604669967724,0,0,0,0,779,0.12999999999999545,0.269999999999996,0.9900000000000091,False
2022,Bahrain Grand Prix,Race,NOR,10,774,0.0,773.0,0.0,103.42,103.42,0.06639469376963136,5353.252414389805,5353.186019696036,0,0,0,0,773,0.12999999999999545,0.269999999999996,0.9900000000000091,False
2022,Bahrain Grand Prix,Race,OCO,10,754,0.0,753.0,0.0,100.992,100.992,0.10353164423198313,5343.953684701108,5343.850153056876,0,0,0,0,753,0.12999999999999545,0.27000000000001023,0.980000000000004,False
2022,Bahrain Grand Prix,Race,PER,10,744,0.0,743.0,0.0,99.806,99.806,0.0904332324611592,5342.202499778844,5342.112066546383,0,0,0,0,743,0.12999999999999545,0.27089999999999853,0.9799999999999969,False
2022,Bahrain Grand Prix,Race,RIC,10,770,0.0,769.0,0.0,102.777,102.777,1.3532427389415815e-05,5338.111184559285,5338.111171026858,0,0,0,0,769,0.129999999999999,0.2700000000000003,0.9899999999999949,False
2022,Bahrain Grand Prix,Race,RUS,10,742,0.0,741.0,0.0,100.236,100.236,0.03608319351873979,5343.343213814752,5343.307130621233,0,0,0,0,741,0.12999999999999545,0.27099999999999724,0.9799999999999969,False
2022,Bahrain Grand Prix,Race,SAI,10,736,0.0,735.0,0.0,99.682,99.682,0.018213568921716675,5343.823476059995,5343.805262491073,0,0,0,0,735,0.13000000000000034,0.2737000000000002,0.9799999999999969,False
2022,Bahrain Grand Prix,Race,STR,10,768,0.0,767.0,0.0,102.35,102.35,0.15681483495929432,5335.872180056465,5335.715365221506,0,0,0,0,767,0.12999999999999545,0.269999999999996,0.9900000000000091,False
2022,Bahrain Grand Prix,Race,TSU,10,756,0.0,755.0,0.0,101.182,101.182,0.020304983855958803,5351.934470751731,5351.914165767876,0,0,0,0,755,0.129999999999999,0.27000000000001023,0.9800000000000004,False
2022,Bahrain Grand Prix,Race,VER,10,736,0.0,735.0,0.0,99.392,99.392,0.2584274373381201,5346.758885849766,5346.500458412427,0,0,0,0,735,0.13000000000000034,0.27999999999999986,0.980000000000004,False
2022,Bahrain Grand Prix,Race,ZHO,10,758,0.0,757.0,0.0,101.339,101.339,0.12087944635242528,5349.406490014208,5349.285610567856,0,0,0,0,757,0.12999999999999545,0.269999999999996,0.9800000000000004,False
2022,Belgian Grand Prix,Race,ALB,8,891,0.0,890.0,0.0,115.328,115.328,0.046340477814328374,6912.882829288452,6912.836488810637,0,0,0,0,890,0.1280000000000001,0.28000000000000075,0.509999999999998,False
2022,Belgian Grand Prix,Race,ALO,8,889,0.0,888.0,0.0,115.01,115.01,0.6019880779639872,6939.412751946357,6938.810763868393,0,0,0,0,888,0.1280000000000001,0.2799999999999999,0.509999999999998,False
2022,Belgian Grand Prix,Race,BOT,1,944,0.0,943.0,0.0,125.914,125.914,-0.04849514959632861,6921.785463338096,6921.833958487692,0,0,0,0,943,0.1290000000000049,0.2799999999999997,0.46,False
2022,Belgian Grand Prix,Race,GAS,8,904,0.0,903.0,0.0,117.112,117.112,0.4545459016888249,6918.830461714853,6918.375915813164,0,0,0,0,903,0.1290000000000049,0.27000000000001023,0.509999999999998,False
2022,Belgian Grand Prix,Race,HAM,1,857,0.0,856.0,0.0,114.173,114.173,-0.03584772552476973,5409.377930376392,5409.413778101917,0,0,0,0,856,0.12999999999999545,0.27099999999999946,0.46,False
2022,Belgian Grand Prix,Race,LAT,8,901,0.0,900.0,0.0,116.572,116.572,0.548753040104512,6913.722596715816,6913.173843675711,0,0,0,0,900,0.1290000000000049,0.27000000000000346,0.5100000000000051,False
2022,Belgian Grand Prix,Race,LEC,8,895,0.0,894.0,0.0,115.857,115.857,0.16129475192299225,6880.3822005484035,6880.22090579648,0,0,0,0,894,0.1290000000000049,0.27350000000000574,0.509999999999998,False
2022,Belgian Grand Prix,Race,MAG,8,901,0.0,900.0,0.0,116.73,116.73,0.2628964667802872,6922.693748946468,6922.430852479688,0,0,0,0,900,0.1290000000000031,0.2800000000000003,0.509999999999998,False
2022,Belgian Grand Prix,Race,MSC,8,902,0.0,901.0,0.0,116.686,116.686,0.03542419238956196,6926.3197414158385,6926.284317223449,0,0,0,0,901,0.1290000000000049,0.269999999999996,0.509999999999998,False
2022,Belgian Grand Prix,Race,NOR,8,897,0.0,896.0,0.0,116.433,116.433,0.38508298214562453,6902.194006335422,6901.808923353276,0,0,0,0,896,0.12899999999999867,0.27999999999999553,0.509999999999998,False
2022,Belgian Grand Prix,Race,OCO,8,890,0.0,889.0,0.0,115.347,115.347,0.023212472996740452,6913.8207775267165,6913.79756505372,0,0,0,0,889,0.1290000000000049,0.2799999999999975,0.5100000000000051,False
2022,Belgian Grand Prix,Race,PER,8,879,0.0,878.0,0.0,113.535,113.535,0.3087229601527053,6913.098217291496,6912.789494331344,0,0,0,0,878,0.1280000000000001,0.27999999999999947,0.5100000000000051,False
2022,Belgian Grand Prix,Race,RIC,8,893,0.0,892.0,0.0,115.551,115.551,0.27568555528161465,6924.449396816096,6924.173711260814,0,0,0,0,892,0.1280000000000001,0.28000000000000064,0.509999999999998,False
2022,Belgian Grand Prix,Race,RUS,8,890,0.0,889.0,0.0,114.854,114.854,0.5807668375724315,6919.070448263479,6918.489681425906,0,0,0,0,889,0.1280000000000001,0.28000000000000014,0.509999999999998,False
2022,Belgian Grand Prix,Race,SAI,8,882,0.0,881.0,0.0,114.08,114.08,0.017956137135921174,6925.343217781367,6925.3252616442305,0,0,0,0,881,0.1280000000000001,0.28000000000000025,0.509999999999998,False
2022,Belgian Grand Prix,Race,STR,8,891,0.0,890.0,0.0,115.305,115.305,0.15548468913208202,6914.951144617286,6914.795659928154,0,0,0,0,890,0.1284999999999954,0.28,0.5100000000000051,False
2022,Belgian Grand Prix,Race,TSU,8,903,0.0,902.0,0.0,116.983,116.983,0.10652344482244469,6936.778888888886,6936.672365444064,0,0,0,0,902,0.12899999999999867,0.27949999999998687,0.509999999999998,False
2022,Belgian Grand Prix,Race,VER,8,871,0.0,870.0,0.0,112.641,112.641,0.030415556480361608,6907.627271179588,6907.596855623108,0,0,0,0,870,0.12899999999999778,0.27999999999999936,0.509999999999998,False
2022,Belgian Grand Prix,Race,VET,8,890,0.0,889.0,0.0,114.967,114.967,0.41311025608742846,6920.228490379555,6919.815380123468,0,0,0,0,889,0.1280000000000001,0.28000000000000114,0.509999999999998,False
2022,Belgian Grand Prix,Race,ZHO,8,899,0.0,898.0,0.0,116.44,116.44,0.36530700567405994,6907.110843092609,6906.745536086934,0,0,0,0,898,0.12900000000000222,0.2799999999999949,0.5100000000000051,False
2022,British Grand Prix,Race,ALB,1,1060,0.0,1059.0,0.0,142.257,142.257,-0.1834957505755853,378.1107902578156,378.29428600839117,0,0,0,0,1059,0.139,0.27999999999999947,0.5990000000000038,False
2022,British Grand Prix,Race,ALO,9,726,0.0,725.0,0.0,94.799,94.799,0.26768648228669756,5803.925389983405,5803.657703501118,0,0,0,0,725,0.12400000000000233,0.28000000000000114,0.5600000000000023,False
2022,British Grand Prix,Race,BOT,4,734,0.0,733.0,0.0,97.106,97.106,0.11718287626546964,5823.397979579352,5823.280796703087,0,0,0,0,733,0.13600000000000279,0.277000000000001,0.4230000000000018,False
2022,British Grand Prix,Race,GAS,5,729,0.0,728.0,0.0,96.576,96.576,0.01227097479625315,5810.363173244609,5810.350902269813,0,0,0,0,728,0.1360000000000005,0.27830000000000027,0.35999999999999943,False
2022,British Grand Prix,Race,HAM,9,720,0.0,719.0,0.0,93.704,93.704,0.10765001189926382,5816.459424582379,5816.35177457048,0,0,0,0,719,0.12399999999999878,0.28000000000000114,0.5600000000000023,False
2022,British Grand Prix,Race,LAT,9,734,0.0,733.0,0.0,95.522,95.522,0.03455751842824363,5791.31595826127,5791.2814007428415,0,0,0,0,733,0.12400000000000233,0.28000000000000114,0.5599999999999881,False
2022,British Grand Prix,Race,LEC,9,725,0.0,724.0,0.0,93.509,93.509,0.8705294731893861,5805.568796432412,5804.698266959223,0,0,0,0,724,0.12399999999999523,0.28000000000000114,0.4000000000000057,False
2022,British Grand Prix,Race,MAG,9,734,0.0,733.0,0.0,95.443,95.443,0.34678722316564947,5796.4999303306995,5796.153143107534,0,0,0,0,733,0.12400000000000233,0.28000000000000114,0.5600000000000023,False
2022,British Grand Prix,Race,MSC,9,738,0.0,737.0,0.0,96.028,96.028,0.05432228873323014,5805.881405844955,5805.827083556222,0,0,0,0,737,0.12400000000000233,0.28000000000000114,0.5600000000000023,False
2022,British Grand Prix,Race,NOR,9,728,0.0,727.0,0.0,95.058,95.058,0.0686995300223403,5809.105145818014,5809.036446287992,0,0,0,0,727,0.12400000000000233,0.28000000000000114,0.5599999999999881,False
2022,British Grand Prix,Race,OCO,7,713,0.0,712.0,0.0,95.631,95.631,0.07434149089404629,5798.913106445153,5798.838764954259,0,0,0,0,712,0.13599999999999568,0.27599999999999625,0.3960000000000008,False
2022,British Grand Prix,Race,PER,9,711,0.0,710.0,0.0,93.362,93.362,0.29479744061839774,5804.125650743214,5803.830853302595,0,0,0,0,710,0.12400000000000233,0.28000000000000114,0.5600000000000023,False
2022,British Grand Prix,Race,RIC,9,734,0.0,733.0,0.0,95.37,95.37,0.0020909421819995527,5796.994069978117,5796.991979035935,0,0,0,0,733,0.12400000000000233,0.28000000000000114,0.5600000000000023,False
2022,British Grand Prix,Race,RUS,1,1060,0.0,1059.0,0.0,142.257,142.257,-0.0742930139901761,394.32069527496327,394.39498828895347,0,0,0,0,1059,0.139,0.27999999999999947,0.5990000000000038,False
2022,British Grand Prix,Race,SAI,9,723,0.0,722.0,0.0,93.575,93.575,0.35533277421262355,5805.904160696587,5805.548827922374,0,0,0,0,722,0.12399999999999523,0.28000000000000114,0.4000000000000057,False
2022,British Grand Prix,Race,STR,9,738,0.0,737.0,0.0,96.032,96.032,0.21374697648198593,5807.306433756302,5807.09268677982,0,0,0,0,737,0.12400000000000233,0.28000000000000114,0.5600000000000023,False
2022,British Grand Prix,Race,TSU,9,735,0.0,734.0,0.0,95.766,95.766,0.14640866017475718,5802.991451557561,5802.8450428973865,0,0,0,0,734,0.12400000000000055,0.28000000000000114,0.5600000000000023,False
2022,British Grand Prix,Race,VER,9,725,0.0,724.0,0.0,93.606,93.606,2.4168524967390215,5788.503745488145,5786.086892991406,0,0,0,0,724,0.12399999999999878,0.28000000000000114,0.4000000000000057,False
2022,British Grand Prix,Race,VET,9,724,0.0,723.0,0.0,95.178,95.178,0.1088613681601518,5820.465600888548,5820.356739520387,0,0,0,0,723,0.124,0.28000000000000114,0.5600000000000023,False
2022,British Grand Prix,Race,ZHO,1,1060,0.0,1059.0,0.0,142.257,142.257,-0.15159309529210638,337.76806115045594,337.91965424574806,0,0,0,0,1059,0.139,0.27999999999999947,0.5990000000000038,False
2022,Canadian Grand Prix,Race,ALB,12,621,0.0,620.0,0.0,79.472,79.472,0.0949829600076777,4304.260321919142,4304.165338959135,0,0,0,0,620,0.13400000000000034,0.2749999999999918,0.4000000000000057,False
2022,Canadian Grand Prix,Race,ALO,12,605,0.0,604.0,0.0,78.499,78.499,-0.011886446889678437,4304.842213123757,4304.854099570646,0,0,0,0,604,0.134999999999998,0.2658499999999986,0.3950000000000031,False
2022,Canadian Grand Prix,Race,BOT,12,618,0.0,617.0,0.0,79.355,79.355,0.011445728933871413,4309.079746918929,4309.0683011899955,0,0,0,0,617,0.13400000000000034,0.2749999999999929,0.3999999999999915,False
2022,Canadian Grand Prix,Race,GAS,12,617,0.0,616.0,0.0,78.675,78.675,0.21473571658873603,4317.473599421364,4317.258863704776,0,0,0,0,616,0.13399999999999856,0.26525,0.3999999999999986,False
2022,Canadian Grand Prix,Race,HAM,12,609,0.0,608.0,0.0,78.187,78.187,0.1794320886766509,4293.385073775195,4293.205641686519,0,0,0,0,608,0.13400000000000034,0.2666500000000015,0.3950000000000031,False
2022,Canadian Grand Prix,Race,LAT,12,624,0.0,623.0,0.0,79.765,79.765,0.1022271380599471,4309.87839613485,4309.77616899679,0,0,0,0,623,0.13400000000000034,0.27409999999999907,0.3999999999999986,False
2022,Canadian Grand Prix,Race,LEC,12,616,0.0,615.0,0.0,79.245,79.245,0.021541352707700634,4298.354108843593,4298.332567490886,0,0,0,0,615,0.13400000000000034,0.2750000000000007,0.4000000000000057,False
2022,Canadian Grand Prix,Race,MAG,12,617,0.0,616.0,0.0,78.458,78.458,-0.002821687357861258,4312.404956927337,4312.4077786146945,0,0,0,0,616,0.13000000000000234,0.2682499999999983,0.3999999999999986,False
2022,Canadian Grand Prix,Race,MSC,4,605,0.0,604.0,0.0,79.195,79.195,0.06624758200410907,4311.497595794552,4311.431348212547,0,0,0,0,604,0.1280000000000001,0.2530000000000001,0.4000000000000057,False
2022,Canadian Grand Prix,Race,NOR,12,619,0.0,618.0,0.0,79.465,79.465,0.028739446048433925,4304.424873834747,4304.396134388699,0,0,0,0,618,0.13400000000000034,0.27499999999999963,0.4000000000000057,False
2022,Canadian Grand Prix,Race,OCO,12,621,0.0,620.0,0.0,79.847,79.847,0.0971361015884531,4312.162468390567,4312.065332288978,0,0,0,0,620,0.13449999999999562,0.2750000000000057,0.3949999999999996,False
2022,Canadian Grand Prix,Race,PER,2,620,0.0,619.0,0.0,81.239,81.239,0.22686017318063484,4303.694979724902,4303.468119551721,0,0,0,0,619,0.13100000000000023,0.2528000000000086,1.1609999999999978,False
2022,Canadian Grand Prix,Race,RIC,12,621,0.0,620.0,0.0,79.601,79.601,0.0073918637273420185,4309.7220369134975,4309.71464504977,0,0,0,0,620,0.13449999999999562,0.2749999999999915,0.3999999999999915,False
2022,Canadian Grand Prix,Race,RUS,12,608,0.0,607.0,0.0,78.261,78.261,0.21572298573009618,4306.55083262733,4306.3351096416,0,0,0,0,607,0.1349999999999998,0.2656999999999937,0.394999999999996,False
2022,Canadian Grand Prix,Race,SAI,12,600,0.0,599.0,0.0,77.48,77.48,0.24031199172207515,4308.765198299439,4308.524886307718,0,0,0,0,599,0.13400000000000034,0.2660999999999984,0.3950000000000031,False
2022,Canadian Grand Prix,Race,STR,12,620,0.0,619.0,0.0,79.815,79.815,0.0072616972623921194,4303.809795778022,4303.80253408076,0,0,0,0,619,0.1349999999999909,0.27540000000000486,0.3999999999999915,False
2022,Canadian Grand Prix,Race,TSU,8,590,0.0,589.0,0.0,79.348,79.348,0.04295176754068741,4299.789289459475,4299.746337691934,0,0,0,0,589,0.13400000000000034,0.2740000000000009,0.8790000000000013,False
2022,Canadian Grand Prix,Race,VER,12,597,0.0,596.0,0.0,77.37,77.37,0.10556930812648435,4311.721444062586,4311.61587475446,0,0,0,0,596,0.13499999999999446,0.26899999999999746,0.3950000000000031,False
2022,Canadian Grand Prix,Race,VET,12,618,0.0,617.0,0.0,78.691,78.691,0.022394657192207124,4310.670654169471,4310.648259512279,0,0,0,0,617,0.13400000000000034,0.2659999999999997,0.3999999999999986,False
2022,Canadian Grand Prix,Race,ZHO,12,621,0.0,620.0,0.0,79.642,79.642,-0.011596311848182661,4306.581749977252,4306.5933462891,0,0,0,0,620,0.13400000000000034,0.2749999999999915,0.4000000000000057,False
2022,Dutch Grand Prix,Race,ALB,13,600,0.0,599.0,0.0,78.095,78.095,0.009363657273148585,4223.48561114887,4223.476247491597,0,0,0,0,599,0.12700000000000955,0.2600000000000005,0.7600000000000016,False
2022,Dutch Grand Prix,Race,ALO,13,739,0.0,738.0,0.0,96.116,96.116,1.0637959227451782e-06,4221.107794407422,4221.107793343626,0,0,0,0,738,0.12700000000000156,0.2610500000000041,0.833,False
2022,Dutch Grand Prix,Race,BOT,10,585,0.0,584.0,0.0,78.35,78.35,-0.0006996352594303423,4207.634820005003,4207.635519640263,0,0,0,0,584,0.1319999999999979,0.272000000000005,1.0519999999999996,False
2022,Dutch Grand Prix,Race,GAS,13,606,0.0,605.0,0.0,77.281,77.281,-9.253317948255783e-05,4221.875612020094,4221.875704553274,0,0,0,0,605,0.1269999999999989,0.2585999999999981,0.7600000000000007,False
2022,Dutch Grand Prix,Race,HAM,13,586,0.0,585.0,0.0,76.887,76.887,0.03159386485966231,4219.1065265855395,4219.0749327206795,0,0,0,0,585,0.12700000000000244,0.2730000000000018,0.8329999999999984,False
2022,Dutch Grand Prix,Race,LAT,12,599,0.0,598.0,0.0,79.317,79.317,0.02399878721860471,4224.352398385632,4224.328399598414,0,0,0,0,598,0.13299999999999557,0.2729999999999997,0.8329999999999984,False
2022,Dutch Grand Prix,Race,LEC,13,583,0.0,582.0,0.0,76.813,76.813,0.0021921041995351907,4219.297241552485,4219.295049448285,0,0,0,0,582,0.12700000000000244,0.27179999999999155,0.833000000000002,False
2022,Dutch Grand Prix,Race,MAG,13,615,0.0,614.0,0.0,78.504,78.504,-0.0030403833606998942,4223.351489836483,4223.354530219844,0,0,0,0,614,0.1269999999999989,0.2530000000000001,0.7600000000000016,False
2022,Dutch Grand Prix,Race,MSC,13,619,0.0,618.0,0.0,81.444,81.444,0.006571133115204408,4210.086943195846,4210.080372062731,0,0,0,0,618,0.12700000000000244,0.26699999999999957,0.8330000000000002,False
2022,Dutch Grand Prix,Race,NOR,13,592,0.0,591.0,0.0,77.603,77.603,0.1497321842038306,4219.827971811524,4219.67823962732,0,0,0,0,591,0.12700000000000244,0.2699999999999996,0.8330000000000002,False
2022,Dutch Grand Prix,Race,OCO,13,598,0.0,597.0,0.0,78.095,78.095,0.03477961332060575,4230.729019863051,4230.69424024973,0,0,0,0,597,0.12700000000000244,0.2669999999999998,0.8330000000000002,False
2022,Dutch Grand Prix,Race,PER,13,591,0.0,590.0,0.0,77.499,77.499,0.0026058621320455156,4225.976484049955,4225.973878187822,0,0,0,0,590,0.12700000000000244,0.2702000000000009,0.833000000000002,False
2022,Dutch Grand Prix,Race,RIC,13,616,0.0,615.0,0.0,78.079,78.079,-0.00910671937067753,4228.345265022812,4228.354371742183,0,0,0,0,615,0.12699999999999534,0.2669999999999959,0.7599999999999999,False
2022,Dutch Grand Prix,Race,RUS,13,587,0.0,586.0,0.0,76.939,76.939,0.00807233204717761,4217.598405683297,4217.59033335125,0,0,0,0,586,0.12700000000000244,0.270999999999999,0.833000000000002,False
2022,Dutch Grand Prix,Race,SAI,13,587,0.0,586.0,0.0,77.088,77.088,0.056762682070360615,4222.816095339266,4222.759332657196,0,0,0,0,586,0.12700000000000244,0.2727499999999967,0.8329999999999984,False
2022,Dutch Grand Prix,Race,STR,13,594,0.0,593.0,0.0,77.843,77.843,0.046378393991492614,4219.682247287293,4219.635868893301,0,0,0,0,593,0.12700000000000244,0.2673999999999999,0.8330000000000002,False
2022,Dutch Grand Prix,Race,TSU,8,574,0.0,573.0,0.0,78.087,78.087,0.027216710708594945,4217.825245952741,4217.7980292420325,0,0,0,0,573,0.132000000000005,0.28320000000000045,1.1720000000000113,False
2022,Dutch Grand Prix,Race,VER,13,582,0.0,581.0,0.0,76.521,76.521,0.011245517491740742,4222.726224747274,4222.714979229781,0,0,0,0,581,0.12700000000000244,0.267000000000003,0.833000000000002,False
2022,Dutch Grand Prix,Race,VET,13,615,0.0,614.0,0.0,78.168,78.168,-0.003201863821015838,4224.707411136449,4224.71061300027,0,0,0,0,614,0.12699999999999534,0.2624499999999974,0.7600000000000002,False
2022,Dutch Grand Prix,Race,ZHO,13,748,0.0,747.0,0.0,96.272,96.272,2.6992967166489246e-05,4213.3361087359535,4213.336081742987,0,0,0,0,747,0.12699999999999978,0.2600000000000051,0.759999999999998,False
2022,Emilia Romagna Grand Prix,Race,ALB,11,718,0.0,717.0,0.0,93.504,93.504,0.047643428738425087,4847.227931896307,4847.180288467569,0,0,0,0,717,0.13299999999999557,0.25999999999999834,0.9609999999999985,False
2022,Emilia Romagna Grand Prix,Race,ALO,2,1133,0.0,1132.0,0.0,146.369,146.369,0.6694776305105463,4869.756305955285,4869.086828324775,0,0,0,0,1132,0.1349999999999909,0.2613499999999989,1.0,False
2022,Emilia Romagna Grand Prix,Race,BOT,11,707,0.0,706.0,0.0,91.75,91.75,0.04049320381833854,4860.350008826016,4860.309515622198,0,0,0,0,706,0.13299999999999557,0.2600000000000051,0.8670000000000044,False
2022,Emilia Romagna Grand Prix,Race,GAS,11,715,0.0,714.0,0.0,93.303,93.303,-0.0024195395412982545,4847.36962971311,4847.372049252652,0,0,0,0,714,0.13299999999999734,0.259999999999998,0.9609999999999985,False
2022,Emilia Romagna Grand Prix,Race,HAM,11,703,0.0,702.0,0.0,92.611,92.611,0.00808068641299764,4847.978910317044,4847.970829630631,0,0,0,0,702,0.13299999999999557,0.26094999999999946,0.9609999999999985,False
2022,Emilia Romagna Grand Prix,Race,LAT,11,725,0.0,724.0,0.0,94.39,94.39,0.03530775052971924,4843.32914249326,4843.293834742731,0,0,0,0,724,0.13299999999999557,0.2599999999999909,0.9609999999999985,False
2022,Emilia Romagna Grand Prix,Race,LEC,11,709,0.0,708.0,0.0,91.235,91.235,0.01596894701079999,4860.015066166123,4859.999097219112,0,0,0,0,708,0.12750000000000483,0.26000000000000034,0.8670000000000044,False
2022,Emilia Romagna Grand Prix,Race,MAG,11,717,0.0,716.0,0.0,93.122,93.122,0.02993439194441533,4859.09628670657,4859.066352314626,0,0,0,0,716,0.13299999999999557,0.26025000000000365,0.8669999999999902,False
2022,Emilia Romagna Grand Prix,Race,MSC,11,723,0.0,722.0,0.0,94.265,94.265,0.024287800752566646,4850.795492813528,4850.771205012775,0,0,0,0,722,0.13299999999999557,0.259999999999998,0.9609999999999985,False
2022,Emilia Romagna Grand Prix,Race,NOR,11,716,0.0,715.0,0.0,92.637,92.637,0.044989834615305924,4865.89530337719,4865.850313542575,0,0,0,0,715,0.1319999999999979,0.25999999999999357,0.8669999999999902,False
2022,Emilia Romagna Grand Prix,Race,OCO,11,707,0.0,706.0,0.0,92.578,92.578,0.03927402371383071,4853.024198853503,4852.984924829789,0,0,0,0,706,0.13299999999999734,0.2600000000000051,0.9609999999999985,False
2022,Emilia Romagna Grand Prix,Race,PER,11,708,0.0,707.0,0.0,91.029,91.029,0.1439483333635465,4841.3076462038725,4841.163697870509,0,0,0,0,707,0.12700000000000955,0.259999999999998,0.8670000000000044,False
2022,Emilia Romagna Grand Prix,Race,RIC,11,724,0.0,723.0,0.0,94.496,94.496,0.03359109071357569,4857.502802105391,4857.469211014678,0,0,0,0,723,0.13299999999999557,0.26000000000000456,0.9609999999999985,False
2022,Emilia Romagna Grand Prix,Race,RUS,11,718,0.0,717.0,0.0,93.065,93.065,0.5282418422984473,4854.340519507363,4853.812277665064,0,0,0,0,717,0.13299999999999557,0.2602000000000046,0.8670000000000044,False
2022,Emilia Romagna Grand Prix,Race,SAI,1,862,0.0,861.0,0.0,111.54,111.54,-0.023428072352460267,782.1157955573317,782.1392236296841,0,0,0,0,861,0.13000000000000256,0.269999999999996,0.44899999999999807,False
2022,Emilia Romagna Grand Prix,Race,STR,11,704,0.0,703.0,0.0,92.498,92.498,0.135996127775996,4849.994648283562,4849.858652155786,0,0,0,0,703,0.1319999999999979,0.26000000000000145,0.9610000000000127,False
2022,Emilia Romagna Grand Prix,Race,TSU,11,706,0.0,705.0,0.0,92.718,92.718,0.04093360472950536,4872.718397424903,4872.677463820173,0,0,0,0,705,0.13299999999999557,0.259999999999998,0.9609999999999985,False
2022,Emilia Romagna Grand Prix,Race,VER,11,705,0.0,704.0,0.0,90.339,90.339,0.17214750407604162,4850.681169781748,4850.509022277673,0,0,0,0,704,0.12700000000000244,0.25999999999999696,0.8670000000000044,False
2022,Emilia Romagna Grand Prix,Race,VET,11,700,0.0,699.0,0.0,92.355,92.355,0.0359377886268743,4856.631808868581,4856.595871079954,0,0,0,0,699,0.13299999999999557,0.26010000000000455,0.9610000000000127,False
2022,Emilia Romagna Grand Prix,Race,ZHO,11,720,0.0,719.0,0.0,93.7,93.7,0.42763983324573696,4860.251339801369,4859.823699968123,0,0,0,0,719,0.13299999999999557,0.2599999999999982,0.9609999999999985,False
2022,French Grand Prix,Race,ALB,9,775,0.0,774.0,0.0,100.265,100.265,-0.0021357092096512334,5742.584789699033,5742.586925408243,0,0,0,0,774,0.121,0.2789999999999976,0.5390000000000015,False
2022,French Grand Prix,Race,ALO,9,768,0.0,767.0,0.0,99.926,99.926,-0.024730989518748858,5754.428435465551,5754.45316645507,0,0,0,0,767,0.12099999999999866,0.27899999999999636,0.6200000000000001,False
2022,French Grand Prix,Race,BOT,9,781,0.0,780.0,0.0,100.952,100.952,0.04022513278845663,5748.177733061408,5748.137507928619,0,0,0,0,780,0.12099999999999866,0.2789999999999999,0.5390000000000015,False
2022,French Grand Prix,Race,GAS,9,781,0.0,780.0,0.0,100.73,100.73,0.0025702135339797285,5759.454078984718,5759.451508771184,0,0,0,0,780,0.12099999999999689,0.2619000000000018,0.5390000000000015,False
2022,French Grand Prix,Race,HAM,9,759,0.0,758.0,0.0,99.031,99.031,0.22124245281914212,5757.4943739890705,5757.273131536252,0,0,0,0,758,0.12100000000000222,0.28000000000000036,0.6199999999999992,False
2022,French Grand Prix,Race,LAT,7,742,0.0,741.0,0.0,101.028,101.028,-0.07911167280627929,5743.3906845686615,5743.4697962414675,0,0,0,0,741,0.14000000000000057,0.2799999999999976,0.46000000000000796,False
2022,French Grand Prix,Race,LEC,4,732,0.0,731.0,0.0,98.088,98.088,0.02685663827364504,5753.631969390726,5753.605112752452,0,0,0,0,731,0.1389999999999958,0.2799999999999985,1.0,False
2022,French Grand Prix,Race,MAG,7,742,0.0,741.0,0.0,100.799,100.799,0.026118214485274294,5739.875340823819,5739.849222609334,0,0,0,0,741,0.14000000000000057,0.27999999999999936,0.45999999999999375,False
2022,French Grand Prix,Race,MSC,9,931,0.0,930.0,0.0,120.834,120.834,-0.07240594943621304,5641.103333333336,5641.175739282772,0,0,0,0,930,0.12100000000000222,0.2708999999999984,0.5390000000000015,False
2022,French Grand Prix,Race,NOR,9,776,0.0,775.0,0.0,100.026,100.026,0.008393896951556012,5749.384528103564,5749.376134206612,0,0,0,0,775,0.12099999999999866,0.2664,0.5390000000000015,False
2022,French Grand Prix,Race,OCO,9,780,0.0,779.0,0.0,100.671,100.671,-0.03928900546190217,5743.983023884315,5744.022312889777,0,0,0,0,779,0.12099999999999511,0.2789999999999967,0.5390000000000015,False
2022,French Grand Prix,Race,PER,9,766,0.0,765.0,0.0,99.681,99.681,0.1597337792231155,5739.638840186433,5739.479106407211,0,0,0,0,765,0.12100000000000044,0.2797999999999987,0.6200000000000001,False
2022,French Grand Prix,Race,RIC,9,780,0.0,779.0,0.0,100.415,100.415,0.11567981619284673,5745.7696946540655,5745.654014837873,0,0,0,0,779,0.12099999999999511,0.26280000000000053,0.5389999999999873,False
2022,French Grand Prix,Race,RUS,9,762,0.0,761.0,0.0,99.212,99.212,-0.08503774125452179,5736.980135766202,5737.065173507456,0,0,0,0,761,0.12100000000000044,0.27900000000000347,0.6200000000000001,False
2022,French Grand Prix,Race,SAI,9,777,0.0,776.0,0.0,100.24,100.24,-0.00013935459416769547,5746.879020312599,5746.879159667194,0,0,0,0,776,0.12099999999999511,0.27899999999999725,0.5390000000000015,False
2022,French Grand Prix,Race,STR,9,779,0.0,778.0,0.0,100.599,100.599,0.182431725971417,5741.6724932742745,5741.490061548303,0,0,0,0,778,0.12099999999999866,0.27900000000000047,0.5390000000000015,False
2022,French Grand Prix,Race,TSU,4,731,0.0,730.0,0.0,100.216,100.216,-0.0009182068398539411,5777.040794043118,5777.0417122499575,0,0,0,0,730,0.1389999999999958,0.28,1.2210000000000036,False
2022,French Grand Prix,Race,VER,9,762,0.0,761.0,0.0,99.13,99.13,0.0067223318788967035,5748.389237797119,5748.3825154652395,0,0,0,0,761,0.12099999999999866,0.27900000000000347,0.620000000000001,False
2022,French Grand Prix,Race,VET,9,779,0.0,778.0,0.0,100.562,100.562,0.1470791643598819,5746.874044493461,5746.726965329101,0,0,0,0,778,0.12100000000000022,0.27900000000000347,0.5390000000000015,False
2022,French Grand Prix,Race,ZHO,9,932,0.0,931.0,0.0,121.165,121.165,0.062283509995603836,5622.727330934809,5622.665047424814,0,0,0,0,931,0.12100000000000932,0.2789999999999999,0.5390000000000015,False
2022,Hungarian Grand Prix,Race,ALB,12,636,0.0,635.0,0.0,85.3,85.3,0.0438493006124574,4326.020352905926,4325.976503605314,0,0,0,0,635,0.13700000000000045,0.27999999999999864,1.1610000000000014,False
2022,Hungarian Grand Prix,Race,ALO,12,637,0.0,636.0,0.0,84.98,84.98,0.18595453309506205,4352.272987682463,4352.087033149368,0,0,0,0,636,0.13799999999999812,0.28000000000000114,0.9609999999999985,False
2022,Hungarian Grand Prix,Race,BOT,12,648,0.0,647.0,0.0,86.37,86.37,0.13284616687421602,4328.74765822407,4328.614812057195,0,0,0,0,647,0.13799999999999812,0.28069999999999945,0.9610000000000021,False
2022,Hungarian Grand Prix,Race,GAS,12,652,0.0,651.0,0.0,86.083,86.083,0.5764309370485255,4334.482250101613,4333.9058191645645,0,0,0,0,651,0.12199999999999989,0.2799999999999976,0.9610000000000003,False
2022,Hungarian Grand Prix,Race,HAM,12,630,0.0,629.0,0.0,83.827,83.827,0.2506721887172776,4313.957947352352,4313.707275163634,0,0,0,0,629,0.1379999999999999,0.2792000000000009,0.9609999999999985,False
2022,Hungarian Grand Prix,Race,LAT,12,652,0.0,651.0,0.0,86.321,86.321,0.2339131320699577,4351.969459538995,4351.735546406925,0,0,0,0,651,0.12200000000000699,0.27999999999999936,0.9610000000000003,False
2022,Hungarian Grand Prix,Race,LEC,12,630,0.0,629.0,0.0,84.077,84.077,0.01948258175546802,4331.333604032301,4331.314121450546,0,0,0,0,629,0.13799999999999812,0.2805999999999955,0.9610000000000056,False
2022,Hungarian Grand Prix,Race,MAG,12,638,0.0,637.0,0.0,85.349,85.349,0.2486852644943638,4340.3435132213735,4340.094827956879,0,0,0,0,637,0.13799999999999102,0.27820000000000383,1.1610000000000014,False
2022,Hungarian Grand Prix,Race,MSC,12,646,0.0,645.0,0.0,86.237,86.237,0.18972928327116323,4329.348546248176,4329.158816964905,0,0,0,0,645,0.13799999999999812,0.2807999999999992,0.9609999999999985,False
2022,Hungarian Grand Prix,Race,NOR,12,660,0.0,659.0,0.0,87.788,87.788,0.11817053811670367,4333.768434036743,4333.650263498626,0,0,0,0,659,0.13799999999999812,0.2799999999999995,0.9609999999999985,False
2022,Hungarian Grand Prix,Race,OCO,12,641,0.0,640.0,0.0,85.335,85.335,0.13200696542409096,4344.926722895999,4344.794715930575,0,0,0,0,640,0.13799999999999457,0.28000000000000114,0.9610000000000021,False
2022,Hungarian Grand Prix,Race,PER,12,639,0.0,638.0,0.0,84.784,84.784,0.3129244661984134,4324.004091176727,4323.691166710529,0,0,0,0,638,0.13799999999999102,0.28000000000000114,0.9609999999999985,False
2022,Hungarian Grand Prix,Race,RIC,12,642,0.0,641.0,0.0,85.825,85.825,0.32587803402376536,4338.664005971609,4338.338127937585,0,0,0,0,641,0.13799999999999812,0.2809999999999988,0.9610000000000021,False
2022,Hungarian Grand Prix,Race,RUS,12,634,0.0,633.0,0.0,84.199,84.199,0.05524743768109186,4326.580823311388,4326.525575873707,0,0,0,0,633,0.13799999999999812,0.28000000000000114,0.9609999999999985,False
2022,Hungarian Grand Prix,Race,SAI,12,631,0.0,630.0,0.0,84.31,84.31,0.03172145463127568,4339.654179149449,4339.622457694818,0,0,0,0,630,0.13799999999999812,0.28000000000000114,0.9609999999999985,False
2022,Hungarian Grand Prix,Race,STR,12,648,0.0,647.0,0.0,86.322,86.322,-0.029550404583416512,4315.4321446734275,4315.461695078011,0,0,0,0,647,0.13700000000000045,0.28000000000000114,0.9610000000000021,False
2022,Hungarian Grand Prix,Race,TSU,12,655,0.0,654.0,0.0,86.629,86.629,0.08365219614633057,4329.273201932524,4329.189549736378,0,0,0,0,654,0.12950000000000017,0.28000000000000036,0.9610000000000021,False
2022,Hungarian Grand Prix,Race,VER,12,636,0.0,635.0,0.0,84.605,84.605,0.01361393200666848,4328.686246875086,4328.672632943079,0,0,0,0,635,0.1379999999999999,0.28000000000000114,0.9609999999999985,False
2022,Hungarian Grand Prix,Race,VET,12,647,0.0,646.0,0.0,86.083,86.083,0.9178099843797263,4319.110713480627,4318.192903496248,0,0,0,0,646,0.13700000000000045,0.28000000000000114,0.9609999999999985,False
2022,Hungarian Grand Prix,Race,ZHO,12,654,0.0,653.0,0.0,86.533,86.533,0.08818049030651542,4297.591260470451,4297.503079980144,0,0,0,0,653,0.134,0.28000000000000047,0.9610000000000021,False
2022,Italian Grand Prix,Race,ALO,6,642,0.0,641.0,0.0,87.446,87.446,0.009449506836349153,5727.638603782392,5727.629154275556,0,0,0,0,641,0.1390000000000029,0.2789999999999999,1.019999999999996,False
2022,Italian Grand Prix,Race,BOT,9,666,0.0,665.0,0.0,88.987,88.987,0.10952099190006104,5739.179764094372,5739.070243102472,0,0,0,0,665,0.13999999999999968,0.2600000000000051,0.8810000000000002,False
2022,Italian Grand Prix,Race,DEV,9,662,0.0,661.0,0.0,88.071,88.071,0.07156392423864189,5725.358253432298,5725.286689508059,0,0,0,0,661,0.12099999999999511,0.2799999999999976,0.8810000000000002,False
2022,Italian Grand Prix,Race,GAS,9,657,0.0,656.0,0.0,87.534,87.534,0.1508715901008768,5738.747701742965,5738.596830152864,0,0,0,0,656,0.12100000000000222,0.2800000000000003,0.8810000000000002,False
2022,Italian Grand Prix,Race,HAM,9,654,0.0,653.0,0.0,86.724,86.724,0.1078319155054901,5745.867569488069,5745.759737572564,0,0,0,0,653,0.1389999999999958,0.2676000000000026,0.8810000000000002,False
2022,Italian Grand Prix,Race,LAT,9,663,0.0,662.0,0.0,88.305,88.305,0.05146508542493944,5724.789245799787,5724.737780714362,0,0,0,0,662,0.1389999999999979,0.2600000000000051,0.8810000000000002,False
2022,Italian Grand Prix,Race,LEC,9,638,0.0,637.0,0.0,86.092,86.092,0.05484021813920603,5743.06117809485,5743.006337876711,0,0,0,0,637,0.13899999999999935,0.28000000000000114,0.8810000000000002,False
2022,Italian Grand Prix,Race,MAG,9,667,0.0,666.0,0.0,88.644,88.644,0.0033600296230088013,5746.397835936484,5746.394475906861,0,0,0,0,666,0.1389999999999978,0.2742500000000012,0.8810000000000002,False
2022,Italian Grand Prix,Race,MSC,9,665,0.0,664.0,0.0,88.693,88.693,0.04714606579386782,5735.88478877549,5735.837642709696,0,0,0,0,664,0.13999999999998636,0.2600000000000051,0.8810000000000002,False
2022,Italian Grand Prix,Race,NOR,9,655,0.0,654.0,0.0,87.295,87.295,0.08507250564335012,5733.286225272255,5733.201152766612,0,0,0,0,654,0.12100000000000222,0.2799999999999988,0.8810000000000002,False
2022,Italian Grand Prix,Race,OCO,9,665,0.0,664.0,0.0,87.876,87.876,-0.027312440540936844,5739.213862591461,5739.2411750320025,0,0,0,0,664,0.12100000000000222,0.2776500000000001,0.8810000000000002,False
2022,Italian Grand Prix,Race,PER,9,658,0.0,657.0,0.0,87.176,87.176,0.13887494277065127,5752.078397605482,5751.939522662711,0,0,0,0,657,0.1399999999999988,0.26000000000000156,0.8810000000000002,False
2022,Italian Grand Prix,Race,RIC,8,632,0.0,631.0,0.0,87.266,87.266,0.10897740536162814,5734.7629896239905,5734.654012218629,0,0,0,0,631,0.14000000000000057,0.27999999999999226,1.0600000000000005,False
2022,Italian Grand Prix,Race,RUS,9,645,0.0,644.0,0.0,86.404,86.404,0.043212520849895686,5747.370218865757,5747.327006344907,0,0,0,0,644,0.12100000000000222,0.28000000000000114,0.8810000000000002,False
2022,Italian Grand Prix,Race,SAI,9,652,0.0,651.0,0.0,86.94,86.94,0.035827936752732104,5737.373767841079,5737.337939904326,0,0,0,0,651,0.12100000000000222,0.28000000000000114,0.8810000000000002,False
2022,Italian Grand Prix,Race,STR,7,659,0.0,658.0,0.0,87.694,87.694,0.0277124419215653,5740.392683499893,5740.364971057971,0,0,0,0,658,0.1389999999999958,0.26015000000000366,0.9190000000000005,False
2022,Italian Grand Prix,Race,TSU,9,661,0.0,660.0,0.0,87.578,87.578,0.023777915722606124,5746.1452475507285,5746.121469635006,0,0,0,0,660,0.13000000000000256,0.2789999999999999,0.8810000000000002,False
2022,Italian Grand Prix,Race,VER,9,638,0.0,637.0,0.0,85.886,85.886,0.03259601687350433,5748.90858253121,5748.875986514337,0,0,0,0,637,0.12100000000000932,0.28000000000000114,0.8810000000000002,False
2022,Italian Grand Prix,Race,VET,2,690,0.0,689.0,0.0,89.616,89.616,0.3864913041890943,5756.710433514057,5756.323942209868,0,0,0,0,689,0.13799999999999812,0.2609999999999957,0.7419999999999902,False
2022,Italian Grand Prix,Race,ZHO,9,662,0.0,661.0,0.0,87.651,87.651,0.07688421538441048,5753.867659342431,5753.790775127046,0,0,0,0,661,0.12099999999999955,0.2789999999999999,0.8810000000000002,False
2022,Japanese Grand Prix,Race,ALB,1,915,0.0,914.0,0.0,122.274,122.274,-0.029016257603807986,3325.1613723879627,3325.1903886455666,0,0,0,0,914,0.14000000000000057,0.26099999999999723,0.8009999999999948,False
2022,Japanese Grand Prix,Race,ALO,5,1315,0.0,1314.0,0.0,173.983,173.983,-0.13244796302428297,5790.723033848258,5790.855481811282,0,0,0,0,1314,0.12300000000001177,0.2800000000000006,0.9770000000000039,False
2022,Japanese Grand Prix,Race,BOT,5,1293,0.0,1292.0,0.0,171.609,171.609,0.0,0.0,0.0,0,0,0,0,1292,0.12300000000001887,0.28000000000000114,0.9769999999999968,False
2022,Japanese Grand Prix,Race,GAS,5,1223,0.0,1222.0,0.0,162.652,162.652,0.0949242020526948,5753.971178528465,5753.876254326413,0,0,0,0,1222,0.12399999999999523,0.28000000000000114,0.9769999999999968,False
2022,Japanese Grand Prix,Race,HAM,5,1333,0.0,1332.0,0.0,176.079,176.079,0.10883745843055348,5802.318157156502,5802.209319698071,0,0,0,0,1332,0.12300000000000466,0.2794499999999973,0.9770000000000039,False
2022,Japanese Grand Prix,Race,LAT,5,1295,0.0,1294.0,0.0,171.484,171.484,0.16109547269837132,5729.025024495017,5728.863929022318,0,0,0,0,1294,0.12350000000000705,0.28000000000000114,0.9770000000000039,False
